time,phi_center,pi_center,total_energy,core_energy,mean_r2,core_rms_radius
0.0,1.2026096977293492,0.0,36.05701864941196,36.05691988439436,8.02521484942961,2.8328810157557993
0.02,1.2025366135334359,-0.007310469106460196,36.05701906234922,36.05692016821289,8.024282729520978,2.8327164929658912
0.04,1.2023171125707426,-0.01464582411705229,36.057020299799454,36.056921018009795,8.0214875386583,2.8322230736046023
0.06,1.2019504500665013,-0.022030791328763153,36.057022357683586,36.05692242881446,8.016832783153856,2.8314012049078907
0.08,1.2014353849313013,-0.029490198869282714,36.0570252292213,36.056924392360365,8.010324305932485,2.830251632970554
0.1,1.200770179461801,-0.03704894888615938,36.05702890495831,36.05692689711181,8.0019702851226,2.8287754037962434
0.12000000000000001,1.1999525995317049,-0.04473180899883669,36.0570333728043,36.056929928301216,7.991781232052459,2.826973864762895
0.14,1.1989799149296514,-0.052563544963151146,36.05703861808149,36.0569334679767,7.979769988620714,2.8248486664989176
0.16,1.1978488993318064,-0.06056901829601775,36.05704462358345,36.056937495060055,7.965951724001292,2.8224017651640763
0.18,1.196555830543322,-0.06877300791843217,36.057051369644306,36.05694198541454,7.95034393063402,2.8196354251275144
0.19999999999999998,1.1950964911707231,-0.07720020895466094,36.05705883421755,36.056946911922545,7.932966419443658,2.8165522220338217
0.21999999999999997,1.1934661691768322,-0.08587536639345242,36.057066992964565,36.056952244572564,7.913841314221381,2.8131550462463637
0.23999999999999996,1.191659658575643,-0.094823178053186,36.057075819352214,36.05695795055541,7.892993045094234,2.809447106655371
0.25999999999999995,1.1896712607042654,-0.1040682026648231,36.05708528475931,36.05696399436895,7.870448340999659,2.805431934836356
0.27999999999999997,1.1874947857338791,-0.11363495644142875,36.05709535859131,36.05697033793132,7.846236221073841,2.8011133895424227
0.3,1.185123554367387,-0.12354789431902449,36.0571060084029,36.05697694070189,7.820387984854496,2.7964956615118313
0.32,1.1825504001931417,-0.13383128578868722,36.0571172000279,36.05698375980966,7.792937201190682,2.79158327856983
0.34,1.1797676726480468,-0.14450923761139814,36.05712889771596,36.05699075018846,7.7639196957443595,2.786381111001214
0.36000000000000004,1.1767672403983738,-0.1556057177711916,36.05714106427538,36.056997864718504,7.733373536960799,2.780894377167317
0.38000000000000006,1.1735404954787243,-0.16714444162143702,36.057153661221555,36.05700505437368,7.701339020377502,2.7751286493381713
0.4,1.170078358385821,-0.17914882223095813,36.05716664893039,36.057012268373995,7.667858651134105,2.769089859707356
0.4200000000000001,1.1663712839564475,-0.1916419907691954,36.05717998679571,36.057019454342466,7.632977124538843,2.7627843065535975
0.4400000000000001,1.1624092682054952,-0.20464671131519233,36.05719363339056,36.057026558465985,7.596741304540571,2.756218660509462
0.46000000000000013,1.1581818564392374,-0.21818527918097683,36.05720754663098,36.05703352565934,7.559200199949018,2.749399970893471
0.48000000000000015,1.1536781526012674,-0.23227950494464106,36.05722168394209,36.057040299731675,7.520404938240141,2.7423356720576972
0.5000000000000001,1.1488868299060484,-0.24695064946376363,36.05723600242532,36.05704682355492,7.480408736777877,2.735033589698283
0.5200000000000001,1.1437961430772148,-0.2622192968911981,36.05725045902623,36.0570530392332,7.439266871278766,2.7275019470714894
0.5400000000000001,1.1383939423035048,-0.2781052864623245,36.05726501070202,36.05705888827264,7.397036641341141,2.7197493710526235
0.5600000000000002,1.1326676889181233,-0.29462764776267025,36.05727961458806,36.05706431175098,7.35377733285696,2.7117848979697783
0.5800000000000002,1.1266044730610247,-0.3118044658242089,36.05729422816247,36.05706925048589,7.309550177120819,2.7036179791384765
0.6000000000000001,1.120191033542897,-0.32965276262339827,36.057308809408084,36.057073645201775,7.26441830644817,2.695258486017282
0.6200000000000002,1.1134137799456947,-0.348188411389359,36.05732331697093,36.05707743669388,7.218446706112894,2.68671671489811
0.6400000000000002,1.10625881713383,-0.3674259985654054,36.05733771031459,36.0570805659893,7.1717021624133555,2.678003391038435
0.6600000000000003,1.0987119724421155,-0.3873786686566942,36.05735194986945,36.0570829745042,7.124253206675932,2.6691296721358317
0.6800000000000003,1.0907588256233678,-0.40805800189039615,36.0573659971762,36.05708460419634,7.076170055006047,2.6601071510384777
0.7000000000000003,1.0823847416767984,-0.42947387203295173,36.05737981502303,36.05708539771261,7.027524543598579,2.650947857578225
0.7200000000000003,1.0735749067800457,-0.45163426589025363,36.05739336757547,36.05708529853075,6.978390059423017,2.6416642594059936
0.7400000000000003,1.0643143674739524,-0.47454512587242503,36.057406620498575,36.057084251094686,6.92884146610317,2.6322692617023757
0.7600000000000003,1.0545880731539663,-0.4982101942930348,36.05741954107054,36.05708220094316,6.878955024817391,2.6227762056297124
0.7800000000000004,1.0443809220411295,-0.5226308224377006,36.05743209828751,36.05707909483092,6.8288083100530415,2.613198865385687
0.8,1.0336778107606062,-0.5478057855283316,36.05744426295861,36.05707488084227,6.778480120058278,2.6035514437126603
0.8200000000000004,1.0224636875630693,-0.5737311110548764,36.05745600779127,36.05706950849643,6.728050381845729,2.5938485657119092
0.8400000000000004,1.0107236092461165,-0.6003998897330439,36.057467307465835,36.057062928844545,6.677600050616007,2.584105270807675
0.8600000000000004,0.9984428018525213,-0.6278020761321998,36.05747813869977,36.05705509455794,6.6272110034847165,2.574337002702777
0.8800000000000004,0.9856067251241878,-0.65592431052264,36.05748848030051,36.05704596000765,6.57696592741475,2.5645595971657102
0.9000000000000005,0.9722011406467862,-0.6847497389251596,36.057498313207375,36.05703548133495,6.526948201276284,2.5547892674888635
0.9200000000000005,0.9582121836509251,-0.7142578247833632,36.05750762052187,36.05702361651284,6.4772417719803475,2.545042587459068
0.9400000000000005,0.9436264383432394,-0.7444241760949132,36.05751638752679,36.057010325398714,6.4279310246581485,2.535336471685395
0.9600000000000005,0.9284310165810981,-0.7752203926706388,36.05752460169376,36.05699556977809,6.379100646887663,2.5256881531352326
0.9800000000000005,0.9126136396730951,-0.8066139087285314,36.05753225267957,36.0569793133998,6.3308354870016865,2.5161151577385494
1.0,0.8961627230514998,-0.8385678555294928,36.05753933231141,36.05696152200281,6.283220406547203,2.506635275932102
1.0200000000000005,0.8790674634638634,-0.8710409509175834,36.057545834561175,36.05694216333499,6.236340127005309,2.49726653103054
1.0400000000000005,0.8613179282689745,-0.9039874038234024,36.057551755509344,36.05692120716434,6.190279070923503,2.4880271443301223
1.0600000000000005,0.8429051464023064,-0.9373568387274612,36.05755709329874,36.056898625283246,6.145121197658106,2.4789354968732256
1.0800000000000005,0.8238212004730532,-0.9710942573045075,36.057561848078635,36.05687439150594,6.100949833974133,2.4700100878284146
1.1000000000000005,0.8040593193748644,-1.0051400312908612,36.057566021939905,36.05684848166045,6.05784749980236,2.4612694894713094
1.1200000000000006,0.78361397076841,-1.0394299207183948,36.057569618841676,36.05682087357502,6.01589572950913,2.452732298786219
1.1400000000000006,0.7624809527067563,-1.0738951387507543,36.05757264453029,36.05679154706031,5.97517488909262,2.444417085747156
1.1600000000000006,0.7406574835963903,-1.1084624570898425,36.05757510645121,36.056760483887814,5.935763989780307,2.4363423383794625
1.1800000000000006,0.7181422896621105,-1.143054351871704,36.05757701365477,36.05672766776554,5.897740498564805,2.42852640474935
1.2,0.6949356890107096,-1.1775891946774926,36.057578376696505,36.056693084311576,5.861180146279476,2.4209874320779683
1.2200000000000006,0.6710396713553921,-1.2119814967422085,36.057579207532896,36.05665672102668,5.826156733879781,2.4137433032283653
1.2400000000000007,0.646457972414468,-1.2461421995594613,36.05757951941348,36.05661856726658,5.792741937661127,2.4068115708673843
1.2600000000000007,0.6211961419939069,-1.2799790142741547,36.0575793267702,36.0565786142151,5.761005114207408,2.4002093896590373
1.2800000000000007,0.5952616047460468,-1.3133968141755925,36.05757864510479,36.05653685485856,5.731013105926371,2.3939534469004133
1.3000000000000007,0.5686637125806681,-1.346298077735206,36.057577490875175,36.05649328396291,5.702830048086349,2.3880598920643403
1.3200000000000007,0.5414137877531848,-1.3785833780307009,36.05757588138175,36.05644789805395,5.676517178323615,2.382544265763727
1.3400000000000007,0.5135251556782725,-1.4101519194528258,36.05757383465437,36.05640069540164,5.652132649638515,2.377421428699278
1.3600000000000008,0.48501316655384186,-1.440902118883249,36.05757136934076,36.05635167600922,5.629731347941117,2.37270549119378
1.3800000000000008,0.4558952049716894,-1.4707322268802707,36.057568504597285,36.05630084160781,5.6093647152415755,2.3684097439509015
1.4,0.42619068677565375,-1.4995409793556722,36.05756525998278,36.056248195657126,5.591080579605864,2.3645465907031444
1.4200000000000008,0.39592104253294313,-1.5272282841103448,36.05756165535585,36.05619374335288,5.574922993012525,2.3611274834308555
1.4400000000000008,0.3651096870785026,-1.5536959252812887,36.05755771077668,36.05613749164126,5.560932078249711,2.358162860840979
1.4600000000000009,0.33378197481215977,-1.5788482838837543,36.05755344641346,36.05607944924096,5.549143885982854,2.3556620907895205
1.4800000000000009,0.3019651404738793,-1.6025930654948517,36.05754888245419,36.05601962667296,5.539590263101168,2.353633417314848
1.5000000000000009,0.26968822538572945,-1.6248420269227142,36.05754403902416,36.0559580362983,5.532298733415028,2.3520839129195683
1.520000000000001,0.23698198926137604,-1.6455116904452993,36.057538936109275,36.05589469236399,5.527292391725786,2.351019436696725
1.540000000000001,0.20387880790801022,-1.6645240377604213,36.057533593485786,36.05582961105684,5.524589812224615,2.3504445988418055
1.560000000000001,0.17041255730435728,-1.6818071774764671,36.057528030656265,36.05576281056539,5.524204972097508,2.3503627320261673
1.580000000000001,0.13661848474613073,-1.697295970646162,36.05752226679207,36.055694311149445,5.52614719112023,2.3507758700310477
1.5999999999999999,0.10253306792184746,-1.7109326089917916,36.057516320682325,36.05562413521712,5.530421087920428,2.351684733955729
1.620000000000001,0.06819386296062051,-1.7226671381967016,36.057510210689315,36.05555230740888,5.537026553465232,2.3530887262203337
1.640000000000001,0.03363934267239053,-1.7324579155968198,36.05750395471016,36.05547885468801,5.545958742203138,2.3549859324851896
1.660000000000001,-0.0010912736812460579,-1.7402719965251803,36.05749757014465,36.05540380643711,5.557208081150023,2.357373131506767
1.680000000000001,-0.0359581975727421,-1.7460854436509325,36.0574910738689,36.05532719455971,5.570760297063101,2.3602458128472765
1.700000000000001,-0.07092125376409154,-1.749883554206877,36.05748448221481,36.0552490535865,5.58659646169514,2.363598202253323
1.720000000000001,-0.10594006654642768,-1.7516610001470192,36.05747781095452,36.0551694207851,5.604693054967152,2.367423294420994
1.740000000000001,-0.14097424790600221,-1.7514218801111592,36.05747107529009,36.055088336272654,5.625022045742866,2.3717128927724085
1.7600000000000011,-0.1759835858492107,-1.7491796837465192,36.05746428984757,36.05500584313022,5.647550989735609,2.3764576557842574
1.7800000000000011,-0.2109282310932026,-1.7449571648910849,36.05745746867533,36.05492198751801,5.672243143929778,2.381647149333792
1.7999999999999998,-0.24576888038233036,-1.7387861291494922,36.057450625246,36.05483681879033,5.699057596757633,2.387269904463597
1.8200000000000012,-0.280466954698711,-1.7307071389489979,36.05744377246193,36.054750389609254,5.727949413139763,2.393313479914356
1.8400000000000012,-0.31498477077094394,-1.7207691377917953,36.05743692266338,36.05466275605589,5.758869793376404,2.3997645287353517
1.8600000000000012,-0.34928570433725586,-1.7090290028467947,36.057430087639354,36.05457397773795,5.791766244768881,2.4066088682560944
1.8800000000000012,-0.38333434377990094,-1.6955510305735524,36.057423278640385,36.05448411789271,5.826582764757027,2.413831552689008
1.9000000000000012,-0.41709663288274546,-1.6804063645888097,36.05741650639319,36.05439324348392,5.863260034281197,2.4214169476323564
1.9200000000000013,-0.4505400016213575,-1.6636723729643288,36.05740978111652,36.05430142529171,5.901735620017041,2.429348805753723
1.9400000000000013,-0.48363348407314466,-1.6454319844187746,36.05740311253815,36.054208737994074,5.941944184088312,2.4376103429564604
1.9600000000000013,-0.5163478227233327,-1.6257729929496096,36.05739650991242,36.05411526023889,5.983817699837793,2.4461843143634523
1.9800000000000013,-0.548655558624226,-1.604787340178016,36.05738998203831,36.05402107470516,6.027285672228705,2.4550530894929143
1.9999999999999998,-0.580531107048155,-1.5825703843296481,36.05738353727753,36.05392626815237,6.0722753614584475,2.4641987260483775
2.0200000000000014,-0.6119508184773937,-1.5592201654904734,36.05737718357261,36.05383093145669,6.118712008392171,2.47360304179797
2.0400000000000014,-0.6428930249314339,-1.5348366768501223,36.05737092846462,36.0537351596328,6.16651906046458,2.4832476840751467
2.0600000000000014,-0.6733380718262165,-1.5095211469614693,36.057364779110465,36.0536390518403,6.215618396753095,2.4931141964926304
2.0800000000000014,-0.7032683356948101,-1.4833753453000262,36.05735874229951,36.05354271137325,6.265930550992643,2.503184082522227
2.1000000000000014,-0.7326682282729243,-1.456500913460636,36.05735282446957,36.05344624563204,6.317374931380054,2.5134388656539977
2.1200000000000014,-0.7615241875380062,-1.428998731759267,36.05734703172193,36.05334976607609,6.369870036102889,2.5238601459080274
2.1400000000000015,-0.7898246564557008,-1.400968322927414,36.05734136983561,36.05325338815638,6.423333663621165,2.5344296525295715
2.1600000000000015,-0.817560050236879,-1.3725073004953279,36.057335844280516,36.05315723122668,6.477683116829611,2.5451292927530442
2.1800000000000015,-0.8447227130070796,-1.3437108618447522,36.05733046022976,36.05306141843231,6.532835400330647,2.555941196571362
2.1999999999999997,-0.8713068648401334,-1.3146713327910486,36.05732522257089,36.05296607657535,6.58870741015247,2.566847757494096
2.2200000000000015,-0.8973085401555667,-1.285477758270116,36.05732013591612,36.05287133595511,6.645216115351188,2.5778316693203975
2.2400000000000015,-0.922725518485405,-1.2562155493768425,36.05731520461161,36.05277733018295,6.702278731038816,2.588875958990468
2.2600000000000016,-0.9475572486420832,-1.226966177212831,36.05731043274577,36.05268419597019,6.759812882479598,2.5999640156124464
2.2800000000000016,-0.971804767305799,-1.1978069186306453,36.05730582415651,36.05259207288823,6.817736759993225,2.611079615789841
2.3000000000000016,-0.9954706130154886,-1.1688106525018804,36.05730138243777,36.052501103099765,6.875969264495508,2.622206945398381
2.3200000000000016,-1.0185587365387891,-1.1400457006213909,36.057297110944994,36.0524114310601,6.9344301435926985,2.633330617980336
2.3400000000000016,-1.0410744085383934,-1.1115757152550803,36.057293012799896,36.05232320318775,6.993040118225389,2.6444356899394226
2.3600000000000017,-1.0630241254010546,-1.0834596083882468,36.05728909089432,36.0522365675032,7.051720999930603,2.6555076727305087
2.3800000000000017,-1.0844155140595257,-1.0557515202564445,36.0572853478935,36.05215167323507,7.1103957988563735,2.6665325422458985
2.4,-1.1052572365378708,-1.0285008234869106,36.05728178623841,36.0520686703929,7.1689888227213245,2.677496745604245
2.4200000000000017,-1.1255588949326563,-1.0017521612328533,36.057278408147624,36.05198770930555,7.227425766962935,2.6883872055496276
2.4400000000000017,-1.1453309374321061,-0.975545513162616,36.05727521561839,36.05190894012482,7.285633796361681,2.6991913226671578
2.4600000000000017,-1.1645845659355682,-0.9499162880723724,36.05727221042724,36.051832512293366,7.343541618465297,2.709896975618316
2.4800000000000018,-1.1833316457552427,-0.9248954391484276,36.05726939412993,36.05175857397638,7.401079549166999,2.7204925195940164
2.5000000000000018,-1.2015846178181742,-0.9005095986753092,36.05726676806088,36.05168727145665,7.45817957081528,2.7309667831768443
2.520000000000002,-1.2193564137199933,-0.8767812274785287,36.057264333332085,36.05161874849244,7.5147753832503685,2.7413090637960487
2.540000000000002,-1.236660373924384,-0.8537287795579268,36.05726209083159,36.0515531456379,7.570802448174389,2.75150912195006
2.560000000000002,-1.2535101693360593,-0.8313668748853721,36.05726004122146,36.05149059952587,7.626198027269174,2.7615571743618084
2.580000000000002,-1.2699197264282134,-0.8097064808024029,36.05725818493535,36.05143124211278,7.680901214478031,2.771443886222132
2.6,-1.2859031560447773,-0.7887550986684038,36.057256522175635,36.051375199885904,7.734852962865893,2.7811603626662547
2.620000000000002,-1.3014746859641155,-0.7685169519115956,36.057255052910186,36.051322593032765,7.787996106467091,2.790698139617951
2.640000000000002,-1.3166485972433815,-0.7489931767684147,36.0572537768688,36.05127353457333,7.84027537752111,2.8000491741255384
2.660000000000002,-1.3314391643653158,-0.7301820106827732,36.05725269353924,36.05122812945519,7.891637419486029,2.8092058343037145
2.680000000000002,-1.3458605991201458,-0.7120789778859852,36.057251802163094,36.0511864736122,7.942030796205465,2.818160888985131
2.700000000000002,-1.359926998183885,-0.6946770722884956,36.05725110173121,36.05114865298768,7.991405997589882,2.826907497176001
2.720000000000002,-1.3736522942697973,-0.6779669329456444,36.05725059097905,36.051114742522614,8.039715442156433,2.835439197400719
2.740000000000002,-1.3870502107635838,-0.6619370156226254,36.05725026838177,36.051084805110314,8.086913476753667,2.843749897011632
2.760000000000002,-1.4001342196818134,-0.6465737544563231,36.05725013214922,36.0510588905186,8.132956373778937,2.8518338615317225
2.780000000000002,-1.4129175028216547,-0.6318617180786722,36.05725018022078,36.05103703428097,8.177802326177343,2.859685704090109
2.8000000000000003,-1.4254129159201654,-0.6177837559381805,36.05725041026021,36.05101925655859,8.221411440491655,2.86730037500288
2.820000000000002,-1.4376329556555179,-0.6043211348110834,36.05725081965057,36.0510055609748,8.263745728213479,2.874673151544968
2.840000000000002,-1.449589729311919,-0.5914536689111932,36.057251405489154,36.05099593342422,8.304769095666565,2.8817996279523954
2.860000000000002,-1.4612949269113749,-0.5791598368813967,36.05725216458264,36.050990340859,8.344447332634608,2.8886757056884402
2.880000000000002,-1.4727597956161367,-0.5674168916045914,36.05725309344254,36.05098873005447,8.382748099927202,2.8952975840018937
2.900000000000002,-1.483995116227358,-0.556200959606012,36.05725418828088,36.05099102635717,8.419640916059985,2.9016617508007347
2.920000000000002,-1.4950111815651543,-0.5454871303750407,36.0572554450064,36.05099713241812,8.45509714320787,2.9077649738601417
2.940000000000002,-1.5058177765436116,-0.535249536678231,36.057256859221305,36.0510069269148,8.489089972573712,2.9136042923797514
2.960000000000002,-1.5164241597580528,-0.5254614245460465,36.05725842621857,36.05102026326507,8.521594409299263,2.9191770089015265
2.980000000000002,-1.5268390463824522,-0.5160952151423763,36.057260140980006,36.05103696833696,8.552587257030453,2.924480681596384
3.0000000000000004,-1.5370705921984464,-0.507122556433581,36.05726199817524,36.051056841158264,8.58204710223503,2.929513116924898
3.0200000000000022,-1.5471263785879381,-0.49851436654936643,36.057263992161545,36.0510796516302,8.60995429835766,2.9342723626748866
3.0400000000000023,-1.5570133982835794,-0.490240867951763,36.05726611698484,36.051105139249586,8.6362909498852,2.938756701376485
3.0600000000000023,-1.5667380417467929,-0.48227161413895897,36.05726836638186,36.05113301184428,8.661040896383902,2.9429646440934185
3.0800000000000023,-1.5763060839733536,-0.47457550763753054,36.05727073378355,36.05116294432683,8.684189696559468,2.946894924587483
3.1000000000000023,-1.5857226715906567,-0.4671208104365535,36.05727321231989,36.05119457747157,8.705724612381648,2.9505464938518844
3.1200000000000023,-1.5949923100846197,-0.4598751461314086,36.05727579482636,36.0512275167206,8.725634593306165,2.9539185150078473
3.1400000000000023,-1.6041188510159388,-0.4528054970393195,36.05727847385183,36.051261331024364,8.743910260618897,2.95701035855793
3.1600000000000024,-1.613105479073442,-0.44587819167668485,36.05728124166827,36.05129555172244,8.760543891920198,2.959821597988669
3.1800000000000024,-1.621954698851572,-0.4390588882883347,36.057284090282245,36.05132967147111,8.775529405760834,2.962352005714519
3.2000000000000006,-1.6306683211990582,-0.4323125499160614,36.05728701144822,36.05136314322344,8.788862346435485,2.9646015493545645
3.2200000000000024,-1.6392474490438749,-0.42560341580620503,36.05728999668388,36.05139537926886,8.80053986893499,2.9665703883331322
3.2400000000000024,-1.6476924625626796,-0.41889496525687486,36.057293037287444,36.051425750338446,8.810560724054262,2.9682588707951774
3.2600000000000025,-1.6560030035935942,-0.41214987798791347,36.05729612435689,36.051453584782955,8.818925243649492,2.969667530827229
3.2800000000000025,-1.664177959199062,-0.40532998885906174,36.057299248811404,36.051478167830545,8.825635326035377,2.9707970859746338
3.3000000000000025,-1.6722154442772712,-0.3983962378867063,36.05730240141473,36.05149874093105,8.830694421511122,2.9716484350459633
3.3200000000000025,-1.6801127831437652,-0.39130861771630693,36.05730557280076,36.05151450119418,8.83410751800225,2.9722226561955702
3.3400000000000025,-1.687866490010107,-0.38402611552129867,36.057308753500934,36.051524600928744,8.835881126804585,2.9725210052755866
3.3600000000000025,-1.6954722482871563,-0.37650665401179295,36.05731193397387,36.05152814729034,8.836023268416312,2.9725449144489495
3.3800000000000026,-1.7029248886663575,-0.3687070275420475,36.05731510463666,36.051524202044604,8.834543458444365,2.972295991055461
3.400000000000001,-1.7102183659252208,-0.3605828394481344,36.05731825589815,36.051511781453634,8.831452693572158,2.97177601672336
3.4200000000000026,-1.7173457344332272,-0.35208843494478503,36.05732137819396,36.05148985629278,8.826763437577089,2.9709869467194046
3.4400000000000026,-1.724299122326947,-0.3431768345098555,36.05732446202292,36.05145735200503,8.820489607388138,2.9699309095310853
3.4600000000000026,-1.7310697043638268,-0.333799668241141,36.05732749798513,36.05141314900034,8.812646559176235,2.9686102066752103
3.4800000000000026,-1.7376476734536186,-0.3239071110228678,36.05733047682116,36.05135608310679,8.803251074473078,2.967027312727855
3.5000000000000027,-1.7440222109142147,-0.3134478179075072,36.057333389452346,36.0512849461809,8.792321346317236,2.9651848755713757
3.5200000000000027,-1.750181455476403,-0.30236886586803924,36.057336227022006,36.05119848688335,8.779876965430535,2.9630857168550717
3.5400000000000027,-1.7561124711384881,-0.29061569591434744,36.05733898093713,36.05109541162724,8.76593890643161,2.9607328326668734
3.5600000000000027,-1.761801213956596,-0.27813206463844453,36.057341642910565,36.05097438570471,8.750529514098357,2.958129394414375
3.5800000000000027,-1.7672324978949747,-0.264859999884479,36.05734420500329,36.05083403459842,8.733672489696032,2.95527874991447
3.600000000000001,-1.7723899599063473,-0.2507397679964365,36.05734665966635,36.05067294548321,8.715392877392917,2.9521844246918105
3.6200000000000028,-1.7772560244315603,-0.23570984845524082,36.057348999782526,36.0504896689236,8.695717050791174,2.948850123487319
3.640000000000003,-1.78181186754931,-0.2197069247730869,36.05735121870704,36.050282720771904,8.674672699606267,2.9452797319789963
3.660000000000003,-1.7860373810636965,-0.20266588818048506,36.05735331030722,36.05005058427152,8.652288816534133,2.9414773187182885
3.680000000000003,-1.7899111368451939,-0.18451985949601346,36.05735526900074,36.04979171236942,8.628595684351486,2.937447137286301
3.700000000000003,-1.793410351813659,-0.16520023130358097,36.057357089792006,36.04950453024135,8.603624863300166,2.933193628675094
3.720000000000003,-1.7965108539844035,-0.14463673404799296,36.05735876830653,36.0491874380326,8.577409178812495,2.928721423900282
3.740000000000003,-1.7991870500979423,-0.12275752737592699,36.05736030082282,36.048838813816644,8.549982709639805,2.9240353468519844
3.760000000000003,-1.8014118953842404,-0.09948932342991992,36.05736168430152,36.04845701677337,8.52138077645122,2.919140417391945
3.780000000000003,-1.8031568661016038,-0.0747575426359364,36.05736291641145,36.04804039058772,8.491639930974076,2.914041854705261
3.800000000000001,-1.8043919355907478,-0.048486508021039,36.05736399555231,36.04758726706901,8.460797945750706,2.908745080915601
3.820000000000003,-1.8050855546176507,-0.020599682543479634,36.05736492087358,36.04709596999018,8.428893804588544,2.9032557249730075
3.840000000000003,-1.805204636919121,0.008980047866692964,36.05736569228957,36.04656481914574,8.39596769378138,2.897579626823287
3.860000000000003,-1.80471455093399,0.04033003896536516,36.05736631049013,36.045992134625884,8.362060994178751,2.8917228418675864
3.880000000000003,-1.80357911878973,0.07352749590095166,36.05736677694692,36.04537624130361,8.327216274177667,2.8856916457199073
3.900000000000003,-1.8017606237336938,0.10864902048518704,36.05736709391497,36.04471547353068,8.291477283705575,2.879492539268955
3.920000000000003,-1.7992198272830993,0.14577009153934564,36.0573672644293,36.04400818003719,8.254888949255466,2.8731322540487874
3.940000000000003,-1.7959159974699215,0.18496447413090045,36.057367292296576,36.04325272902842,8.217497370022913,2.866617757920109
3.960000000000003,-1.7918069496517288,0.22630355274787028,36.05736718208144,36.042447513471835,8.179349815179792,2.8599562610606113
3.980000000000003,-1.7868491014503223,0.269855585607405,36.057366939087636,36.04159095656583,8.140494722300652,2.8531552222584478
4.000000000000001,-1.7809975434472713,0.31568487290942004,36.05736656933374,36.04068151738041,8.100981696934005,2.846222355497547
4.020000000000002,-1.774206127351455,0.36385084141623364,36.05736607952354,36.03971769665962,8.060861513282175,2.8391656368169462
4.040000000000002,-1.7664275733876715,0.4144070380739014,36.057365477010954,36.03869804277331,8.020186115919286,2.831993311418529
4.060000000000001,-1.7576135986900119,0.46740003465966773,36.057364769759694,36.03762115780568,7.979008622436626,2.8247139009883155
4.080000000000001,-1.7477150684740945,0.5228682468232396,36.05736396629768,36.03648570376589,7.9373833268583915,2.8173362111857347
4.1000000000000005,-1.7366821717394383,0.5808406622749062,36.05736307566626,36.03529040890567,7.895365703617616,2.8098693392429506
4.12,-1.724464623170817,0.6413354932298597,36.05736210736455,36.03403407412668,7.8530124118222036,2.8023226816022104
4.14,-1.7110118927849105,0.7043587516989988,36.05736107128898,36.03271557946023,7.810381299474367,2.794705941503393
4.159999999999999,-1.6962734647023852,0.7699027631469532,36.05735997766831,36.03133389059953,7.767531407233323,2.7870291364162885
4.179999999999999,-1.6801991261553109,0.8379446307038182,36.05735883699449,36.02988806546458,7.724522971231532,2.7793026051928083
4.199999999999998,-1.6627392876046696,0.9084446663238275,36.05735765994942,36.02837726077761,7.681417424369438,2.7715370147933145
4.219999999999998,-1.643845334361365,0.9813448091530792,36.057356457328304,36.026800738626505,7.63827739542382,2.763743366418782
4.2399999999999975,-1.6234700097449293,1.0565670605170325,36.05735523995965,36.025157872991976,7.595166705211625,2.7559330008568104
4.259999999999997,-1.601567829204441,1.134011957817807,36.05735401862252,36.023448156213526,7.552150358956507,2.7481176028249785
4.279999999999997,-1.5780955242260737,1.2135571269008574,36.05735280396143,36.021671205367724,7.50929453391123,2.740309204070086
4.299999999999996,-1.5530125141378077,1.29505594641793,36.057351606399266,36.019826768531644,7.466666561198305,2.7325201849571585
4.319999999999996,-1.5262814031337528,1.3783363701562676,36.05735043604885,36.017914730903115,7.424334900747122,2.724763274258357
4.339999999999995,-1.4978684989620121,1.4631999442907029,36.057349302623585,36.015935120748544,7.382369108131533,2.7170515468300436
4.359999999999995,-1.4677443488291932,1.5494210778665582,36.05734821534776,36.013888115148276,7.340839792051766,2.709398418847211
4.379999999999995,-1.435884287069323,1.6367466039424583,36.0573471828671,36.01177404550863,7.2998185611629625,2.7018176402494234
4.399999999999994,-1.4022689881807917,1.7248956894909577,36.05734621316017,36.009593402809,7.25937795893395,2.694323284042572
4.419999999999994,-1.3668850178175342,1.8135601371296357,36.0573453134514,36.00734684255215,7.219591385229199,2.686929732097436
4.439999999999993,-1.3297253734101788,1.9024051290663015,36.05734449012617,36.00503518938485,7.180533003348671,2.679651657090651
4.459999999999993,-1.2907900052014345,1.991070447969712,36.057343748649075,36.002659441356165,7.142277631338856,2.6725040002474936
4.479999999999992,-1.2500863077442743,2.079172213644029,36.05734309348583,36.00022077378016,7.104900616507797,2.665501944570252
4.499999999999992,-1.2076295713143428,2.166305159174178,36.0573425280299,35.99772054266969,7.068477692240182,2.658660883271912
4.519999999999992,-1.1634433822928802,2.25204545887704,36.057342054534644,35.99516028770832,7.033084816417553,2.651996383183347
4.539999999999991,-1.1175599614249232,2.3359541109700723,36.05734167405195,35.99254173472715,6.998797991004277,2.6455241429637866
4.559999999999991,-1.070020429022743,2.417580857899492,36.05734138637841,35.98986679765386,6.965693062660524,2.6392599460190587
4.57999999999999,-1.0208749865995213,2.4964686149558832,36.05734119001,35.98713757990206,6.933845504586549,2.633219608119792
4.59999999999999,-0.970183005251685,2.572158357993839,36.05734108210638,35.98435637516899,6.903330180182771,2.6274189198113747
4.6199999999999894,-0.918013012242482,2.644194403281268,36.05734105846576,35.981525667611145,6.874221089520285,2.62187358381755
4.639999999999989,-0.8644425687605379,2.7121299934572454,36.057341113511505,35.97864813136764,6.846591100047104,2.6165991477578494
4.659999999999989,-0.8095580336764485,2.7755330948285017,36.05734124029131,35.97572662940295,6.8205116633953216,2.6116109326228747
4.679999999999988,-0.753454210278211,2.8339922819972347,36.0573414304898,35.9727642116411,6.796052520590192,2.6069239575772425
4.699999999999988,-0.6962338753907644,2.887122592374983,36.057341674455394,35.96976411236546,6.773281398379622,2.60255286178391
4.719999999999987,-0.6380071928885533,2.934571209484575,36.05734196124176,35.966729746859436,6.752263699786369,2.598511824061297
4.739999999999987,-0.5788910163628992,2.976022841570485,36.05734227866441,35.96366470726514,6.733062192320245,2.594814481291533
4.7599999999999865,-0.5190080884129626,3.0112046584570002,36.05734261337226,35.96057275763905,6.715736697558911,2.5914738465897953
4.779999999999986,-0.45848614674568156,3.039890652926244,36.05734295093407,35.957457828185575,6.700343786000446,2.5885022283166856
4.799999999999986,-0.39745694974276674,3.0619053131844813,36.05734327593915,35.954324008651874,6.686936481197372,2.5859111510640447
4.819999999999985,-0.3360552363548696,3.077126502701373,36.05734357211143,35.951175540869265,6.675563977192259,2.5837112797664252
4.839999999999985,-0.2744176370670328,3.0854874626133673,36.057343822435726,35.94801681042961,6.666271373184278,2.5819123480831565
4.859999999999984,-0.21268155404238023,3.0869778827677457,36.057344009294624,35.944852337487376,6.659099429163467,2.580523092158539
4.879999999999984,-0.15098402944013872,3.081644010434255,36.057344114614295,35.941686766681734,6.654084345957736,2.5795511908000073
4.8999999999999835,-0.08946062127077904,3.0695877909023515,36.057344120017085,35.93852485617535,6.651257572754254,2.579003213017435
4.919999999999983,-0.028244305901974888,3.0509650670947237,36.05734400697883,35.935371465810945,6.650645644692311,2.578884573743523
4.939999999999983,0.03253557444745046,3.025982891975281,36.057343756988296,35.93223154438977,6.652270052593516,2.579199498409054
4.959999999999982,0.09275430216873715,2.9948960275856624,36.05734335170676,35.92911011608027,6.656147146314079,2.5799509968823204
4.979999999999982,0.15229269738781795,2.9580027299716183,36.057342773125065,35.926012265969256,6.66228807259137,2.5811408471045065
4.999999999999981,0.21103794063092285,2.9156399368777244,36.057342003715995,35.922943124772424,6.6706987476329065,2.5827695885682305
5.019999999999981,0.2688842943051506,2.8681779866889263,36.05734102658002,35.9199078527252,6.681379864079801,2.5848365256007586
5.0399999999999805,0.3257337149694711,2.8160149992495387,36.05733982558238,35.916911622680054,6.694326931386969,2.5873397402326135
5.05999999999998,0.3814963510581779,2.759571064584437,36.0573383854799,35.91395960244069,6.709530348116619,2.590276114262072
5.07999999999998,0.43609092351368367,2.699282365916348,36.05733669203653,35.91105693636885,6.726975504153389,2.5936413599712256
5.099999999999979,0.4894449893804945,2.6355953741051668,36.05733473212611,35.90820872630413,6.746642910431302,2.5974300588141546
5.119999999999979,0.5414950909065371,2.5689612230539183,36.0573324938222,35.905420011842565,6.7685083534222805,2.6016357072853764
5.139999999999978,0.5921867949257493,2.4998303763791325,36.057329966474306,35.902695750024044,6.792543071378476,2.606250769089282
5.159999999999978,0.6414746291492499,2.42864766830134,36.05732714077057,35.9000407944845,6.818713949147641,2.611266732669729
5.1799999999999775,0.6893219236942146,2.355847792532999,36.05732400878699,35.8974598741329,6.846983728290577,2.6166741731233136
5.199999999999977,0.7357005672647906,2.2818512892650857,36.05732056402379,35.89495757141829,6.877311229218411,2.6224628175092226
5.219999999999977,0.7805906883927106,2.2070610671192274,36.05731680142939,35.89253830025668,6.909651582128084,2.628621612581028
5.239999999999976,0.8239802725841238,2.131859473680949,36.05731271741275,35.890206283691995,6.943956463639037,2.635138793999101
5.259999999999976,0.8658647264762752,2.0566059236113987,36.05730830984504,35.8879655313697,6.980174336212993,2.6420019561334533
5.279999999999975,0.9062463999660567,1.9816350677493901,36.05730357805145,35.885819816905894,7.018250687661487,2.6491981216325606
5.299999999999975,0.945134076972086,1.9072554808158069,36.05729852279418,35.88377265523826,7.058128268302484,2.656713810010872
5.3199999999999745,0.9825424448932214,1.8337488374680693,36.05729314624753,35.88182728004927,7.099747323607025,2.6645351045927366
5.339999999999974,1.0184915521482398,1.7613695367751245,36.05728745196598,35.87998662135491,7.143045820470545,2.6726477172404417
5.359999999999974,1.0530062622774672,1.6903447271982073,36.05728144484626,35.87825328335572,7.187959665541657,2.6810370503858496
5.379999999999973,1.0861157122036234,1.6208746892584096,36.0572751310841,35.876629522649154,7.234422914336847,2.689688255976303
5.399999999999973,1.1178527812533305,1.5531335201077363,36.05726851812647,35.87511722690507,7.282367970155254,2.698586291033743
5.419999999999972,1.148253576547502,1.487270077873189,36.05726161462012,35.87371789410783,7.331725772078876,2.7077159696096036
5.439999999999972,1.1773569394051258,1.4234091311973598,36.0572544303567,35.872432612470206,7.3824259715954526,2.7170620109956
5.4599999999999715,1.2052039764710132,1.3616526739633803,36.05724697621537,35.871262041125426,7.434397097611108,2.726609084120991
5.479999999999971,1.231837618392027,1.3020813599131156,36.05723926410304,35.870206391704656,7.487566709825562,2.736341848129645
5.499999999999971,1.257302208080159,1.244756019205459,36.057231306892895,35.86926541090691,7.541861540623433,2.7462449891849476
5.51999999999997,1.2816431198350966,1.1897192237583751,36.0572231183613,35.86843836416911,7.597207625790352,2.756303253597171
5.53999999999997,1.3049064100102066,1.1369968709051075,36.0572147131235,35.867724020542354,7.653530424493068,2.76650147740663
5.559999999999969,1.3271384992841622,1.0865997571008141,36.05720610656836,35.867120638879925,7.710754929069181,2.776824612587043
5.579999999999969,1.3483858861768891,1.0385251237272033,36.05719731479231,35.86662595544064,7.7688057652560865,2.787257750057588
5.599999999999969,1.368694891021617,0.9927581551114222,36.05718835453262,35.866237173008585,7.827607283551946,2.797786139709743
5.619999999999968,1.3881114292917374,0.9492734149627393,36.0571792431002,35.86595095162807,7.88708364244561,2.8083952076667575
5.639999999999968,1.4066808129449875,0.9080362084433777,36.05716999831209,35.86576340104855,7.947158884279743,2.8190705710002617
5.659999999999967,1.4244475782369217,0.8690038672378511,36.057160638423696,35.8656700749707,8.00775700452376,2.829798050130744
5.679999999999967,1.4414553383520359,0.8321269447961531,36.057151182060835,35.86566596718038,8.068802015232462,2.8405636791370235
5.699999999999966,1.457746659085138,0.7973503258811362,36.057141648151855,35.86574550965153,8.130218003454651,2.8513537141951804
5.719999999999966,1.4733629557926384,0.7646142441876461,36.0571320558597,35.86590257269432,8.191929185335074,2.8621546403601386
5.739999999999966,1.4883444098204068,0.7338552120844427,36.05712242451423,35.86613046721734,8.253859956624593,2.8729531768938723
5.759999999999965,1.502729902626092,0.7050068616780021,36.057112773544766,35.86642194916734,8.315934940278726,2.8837362813334244
5.779999999999965,1.5165569658706668,0.6780007005363348,36.05710312241301,35.866769226201164,8.378079031785749,2.89449115248013
5.799999999999964,1.5298617458230306,0.6527667877489389,36.05709349054641,35.8671639666378,8.440217442822437,2.905205232478841
5.819999999999964,1.5426789804806986,0.6292343303193546,36.05708389727218,35.86759731072954,8.502275743790664,2.9158662081430733
5.839999999999963,1.55504198793071,0.607332211820068,36.057074361752,35.86805988428252,8.564179905741128,2.92646201166889
5.859999999999963,1.5669826645188387,0.5869894461397651,36.05706490291755,35.86854181464759,8.62585634214318,2.93698082086744
5.879999999999963,1.5785314915560997,0.5681355762077214,36.05705553940701,35.869032749092725,8.687231950912171,2.947411059033363
5.899999999999962,1.5897175493369249,0.5507010096458016,36.05704628950267,35.86952187555839,8.748234157058603,2.9577413945540614
5.919999999999962,1.6005685373699894,0.5346173034545,36.05703717106984,35.86999794578608,8.808790956277432,2.9679607403531185
5.939999999999961,1.611110799821393,0.5198174016552837,36.057028201497104,35.870449300800466,8.868830959750769,2.978058253250055
5.959999999999961,1.6213693552387727,0.5062358277302786,36.05701939763816,35.870863898713736,8.928283440393997,2.9880233333081585
5.9799999999999605,1.6313679297560122,0.49380883936403946,36.057010775755415,35.87122934481006,8.987078380733806,2.9978456232324246
5.99999999999996,1.641128993012799,0.4824745463715529,36.05700235146539,35.871532923856286,9.04514652256684,3.007515007870591
6.01999999999996,1.6506737961536806,0.47217300146169006,36.05699413968625,35.871761634573936,9.10241941851011,3.0170216138619406
6.039999999999959,1.6600224112921713,0.4628462577445544,36.056986154587456,35.871902226195616,9.15882948551869,3.02635580947097
6.059999999999959,1.669193771959997,0.4544384070125344,36.05697840954196,35.87194123701769,9.214310060412727,3.035508204636042
6.079999999999958,1.6782057140406847,0.44689559445266225,36.05697091708077,35.87186503484942,9.268795457424513,3.044469651256933
6.099999999999958,1.6870750168327913,0.44016601397461785,36.05696368885035,35.871659859247686,9.322221027746952,3.0532312437394835
6.1199999999999575,1.6958174438754814,0.43419989104019585,36.056956735572975,35.87131186541489,9.374523221037586,3.061784319810523
6.139999999999957,1.7044477832333687,0.4289494468552611,36.0569500670099,35.87080716962708,9.42563964880719,3.0701204616117574
6.159999999999957,1.7129798870113708,0.42436885512057276,36.05694369192808,35.87013189604866,9.475509149598405,3.078231497077243
6.179999999999956,1.7214267098498903,0.42041418608436437,36.056937618069924,35.869272224779735,9.524071855838615,3.0861095015955957
6.199999999999956,1.7298003462443725,0.4170433438905421,36.05693185212685,35.868214440972594,9.571269262231494,3.09374679995495
6.219999999999955,1.7381120665196776,0.41421599490725497,36.056926399716254,35.866944984844494,9.617044295533631,3.1011359685659756
6.239999999999955,1.7463723513270217,0.4118934924283754,36.05692126536248,35.86545050240519,9.661341385546299,3.108269837955884
6.2599999999999545,1.7545909245842404,0.4100387956541811,36.05691645248151,35.86371789670994,9.704106537137461,3.1151414955243144
6.279999999999954,1.7627767847395068,0.4086163844160769,36.056911963369785,35.861734379440946,9.74528740309579,3.1217442885501994
6.299999999999954,1.7709382343146622,0.40759217127751035,36.05690779919714,35.859487522613925,9.784833357606256,3.1280718274371924
6.319999999999953,1.7790829076688393,0.40693341186426724,36.05690396000377,35.8569653102008,9.822695570126065,3.1341179891838893
6.339999999999953,1.7872177969357184,0.40660861261797604,36.05690044470168,35.85415618945425,9.858827079430089,3.1398769210639594
6.359999999999952,1.7953492761024616,0.4065874372332201,36.05689725108023,35.85104912171634,9.893182867586345,3.145343044500289
6.379999999999952,1.8034831232193433,0.40684061246968567,36.05689437581614,35.847633632489824,9.925719933614726,3.150511059116398
6.3999999999999515,1.8116245407036,0.4073398323602029,36.05689181448781,35.84389986054931,9.956397366575507,3.155375946947607
6.419999999999951,1.8197781737466416,0.40805766383599773,36.05688956159395,35.83983860586796,9.985176417828686,3.159932976793762
6.439999999999951,1.827948126802652,0.4089674504040917,36.05688761057653,35.835441376135584,10.012020572200573,3.1641777086947207
6.45999999999995,1.8361379781532141,0.4100432153233186,36.056885953848,35.83070043164516,10.03689561778997,3.168105998509199
6.47999999999995,1.8443507925534075,0.4112595670469957,36.05688458282282,35.82560882832714,10.059769714143384,3.1717140025770583
6.499999999999949,1.8525891319601127,0.4125916004888258,36.05688348795282,35.82016045871371,10.08061345852637,3.1749981824445777
6.519999999999949,1.8608550643044581,0.4140148029113269,36.0568826587669,35.814350090620486,10.099399950016402,3.177955309631714
6.5399999999999485,1.8691501703656979,0.4155049550980177,36.05688208391436,35.808173403337946,10.116104851141948,3.180582470419836
6.559999999999948,1.8774755486755188,0.41703803561519315,36.056881751212046,35.80162702113199,10.130706446792352,3.182877070637877
6.579999999999948,1.8858318184933827,0.41859012223608627,36.05688164769503,35.79470854386098,10.143185700123487,3.184836840424245
6.599999999999947,1.8942191208205699,0.4201372945215034,36.05688175967061,35.78741657452504,10.153526305185862,3.1864598389413072
6.619999999999947,1.9026371174394658,0.4216555351163637,36.05688207277551,35.77975074357403,10.161714736003677,3.187744459018583
6.639999999999946,1.9110849879707357,0.42312062832721176,36.05688257203591,35.77171172981118,10.167740291836408,3.1886894317001784
6.659999999999946,1.9195614249246427,0.4245080615624245,36.05688324193017,35.76330127774159,10.171595138358246,3.1892938306713363
6.6799999999999455,1.9280646267197221,0.425792921506959,36.05688406645402,35.754522211228014,10.173274344495244,3.1895570765382524
6.699999999999945,1.9365922886462859,0.42694979113545545,36.056885029187676,35.74537844332978,10.172775914665783,3.189478940934676
6.719999999999945,1.9451415917431372,0.42795264422028384,36.05688611336495,35.735874982216146,10.170100816176275,3.1890595504280372
6.739999999999944,1.9537091895428822,0.428774738867574,36.05688730194373,35.72601793306041,10.165253001531886,3.1882993901972077
6.759999999999944,1.96229119266507,0.42938850737718165,36.05688857767777,35.71581449583777,10.158239425430565,3.187199307453264
6.779999999999943,1.9708831511995017,0.4297654454336874,36.05688992318917,35.705272958966844,10.149070056218713,3.1857605145739867
6.799999999999943,1.9794800348398924,0.42987599856955705,36.05689132104154,35.694402688752106,10.137757881598027,3.183984591922208
6.8199999999999426,1.9880762107144576,0.42968944513464946,36.05689275381323,35.68321411460299,10.124318908385426,3.1818734903175248
6.839999999999942,1.9966654188731656,0.42917377879551616,36.05689420417039,35.67171871002351,10.108772156142086,3.179429533130446
6.859999999999942,2.005240745361234,0.4282955852424512,36.0568956549396,35.65992896938517,10.091139644502915,3.176655417967601
6.879999999999941,2.0137945928389853,0.42701991935331973,36.05689708917955,35.64785838051518,10.071446374054782,3.1735542179163696
6.899999999999941,2.0223186486824267,0.4253101763291714,36.05689849025151,35.635521393150846,10.04972030063045,3.1701293823171395
6.91999999999994,2.030803850519196,0.42312796389453466,36.05689984188832,35.62293338333051,10.025992302905392,3.1663847370313976
6.93999999999994,2.0392403491327875,0.4204329678634728,36.05690112826145,35.61011061381041,10.000296143206649,3.1623244841740465
6.95999999999994,2.047617468697875,0.4171828188594556,36.056902334045894,35.59707019061596,9.972668421466647,3.157953201278741
6.979999999999939,2.0559236642937484,0.41333295381131646,36.05690344448252,35.583830015854495,9.943148522280422,3.15327583986565
6.999999999999939,2.0641464766671724,0.4088364790492604,36.05690444543757,35.57040873693529,9.911778555052022,3.1482977233819582
7.019999999999938,2.0722724841928573,0.40364402784099035,36.05690532345916,35.55682569236024,9.878603287244951,3.1430245444865603
7.039999999999938,2.0802872520398923,0.3977036229817935,36.05690606583035,35.543100854265994,9.843670070782542,3.1374623616519357
7.059999999999937,2.088175278529978,0.390960533450301,36.056906660618594,35.5292547679154,9.807028761676596,3.1316175950579592
7.079999999999937,2.095919938687804,0.3833571381105045,36.056907096721304,35.51530848835167,9.768731632997174,3.125497021754648
7.099999999999937,2.1035034250515894,0.37483278662151825,36.056907363907456,35.50128351444413,9.728833281332177,3.119107770073387
7.119999999999936,2.1109066857773358,0.3653236691835528,36.05690745285478,35.48720172056843,9.687390526922975,3.112457313269208
7.139999999999936,2.118109360147222,0.3547626878596838,36.05690735518269,35.47308528617731,9.64446230770101,3.1055534623800973
7.159999999999935,2.1250897116166345,0.3430793385650491,36.056907063480466,35.458956623530604,9.600109567490486,3.0984043582932306
7.179999999999935,2.1318245585658526,0.33019960056687375,36.056906571330885,35.44483830386311,9.55439513868339,3.0910184630123756
7.1999999999999345,2.1382892029914515,0.31604584180491835,36.05690587332898,35.430752982280005,9.507383619734977,3.083404550125555
7.219999999999934,2.1444573574228487,0.3005367357170961,36.05690496509586,35.41672332167674,9.45914124787066,3.075571694477412
7.239999999999934,2.1503010704177634,0.28358720284886973,36.056903843287756,35.40277191598839,9.409735767438038,3.067529261056533
7.259999999999933,2.155790651067109,0.2651083723288933,36.05690250560004,35.38892121307855,9.35923629438112,3.0592868931143284
7.279999999999933,2.1608945930279893,0.2450075731273219,36.0569009507662,35.37519343758236,9.307713177356511,3.0508544995388607
7.299999999999932,2.1655794987133956,0.2231883585552893,36.05689917855203,35.36161051402144,9.255237856053576,3.0422422415142383
7.319999999999932,2.1698100043584283,0.1995505717937754,36.056897189744845,35.34819399050914,9.201882717322103,3.0334605185039254
7.3399999999999315,2.173548706819743,0.17399045476338426,36.05689498613788,35.334964963364946,9.147720949750633,3.0245199536043126
7.359999999999931,2.1767560931136414,0.14640081400431398,36.05689257051,35.32194400295513,9.092826397376784,3.0154313783233047
7.379999999999931,2.1793904738248178,0.11667124268420044,36.05688994660073,35.30915108107319,9.037273413246545,3.0062058168473005
7.39999999999993,2.1814079217193534,0.08468842085042129,36.05688711908085,35.29660550016933,8.98113671357211,2.996854469868717
7.41999999999993,2.1827622170350662,0.050336485913668655,36.05688409351863,35.284325824731816,8.924491233267041,2.987388698055049
7.439999999999929,2.1834048011575495,0.013497500695488619,36.05688087634187,35.27232981511532,8.867411983662462,2.9778200052492196
7.459999999999929,2.1832847405888587,-0.025947983303149024,36.05687747479601,35.26063436410248,8.809973913227847,2.968160021499489
7.4799999999999285,2.182348703311352,-0.06812024641548997,36.05687389689844,35.24925543647396,8.752251772134349,2.95842048602533
7.499999999999928,2.180540949914889,-0.11313960267346039,36.05687015138921,35.238208011850844,8.694319981506107,2.948613230233173
7.519999999999928,2.177803342076962,-0.16112546188443846,36.05686624767848,35.22750603105946,8.636252508205173,2.93875016090262
7.539999999999927,2.1740753712214267,-0.21219524628553804,36.056862195790785,35.217162346254696,8.578122745987269,2.9288432436692937
7.559999999999927,2.1692942104219854,-0.2664631474008255,36.05685800630653,35.20718867502187,8.520003403847486,2.9189044869346934
7.579999999999926,2.1633947928408226,-0.32403871397156164,36.056853690300805,35.19759555866051,8.46196640234654,2.908945926335954
7.599999999999926,2.1563099202099356,-0.3850252603487612,36.05684925927993,35.188392324835505,8.404082778667272,2.8989796099088507
7.6199999999999255,2.147970405022741,-0.44951808389325587,36.056844725115816,35.17958705476229,8.346422601097517,2.8890175840755137
7.639999999999925,2.13830525025614,-0.5176024924990518,36.05684009997852,35.17118655507289,8.289054893567267,2.8790718805836137
7.659999999999925,2.1272418705296188,-0.5893516363649329,36.05683539626719,35.16319633448929,8.232047570784035,2.8691545045159272
7.679999999999924,2.1147063586167136,-0.6648241400366345,36.05683062653951,35.1556205854093,8.175467384410052,2.859277423477836
7.699999999999924,2.1006238011448177,-0.7440615520147665,36.056825803440006,35.14846217048812,8.119379880606164,2.8494525580549968
7.719999999999923,2.084918647160503,-0.8270856137879541,36.056820939627286,35.141722614277086,8.063849369130164,2.8396917736138483
7.739999999999923,2.06751513290746,-0.9138953710869374,36.056816047700366,35.13540209995737,8.008938904020763,2.8300068734935544
7.7599999999999225,2.0483377657235287,-1.0044641560708698,36.05681114012405,35.129499471184545,7.954710275722055,2.8204095936090656
7.779999999999922,2.0273118693533942,-1.0987364714045744,36.05680622915368,35.12401223903606,7.901224014307852,2.8109115984512663
7.799999999999922,2.0043641921157445,-1.1966248276647247,36.05680132675905,35.1189365940307,7.8485394032511495,2.8015244784315465
7.819999999999921,1.979423578416666,-1.2980065834352557,36.05679644454741,35.11426742316584,7.7967145029530505,2.7922597484748892
7.839999999999921,1.952421702798043,-1.402720862257162,36.05679159368555,35.10999833189566,7.7458061830000915,2.7831288477179945
7.85999999999992,1.9232938643041262,-1.5105656200202928,36.056786784820936,35.10612167095031,7.695870161862807,2.7741431401178285
7.87999999999992,1.8919798372032413,-1.6212949548286824,36.056782028001344,35.10262856787412,7.646961052486239,2.76531391572209
7.8999999999999195,1.8584247722720164,-1.734616760571163,36.056777332593214,35.09950896313906,7.5991324119607855,2.756652392297728
7.919999999999919,1.8225801406692876,-1.8501908326141097,36.05677270719829,35.09675165066829,7.552436793207021,2.748169716958365
7.939999999999919,1.7844047102622844,-1.9676275381776565,36.05676815956838,35.09434432258486,7.506925796369093,2.7398769673781143
7.959999999999918,1.7438655417985578,-2.0864871784478964,36.05676369651822,35.09227361798022,7.462650117398616,2.731785152130126
7.979999999999918,1.7009389900216156,-2.2062801532521763,36.05675932383648,35.090525175479584,7.419659591134917,2.7239052096456877
7.999999999999917,1.6556116924254751,-2.326468052733951,36.056755046194915,35.08908368936312,7.378003226060577,2.716248005256622
8.019999999999918,1.607881526099453,-2.4464657700851347,36.05675086705618,35.08793296898567,7.337729227845253,2.7088243257629783
8.039999999999917,1.5577585112652421,-2.565644734281577,36.05674678858088,35.08705600122304,7.298885008797863,2.7016448709624776
8.059999999999917,1.5052656384475467,-2.683337321725706,36.05674281153486,35.086435015658964,7.26151718043863,2.694720241590698
8.079999999999917,1.4504395952692606,-2.7988424877063163,36.05673893519794,35.08605155221464,7.225671526588034,2.688060923154093
8.099999999999916,1.393331368365307,-2.911432617674983,36.05673515727583,35.085886530911964,7.1913929546559565,2.68167726519355
8.119999999999916,1.334006696378936,-3.020361558368745,36.05673147381734,35.08592032345258,7.158725423205731,2.6755794555956904
8.139999999999915,1.2725463511491306,-3.1248737513452465,36.05672787913922,35.086132826287034,7.127711844363667,2.669777489672813
8.159999999999915,1.2090462263434925,-3.2242143258246783,36.05672436576154,35.086503534842436,7.098393960239803,2.6642811338595265
8.179999999999914,1.1436172159939066,-3.31763998469681,36.05672092435667,35.08701161857254,7.070812193209414,2.6590998840226767
8.199999999999914,1.0763848693089748,-3.4044304484429837,36.05671754371486,35.08763599649168,7.045005470661046,2.654242918547782
8.219999999999914,1.007488813174394,-3.483900194991703,36.05671421073007,35.08835541285265,7.021011025623624,2.649719046545053
8.239999999999913,0.9370819393819428,-3.5554101935954865,36.05671091040876,35.089148512629336,6.998864175515354,2.645536651705161
8.259999999999913,0.8653293598992311,-3.6183793136347604,36.05670762590464,35.0899939164669,6.978598082080087,2.6417036325220296
8.279999999999912,0.7924071400768543,-3.6722950656106423,36.05670433858165,35.0908702947666,6.960243496358283,2.638227339779171
8.299999999999912,0.7185008264035574,-3.716723349370733,36.056701028106794,35.09175644057713,6.943828493245059,2.635114512359009
8.319999999999911,0.6438037918683821,-3.751316897493225,36.05669767257338,35.092631340972204,6.929378200782945,2.6323712125729806
8.339999999999911,0.5685154279738206,-3.775822123498486,36.056694248654836,35.09347424660225,6.916914529790775,2.6300027623161872
8.35999999999991,0.49283921756727617,-3.7900841547238726,36.056690731787455,35.094264739119026,6.9064559097169,2.6280136814173742
8.37999999999991,0.4169807267916562,-3.794049867042335,36.05668709637996,35.09498279618375,6.8980170367054034,2.626407629577976
8.39999999999991,0.3411455572503709,-3.7877688160740384,36.05668331604641,35.095608853783325,6.891608639767718,2.625187353269804
8.41999999999991,0.2655373008603891,-3.771392038349478,36.05667936385824,35.09612386559482,6.887237270657873,2.624354638888935
8.439999999999909,0.1903555397752891,-3.745168756341579,36.056675212610266,35.09650935915523,6.8849051225658915,2.6239102733450874
8.459999999999908,0.11579393212401425,-3.7094411155274996,36.05667083509509,35.09674748861271,6.884609882088714,2.623854013105286
8.479999999999908,0.042038421331602245,-3.664637128340094,36.056666204379944,35.09682108385567,6.8863446181375805,2.62418456251415
8.499999999999908,-0.03073439753574188,-3.611262069619018,36.05666129408004,35.09671369583774,6.89009771052841,2.6248995619886886
8.519999999999907,-0.10235872619013817,-3.549888609694859,36.056656078622524,35.096409637940255,6.895852820014997,2.6259955864424063
8.539999999999907,-0.17268080422625204,-3.481146001687548,36.05665053349592,35.09589402323764,6.90358890050459,2.627468154041946
8.559999999999906,-0.24155992723785366,-3.405708655951952,36.05664463548012,35.09515279755709,6.913280253181807,2.6293117451496326
8.579999999999906,-0.3088692331130217,-3.324284433472047,36.05663836285334,35.094172768249386,6.92489662129858,2.6315198310669405
8.599999999999905,-0.3744962540737093,-3.237602982512711,36.05663169557295,35.09294162861494,6.938403323498754,2.634084911975837
8.619999999999905,-0.43834323833315914,-3.1464044078675655,36.05662461542836,35.09144797795596,6.953761422764785,2.6369985632845507
8.639999999999905,-0.5003272507156594,-3.051428539168858,36.05661710616478,35.08968133725286,6.970927927422027,2.640251489427101
8.659999999999904,-0.5603800664503054,-2.9534050116721855,36.056609153578165,35.08763216049003,6.989856020127653,2.6438335840456473
8.679999999999904,-0.6184478761941993,-2.8530443336005464,36.0566007455817,35.085291841682775,7.010495310412662,2.6477339954029864
8.699999999999903,-0.6744908233510652,-2.7510300650231994,36.056591872245605,35.08265271768342,7.032792106136689,2.6519411958293286
8.719999999999903,-0.7284823967106732,-2.648012179360465,36.056582525812146,35.07970806686965,7.0566896991493095,2.65644305400084
8.739999999999903,-0.7804087025230626,-2.544601648458644,36.05657270068827,35.07645210384265,7.0821286605167595,2.6612269088743186
8.759999999999902,-0.8302676403880966,-2.4413662328839885,36.05656239341859,35.072879970285776,7.10904714085346,2.666279644158403
8.779999999999902,-0.8780680067753764,-2.3388274471548782,36.05655160264153,35.068987722156024,7.137381171575116,2.6715877622820323
8.799999999999901,-0.9238285489116159,-2.2374586165065917,36.056540329031336,35.06477231340104,7.16706496324453,2.677137456920083
8.8199999999999,-0.967576990132446,-2.1376839489023993,36.056528575228796,35.06023157641341,7.198031197592464,2.682914683248885
8.8399999999999,-1.0093490457558028,-2.0398784995609134,36.05651634576296,35.05536419944996,7.23021131024471,2.6889052252254464
8.8599999999999,-1.0491874464073219,-1.9443689269756972,36.05650364696638,35.05016970126001,7.263535761654288,2.695094759308898
8.8799999999999,-1.0871409832137526,-1.8514349093547775,36.0564904868856,35.04464840317874,7.2979342942092185,2.701468914166739
8.899999999999899,-1.1232635870430434,-1.7613111089373135,36.05647687518887,35.038801398953105,7.333336173947006,2.7080133260283277
8.919999999999899,-1.1576134514860588,-1.6741895650580039,36.05646282307227,35.03263052257685,7.369670415746205,2.714713689460862
8.939999999999898,-1.1902522071513117,-1.5902224140546881,36.0564483431655,35.02613831441754,7.406865991274129,2.721555803446648
8.959999999999898,-1.221244152696698,-1.5095248300253667,36.05643344943824,35.01932798592311,7.444852019341754,2.7285256127333226
8.979999999999897,-1.250655546226286,-1.4321781028488794,36.05641815710762,35.0122033831979,7.483557938647923,2.7356092445098814
8.999999999999897,-1.2785539589735349,-1.3582327799755252,36.05640248254733,35.00476894973746,7.522913663183052,2.7427930405305925
9.019999999999897,-1.3050076918099986,-1.2877117973836607,36.05638644319866,34.997029688609985,7.562849720806848,2.750063584866148
9.039999999999896,-1.3300852539177928,-1.220613554140801,36.05637005748359,34.988991124366734,7.603297375716314,2.7574077275071804
9.059999999999896,-1.3538549019553487,-1.1569148836310883,36.05635334471994,34.980659264957936,7.644188735681008,2.764812604080249
9.079999999999895,-1.3763842373189197,-1.0965738861698102,36.05633632503857,34.97204056392124,7.685456845045036,2.7722656519614124
9.099999999999895,-1.3977398584833964,-1.0395325992010895,36.05631901930257,34.963141883099574,7.72703576458279,2.779754623088662
9.119999999999894,-1.41798706497063,-0.9857194899370774,36.05630144902822,34.953970456131856,7.7688606393515105,2.7872675937827553
9.139999999999894,-1.437189609252509,-0.935051752727436,36.05628363630759,34.9445338529465,7.810867755711851,2.7947929718875155
9.159999999999894,-1.4554094926996584,-0.8874374173231802,36.05626560373262,34.93483994547092,7.852994588691874,2.802319501536517
9.179999999999893,-1.4727068016601559,-0.8427772541705151,36.056247374320606,34.92489687475309,7.895179840853504,2.80983626584424
9.199999999999893,-1.4891395797667257,-0.8009664917555401,36.05622897144071,34.914713019672696,7.937363473786901,2.817332687807193
9.219999999999892,-1.5047637326821635,-0.7618963439526379,36.05621041874162,34.904296967399425,7.979486733311012,2.824798529685084
9.239999999999892,-1.519632961635846,-0.7254553641295393,36.05619174008002,34.893657485735424,8.021492169399984,2.83222389111454
9.259999999999891,-1.5337987222872174,-0.6915306260790555,36.05617295944998,34.882803497457786,8.063323651788368,2.8395992061888538
9.279999999999891,-1.5473102056722385,-0.6600087523124435,36.05615410091305,34.87174405675486,8.104926382135192,2.846915239717402
9.29999999999989,-1.5602143382300944,-0.630776796231085,36.05613518852906,34.86048832782847,8.146246903549745,2.854163082858046
9.31999999999989,-1.5725557981201446,-0.6037229913534081,36.0561162462876,34.84904556571161,8.18723310820272,2.8613341482956374
9.33999999999989,-1.58437704531095,-0.5787373795336366,36.05609729804029,34.837425099329174,8.22783424366599,2.8684201651198156
9.35999999999989,-1.5957183631266945,-0.5557123334078936,36.0560783674336,34.82563631680742,8.268000918544285,2.875413173535985
9.379999999999889,-1.6066179092166355,-0.5345429754978546,36.05605947784261,34.81368865301655,8.30768510788363,2.8823055195248872
9.399999999999888,-1.6171117740667655,-0.5151275165311516,36.056040652305526,34.80159157930933,8.34684015876497,2.8890898495486375
9.419999999999888,-1.627234045460485,-0.4973675124417745,36.056021913459126,34.78935459539939,8.385420796417874,2.8957591053846095
9.439999999999888,-1.6370168774035379,-0.48116805645935923,36.05600328347523,34.776987223302605,8.423383131119333,2.902306519153229
9.459999999999887,-1.6464905622947479,-0.4664379118436412,36.05598478399833,34.76449900324738,8.460684666076174,2.9087256085915314
9.479999999999887,-1.6556836052102493,-0.45308959353430106,36.05596643608449,34.75189949144189,8.497284306427563,2.9150101726113347
9.499999999999886,-1.6646227993920102,-0.44103940538586334,36.05594826014162,34.7391982595707,8.533142369446029,2.9211542871690344
9.519999999999886,-1.6733333020951868,-0.43020744290663987,36.0559302758714,34.72640489587826,8.568220595961968,2.9271523014633125
9.539999999999885,-1.6818387101520835,-0.4205175606108754,36.055912502212806,34.71352900768326,8.602482162987327,2.9329988344674343
9.559999999999885,-1.690161134629168,-0.41189731609283736,36.055894957287684,34.700580225156294,8.635891697469546,2.9386887717942414
9.579999999999885,-1.6983212741469367,-0.40427789193106106,36.05587765834824,34.6875682061822,8.668415291066308,2.944217262884366
9.599999999999884,-1.706338486421033,-0.39759399884125635,36.05586062172692,34.67450264212013,8.700020515795647,2.949579718501544
9.619999999999884,-1.7142308577587229,-0.3917837651009962,36.05584386278855,34.66139326426598,8.730676440383931,2.9547718085131263
9.639999999999883,-1.722015270209825,-0.38678861552906946,36.055827395885316,34.648249850817095,8.760353647106225,2.9597894599289027
9.659999999999883,-1.7297074662121992,-0.3825531420126072,36.05581123431431,34.63508223413332,8.789024248889605,2.9646288551671365
9.679999999999882,-1.7373221105681393,-0.3790249666119333,36.05579539027823,34.6219003080869,8.816661906429502,2.9692864305131463
9.699999999999882,-1.744872849663757,-0.37615460127333383,36.055779874849094,34.60871403529144,8.843241845052585,2.9737588747328836
9.719999999999882,-1.7523723678346954,-0.37389530543426747,36.05576469793545,34.59553345400092,8.868740871046182,2.9780431278015738
9.739999999999881,-1.7598324408835841,-0.3722029421151785,36.05574986825297,34.582368684471106,8.893137387164558,2.9821363797057567
9.75999999999988,-1.7672639866869713,-0.37103583182065025,36.05573539329869,34.569229934579056,8.916411407015282,2.9860360692756682
9.77999999999988,-1.7746771129464471,-0.37035461238038236,36.05572127932921,34.55612750450128,8.938544568025437,2.9897398830041113
9.79999999999988,-1.7820811620671473,-0.37012209345025215,36.055707531342684,34.54307179025685,8.959520142686547,2.993245753807486
9.81999999999988,-1.7894847532317018,-0.37030311978227937,36.05569415306504,34.53007328592983,8.97932304777911,2.9965518596845793
9.839999999999879,-1.7968958217012552,-0.3708644318596844,36.05568114694036,34.517142584393824,8.997939851282547,2.9996566222290424
9.859999999999879,-1.8043216554056265,-0.37177453369447255,36.05566851412549,34.50429037637243,9.01535877668361,3.0025587049520963
9.879999999999878,-1.8117689288785792,-0.3730035604236944,36.05565625448923,34.491527447680255,9.031569704406303,3.0052570113729544
9.899999999999878,-1.8192437346069974,-0.3745231511863379,36.0556443666158,34.4788646745025,9.046564170098605,3.0077506828356975
9.919999999999877,-1.8267516118614053,-0.3763063246354347,36.05563284781306,34.46631301658497,9.060335359525908,3.010039096012859
9.939999999999877,-1.8342975730676638,-0.3783273579729154,36.05562169412495,34.45388350822126,9.072878099837896,3.0121218600577726
9.959999999999877,-1.8418861278018759,-0.38056166897971244,36.05561090034891,34.44158724694061,9.084188846994328,3.0139988133697613
9.979999999999876,-1.8495213044453833,-0.3829857023615873,36.055600460057484,34.42943537981579,9.094265669156277,3.015670019938567
9.999999999999876,-1.8572066695973317,-0.3855768170350979,36.05559036562476,34.417439087329896,9.103108225871738,3.017135765236914
10.019999999999875,-1.864945345273246,-0.3883131771925995,36.05558060825701,34.40560956475778,9.110717742909225,3.018396551632874
10.039999999999875,-1.8727400239597434,-0.3911736483957782,36.05557117802803,34.39395800103853,9.117096982618849,3.0194530932966734
10.059999999999874,-1.8805929815769746,-0.3941376915068065,36.05556206391852,34.382495555134234,9.122250209727829,3.0203063105797447
10.079999999999874,-1.8885060883799845,-0.397185262163382,36.05555325385983,34.37123332989098,9.126183152506156,3.02095732384722
10.099999999999874,-1.896480817858719,-0.40029671159257446,36.05554473478166,34.36018234343789,9.128902959268094,3.021407446748633
10.119999999999873,-1.9045182536531926,-0.4034526883032903,36.055536492663734,34.349353498181095,9.130418150205934,3.021658178915334
10.139999999999873,-1.9126190945274184,-0.4066340398574266,36.05552851259107,34.33875754746942,9.13073856458399,3.0217111980770084
10.159999999999872,-1.9207836574239252,-0.40982171936595846,36.05552077881279,34.32840506002943,9.12987530335304,3.0215683515937615
10.179999999999872,-1.9290118785906805,-0.41299668954832064,36.05551327480423,34.31830638228693,9.127840667277809,3.021231647404384
10.199999999999871,-1.9373033128374442,-0.41613982798147653,36.055505983331926,34.30847159871202,9.12464809070255,3.0207032443956736
10.219999999999871,-1.9456571308838875,-0.41923183239579886,36.055498886521626,34.29891049034333,9.120312071112444,3.019985442202072
10.23999999999987,-1.9540721148167162,-0.42225312619976674,36.05549196592842,34.289632491665294,9.114848094680324,3.019080670449255
10.25999999999987,-1.9625466516542702,-0.42518376266605673,36.05548520260934,34.28064664602983,9.108272558019937,3.017991477459792
10.27999999999987,-1.9710787249813233,-0.42800332923543943,36.0554785771977,34.27196155982949,9.100602686397513,3.016720518443416
10.29999999999987,-1.9796659046643643,-0.43069085011898284,36.05547206997886,34.26358535564478,9.091856448683117,3.015270543198921
10.319999999999869,-1.988305334588781,-0.43322468633210903,36.05546566096753,34.25552562460183,9.082052469351577,3.013644383359055
10.339999999999868,-1.996993718407277,-0.43558243690170895,36.05545932998554,34.24778937818926,9.071209937869828,3.01184493921414
10.359999999999868,-2.005727303256451,-0.4377408340887236,36.05545305674044,34.24038299979409,9.059348515832722,3.0098751661543575
10.379999999999868,-2.0145018613850825,-0.4396756385546058,36.05544682090406,34.233312196226066,9.046488242232929,3.007738060774729
10.399999999999867,-2.0233126696643047,-0.44136153327355987,36.05544060219107,34.22658194950818,9.03264943727197,3.0054366466907885
10.419999999999867,-2.03215448689261,-0.44277201066916383,36.05543438043678,34.2201964692169,9.017852605139039,3.0029739601167105
10.439999999999866,-2.0410215288788525,-0.4438792587475017,36.05542813567425,34.21415914566145,9.002118336201196,3.0003530352612167
10.459999999999866,-2.049907441186895,-0.44465404622656524,36.05542184821,34.20847250419356,8.985467209063751,2.997576889599957
10.479999999999865,-2.058805269526694,-0.4450655979699278,36.05541549869825,34.20313816094193,8.96791969297201,2.994648509086168
10.499999999999865,-2.067707427658544,-0.4450814727658393,36.05540906821314,34.198156780264796,8.949496051035815,2.991570833364274
10.519999999999865,-2.076605662797292,-0.4446674359921761,36.05540253831876,34.193528034212925,8.930216244766251,2.988346741053697
10.539999999999864,-2.0854910183849866,-0.4437873232037237,36.05539589113665,34.18925056429264,8.910099840419264,2.984979035172486
10.559999999999864,-2.094353794196212,-0.4424029077559483,36.05538910941034,34.185321945813556,8.889165917644489,2.981470428772435
10.579999999999863,-2.103183503665224,-0.4404737591904401,36.055382176566894,34.18173865510074,8.867432980938446,2.9778235308591485
10.599999999999863,-2.111968828379609,-0.43795709953180295,36.055375076774894,34.17849603984391,8.844918874400756,2.974040832672066
10.619999999999862,-2.12069756967141,-0.43480765595455745,36.05536779499889,34.17558829284821,8.821640700289164,2.9701246944007527
10.639999999999862,-2.1293565972163657,-0.4309775100176947,36.05536031704989,34.173008429442625,8.797614741865017,2.9660773324148204
10.659999999999862,-2.1379317946121152,-0.42641594645501424,36.0553526296319,34.17074826879206,8.772856391015033,2.9619008070857187
10.679999999999861,-2.146408001873972,-0.42106929749748656,36.05534472038394,34.168798419348555,8.747380081128469,2.9575970112793373
10.69999999999986,-2.154768954816388,-0.41488078466461903,36.05533657791788,34.167148268666466,8.721199225700744,2.953167659598883
10.71999999999986,-2.1629972213190714,-0.4077903659265456,36.05532819185152,34.16578597779417,8.694326163126293,2.9486142784579834
10.73999999999986,-2.17107413446909,-0.3997345792037112,36.05531955283712,34.16469848044367,8.666772108134346,2.9439381970643246
10.75999999999986,-2.1789797226356034,-0.3906463896638492,36.05531065258503,34.16387148712619,8.638547110312306,2.9391405393945194
10.779999999999859,-2.1866926365278436,-0.3804550420965512,36.0553014838825,34.16328949443082,8.609660020152432,2.934222217241297
10.799999999999859,-2.194190073372731,-0.36908591966627097,36.055292040607625,34.162935799609286,8.580118463048953,2.9291839244146063
10.819999999999858,-2.2014476983331033,-0.3564604124948242,36.05528231773834,34.16279252061845,8.549928821664652,2.924026132178824
10.839999999999858,-2.208439563417803,-0.34249579639995237,36.0552723113565,34.16284062175915,8.519096227078826,2.9187490860090777
10.859999999999857,-2.2151380241325,-0.32710512867104236,36.05526201864709,34.16305994503771,8.487624559122121,2.9133528037507097
10.879999999999857,-2.2215136542313347,-0.3101971647692275,36.05525143789252,34.163429247363965,8.455516456298577,2.9078370752672127
10.899999999999856,-2.227535159006693,-0.2916762960465958,36.055240568462274,34.16392624368739,8.422773335691092,2.9022014636635913
10.919999999999856,-2.233169287654756,-0.2714425183208827,36.05522941079773,34.16452765616049,8.389395423243338,2.8964453081740276
10.939999999999856,-2.2383807453520275,-0.24939143769565053,36.05521796639246,34.16520926940603,8.355381794809285,2.8905677288050673
10.959999999999855,-2.243132105820037,-0.22541431448090987,36.055206237768154,34.165945991952405,8.320730428360067,2.8845676328281966
10.979999999999855,-2.2473837253048785,-0.19939816072370406,36.0551942284461,34.166711923887526,8.285438267737275,2.8784437232187248
10.999999999999854,-2.251093659006567,-0.17122589121923235,36.0551819429146,34.16748043076888,8.249501298341071,2.872194509141237
11.019999999999854,-2.254217581250511,-0.1407765466697181,36.05516938659253,34.168224223812196,8.212914635140416,2.865818318585534
11.039999999999853,-2.256708710818872,-0.1079255877618068,36.05515656578886,34.16891544636567,8.175672623390534,2.859313313260814
11.059999999999853,-2.258517743068062,-0.07254528417336795,36.05514348765888,34.169525766659945,8.137768952438497,2.8526775058598015
11.079999999999853,-2.259592790778447,-0.034505198429774016,36.055130160156985,34.1700264768049,8.099196782990624,2.8459087798084157
11.099999999999852,-2.259879335798215,0.006327214790789022,36.05511659198631,34.17038859798339,8.05994888820408,2.839004911620281
11.119999999999852,-2.2593201939273193,0.050085883891142643,36.05510279254558,34.17058299176835,8.020017808947953,2.8319635959785843
11.139999999999851,-2.2578554956664654,0.09690525337571423,36.0550887718733,34.17058047746324,7.979396023555014,2.82478247367032
11.159999999999851,-2.2554226858207533,0.14691926394158172,36.05507454058958,34.17035195533508,7.93807613235199,2.8174591624994303
11.17999999999985,-2.2519565451847816,0.20026016231479773,36.05506010983584,34.169868535575205,7.896051057211908,2.8099912913053497
11.19999999999985,-2.247389237871865,0.2570571256116544,36.05504549121276,34.16910167278379,7.853314256314298,2.8023765372116394
11.21999999999985,-2.2416503880680625,0.31743468933221386,36.05503069671653,34.168023305729776,7.809859954225508,2.7946126662250546
11.23999999999985,-2.2346671903653377,0.38151096292165887,36.05501573867387,34.16660600208823,7.765683387319229,2.7866975772981233
11.259999999999849,-2.226364557921174,0.44939562650806125,36.05500062967588,34.16482310780087,7.720781064444073,2.7786293499572903
11.279999999999848,-2.216665313029096,0.5211876949930082,36.05498538251108,34.162648900642914,7.675151042607169,2.7704062955832254
11.299999999999848,-2.2054904246854306,0.5969730520149724,36.054970010097804,34.16005874750971,7.628793217278028,2.7620270124091886
11.319999999999848,-2.192759297888621,0.6768217443690757,36.05495452541609,34.157029264859524,7.581709626721688,2.753490444276444
11.339999999999847,-2.178390119266573,0.7607850538858717,36.054938941439225,34.15353848166463,7.533904769542021,2.7447959431516984
11.359999999999847,-2.1623002635442687,0.8488923497734892,36.0549232710651,34.14956600413061,7.485385934352581,2.7359433353694627
11.379999999999846,-2.1444067648974507,0.9411477444267229,36.05490752704733,34.145093181344635,7.43616354019085,2.726932991510948
11.399999999999846,-2.1246268568970477,1.0375265899842316,36.0548917219262,34.14010327090724,7.386251485951623,2.7177658997698133
11.419999999999845,-2.102878583870987,1.137971846418792,36.054875867959254,34.1345816034892,7.335667506735074,2.708443742582643
11.439999999999845,-2.079081485675906,1.2423903813999315,36.05485997705148,34.12851574513699,7.284433534586024,2.698968976217775
11.459999999999845,-2.0531573566237955,1.3506492680746578,36.05484406068486,34.121895656027974,7.2325760606444325,2.6893449129192097
11.479999999999844,-2.0250310778197624,1.4625721610033375,36.05482812984672,34.11471384425068,7.180126495237503,2.6795758050925715
11.499999999999844,-1.994631520479822,1.5779358392773601,36.054812194956895,34.10696551305998,7.127121521925796,2.6696669308971477
11.519999999999843,-1.961892515668621,1.6964670400236157,36.05479626579298,34.098648699932085,7.073603440978337,2.6596246804724792
11.539999999999843,-1.9267538836752713,1.8178396834681305,36.05478035141317,34.089764405623924,7.019620497204637,2.649456641880489
11.559999999999842,-1.8891625136061816,1.9416726459157154,36.05476446007641,34.08031671132911,6.965227186528739,2.6391716856863896
11.579999999999842,-1.8490734811131027,2.067528202728725,36.0547485991592,34.070312881920756,6.910484535167878,2.6287800469358173
11.599999999999842,-1.8064511891797557,2.194911299730295,36.054732775068686,34.05976345318523,6.855460344795355,2.618293403114967
11.619999999999841,-1.7612705140391243,2.323269795753736,36.05471699315205,34.048682300884735,6.800229396645943,2.6077249465091104
11.63999999999984,-1.7135179353696233,2.4519958122324907,36.05470125760167,34.037086689443925,6.744873607186793,2.5970894492078616
11.65999999999984,-1.6631926272462922,2.580428328611427,36.05468557135684,34.02499729804423,6.689482127753983,2.5864033188491664
11.67999999999984,-1.6103074839716398,2.707857115835227,36.0546699360023,34.01243822193122,6.6341513804717644,2.575684643055466
11.69999999999984,-1.554890053056069,2.8335280962637714,36.054654351664816,33.99943694680386,6.578985022855866,2.5649532204030283
11.719999999999839,-1.4969833464556657,2.9566501626560364,36.054638816909254,33.98602429426153,6.524093833780127,2.5542305756881323
11.739999999999839,-1.4366465007714257,3.076403455895315,36.05462332863626,33.972234336443755,6.469595513980442,2.543539957221125
11.759999999999838,-1.3739552577834615,3.191949041053561,36.05460788198427,33.95810427820932,6.415614395001363,2.5329063139013575
11.779999999999838,-1.309002238361534,3.302439870434406,36.05459247023873,33.94367430547312,6.362281051470798,2.5223562499121326
11.799999999999837,-1.2418969856898296,3.4070328529786433,36.05457708475271,33.92898739865039,6.309731812823313,2.511917955034223
11.819999999999837,-1.1727657578639423,3.504901806125237,36.054561714882226,33.91408911055226,6.2581081720782565,2.501621108816892
11.839999999999836,-1.1017510550677339,3.595250990386913,36.05454634794126,33.89902730853317,6.207556091001251,2.4914967571725337
11.859999999999836,-1.0290108730178085,3.677328891050845,36.05453096918013,33.883851881207605,6.158225202911399,2.4815771603783348
11.879999999999836,-0.9547176813637024,3.75044187181497,36.054515561791696,33.86861441062789,6.110267916505205,2.471895611975798
11.899999999999835,-0.8790571337307387,3.8139672923014287,36.05450010694885,33.85336781143969,6.063838426304878,2.462486228652838
11.919999999999835,-0.802226524135182,3.867365683003012,36.05448458387631,33.8381659391998,6.019091637646167,2.4533837118653428
11.939999999999834,-0.7244330126954972,3.9101915763693214,36.05446896995855,33.823063170740916,5.976182016435098,2.444623082692933
11.959999999999834,-0.6458916512536392,3.9421026264322676,36.054453240884996,33.80811396018715,5.935262376153627,2.4362393922095644
11.979999999999833,-0.5668232464575205,3.962866696165674,36.0544373708317,33.793372374946465,5.896482616709023,2.4282674104614226
11.999999999999833,-0.4874521036220114,3.972366655088161,36.05442133267774,33.77889161671504,5.859988431628325,2.420741297955716
12.019999999999833,-0.4080036989997136,3.970602717629322,36.05440509825315,33.76472353320249,5.8259200017292905,2.413694264344449
12.039999999999832,-0.32870233072285376,3.9576922330400786,36.05438863861369,33.75091812690645,5.7944106946904546,2.4071582197043995
12.059999999999832,-0.24976879940355073,3.9338669391425816,36.054371924336756,33.73752306780636,5.765585790842458,2.4011634244345923
12.079999999999831,-0.17141816827902023,3.8994677770142827,36.05435492583181,33.72458321728787,5.739561255968712,2.3957381442821983
12.099999999999831,-0.09385764989521819,3.854937464010673,36.05433761365811,33.71214017092785,5.716442581906473,2.390908317336002
12.11999999999983,-0.01728466156674377,3.800811089107773,36.05431995884223,33.70023182794468,5.6963237152636275,2.386697239966483
12.13999999999983,0.05811491397141025,3.737705062269228,36.054301933188086,33.688891995131044,5.679286093609733,2.3831252786225345
12.15999999999983,0.13216823355591834,3.6663047926760237,36.054283509572365,33.67815003291916,5.6653978070731945,2.380209614104017
12.17999999999983,0.2047167428374051,3.5873515031958494,36.05426466221931,33.66803055087102,5.65471290140381,2.3779640244132816
12.199999999999829,0.2756171565024531,3.501628583922623,36.054245366949495,33.65855315933148,5.647270836276538,2.376398711554216
12.219999999999828,0.3447421643648452,3.409947889253206,36.05422560139857,33.64973228322715,5.643096109964704,2.375520176711767
12.239999999999828,0.4119808659302081,3.313136346691118,36.05420534520307,33.641577043047036,5.642198058553996,2.3753311471359093
12.259999999999827,0.47723894305063824,3.2120232065226557,36.054184580151755,33.634091206910476,5.644570834666524,2.3758305568088236
12.279999999999827,0.5404385864008774,3.1074282197703726,36.05416329030202,33.62727321633631,5.650193567287478,2.377013581637151
12.299999999999827,0.6015181965827571,3.000150952619772,36.05414146206218,33.621116286898,5.659030700811644,2.378871728532592
12.319999999999826,0.660431884412333,2.89096141379665,36.054119084241144,33.61560858341684,5.6710325079342665,2.3813929763762776
12.339999999999826,0.7171487977077694,2.7805920876151133,36.054096148068076,33.61073346774759,5.686135767583428,2.384561965557496
12.359999999999825,0.7716523033115716,2.6697314285655587,36.05407264718484,33.60646981559096,5.70426459581412,2.3883602315844485
12.379999999999825,0.8239390534835171,2.559018801283684,36.05404857761462,33.602792397172834,5.725331414540559,2.3927664772268438
12.399999999999824,0.8740179653471299,2.4490408308586464,36.05402393771028,33.59967231510979,5.749238040253466,2.3977568768024557
12.419999999999824,0.9219091406438242,2.340329071032332,36.05399872808587,33.59707749138324,5.775876872527209,2.403305405587731
12.439999999999824,0.9676427511873283,2.233358882416672,36.053972951534774,33.59497319411779,5.805132160234137,2.4093841869312036
12.459999999999823,1.0112579129084167,2.1285493915109526,36.05394661293752,33.59332259384678,5.836881322005457,2.4159638494823255
12.479999999999823,1.0528015686866246,2.0262643866165444,36.05391971916231,33.59208733818748,5.870996296651651,2.4230138870117215
12.499999999999822,1.092327397282953,1.9268140064837873,36.05389227896049,33.59122813336993,5.907344899007807,2.430503013577191
12.519999999999822,1.1298947627120592,1.8304570736261183,36.053864302859424,33.59070532088899,5.945792157010402,2.4383995072609412
12.539999999999822,1.1655677155710034,1.7374039320498207,36.05383580305413,33.59047943769034,5.986201606734613,2.446671536339648
12.559999999999821,1.1994140550978316,1.6478196619966963,36.05380679329931,33.590511748757095,6.028436523599642,2.455287462518318
12.57999999999982,1.2315044582490624,1.561827548759691,36.053777288802806,33.59076474172588,6.072361069940782,2.464216116727748
12.59999999999982,1.2619116798104844,1.4795127001800845,36.05374730612113,33.59120257420522,6.117841341592197,2.4734270439194677
12.61999999999982,1.2907098255969867,1.40092572476145,36.05371686305755,33.59179146576577,6.1647462989496375,2.482890714258209
12.63999999999982,1.3179736991066782,1.326086386501457,36.0536859785632,33.59250002807715,6.212948571103242,2.4925786990791767
12.659999999999819,1.3437782205668296,1.2549871800428647,36.05365467264101,33.593299528334406,6.2623251249525556,2.5024638109176633
12.679999999999819,1.3681979161737474,1.187596768074364,36.05362296625286,33.59416408289142,6.3127577946409605,2.5125202078074835
12.699999999999818,1.3913064744445331,1.1238632476010608,36.053590881229276,33.595070779843354,6.364133670073712,2.5227234628618556
12.719999999999818,1.4131763659333918,1.0637172175954277,36.05355844018208,33.59599973111645,6.416345346614858,2.5330506008792755
12.739999999999817,1.4338785220574635,1.0070746219800417,36.05352566641926,33.59693405637344,6.469291041200676,2.5434801043453583
12.759999999999817,1.453482068551644,0.9538393647736895,36.05349258386211,33.597859802674364,6.5228745829770896,2.5539918917210933
12.779999999999816,1.472054108875511,0.9039056907303269,36.05345921696426,33.59876580529678,6.577005289093703,2.5645672713137597
12.799999999999816,1.4896595528652943,0.8571603321115537,36.05342559063237,33.59964349637713,6.63159773840902,2.575188874317575
12.819999999999816,1.5063609860337441,0.8134844248275502,36.05339173014829,33.60048666905353,6.686571457537693,2.585840570788867
12.839999999999815,1.5222185750217354,0.7727552118505698,36.05335766109235,33.60129120554983,6.74185053487379,2.596507372389647
12.859999999999815,1.5372900049628067,0.7348475308439124,36.05332340926782,33.602054778127595,6.797363178945242,2.607175325701216
12.879999999999814,1.5516304447001574,0.6996351164680619,36.05328900062622,33.602776532047066,6.853041237698642,2.6178313997846847
12.899999999999814,1.5652925361328847,0.6669917118034195,36.05325446119343,33.603456759627086,6.9088196951027765,2.628463371459221
12.919999999999813,1.5783264042215055,0.6367920246493376,36.05321981699652,33.604096574195154,6.964636160827326,2.639059711493343
12.939999999999813,1.5907796844872386,0.6089125249911831,36.05318509399126,33.60469759219533,7.020430367746746,2.64960947457295
12.959999999999813,1.6026975651161852,0.5832321094583272,36.05315031799028,33.60526163100556,7.076143690692831,2.660102195535508
12.979999999999812,1.614122841116781,0.5596326448230329,36.053115514591916,33.60579042914004,7.131718698294827,2.670527793956623
12.999999999999812,1.6250959781868128,0.5379993969995086,36.053080709109736,33.60628539451569,7.18709874796764,2.680876488756548
13.019999999999811,1.6356551842531741,0.5182213711534361,36.0530459265029,33.60674738538137,7.242227632203523,2.6911387240726783
13.03999999999981,1.6458364868882884,0.5001915624163961,36.05301119130725,33.60717652738455,7.297049282354843,2.7013051072314735
13.05999999999981,1.655673815008975,0.48380713485994997,36.05297652756762,33.607572069116095,7.3515075341268465,2.7113663592600035
13.07999999999981,1.6651990835058588,0.468969535620903,36.05294195877091,33.60793227736562,7.405545957085416,2.721313278012184
13.09999999999981,1.6744422796039171,0.4555845569283874,36.052907507780695,33.60825437226507,7.459107748674479,2.731136713655045
13.11999999999981,1.6834315499664396,0.4435623498216147,36.052873196773064,33.60853450152224,7.5121356915723245,2.7408275559714306
13.139999999999809,1.6921932876831287,0.43281739832377564,36.05283904717403,33.60876775206838,7.56457217172762,2.750376732690927
13.159999999999808,1.700752218411148,0.42326846331254997,36.052805079598805,33.60894819668042,7.6163592531282545,2.7597752178625443
13.179999999999808,1.7091314851097248,0.4148384979021388,36.052771313792775,33.60906897249677,7.667438804284322,2.7690140491309037
13.199999999999807,1.717352730849304,0.407454541444996,36.05273776857485,33.60912238783313,7.717752670557066,2.778084352671291
13.219999999999807,1.7254361793189863,0.4010475949113978,36.052704461782966,33.60910005332015,7.767242885838038,2.786977374475444
13.239999999999807,1.7334007127433717,0.3955524858538318,36.05267141022221,33.60899303312632,7.815851916669923,2.7956845166559696
13.259999999999806,1.741263946921794,0.39090771986221057,36.05263862961562,33.6087920118899,7.863522931689591,2.804197377448597
13.279999999999806,1.7490423032813889,0.38705532742911425,36.05260613455796,33.60848747295451,7.91020008924823,2.8125077936333316
13.299999999999805,1.756751077756267,0.3839407021876778,36.052573938472634,33.60806988357332,7.955828836202633,2.820607884163028
13.319999999999805,1.7644045064503187,0.3815124403313477,36.05254205357195,33.6075298829043,8.000356211153436,2.828490093875783
13.339999999999804,1.7720158280462246,0.3797221760464292,36.052510490820936,33.606858468850426,8.043731145807254,2.8361472362709335
13.359999999999804,1.7795973429306091,0.37852441763627254,36.05247925990487,33.60604718009115,8.085904758636222,2.8435725344425844
13.379999999999804,1.787160469036632,0.37787638615233227,36.05244836920079,33.60508826999156,8.126830635577729,2.8507596593851487
13.399999999999803,1.794715794500508,0.37773785328007387,36.05241782575301,33.60397486945038,8.166465093136905,2.857702765008444
13.419999999999803,1.802273127108143,0.378070986081255,36.052387635252934,33.602701136145846,8.204767419904876,2.8643965193221548
13.439999999999802,1.8098415406485764,0.37884019310914196,36.05235780202329,33.6012623880484,8.241700093168292,2.8708361313680535
13.459999999999802,1.8174294182215793,0.3800119727606986,36.05232832900687,33.59965521948095,8.27722896794464,2.877017373591032
13.479999999999801,1.8250444926018397,0.3815547693248872,36.052299217759895,33.597877598413376,8.311323436419439,2.882936599444989
13.499999999999801,1.832693883723301,0.3834388311181774,36.05227046845019,33.59592894406935,8.343956556374748,2.8885907561256836
13.5199999999998,1.8403841333806803,0.3856360743990232,36.052242079860136,33.59381018429626,8.37510514777405,2.8939773924089405
13.5399999999998,1.8481212372502969,0.38811994866826743,36.05221404939452,33.591523792495835,8.404749857200581,2.899094661648802
13.5599999999998,1.855910674289375,0.39086531156790555,36.05218637309332,33.58907380423284,8.432875190328884,2.9039413200560515
13.5799999999998,1.8637574336332552,0.3938483030672774,36.0521590456494,33.58646581392686,8.459469513040942,2.908516720433448
13.599999999999799,1.871666039060653,0.3970462270660021,36.05213206043115,33.583706952288566,8.484525022176268,2.912820801590147
13.619999999999798,1.8796405710733892,0.400437435098526,36.052105409510084,33.580805845383836,8.508037687230848,2.916854073694954
13.639999999999798,1.8876846867517618,0.40400121402874306,36.05207908369314,33.577772556398095,8.53000716459327,2.920617599856796
13.659999999999798,1.8958016373568936,0.4077176769676963,36.05205307255988,33.57461851133029,8.55043668612998,2.924112974241929
13.679999999999797,1.903994283819888,0.411567659843863,36.052027364504276,33.57135640996982,8.569332924108336,2.9273422970517706
13.699999999999797,1.9122651101348822,0.41553261714764334,36.05200194678099,33.56800012360531,8.586705834578744,2.9303081466935765
13.719999999999796,1.9206162347370797,0.4195945220691249,36.0519768055561,33.564564580980495,8.602568481429635,2.9330135494793805
13.739999999999796,1.9290494198973085,0.42373576872798446,36.051951925961966,33.56106564405312,8.616936843384869,2.935461947187336
13.759999999999796,1.937566079177695,0.427939075915074,36.051927292156016,33.5575199751301,8.629829606236159,2.9376571628146397
13.779999999999795,1.9461672829776822,0.4321873934785544,36.051902887383434,33.5539448969478,8.641267942597235,2.939603364843161
13.799999999999795,1.9548537622199988,0.4364638082402884,36.05187869404319,33.5503582472431,8.651275281435117,2.9413050303283943
13.819999999999794,1.9636259101649027,0.44075145148653844,36.05185469375742,33.54677822932165,8.659877069580885,2.942766907109852
13.839999999999794,1.9724837823945247,0.44503340808639696,36.05183086744372,33.5432232600756,8.667100527350733,2.9439939754270443
13.859999999999793,1.98142709494433,0.4492926244303395,36.05180719539002,33.53971181683812,8.672974400321046,2.944991409210058
13.879999999999793,1.9904552206174835,0.453511815950218,36.051783657331846,33.536262284386204,8.677528709201802,2.9457645372978813
13.899999999999793,1.9995671834482216,0.45767337348062576,36.051760232531564,33.53289280332104,8.680794499642868,2.9463188048211735
13.919999999999792,2.0087616512822732,0.46175927253872573,36.051736899859165,33.52962112096577,8.682803593690606,2.946659734969514
13.939999999999792,2.0180369265184592,0.4657509765696158,36.05171363787439,33.52646444582847,8.683588344489317,2.9467928913463393
13.959999999999791,2.0273909348937202,0.46962933960842085,36.051690424909765,33.52343930658221,8.683181395695488,2.946723841098023
13.97999999999979,2.0368212123416822,0.47337451088062166,36.05166723915405,33.52056141641806,8.681615446944225,2.9464581189869685
13.99999999999979,2.04632488984387,0.4769658291797852,36.051644058736,33.517845543530555,8.678923026577976,2.9460011925622123
14.01999999999979,2.0558986762452944,0.48038172365137694,36.051620861807685,33.51530538839992,8.67513627271917,2.945358428565048
14.03999999999979,2.06553883894433,0.48359960360171805,36.05159762662743,33.51295346844288,8.670286723641649,2.944535060691526
14.059999999999789,2.0752411824231336,0.4865957484555426,36.05157433164147,33.51080101051356,8.664405118271944,2.9435361588184956
14.079999999999789,2.0850010245298733,0.48934519535164855,36.05155095556457,33.50885785165055,8.657521207531175,2.9423665997851414
14.099999999999788,2.0948131704161717,0.49182161880559006,36.05152747745866,33.50713234838391,8.64966357711279,2.941031039807773
14.119999999999788,2.104671884074152,0.49399720726051544,36.05150387680948,33.505631294839255,8.640859482180682,2.939533888591979
14.139999999999787,2.114570857360029,0.49584253601555983,36.051480133600826,33.50435984980412,8.631134694367624,2.937879285193254
14.159999999999787,2.1245031763997355,0.49732643465515003,36.051456228386066,33.50332147285571,8.620513361355426,2.936071075664795
14.179999999999787,2.134461285287742,0.4984158469640099,36.05143214235645,33.50251786958827,8.609017879226696,2.93411279251952
14.199999999999786,2.14443694695209,0.4990756878993048,36.05140785740633,33.501948945924084,8.59666877769366,2.9320076360223997
14.219999999999786,2.1544212010872617,0.4992686936655945,36.051383356194464,33.50161277144268,8.583484618232944,2.9297584573191258
14.239999999999785,2.164404319020791,0.49895526494598375,36.05135862220168,33.501505551621065,8.56948190508632,2.927367743397867
14.259999999999785,2.174375755411991,0.4980933065381451,36.05133363978426,33.5016216088401,8.554675009027328,2.9248376038726196
14.279999999999784,2.184324096642151,0.49663805771907654,36.05130839422315,33.501953371982346,8.539076103741724,2.9221697595693725
14.299999999999784,2.194237005798542,0.49454192000016484,36.05128287176851,33.50249137442157,8.522695114627018,2.9193655328901547
14.319999999999784,2.2041011641242974,0.4917542775708712,36.051257059679784,33.503224260185114,8.505539679782661,2.916425839925072
14.339999999999783,2.213902208827204,0.48822131126956964,36.051230946260794,33.504138798057845,8.487615122937916,2.913351184278668
14.359999999999783,2.22362466714911,0.48388581140143916,36.05120452089007,33.50521990338822,8.468924438049719,2.9101416525746164
14.379999999999782,2.233251886601896,0.47868698284307076,36.051177774046145,33.50645066735563,8.449468285297494,2.9067969116017536
14.399999999999782,2.242765961308459,0.4725602487160792,36.05115069732779,33.50781239346124,8.429244998206427,2.9033162070650222
14.419999999999781,2.25214765438543,0.46543705156000875,36.05112328346914,33.50928464101329,8.408250601645005,2.8996983639070124
14.439999999999781,2.261376316351267,0.4572446559087647,36.05109552634988,33.51084527539125,8.386478840466824,2.89594178816958
14.45999999999978,2.2704297995719425,0.4479059493974013,36.0510674210002,33.51247052489153,8.363921218600714,2.892044470370522
14.47999999999978,2.279284368761791,0.43733924847801087,36.05103896360079,33.514135043980446,8.340567048437006,2.8880039903776114
14.49999999999978,2.2879146077010857,0.4254581114285337,36.05101015147793,33.515811982806895,8.316403510411229,2.8838175237714383
14.51999999999978,2.296293322250105,0.412171159272845,36.05098098309361,33.517473062858926,8.291415722749472,2.8794818496996073
14.539999999999779,2.3043914399348266,0.39738191157661884,36.0509514580309,33.519088658682634,8.265586821411725,2.87499336023785
14.559999999999778,2.312177906399661,0.38098863722217674,36.050921576974794,33.52062788562022,8.238898050350457,2.8703480712886473
14.579999999999778,2.3196195791010403,0.36288423090470046,36.050891341688335,33.5220586935649,8.211328862291005,2.865541635065002
14.599999999999778,2.326681118802956,0.34295611488733413,36.05086075498462,33.52334796677408,8.182857030337114,2.860569354226028
14.619999999999777,2.3333248794558386,0.32108617831900554,36.05082982069451,33.524461629826696,8.153458770809237,2.855426197752139
14.639999999999777,2.3395107972853983,0.2971507605944295,36.0507985436305,33.52536475985782,8.123108877832616,2.8501068186705942
14.659999999999776,2.3451962800208417,0.2710206834492774,36.050766929546626,33.5260217052497,8.09178087030725,2.84460557376717
14.679999999999776,2.3503360973955636,0.2425613478491883,36.05073498509511,33.52639621100478,8.059447152009497,2.838916545446431
14.699999999999775,2.354882274306511,0.21163290284404757,36.050702717779544,33.526451551071276,8.026079185694755,2.833033565931536
14.719999999999775,2.358783988159262,0.17809050080395916,36.05067013590504,33.52615066793296,7.991647682189741,2.826950244024422
14.739999999999775,2.3619874722936176,0.1417846525410122,36.05063724852563,33.52545631981365,7.956122805578793,2.8206599946783366
14.759999999999774,2.3644359276490023,0.10256169382592523,36.05060406538918,33.524331235878186,7.919474395698818,2.8141560716667473
14.779999999999774,2.3660694450436663,0.06026438957580564,36.05057059687994,33.522738279837064,7.881672209258161,2.8074316036652007
14.799999999999773,2.366824940955358,0.014732679409289975,36.05053685395933,33.52064062237692,7.842686180982,2.8004796340952027
14.819999999999773,2.3666361099084394,-0.03419540415046705,36.05050284810484,33.51800192284325,7.80248670625612,2.793293165111052
14.839999999999772,2.365433397065941,-0.08668262970397718,36.0504685912478,33.51478652059126,7.761044946786884,2.7858652061409725
14.859999999999772,2.363143994922476,-0.14289125734868352,36.050434095709896,33.51095963639474,7.718333160811693,2.778188827421868
14.879999999999772,2.3596918685090773,-0.20298149632601648,36.05039937413905,33.506487584255865,7.674325059374845,2.7702572189915586
14.899999999999771,2.354997813891154,-0.26710971540859324,36.05036443944482,33.50133799389117,7.628996190120098,2.76206375562189
14.91999999999977,2.348979555089943,-0.3354263816704086,36.0503293047336,33.49548004407378,7.582324349936266,2.753602068189277
14.93999999999977,2.3415518850484855,-0.40807372125008384,36.05029398324392,33.48888470688977,7.534290027615419,2.7448661219839883
14.95999999999977,2.332626856465223,-0.48518306615249124,36.050258488282196,33.48152500281039,7.484876877436232,2.735850302453742
14.97999999999977,2.322114028685091,-0.5668718992068005,36.05022283315893,33.473376266291275,7.434072224256678,2.7265495088585276
14.999999999999769,2.3099207769393924,-0.6532405764281753,36.05018703112585,33.46441642138009,7.381867600280416,2.7169592562790514
15.019999999999769,2.295952670332104,-0.744368729298136,36.050151095313744,33.45462626654369,7.328259313139175,2.707075786367861
15.039999999999768,2.2801139248158595,-0.8403113662910235,36.05011503867146,33.443989767610894,7.273249044298915,2.6968961871564345
15.059999999999768,2.262307937102674,-0.9410946814460307,36.05007887390557,33.43249435736762,7.2168444760410315,2.6864185221296086
15.079999999999767,2.242437905024177,-1.0467116119401332,36.05004261342106,33.420131239936055,7.1590599443832,2.6756419686466275
15.099999999999767,2.220407538856786,-1.157117184682684,36.050006269262454,33.40689569761815,7.099917114281503,2.664566965621525
15.119999999999767,2.1961218672425,-1.2722237303566482,36.049969853055,33.392787397390265,7.039445672293105,2.653195370170298
15.139999999999766,2.1694881396739456,-1.3918960249815022,36.04993337594568,33.37781069370155,6.977684030577537,2.6415306226840407
15.159999999999766,2.1404168257851905,-1.5159464861555585,36.04989684854297,33.3619749236612,6.914680034680192,2.62957791949206
15.179999999999765,2.108822709382457,-1.6441305271362519,36.049860280854894,33.34529469010629,6.850491665985586,2.61734439193347
15.199999999999765,2.074626072465368,-1.7761422269210985,36.04982368222415,33.32779012743316,6.78518772806929,2.604839290257518
15.219999999999764,2.037753961458672,-1.911610470361833,36.04978706125936,33.309487144465685,6.718848504443761,2.592074170320703
15.239999999999764,1.9981415243302538,-2.0500957489454708,36.04975042576127,33.29041763803947,6.6515663734218,2.5790630805433588
15.259999999999764,1.9557334035868892,-2.1910878086227585,36.04971378264289,33.27061967042225,6.583446364059809,2.5658227460328997
15.279999999999763,1.9104851659891722,-2.3340043599313356,36.04967713784215,33.250137603190744,6.514606635451212,2.5523727461817196
15.299999999999763,1.8623647458375712,-2.4781910516657706,36.04964049622669,33.22902217977035,6.445178860088751,2.538735681414816
15.319999999999762,1.8113538744272475,-2.622922908017771,36.049603861489665,33.207330548543645,6.375308490685786,2.5249373241104
15.339999999999762,1.757449464511139,-2.7674074189212523,36.04956723603672,33.185126218281006,6.305154888834119,2.511006748066225
15.359999999999761,1.7006649151544861,-2.9107894377590653,36.049530620864346,33.16247893767305,6.23489129328025,2.496976430261257
15.379999999999761,1.6410312995797829,-3.052157995169899,36.04949401543066,33.13946449098473,6.16470460553152,2.482882318099575
15.39999999999976,1.5785983968938282,-3.190555105310583,36.04945741752053,33.116164402338946,6.094794971066523,2.4687638548606716
15.41999999999976,1.513435527897266,-3.3249865444030418,36.04942082310771,33.092665541903465,6.025375135727249,2.4546639557640573
15.43999999999976,1.4456321560435723,-3.454434535159741,36.04938422621786,33.06905962832779,5.956669559010044,2.4406289269387194
15.45999999999976,1.3752982170027475,-3.577872170577806,36.04934761879678,33.04544262317728,5.888913269029391,2.426708319726413
15.479999999999759,1.3025641444145168,-3.694279319579075,36.0493109905897,33.021914014854374,5.822350447959499,2.41295471320112
15.499999999999758,1.2275805653155143,-3.802659691397749,36.04927432903752,32.998575991585774,5.757232741788611,2.399423418613024
15.519999999999758,1.150517646310215,-3.9020586211398554,36.049237619196724,32.97553250547977,5.6938172942353935,2.386172100715997
15.539999999999758,1.0715640806746063,-3.9915811038634152,36.04920084368976,32.95288823239854,5.6323645116143615,2.373260312653115
15.559999999999757,0.9909257169198341,-4.070409519829886,36.049163982692264,32.93074743540551,5.573135573185005,2.3607489432773248
15.579999999999757,0.9088238405790855,-4.137820492859862,36.04912701396301,32.909212742781214,5.516389709907994,2.348699578470604
15.599999999999756,0.8254931324713003,-4.19320028722816,36.04908991292134,32.88838385497922,5.4623812833360805,2.337173781158791
15.619999999999756,0.7411793380829242,-4.236058209572925,36.049052652775075,32.86835619831984,5.411356705307768,2.3262322982255594
15.639999999999755,0.6561366932683275,-4.2660374997813975,36.04901520470054,32.84921954658766,5.363551247860505,2.3159342062892256
15.659999999999755,0.5706251606439338,-4.282923309573014,36.04897753807376,32.83105663487909,5.319185800972009,2.306336012156947
15.679999999999755,0.4849075383954941,-4.286647440447686,36.04893962074984,32.81394179290479,5.278463642983021,2.297490727507517
15.699999999999754,0.39924650818752766,-4.277289672933345,36.0489014193857,32.797939627341066,5.241567294455475,2.289446940738194
15.719999999999754,0.3139016913031435,-4.255075621853682,36.04886289979867,32.78310378459895,5.208655530392489,2.282247911685426
15.739999999999753,0.22912678171846756,-4.220371209842029,36.04882402735239,32.7694758263977,5.179860627841417,2.2759307168368323
15.759999999999753,0.14516682176009363,-4.173673983645196,36.04878476735996,32.75708425066047,5.1552859256257335,2.2705254734588936
15.779999999999752,0.06225568035137493,-4.115601607965405,36.04874508549347,32.74594368938537,5.13500377009282,2.2660546705878084
15.799999999999752,-0.019386214047672965,-4.046877976869895,36.048704948189105,32.736054313203844,5.119053915206939,2.2625326329595645
15.819999999999752,-0.09955384322033152,-3.9683174698385715,36.048664323037336,32.727401469274255,5.107442437058581,2.2599651406733203
15.839999999999751,-0.17805924002518606,-3.8808078952457965,36.04862317914843,32.71995557497097,5.100141212024823,2.2583492227786257
15.85999999999975,-0.2547327799739171,-3.7852927172207718,36.04858148748541,32.71367228456274,5.097087994649978,2.2576731372477234
15.87999999999975,-0.3294241147885508,-3.682753119224808,36.048539221157405,32.708492939825845,5.098187116194706,2.257916543230663
15.89999999999975,-0.4020027501539835,-3.574190443324073,36.04849635566917,32.704345308457995,5.103310808210098,2.259050864458368
15.91999999999975,-0.47235827994067314,-3.4606094728753183,36.04845286912363,32.701144606446434,5.112301138009786,2.2610398355645542
15.939999999999749,-0.540400297890467,-3.3430029536215495,36.04840874237669,32.69879479244477,5.1249725251838445,2.263840216354468
15.959999999999749,-0.6060580148645662,-3.222337674837145,36.048363959145114,32.69719011400862,5.141114791006818,2.2674026530386744
15.979999999999748,-0.6692796152639471,-3.0995423348847235,36.048318506069705,32.69621687753984,5.1604966764243825,2.2716726604914674
15.999999999999748,-0.7300313897291528,-2.975497323257736,36.04827237273714,32.69575540631347,5.182869749913208,2.2765916959158945
16.019999999999747,-0.7882966833865966,-2.851026490313846,36.04822555166501,32.695682144329325,5.207972614483869,2.2820982920294797
16.039999999999747,-0.8440746991294502,-2.7268908787387276,36.0481780382546,32.695871858241176,5.235535313928054,2.2881292170522305
16.059999999999746,-0.8973791946055654,-2.603784343412686,36.04812983071686,32.6961998855351,5.265283832467938,2.294620629312815
16.079999999999746,-0.9482371094553889,-2.4823309300661065,36.04808092997645,32.696544374667454,5.2969445794772225,2.3015091960444614
16.099999999999746,-0.9966871563934929,-2.3630838529538756,36.04803133955885,32.696788462182006,5.330248751990258,2.3087331487182006
16.119999999999745,-1.0427784062254222,-2.246525875949016,36.04798106546508,32.696822332978904,5.36493647222801,2.316233250825143
16.139999999999745,-1.0865688928380561,-2.1330708977785746,36.04793011603803,32.69654511289822,5.400760605133803,2.3239536581295686
16.159999999999744,-1.1281242602089565,-2.023066530904454,36.047878501823874,32.69586654751889,5.437490171584749,2.331842655837814
16.179999999999744,-1.167516469253753,-1.9167974748224488,36.04782623543149,32.69470842738827,5.474913286074239,2.339853261654294
16.199999999999743,-1.2048225784525786,-1.81448948793463,36.047773331392264,32.69300572754603,5.512839562710069,2.347943688147156
16.219999999999743,-1.2401236084263099,-1.7163137857952162,36.04771980602183,32.690707437883674,5.551101949747241,2.356077662078914
16.239999999999743,-1.273503497348177,-1.622391699731272,36.04766567728537,32.6877770702382,5.589557969951296,2.364224602264196
16.259999999999742,-1.3050481510574408,-1.5327994672506664,36.04761096466711,32.68419283777879,5.628090361242867,2.372359661021673
16.279999999999742,-1.3348445892259768,-1.4475730281527506,36.04755568904447,32.67994751182311,5.666607128708187,2.3804636373421433
16.29999999999974,-1.362980186750661,-1.3667127398894376,36.04749987256734,32.675047970345034,5.705041034623132,2.3885227724732148
16.31999999999974,-1.3895420078830674,-1.2901879213352618,36.04744353854212,32.66951446076603,5.743348567147851,2.396528440713327
16.33999999999974,-1.4146162291571995,-1.217941181715773,36.04738671132062,32.6633796068664,5.781508440407185,2.4044767498163058
16.35999999999974,-1.4382876462355374,-1.1498924773020027,36.047329416193314,32.65668719557783,5.819519688475597,2.412368066542831
16.37999999999974,-1.4606392590411816,-1.085942878961568,36.047271679286624,32.64949078386466,5.857399423132778,2.420206483573825
16.39999999999974,-1.481751929084277,-1.0259780243062808,36.04721352746384,32.64185216877943,5.895180330049794,2.4279992442440737
16.41999999999974,-1.501704102670673,-0.9698712521957117,36.04715498822912,32.633839765078,5.932907980308628,2.43575614138785
16.43999999999974,-1.5205715936525184,-0.9174864208197425,36.04709608963427,32.62552693455843,5.970638033948231,2.4434889060415705
16.459999999999738,-1.5384274194105294,-0.8686804172940156,36.047036860187895,32.61699030966518,6.008433409750406,2.451210600856321
16.479999999999738,-1.5553416840005518,-0.8233053683903324,36.04697732876631,32.60830815104966,6.046361490982425,2.4589350318750647
16.499999999999737,-1.5713815027320117,-0.7812105706977052,36.04691752452633,32.59955877490736,6.084491430609677,2.466676190870962
16.519999999999737,-1.5866109626883178,-0.7422441624541003,36.046857476819234,32.59081908125522,6.122891611929288,2.4744477387751167
16.539999999999736,-1.6010911141901734,-0.7062545483427146,36.046797215106,32.582163209115905,6.161627312023069,2.4822625388993544
16.559999999999736,-1.6148799885570673,-0.673091607196879,36.046736768873465,32.57366133907542,6.200758606258756,2.4901322467408744
16.579999999999735,-1.6280326379405283,-0.6426076963186744,36.04667616755142,32.565378658108436,6.240338542642299,2.4980669612006596
16.599999999999735,-1.6406011934588491,-0.6146584771167212,36.04661544043035,32.55737449611985,6.280411605474864,2.5060749401154916
16.619999999999735,-1.6526349381825716,-0.5891035824661675,36.04655461658024,32.549701638507464,6.321012478792182,2.514162381150466
16.639999999999734,-1.6641803920148472,-0.5658071396523088,36.04649372476981,32.542405814345265,6.362165111709926,2.5223332673756507
16.659999999999734,-1.6752814057558378,-0.544638168427624,36.04643279338693,32.535525355622376,6.403882080264516,2.530589275300225
16.679999999999733,-1.6859792620649496,-0.5254708745690839,36.04637185035968,32.5290910194154,6.446164233767595,2.538929741794285
16.699999999999733,-1.6963127812971415,-0.508184848391018,36.0463109230787,32.52312596195568,6.489000608174762,2.547351685216386
16.719999999999732,-1.7063184304931198,-0.4926651817361514,36.04625003832055,32.517645851280996,6.532368584545886,2.5558498751972674
16.739999999999732,-1.7160304340341368,-0.47880252052890837,36.04618922217243,32.5126591035143,6.576234267341458,2.5644169449099845
16.75999999999973,-1.7254808847493426,-0.46649305817057624,36.04612849995851,32.50816722675015,6.620553055015701,2.5730435392771147
16.77999999999973,-1.7346998544006311,-0.45563848281185015,36.046067896167905,32.504165255998025,6.665270374060709,2.5817184924117327
16.79999999999973,-1.7437155027314912,-0.4461458848868791,36.04600743438458,32.50064226256858,6.710322547232193,2.590429027638509
16.81999999999973,-1.752554184330309,-0.43792763759853764,36.045947137219486,32.49758192162545,6.755637767036867,2.599160973667631
16.83999999999973,-1.7612405528190964,-0.430901244020158,36.04588702624502,32.49496312229112,6.801137146565961,2.6078989908671617
16.85999999999973,-1.769797661850286,-0.42498917502393363,36.0458271219321,32.49276060562525,6.846735821297824,2.616626802067468
16.87999999999973,-1.7782470626710751,-0.42011868719965123,36.04576744359025,32.49094561692064,6.892344077446801,2.625327422903056
16.89999999999973,-1.7866088979189538,-0.41622163247051164,36.045708009310566,32.48948656002988,6.937868484693105,2.6339833873229166
16.919999999999728,-1.7949019915737185,-0.41323425874162945,36.04564883591232,32.488349642791164,6.983213013585681,2.642576964552912
16.939999999999728,-1.8031439348979288,-0.41109701294134,36.045589938892945,32.48749950401908,7.028280120474808,2.65109036444909
16.959999999999727,-1.8113511683604218,-0.40975433518184085,36.045531332382055,32.48689981392799,7.07297178542258,2.659505928818844
16.979999999999727,-1.8195390595074077,-0.40915445961134567,36.04547302909937,32.48651384122846,7.117190491089324,2.6678063068913613
16.999999999999726,-1.8277219768720356,-0.40924921710577633,36.045415040317124,32.48630498145652,7.160840133046778,2.675974613677562
17.019999999999726,-1.83591335990844,-0.4099938389091289,36.04535737582681,32.486237242340486,7.203826854280317,2.683994570464016
17.039999999999726,-1.8441257851236483,-0.4113467669178051,36.045300043910835,32.48627568316648,7.246059798780045,2.691850627129976
17.059999999999725,-1.852371028458985,-0.413269471680849,36.04524305131887,32.48638680616064,7.287451781061412,2.6995280663592687
17.079999999999725,-1.860660124061238,-0.41572627527833034,36.045186403249424,32.48653889885782,7.32791987018653,2.707013090139486
17.099999999999724,-1.869003419585562,-0.4186841789157037,36.04513010333658,32.486702327270315,7.367385888371849,2.7142928892018725
17.119999999999724,-1.8774106281643528,-0.42211270205228385,36.04507415364203,32.48684978040546,7.4057768255670675,2.7213556962600585
17.139999999999723,-1.8858908771790053,-0.4259837251989474,36.045018554652636,32.48695646731093,7.443025172480481,2.7281908240591384
17.159999999999723,-1.894452754001322,-0.4302713421582043,36.044963305283474,32.48700026835537,7.479069175417828,2.7347886893538647
17.179999999999723,-1.903104348831173,-0.4349517192788896,36.04490840288643,32.486961842885066,7.513853017008859,2.7411408240017257
17.199999999999722,-1.9118532948043685,-0.4400029621712045,36.04485384326453,32.48682469574229,7.547326927434152,2.74723987438923
17.21999999999972,-1.9207068054938774,-0.4454049885520256,36.04479962069172,32.4865752053937,7.5794472311512235,2.753079590413474
17.23999999999972,-1.929671709956557,-0.45113940985434214,36.0447457279384,32.48620261660807,7.610176334371345,2.7586548052214406
17.25999999999972,-1.938754485461745,-0.45718941749992315,36.044692156302354,32.4856990007465,7.6394826586743605,2.7639614068713696
17.27999999999972,-1.9479612880399233,-0.46353967915530053,36.0446388956453,32.48505918679533,7.667340526184945,2.7689963030283997
17.29999999999972,-1.9572979809800197,-0.470176236997001,36.044585934434586,32.48428066628866,7.693730001686327,2.773757379744365
17.31999999999972,-1.9667701613898891,-0.4770864154031894,36.044533259790256,32.48336347524101,7.718636696931254,2.778243455302514
17.33999999999972,-1.976383184954472,-0.48425873392571317,36.044480857536975,32.48231005614759,7.7420515422384,2.7824542300347725
17.35999999999972,-1.9861421889924666,-0.4916828231801846,36.04442871226105,32.48112510301712,7.7639705302475095,2.7863902329443215
17.37999999999972,-1.99605211392486,-0.49934935070940817,36.04437680737171,32.479815392283655,7.784394436459286,2.7900527658915855
17.399999999999718,-2.006117723262653,-0.5072499453346825,36.044325125166964,32.47838960230735,7.803328520915075,2.7934438460286035
17.419999999999717,-2.016343622181639,-0.5153771343248317,36.04427364690347,32.47685812402197,7.820782215085418,2.796566147096367
17.439999999999717,-2.026734274831513,-0.5237242778958433,36.044222352870136,32.47523286512327,7.836768797741942,2.7994229401328306
17.459999999999717,-2.0372940203987095,-0.5322855108594063,36.044171222465195,32.473527050023336,7.8513050632893036,2.8020180340763874
17.479999999999716,-2.0480270880609117,-0.5410556869980637,36.044120234276264,32.471755017620865,7.864410985738219,2.8043557166911297
17.499999999999716,-2.0589376108664785,-0.550030332117728,36.044069366163285,32.469932018762,7.8761093812099805,2.806440696186182
17.519999999999715,-2.070029638647155,-0.5592055917107683,36.04401859534361,32.46807401509212,7.886425571580783,2.808278043851923
17.539999999999715,-2.081307149993224,-0.5685781883027015,36.0439678984792,32.466197480826516,7.895387051602428,2.809873137990829
17.559999999999715,-2.0927740633831804,-0.5781453815741759,36.04391725176518,32.46431920880122,7.903023161576361,2.8112316093798393
17.579999999999714,-2.104434247520582,-0.5879049287034942,36.043866631019576,32.462456122003246,7.909364767411498,2.812359288464313
17.599999999999714,-2.116291530911542,-0.597855046617433,36.04381601177383,32.46062509162514,7.914443949663483,2.8132621544505025
17.619999999999713,-2.128349710763656,-0.6079943831982145,36.04376536936332,32.45884276254105,7.918293702934441,2.8139462864337763
17.639999999999713,-2.1406125612330142,-0.6183219805593716,36.04371467901789,32.4571253869627,7.920947646807691,2.8144178166732265
17.659999999999712,-2.1530838410576894,-0.6288372500062633,36.04366391595174,32.45548866690293,7.922439749301298,2.81468288609948
17.679999999999712,-2.165767300662556,-0.6395399436739858,36.04361305545219,32.4539476059525,7.922804063647602,2.8147476021212987
17.69999999999971,-2.1786666886904666,-0.6504301287655686,36.04356207296706,32.452516370762936,7.922074479042338,2.814617998777514
17.71999999999971,-2.19178575809099,-0.6615081642658169,36.04351094419017,32.45120816252403,7.920284485856383,2.8142999992638282
17.73999999999971,-2.205128271717017,-0.672774677355586,36.04345964514451,32.450035098629634,7.917466955665295,2.8137993808488364
17.75999999999971,-2.2186980075101475,-0.6842305464538946,36.043408152262934,32.44900810463857,7.913653936325586,2.813121742179955
17.77999999999971,-2.232498763272983,-0.6958768768385769,36.04335644246566,32.44813681656018,7.908876462212595,2.81227247296783
17.79999999999971,-2.246534361071705,-0.7077149860982903,36.043304493234494,32.447429493423826,7.9031643796313915,2.8112567260268833
17.81999999999971,-2.260808651280812,-0.719746384675622,36.04325228268343,32.44689294003119,7.896546187319931,2.8100793916400173
17.83999999999971,-2.2753255162791937,-0.7319727611611876,36.04319978962521,32.446532439736,7.889048891881556,2.8087450742069056
17.859999999999708,-2.2900888738596077,-0.7443959639161093,36.04314699363373,32.44635169705025,7.88069787791219,2.8072580711278023
17.879999999999708,-2.3051026802949734,-0.7570179904058466,36.04309387510178,32.446352789837206,7.871516792525351,2.8056223538682734
17.899999999999707,-2.320370933151444,-0.7698409719042882,36.04304041529436,32.446536130819986,7.861527443925708,2.803841551144734
17.919999999999707,-2.3358976738273505,-0.782867156501341,36.04298659639684,32.44690043810926,7.850749713638556,2.8019189341661113
17.939999999999706,-2.3516869897920336,-0.7960989015161894,36.042932401558225,32.44744271443531,7.83920148196876,2.799857403863411
17.959999999999706,-2.367743016626301,-0.8095386591032945,36.04287781492922,32.44815823475724,7.826898566237634,2.7976594800364167
17.979999999999706,-2.384069939772182,-0.8231889615922102,36.04282282169499,32.449040541915465,7.813854671330392,2.7953272923452794
17.999999999999705,-2.400671996072767,-0.8370524136055085,36.04276740810262,32.45008144999316,7.800081352079672,2.7928625730743843
18.019999999999705,-2.4175534750606253,-0.8511316784765405,36.04271156148326,32.451271055056914,7.7855879870124225,2.7902666515966574
18.039999999999704,-2.434718720037128,-0.865429467675251,36.0426552702688,32.45259775295641,7.7703817629983,2.787540450468531
18.059999999999704,-2.4521721289076637,-0.8799485280395207,36.04259852400337,32.454048263878846,7.754467670356819,2.78468448308903
18.079999999999703,-2.4699181547959403,-0.8946916334953923,36.04254131334935,32.4556076633728,7.737848508009165,2.781698852861173
18.099999999999703,-2.487961306446663,-0.9096615694259641,36.04248363008857,32.45725941958154,7.720524898297173,2.778583253799888
18.119999999999703,-2.5063061483885027,-0.9248611266428235,36.04242546711798,32.458985436454626,7.702495311137952,2.7753369725382813
18.139999999999702,-2.5249573008676536,-0.9402930857855043,36.04236681844084,32.46076610274051,7.68375609723677,2.77195889169316
18.1599999999997,-2.543919439564375,-0.95596020604046,36.042307679152906,32.46258034659988,7.6643015301437245,2.768447494561478
18.1799999999997,-2.5631972950567796,-0.9718652163634384,36.042248045424216,32.464405695722036,7.644123857010916,2.7648008711317558
18.1999999999997,-2.5827956520498407,-0.9880107990639442,36.04218791447644,32.46621834287096,7.623213357986203,2.7610167254086315
18.2199999999997,-2.602719348357288,-1.0043995796733267,36.042127284556216,32.46799321683732,7.601558414266839,2.7570923840645674
18.2399999999997,-2.622973273617639,-1.021034113407064,36.04206615490466,32.46970405882376,7.579145584931092,2.753024806450369
18.2599999999997,-2.6435623677456577,-1.0379168708115802,36.0420045257233,32.47132350434583,7.555959692767565,2.748810596015587
18.2799999999997,-2.664491619109867,-1.0550502235195003,36.04194239813665,32.47282317078738,7.531983919430098,2.744446013211063
18.2999999999997,-2.6857660624127986,-1.0724364309165666,36.04187977415197,32.474173750807495,7.5071999103595,2.739926989968802
18.3199999999997,-2.7073907762705787,-1.0900776220660793,36.041816656616284,32.47534511185533,7.481587890031463,2.7352491458789387
18.339999999999698,-2.729370880468799,-1.107975783006266,36.04175304917102,32.47630640210816,7.455126788210976,2.73040780620972
18.359999999999697,-2.7517115328881725,-1.1261327339193599,36.041688956204666,32.47702616320617,7.427794378016159,2.72539802194398
18.379999999999697,-2.774417926075094,-1.1445501168865644,36.04162438280374,32.477472450213575,7.399567426716528,2.7202145920343357
18.399999999999697,-2.7974952834418336,-1.1632293742213857,36.04155933470237,32.47761295928732,7.370421860310093,2.7148520881090543
18.419999999999696,-2.820948855065293,-1.1821717268611647,36.04149381823087,32.477415163581895,7.3403329430373,2.709304881890796
18.439999999999696,-2.8447839130894135,-1.201378156231429,36.04142784026348,32.47684645795784,7.309275473094671,2.703567175620882
18.459999999999695,-2.869005746672992,-1.2208493790729187,36.04136140816598,32.4758743130916,7.277223995902956,2.697633035811757
18.479999999999695,-2.893619656480851,-1.240585824925213,36.04129452974292,32.47446643960163,7.2441530363592594,2.6914964306792717
18.499999999999694,-2.9186309486855815,-1.2605876112968555,36.04122721318525,32.472590962808894,7.210037351554677,2.6851512716334396
18.519999999999694,-2.944044928460578,-1.2808545148690007,36.041159467018524,32.47021660873346,7.17485220546278,2.6785914592305375
18.539999999999694,-2.9698668928836423,-1.3013859458366794,36.04109130005175,32.4673129018922,7.1385736670926345,2.6718109340094847
18.559999999999693,-2.9961021233175833,-1.3221809162955207,36.04102272132748,32.46385037539885,7.101178933546189,2.664803732650153
18.579999999999693,-3.0227558771271137,-1.3432380094152474,36.04095374007326,32.45980079377531,7.062646679314848,2.657564049898863
18.599999999999692,-3.049833378752946,-1.3645553447463445,36.04088436565445,32.4551373887557,7.0229574329854225,2.650086306705014
18.619999999999692,-3.077339810122171,-1.3861305431799218,36.040814607529235,32.44983510819935,6.982093982291607,2.6423652250004364
18.63999999999969,-3.105280300275351,-1.4079606903061357,36.040744475205294,32.44387087801995,6.94004180813358,2.6343959095271883
18.65999999999969,-3.1336599142544364,-1.4300422937325548,36.04067397819899,32.437223876782106,6.896789547784832,2.626173937077442
18.67999999999969,-3.1624836411497714,-1.4523712431773779,36.04060312599677,32.429875822308546,6.852329487001548,2.6176954534478507
18.69999999999969,-3.191756381276484,-1.4749427637694332,36.04053192801921,32.42181126927827,6.8066580801354615,2.6089572783270065
18.71999999999969,-3.221482932429828,-1.4977513692610174,36.040460393587715,32.413017916374756,6.759776496616937,2.5999570182249045
18.73999999999969,-3.251667975135433,-1.5207908117433744,36.04038853189404,32.40348692106278,6.711691191312792,2.5906931874139
18.75999999999969,-3.2823160569000174,-1.5440540262949674,36.0403163519726,32.39321321953106,6.662414495267342,2.5811653366778624
18.77999999999969,-3.3134315753171797,-1.5675330782357486,36.0402438626759,32.38219584873927,6.611965222201979,2.5713741894562876
18.799999999999688,-3.3450187600301424,-1.591219096690966,36.040171072652754,32.37043826685299,6.560369284878824,2.561321784719527
18.819999999999688,-3.377081653447875,-1.6151022174438388,36.04009799032969,32.35794866764851,6.507660314033193,2.5510116256170203
18.839999999999687,-3.409624090135153,-1.6391715102022886,36.04002462389528,32.34474028372811,6.45388027105898,2.5404488326000547
18.859999999999687,-3.442649674838419,-1.663414909381151,36.03995098128744,32.33083167262002,6.399080044009225,2.529640299332936
18.879999999999686,-3.476161758992396,-1.68781913682205,36.03987707018376,32.31624697906338,6.343320014777807,2.518594849271674
18.899999999999686,-3.5101634156955983,-1.712369623606285,36.03980289799454,32.30101616601707,6.286670583594344,2.507323390309743
18.919999999999686,-3.54465741298359,-1.737050417962304,36.03972847185884,32.28517520621103,6.229212635239592,2.4958390643708563
18.939999999999685,-3.579646185365986,-1.7618441021412061,36.03965379864284,32.268766225407205,6.1710379297322255,2.4841573882772052
18.959999999999685,-3.615131803453238,-1.7867316884282591,36.03957888494113,32.251837587994046,6.1122493987201105,2.4722963816500867
18.979999999999684,-3.6511159415994516,-1.8116925200424931,36.03950373707991,32.2344439151382,6.052961327513178,2.4602766770250004
18.999999999999684,-3.68759984341371,-1.8367041607852805,36.03942836112268,32.216646025507615,5.993299401714642,2.4481216068068683
19.019999999999683,-3.7245842849854136,-1.8617422760388285,36.039352762877705,32.1985107886031,5.9334005968467824,2.4358572611807086
19.039999999999683,-3.7620695357251543,-1.8867805091722654,36.039276947907204,32.180110881039944,5.87341288933838,2.4235125106626496
19.059999999999683,-3.800055316571386,-1.9117903479930882,36.03920092153806,32.16152443675171,5.81349476785859,2.4111189866654423
19.079999999999682,-3.838540755475301,-1.936740980576816,36.03912468887369,32.14283458308876,5.753814525361277,2.3987110133072047
19.09999999999968,-3.8775243399153174,-1.9615991441548475,36.03904825480661,32.124128856191525,5.6945493144524235,2.3863254837621004
19.11999999999968,-3.9170038662107842,-1.9863289598375211,36.03897162403184,32.10549849086361,5.635883951904814,2.3740016747898083
19.13999999999968,-3.9569763854834425,-2.0108917533298336,36.03889480106025,32.087037582467794,5.578009462390195,2.3617809937397234
19.15999999999968,-3.9974381458747614,-2.0352458701798612,36.03881779023189,32.068842121125776,5.521121356818999,2.3497066533546267
19.17999999999968,-4.03838453088371,-2.0593464637723393,36.03874059572854,32.05100890170207,5.465417647070317,2.337823271137131
19.19999999999968,-4.079809993360589,-2.0831452774106536,36.03866322158556,32.03363431665981,5.411096606308552,2.3261763919162606
19.21999999999968,-4.12170798491226,-2.106590401313595,36.03858567170206,32.016813042831885,5.358354292407747,2.314811934565689
19.23999999999968,-4.164070880242295,-2.129626010273684,36.03850794984917,32.00063663736967,5.307381861065234,2.303775566557045
19.25999999999968,-4.206889896036634,-2.152192076957545,36.03843005967611,31.98519206250408,5.2583627047390795,2.293112013125194
19.279999999999678,-4.250155003856778,-2.1742240617025477,36.0383520047131,31.970560163141588,5.211469463277056,2.282864311183881
19.299999999999677,-4.29385483648403,-2.195652567657082,36.03827378837094,31.956814125563028,5.166860961642582,2.2730730216256982
19.319999999999677,-4.337976587099445,-2.2164029654296993,36.03819541393647,31.944017949413283,5.124679139055695,2.2637754170976625
19.339999999999677,-4.382505900554954,-2.236394978367995,36.03811688456342,31.93222496857118,5.085046041686704,2.2550046655576357
19.359999999999676,-4.427426755943862,-2.2555422266329175,36.03803820325799,31.921476459167593,5.048060957281271,2.246789032660003
19.379999999999676,-4.472721339517195,-2.2737517185844145,36.03795937285839,31.91180037477551,5.013797774281268,2.2391511280575207
19.399999999999675,-4.518369906947663,-2.290923288436524,36.03788039600768,31.90321024943714,4.982302649696808,2.2321072218190614
19.419999999999675,-4.564350633716788,-2.306948973264327,36.037801275119335,31.89570430855621,4.953592068811112,2.225666657163896
19.439999999999674,-4.610639452283126,-2.3217123107561126,36.03772201233434,31.88926482563283,4.927651375492223,2.2198313844732045
19.459999999999674,-4.65720987451152,-2.3350875654397947,36.03764260946948,31.88385775927424,4.9044338443025035,2.2145956390055734
19.479999999999674,-4.704032797615454,-2.3469388555220583,36.037563067955396,31.879432699843193,4.883860354749728,2.2099457809524936
19.499999999999673,-4.751076291624595,-2.3571191722600955,36.03748338876389,31.875923148552545,4.865819714088806,2.205860311553931
19.519999999999673,-4.79830536614715,-2.365469287471935,36.03740357232311,31.873247143884726,4.850169658410081,2.2023100731754557
19.539999999999672,-4.845681713865234,-2.3718165201515675,36.03732361841991,31.87130824109938,4.836738542851947,2.1992586348249143
19.559999999999672,-4.8931634279115395,-2.3759733503133527,36.037243526087735,31.86999684054802,4.825327711313404,2.1966628579081964
19.57999999999967,-4.940704689784394,-2.3777358612163044,36.03716329347917,31.869191849872227,4.815714514794324,2.194473630462286
19.59999999999967,-4.988255424239818,-2.3768819844521447,36.03708291772159,31.868762654303943,4.80765592631576,2.1926367520215835
19.61999999999967,-5.03576091690443,-2.3731695268650532,36.03700239475465,31.868571358642292,4.800892680160365,2.1910939459914456
19.63999999999967,-5.083161390024876,-2.366333950599014,36.03692171914785,31.868475254499142,4.795153844800254,2.189783972176309
19.65999999999967,-5.130391531105936,-2.3560858809513268,36.03684088389663,31.86832945753768,4.790161723157079,2.188643809110354
19.67999999999967,-5.17737996871212,-2.342108304258926,36.036759880195525,31.86798965210002,4.785636961468517,2.1876098741477
19.69999999999967,-5.224048688921025,-2.324053433576358,36.03667869718596,31.867314875210702,4.781303739569954,2.18661924887941
19.71999999999967,-5.2703123854662595,-2.301539203735496,36.036597321677604,31.866170268761557,4.776894911216095,2.1856108782709
19.739999999999668,-5.316077735752835,-2.2741453611483076,36.03651573784066,31.86442972794193,4.7721569633474745,2.1845267138095323
19.759999999999668,-5.361242594468005,-2.2414091254062543,36.03643392686776,31.86197837578901,4.766854667933059,2.1833127737301083
19.779999999999667,-5.40569509575048,-2.2028203839134965,36.0363518666034,31.858714798080346,4.760775308982294,2.1819200968372545
19.799999999999667,-5.449312654542201,-2.1578164054082585,36.03626953113961,31.854552979546867,4.753732380128894,2.1803055703568006
19.819999999999666,-5.491960857221889,-2.105776060416734,36.03618689037655,31.84942389129799,4.74556866430466,2.178432616425089
19.839999999999666,-5.533492231689535,-2.0460135447039476,36.03610390954736,31.84327669006693,4.7361586257827915,2.176271726090929
19.859999999999665,-5.573744887129418,-1.977771629494673,36.03602054870804,31.836079501959528,4.72541006552966,2.1738008339150254
19.879999999999665,-5.612541014521696,-1.900214494109378,36.035936762193266,31.82781977631743,4.713265012565735,2.1710055302936784
19.899999999999665,-5.649685240162849,-1.8124202217215282,36.03585249804159,31.8185042085413,4.6996998460920665,2.167879112425798
19.919999999999664,-5.684962826889931,-1.7133730909490352,36.0357676973956,31.808158243712484,4.684724664702641,2.1644224783305686
19.939999999999664,-5.7181377208052115,-1.6019558793031525,36.03568229388519,31.79682518507253,4.668381939343412,2.1606438714752167
19.959999999999663,-5.748950446360952,-1.4769424528348676,36.03559621300649,31.78456494239738,4.6507445051450125,2.1565584863724454
19.979999999999663,-5.777115859207439,-1.336991024185147,36.03550937151372,31.771452464632844,4.631912963301864,2.152187947950147
19.999999999999662,-5.80232077534905,-1.1806386255539076,36.03542167684722,31.75757590853821,4.612012577370038,2.1475596795828604
20.019999999999662,-5.8242215070175964,-1.0062974378991716,36.035333026629296,31.743034600314452,4.591189758417543,2.1427061764081285
20.03999999999966,-5.8424413511795805,-0.8122538822462558,36.0352433082677,31.7279368501866,4.5696082402301474,2.137664201934005
20.05999999999966,-5.8565680960714115,-0.5966715397753029,36.0351523987186,31.712397680689122,4.547445049238253,2.1324739269773625
20.07999999999966,-5.866151635603283,-0.35759926144862064,36.03506016447176,31.69653652809076,4.524886374103151,2.127178030655439
20.09999999999966,-5.870701811094121,-0.09298608903016425,36.03496646183612,31.680474973204483,4.502123437220923,2.12182078348312
20.11999999999966,-5.86968663541033,0.1992950821204245,36.0348711376158,31.664334553032933,4.479348465108696,2.116447132604237
20.13999999999966,-5.862531095837167,0.5214128964437362,36.0347740302822,31.64823469863208,4.456750847147606,2.1111018088068625
20.15999999999966,-5.848616778949326,0.8755295245187807,36.03467497175736,31.632290837579784,4.434513562939377,2.1058284742446087
20.17999999999966,-5.82728261164356,1.2637366113780881,36.03457378993093,31.61661269187276,4.4128099480766565,2.1006689287169116
20.19999999999966,-5.797827065505039,1.6879725697479901,36.034470312030585,31.601302794280798,4.391800856908678,2.095662390965844
20.219999999999658,-5.759512222403688,2.14991879906893,36.034364368950506,31.58645523847018,4.37163226933395,2.090844869743796
20.239999999999657,-5.711570142258301,2.6508730117018593,36.03425580060974,31.572154670835197,4.352433377124727,2.086248637417105
20.259999999999657,-5.653212000889069,3.1915988877283157,36.03414446235455,31.558475525158112,4.33431517403281,2.0819018166169148
20.279999999999657,-5.5836404662162265,3.7721528995140363,36.03403023233227,31.545481495115954,4.3173695630647995,2.0778280879477973
20.299999999999656,-5.50206574187732,4.39169151149553,36.033913019643315,31.53322523437086,4.301668983831787,2.0740465240277968
20.319999999999656,-5.407725613635209,5.04826505248124,36.0337927729232,31.5217482695779,4.2872665526215386,2.0705715521617547
20.339999999999655,-5.299909670696395,5.738608390202228,36.0336694888219,31.51108110813828,4.27419669754572,2.067413044736276
20.359999999999655,-5.177987628418113,6.457942923360754,36.033543219648784,31.50124351990257,4.262476260446738,2.06457653295942
20.379999999999654,-5.041441342753012,7.199808954347122,36.033414079259146,31.492244970255886,4.252106025880967,2.0620635358497
20.399999999999654,-4.889899683523261,7.9559515789056166,36.03328224611374,31.484085181053008,4.2430726252059054,2.059871992432031
20.419999999999654,-4.723174939903307,8.716286014955093,36.033147962387055,31.476754795665762,4.235350750597763,2.057996780997911
20.439999999999653,-4.541298904878264,9.468968615046531,36.03301152808799,31.470236124910386,4.228905600080615,2.056430305184354
20.459999999999653,-4.344556284368462,10.200596777077532,36.032873289431535,31.464503951780447,4.223695461192904,2.055163122769797
20.479999999999652,-4.13351267964105,10.89655345861392,36.03273362118578,31.459526374645556,4.219674329101109,2.054184589831476
20.499999999999652,-3.909034190309561,11.541499964139945,36.032592903404115,31.45526567078415,4.216794446602596,2.053483490706121
20.51999999999965,-3.672295769161211,12.120004345154872,36.03245149377326,31.45167916465213,4.215008650620206,2.0530486235401746
20.53999999999965,-3.4247758984422965,12.61727401011857,36.032309697647975,31.44872008795849,4.214272414489261,2.0528693125694244
20.55999999999965,-3.1682359752394063,13.019942431655302,36.03216773854301,31.446338421201755,4.214545489059524,2.05293582195341
20.57999999999965,-2.9046839552631383,13.316844807024,36.03202573224214,31.444481708593763,4.215793068851818,2.053239652074696
20.59999999999965,-2.636323201990616,13.499709493925943,36.031883667621564,31.443095840076563,4.2179864412839265,2.053773707418596
20.61999999999965,-2.36548895120892,13.563693857428339,36.031741396710956,31.442125795329336,4.221103114804959,2.0545323348161153
20.63999999999965,-2.094576120324883,13.50770574313923,36.03159863547627,31.441516345286654,4.225126461754914,2.055511240970215
20.65999999999965,-1.8259631593631025,13.334473986392295,36.03145497546668,31.4412127068894,4.230044949162731,2.056707307606683
20.679999999999648,-1.5619370946968254,13.050359800983262,36.031309905067566,31.441161146797214,4.235851060769968,2.0581183301185497
20.699999999999648,-1.304624778474605,12.664930801164074,36.03116283790723,31.44130952986327,4.242540032488924,2.0597427102647856
20.719999999999647,-1.055934651063599,12.19034545830454,36.03101314519591,31.44160780852432,4.250108529121191,2.061579134819033
20.739999999999647,-0.817512170312821,11.640613909977137,36.03086018854865,31.442008450009457,4.25855338240458,2.063626270041303
20.759999999999646,-0.5907106492953081,11.030808619007981,36.030703350149565,31.442466799413435,4.26787049127088,2.0658824969660983
20.779999999999646,-0.376577786710973,10.376295452975912,36.03054205783588,31.44294137810451,4.278053958055849,2.0683457056439694
20.799999999999645,-0.17585686760908303,9.692044077915215,36.03037580363059,31.44339411846332,4.289095503535122,2.071013158706415
20.819999999999645,0.010999400449184566,8.992059385786021,36.03020415523299,31.44379053739057,4.300984173225532,2.0738814269927612
20.839999999999645,0.18380509439658096,8.288956580515434,36.03002676082552,31.444099852223825,4.313706320801624,2.076946393338457
20.859999999999644,0.3426102734803255,7.59368462897729,36.029843348169365,31.444295043576435,4.327245833983886,2.0802033155400665
20.879999999999644,0.48766605810567054,6.915388308462285,36.029653719306765,31.444352870130896,4.341584554844602,2.0836469362261454
20.899999999999643,0.6193881771014813,6.261389127671681,36.02945774228837,31.44425384061794,4.356702840016279,2.0872716258350947
20.919999999999643,0.7383211152850541,5.637260038731908,36.029255341251734,31.44398214815659,4.372580205826674,2.091071544884745
20.939999999999642,0.8451044720386109,5.04696747397434,36.02904648596599,31.44352557189855,4.389196007512257,2.0950408128512095
20.959999999999642,0.9404426243335389,4.493055859907159,36.02883118168965,31.442875350587073,4.406530108829048,2.0991736728601205
20.97999999999964,1.0250783231952052,3.9768532377193466,36.02860945991635,31.44202603226375,4.424563507143534,2.103464643663766
20.99999999999964,1.0997704682524239,3.498681003082042,36.028381370342,31.44097530398034,4.443278888258203,2.107908652730996
21.01999999999964,1.165276011010584,3.0580553257195646,36.028146974190946,31.439723805017287,4.462661093935361,2.1125011464932655
21.03999999999964,1.222335730759975,2.6538719290983743,36.02790633889734,31.438274926790235,4.4826974927705034,2.1172381757304737
21.05999999999964,1.2716634976055685,2.2845694716703617,36.02765953404293,31.436634602339037,4.503378251444675,2.122116455674541
21.07999999999964,1.3139385700071924,1.948269470232659,36.02740662839982,31.43481108803911,4.524696508372967,2.1271334016400965
21.09999999999964,1.3498004546841234,1.6428927391113652,36.027147687903486,31.432814739945233,4.546648455426464,2.132287141879926
21.11999999999964,1.3798458705819174,1.3662536546098851,36.02688277438063,31.430657786967686,4.56923333588715,2.1375765099493282
21.139999999999638,1.4046273938009433,1.1161343862346622,36.02661194486828,31.428354102885088,4.592453368290513,2.1430010191995974
21.159999999999638,1.424653407597329,0.8903416141412758,36.02633525138055,31.425918979012792,4.616313606519971,2.1485608221597943
21.179999999999637,1.440389033715377,0.6867483814259542,36.0260527410018,31.423368899168807,4.640821746630088,2.154256657557332
21.199999999999637,1.4522577735458848,0.5033236349605246,36.02576445620752,31.420721318408397,4.665987890558935,2.1600897876150738
21.219999999999636,1.4606436367857931,0.33815180482085316,36.02547043533502,31.417994446834456,4.691824276282783,2.1660619280811857
21.239999999999636,1.4658935795789625,0.18944449638166558,36.02517071314408,31.415207039632147,4.718344983179692,2.1721751732260666
21.259999999999636,1.4683201128044243,0.05554608497661853,36.02486532142279,31.412378194324766,4.7455656204871275,2.1784319177993896
21.279999999999635,1.4682039739326498,-0.06506529416555762,36.02455428960624,31.409527156102357,4.773503005824975,2.1848347776948662
21.299999999999635,1.4657967831629712,-0.17378012694463144,36.02423764538514,31.406673131937552,4.802174839852927,2.1913865108311965
21.319999999999634,1.461323626620496,-0.2718622828744228,36.02391541528882,31.403835114073,4.831599382269171,2.1980899395314037
21.339999999999634,1.4549855271191219,-0.3604553832642178,36.02358762523284,31.401031713343432,4.86179513355362,2.204947875473164
21.359999999999634,1.4469617768045417,-0.4405901561033847,36.02325430102491,31.3982810026824,4.8927805261229125,2.211963048091652
21.379999999999633,1.4374121166984923,-0.5131923253099917,36.022915468826206,31.39560037105942,4.924573627900028,2.2191380371441585
21.399999999999633,1.4264787560994423,-0.5790906852751941,36.02257115556657,31.39300638799754,4.957191860707954,2.226475209991783
21.419999999999632,1.414288230851784,-0.6390251079159103,36.02222138931362,31.390514678734537,4.9906517353717215,2.2339766640168204
21.439999999999632,1.4009531035580396,-0.6936543104524714,36.02186619959651,31.388139810012145,5.024968604951676,2.2416441744736555
21.45999999999963,1.3865735119208444,-0.7435632668810206,36.02150561768523,31.385895186407954,5.0601564371278505,2.2494791479646685
21.47999999999963,1.3712385731096466,-0.7892701812545021,36.021139676826984,31.383792957062067,5.096227606405102,2.2574825816393584
21.49999999999963,1.3550276533414025,-0.8312329875538879,36.02076841244062,31.381843932596325,5.133192706506187,2.2656550281334065
21.51999999999963,1.3380115123211307,-0.8698553631539618,36.02039186227053,31.380057511977046,5.171060383059432,2.2739965661934125
21.53999999999963,1.3202533323798211,-0.9054922486452279,36.02001006650087,31.378441619031765,5.209837186465223,2.282506776871697
21.55999999999963,1.3018096419734089,-0.9384548928283978,36.019623067831255,31.377002648297946,5.24952744463621,2.291184725122837
21.57999999999963,1.2827311428566717,-0.9690154459513922,36.019230911514306,31.375745419854162,5.290133155146996,2.3000289465889328
21.59999999999963,1.263063449717929,-0.9974111244041863,36.018833645356146,31.374673142764387,5.331653896196414,2.309037439323238
21.619999999999628,1.2428477505532893,-1.0238479780574672,36.01843131967993,31.373787386750507,5.374086755677201,2.318207660171366
21.639999999999628,1.2221213953618983,-1.048504294672778,36.018023987253,31.373088061700027,5.417426277561169,2.327536525505275
21.659999999999627,1.2009184201942513,-1.0715336673123426,36.01761170317827,31.372573404611657,5.461664424741588,2.337020415987329
21.679999999999627,1.1792700129167382,-1.093067757064973,36.01719452474969,31.372239973583575,5.50679055742648,2.346655185029637
21.699999999999626,1.1572049265018929,-1.1132187857556963,36.01677251127271,31.372082648455915,5.552791426145772,2.3564361706071675
21.719999999999626,1.1347498450646953,-1.1320817722990415,36.01634572384978,31.37209463773081,5.5996511784210075,2.3663582100816876
21.739999999999625,1.1119297073600114,-1.1497365518625964,36.015914225131546,31.37226749141007,5.64735137814731,2.3764156576969673
21.759999999999625,1.088767991961376,-1.1662495949104863,36.01547807903428,31.37259111941206,5.695871036753256,2.3866024044137
21.779999999999625,1.0652869679460997,-1.1816756397567887,36.015037350424244,31.373053815255574,5.745186655234593,2.3969118997649024
21.799999999999624,1.0415079144236823,-1.19605917832815,36.014592104769704,31.373642284729506,5.79527227620177,2.4073371754288533
21.819999999999624,1.0174513119848616,-1.2094357831470515,36.014142407761796,31.374341679302614,5.846099545138952,2.4178708702366536
21.839999999999623,0.9931370087746206,-1.2218333166922268,36.013688324905125,31.37513563406792,5.897637780142985,2.428505256354819
21.859999999999623,0.9685843635975246,-1.2332730218762822,36.013229921079514,31.37600631006131,5.949854049494596,2.439232266409781
21.879999999999622,0.9438123682800846,-1.2437705119838318,36.01276726007442,31.376934440843424,6.002713256510444,2.4500435213502727
21.899999999999622,0.9188397511657189,-1.2533366635148453,36.01230040409766,31.37789938328783,6.056178231233529,2.4609303588751814
21.91999999999962,0.8936850635976569,-1.2619784296208356,36.01182941326025,31.378879172577555,6.11020982864004,2.4718838622880406
21.93999999999962,0.8683667508912392,-1.2696995753523894,36.01135434503944,31.379850581474997,6.164767033173003,2.482894889674753
21.95999999999962,0.8429032092971145,-1.2765013486775358,36.010875253722226,31.38078918399757,6.219807069556329,2.4939541033379764
21.97999999999962,0.8173128302474025,-1.2823830802893779,36.01039218983177,31.381669423703304,6.275285519996046,2.5050519994595013
21.99999999999962,0.7916140330662537,-1.2873427354903566,36.009905199539205,31.382464686865283,6.331156448038492,2.5161789380007322
22.01999999999962,0.7658252872950135,-1.2913774066101458,36.00941432406379,31.3831473808926,6.387372529525889,2.527325172890479
22.03999999999962,0.7399651256002855,-1.2944837575155042,36.00891959906423,31.383689018436158,6.4438851912676,2.538480882588561
22.05999999999962,0.7140521482780463,-1.296658425623883,36.008421054024296,31.384060307700324,6.500644758228086,2.549636201152644
22.079999999999618,0.68810502018515,-1.2978983738329033,36.00791871163604,31.384231249564582,6.557600610218319,2.5607812499739837
22.099999999999618,0.6621424609578617,-1.298201208618597,36.00741258718386,31.384171242201955,6.614701349263517,2.571906170384821
22.119999999999617,0.6361832293347887,-1.2975654581853988,36.00690268793311,31.383849193960696,6.6718949790034685,2.5830011573755574
22.139999999999617,0.6102461022574703,-1.2959908103166995,36.00638901252658,31.383233645351513,6.72912909765865,2.5940564946929454
22.159999999999616,0.5843498495333671,-1.2934783217724999,36.005871550392776,31.382292901051105,6.7863511062613515,2.6050625916206602
22.179999999999616,0.5585132046932628,-1.2900305915975268,36.0053502811695,31.38099517289124,6.843508434001028,2.616010021769991
22.199999999999616,0.5327548326679726,-1.285651901158986,36.00482517414669,31.37930873484826,6.900548782660708,2.6268895642300434
22.219999999999615,0.5070932949371816,-1.2803483294118125,36.00429618773231,31.3772020910755,6.957420392219759,2.637692247442783
22.239999999999615,0.48154701269819694,-1.2741278390289033,36.003763268944915,31.374644158027305,7.014072329759193,2.648409396177108
22.259999999999614,0.45613422860431857,-1.2670003297251915,36.00322635293696,31.371604461702105,7.070454803819916,2.659032681976646
22.279999999999614,0.4308729675908953,-1.258977675344265,36.00268536255239,31.36805335097818,7.126519506321487,2.669554177446393
22.299999999999613,0.4057809973022491,-1.25007373174984,36.002140207922366,31.36396222792219,7.182219984037438,2.6799664147219153
22.319999999999613,0.3808757885289538,-1.2403043235981221,36.00159078610263,31.359303795811588,7.237512041430406,2.6902624484295963
22.339999999999613,0.35617447612771275,-1.2296872134410466,36.00103698075614,31.354052325419097,7.292354176362708,2.700435923395093
22.359999999999612,0.33169382078210147,-1.2182420461027825,36.0004786618843,31.34818393985406,7.346708049800919,2.710481147287492
22.37999999999961,0.3074501719809749,-1.2059902824186433,35.99991568561005,31.34167691793348,7.400538990111676,2.7203931682960234
22.39999999999961,0.28345943255102457,-1.192955113516532,35.999347894016,31.33451201565778,7.453816531885221,2.730167857822156
22.41999999999961,0.2597370249872338,-1.1791613630031623,35.99877511504032,31.32667280488565,7.506514988408338,2.7398019980298463
22.43999999999961,0.23629785990907962,-1.1646353767978357,35.99819716243329,31.318146027733775,7.558614055925805,2.7492933739282543
22.45999999999961,0.21315630679310338,-1.149404901773999,35.99761383577693,31.308921964564693,7.610099446667832,2.758640869462321
22.47999999999961,0.19032616721871337,-1.1334989578579218,35.9970249205698,31.29899481266927,7.6609635462714305,2.7678445668554854
22.49999999999961,0.16782065077198163,-1.1169477026294037,35.996430188379136,31.28836307189792,7.711206089682237,2.776905848184673
22.51999999999961,0.14565235368243984,-1.0997822892456328,35.99582939706192,31.277029932551592,7.760834847891644,2.785827497870542
22.53999999999961,0.12383324038022048,-1.0820347215571584,35.99522229105625,31.265003659817836,7.809866315951259,2.7946138044372533
22.559999999999608,0.10237462789268169,-1.0637377105101085,35.99460860174417,31.25229796794171,7.858326390631066,2.803270659538794
22.579999999999607,0.08128717323493301,-1.0449245222662196,35.99398804788665,31.23893237617616,7.906251023879025,2.8118056518683905
22.599999999999607,0.06058086371841806,-1.0256288361077464,35.99336033613113,31.22493253738639,7.953686835941044,2.8202281531714846
22.619999999999607,0.04026501016645291,-1.0058845981146933,35.99272516159189,31.210330529023018,8.000691669668967,2.8285493931817713
22.639999999999606,0.02034824297643885,-0.9857258814503859,35.99208220850261,31.195165095068727,8.047335065255407,2.836782519907969
22.659999999999606,0.0008385109893630481,-0.9651867475056295,35.99143115094083,31.17948182655363,8.093698632480024,2.8449426413339203
22.679999999999605,-0.018256916987940595,-0.9443011150809928,35.99077165362305,31.163333267382548,8.139876295643173,2.8530468442777406
22.699999999999605,-0.03693144808379209,-0.9231026391467165,35.990103372769276,31.146778931587022,8.18597438482876,2.8611141859123275
22.719999999999605,-0.05517915881996931,-0.9016245859411945,35.98942595703496,31.12988521777817,8.232111546123944,2.8691656533082828
22.739999999999604,-0.0729947862658406,-0.8798997254800631,35.98873904850848,31.112725206607664,8.27841844308814,2.877224086352702
22.759999999999604,-0.09037371707884514,-0.8579602287856921,35.98804228377143,31.09537832752136,8.325037222275322,2.885314059556658
22.779999999999603,-0.10731197452332202,-0.8358375719901292,35.98733529501887,31.077929882088625,8.37212071714169,2.8934617186238514
22.799999999999603,-0.12380620372131199,-0.8135624505093634,35.986617711236214,31.06047041278142,8.419831367378853,2.9016945682443653
22.819999999999602,-0.13985365523352508,-0.7911647007048928,35.98588915942916,31.043094908320896,8.468339834745654,2.9100412084274088
22.839999999999602,-0.15545216719092278,-0.7686732322137978,35.985149265902585,31.025901839650775,8.517823301945574,2.91853101781454
22.8599999999996,-0.17060014613052413,-0.7461159683578855,35.98439765758408,31.00899202426125,8.568463448080678,2.9271937838278963
22.8799999999996,-0.18529654674844193,-0.7235197917128039,35.983633963387426,30.99246732096945,8.620444102718515,2.936059281199635
22.8999999999996,-0.1995408506590041,-0.7009105064782948,35.98285781561095,30.97642916233013,8.673948590569719,2.9451568023739787
22.9199999999996,-0.21333304444669518,-0.6783127994106165,35.98206885136545,30.960976937525956,8.729156790038507,2.954514645426302
22.9399999999996,-0.22667359706520593,-0.6557502175180111,35.98126671402612,30.946206244758436,8.786241941222151,2.964159567435962
22.9599999999996,-0.23956343679800862,-0.6332451444124589,35.98045105470247,30.932207038664654,8.845367251939928,2.9741162135901695
22.9799999999996,-0.25200392792767384,-0.6108187945212395,35.97962153372032,30.919061704918743,8.90668236360178,2.984406534572959
22.9999999999996,-0.2639968472370108,-0.5884912033739176,35.97877782210913,30.90684310069009,8.970319751617753,2.9950492068775354
23.019999999999598,-0.27554436046177483,-0.5662812322107234,35.9779196030886,30.895612605738,9.03639114695492,3.006059072432696
23.039999999999598,-0.28664899887913503,-0.5442065749438344,35.977046573547426,30.88541823430834,9.10498407566649,3.0174466152140105
23.059999999999597,-0.29731363606853295,-0.5222837708454124,35.97615844550741,30.87629286232902,9.176158621023902,3.0292174931859717
23.079999999999597,-0.30754146500341606,-0.5005282233669848,35.975254947566135,30.868252627342496,9.249944517574788,3.0413721438809143
23.099999999999596,-0.31733597554392984,-0.4789542216911434,35.974335826310856,30.861295559844557,9.326338687396786,3.053905481084309
23.119999999999596,-0.3267009324375342,-0.4575749696228224,35.9734008476967,30.855400503935577,9.405303325509829,3.0668066984258773
23.139999999999596,-0.33564035385899776,-0.43640261294710136,35.972449798381824,30.850526382205963,9.486764633511438,3.0800591931830525
23.159999999999595,-0.344158490628998,-0.4154482751026823,35.971482487012665,30.84661185442191,9.570612287889348,3.0936406203515863
23.179999999999595,-0.35225980608951096,-0.39472209072461895,35.9704987454519,30.84357541180056,9.656699712271088,3.1075230831437257
23.199999999999594,-0.3599489567370751,-0.37423324807427416,35.96949842994236,30.841315938526492,9.744845201484233,3.121673461700348
23.219999999999594,-0.36723077365251916,-0.3539900233811261,35.96848142219995,30.839713759852945,9.834833920382025,3.1360538771491195
23.239999999999593,-0.3741102447130041,-0.333999827453774,35.967447630428744,30.838632181968574,9.926420772839375,3.1506222834290014
23.259999999999593,-0.38059249768632664,-0.31426924558711605,35.96639699025201,30.83791951323915,10.01933410724935,3.1653331747620737
23.279999999999593,-0.38668278414359564,-0.2948040804590109,35.96532946555253,30.83741154001483,10.113280195500613,3.1801383925075672
23.299999999999592,-0.3923864642757216,-0.27560939785198657,35.96424504921652,30.836934413582977,10.207948394116649,3.1949880115763576
23.31999999999959,-0.3977089925697224,-0.2566895698970291,35.96314376377515,30.8363078887692,10.303016870305699,3.209831283775784
23.33999999999959,-0.4026559043593568,-0.23804831659727785,35.96202566193856,30.835348839898316,10.398158753339413,3.224617613506974
23.35999999999959,-0.4072328032650066,-0.21968875203302646,35.960890827017096,30.833874967068386,10.493048554019017,3.239297540211306
23.37999999999959,-0.4114453494823396,-0.20161342732072965,35.95973937322541,30.831708595654167,10.587368682847705,3.253823701869495
23.39999999999959,-0.4152992489218322,-0.18382437072857777,35.95857144586515,30.82868046523402,10.680815891482355,3.2681517546592533
23.41999999999959,-0.41880024318840686,-0.1663231304381973,35.95738722138245,30.824633401178275,10.773107462363209,3.2822412254987
23.43999999999959,-0.42195410037971437,-0.1491108127897052,35.95618690729726,30.819425763227546,10.863986978086551,3.296056276535119
23.45999999999959,-0.42476660664802307,-0.13218812429573099,35.95497074200173,30.812934570606465,10.95322951476841,3.3095663635540546
23.47999999999959,-0.4272435585647477,-0.1155554063423721,35.95373899442546,30.805058212432897,11.04064612175655,3.3227467736432383
23.499999999999588,-0.4293907561943051,-0.09921267214469252,35.952491963566345,30.795718665053506,11.126087472769807,3.335579031108363
23.519999999999587,-0.43121399687983586,-0.08315964288943048,35.95122997788575,30.784863153928185,11.209446599891624,3.3480511644674165
23.539999999999587,-0.4327190697145905,-0.06739577744401803,35.94995339456799,30.77246521609473,11.290660650714502,3.3601578312208047
23.559999999999587,-0.4339117506708558,-0.051920308574950884,35.94866259864428,30.758525139239513,11.36971163915914,3.371900300892531
23.579999999999586,-0.4347977982959219,-0.03673226839690393,35.947358001982145,30.74306977406911,11.44662619090433,3.3832863004635496
23.599999999999586,-0.4353829500564515,-0.02183052013777839,35.94604004214195,30.726151737087033,11.521474313831368,3.394329729686167
23.619999999999585,-0.435672919175841,-0.007213780045063551,35.94470918110282,30.70784804012265,11.594367251366746,3.405050256804846
23.639999999999585,-0.4356733920106665,0.007119350638359126,35.943365903860894,30.688258200215717,11.665454501178077,3.415472807852242
23.659999999999584,-0.4353900259103848,0.02117036938451764,35.94201071690354,30.667501898035656,11.734920102574447,3.4256269648889743
23.679999999999584,-0.43482844751354266,0.03494084717381226,35.94064414656388,30.64571626438518,11.802978312591755,3.4355462902705525
23.699999999999584,-0.4339942514700125,0.04843240885005569,35.939266737260446,30.62305288216262,11.86986880270917,3.445267595225249
23.719999999999583,-0.4328929995400612,0.06164671501710326,35.93787904962758,30.599674595301607,11.935851515244831,3.4548301716936582
23.739999999999583,-0.4315302200395841,0.07458544656357097,35.93648165854308,30.57575221672486,12.001201320721695,3.4642750065088213
23.759999999999582,-0.4299114076215802,0.08725028699066495,35.9350751510595,30.551461224480523,12.06620261507256,3.4736439965938595
23.779999999999582,-0.42804202332482455,0.09964291194238634,35.93366012424689,30.526978529360807,12.131143988839833,3.482979182946667
23.79999999999958,-0.42592749489439,0.11176497283370793,35.932237182954914,30.502479388942135,12.196313090045013,3.492322019809315
23.81999999999958,-0.42357321733797654,0.12361809117485854,35.93080693750278,30.47813453271409,12.261991788802467,3.501712693640423
23.83999999999958,-0.4209845536714269,0.13520384317048775,35.929370001306204,30.45410755140084,12.328451735762883,3.511189504393473
23.85999999999958,-0.4181668358450938,0.14652375692226038,35.92792698845094,30.4305525913387,12.395950388871281,3.5207883192363725
23.87999999999958,-0.41512536583765974,0.15757930178717974,35.926478511222804,30.40761238243289,12.46472756449402,3.5305421063193707
23.89999999999958,-0.41186541684219646,0.16837188436503395,35.925025177604596,30.38541661628712,12.53500255045679,3.5404805536052293
23.91999999999958,-0.4083922345870253,0.1789028444364032,35.92356758875087,30.36408068000416,12.606971800620403,3.550629775211773
23.93999999999958,-0.40471103872966824,0.18917345052086865,35.92210633645113,30.343704741220673,12.680807213887434,3.561012105271117
23.959999999999578,-0.4008270242831935,0.199184896466622,35.92064200059336,30.324373171388682,12.756654985449034,3.571645977060021
23.979999999999578,-0.3967453631098352,0.20893830371542013,35.91917514663881,30.306154287273802,12.834635004991313,3.5825458831662313
23.999999999999577,-0.3924712054265443,0.2184347161320404,35.9177063231202,30.28910038514406,12.914840765700571,3.5937224107741783
24.019999999999577,-0.38800968128913416,0.22767510377236805,35.916236059174764,30.273248038132003,12.99733973933244,3.605182344810376
24.039999999999576,-0.383365902094466,0.2366603651249049,35.91476486212409,30.258618624668323,13.082174166329008,3.6169288306972542
24.059999999999576,-0.378544962010402,0.24539132475790618,35.913293215112404,30.245219054564753,13.169362205877043,3.6289615878205495
24.079999999999576,-0.37355193938633474,0.2538687392563702,35.91182157481523,30.23304265909834,13.258899388726121,3.641277164502329
24.099999999999575,-0.3683918980970254,0.26209330157082494,35.91035036922951,30.222070212137226,13.350760315302693,3.6538692252600793
24.119999999999575,-0.3630698887924415,0.270065641419909,35.90887999555702,30.212271050767118,13.444900542910982,3.666728861384624
24.139999999999574,-0.3575909500953245,0.27778633241730766,35.90741081819179,30.203604265855308,13.541258608334969,3.6798449163429385
24.159999999999574,-0.3519601096639207,0.28525589760457154,35.90594316682247,30.196019935367485,13.639758135681152,3.693204318160742
24.179999999999573,-0.34618238518251454,0.2924748135695304,35.904477334659916,30.189460375892818,13.740309983573741,3.7067924117184847
24.199999999999573,-0.3402627852082992,0.29944351653720286,35.9030135768,30.183861390618105,13.842814390597878,3.720593284759553
24.219999999999573,-0.3342063099200136,0.3061624096176634,35.901552108730826,30.179153494823343,13.947163082972395,3.7345900823212705
24.239999999999572,-0.3280179517109178,0.31263186902613155,35.90009310499347,30.175263102772988,14.053241313638171,3.7487653052222636
24.25999999999957,-0.3217026956720898,0.3188522507252121,35.89863669800435,30.172113662587005,14.160929807117983,3.7631010891441625
24.27999999999957,-0.31526551991531115,0.32482389753278834,35.897182977046796,30.16962672824863,14.270106589510434,3.777579461706985
24.29999999999957,-0.30871139576663414,0.33054714581319183,35.89573198743872,30.1677229603084,14.380648687723658,3.7921825757370464
24.31999999999957,-0.3020452878009219,0.3360223352786005,35.89428372988261,30.166323049052377,14.49243368645673,3.806892917650394
24.33999999999957,-0.29527215374984717,0.3412498139580838,35.89283816000302,30.165348555903737,14.605341135442284,3.8216934905146807
24.35999999999957,-0.2883969442260217,0.3462299453253829,35.89139518807604,30.16472267061225,14.719253803038372,3.8365679719038437
24.37999999999957,-0.2814246023422315,0.3509631170756706,35.88995467895455,30.164370883355204,14.834058775381022,3.8515008471219403
24.39999999999957,-0.2743600631447061,0.35544974939079466,35.88851645219176,30.16422157222863,14.949648402980914,3.866477518747641
24.41999999999957,-0.26720825292102884,0.35969029987135603,35.88708028236505,30.164206507757488,15.065921098875748,3.8814843937436807
24.439999999999568,-0.2599740883534724,0.3636852720268984,35.885645899600846,30.164261277007952,15.182781994256384,3.8965089495927483
24.459999999999567,-0.2526624755399632,0.3674352223702997,35.88421299030067,30.16432563065794,15.300143458897889,3.9115397810706067
24.479999999999567,-0.24527830885771565,0.37094076654932534,35.88278119806705,30.164343756988657,15.417925494781473,3.9265666293571884
24.499999999999567,-0.2378264697178769,0.37420258736320744,35.881350124827456,30.164264487216617,15.536056012028157,3.9415803952257726
24.519999999999566,-0.23031182516854382,0.3772214394611338,35.87991933215322,30.16404143690971,15.654470996720676,3.9565731380477067
24.539999999999566,-0.2227392263919604,0.3799981562932567,35.87848834276963,30.16363308843857,15.773114580406846,3.9715380623137486
24.559999999999565,-0.21511350705734208,0.3825336550100253,35.877056642252136,30.163002819522433,15.891939021094498,3.9864694933104023
24.579999999999565,-0.20743948160938,0.38482894356141095,35.875623680903,30.162118882952342,16.01090460540125,4.001362843507353
24.599999999999564,-0.19972194339036528,0.3868851234754221,35.87418887580177,30.160954342526985,16.129979481245602,4.01621457111614
24.619999999999564,-0.1919656627388014,0.38870339632406425,35.872751613021734,30.15948697013078,16.24913943008839,4.03102213217546
24.639999999999564,-0.18417538492094931,0.39028506634518123,35.87131125000416,30.1576991087314,16.36836758728086,4.0457839274089835
24.659999999999563,-0.17635582804920646,0.39163154569214587,35.86986711808088,30.155577505883205,16.487654118570678,4.060499244990778
24.679999999999563,-0.16851168089209226,0.3927443578735066,35.868418525135326,30.153113122104365,16.606995860277596,4.075168200243715
24.699999999999562,-0.160647600620334,0.39362513947295846,35.86696475839132,30.15030091825391,16.7263959300928,4.089791673189821
24.719999999999562,-0.1527682105181346,0.3942756431677511,35.86550508731813,30.14713962577929,16.845863314892224,4.104371244769681
24.73999999999956,-0.144878097622906,0.39469774088733256,35.86403876664,30.143631503438982,16.965412441395745,4.11890913245191
24.75999999999956,-0.1369818103450923,0.3948934238777565,35.86256503943745,30.139782083834078,17.085062734958417,4.133408125863984
24.77999999999956,-0.1290838560539074,0.394864804436378,35.86108314032737,30.135599912811838,17.204838171254547,4.1478715229927925
24.79999999999956,-0.12118869864401721,0.39461411813236097,35.85959229870863,30.131096284535992,17.324766825114526,4.162303067427278
24.81999999999956,-0.11330075609219491,0.39414372176419826,35.85809174205904,30.126284974756622,17.444880420301434,4.176706887046472
24.83999999999956,-0.1054243980088476,0.39345609409036236,35.856580699270275,30.12118197455886,17.565213883572564,4.191087434493888
24.85999999999956,-0.097563943213348,0.39255383641551,35.85505840400589,30.115805226626044,17.685804905960094,4.205449429723307
24.87999999999956,-0.08972365730351196,0.3914396691541005,35.85352409806864,30.110174365821493,17.80669351382589,4.219797804851068
24.899999999999558,-0.08190775026819053,0.3901164324961063,35.851977034762434,30.104310465672892,17.92792165189783,4.234137651505656
24.919999999999558,-0.07412037412451894,0.3885870823929397,35.85041648223454,30.098235792137636,18.04953278017583,4.248474170826019
24.939999999999557,-0.06636562059884978,0.38685469167866643,35.84884172678404,30.091973565833037,18.171571486306416,4.262812626225368
24.959999999999557,-0.05864751884822004,0.38492244451346996,35.84725207612218,30.085547733735606,18.29408311475996,4.277158299006475
24.979999999999556,-0.05097003326140454,0.38279363382654097,35.84564686257102,30.07898275118563,18.417113413905497,4.291516446887451
24.999999999999556,-0.04333706128295318,0.38047165872561095,35.84402544618699,30.072303374878473,18.540708201860536,4.305892265473038
25.019999999999555,-0.035752431346500586,0.3779600217326745,35.8423872177961,30.06553446738119,18.664913051796525,4.3202908526853285
25.039999999999555,-0.028219900850710147,0.37526232286560873,35.84073160192841,30.058700813582263,18.78977299720287,4.334717176149197
25.059999999999555,-0.020743154250741073,0.3723822557705888,35.83905805963954,30.05182694936279,18.915332257451556,4.3491760435111795
25.079999999999554,-0.013325801193810423,0.36932360576583595,35.83736609120769,30.044937002669425,19.041633983859548,4.363672075655955
25.099999999999554,-0.005971374791136158,0.36609024215062214,35.8356552386954,30.0380545470712,19.168720026315796,4.378209682771692
25.119999999999553,0.0013166700468074616,0.36268611414645996,35.833925088365625,30.031202467795485,19.296630720422044,4.392793043204066
25.139999999999553,0.00853495816801444,0.35911524682621854,35.832175272942905,30.02440284015946,19.4254046949916,4.407426085028721
25.159999999999553,0.01568019561502807,0.35538173480498786,35.830405473710734,30.017676820245082,19.555078699655446,4.422112470262991
25.179999999999552,0.022749170981773134,0.3514897374202776,35.828615422437075,30.011044547603937,19.68568745224026,4.436855581629884
25.19999999999955,0.029738756656059163,0.3474434729810932,35.82680490312115,30.00452505972552,19.817263505507334,4.45165851178045
25.21999999999955,0.03664590992887053,0.34324721418602955,35.82497375355457,29.998136217956205,19.949837132772984,4.466524054874549
25.23999999999955,0.04346767403329699,0.3389052798862633,35.82312186669165,29.9918946445161,20.083436231870948,4.481454700414917
25.25999999999955,0.050201179037908314,0.3344220341345763,35.82124919182388,29.985815670227776,20.218086246862736,4.496452629224813
25.27999999999955,0.05684364263872319,0.32980187600636757,35.819355735554666,29.97991329254138,20.35381010685494,4.511519711455879
25.29999999999955,0.06339237084691839,0.325049235437372,35.817441562571084,29.974200143418432,20.49062818123983,4.526657506509613
25.31999999999955,0.06984475855552785,0.32016857031440615,35.815506796210485,29.968687466616487,20.628558250639966,4.541867264753558
25.33999999999955,0.07619828998746825,0.31516435575841933,35.81355161882,29.96338510390291,20.767615492806065,4.557149930911431
25.35999999999955,0.08245053905505684,0.3100410828692426,35.81157627190811,29.95830148971452,20.907812482692105,4.57250614900539
25.379999999999548,0.08859916957830197,0.30480325210846937,35.80958105608803,29.953443653773068,21.049159205910193,4.5879362687280425
25.399999999999547,0.0946419354336597,0.2994553668534471,35.807566330813195,29.948817231161783,21.19166308475234,4.6034403531220365
25.419999999999547,0.10057668057071512,0.2940019300704334,35.805532513905945,29.944426479367685,21.335329015954244,4.619018187445709
25.439999999999547,0.10640133893368986,0.28844743805797857,35.803480080881016,29.940274301794805,21.48015941936955,4.634669289104623
25.459999999999546,0.11211393429523882,0.2827963760676366,35.801409564066,29.936362277258002,21.626154296719918,4.650392918530639
25.479999999999546,0.11771257997885004,0.27705321362833185,35.79932155152141,29.932690694972063,21.77331129958705,4.666188090892506
25.499999999999545,0.12319547850893492,0.2712224003860037,35.797216685763544,29.92925859455811,21.92162580581813,4.682053588524819
25.519999999999545,0.12856092114634302,0.2653083597620179,35.79509566229337,29.92606381059858,22.071091003523645,4.697987973965413
25.539999999999544,0.1338072873738729,0.25931548865367043,35.79295922793551,29.92310302128176,22.22169798185871,4.713989603494975
25.559999999999544,0.13893304426875513,0.2532481505976251,35.79080817899161,29.920371800688876,22.37343582779314,4.730056641076631
25.579999999999544,0.14393674581421875,0.24711067207142937,35.78864335921232,29.917864674288438,22.52629172809375,4.746187072597723
25.599999999999543,0.14881703214082692,0.2409073396401958,35.786465657593226,29.915575177216407,22.680251075761877,4.762378720320537
25.619999999999543,0.1535726286943623,0.2346423982023672,35.784276005999445,29.913495914934558,22.83529758019275,4.778629257453726
25.639999999999542,0.1582023453429905,0.2283200453915531,35.78207537662452,29.911618625873995,22.991413380347808,4.794936222761238
25.659999999999542,0.16270507541607102,0.2219444283634369,35.77986477928888,29.909934245686085,23.14857916025864,4.811297035130822
25.67999999999954,0.16707979471091264,0.21551964538764246,35.77764525858387,29.908432972738737,23.306774266210134,4.827709008029599
25.69999999999954,0.17132556042360136,0.20904973958481934,35.7754178908671,29.907104334511796,23.46597682498089,4.844169363779604
25.71999999999954,0.17544151005598044,0.20253869675274208,35.77318378111534,29.905937254561753,23.62616386255081,4.860675247591718
25.73999999999954,0.17942686026908536,0.19599044734807863,35.77094405964145,29.90492011974216,23.787311422718705,4.87722374130188
25.75999999999954,0.18328090571040878,0.18940886012936425,35.76869987868182,29.904040847382742,23.949394685106142,4.893811876758867
25.77999999999954,0.18700301780288467,0.1827977422698861,35.76645240886137,29.90328695214633,24.112388082058064,4.910436648818317
25.79999999999954,0.1905926435092612,0.17616084033355317,35.76420283554283,29.90264561229924,24.276265413985,4.927095027902851
25.81999999999954,0.19404930407096208,0.16950183580511302,35.76195235506795,29.902103735146937,24.440999962726117,4.94378397209325
25.839999999999538,0.19737259373430469,0.16282434749431907,35.75970217089766,29.901648021402444,24.60656460254701,4.960500438720574
25.859999999999538,0.2005621784498592,0.1561319278763603,35.75745348965935,29.901265028271524,24.772931908419768,4.977241395433797
25.879999999999537,0.20361779456640228,0.14942806354437715,35.75520751710931,29.900941231053718,24.940074261267057,4.994003830722105
25.899999999999537,0.20653924751948308,0.14271617619312033,35.75296545401858,29.90066308307419,25.107963949884294,5.010784763875245
25.919999999999536,0.2093264105132436,0.13599962134630608,35.75072849199135,29.9004170737762,25.276573269286796,5.02758125436942
25.939999999999536,0.21197922318828663,0.1292816877219663,35.74849780922481,29.90018978481885,25.445874615259715,5.044390410670026
25.959999999999535,0.21449769031799468,0.12256559837127064,35.746274566219945,29.899967944039346,25.61584057491872,5.061209398446059
25.979999999999535,0.2168818804828067,0.11585451201563367,35.74405990145306,29.89973847715279,25.786444013118963,5.078035448194406
25.999999999999535,0.21913192477632443,0.10915152120043568,35.741854927018274,29.899488557076506,25.95765815457696,5.094865862275175
26.019999999999534,0.22124801550057807,0.10245965413497743,35.73966072425144,29.899205650778985,26.129456661597178,5.1116980213620975
26.039999999999534,0.22323040488954285,0.09578187629316598,35.73747833934661,29.89887756356666,26.301813707319898,5.128529390314528
26.059999999999533,0.2250794038384867,0.08912108883899048,35.735308778976375,29.898492480734138,26.474704044430407,5.145357523479822
26.079999999999533,0.226795380657277,0.08248013121481783,35.733153005927996,29.89803900651533,26.648103069292414,5.162180069436983
26.099999999999532,0.22837875984021183,0.07586178279444708,35.73101193476729,29.897506200284905,26.82198688148864,5.178994775194183
26.119999999999532,0.22983002083602574,0.06926876157258724,35.728886427542854,29.89688360997025,26.996332338771325,5.195799489854408
26.13999999999953,0.23114969688651743,0.06270372627236084,35.72677728954321,29.89616130264459,27.17111710744315,5.212592167764821
26.15999999999953,0.2323383738292528,0.05616927928775811,35.724685265119966,29.895329892283065,27.34631970820512,5.229370871166542
26.17999999999953,0.2333966889615244,0.04966796487845604,35.72261103359023,29.894380564672055,27.52191955752379,5.246133772362633
26.19999999999953,0.2343253299265542,0.04320227275573157,35.72055520523199,29.893305099472727,27.697897004582664,5.2628791554226915
26.21999999999953,0.2351250336062235,0.03677463813449314,35.718518317385964,29.89209588944753,27.87423336389606,5.2796054174432445
26.23999999999953,0.23579658505405018,0.030387442779202932,35.716500830678385,29.89074595686766,28.05091094367361,5.296311069383445
26.25999999999953,0.2363408164577663,0.02404301793181663,35.71450312537816,29.889248967126765,28.227913070033797,5.312994736495962
26.27999999999953,0.23675860611746335,0.017743643869968746,35.712525497902824,29.88759923959357,28.405224107173304,5.329655158373129
26.299999999999528,0.2370508774491428,0.011491553030955223,35.710568157487195,29.885791755743693,28.58282947360601,5.346291188628432
26.319999999999528,0.23721859802847411,0.005288929087627564,35.70863122302849,29.883822164616223,28.760715654592165,5.362901794233432
26.339999999999527,0.2372627786520433,-0.0008620902614296567,35.70671472012196,29.88168678564798,28.93887021088261,5.379486054529988
26.359999999999527,0.23718447241032614,-0.006959412009143101,35.7048185783007,29.87938260894296,29.11728178390852,5.3960431599375225
26.379999999999526,0.236984773809375,-0.013000987961611796,35.70294262849322,29.876907293040404,29.29594009754905,5.412572410374668
26.399999999999526,0.2366648179017528,-0.01898481218093498,35.70108660071189,29.874259160248958,29.47483595661298,5.429073213414329
26.419999999999526,0.23622577943596182,-0.024908920277581452,35.69925012198542,29.871437189619083,29.653961242171643,5.44554508219073
26.439999999999525,0.23566887203431636,-0.03077138828305487,35.69743271454754,29.868441007629375,29.83330890388145,5.461987633076575
26.459999999999525,0.23499534739512787,-0.036570332927911946,35.69563379429385,29.865270876665445,30.012872949435213,5.478400583147897
26.479999999999524,0.23420649451951653,-0.042303908525239284,35.69385266951837,29.861927681373604,30.19264843128077,5.494783747453649
26.499999999999524,0.23330363892415432,-0.04797030667515403,35.69208853994037,29.858412912972987,30.372631430745006,5.511137036106525
26.519999999999524,0.2322881419221787,-0.05356775695407122,35.69034049603189,29.854728651612763,30.552819039699965,5.527460451210842
26.539999999999523,0.23116139988435613,-0.05909452372538149,35.688607518655516,29.850877546861856,30.733209339905983,5.543754083642779
26.559999999999523,0.2299248435263422,-0.06454890842486977,35.68688847902117,29.846862796419902,30.913801380164795,5.560018109697557
26.579999999999522,0.22857993721117928,-0.0699292449278711,35.68518213896984,29.842688123138654,31.094595151412747,5.576252787617572
26.599999999999522,0.22712817826320572,-0.07523390279492231,35.68348715159141,29.83835775044293,31.2755915598818,5.5924584540148174
26.61999999999952,0.22557109628562366,-0.08046128406671693,35.68180206218238,29.83387637623995,31.456792398452272,5.608635520200281
26.63999999999952,0.22391025249846094,-0.0856098254641888,35.68012530954874,29.829249145404923,31.638200316318287,5.624784468432394
26.65999999999952,0.2221472390798378,-0.09067799532162547,35.67845522765804,29.824481620929426,31.819818787082976,5.64090584809594
26.67999999999952,0.22028367849373612,-0.09566429501921245,35.67679004764352,29.81957975381739,32.001652075396485,5.657000271822204
26.69999999999952,0.21832122285812636,-0.1005672586068872,35.67512790016247,29.814549851811243,32.183705202245626,5.673068411560505
26.71999999999952,0.21626155328226082,-0.10538545277491439,35.673466818109574,29.809398547027687,32.36598390899951,5.689110994610626
26.73999999999952,0.21410637922594375,-0.11011747597043864,35.67180473968465,29.804132762579346,32.548494620310485,5.70512879962499
26.75999999999952,0.21185743784798788,-0.11476195952306951,35.67013951181342,29.79875967825403,32.73124440596525,5.721122652588847
26.779999999999518,0.20951649336310071,-0.11931756648111444,35.66846889391767,29.793286695318834,32.91424094177496,5.73709342278605
26.799999999999518,0.20708533638523083,-0.12378299424415773,35.66679056203101,29.78772140051088,33.097492469587706,5.753042018757355
26.819999999999517,0.2045657832736382,-0.12815697091800302,35.66510211325407,29.78207152926991,33.28100775650121,5.7689693842575736
26.839999999999517,0.20195967547478225,-0.13243825947342644,35.663401070542385,29.776344928261647,33.464796053346156,5.784876494217155
26.859999999999516,0.1992688788540519,-0.13662565547233238,35.66168488781857,29.770549517232205,33.64886705250487,5.800764350713178
26.879999999999516,0.19649528301524072,-0.14071798911466207,35.65995095539929,29.764693250225598,33.83323084512122,5.816633978953912
26.899999999999515,0.1936408006199449,-0.14471412509753995,35.6581966057257,29.75878407618537,34.017897877751025,5.832486423280471
26.919999999999515,0.1907073666894239,-0.14861296232394222,35.65641911938525,29.752829898950687,34.20287890849149,5.848322743188127
26.939999999999515,0.18769693789145975,-0.15241343704913626,35.654615731410615,29.746838536642922,34.38818496262031,5.864144009369169
26.959999999999514,0.1846114918214895,-0.15611452096665346,35.65278363784057,29.740817680424545,34.57382728776194,5.879951299778081
26.979999999999514,0.18145302627886264,-0.15971522280139333,35.65092000252612,29.73477485259419,34.75981730858781,5.895745695718889
26.999999999999513,0.1782235584919656,-0.16321458892292834,35.649021964164035,29.72871736396212,34.94616658104155,5.911528277953304
27.019999999999513,0.17492512438397118,-0.1666117054995375,35.64708664353862,29.72265227042663,35.13288674606472,5.927300122826979
27.039999999999512,0.1715597777721543,-0.1699056968447269,35.64511115095168,29.716586328645008,35.319989482778766,5.943062298409698
27.059999999999512,0.1681295895899279,-0.17309572702352138,35.64309259381892,29.7105259506598,35.50748646105628,5.958815860643479
27.07999999999951,0.16463664706837325,-0.1761810021645254,35.6410280844105,29.704477157303046,35.69538929338787,5.974561849490544
27.09999999999951,0.16108305291458994,-0.17916076834526812,35.63891474771166,29.69844553015437,35.88370948591908,5.990301285070649
27.11999999999951,0.15747092446035074,-0.18203431656122215,35.63674972937889,29.69243616177432,36.0724583884923,6.00603516377421
27.13999999999951,0.153802392825426,-0.18480097925336247,35.63453020376579,29.6864536038661,36.26164714348294,6.021764454334206
27.15999999999951,0.15007960201483855,-0.18746013414427715,35.6322533819922,29.680501812938175,36.45128663316141,6.037490093835468
27.17999999999951,0.146304708034838,-0.1900112038692468,35.62991652002951,29.67458409293983,36.64138742524315,6.053212983634654
27.19999999999951,0.14247987799040562,-0.1924536563480158,35.62751692677428,29.66870303421952,36.831959716203855,6.068933985157843
27.21999999999951,0.13860728914141948,-0.1947870069864395,35.62505197208227,29.662860448004672,37.02301327183214,6.084653915534732
27.239999999999508,0.1346891279727417,-0.1970108194847416,35.62251909473381,29.65705729541548,37.21455736436272,6.100373543018716
27.259999999999508,0.13072758922668926,-0.19912470431497742,35.61991581030166,29.65129360979452,37.40660070537482,6.116093582130249
27.279999999999507,0.12672487492700507,-0.2011283220534845,35.61723971889182,29.64556841084888,37.59915137344477,6.131814688446216
27.299999999999507,0.12268319339416527,-0.2030213834872053,35.61448851272783,29.639879608748906,37.79221673530151,6.147537452940121
27.319999999999506,0.11860475824306739,-0.2048036487117842,35.61165998354903,29.634223895891356,37.98580335893825,6.163262395755859
27.339999999999506,0.11449178736267862,-0.20647492942819887,35.60875202979333,29.62859662349637,38.17991691677273,6.178989959271073
27.359999999999506,0.11034650189542186,-0.20803508912792695,35.60576266353552,29.622991659544866,38.37456207650694,6.194720500273353
27.379999999999505,0.10617112519053463,-0.20948404328577455,35.60269001715258,29.617401223748907,38.56974237680158,6.210454281033037
27.399999999999505,0.10196788176801022,-0.2108217598461426,35.59953234968778,29.611815694252858,38.76546008423305,6.226191459008713
27.419999999999504,0.09773899624785506,-0.21204826071103886,35.59628805288588,29.60622337955281,38.96171602722339,6.241932074864592
27.439999999999504,0.09348669229803219,-0.21316361994775995,35.5929556568726,29.600610247659958,39.1585094017071,6.257676038411312
27.459999999999503,0.08921319154320131,-0.2141679670157263,35.58953383545146,29.59495960278012,39.35583754220633,6.273423112002436
27.479999999999503,0.08492071249658631,-0.21506148414552861,35.58602141099323,29.589251697698664,39.553695650709166,6.289172890826676
27.499999999999503,0.08061146947861178,-0.21584440821463174,35.58241735889287,29.583463267612935,39.75207647427738,6.304924779430551
27.519999999999502,0.07628767151643197,-0.2165170315665542,35.57872081157126,29.577566968317505,39.95096992064461,6.320677963687488
27.5399999999995,0.07195152126544122,-0.2170796995845275,35.574931061999926,29.571530698414005,40.150362599220024,6.336431377299057
27.5599999999995,0.06760521391168714,-0.21753281292301557,35.571047566728275,29.565316781608228,40.35023727291654,6.352183661774629
27.5799999999995,0.0632509360877169,-0.21787682645265286,35.567069948394334,29.55888098123698,40.55057220414445,6.367933118692788
27.5999999999995,0.05889086478909162,-0.21811225005443138,35.56299799770142,29.55217131506643,40.75134037625247,6.3836776529092125
27.6199999999995,0.05452716628294397,-0.2182396455137897,35.55883167484466,29.545126634338228,40.9525085698234,6.399414705254177
27.6399999999995,0.050161995045424256,-0.21825963053029163,35.554571110372734,29.537674927348636,41.15403627176605,6.415141173175073
27.6599999999995,0.04579749267877587,-0.21817287445296282,35.55021660547267,29.52973130502145,41.355874394408886,6.430853317749433
27.6799999999995,0.04143578686729003,-0.21798010020907085,35.545768631667116,29.52119562466821,41.557963782209605,6.446546655552072
27.6999999999995,0.037078990305108535,-0.21768208265183067,35.54122782991584,29.511949709347927,41.76023348578627,6.462215834045337
27.719999999999498,0.03272919967364478,-0.217279649369729,35.53659500911529,29.501854125153532,41.96259878741166,6.477854489521331
27.739999999999498,0.028388494598575828,-0.21677367761152674,35.53187114399254,29.49074448888454,42.164958969685415,6.493455087215543
27.759999999999497,0.024058936644611513,-0.21616509660682592,35.527057372391454,29.478427295760888,42.36719483071561,6.509008744095802
27.779999999999497,0.01974256829978198,-0.2154548834998723,35.52215499195185,29.464675283242777,42.5691659657985,6.5245050360773345
27.799999999999496,0.015441412012705321,-0.21464406624919993,35.51716545618424,29.44922238503062,42.7707078583049,6.539931793092715
27.819999999999496,0.011157469195721302,-0.21373371947074946,35.51209036994562,29.43175838140868,42.971628852236634,6.55527488761811
27.839999999999495,0.006892719308597208,-0.21272496451464168,35.50693148432398,29.41192342060088,43.17170711650316,6.570518024973613
27.859999999999495,0.0026491188987329216,-0.2116189694911816,35.50169069094175,29.389302672571535,43.370687756854686,6.585642546999851
27.879999999999495,-0.0015713992778319114,-0.21041694699101307,35.49637001569153,29.36342148257375,43.56828028555072,6.600627264552266
27.899999999999494,-0.005766927158780649,-0.20912015277995202,35.49097161191951,29.333741515938904,43.76415672047301,6.61544833858394
27.919999999999494,-0.009935582224869274,-0.2077298853964704,35.48549775307488,29.299658524901403,43.9579506527894,6.630079234276873
27.939999999999493,-0.014075508344802317,-0.20624748498915768,35.47995082484593,29.260502516130092,44.14925769255521,6.6444907775205175
27.959999999999493,-0.018184876580284545,-0.20467433032267165,35.47433331680646,29.21554124330019,44.33763777053412,6.65865134772306
27.979999999999492,-0.022261885972793292,-0.20301183994324262,35.468647813597826,29.16398807657913,44.52261983620258,6.672527245070085
27.999999999999492,-0.026304764305149126,-0.2012614694943902,35.46289698567441,29.105015388700732,44.703709538802855,6.686083273397277
28.01999999999949,-0.03031176883152016,-0.19942471104890858,35.457083579643204,29.037774617933337,44.8804005009325,6.699283581169893
28.03999999999949,-0.03428118698702424,-0.19750308938270741,35.45121040823003,28.961424089132315,45.05218978084006,6.712092801864412
28.05999999999949,-0.03821133705851205,-0.19549816510834794,35.445280339907825,28.87516545924496,45.21859805616328,6.724477530348605
28.07999999999949,-0.0421005688350933,-0.19341152822653723,35.439296288223645,28.77828926688529,45.379194931175554,6.736408162453902
28.09999999999949,-0.04594726423445164,-0.19124479973209993,35.43326120086444,28.670229475156837,45.5336295511824,6.74786110935772
28.11999999999949,-0.04974983788164612,-0.1889996301200901,35.42717804850267,28.550626081807337,45.68166637746619,6.758821374874927
28.13999999999949,-0.05350673766710858,-0.18667769538847379,35.42104981346403,28.419393828639706,45.82322550721608,6.7692854502684465
28.15999999999949,-0.057216445281420614,-0.18428069859583604,35.414879478261206,28.276793797609468,45.95842628806894,6.7792644356205
28.179999999999488,-0.06087747671475203,-0.18181036662709066,35.408670014039345,28.123503294496253,46.0876321547826,6.788787237407179
28.199999999999488,-0.06448838270815228,-0.1792684482969025,35.40242436898017,27.960677995057,46.211493601336066,6.797903618126405
28.219999999999487,-0.06804774920626916,-0.17665671413120373,35.396145456712176,27.789999011360372,46.330985024574574,6.8066867876063295
28.239999999999487,-0.07155419775969087,-0.1739769535437502,35.38983614477547,27.613696519015516,46.44742992253538,6.81523513332705
28.259999999999486,-0.0750063858907679,-0.17123097508348434,35.38349924319146,27.43454109393021,46.56250777455928,6.823672601653693
28.279999999999486,-0.07840300745470892,-0.16842060203753995,35.37713749318742,27.255794178793458,46.678235152682184,6.832147184647165
28.299999999999486,-0.0817427929471571,-0.16554767579844376,35.370753556124754,27.081110358529997,46.79691360826339,6.840826968156948
28.319999999999485,-0.08502450979811897,-0.1626140480290034,35.36435000268079,26.914386541909874,46.921038112421805,6.849893292046366
28.339999999999485,-0.08824696263296776,-0.15962158555864625,35.35792930233487,26.7595567990488,47.053162745053015,6.859530796275575
28.359999999999484,-0.09140899349872846,-0.15657216455203082,35.351493813207945,26.62033642833325,47.195725165972206,6.869914494807938
28.379999999999484,-0.09450948207123791,-0.15346767155461258,35.34504577230337,26.499924582593202,47.35083798022117,6.8811945169586055
28.399999999999483,-0.09754734584013772,-0.1503100003463851,35.33858728619662,26.4006810387118,47.520062621133675,6.893479717902539
28.419999999999483,-0.10052154023801736,-0.1471010523738889,35.33212032222232,26.323798821966296,47.7041883325204,6.90682186917546
28.439999999999483,-0.10343105877824915,-0.143842732874635,35.325646700203656,26.26899961714171,47.903043280890806,6.921202444726697
28.459999999999482,-0.10627493315658786,-0.14053695398342217,35.319168084766545,26.234282353250542,48.115364878643575,6.936523976650234
28.47999999999948,-0.10905223329348114,-0.1371856283581788,35.312685978281024,26.215756204778973,48.338750957069784,6.95260749338475
28.49999999999948,-0.11176206741174241,-0.13379067154273983,35.30620171447208,26.207586836068387,48.56970284886941,6.969196714749083
28.51999999999948,-0.11440358204769344,-0.13035399906940354,35.299716452738195,26.20207865243362,48.80375772712991,6.985968631988689
28.53999999999948,-0.11697596203863224,-0.12687752648316808,35.29323117321098,26.18990616235529,49.035693887532936,7.002549099258993
28.55999999999948,-0.11947843052809394,-0.12336316728129898,35.28674667258891,26.160494858586016,49.25978239699868,7.018531356131329
28.57999999999948,-0.1219102488982923,-0.11981283272674387,35.280263560777605,26.102537377067446,49.47005401387821,7.0334951492041435
28.59999999999948,-0.12427071672340134,-0.11622843008374527,35.27378225836449,26.004615634019554,49.66055211301822,7.047024344573972
28.61999999999948,-0.12655917168574282,-0.11261186309447556,35.26730299494955,25.855886016131013,49.82554934221716,7.058721509042353
28.63999999999948,-0.12877498947177118,-0.10896502846167551,35.26082580835345,25.64677441139018,49.95971555289254,7.06821869730221
28.659999999999478,-0.1309175836576356,-0.10528981785641559,35.25435054472455,25.369622598309018,50.05823459714737,7.075184421423047
28.679999999999477,-0.13298640557127495,-0.1015881152829333,35.247876859560066,25.019228420652365,50.11687580751105,7.079327355583372
28.699999999999477,-0.13498094415130307,-0.09786179630664936,35.241404219647336,24.593229663098914,50.13203123817158,7.080397675143083
28.719999999999477,-0.13690072576346254,-0.09411272852169472,35.23493190592927,24.0922951064731,50.10073181783857,7.078187043151556
28.739999999999476,-0.13874531402502935,-0.09034277033246028,35.228459017299706,23.520104470581867,50.02065485236723,7.072528179679967
28.759999999999476,-0.14051430961309067,-0.08655376814535748,35.221984475328895,22.883119691407515,49.89013253682423,7.063294736652594
28.779999999999475,-0.14220735004135565,-0.08274755972648316,35.215507029908956,22.19017062168588,49.708167069464196,7.050401908364104
28.799999999999475,-0.14382410945264107,-0.07892596930226431,35.20902526580643,21.451896131323952,49.474453327437494,7.033807882465762
28.819999999999474,-0.14536429836996168,-0.07509081112036774,35.20253761011276,20.68009442914589,49.18940553257393,7.013515918038109
28.839999999999474,-0.14682766346244214,-0.07124388597275998,35.196042340577705,19.887042683933686,48.854180563661956,6.989576565405229
28.859999999999474,-0.14821398728406315,-0.06738698108976603,35.1895375947963,19.08484512987295,48.47068823533613,6.962089358471071
28.879999999999473,-0.14952308801285574,-0.06352187108563782,35.18302138021354,18.284861292027806,48.041578599800424,6.9312032577179865
28.899999999999473,-0.15075481917710254,-0.059650317130071684,35.176491584916874,17.49725318671637,47.57019857039828,6.8971152354008325
28.919999999999472,-0.15190906937996396,-0.05577406500073992,35.16994598918588,16.730674415407055,47.06051491133044,6.8600666841751945
28.939999999999472,-0.1529857620087872,-0.05189484662516017,35.16338227775328,15.992107323222701,46.517007232178365,6.820337765256085
28.95999999999947,-0.1539848549303989,-0.04801437952249595,35.156798052721506,15.286839046490242,45.944541715340335,6.778240311123554
28.97999999999947,-0.15490634020819258,-0.044134364741948796,35.15019084708571,14.618555069989593,45.34824204991852,6.734110338412827
28.99999999999947,-0.15575024378156507,-0.040256488529157086,35.14355813881863,13.989520911028713,44.73337660580854,6.688301473902663
29.01999999999947,-0.1565166251494528,-0.03638242142059174,35.13689736545665,13.400819054553514,44.10527902010554,6.64118054415821
29.03999999999947,-0.15720557705855648,-0.03251381688264684,35.13020593910878,12.85260892492561,43.46931293985851,6.593126188680034
29.05999999999947,-0.15781722516913474,-0.028652313247754614,35.12348126181656,12.344381656097596,42.83088176824085,6.544530675933978
29.07999999999947,-0.15835172773107048,-0.024799531008928167,35.11672074120709,11.875187618688654,42.19547297997919,6.495804259672484
29.09999999999947,-0.15880927524587157,-0.02095707474621185,35.10992180637188,11.443821949777238,41.56871643726702,6.447380587282484
29.119999999999468,-0.159190090137509,-0.017126531417516418,35.1030819238794,11.048960708204056,40.956429523912334,6.399721050476523
29.139999999999468,-0.15949442640462155,-0.013309472269637204,35.096198613828776,10.68924696697178,40.36462056451051,6.3533157142165155
29.159999999999467,-0.1597225692625504,-0.009507449012366461,35.08926946587387,10.36333162670829,39.799426722078735,6.308678682741635
29.179999999999467,-0.15987483483987633,-0.005721997797821462,35.0822921551499,10.069877691408024,39.26697309868491,6.2663364974030005
29.199999999999466,-0.1599515697852344,-0.0019546368536961793,35.075264458005535,9.80753907957772,38.77315464944111,6.226809347446019
29.219999999999466,-0.15995315093381454,0.0017931329248118332,35.06818426743115,9.574925788024645,38.32335915847748,6.190586333981417
29.239999999999466,-0.15987998496344538,0.005519829605433047,35.06104960810095,9.370566537280986,37.922164439554074,6.158097469150198
29.259999999999465,-0.1597325080167702,0.009223987828757994,35.05385865096931,9.192878161385432,37.573052429924125,6.12968616080172
29.279999999999465,-0.15951118535915934,0.012904160930793405,35.04660972733844,9.040148297911857,37.27818406901041,6.105586300185299
29.299999999999464,-0.15921651100484857,0.016558920746230797,35.03930134228265,8.910534785550889,37.03827078596656,6.08590755647558
29.319999999999464,-0.15884900735316596,0.0201868571884697,35.0319321873319,8.802082012472962,36.85256253779839,6.070631148224902
29.339999999999463,-0.15840922482161332,0.02378657850003844,35.024501152362184,8.712751687107048,36.71895237330053,6.05961652031715
29.359999999999463,-0.15789774147133445,0.027356712044658123,35.01700733664038,8.640463462071136,36.634178329259385,6.052617477526511
29.379999999999463,-0.15731516263047504,0.03089590358364,35.009450058926575,8.5831397526354,36.59408956101614,6.049304882465104
29.399999999999462,-0.15666212052149567,0.03440281791950592,35.00182886653012,8.538749023309363,36.59393765711683,6.04929232696824
29.41999999999946,-0.15593927387589832,0.03787613914574638,34.994143543270575,8.505342678422332,36.62865637553229,6.052161297877998
29.43999999999946,-0.1551473075528009,0.04131457110383622,34.98639411633119,8.48108224889754,36.69310172895971,6.057483118338813
29.45999999999946,-0.15428693215414616,0.04471683567542675,34.97858086195284,8.464255481405981,36.78223638162809,6.064836055626573
29.47999999999946,-0.15335888362995462,0.048081675304723334,34.970704309869475,8.453281835210632,36.89125450141406,6.073817127755334
29.49999999999946,-0.15236392289693942,0.05140785244691757,34.962765246423885,8.446709439443262,37.01565304798586,6.084049066862122
29.51999999999946,-0.15130283543035922,0.05469414749105381,34.95476471638288,8.443206521736206,37.15126161060654,6.095183476369398
29.53999999999946,-0.1501764308707666,0.05793936339034424,34.946704023472655,8.441550590056298,37.2942451219988,6.106901433787743
29.55999999999946,-0.14898554261412356,0.061142322242199156,34.938584729582125,8.440618281704664,37.44109272586914,6.118912707815755
29.57999999999946,-0.14773102740747282,0.06430186709531062,34.930408652563415,8.439377954164794,37.588602906903354,6.130954485796103
29.599999999999458,-0.14641376493147656,0.06741686191340408,34.92217786264628,8.436886015821234,37.73387094330277,6.142790159471734
29.619999999999457,-0.1450346573736526,0.07048619129717852,34.913894677553245,8.43228692099052,37.87428085969582,6.15420838611237
29.639999999999457,-0.14359462901330824,0.07350876186375885,34.90556165634645,8.424815879955945,38.00750103675398,6.165022387368434
29.659999999999457,-0.14209462577585893,0.07648350153444126,34.897181591949725,8.41380278527257,38.131480789006346,6.175069294267583
29.679999999999456,-0.1405356148140754,0.07940936156251695,34.888757502328446,8.3986756775537,38.244444563253325,6.184209291676125
29.699999999999456,-0.13891858404278148,0.08228531330708995,34.88029262044073,8.37896224824234,38.34488075274837,6.192324341694996
29.719999999999455,-0.13724454170638054,0.08511035202487535,34.8717903831023,8.35428833588544,38.43152319363649,6.199316348891746
29.739999999999455,-0.1355145159249106,0.08788349605184402,34.863254418788465,8.324373015129865,38.503324910027175,6.205104746096328
29.759999999999454,-0.1337295542229737,0.09060378632453253,34.85468853432083,8.289020580585257,38.559425298522626,6.209623603610981
29.779999999999454,-0.13189072307349103,0.09327028737319354,34.84609670049409,8.248110356295902,38.59911339048243,6.212818473968351
29.799999999999454,-0.1299991074148323,0.09588208711137021,34.83748303684331,8.201585688340419,38.621790820157806,6.214643257674394
29.819999999999453,-0.12805581018833348,0.09843829831417227,34.828851795713064,8.14944360912688,38.626938443023235,6.215057396599265
29.839999999999453,-0.12606195183300944,0.1009380582206939,34.820207345621135,8.091726464797087,38.61409009794322,6.21402366409585
29.859999999999452,-0.12401866980346105,0.10338052833808271,34.81155415388199,8.028516317087615,38.582815862857586,6.2115067304847695
29.879999999999452,-0.12192711806358136,0.10576489627908182,34.80289676863664,7.959932284976096,38.532715556569904,6.207472557858787
29.89999999999945,-0.11978846657405175,0.108090373800958,34.7942398005614,7.886130337799909,38.46342153869828,6.201888546136433
29.91999999999945,-0.11760390078540334,0.11035620101253592,34.78558790439417,7.807304544851222,38.37460841785365,6.194724240662667
29.93999999999945,-0.1153746211020641,0.11256164295513636,34.77694576021075,7.723688534172914,38.26600636927079,6.185952341335228
29.95999999999945,-0.11310184235897282,0.1147059916554007,34.768318054429535,7.635555950204067,38.13741451321418,6.175549733684782
29.97999999999945,-0.1107867932663724,0.1167885663433712,34.75970946077834,7.5432189886804135,37.98871118815457,6.16349829140518
29.99999999999945,-0.10843071588555837,0.11880871401714499,34.75112462154489,7.447024540873704,37.819858834122755,6.1497852673181
30.01999999999945,-0.10603486506163222,0.12076580880293457,34.742568129199675,7.34734799280903,37.63090240095077,6.1344031821319644
30.03999999999945,-0.1036005078634735,0.1226592539188071,34.73404450825724,7.244585200836613,37.42196152819453,6.1173492239853795
30.059999999999448,-0.10112892302220806,0.12448848124943357,34.72555819737326,7.139143524906876,37.19321802948057,6.098624273512885
30.079999999999448,-0.098621400348635,0.12625294954139513,34.717113531984914,7.031432989560533,36.94490127092833,6.0782317552828085
30.099999999999447,-0.0960792401642376,0.1279521492648345,34.70871472782044,6.921858628500464,36.67727467160325,6.056176572029852
30.119999999999447,-0.09350375272151296,0.1295855984092655,34.70036586526561,6.810814850301352,36.39062660600845,6.032464389120623
30.139999999999446,-0.09089625758409817,0.13115284571638286,34.69207087435962,6.698682277101176,36.085268368375225,6.0071014947622805
30.159999999999446,-0.0882580830530288,0.1326534702618199,34.68383352043933,6.585827031528806,35.761540623946736,5.980095369134737
30.179999999999445,-0.0855905655471938,0.13408708049384976,34.675657390822884,6.472601984064838,35.41982814957043,5.951455968884456
30.199999999999445,-0.08289504900335486,0.13545331620683937,34.667545882861006,6.359349130132323,35.06058100728672,5.921197599074593
30.219999999999445,-0.0801728842522054,0.1367518488963283,34.659502193225265,6.2464021208348015,34.684338979959655,5.889341132924773
30.239999999999444,-0.07742542839878247,0.13798238009942682,34.65152930808663,6.134088047273783,34.29175541842709,5.855916274881932
30.259999999999444,-0.07465404417877015,0.13914464328866818,34.64362999419694,6.022727840604695,33.88361672760399,5.82096355662909
30.279999999999443,-0.07186009934809233,0.14023840442600863,34.635806791323866,5.912635020201034,33.460854496153935,5.784535806454476
30.299999999999443,-0.06904496604666609,0.14126345948983704,34.62806200635041,5.804112908432593,33.02454856079868,5.746698927279789
30.319999999999443,-0.06621002014890635,0.1422196378645174,34.62039770877611,5.697450754195477,32.57592084198371,5.707531939637632
30.339999999999442,-0.06335664063124506,0.1431068012914326,34.61281572714918,5.592919417660058,32.11632133383547,5.6671263735543675
30.35999999999944,-0.060486208916664314,0.143924842804356,34.60531764644806,5.490767342168979,31.64720892711246,5.625585207523965
30.37999999999944,-0.0576001082407011,0.14467368789242238,34.597904806948186,5.391217473224063,31.170130547780598,5.583021632394111
30.39999999999944,-0.05469972301440937,0.14535329377106568,34.59057830488368,5.2944655943541035,30.686702199657216,5.539557942621164
30.41999999999944,-0.05178643816878978,0.14596365043018653,34.58333899448425,5.200680270378905,30.19859480239575,5.4953248131839985
30.43999999999944,-0.04886163849914417,0.14650478231543818,34.576187490735165,5.11000427559781,29.70752629346942,5.450461108334727
30.45999999999944,-0.04592670801825731,0.14697674381211606,34.56912417284088,5.022557106085539,29.215259613150508,5.405114209075559
30.47999999999944,-0.04298302931175346,0.14737962165356097,34.562149189032695,4.938437996057386,28.7236043820624,5.359440678099013
30.49999999999944,-0.04003198291143207,0.14771353590067807,34.555262463094294,4.8577288186014735,28.23441880689466,5.313606948852602
30.51999999999944,-0.03707494662171686,0.1479786387844534,34.54846370207913,4.780496353154178,27.749607962256874,5.267789665719093
30.539999999999438,-0.034113294880864196,0.14817511492861457,34.54175240437781,4.706793609068793,27.27111518180058,5.222175330434682
30.559999999999437,-0.031148398100563857,0.14830318114715998,34.53512786804993,4.636660144630881,26.800904660862113,5.176959016726143
30.579999999999437,-0.028181622054998606,0.14836308574580345,34.52858920017308,4.570121549783051,26.340935157284378,5.132342073292112
30.599999999999437,-0.025214327237394085,0.14835510750183215,34.5221353276918,4.507188422672672,25.89312646710743,5.088528909921553
30.619999999999436,-0.022247868238690096,0.14827955825692973,34.51576500914697,4.447855245465239,25.459321801884947,5.045723119819888
30.639999999999436,-0.019283593092217687,0.148136782020061,34.50947684619996,4.3920995554761575,25.04125005712507,5.004123305547643
30.659999999999435,-0.016322842652604874,0.1479271523822556,34.5032692947478,4.339881725781829,24.640492078906025,4.963919024209201
30.679999999999435,-0.01336694999884389,0.14765107292160037,34.497140676546756,4.291145531741347,24.2584543482659,4.92528723510273
30.699999999999434,-0.010417239842965977,0.14730897727958114,34.49108919209148,4.2458195097003095,23.896352101186285,4.8883895201984755
30.719999999999434,-0.007475027917766492,0.14690132970437322,34.48511293415301,4.203818945595809,23.55520207907353,4.85337017742038
30.739999999999434,-0.0045416203651064205,0.14642862535244483,34.47920990060656,4.165048204880947,23.235823327703024,4.820355103900855
30.759999999999433,-0.001618313138329987,0.14589138680659966,34.47337800607984,4.129403064489705,22.93884322857749,4.789451245036062
30.779999999999433,0.0012936085534755615,0.14529016584903884,34.4676150934376,4.096772743178743,22.664705582648885,4.760746326223325
30.799999999999432,0.004192870802656499,0.1446255411878681,34.46191894622129,4.06704143111055,22.413678092924098,4.734308618259281
30.819999999999432,0.007078211555309141,0.14389812020669002,34.45628730163954,4.040089255978434,22.185857734903436,4.710186592365894
30.83999999999943,0.009948381204441565,0.14310853928758152,34.45071786249226,4.015792751204003,21.981173837386216,4.688408454623617
30.85999999999943,0.01280214313636747,0.14225746154529492,34.44520830717673,3.9940249828668937,21.799389829859997,4.668981669471406
30.87999999999943,0.015638274257117522,0.14134557450923696,34.439756298807424,3.9746555341761125,21.640105309328607,4.651892658835607
30.89999999999943,0.018455565476075377,0.14037359168428212,34.434359495056334,3.9575505420764654,21.50276027173163,4.637106885950725
30.91999999999943,0.021252822209176927,0.13934225128644068,34.429015558714454,3.9425729404802126,21.386643086336644,4.624569502811764
30.93999999999943,0.024028864910147156,0.13825231838472232,34.4237221671509,3.929583000827204,21.29090315904617,4.6142066662695305
30.95999999999943,0.026782529588872405,0.13710458224887395,34.418477019212844,3.918439184535465,21.214568352061388,4.605927523535448
30.97999999999943,0.029512668257743027,0.13589985469048527,34.41327784037591,3.908999245297302,21.15656626903381,4.599626753230506
30.999999999999428,0.03221814937125847,0.1346389673668604,34.408122388312265,3.901121457162827,21.115747704709715,4.595187450443095
31.019999999999428,0.034897858243315316,0.13332277463877681,34.403008459654195,3.894665814012827,21.090910141200254,4.592484092645314
31.039999999999427,0.03755069750345807,0.13195215457050644,34.39793389619724,3.8894950590382775,21.080819302148956,4.59138533583808
31.059999999999427,0.040175587574018505,0.13052800734903294,34.392896588313796,3.88547545597015,21.08422740539247,4.591756461899136
31.079999999999426,0.042771467072316015,0.1290512517528512,34.38789447571154,3.8824772861971724,21.099887631920662,4.593461399850951
31.099999999999426,0.045337293167072,0.12752282441642493,34.38292554804383,3.8803751186990807,21.12656511999679,4.596364337168757
31.119999999999425,0.04787204191791708,0.12594367836966067,34.37798784722271,3.87904793256778,21.16304526406797,4.600330995055462
31.139999999999425,0.05037470866071648,0.12431478748051779,34.373079470224056,3.87837917356667,21.208140218926165,4.605229659737521
31.159999999999425,0.052844308414235895,0.1226371464899823,34.36819856945394,3.878256810388199,21.26069440779178,4.610932054128729
31.179999999999424,0.05527987625750349,0.12091176613277624,34.36334334967122,3.8785734371090994,21.31958964899454,4.617314116344538
31.199999999999424,0.05768046761317237,0.11913966945186451,34.358512063869256,3.879226449390054,21.383750298201186,4.6242567292702494
31.219999999999423,0.06004515849836142,0.1173218932651036,34.353703011211,3.8801182986277913,21.452148528038922,4.6316464165606295
31.239999999999423,0.06237304581483786,0.11545948931872681,34.348914537005086,3.881156799189218,21.523809540686294,4.63937598613071
31.259999999999422,0.06466324769172271,0.11355352849475599,34.34414503142355,3.8822554381133894,21.59781623052227,4.64734507332114
31.279999999999422,0.06691490380657338,0.11160509523152462,34.33939292429945,3.8833336284339124,21.67331272487976,4.655460527690011
31.29999999999942,0.06912717564035943,0.10961528341736602,34.33465667741193,3.8843168631952123,21.749506398289686,4.663636606586076
31.31999999999942,0.07129924663646595,0.1075851954136609,34.32993477837577,3.885136759294713,21.82566830150661,4.6717949763989655
31.33999999999942,0.07343032236081289,0.10551594313935367,34.325225738157705,3.8857310111999563,21.901132293393452,4.679864559300135
31.35999999999942,0.07551963077579683,0.103408653302471,34.320528089578964,3.8860432903351287,21.975293353338575,4.687781282583326
31.37999999999942,0.077566422516341,0.1012644665887021,34.315840382478854,3.8860231239670013,22.04760553853879,4.695487784941921
31.39999999999942,0.07956997111599162,0.09908453123990538,34.31116117477295,3.8856257748736747,22.117579901521097,4.70293311684539
31.41999999999942,0.08152957310779767,0.09686999794532065,34.30648902346303,3.884812128970969,22.184782507422938,4.71007245246004
31.43999999999942,0.08344454809539857,0.0946220236900678,34.301822479957906,3.883548587551178,22.248832563071783,4.716866816338127
31.459999999999418,0.08531423887391498,0.09234177265699128,34.29716008916531,3.881806954808687,22.309400605230753,4.723282820796437
31.479999999999418,0.08713801167929895,0.09003042344979247,34.29250038728448,3.8795643090777525,22.36620666759175,4.729292406649408
31.499999999999417,0.08891525640925783,0.0876891624929783,34.28784189456182,3.876802846676624,22.419018327011006,4.734872577695308
31.519999999999417,0.09064538669416787,0.08531917734461356,34.28318310527835,3.8735096895451866,22.46764851634053,4.740005117754677
31.539999999999417,0.09232783989659238,0.082921651466237,34.278522481041996,3.8696766518275534,22.511953010434485,4.744676280889402
31.559999999999416,0.09396207708606077,0.0804977744048648,34.27385845035385,3.865299967369854,22.551827575903346,4.74887645405767
31.579999999999416,0.09554758317943915,0.07804874278145751,34.26918941060207,3.8603799907589593,22.58720492242857,4.752599806677243
31.599999999999415,0.09708386715103062,0.07557576369911864,34.26451372592404,3.854920896295719,22.61805174178585,4.755843956837299
31.619999999999415,0.09857046214140883,0.07308004622471237,34.25982971924681,3.8489304045367247,22.644366169166062,4.758609688676522
31.639999999999414,0.10000692541243084,0.07056279136431008,34.25513566405836,3.84241955713396,22.66617588295592,4.760900742817048
31.659999999999414,0.10139283819980835,0.06802519702632527,34.250429782751475,3.835402538394398,22.6835368120817,4.762723675805862
31.679999999999414,0.10272780569685087,0.065468463007471,34.245710251820206,3.827896518418895,22.696532184067788,4.764087759904071
31.699999999999413,0.10401145718431494,0.06289379876140457,34.24097520689601,3.8199214835125246,22.705271565757958,4.7650048862260315
31.719999999999413,0.10524344621520425,0.06030241965482663,34.236222740997235,3.8115000304606674,22.709889651808652,4.765489445147125
31.739999999999412,0.10642345060054204,0.057695534697035596,34.23145089746524,3.802657121927831,22.710544732107785,4.765558176342807
31.759999999999412,0.10755117222442256,0.055074342120819,34.226657666013374,3.793419813360949,22.70741686784704,4.765229991075671
31.77999999999941,0.10862633683305802,0.05244003204735897,34.22184098803155,3.783816959611964,22.70070578124379,4.7645257666680525
31.79999999999941,0.1096486940269568,0.04979380072671606,34.216998767783,3.7738789013637493,22.690628417515033,4.763468108166048
31.81999999999941,0.11061801741929637,0.047136853184527,34.21212887980291,3.763637133558349,22.677416208159276,4.762081079544874
31.83999999999941,0.1115341047583963,0.0444703954668135,34.20722916708458,3.753123975006311,22.66131226558666,4.760389927893161
31.85999999999941,0.11239677779251239,0.041795620038456084,34.202297435356904,3.7423722758084423,22.642568914522325,4.7584208425193255
31.87999999999941,0.11320588194973023,0.03911370330736598,34.19733145420658,3.73141519661967,22.621445924086494,4.756200786771569
31.89999999999941,0.11396128609114607,0.03642581369273045,34.19232896948417,3.720286065921311,22.598209514015366,4.753757410093132
31.91999999999941,0.1146628825381127,0.03373313016547205,34.1872877196838,3.7090182865166548,22.57313185530613,4.751119010854825
31.939999999999408,0.11531058723666625,0.031036837332085686,34.182205444588824,3.697645246916553,22.54649062281762,4.748314503359863
31.959999999999408,0.11590433984262954,0.028338115703049685,34.17707988277887,3.6862002074118276,22.518568277889205,4.7453733549520845
31.979999999999407,0.11644410342018581,0.025638125519601675,34.17190876714327,3.674716158761109,22.48965101264505,4.742325485734298
31.999999999999407,0.11692986400647772,0.022938006492418922,34.16668983069986,3.6632256673334798,22.4600274305363,4.73920113843423
32.019999999999406,0.1173616303728678,0.020238893122037725,34.161420824739,3.6517607131620062,22.429986972246446,4.7360307190986894
32.03999999999941,0.11773943407698076,0.017541932072184425,34.15609953812689,3.6403525110479933,22.399817962881603,4.73284459525998
32.05999999999941,0.11806332969484438,0.014848276175256423,34.150723804826626,3.6290313036988526,22.369805181900094,4.7296728408950335
32.079999999999416,0.11833339477691225,0.012159067245660583,34.1452914989502,3.617826137748056,22.340227106857242,4.72654494391593
32.09999999999942,0.11854972946880303,0.009475420211442077,34.13980053038442,3.6067646603298176,22.31135326931749,4.723489522515901
32.11999999999942,0.11871245593835332,0.006798426605292066,34.13424885435289,3.595872978678176,22.283442214948277,4.7205341027206105
32.139999999999425,0.11882171814299554,0.004129176041651607,34.128634494017845,3.585175599193397,22.25674029063349,4.717704981305369
32.15999999999943,0.11887768195501532,0.0014687723519715616,34.12295556093112,3.574695424953328,22.231481083843835,4.715027156214886
32.17999999999943,0.1188805354304216,-0.0011816732970248939,34.117210259240835,3.564453771720158,22.207885119924327,4.712524283218531
32.199999999999434,0.11883048869557523,-0.0038210688121011983,34.11139687581649,3.5544703745481425,22.186159517312035,4.710218627336956
32.21999999999944,0.11872777341257099,-0.006448355115516007,34.10551377339703,3.5447633840483728,22.166497556385362,4.7081310045903955
32.23999999999944,0.1185726421120733,-0.009062499246916749,34.0995594014889,3.535349365395189,22.149078255693524,4.70628072427618
32.259999999999444,0.11836536794153563,-0.011662468194612663,34.09353232155695,3.526243302406927,22.13406594509801,4.70468553094657
32.27999999999945,0.1181062448814543,-0.01424721135237009,34.087431227391164,3.5174585886625267,22.121609628773292,4.703361524353969
32.29999999999945,0.11779558805479319,-0.016815670169896383,34.081254945051484,3.50900698354459,22.111841907020633,4.702323033035973
32.31999999999945,0.11743373354814482,-0.01936681001648921,34.075002416856066,3.500898533001984,22.104877475662818,4.701582443780266
32.339999999999456,0.11702103773506346,-0.02189963878318087,34.068672690359314,3.493141485473726,22.100811564859885,4.701150025776659
32.35999999999946,0.11655787648269157,-0.024413193805616552,34.06226492874389,3.4857422449769313,22.099718816864907,4.701033802991094
32.37999999999946,0.11604464489232769,-0.02690651003763953,34.05577843711061,3.478705384441397,22.101652903976316,4.701239507191302
32.399999999999466,0.11548175759580812,-0.029378598254491132,34.049212681685134,3.4720337091365234,22.10664681886014,4.7017706046616246
32.41999999999947,0.11486964913426698,-0.03182846155824596,34.042567284354206,3.4657283406720336,22.1147135342079,4.702628364458317
32.43999999999947,0.11420877377659598,-0.03425513039794722,34.03584199888245,3.459788800086462,22.12584678560212,4.703811941989403
32.459999999999475,0.11349960467485017,-0.0366576869080223,34.02903669396476,3.4542130910472064,22.140021955098945,4.705318475416828
32.47999999999948,0.11274263293237634,-0.039035248434245114,34.02215136229601,3.448997795896556,22.157197155109152,4.707143205290142
32.49999999999948,0.11193836728912802,-0.04138692755332545,34.01518614881552,3.4441381860168017,22.177314495269574,4.709279615320115
32.519999999999484,0.1110873344818929,-0.04371180916768446,34.00814137068201,3.439628326361575,22.20030128782403,4.711719568037133
32.53999999999949,0.11019007977427603,-0.0460089645638599,34.00101750764269,3.4354611462489717,22.22607087072738,4.7144534010558825
32.55999999999949,0.10924716674745542,-0.04827749577832952,33.99381516957996,3.4316284660001184,22.2545229297116,4.7174699712570085
32.579999999999494,0.10825917635874943,-0.05051656636834682,33.98653507094192,3.42812099858763,22.285543540019514,4.720756670282796
32.5999999999995,0.10722670577067589,-0.052725385112127245,33.97917803613018,3.424928361844285,22.31900534431043,4.724299455401873
32.6199999999995,0.10615036792054189,-0.05490315742821936,33.97174502985753,3.4220391265231065,22.354768178003102,4.728082928418568
32.6399999999995,0.10503079196301723,-0.05704905413381337,33.96423718078255,3.4194408992396825,22.392680156773096,4.732090463714012
32.659999999999506,0.10386862393510503,-0.05916222373693296,33.95665577123186,3.417120420931206,22.4325790180797,4.736304362905714
32.67999999999951,0.10266452668231967,-0.061241845485950734,33.94900219759691,3.4150636651469286,22.474293527053767,4.740706015674645
32.69999999999951,0.10141917878183591,-0.06328716981454989,33.94127793492154,3.4132559381882346,22.517644939218417,4.745276065648701
32.719999999999516,0.10013327314355469,-0.06529750631083128,33.933484536532156,3.411681993804773,22.56244862947839,4.749994592573595
32.73999999999952,0.09880751635066204,-0.06727216774877735,33.925623666348365,3.4103261661877378,22.608515903899384,4.754841312167987
32.75999999999952,0.09744262911197843,-0.06921042478993292,33.91769712888316,3.409172504564323,22.655655791384103,4.759795772024689
32.779999999999525,0.09603934715198846,-0.07111151229631446,33.909706861939824,3.4082048815096484,22.703676493389416,4.7648375096522875
32.79999999999953,0.09459842135715031,-0.07297469050061883,33.901654891285865,3.407407057988661,22.752386296607575,4.769946152380294
32.81999999999953,0.0931206166750298,-0.07479929886697033,33.8935432834339,3.406762713469989,22.801594044709596,4.775101469572096
32.839999999999534,0.09160671041210296,-0.07658475541035384,33.885374136366856,3.4062554682187174,22.851109486179784,4.780283410654622
32.85999999999954,0.09005749122767999,-0.07833049490979331,33.8771496133206,3.405868922327088,22.900743795256282,4.785472160117148
32.87999999999954,0.08847375946447439,-0.08003590560150534,33.868871983182075,3.4055867168487155,22.950310347264775,4.790648217857869
32.899999999999544,0.08685632829212746,-0.08170032358759256,33.86054362236541,3.405392605230833,22.99962562563001,4.795792491927691
32.91999999999955,0.0852060242010277,-0.08332309336466488,33.852166967208774,3.4052705226259556,23.048510114692135,4.8008863884382995
32.93999999999955,0.0835236860562829,-0.08490364299531752,33.843744452443644,3.405204653801897,23.0967891685022,4.805911897704972
32.95999999999955,0.08181016309596754,-0.08644150231618318,33.83527848638121,3.405179511068168,23.144293965364078,4.810851688148792
32.979999999999556,0.08006631341178283,-0.08793624241639915,33.826771481236364,3.405180028926665,23.190862613296687,4.815689214774629
32.99999999999956,0.07829300399056312,-0.08938739098880827,33.818225905680215,3.405191665160838,23.236341290269394,4.8204088301999235
33.01999999999956,0.07649111201138857,-0.09079440261315261,33.809644303831604,3.4052004849536863,23.280585160272338,4.824995871529046
33.039999999999566,0.07466152590225936,-0.09215671367211818,33.80102925337143,3.4051932088953567,23.323458854150466,4.829436701536781
33.05999999999957,0.07280514475020287,-0.0934738357709724,33.792383291001165,3.405157225276929,23.364836523773352,4.833718705486838
33.07999999999957,0.07092287616814946,-0.09474540510681898,33.78370886535897,3.40508058597806,23.404601694720316,4.837830267250012
33.099999999999575,0.06901563413323922,-0.09597113513811141,33.775008354886594,3.404952008555728,23.44264718569189,4.841760752628313
33.11999999999958,0.06708433840119017,-0.0971507153510457,33.766284129528266,3.404760894120566,23.47887521803546,4.845500512644226
33.13999999999958,0.065129915835254,-0.09828374467482918,33.75753859327933,3.4044973545445796,23.513197651447857,4.849040900162408
33.159999999999584,0.06315330204036444,-0.09936976240731203,33.748774159015596,3.4041522377187716,23.545536215131143,4.852374286380961
33.17999999999959,0.061155441521426844,-0.10040835843122992,33.739993167020785,3.4037171480347053,23.575822689038787,4.855494072598461
33.19999999999959,0.05913728569757944,-0.1013992599190169,33.73119781107627,3.403184469946377,23.603999109930072,4.858394705036847
33.219999999999594,0.057099790079301646,-0.10234231866657849,33.72239013239369,3.402547402738458,23.630018088937053,4.861071701686476
33.2399999999996,0.05504391276311772,-0.10323740208691466,33.71357208274769,3.401800002826115,23.653843205054002,4.863521687527876
33.2599999999996,0.0529706152987425,-0.1040842857803145,33.70474559511504,3.4009372169907754,23.675449297915012,4.865742420013108
33.2799999999996,0.05088086487650987,-0.10488263872473423,33.69591259012274,3.399954888908424,23.694822468371243,4.867732785226736
33.299999999999606,0.048775635536184136,-0.105632129342873,33.68707490116634,3.3988497347072166,23.711959740904785,4.869492760124486
33.31999999999961,0.0466559068625289,-0.1063325531310261,33.67823417382081,3.3976193006220194,23.726868535977733,4.8710233561314125
33.33999999999961,0.04452266076954724,-0.10698387645911502,33.66939182138996,3.3962619231077524,23.73956618601635,4.872326568079807
33.359999999999616,0.04237687878741792,-0.10758614864872866,33.66054907247247,3.3947767040680437,23.7500796444844,4.873405343749317
33.37999999999962,0.040219541913124754,-0.10813935220772589,33.6517070661965,3.3931634991440416,23.7584453678808,4.874263571851731
33.39999999999962,0.03805163286438762,-0.10864332829074294,33.64286690639016,3.3914229083108216,23.764709242822114,4.8749060752820785
33.419999999999625,0.03587413856005969,-0.10909783963608215,33.63402961848689,3.3895562613933805,23.768926459860598,4.875338599508818
33.43999999999963,0.03368805014254937,-0.10950272792793056,33.62519603688514,3.387565600757239,23.77116134440384,4.875567797129257
33.45999999999963,0.03149436005819208,-0.1098580292377459,33.616366713747546,3.38545366813679,23.771487217215096,4.875601215974815
33.479999999999634,0.029294058197079392,-0.11016394568712308,33.60754192612736,3.383223896857686,23.76998630382486,4.875447292692729
33.49999999999964,0.027088130029477346,-0.11042068621436091,33.598721775963355,3.3808804000906876,23.76674959763273,4.8751153419824576
33.51999999999964,0.024877558126026423,-0.11062831422777501,33.58990629627039,3.378427941300472,23.76187652792083,4.874615526164174
33.539999999999644,0.0226633255196019,-0.11078673280325804,33.58109546790882,3.375871880602695,23.755474362776788,4.873958797812799
33.55999999999965,0.02044641768369692,-0.11089582746851705,33.572289125507105,3.373218105179051,23.747657436933295,4.8731568245782215
33.57999999999965,0.018227820946099923,-0.11095565195425447,33.56348682735948,3.3704729615270175,23.738546405591634,4.872221916702033
33.59999999999965,0.016008518151892213,-0.11096649768827123,33.5546877997824,3.367643204366155,23.728267694940936,4.871166974652064
33.619999999999656,0.013789484770531704,-0.11092877915606589,33.54589100803397,3.36473596442102,23.716953175441184,4.870005459487821
33.63999999999966,0.01157168846821021,-0.11084282866492264,33.53709529987888,3.361758725711767,23.704739944775945,4.868751374302856
33.65999999999966,0.009356092341206834,-0.11070876447466949,33.528299503452544,3.3587193010856855,23.691770077841063,4.867419242046145
33.679999999999666,0.00714365884218717,-0.11052655888480946,33.51950239529811,3.3556258018367804,23.67819028090551,4.866024073194204
33.69999999999967,0.004935350734408951,-0.1102962489843488,33.51070256221192,3.352486604866066,23.66415148145998,4.864581326430876
33.71999999999967,0.0027321277268843713,-0.1100181214426726,33.50189827302799,3.3493103211385393,23.64980840024611,4.863106867039435
33.739999999999675,0.000534941072443818,-0.10969271659830081,33.49308747442495,3.346105762506465,23.63531908293375,4.8616169206277196
33.75999999999968,-0.0016552697607117963,-0.1093206297224171,33.484267926068725,3.3428818980897708,23.620844300898668,4.860128012809813
33.77999999999968,-0.003837575746552243,-0.10890227838178525,33.47543737438337,3.3396477938248923,23.606546752393456,4.858656887699877
33.799999999999685,-0.0060110535351133735,-0.10843781918010381,33.466593627978305,3.3364125392262345,23.592590110536406,4.857220409919279
33.81999999999969,-0.008174781407054727,-0.10792729959398378,33.457734474882415,3.3331851756423236,23.579138082558533,4.855835466998293
33.83999999999969,-0.010327839720821344,-0.10737092304571437,33.44885751214482,3.3299746414944553,23.566353661601664,4.854518890848161
33.859999999999694,-0.01246931604586098,-0.10676921502033229,33.43996003525257,3.3267897406467233,23.55439864489085,4.853287405964214
33.8799999999997,-0.014598311256543473,-0.1061229469837682,33.431039092085705,3.3236391273481947,23.543433340161894,4.852157596385539
33.8999999999997,-0.016713941889210843,-0.10543286420513262,33.4220916746718,3.3205312946340033,23.5336162990479,4.851145874847292
33.9199999999997,-0.018815336952766618,-0.10469944059523022,33.413114907327035,3.317474556383502,23.525103951339062,4.850268441162722
33.939999999999706,-0.02090163179708424,-0.10392285731778093,33.404106087288824,3.3144770216685973,23.51805011667166,4.849541227443237
33.95999999999971,-0.02297196427350319,-0.10310323727009547,33.39506254998172,3.311546565358509,23.512605442328447,4.8489798352156965
33.97999999999971,-0.0250254767622054,-0.10224095271083146,33.38598147472331,3.3086907971886435,23.508916804142203,4.848599468314763
33.999999999999716,-0.027061322944348428,-0.10133676024169891,33.376859801172685,3.3059170262106345,23.507126647957605,4.848414859307896
34.01999999999972,-0.029078674356352495,-0.10039164088146013,33.36769434410774,3.3032322158900413,23.507372225643863,4.848440184806229
34.03999999999972,-0.03107672162066419,-0.09940646420741305,33.35848203633763,3.300642930621637,23.509784738353442,4.848688971088313
34.059999999999725,-0.033054669337348686,-0.09838173795359892,33.349220122156716,3.2981552832333456,23.514488500289673,4.849174001857396
34.07999999999973,-0.035011728746523856,-0.09731765260313305,33.33990615582195,3.2957748972289855,23.521600286262704,4.849907245119509
34.09999999999973,-0.036947114201051935,-0.09621439354354894,33.33053781060155,3.2935068923450954,23.53122896655074,4.850899809988941
34.119999999999735,-0.0388600467473025,-0.09507248859841837,33.321112656848086,3.2913558904437714,23.543475394447334,4.852161929949096
34.13999999999974,-0.040749762507181674,-0.09389290543544267,33.3116280994884,3.289326029180737,23.558432394047113,4.853702956923416
34.15999999999974,-0.042615519643262656,-0.09267681734917306,33.30208154606507,3.287420969941844,23.576184681098674,4.855531348997623
34.179999999999744,-0.04445659845410075,-0.09142520125930198,33.292470695493286,3.285643893768803,23.596808636810145,4.857654643633093
34.19999999999975,-0.04627229444200076,-0.09013858485835025,33.282793736740985,3.283997487709687,23.620371964410626,4.860079419557938
34.21999999999975,-0.048061909687726466,-0.08881714616615767,33.273049308755134,3.282483927513119,23.646933307264312,4.862811255566507
34.23999999999975,-0.04982474951368915,-0.08746110701780657,33.26323625491653,3.2811048598318244,23.676541878259567,4.865854691445231
34.259999999999756,-0.051560127508238865,-0.0860711179928578,33.25335336784156,3.2798613830204966,23.709237099215972,4.86921319098024
34.27999999999976,-0.053267375563342614,-0.08464833589871268,33.243399334897255,3.27875402579365,23.74504824492198,4.872889106569323
34.29999999999976,-0.05494585142704654,-0.08319411561708157,33.23337294478741,3.27778272809884,23.783994141289444,4.876883650579481
34.319999999999766,-0.056594937952760306,-0.08170954050072897,33.22327341275984,3.276946833506281,23.826083023759786,4.881196884347095
34.33999999999977,-0.05821403437139581,-0.08019515046597218,33.21310058296072,3.2762451012336875,23.871312648799382,4.8858277342533665
34.35999999999977,-0.05980254615422129,-0.07865108999650297,33.202854851940096,3.275675737551252,23.919670652888946,4.890774034126801
34.379999999999775,-0.061359881482583076,-0.07707757418668935,33.1925368671695,3.275236436114583,23.971135032047528,4.896032580778801
34.39999999999978,-0.06288545745666413,-0.07547533020536856,33.18214723018761,3.2749244122681613,24.025674560782235,4.9015991840196635
34.41999999999978,-0.06437871189729837,-0.07384567503280819,33.17168643848138,3.274736420911967,24.083249024470618,4.907468698267022
34.439999999999785,-0.0658391120009233,-0.07219014064071633,33.16115512402762,3.2746687575917237,24.143809262369523,4.913635035528129
34.45999999999979,-0.06726615318610463,-0.0705099326306646,33.15055441889862,3.274717250755216,24.20729712123021,4.920091170012016
34.47999999999979,-0.06865934867568482,-0.06880561178088576,33.13988617239123,3.274877254670633,24.27364544000058,4.926829146621646
34.499999999999794,-0.07001821743650345,-0.06707726023881973,33.12915284520802,3.2751436484339496,24.34277813532439,4.933840100299602
34.5199999999998,-0.07134227972983186,-0.06532502701665302,33.11835714447148,3.275510842141233,24.41461039959706,4.941114287243016
34.5399999999998,-0.07263106406467285,-0.06354965061055522,33.10750166226181,3.275972790866724,24.489049011167126,4.948641127740738
34.5599999999998,-0.07388412093393429,-0.061752561962011884,33.09658878756141,3.2765230197326396,24.56599278346927,4.956409263112689
34.57999999999981,-0.07510103332364682,-0.05993547756909904,33.08562096476852,3.2771546643240805,24.64533319177095,4.964406630381012
34.59999999999981,-0.07628141599834433,-0.058099759124792254,33.074601112593825,3.277860526274341,24.726955168071612,4.972620553397536
34.61999999999981,-0.07742490367646537,-0.05624601589493621,33.06353288807754,3.2786331354751215,24.810737961504632,4.981037839798512
34.639999999999816,-0.07853113651563716,-0.054374255211467895,33.0524205829327,3.279464804063228,24.896555892277448,4.989644866348451
34.65999999999982,-0.07959975371857236,-0.05248449363779299,33.041268704685734,3.280347658721134,24.984278846962514,4.998427637463857
34.67999999999982,-0.08063040042818291,-0.05057738860814394,33.03008153086961,3.2812736471954196,25.07377247496052,5.007371813133165
34.699999999999825,-0.08162274346369217,-0.048654429006139865,33.01886295459129,3.2822345266894923,25.16489818413736,5.016462716310903
34.71999999999983,-0.08257648462032512,-0.046717513594163824,33.00761673515253,3.2832218487748746,25.25751311351446,5.025685337694199
34.73999999999983,-0.08349136165464689,-0.044768215872910994,32.99634697177993,3.2842269544558724,25.351470244245622,5.035024353888034
34.759999999999835,-0.08436713568626136,-0.04280725448987732,32.98505844701564,3.285240986665392,25.4466187286649,5.044464166654859
34.77999999999984,-0.08520357370842742,-0.04083456909790402,32.9737565690159,3.2862549213075027,25.54280443780552,5.053988962968313
34.79999999999984,-0.08600043887925349,-0.0388499723956168,32.962446926215065,3.287259615393157,25.63987069305288,5.063582792159409
34.819999999999844,-0.08675749602174056,-0.036853924847962134,32.951134751806066,3.2882458705674993,25.737659145140753,5.073229656258501
34.83999999999985,-0.08747452899984082,-0.034847869200444276,32.93982467187011,3.289204508546101,25.8360107493437,5.082913608290396
34.85999999999985,-0.08815135786912145,-0.032833867507414266,32.928520917635474,3.290126449776938,25.934766735818325,5.092618848472593
34.87999999999985,-0.08878784328757855,-0.030813770468043247,32.91722785134517,3.2910027807486415,26.033769416663233,5.10232980281197
34.89999999999986,-0.08938387448759504,-0.028788507320187402,32.90595042221881,3.29182479424781,26.13286266597443,5.112031168329711
34.91999999999986,-0.08993934873806757,-0.026758005905829146,32.894694205563695,3.292583993921886,26.231891992711123,5.121707917551637
34.93999999999986,-0.09045415675124067,-0.024721830477697545,32.883464966314165,3.293272067520623,26.330704272753213,5.131345269298609
34.959999999999866,-0.09092818471753204,-0.022680108983159857,32.87226802872399,3.2938808453673936,26.429147339289774,5.140928645613531
34.97999999999987,-0.0913613322364546,-0.020634089209150802,32.86110788398359,3.294402265390176,26.52706967643819,5.150443638798331
34.99999999999987,-0.09175353396552707,-0.018585923102435863,32.849988313831,3.2948283617489977,26.624320402646312,5.159876006518598
35.019999999999875,-0.0921047696532511,-0.016537796385914214,32.838912950910675,3.2951512846191227,26.720749614251496,5.1692117014349
35.03999999999988,-0.09241505493374252,-0.014490990712018193,32.82788588358662,3.295363349843529,26.81620905383878,5.178436931530476
35.05999999999988,-0.09268441855325887,-0.012445550066230875,32.816911867629955,3.2954571120950575,26.91055301048016,5.187538241833034
35.079999999999885,-0.09291288147788947,-0.01040080311224687,32.80599596998766,3.2954254527338027,27.00363933761516,5.19650260633199
35.09999999999989,-0.09310045271935787,-0.008356406893663845,32.79514286471974,3.295261670744366,27.095330454802937,5.205317517193638
35.11999999999989,-0.09324714539262127,-0.006313202768366454,32.784356254319,3.294959561201593,27.185494169542945,5.213971055687109
35.139999999999894,-0.09335300256151172,-0.004273274128657499,32.77363881909431,3.2945134636316387,27.274004143630478,5.222451928321646
35.1599999999999,-0.09341811512076158,-0.0022391342498234205,32.76299274278705,3.293918266753542,27.360739879733785,5.23074945679238
35.1799999999999,-0.09344261883560302,-0.00021257947419450139,32.75242046313303,3.2931693677507132,27.445586231546006,5.238853522627447
35.1999999999999,-0.09342667168593845,0.0018060092572548287,32.74192512845374,3.292262599443548,27.52843260183002,5.246754482709289
35.21999999999991,-0.09337042636374655,0.0038174171720489693,32.73151042872494,3.2911941501861324,27.609172108473174,5.2544430826180974
35.23999999999991,-0.09327401670464265,0.005822531383230496,32.721179892431316,3.2899605032345263,27.68770100855236,5.2619103953366935
35.25999999999991,-0.09313756790943438,0.00782116981030848,32.71093611348217,3.288558414427816,27.76391857334591,5.269147803330811
35.279999999999916,-0.09296122440477884,0.009811599630733057,32.70078043703819,3.286984934208754,27.837727459290917,5.2761470278310965
35.29999999999992,-0.09274517679783517,0.01179110873298723,32.69071333606154,3.2852374684806773,27.909034490899643,5.2829001969467155
35.31999999999992,-0.09248966937732328,0.013757270647002998,32.680735245165025,3.283313865755373,27.977751698158865,5.289399937437031
35.339999999999925,-0.09219498210241513,0.01570907234654253,32.67084729841137,3.2812125146013766,28.04379742317066,5.295639472544431
35.35999999999993,-0.09186139829559567,0.017647129224231263,32.661051465570004,3.278932433138619,28.107097299993224,5.3016127074686645
35.37999999999993,-0.09148917931901933,0.019572804514097784,32.65134997483044,3.2764733308267813,28.167584908859713,5.3073142839726115
35.399999999999935,-0.09107856359836175,0.02148679665038477,32.64174439167863,3.2738356246742564,28.225201934967977,5.312739588476738
35.41999999999994,-0.09062979151144782,0.023388122156265526,32.632234969765015,3.2710204003681738,28.27989775403119,5.317884706726086
35.43999999999994,-0.09014314025760556,0.025274199744694324,32.62282072716333,3.2680293235027493,28.33162852011186,5.32274633249715
35.459999999999944,-0.08961894552932832,0.02714201508885228,32.613500228347135,3.2648645220521,28.38035599443974,5.327321652992218
35.47999999999995,-0.08905759479335139,0.028989629452712936,32.604272577706986,3.2615284711526638,28.42604645076076,5.331608242431242
35.49999999999995,-0.08845949547212008,0.030817030818940338,32.59513797255687,3.2580239102159516,28.468669972344276,5.335603993208667
35.51999999999995,-0.08782503819421646,0.03262574026993462,32.58609743677007,3.2543538111826313,28.508200327678505,5.339307101832456
35.53999999999996,-0.08715457924571296,0.034417388900291224,32.57715189029945,3.250521401090828,28.54461543871723,5.342716110623624
35.55999999999996,-0.08644845455131135,0.036192173712558035,32.56830115689147,3.2465302286420075,28.57789830945025,5.345829992568998
35.57999999999996,-0.08570701694879711,0.03794821001650619,32.55954357335017,3.242384256477265,28.6080382011206,5.348648259244629
35.599999999999966,-0.08493067291796091,0.03968224054099275,32.55087648776319,3.2380879576985007,28.635031815607967,5.351171069551782
35.61999999999997,-0.08411989435101727,0.041391282068760936,32.54229735731171,3.233646394480669,28.65888425298167,5.353399317534763
35.63999999999997,-0.083275196584719,0.043074160912038695,32.533804752797096,3.2290652578082466,28.679609532120455,5.355334679748825
35.659999999999975,-0.0823970956261268,0.04473192641645519,32.52539861632435,3.224350852365555,28.6972305217027,5.356979608109658
35.67999999999998,-0.08148607172946057,0.046366837583011564,32.51707958673777,3.219510021543974,28.7117782446803,5.3583372649246614
35.69999999999998,-0.08054256310565744,0.04798052469199266,32.50884781000357,3.214550023358906,28.723290683445626,5.3594114120344996
35.719999999999985,-0.07956699491584547,0.04957250394888893,32.50070199975524,3.2094783834917466,28.731811371629647,5.360206280697567
35.73999999999999,-0.07855982584622606,0.05114001337477427,32.492639373882064,3.2043027596997136,28.73738813898094,5.360726456272595
35.75999999999999,-0.07752158263146992,0.05267932202907996,32.48465654405864,3.1990308482941407,28.740072333277304,5.3609768077540965
35.779999999999994,-0.07645285958890388,0.054187724606858105,32.47675082095397,3.1936703498156476,28.73991869321493,5.3609624782509835
35.79999999999997,-0.07535428203793713,0.05566495332284872,32.46892111306826,3.1882289936818164,28.736985855684043,5.360688934799709
35.82,-0.07422645561802291,0.057113086129137396,32.461167833434274,3.1827146073087453,28.731337325065283,5.360162061455352
35.84,-0.07306993334808076,0.05853495769180015,32.45349184736361,3.1771352075154597,28.723042651023796,5.359388272090743
35.86000000000001,-0.07188522197209178,0.05993203499604988,32.44589310929357,3.171499090161379,28.712178547326403,5.358374618046633
35.88000000000001,-0.0706728248067427,0.06130310009259375,32.438369854578866,3.165814895358827,28.69882970756872,5.357128867926244
35.90000000000001,-0.06943329498554231,0.06264459554155924,32.43091888383587,3.1600916290310783,28.683089117659954,5.355659540865154
35.920000000000016,-0.06816726548621724,0.0639524786721243,32.423536798051906,3.1543386282338166,28.665057739522204,5.353975881484918
35.94000000000002,-0.0668754359352177,0.06522445456198345,32.41622143419894,3.148565469074495,28.644843562657343,5.352087776060604
35.96000000000002,-0.06555852276927825,0.06646119692161376,32.40897260042194,3.14278183110416,28.622560180236185,5.350005624318182
35.980000000000025,-0.06421720270958339,0.0676657519236624,32.40179162376923,3.136997345807805,28.598325193617775,5.347740195037319
35.99999999999997,-0.06285208464943932,0.06884143971513,32.39467995564086,3.131221462931149,28.572258815183865,5.345302499876304
36.02000000000003,-0.06146372841305662,0.0699895195961995,32.3876376788761,3.125463363228864,28.544482982591582,5.342703714655304
36.040000000000035,-0.06005270016327061,0.07110806971991246,32.380662847251095,3.1197319316467547,28.515121135617242,5.339955162322736
36.06000000000004,-0.058619630958236524,0.0721928177164296,32.37375209594844,3.114035787335602,28.484298608940644,5.337068353407201
36.08000000000004,-0.057165242002885266,0.07323947003468664,32.36690218249248,3.108383353194048,28.452143439021242,5.334055065240819
36.100000000000044,-0.055690319471706176,0.07424614874549527,32.360111528758836,3.102782941402275,28.418787313086916,5.330927434610878
36.12000000000005,-0.05419565265690247,0.07521442286666645,32.3533808057055,3.097242831712943,28.384366394767003,5.32769803900024
36.14000000000005,-0.0526819720770412,0.07614826324107464,32.34671216509012,3.091771322943446,28.34902180780391,5.3243799458532175
36.16000000000005,-0.0511499255859837,0.07705148815099559,32.34010754409813,3.086376743076001,28.312899620160586,5.320986714901719
36.18000000000006,-0.04960010823173878,0.0779252293438685,32.33356705040573,3.0810674100429045,28.276150247814385,5.31753234572338
36.199999999999974,-0.04803312924641129,0.07876695939088457,32.32708841423881,3.0758515450422084,28.23892730611494,5.314031172858788
36.22000000000006,-0.046449676271177597,0.07957173939901178,32.32066786910717,3.0707371525402034,28.2013860729551,5.310497723655957
36.240000000000066,-0.04485053731588327,0.08033498043427076,32.31430196145916,3.0657318921001457,28.16368185107477,5.30694656568867
36.26000000000007,-0.043236565462864605,0.08105510184856536,32.30798921061075,3.060842971391802,28.125968565457605,5.303392175340006
36.28000000000007,-0.041608605606001645,0.08173446038652843,32.301730602059045,3.0560770839354197,28.088397866886748,5.2998488532114525
36.300000000000075,-0.039967426124246724,0.08237794234611549,32.295528576723406,3.0514404010066483,28.051118850602787,5.296330696869559
36.32000000000008,-0.038313696732580275,0.08298998589513944,32.28938507876935,3.046938610753688,28.014278307975196,5.292851623461138
36.34000000000008,-0.03664802726997865,0.083571791147257,32.283299807314435,3.0425769857644407,27.978021289092908,5.289425421451077
36.360000000000085,-0.03497104589580437,0.08412038111891433,32.277269724725066,3.038360456610129,27.94249170941377,5.286065806383209
36.38000000000009,-0.03328347092735075,0.08463015549438709,32.27129014711698,3.0342936721094267,27.907832772983493,5.282786459150464
36.39999999999998,-0.031586132943585254,0.08509606509304607,32.26535680290261,3.0303810332770813,27.874187062296688,5.279601032492577
36.420000000000094,-0.02987993205045993,0.08551657675805895,32.259467650156175,3.026626693943765,27.841696220509178,5.2765231185420935
36.4400000000001,-0.028165753450611456,0.0858946536319676,32.25362335592845,3.023034526447323,27.810500217528613,5.273566176462434
36.4600000000001,-0.026444389912507672,0.08623611013773243,32.24782610917143,3.01960805706985,27.780736263768496,5.270743426099253
36.4800000000001,-0.02471651705727785,0.08654623331395303,32.2420774215671,3.016350383623784,27.752537522674288,5.268067721914202
36.50000000000011,-0.022982737696026958,0.08682661827314993,32.23637618950214,3.013264094546549,27.726031851999448,5.265551429052749
36.52000000000011,-0.021243671055465034,0.08707408317473771,32.23071817140879,3.0103512108917663,27.701340826592336,5.263206325671865
36.54000000000011,-0.01950003570583104,0.08728236526236373,32.22509723126006,3.0076131667713573,27.678579226591765,5.2610435492012195
36.560000000000116,-0.01775267709191358,0.08744569011031979,32.21950766861395,3.0050508312745126,27.657855026159282,5.259073590106843
36.58000000000012,-0.01600252158065094,0.08756217761778745,32.213946298200206,3.0026645609896803,27.63926975118112,5.25730632084351
36.59999999999998,-0.014250481296540307,0.0876350937929821,32.20841305126607,3.0004542633943734,27.622918966911186,5.2557510373790715
36.620000000000125,-0.012497363418479651,0.0876711619215792,32.20290970046875,2.998419451058044,27.60889265240079,5.254416490191922
36.64000000000013,-0.010743836655142421,0.08767681370382772,32.19743739302117,2.9965592734813,27.59727530347853,5.2533108896655385
36.66000000000013,-0.008990475934971038,0.08765450953517245,32.191994389374685,2.9948725227458715,27.5881457230176,5.252441881926691
36.680000000000135,-0.007237861794100501,0.08760123831359885,32.186575325454214,2.993357616450623,27.581576549417452,5.2518164999757415
36.70000000000014,-0.005486678594426975,0.08751013911513003,32.18117247330779,2.992012565140829,27.57763362045346,5.251441099398665
36.72000000000014,-0.003737754822438263,0.08737439494133455,32.175778337112064,2.9908349330877786,27.57637528654582,5.25132128959425
36.740000000000144,-0.001992020304393161,0.08719123407342642,32.17038813668125,2.9898218028424806,27.577851800475624,5.251461872705126
36.76000000000015,-0.00025040202558162904,0.0869637471958136,32.16500075683793,2.9889697554276227,27.582104922017326,5.251866803529706
36.78000000000015,0.001486283921233072,0.08669942683526184,32.15961758071204,2.988274876967896,27.589167859717286,5.252539182121089
36.79999999999998,0.003217382995628511,0.08640615850801438,32.154239816356096,2.987732796576626,27.59906559975185,5.253481283849011
36.82000000000016,0.004942364970573155,0.086087875663458,32.14886579821733,2.98733874986317,27.61181554788034,5.254694619849982
36.84000000000016,0.006660717443490795,0.08574232792110054,32.14348979613932,2.9870876516796736,27.627428283947367,5.2561800087085455
36.86000000000016,0.00837182837833944,0.08536229031308658,32.138103048982394,2.986974156404018,27.64590816741282,5.257937634416447
36.880000000000166,0.010074923923862344,0.08493961927822326,32.13269650121638,2.9869926876329838,27.66725357890653,5.259967070135185
36.90000000000017,0.011769098373487174,0.08446996530836157,32.127263749109154,2.98713743034798,27.69145672129136,5.262267260534318
36.92000000000017,0.013453422434538663,0.08395549944638565,32.12180255045789,2.9874022920707555,27.718503068765287,5.264836471227315
36.940000000000175,0.015127071604460958,0.08340408117112585,32.11631401987306,2.987780849256158,27.748370670171607,5.267672225012829
36.96000000000018,0.016789403579110317,0.08282522705975365,32.11079990791605,2.988266298100258,27.78102954439654,5.270771247587637
36.98000000000018,0.01843994009399088,0.0822250445111828,32.10525944309974,2.988851426068601,27.816441363588375,5.274129441300087
36.999999999999986,0.02007826057405544,0.08160291565716683,32.09968749412672,2.9895286149973437,27.854559544950863,5.277741898288591
37.02000000000019,0.02170386422808084,0.08095182343812822,32.09407511533218,2.990289881019092,27.895329796756673,5.281602957129272
37.04000000000019,0.023316076224096358,0.08026224094366285,32.08841223822771,2.9911269508266005,27.938691092282504,5.285706300229186
37.060000000000194,0.024914051355072898,0.07952752703821006,32.082691075469235,2.992031366545465,27.98457696164153,5.290045081248508
37.0800000000002,0.026496876181281524,0.07874790092298223,32.07690837458193,2.9929946026042704,28.032916893428155,5.29461206259988
37.1000000000002,0.02806371649151206,0.07793076727079185,32.071065249161165,2.9940081702504657,28.08363755659111,5.299399735497513
37.1200000000002,0.029613930560158007,0.07708711324169257,32.065164619768694,2.995063683459331,28.136663541009185,5.30440039410763
37.14000000000021,0.031147085244391436,0.07622585054584673,32.0592076123854,2.996152867329924,28.19191741083191,5.309606144605446
37.16000000000021,0.032662863374913254,0.07534912433229775,32.05319086781793,2.997267505776138,28.249319055270558,5.315008848089583
37.18000000000021,0.034160909930900776,0.07445118474580625,32.04710626553106,2.9983993438907124,28.30878454044824,5.320600016957509
37.19999999999999,0.0356406990110936,0.07352151932086894,32.04094328461036,2.9995399744395344,28.37022482568443,5.326370699236435
37.22000000000022,0.037101494580511665,0.07255066643009546,32.03469279379102,3.0006807424110167,28.433544748496484,5.33231138892849
37.24000000000022,0.03854242909337338,0.0715356336321675,32.02835025584189,3.001812695993978,28.4986426023222,5.33841199256129
37.260000000000225,0.03996266102552014,0.07048198533664801,32.02191659843844,3.0029266004390154,28.565410476512785,5.344661867369421
37.28000000000023,0.04136152877717372,0.06940138967643207,32.01539622092928,3.004013017678402,28.633735359134516,5.351049930540222
37.30000000000023,0.04273861814963168,0.06830581761356312,32.008793136468974,3.005062442251435,28.703500857316456,5.357564825302299
37.320000000000235,0.04409370482142125,0.06720142434162371,32.00210727515465,3.0060654735156684,28.774589274338375,5.364195118965974
37.34000000000024,0.04542659915777421,0.06608536876549843,31.995332935910977,3.0070129951921536,28.84688369429813,5.370929500030523
37.36000000000024,0.0467369735982056,0.06494734929646577,31.98846027291728,3.007896327418872,28.92026967655538,5.377756937288574
37.380000000000244,0.048024264214570664,0.06377516322763234,31.981479104519053,3.0087073170242524,28.994636186960484,5.3846667665660135
37.39999999999999,0.04928770098265718,0.0625614310087095,31.974383080454025,3.009438341835861,29.0698755227554,5.391648683172467
37.42000000000025,0.05052645443889002,0.0613079604263416,31.967172008416256,3.0100822243652696,29.145882217881162,5.398692639693536
37.44000000000025,0.05173982441428059,0.060025378154950876,31.959851066459326,3.0106320742166397,29.222551186857093,5.40578867389922
37.46000000000026,0.05292737241640684,0.05872810415107239,31.95242724496628,3.011081098931238,29.299775585953185,5.412926711673934
37.48000000000026,0.05408892642681861,0.05742718923765097,31.944904829916307,3.011422432350401,29.377444958358574,5.420096397515322
37.50000000000026,0.05522445207705139,0.05612473265192941,31.9372822824325,3.011649025089498,29.455444157280198,5.427286997872897
37.520000000000266,0.056333854173928055,0.05481283531793079,31.929552186552876,3.01175362600633,29.533653342622998,5.434487403851719
37.54000000000027,0.05741681058851666,0.05347775636188037,31.92170436458651,3.0117288626301253,29.611949096816442,5.441686236527832
37.56000000000027,0.05847272618272043,0.05210723319293798,31.913730604570787,3.011567408221399,29.69020647339948,5.4488720367980275
37.580000000000275,0.05950083417741009,0.05069723635292117,31.905628569667922,3.011262206740068,29.768301616518762,5.456033505809762
37.599999999999994,0.06050039636652463,0.04925463430495515,31.89740283383607,3.010806715451555,29.84611447910676,5.463159752295988
37.62000000000028,0.061470901062667796,0.04779429215535267,31.889062438488626,3.0101951187966884,29.92353112394227,5.47024049964371
37.640000000000285,0.06241215638033218,0.04633195713760909,31.880616157149056,3.009422468321698,30.000445128996326,5.4772662094329805
37.66000000000029,0.06332422788969452,0.044876502979683576,31.872067867371424,3.0084847143993976,30.076757758210306,5.484228091373508
37.68000000000029,0.06420724858437321,0.04342550370018933,31.863414425306665,3.0073786168270953,30.152376803958383,5.491117992172303
37.700000000000294,0.06506119545538064,0.04196648858888655,31.85464719935064,3.0061015496051957,30.22721431718038,5.4979281840690115
37.7200000000003,0.06588574637801471,0.04048338263187127,31.84575656132347,3.004651242520371,30.30118373032484,5.504651099781424
37.7400000000003,0.06668029270370415,0.03896495902065815,31.836737099460606,3.003025519564075,30.37419705033961,5.511279075708252
37.7600000000003,0.06744410534043667,0.037411044241432184,31.827590898348472,3.001222095726169,30.44616279226647,5.517804164000973
37.78000000000031,0.06817657382985201,0.03583326758590652,31.818327160230496,2.9992384792230955,30.51698514261332,5.5242180571202395
37.8,0.06887739887151899,0.03424984047745403,31.808958269423496,2.99707200118861,30.586564550492366,5.53051214179052
37.82000000000031,0.06954663946075457,0.032676862270340196,31.79949421304817,2.994719967071238,30.654799633342307,5.536677671071552
37.840000000000316,0.07018458701322043,0.031120471168684154,31.78993814742282,2.992179899916284,30.72159002585453,5.542706020154283
37.86000000000032,0.07079152544683918,0.02957381071906759,31.780285380626317,2.989449828671603,30.786839630941383,5.548588976572457
37.88000000000032,0.07136749513472967,0.028020457865319866,31.770526366066125,2.9865285655863048,30.850459656009182,5.554319009204385
37.900000000000325,0.07191217946823816,0.026442740233896797,31.7606522939815,2.983415916241871,30.912370836680516,5.559889462631475
37.92000000000033,0.07242497410371489,0.024830898892100398,31.75066053148583,2.98011277508553,30.97250437100823,5.565294634698888
37.94000000000033,0.07290520901516458,0.023188530713117668,31.74055717856021,2.976621079507335,31.030801316426103,5.570529715962936
37.960000000000335,0.07335241644761686,0.021531510271580036,31.73035539160047,2.97294362478317,31.087210518883836,5.575590598213236
37.98000000000034,0.07376651250110655,0.01988078001848228,31.720070209356262,2.9690837746050596,31.141685485338808,5.580473589699965
38.0,0.07414779985809034,0.018252434182013073,31.709712372223933,2.965045128304935,31.19418088122393,5.585175098528597
38.020000000000344,0.07449678571498462,0.016649956463033955,31.699284176770217,2.960831217621074,31.244649443767084,5.589691354964698
38.04000000000035,0.07481390032144931,0.015062488314903163,31.688779460391643,2.9564452989322776,31.293040009551834,5.59401823464599
38.06000000000035,0.0750992524602869,0.013470129951786548,31.678187810644364,2.951890283786361,31.339297090386417,5.598151220750152
38.080000000000354,0.07535254333382649,0.011853817565914129,31.667501010844596,2.947168818876729,31.38336207988863,5.602085511654444
38.10000000000036,0.07557318512368476,0.010205043469798905,31.656718592805017,2.9422834952407926,31.42517583278872,5.605816250358972
38.12000000000036,0.07576057122990099,0.008530645066656812,31.64584974459363,2.937237141943078,31.464682101522325,5.609338829266986
38.14000000000036,0.07591436976047414,0.006850210463003942,31.63491055467281,2.9320331447476433,31.50183117016148,5.612649211393982
38.160000000000366,0.0760346975029883,0.005187203083755261,31.623917836205955,2.926675725679519,31.536582994339696,5.615744206633676
38.18000000000037,0.07612208661806158,0.003557977515973868,31.612882469737066,2.921170124884281,31.56890923181447,5.618621648751095
38.2,0.07617725509712345,0.001963971289610366,31.601805494164207,2.9155226421934786,31.598793731281166,5.621280435210573
38.220000000000375,0.07620078738055017,0.00039093676417904577,31.590678901505058,2.9097405218841024,31.626231330988038,5.62372041721386
38.24000000000038,0.07619287753244833,-0.0011842701630093485,31.579490845038514,2.9038316969678983,31.65122516923578,5.62594215836208
38.26000000000038,0.0761532604927346,-0.0027824398208135103,31.568232826061053,2.897804441790944,31.67378305197841,5.6279466106190466
38.280000000000385,0.07608136912926987,-0.004411621442694991,31.556905419900747,2.891667004512235,31.693913660958014,5.629734777141638
38.30000000000039,0.07597664708388678,-0.006062603445401395,31.545519739018722,2.8854272965763617,31.71162343848283,5.631307435976376
38.32000000000039,0.0758388710521577,-0.007712556272874524,31.534093828505554,2.8790927024803343,31.726914828187667,5.632664984551067
38.340000000000394,0.07566832839469995,-0.009335282570330502,31.522645608473102,2.8726700444003437,31.739786232498055,5.633807436583012
38.3600000000004,0.07546576166919754,-0.010913320630523903,31.511185665750567,2.86616570150273,31.75023366425722,5.63473456910414
38.3800000000004,0.07523210082768964,-0.012446183953894513,31.49971333546131,2.8595858522853046,31.75825372477337,5.635446186840343
38.400000000000006,0.07496810529213584,-0.013950736826541582,31.488218011759137,2.852936786231867,31.76384730227157,5.635942450227075
38.42000000000041,0.07467408357082882,-0.015453352298263107,31.47668517589607,2.8462252204615757,31.767023275876515,5.636224203833318
38.44000000000041,0.07434982499293608,-0.01697739110903028,31.46510437876223,2.839458557355701,31.767801522435576,5.636293243119593
38.46000000000041,0.07399478088567085,-0.018531804820758647,31.453475434061932,2.832645029341914,31.766214642596857,5.636152468004823
38.480000000000416,0.0736084156149457,-0.02010625857279477,31.441809850621425,2.8257936965978154,31.76230804045314,5.635805890948795
38.50000000000042,0.07319056633001887,-0.021675205910715048,31.430126720005415,2.8189142911547624,31.756138295001236,5.6352584940711665
38.52000000000042,0.07274164265760716,-0.02320919615871118,31.41844487007456,2.812016932952721,31.747770112604417,5.6345159608083835
38.540000000000425,0.07226256895364318,-0.024688278244973043,31.406774883782525,2.8051117727052866,31.737272472577345,5.6335843361555655
38.56000000000043,0.07175448998267744,-0.02611128215762362,31.395114715237828,2.798208634444252,31.724714779484277,5.632469687400393
38.58000000000043,0.07121837172839356,-0.027496574016035766,31.383451025479665,2.7913167310201406,31.710163843625295,5.63117783803933
38.60000000000001,0.07065468059828187,-0.02887374319873515,31.371765734124054,2.7844445078964166,31.693682313006832,5.629714230136982
38.62000000000044,0.07006329183425376,-0.030269897364839336,31.360044847896862,2.7775996398426277,31.675328834363924,5.628083939882553
38.64000000000044,0.06944367475321864,-0.031696790188504555,31.348285516828355,2.7707891710079355,31.655159832248238,5.626291836747205
38.660000000000444,0.06879527558431021,-0.03314475290983752,31.336498016684697,2.76401976039077,31.633232468274656,5.624342847682265
38.68000000000045,0.06811792561038979,-0.03458636267264278,31.324701642149158,2.757297977314384,31.609608141726593,5.622242269924571
38.70000000000045,0.0674120872269398,-0.03598836762005144,31.31291628561985,2.7506305860479,31.584355830462915,5.619996070324508
38.720000000000454,0.06667882101634938,-0.03732656451067782,31.301153493323294,2.744024763401289,31.557554626749482,5.617611113876563
38.74000000000046,0.06591948247504532,-0.03859687216772844,31.28941109659156,2.7374882058712813,31.52929497054456,5.615095277067394
38.76000000000046,0.06513528092300658,-0.03981746485941997,31.277673948466862,2.731029102498655,31.499678307418318,5.612457421434778
38.78000000000046,0.06432689882640306,-0.04102080383228692,31.26592054694175,2.724655974715965,31.4688151856275,5.609707228156163
38.80000000000001,0.06349434622059082,-0.04223899216444221,31.25413263600622,2.718377411890609,31.436822122597793,5.606854922556655
38.82000000000047,0.06263712172948675,-0.0434889669010064,31.242303471033217,2.7122017550284925,31.403817848896622,5.603910942270284
38.84000000000047,0.061754613923679424,-0.044764234535778304,31.230440971306287,2.706136794005233,31.369919694264013,5.600885616959519
38.860000000000475,0.06084656663189561,-0.046037024806057876,31.21856424097607,2.70018954060089,31.33524085215443,5.597788925294918
38.88000000000048,0.059913399326428265,-0.04727009697909774,31.206694919116966,2.694366120568752,31.299889041215106,5.594630375745578
38.90000000000048,0.05895623482034287,-0.048433080572959746,31.194847181687123,2.688671798709469,31.263966737441553,5.591419027173831
38.920000000000485,0.0579766151889358,-0.04951609188197503,31.183020889314346,2.6831111206231157,31.227572786774644,5.588163632784445
38.94000000000049,0.056976026429852375,-0.05053447433332677,31.171201031340843,2.6776881318898247,31.190804927737638,5.58487286585269
38.96000000000049,0.05595544048466976,-0.05152235316763899,31.15936383713152,2.6724066242926003,31.153762614762165,5.581555573024618
38.980000000000494,0.05491507962042272,-0.05251767174947758,31.147486939345423,2.667270358991693,31.116549534590057,5.57822100087385
39.000000000000014,0.05385451309658752,-0.053545199963529806,31.135559115457898,2.662283225075738,31.07927531255691,5.574878950484657
39.0200000000005,0.052773050240055054,-0.05460503816190584,31.123585248205615,2.6574493053653754,31.04205607104444,5.57153982944073
39.040000000000504,0.05167026174067597,-0.05567182083564693,31.111584206813113,2.6527728379656437,31.005013705151264,5.568214588640713
39.06000000000051,0.05054640074504943,-0.05670518359479012,31.099580465914094,2.648258081011618,30.96827396994567,5.564914551899757
39.08000000000051,0.04940253520498062,-0.05766709286368872,31.087593077363938,2.6439091075864796,30.931963709985244,5.5616511675927
39.10000000000051,0.04824032674069881,-0.058538519744259256,31.075626846563388,2.6397295739186433,30.896207759002092,5.55843572950179
39.120000000000516,0.047061545660592584,-0.059328119062075586,31.063669672108514,2.635722511369635,30.86112613139052,5.5552791227255645
39.14000000000052,0.04586752960727633,-0.060068939221467124,31.05169735215086,2.6318901873988776,30.82683206611155,5.552191645297517
39.16000000000052,0.04465882198408148,-0.06080437772729123,31.03968389018139,2.6282340628349528,30.793431266221273,5.549182936813425
39.180000000000526,0.04343515218336067,-0.06156931850072078,31.02761287755673,2.624754847638054,30.761022364907856,5.546262017332742
39.20000000000002,0.04219577347573602,-0.062374588898407336,31.015484978440163,2.621452633202753,30.72969834429143,5.5434374123184105
39.22000000000053,0.040940018687568705,-0.06320157036103237,31.003318161740793,2.6183270636619764,30.699548433146248,5.540717321172977
39.240000000000535,0.03966783648957935,-0.0640094968716799,30.991140435388278,2.615377505054843,30.670659961555348,5.538109782367568
39.26000000000054,0.03838007489431499,-0.06475252018744349,30.97897810411702,2.6126031780416783,30.64311973770441,5.535622795829247
39.28000000000054,0.03707838369743648,-0.06539933499188393,30.9668445739298,2.610003232409177,30.61701467559667,5.5332643778873125
39.300000000000544,0.03576476995672864,-0.06594694094703701,30.954734578555794,2.607576755197029,30.592431580178978,5.531042540080394
39.32000000000055,0.034440990864414364,-0.06642249852980284,30.94262644117964,2.6053227164632786,30.569456153750117,5.528965197371939
39.34000000000055,0.03310804197104877,-0.06687225178548342,30.930491558317982,2.603239867264689,30.548171419761978,5.527040023354452
39.360000000000554,0.03176596250490191,-0.06734204308621948,30.918307164348604,2.601326613556951,30.52865587058146,5.525274280122342
39.38000000000056,0.03041404776433788,-0.06785759578703622,30.90606695480447,2.5995808961454303,30.5109817211969,5.523674657435655
39.40000000000002,0.02905138601465496,-0.06841299802552812,30.893784970935275,2.5980001076194514,30.495213656851455,5.522247156443783
39.42000000000056,0.027677497222222062,-0.06897245211382724,30.88149095351461,2.596581069673867,30.481408365486576,5.520997044509857
39.440000000000566,0.02629280345032292,-0.06948478451465712,30.869218986411276,2.5953200784595363,30.469614945626244,5.519928889544343
39.46000000000057,0.02489872726248057,-0.06990478753057128,30.856994139502742,2.5942130057897637,30.45987602835506,5.519046659374702
39.48000000000057,0.02349736870342783,-0.07021247710947799,30.844822747890834,2.593255427177462,30.45222923716502,5.518353852116138
39.500000000000576,0.022090888941048298,-0.07042206894925722,30.83269051242526,2.59244274029603,30.4467085159338,5.517853614942481
39.52000000000058,0.020680854981013734,-0.07057670705928294,30.820569362017764,2.591770242218596,30.44334491913813,5.517548814386523
39.54000000000058,0.019267820988152416,-0.07073090094965635,30.808430331718437,2.591233148190264,30.442166648339413,5.517442038511996
39.560000000000585,0.01785132704685505,-0.07092783846805882,30.796257132273848,2.5908265526096073,30.44319835529224,5.51753553276209
39.58000000000059,0.016430324212574444,-0.07118099860716956,30.784054715094253,2.590545347955215,30.44645992976535,5.517831089274603
39.60000000000002,0.015003856083324305,-0.07146784904460984,30.771849152288315,2.590384125940872,30.45196509931315,5.518329919397095
39.620000000000594,0.013571716776829015,-0.0717384672504702,30.759678735883604,2.5903370871680607,30.459720186842024,5.519032540839203
39.6400000000006,0.012134810010078472,-0.07193576777844612,30.747579870558045,2.59039798303601,30.46972332809482,5.5199387069146715
39.6600000000006,0.010695053640315935,-0.07201911340453283,30.735573557979507,2.5905601084512497,30.48196437211885,5.521047398104716
39.680000000000604,0.009254860175674133,-0.07198156453609553,30.723658105702032,2.590816356062155,30.49642557931516,5.522356886268322
39.70000000000061,0.007816400442960215,-0.07185350684035745,30.711811182912445,2.5911593314265016,30.513083085132433,5.523864868471389
39.72000000000061,0.006380950892222689,-0.07169090959587808,30.700000507474932,2.591581513866968,30.531908915076606,5.5255686508337405
39.74000000000061,0.004948595886560888,-0.07155279818897758,30.6881988609751,2.592075432717623,30.55287315400841,5.527465346251247
39.760000000000616,0.0035184146251358867,-0.07147703544083188,30.676397278138214,2.592633818636714,30.57594575621486,5.529552039380302
39.78000000000062,0.0020890851207793566,-0.07146433503228733,30.664610926332305,2.593249690086471,30.60109749942113,5.531825873924552
39.800000000000026,0.0006596651466954095,-0.07147721734615356,30.652875129811697,2.593916348153976,30.628299762007284,5.534284033369383
39.820000000000626,-0.000769766647481704,-0.07145459102597093,30.6412330156511,2.5946272756933286,30.657523099478745,5.536923613296353
39.84000000000063,-0.0021978746072836754,-0.07133627408616555,30.629719722619754,2.5953759621265697,30.688734920467525,5.539741412779799
39.86000000000063,-0.003622339270633109,-0.0710876151602391,30.618349594025787,2.596155694905224,30.721896807770754,5.542733694466184
39.880000000000635,-0.0050405384689916,-0.07071420691286369,30.60711164447313,2.596959366976571,30.75696212391685,5.545895971249086
39.90000000000064,-0.006450367332720477,-0.07026053003382632,30.59597528324598,2.597779345655294,30.79387447287319,5.5492228710760205
39.92000000000064,-0.007850867116996056,-0.0697928141969153,30.58490411958552,2.5986074351404005,30.832567402488095,5.552708114288747
39.940000000000644,-0.009242404638982429,-0.06937277890188237,30.573872350736455,2.599434947138601,30.872965490110257,5.556344615852248
39.96000000000065,-0.010626321345050012,-0.06903270021172553,30.562877101915173,2.6002528752525076,30.914986707674903,5.560124702529153
39.98000000000065,-0.012004183600117662,-0.06876188175065827,30.551941630864842,2.60105215069361,30.958545737738056,5.564040414818898
40.00000000000003,-0.013376928591154665,-0.06851015523591068,30.541107932846277,2.6018239404336088,31.003557720273964,5.568083846376055
40.02000000000066,-0.014744247140370812,-0.06820729621817245,30.530421544160596,2.6025599360896896,31.04994177258873,5.5722474615354916
40.04000000000066,-0.016104455443434345,-0.06779084018095703,30.519914532674708,2.603252576401932,31.097623582516793,5.576524328156095
40.06000000000066,-0.017454916362359442,-0.06723131997392648,30.5095934871264,2.603895152348754,31.14653647527137,5.580908212403369
40.080000000000666,-0.01879285225593461,-0.06654480914257352,30.49943741653276,2.604481763747416,31.19662061664945,5.5853935059805275
40.10000000000067,-0.0201162327983986,-0.0657875670596957,30.489406577674913,2.605007126985884,31.247820404367513,5.589974991390168
40.12000000000067,-0.02142438601673449,-0.06503462068993547,30.47945889644783,2.6054662678823997,31.30008052096827,5.594647488534758
40.140000000000676,-0.022718084927108508,-0.06435050778534444,30.46956756851442,2.605854161776968,31.353341454951998,5.599405455488288
40.16000000000068,-0.023999065847221206,-0.06376364636771131,30.459732856154186,2.606165396625123,31.407535442069705,5.604242628765256
40.18000000000068,-0.025269158490891765,-0.06325450287261747,30.449983294828552,2.606393930756361,31.462583698944474,5.609151780701292
40.20000000000003,-0.026529364140086564,-0.06276245692385904,30.440365644575937,2.606532997439092,31.518395551359657,5.6141246469382615
40.22000000000069,-0.027779244161320167,-0.06220896257135939,30.430927359114605,2.6065751796680297,31.574869683045556,5.619152043061796
40.24000000000069,-0.02901686496935073,-0.06152817645204627,30.421698352056602,2.6065126475594274,31.631897338833923,5.62422415439089
40.260000000000694,-0.030239331282261455,-0.06069316178712946,30.412679216180365,2.6063375225505463,31.689366975985582,5.629330952785205
40.2800000000007,-0.03144370959147136,-0.05972735386695973,30.4038406230288,2.6060423101653196,31.74716960442056,5.6344626722004785
40.3000000000007,-0.03262798809996865,-0.058696567563046954,30.395134319413472,2.605620328344045,31.805203909479662,5.639610262197173
40.320000000000704,-0.033791699411942516,-0.05768435310536599,30.386511612067377,2.6050660536067394,31.86338022998416,5.6447657373875275
40.34000000000071,-0.03493595768388329,-0.05676001680302477,30.37794225611423,2.604375315555089,31.921622596635853,5.649922353151046
40.36000000000071,-0.0360628852179435,-0.05595160497691509,30.369426411533645,2.6035452932321785,31.979868336110055,5.655074565035377
40.38000000000071,-0.037174640122617335,-0.05523438644652378,30.36099492819627,2.6025743029504977,32.038065190152395,5.660217768792328
40.400000000000034,-0.03827241408727171,-0.054539540271369626,30.35269768354423,2.6014614098343003,32.096166407116804,5.665347862851566
40.42000000000072,-0.03935578699011209,-0.05378000798157251,30.344584316148072,2.6002059342567145,32.15412471402323,5.670460714441396
40.44000000000072,-0.040422693370920776,-0.052883828105492955,30.336684689059464,2.598806949030676,32.21188634666826,5.675551633688857
40.460000000000726,-0.04147002464282045,-0.05182225661643628,30.328996610640846,2.5972628668146,32.26938632648401,5.680614960238373
40.48000000000073,-0.04249464696965556,-0.050621804729137014,30.321485638235636,2.5955711992064883,32.326545924569686,5.6856438443301816
40.50000000000073,-0.04349445218588773,-0.04935534133933931,30.31409720529345,2.5937285349366954,32.38327281849965,5.6906302654890215
40.520000000000735,-0.04446904043540118,-0.04811532497247381,30.306776588627592,2.591730743270323,32.4394639375642,5.695565286919657
40.54000000000074,-0.045419767606425944,-0.04697911401722266,30.299489177682513,2.5895733688226565,32.49501051509275,5.700439501923755
40.56000000000074,-0.04634912851602388,-0.04597941590683872,30.29223330422484,2.587252151575722,32.549804496495476,5.705243596595633
40.580000000000744,-0.04725969890808179,-0.045091199062870874,30.285040640327388,2.58476358430171,32.6037452252317,5.709968933823695
40.60000000000004,-0.048153030130903385,-0.04424026393551597,30.277963851894903,2.582105410729171,32.656745260865236,5.7146080583768155
40.62000000000075,-0.049028914453591387,-0.043330570561252064,30.2710560403822,2.5792769732949825,32.70873428390073,5.719155032336571
40.640000000000754,-0.04988530509340479,-0.04228028525533879,30.26434967818848,2.576279340527922,32.75966031838199,5.723605534833964
40.66000000000076,-0.05071893243875737,-0.04105308770901925,30.25784302665666,2.5731151803266497,32.809487943114426,5.727956698781375
40.68000000000076,-0.05152639634213522,-0.03967288839119576,30.251499288118882,2.569788392085094,32.85819371150386,5.732206705231752
40.70000000000076,-0.05230533209903892,-0.038216186405368245,30.245258993484217,2.566303558821932,32.90575955632287,5.736354204224393
40.720000000000766,-0.053055214004913046,-0.03678459042191835,30.23906113851595,2.5626653188036688,32.95216538816485,5.740397668120638
40.74000000000077,-0.05377748957634281,-0.03546748401616094,30.23286523080615,2.5588777744871454,32.99738228927089,5.744334799545626
40.76000000000077,-0.05447498294316691,-0.034308632046906117,30.226665968813958,2.5549440499491776,33.04136760147432,5.748162106401865
40.780000000000776,-0.055150777635279195,-0.033289221619304116,30.220494934798268,2.550866078310301,33.08406283440607,5.751874723462436
40.80000000000004,-0.05580698584758004,-0.03233388738237007,30.21440847631671,2.546644655959096,33.125394775047255,5.75546651237302
40.82000000000078,-0.056443859578041614,-0.03133783234731808,30.20846610420232,2.5422797512914235,33.16527959163089,5.758930420801322
40.840000000000785,-0.05705957889830612,-0.030205301208885812,30.202707329947543,2.537771011837551,33.20362921052588,5.762259037090044
40.86000000000079,-0.05765080713484732,-0.028885350421913616,30.197135550113064,2.533118381407888,33.24035888003274,5.765445245601829
40.88000000000079,-0.05821382057140974,-0.027391676283005824,30.19171507925758,2.528322721311613,33.275394652240934,5.768482872665995
40.900000000000794,-0.05874580580828303,-0.02579896320467299,30.186382636335733,2.5233863278422803,33.308679519751664,5.771367214079491
40.9200000000008,-0.05924585015746708,-0.02421675508305376,30.181069256808563,2.5183132525374607,33.34017713508481,5.774095352094976
40.9400000000008,-0.059715256373868625,-0.022750110408205976,30.17572469839133,2.51310936188187,33.369872408243474,5.776666201906033
40.960000000000804,-0.060157055246759725,-0.021461260585597233,30.17033538436084,2.5077821167107412,33.397768792892315,5.779080272231241
40.98000000000081,-0.06057488129187662,-0.020346292538493287,30.164929187307436,2.5023401025119196,33.423882666083756,5.781339175838394
41.00000000000004,-0.060971611630800705,-0.019335583656839517,30.15956509843395,2.4967923903570837,33.448235770398526,5.783444974269101
41.02000000000081,-0.061348260321539526,-0.018318169700513635,30.154311337898424,2.4911478430116527,33.47084709072607,5.7853994754663285
41.040000000000816,-0.06170353441272749,-0.01718152571260948,30.14921973243119,2.485414492771676,33.49172567300294,5.787203614268548
41.06000000000082,-0.06203422367717707,-0.015852556860987924,30.1443056482224,2.479599103297193,33.51086571626211,5.78885703021435
41.08000000000082,-0.06233629618423061,-0.014324967843898662,30.139540862948937,2.4737069908914466,33.528244823530756,5.790357918430497
41.100000000000826,-0.06260631474450357,-0.012662932898449162,30.13486215349355,2.467742130650522,33.54382569280851,5.791703177201721
41.12000000000083,-0.06284266806770296,-0.010979406637354036,30.130192713305405,2.461707521283611,33.55756090606453,5.792888822173659
41.14000000000083,-0.06304616998565159,-0.009396533865517,30.12546883632205,2.4556057390896884,33.5693999539474,5.7939105925054974
41.160000000000835,-0.06321980123242389,-0.008002127715187943,30.120662311022947,2.449439582645712,33.579297291640195,5.794764645060246
41.18000000000084,-0.06336767282384746,-0.006817772432663092,30.115790399657968,2.443212697413071,33.587220083005334,5.7954482210615375
41.200000000000045,-0.0634935701325876,-0.005790131604967102,30.110909646982762,2.4369300735769475,33.59315435082576,5.795960175055188
41.220000000000844,-0.06359959167063803,-0.004808883160205004,30.106095524276547,2.43059833005665,33.59710849468519,5.796301277080513
41.24000000000085,-0.06368536999274825,-0.003745261224799915,30.10141501342911,2.42422573127288,33.599113544335935,5.796474233905982
41.26000000000085,-0.06374816145531698,-0.002497764893322811,30.096901842258177,2.4178219277403343,33.599220049175436,5.796483420935096
41.280000000000854,-0.06378378649515347,-0.001028890486169662,30.092543245216362,2.411397460783314,33.597492095052914,5.796334367085194
41.30000000000086,-0.06378810000397966,0.0006202579383931814,30.08828311474037,2.404963116397166,33.59399948246648,5.796033081553838
41.32000000000086,-0.0637584790399119,0.0023429553050625723,30.0840406300442,2.3985292432710463,33.58880947208237,5.795585343352505
41.34000000000086,-0.06369480212140151,0.004003226602064052,30.079737941621133,2.3921051572481504,33.5819796035506,5.794996083135053
41.360000000000866,-0.06359956650961894,0.00548309231141193,30.075327206900152,2.385698736596719,33.57355288449638,5.794268968946504
41.38000000000087,-0.06347708887002905,0.006724209637881426,30.070807394653826,2.3793162737597973,33.56355617472975,5.793406267018544
41.40000000000005,-0.06333205616575073,0.007749205233708887,30.066224785635455,2.3729625994738903,33.55200197252151,5.792408995618447
41.420000000000876,-0.06316792533576594,0.008654944374085732,30.061656782054296,2.36664144589354,33.53889319003198,5.791277336653113
41.44000000000088,-0.06298573002323093,0.00957972087765944,30.057184513341223,2.3603559763052964,33.524230008354245,5.7900112269627115
41.46000000000088,-0.0627837178067097,0.01065547294864485,30.052863726406397,2.354109385525477,33.508017601615265,5.7886110252473575
41.480000000000885,-0.06255795715033866,0.011961492042073127,30.04870415708707,2.347905468298326,33.49027343107998,5.7870781428178395
41.50000000000089,-0.06230371740939996,0.013495759833053006,30.044664722350838,2.3417490613401197,33.47103291467798,5.785415535177917
41.52000000000089,-0.062017153654947275,0.015174093903119508,30.040666421797308,2.335646285891071,33.450352544057395,5.783627974209389
41.540000000000894,-0.061696716217916975,0.016857774432424467,30.036618674671477,2.3296045494500017,33.42830992000537,5.78172205489034
41.5600000000009,-0.061343792523380736,0.01840045600516177,30.03245008636886,2.3236323048244505,33.40500067201234,5.779705933004926
41.5800000000009,-0.06096234774311562,0.01969841402973202,30.02813299295043,2.3177386067613,33.38053276076,5.7775888362499455
41.60000000000005,-0.06055767331807951,0.02072684807434013,30.023693168597664,2.31193254382006,33.355019144163364,5.775380432851446
41.62000000000091,-0.06013466106174608,0.021549561459273614,30.01920112239076,2.306222647304118,33.328570110745105,5.7730901699822
41.64000000000091,-0.05969618921249062,0.022298351809703475,30.014747737480707,2.3006163832381055,33.30128665699893,5.770726700944945
41.66000000000091,-0.05924217596535653,0.023128783182164714,30.010412444163208,2.2951198155105588,33.27325607217927,5.768297502051994
41.680000000000916,-0.05876963458132394,0.02416717433748127,30.00623478829683,2.2897374925097926,33.24455043821241,5.765808741036456
41.70000000000092,-0.05827372595067418,0.02546680563895607,30.00219921834343,2.2844725648679405,33.21522816711663,5.763265408352857
41.72000000000092,-0.05774946390123028,0.026988394416571405,29.998238495391476,2.2793270992214687,33.18533812749041,5.760671673293872
41.740000000000926,-0.05719350177987801,0.02861179697728837,29.99425481783914,2.2743025211381944,33.15492547914857,5.758031389211817
41.76000000000093,-0.056605393852603575,0.030175354642801168,29.990151688872654,2.269400104139036,33.124038108486765,5.7553486522092445
41.78000000000093,-0.055987895682911855,0.03152988639869253,29.985865810638774,2.26462142098706,33.092732540733365,5.752628315885997
41.800000000000054,-0.05534618773821943,0.03258924659027479,29.981388156301414,2.2599686851091456,33.06107836006111,5.7498763778068405
41.82000000000094,-0.05468626913384659,0.0333603086688036,29.976766922192397,2.25544493049032,33.02916044375629,5.747100176937608
41.84000000000094,-0.05401305169212156,0.03394201682701421,29.972091120292838,2.25105400474998,32.9970786706568,5.744308371828309
41.860000000000944,-0.05332879222012742,0.034493425468321966,29.9674601045539,2.24680038004222,32.96494516452173,5.74151070403267
41.88000000000095,-0.05263239515073465,0.03518108522152318,29.962949129953806,2.242688816987107,32.93287954204556,5.738717586886948
41.90000000000095,-0.05191983213597545,0.0361231621201014,29.958582488516942,2.2387239433214496,32.901002993509834,5.735939591166371
41.920000000000954,-0.051185553935717616,0.037348968285853865,29.95432334212189,2.2349098254498174,32.8694322539511,5.733186919502198
41.94000000000096,-0.050424436330730404,0.03878761556110388,29.95008386540508,2.2312496123282504,32.83827455128099,5.730468964341487
41.96000000000096,-0.04963361784239648,0.040289939719623746,29.945752548360595,2.2277453152445936,32.80762441290678,5.727794026752951
41.98000000000096,-0.048813615182470065,0.041676799776282906,29.94122974178781,2.2243977571622113,32.777562808618825,5.725169238425955
42.00000000000006,-0.04796833507489618,0.04279802036918787,29.936459691453912,2.221206688972245,32.74815860480771,5.722600685423343
42.02000000000097,-0.04710396293718227,0.04358255719140464,29.93144836276683,2.218171036790639,32.719471836393744,5.7200936912251485
42.04000000000097,-0.046227080866054406,0.044063162863482684,29.926260979500118,2.2152892223428275,32.69155798510407,5.717653188599678
42.060000000000976,-0.04534262675884924,0.044367090259578856,29.92099987414735,2.212559491261901,32.66447234531806,5.715284100140435
42.08000000000098,-0.044452366309051305,0.04467548733201789,29.915769773333587,2.2099801907323444,32.638273651090394,5.712991655086711
42.10000000000098,-0.0435543887368003,0.045164476908690944,29.910641858746725,2.207549953853926,32.61302636758452,5.71078158990383
42.120000000000985,-0.04264380640897839,0.045947078356383425,29.90562844605284,2.205267768170501,32.588801340474646,5.708660205378723
42.14000000000099,-0.041714445164879446,0.04703504080234529,29.900676725059856,2.203132926110521,32.56567478868225,5.706634278511481
42.16000000000099,-0.04076098465734116,0.04833333183972681,29.89568380208814,2.201144873719542,32.54372588888597,5.704710850594092
42.180000000000994,-0.03978085437030223,0.0496694687569454,29.890528304063842,2.199302990145403,32.523033421496045,5.702896932392873
42.20000000000006,-0.03877526245000782,0.050848530119229164,29.885108330540234,2.1976063424987204,32.503672110475684,5.7011991817928696
42.220000000001,-0.03774901001536568,0.0517162297117569,29.879373376047344,2.1960534663765467,32.485709361394356,5.6996236157657245
42.240000000001004,-0.03670913472824621,0.052209631656444516,29.873339715917552,2.1946422185197956,32.46920304449674,5.69817541362994
42.26000000000101,-0.0356628084088283,0.05237890330887991,29.867084063725077,2.193369733321688,32.45420076183666,5.696858850440009
42.28000000000101,-0.0346151603386087,0.05237271490700653,29.860717352141688,2.1922324911670654,32.44074070399718,5.695677370076115
42.30000000000101,-0.033567730012387026,0.052391578016132825,29.854346976753146,2.1912264795152545,32.428853818946486,5.694633773909125
42.320000000001016,-0.03251805780887132,0.05262382062922853,29.848039662321664,2.1903474050174334,32.418566692357835,5.693730472401889
42.34000000000102,-0.03146056095777443,0.05318463782093549,29.841797009479475,2.189590903634251,32.40990437544221,5.692969732524688
42.36000000000102,-0.03038842981428415,0.054077863180342814,29.83555176946621,2.188952698842478,32.402892442460804,5.692353857804415
42.380000000001026,-0.029295948317531312,0.055193007077016604,29.829186252424062,2.1884286738361807,32.39755779329221,5.691885258268319
42.40000000000006,-0.028180499626194094,0.056338912960198474,29.822567132730953,2.18801484648118,32.393928054443656,5.69156639726215
42.42000000000103,-0.027043610187462593,0.05730367116271812,29.815585573674458,2.1877072586936404,32.39202977000992,5.691399631901622
42.440000000001035,-0.02589068566273937,0.05792195854598748,29.80818978301287,2.1875018093604903,32.39188582780973,5.691386986298659
42.46000000000104,-0.02472950563689115,0.05812841110626397,29.800399431955075,2.187394069412674,32.393512696624484,5.691529908260562
42.48000000000104,-0.02356794023658135,0.05797988223910223,29.792297100808035,2.1873791195512915,32.39691806370539,5.691829061356762
42.500000000001044,-0.022411604537326248,0.05763916228924254,29.783999237849237,2.1874514470504582,32.4020993847308,5.692284197466848
42.52000000000105,-0.021262194599853134,0.0573248817128323,29.7756157004629,2.1876049292940505,32.409043714953,5.692894142257785
42.54000000000105,-0.020117041409862528,0.05724308263420875,29.767210682897915,2.187832918503195,32.417728989776336,5.693656908330211
42.560000000001054,-0.018970039738266005,0.057521877638143135,29.758777515690397,2.188128424502821,32.42812666981112,5.694569928432798
42.58000000000106,-0.017813676392160714,0.058169863221937256,29.750235525353368,2.1884843717061875,32.44020537936575,5.695630375943101
42.600000000000065,-0.016641532611044344,0.05907163613545913,29.741450210341526,2.1888938865119982,32.45393489854878,5.696835516192194
42.62000000000106,-0.015450479190034562,0.060022249605542255,29.73227060298515,2.189350557707062,32.469289693451124,5.698183016844152
42.640000000001066,-0.014241870827976464,0.06079020624449509,29.72257218246127,2.1898486108356203,32.486251161245534,5.699671145008765
42.66000000000107,-0.013021352241656748,0.061189578881522814,29.712291831918733,2.1903829506326535,32.50480796563193,5.701298796382447
42.68000000000107,-0.0117973189385714,0.061138808619269465,29.70144370681888,2.190949051705028,32.524954217467766,5.703065335191924
42.700000000001076,-0.010578496177198525,0.060687674664754374,29.690110780660802,2.1915427104117997,32.546685726816,5.704970265199986
42.72000000000108,-0.009371379872029099,0.06000368739068005,29.678414427228272,2.192159701747855,32.56999499160298,5.707012790558909
42.74000000000108,-0.008178334383739569,0.05932168758686355,29.66647131451912,2.192795406178993,32.59486588016042,5.709191350809712
42.760000000001085,-0.006996946786742245,0.058871896094302496,29.65435095514402,2.1934444783849094,32.621269045031866,5.7115032211346835
42.78000000000109,-0.005820853780376531,0.05880849977203109,29.642047191347537,2.194100622602504,32.64915897384832,5.713944257152701
42.80000000000007,-0.0046418037118309986,0.05916086975686211,29.629472684252583,2.1947565209509725,32.67847329243177,5.716508837781305
42.820000000001095,-0.0034523315007127645,0.059822734165013776,29.61647841014213,2.195403936353499,32.70913455950956,5.71919002652557
42.8400000000011,-0.0022482284909122025,0.06058304515893929,29.602892419121872,2.19603398455755,32.741054397131194,5.721979936799079
42.8600000000011,-0.0010300437466599635,0.06118947985120797,29.588566081551306,2.196637543201898,32.77413943118013,5.7248702545280565
42.880000000001104,0.00019685699611425328,0.06142540817245534,29.573413612423035,2.1972057421124678,32.80829820324283,5.727852844063195
42.90000000000111,0.0014237107259192513,0.06117686753099104,29.557432597820227,2.1977304607288115,32.84344799254728,5.7309203442856615
42.92000000000111,0.002640838305275456,0.06046893267757625,29.540698981292408,2.198204749493723,32.87952039920569,5.734066654583437
42.94000000000111,0.0038404415666246907,0.05946003822834327,29.523337759867385,2.1986230962453437,32.91646463526857,5.737287219171494
42.960000000001116,0.0050188660232656215,0.05839554105636147,29.505478108401075,2.198981478620291,32.95424777437068,5.740579045215794
42.98000000000112,0.006177632782253381,0.05753423413518265,29.48720650523345,2.1992771780402736,32.99285170313856,5.743940433460166
43.00000000000007,0.0073229104676287736,0.05706987795778466,29.46853217098988,2.1995083742608554,33.03226711811886,5.747370452486846
43.020000000001126,0.00846356857852329,0.05707152822852673,29.449375506652768,2.199673582416225,33.072485494675604,5.750868238333721
43.04000000000113,0.009608385620810204,0.057460935371261596,29.42958330778957,2.1997710269357174,33.11349038207856,5.754432238029966
43.06000000000113,0.010763247139979464,0.05803423786311978,29.408966423691105,2.199798061089755,33.15524954849612,5.758059529780508
43.080000000001135,0.011929180515853295,0.05852185055365014,29.387348680077515,2.199750734501459,33.19770937349777,5.761745340909973
43.10000000000114,0.013101829507644158,0.05866887980833941,29.3646123756117,2.1996235861578475,33.24079250238967,5.76548285075844
43.12000000000114,0.014272544172556372,0.05831208669725632,29.34072657509633,2.1994097033445517,33.28439922877684,5.76926331768423
43.140000000001145,0.015430777973377838,0.05743024300003054,29.31574950225436,2.199101044840219,33.32841247149071,5.773076517030647
43.16000000000115,0.01656708837742849,0.056152510268476626,29.289804070584943,2.1986889861644143,33.37270565704138,5.776911428872817
43.18000000000115,0.017675849261128897,0.054721895557555106,29.263033665367498,2.1981650105067136,33.41715237628306,5.780757076394325
43.200000000000074,0.018756860257963127,0.053424250570127736,29.23555127777637,2.197521444617624,33.46163639477053,5.784603391311329
43.22000000000116,0.019815359331882273,0.052503641983648805,29.207397186642822,2.1967521272729384,33.506060488695276,5.788441974201286
43.24000000000116,0.020860415845248,0.05208916940007462,29.17851793957951,2.1958529015887813,33.550352676993874,5.792266626890882
43.26000000000116,0.02190216327008649,0.052155114033605406,29.14877311367828,2.19482184328851,33.59446874076393,5.796073562401009
43.280000000001166,0.022948680084920747,0.05252657559330876,29.117968093328454,2.1936591745540417,33.63839045028168,5.799861244054179
43.30000000000117,0.024003439705010027,0.05292937306590306,29.08590333765595,2.1923668631431488,33.68211959922616,5.803629864078701
43.32000000000117,0.02506409104408086,0.053069889896880544,29.052425636330202,2.1909479608103646,33.725668665576,5.807380533904766
43.340000000001176,0.026122945443884823,0.05272158283629079,29.01746615948226,2.1894057829156255,33.76904953873603,5.8111143112776595
43.36000000000118,0.02716904632038241,0.0517927245717992,28.98105391825327,2.1877430619546048,33.81226213714639,5.814831221724874
43.38000000000118,0.02819123045710315,0.05035527476871866,28.94330045613333,2.185961214665228,33.855284800302265,5.8185294362323425
43.40000000000008,0.029181292629167896,0.04862600196983056,28.90436007050494,2.184059844091652,33.89806805809197,5.822204742027884
43.42000000000119,0.030136325929568848,0.04690492521634962,28.864377119547537,2.182036558998797,33.94053282066864,5.825850394634988
43.44000000000119,0.031059542507032772,0.04548867257151886,28.823435857662552,2.1798871416998655,33.98257331152329,5.829457377108378
43.460000000001195,0.03195931714259652,0.044583840550751375,28.781527604650297,2.1776060411671807,34.02406432205897,5.833015028444464
43.4800000000012,0.032846712683773774,0.04424564425673936,28.73854506016234,2.175187119530776,34.06487171683794,5.83651194780221
43.5000000000012,0.03373219159571967,0.04435997355723364,28.694305673562926,2.172624542642172,34.10486464703629,5.839937041358946
43.520000000001204,0.03462246153177376,0.04467448182648205,28.648597474874535,2.169913683093043,34.14392767815499,5.8432805578848415
43.54000000000121,0.03551837286468945,0.044870149063119785,28.60123415090073,2.167051899250559,34.18197102422034,5.846534958778604
43.56000000000121,0.03641448973382372,0.044652963390570184,28.552103354118845,2.164039067802203,34.21893730785914,5.849695488472809
43.58000000000121,0.03730047754077069,0.04383939421711959,28.501194091637327,2.1608777798512837,34.254803723882304,5.852760350798784
43.60000000000008,0.03816392641544724,0.0424109223952025,28.448595034686058,2.1575731591777707,34.289579138155524,5.855730452996921
43.62000000000122,0.03899381214535718,0.04052161794986561,28.3944639899504,2.154132319921581,34.32329642854757,5.85860874513289
43.64000000000122,0.03978360483646815,0.03845611964175203,28.338977153710378,2.150563540405375,34.35600115273237,5.861399248706094
43.660000000001226,0.040533127261713986,0.036549628452788224,28.282272698769646,2.146875278997775,34.38773826579252,5.864105922115709
43.68000000000123,0.04124861525609829,0.03509249875016704,28.224404996707136,2.143075186680801,34.41853897548768,5.8667315411127925
43.70000000000123,0.041940942786190316,0.03424662202706878,28.16532282874199,2.139169272939807,34.448409831537674,5.869276772442894
43.720000000001235,0.042622499413534944,0.03399762194498713,28.10487811805171,2.13516135628451,34.477325789443626,5.871739588013387
43.74000000000124,0.04330359740370237,0.03415684862956614,28.04286297138654,2.131052883587748,34.50522834101526,5.8741151113180665
43.76000000000124,0.04398942802968156,0.0344130455503814,27.97906465417212,2.1268431431353596,34.53202899169563,5.876395918562298
43.780000000001245,0.04467843955210556,0.034419447820697883,27.91332288704528,2.1225298356957794,34.55761753852638,5.87857274672402
43.80000000000008,0.04536261326937257,0.033891915092618734,27.84557305706496,2.118109915465715,34.58187389543878,5.880635500984463
43.82000000000125,0.04602958008604186,0.03269037451744306,27.77586283183432,2.113580574917294,34.60468171733931,5.882574412392869
43.840000000001254,0.04666599834396839,0.030860394776726346,27.70433715954022,2.1089402279097262,34.625941837841864,5.8843811771368
43.86000000000126,0.047261251708097606,0.028622769717204864,27.631195612628854,2.104189345307182,34.64558356751107,5.886049912081197
43.88000000000126,0.04781042676743671,0.026313560090186712,27.556633941371388,2.099331016813754,34.66357218675473,5.8875777860470535
43.90000000000126,0.048315723203746226,0.02429102398654858,27.48078629308517,2.094371150294424,34.679911482088386,5.888965230164667
43.92000000000127,0.04878588267115967,0.02283529788460053,27.403684506186877,2.08931827198843,34.69464086905995,5.890215689519353
43.94000000000127,0.04923377541914402,0.022068936068809934,27.32524619534048,2.0841829513169623,34.70782744378372,5.891334945815228
43.96000000000127,0.04967280183984528,0.02192075938976147,27.24529530794285,2.07897693335621,34.71955409711307,5.892330107615583
43.980000000001276,0.05011310378270138,0.022143515992142728,27.163609703140626,2.0737121100430262,34.729905476172874,5.893208419543031
44.000000000000085,0.050558642472666594,0.022380888463596628,27.079982647446226,2.068399488384278,34.73895395709087,5.893976073678181
44.02000000000128,0.05100596726422262,0.022265594359087173,26.994281095,2.0630483145449765,34.7467478128877,5.8946372079109075
44.040000000001285,0.05144503585784081,0.02152157124822776,26.906484373004425,2.057665486332848,34.753303407451654,5.895193245980292
44.06000000000129,0.051861879534446716,0.020041889879958828,26.816692235807597,2.052255338553217,34.75860258771073,5.895642678089534
44.08000000000129,0.05224239319988728,0.017920591652363944,26.725099714391582,2.0468198255899352,34.762595611500515,5.895981310307938
44.100000000001295,0.05257621187320862,0.015429208494368926,26.631945424414365,2.0413590644361617,34.76520909403086,5.89620293867425
44.1200000000013,0.052859601974551806,0.012943972229706257,26.53744743827688,2.0358721492667513,34.76635772273297,5.896300341971478
44.1400000000013,0.05309655825930863,0.010843351681415656,26.441744397570396,2.030358112318674,34.765957978594884,5.89626644399614
44.160000000001304,0.05329778504210266,0.009403911328907024,26.344858233562984,2.0248168886051805,34.76394186146411,5.896095475945425
44.18000000000131,0.053477820257038414,0.008723138882587632,26.246689015570027,2.019250144242718,34.760268653829385,5.895783972791861
44.20000000000009,0.05365107399963002,0.008690674372678531,26.14704365669357,2.0136618486089666,34.754933050005384,5.895331462267867
44.22000000000131,0.05382785765956161,0.00901624057954671,26.045690886353707,2.008058506791507,34.747968485650425,5.894740747959186
44.24000000000132,0.05401149142190402,0.00930710239307254,25.94242761433896,2.002449017209253,34.73944517205605,5.894017744463962
44.26000000000132,0.054197292028596175,0.009174293024756567,25.837138572045056,1.996844174330794,34.72946309811442,5.893170886552877
44.28000000000132,0.054373736164642465,0.008338891795344708,25.729832828947664,1.9912558904942694,34.718141014764704,5.892210197775085
44.300000000001326,0.05452550451739443,0.0067094079177275,25.62064699410686,1.9856962548902268,34.70560304687998,5.891146157317774
44.32000000000133,0.054637597394668974,0.004408997789821831,25.509813942260617,1.9801765734873658,34.69196496934863,5.889988537284995
44.34000000000133,0.05469941475130019,0.0017446862244275825,25.397605295769303,1.9747065355782807,34.677322249085435,5.888745388373098
44.360000000001335,0.05470769337345859,-0.0008735713620573568,25.284263089202195,1.9692936300105555,34.66174166400289,5.887422327640755
44.38000000000134,0.054667493858701184,-0.0030425126492701275,25.169939077847026,1.963942891504746,34.6452577114649,5.886022231648884
44.40000000000009,0.054590950599017654,-0.004474489496278638,25.054658187839234,1.9586570032258654,34.62787422951496,5.884545371523187
44.420000000001345,0.05449409968645052,-0.005076289732053338,24.93831616176121,1.9534367262060401,34.60957082862933,5.882989956529701
44.44000000000135,0.05439262072868972,-0.004976363212417003,24.82071226209646,1.9482815787921506,34.59031301853153,5.881352992172085
44.46000000000135,0.05429762765031645,-0.00449272695029275,24.701608432696528,1.9431906566968018,34.57006442030575,5.879631316698841
44.480000000001354,0.05421263965430891,-0.004049678175084771,24.580799140383714,1.9381634696695427,34.54879922823203,5.877822660495299
44.50000000000136,0.054132556061597094,-0.0040652291636283575,24.4581731633991,1.9332006740827667,34.52651312652441,5.8759265759984105
44.52000000000136,0.054044929090316385,-0.0048391122460122995,24.33375066695878,1.9283045996388588,34.503231139842924,5.873945108684871
44.54000000000136,0.05393321721582307,-0.006471267658538555,24.207685461570435,1.923479499612816,34.4790113544808,5.871883118257787
44.56000000000137,0.053781170763111154,-0.008832771720888147,24.08023162767476,1.9187314938202924,34.45394403443996,5.869748208776929
44.58000000000137,0.053577192851786824,-0.011597406369886149,23.95168322753995,1.9140682175445325,34.42814630953357,5.867550281807014
44.600000000000094,0.05331751541483539,-0.014325973966506304,23.822303061012,1.90949823269631,34.40175325410531,5.865300781213637
44.620000000001376,0.053007334918132844,-0.016581440034118208,23.69225941814146,1.9050302932318346,34.37490671493628,5.863011744396926
44.64000000000138,0.05265958634835909,-0.018044627848327655,23.5615877319107,1.9006725788974639,34.34774359354637,5.860694804675156
44.66000000000138,0.052291657051394796,-0.018599858218367918,23.430187474248353,1.896432014806899,34.320385367728036,5.858360296851674
44.680000000001385,0.05192088906326309,-0.01836765774492143,23.297855307190535,1.8923137777856545,34.29293041884453,5.856016599946121
44.70000000000139,0.05156004526363463,-0.01767551449826218,23.164345871036232,1.8883210566976383,34.265450242973365,5.853669809869136
44.72000000000139,0.051213933075542374,-0.016973890168877223,23.029444219138178,1.884455089993778,34.23798995524056,5.851323778021564
44.740000000001395,0.0508780843461999,-0.0167191501882949,22.893030751257662,1.8807154583358736,34.21057277992781,5.84898049064346
44.7600000000014,0.05053985722594287,-0.01725383957773107,22.75512139775476,1.8771005718332934,34.183207595117715,5.846640710281222
44.7800000000014,0.050181694330245934,-0.018715623921471195,22.615872272284005,1.8736082661821862,34.155898180610286,5.8443047645216355
44.8000000000001,0.049785705419004914,-0.02099891525046296,22.475547343561377,1.8702364123670032,34.12865265548323,5.8419733528563125
44.82000000000141,0.049338390251234605,-0.023779625206397856,22.334457423247,1.8669834499008273,34.101491679108676,5.839648249604481
44.84000000000141,0.04883427097898646,-0.02659711607546415,22.19288636350851,1.8638487710029694,34.074454274157965,5.837332804814024
44.86000000000141,0.04827747740754052,-0.02897247443883217,22.051023802628432,1.8608329087996738,34.04760054185855,5.835032180019109
44.88000000000142,0.04768085319713238,-0.030532658422124603,21.908922178831762,1.8579375127481055,34.021011013653215,5.832753296141815
44.90000000000142,0.04706279172216925,-0.03110833181831736,21.766489461632812,1.855165125377027,33.994782865889526,5.8305045121232455
44.92000000000142,0.0464426008971066,-0.030779823075234896,21.62351975804898,1.8525188027708968,33.96902366836754,5.828295091050859
44.940000000001426,0.045835583129482806,-0.029858943678417172,21.479754057376432,1.8500016435751165,33.94384369251069,5.826134541229775
44.96000000000143,0.04524909905755176,-0.028810888129171167,21.334955462938538,1.8476163042966338,33.91934801534674,5.8240319380431576
44.98000000000143,0.04468063903749461,-0.02813591163451866,21.188979389276245,1.8453645794990483,33.895629673239725,5.821995334353998
45.0000000000001,0.0441184171012855,-0.028240919774764006,21.041820396045008,1.8432471129180554,33.87276492292112,5.8200313506819805
45.02000000000144,0.04354435769771682,-0.02933385911291954,20.893623289523585,1.8412632809365768,33.8508112784185,5.818145003213524
45.04000000000144,0.04293873080500146,-0.0313681482512285,20.74465531794316,1.8394112576435548,33.82980847939319,5.816339783695
45.060000000001445,0.04228526309157805,-0.03405176942563248,20.595246346007183,1.837688237484022,33.809782011504026,5.814617959204545
45.08000000000145,0.04157542161808058,-0.036919201090176997,20.445712222047494,1.8360907644717293,33.79074835443865,5.8129810213382465
45.10000000000145,0.04081076772987022,-0.03944833201237097,20.296280992027253,1.834615101558715,33.77272086877322,5.811430191336141
45.120000000001454,0.04000276243262222,-0.041192882422063065,20.147041013966025,1.8332575723454352,33.75571519570201,5.809966884217328
45.14000000000146,0.03917004939726294,-0.04189672823186236,19.997924521539712,1.832014818551748,33.7397532251209,5.808593050397049
45.16000000000146,0.038333883852737616,-0.04156091437216455,19.84873117437401,1.8308839366389102,33.724865029723894,5.8073113425856455
45.18000000000146,0.03751285172311576,-0.040446010452457166,19.699185912956093,1.8298624807819281,33.71108857911809,5.806125091583723
45.2000000000001,0.036718211395962055,-0.039008756919690586,19.549016619092292,1.8289483426504098,33.698467450719974,5.80503810932538
45.22000000000147,0.0359510422897929,-0.03778857079354903,19.398031925066928,1.828139538010934,33.687047077476706,5.8040543654825205
45.24000000000147,0.03520193618909271,-0.03727219801262841,19.246179343606695,1.8274339440659297,33.67687028184134,5.803177602128108
45.260000000001476,0.03445333160526833,-0.03777044092987151,19.09356876485351,1.8268290385066257,33.66797293206978,5.802410958564533
45.28000000000148,0.033683927060061465,-0.03933803982222501,18.94045506537042,1.8263216907352955,33.66038052401735,5.801756675698951
45.30000000000148,0.03287408263720286,-0.04175715329430593,18.78718390085699,1.8259080472726512,33.65410634325735,5.8012159366168525
45.320000000001485,0.032010862954804806,-0.04458906305484966,18.634114100855673,1.825583537509469,33.64915160508665,5.800788877824003
45.34000000000149,0.03109145405999105,-0.04728168235416367,18.481536083279497,1.8253430044148027,33.64550762358784,5.800474775704816
45.36000000000149,0.03012408396926942,-0.04930639978648807,18.32960683507575,1.8251809407591113,33.64315967086239,5.800272379023453
45.380000000001495,0.029126194297361036,-0.05029027640176898,18.178317963481074,1.8250917892202208,33.642091825960634,5.800180327020931
45.400000000000105,0.02812029498837914,-0.05011057300116678,18.027505111346358,1.8250702492091815,33.642291863677286,5.800197571089909
45.4200000000015,0.02712851492433165,-0.04892779662337456,17.876896699665554,1.825111528420854,33.643755165495406,5.800323712129816
45.440000000001504,0.02616719289004341,-0.047148633165874546,17.726190095280693,1.8252114849664605,33.646486778375404,5.8005591780771795
45.46000000000151,0.0252428521145858,-0.04532750566840101,17.57513637138165,1.8253666255077694,33.65050108013346,5.80090519489273
45.48000000000151,0.024350567685105566,-0.04403073225522645,17.42361257486091,1.8255739521284429,33.65581896495159,5.801363543594867
45.50000000000151,0.023475150868812324,-0.04369659642015621,17.271663409811733,1.8258306798375432,33.66246294406668,5.801936137537769
45.52000000000152,0.022594881831320784,-0.04452581883580791,17.11950175959362,1.8261338714642759,33.67045096730497,5.802624489599941
45.54000000000152,0.021686892268520594,-0.04642962155224389,16.967467642145916,1.8264800526123,33.679790033026265,5.803429161541154
45.56000000000152,0.020732886862482834,-0.04904857934780658,16.815955505361835,1.826864874105839,33.690470723862504,5.804349293750549
45.580000000001526,0.01972379933866694,-0.05183816259321847,16.665327664729695,1.8272828832162702,33.70246367956217,5.805382302619025
45.60000000000011,0.0186622300424728,-0.05420046760235544,16.515835203878872,1.8277274497413944,33.71571872751082,5.80652380753845
45.62000000000153,0.017562047636851645,-0.05563017502568977,16.36756592026968,1.8281908711735597,33.73016699045428,5.807767814785151
45.640000000001535,0.016445227973492148,-0.055839087507087444,16.220432320756995,1.8286646552907388,33.74572584221618,5.809107146732291
45.66000000000154,0.01533668001822194,-0.0548286473896573,16.07420286450418,1.8291399512929345,33.76230614494759,5.810534067101542
45.68000000000154,0.014258305364770003,-0.05289238896291119,15.928569022752054,1.8296080753616601,33.779820826401284,5.812041020708756
45.700000000001545,0.013223732932891237,-0.05054729570751049,15.783231884318585,1.8300610570998672,33.798193588337924,5.813621383297843
45.72000000000155,0.012235015055354775,-0.04841030478836871,15.637987158158651,1.8304921235852645,33.81736642007096,5.81527010723242
45.74000000000155,0.011282102949578938,-0.04704957155316022,15.492787712383423,1.8308960406869794,33.83730466183996,5.816984155199321
45.760000000001554,0.010345251221479982,-0.04684634208037436,15.347768183553901,1.8312692478578028,33.857998640624395,5.818762638278382
45.78000000000156,0.009399793697417055,-0.04790087569373417,15.203225383164488,1.8316097512737952,33.879461371048066,5.820606615383664
45.80000000000011,0.00842215630280613,-0.0500054334326164,15.059558984867836,1.831916776863608,33.90172241591445,5.82251856295147
45.82000000000156,0.0073956663144726115,-0.05269132312266418,14.917186678590875,1.8321902234932992,33.92481863429631,5.824501578186438
45.84000000000157,0.006314755949648019,-0.055339212798010205,14.776454263855033,1.8324299906423793,33.94878309136327,5.826558425980406
45.86000000000157,0.005186534428933288,-0.05732662535762799,14.637562488362827,1.8326352781948292,33.97363375759184,5.828690569724202
45.88000000000157,0.00402932826989712,-0.058177422993073075,14.50052848633004,1.8328039641745355,33.999363718919845,5.830897333937534
45.900000000001576,0.0028685151611519714,-0.05767740570909096,14.365191376470065,1.83293215784732,34.02593444001251,5.833175330813614
45.92000000000158,0.0017306280550522476,-0.05592809223303909,14.23126094002487,1.833014002096478,34.053273204519876,5.835518246438775
45.94000000000158,0.0006371267274974142,-0.05332545008823372,14.098397877873936,1.8330417643953099,34.0812752692259,5.83791703171824
45.960000000001585,-0.0004006783044127092,-0.05046819594940882,13.966306457146612,1.8330062154838578,34.1098106021315,5.8403604856319875
45.98000000000159,-0.001384330489374527,-0.04801711300655562,13.834817260394317,1.832897254621066,34.138734421457414,5.842836162469166
46.000000000000114,-0.002327898622681513,-0.04653851927725461,13.703940000848077,1.8327047050072047,34.16790020066897,5.845331487663379
46.020000000001595,-0.003254669185878457,-0.04636892079334216,13.57387343918421,1.8324191767588598,34.19717342595226,5.847834934909864
46.0400000000016,-0.004191620237086265,-0.04753304048539043,13.444969648742036,1.8320328809802267,34.22644423638793,5.850337104508417
46.0600000000016,-0.005162967588925884,-0.04973496986867113,13.317660791138392,1.831540279496013,34.25563716596643,5.852831551135435
46.080000000001604,-0.00618430229922329,-0.052425049056053774,13.192365578945612,1.8309384719310169,34.28471653460983,5.855315237850975
46.10000000000161,-0.007258709636403272,-0.05492722789733088,13.06939755880371,1.830227254240361,34.3136865713826,5.8577885393194755
46.12000000000161,-0.008375801955669447,-0.05659728804517638,12.948897056917811,1.8294088270342441,34.34258604053227,5.860254776076913
46.14000000000161,-0.009513917308458011,-0.05697484387758966,12.830803142117256,1.8284871819716695,34.37147790039218,5.86271932642116
46.16000000000162,-0.010644991671364196,-0.05589330501415924,12.714872566796894,1.8274672423419638,34.40043525544726,5.865188424547609
46.18000000000162,-0.0117409807153161,-0.05352170836456359,12.600741557639001,1.8263538719243844,34.42952545022635,5.86766780332922
46.20000000000012,-0.012780336675017967,-0.050328214124294744,12.488016164270782,1.8251508881507352,34.45879449482473,5.8701613687210275
46.220000000001626,-0.013753024500759485,-0.04697337870252328,12.376370038061228,1.8238602180379389,34.48825403379498,5.872670094070923
46.24000000000163,-0.014662894484098762,-0.044157733723803515,12.265626626887643,1.8224813179568597,34.51787275629086,5.87519129529336
46.26000000000163,-0.01552683841981554,-0.042458917716545315,12.155806292101959,1.8210109436163897,34.54757354278282,5.877718396009018
46.280000000001635,-0.016370901416580715,-0.04219615301016936,12.047126970869066,1.8194433096274092,34.57723685068265,5.880241223851505
46.30000000000164,-0.017224229729406335,-0.043353700905789425,11.939957827573044,1.8177706251861356,34.60670998371116,5.882746806017676
46.32000000000164,-0.018112242533091114,-0.04558141951188682,11.834736337860013,1.8159839410379104,34.63582109120339,5.88522056436319
46.340000000001645,-0.019050604876728085,-0.048272832899782875,11.731867856953162,1.814074199893158,34.66439610643598,5.887647756654263
46.36000000000165,-0.020041404379959236,-0.05070317321561317,11.631630926049178,1.8120333535748945,34.69227643031143,5.8900149770871915
46.38000000000165,-0.021072434123055706,-0.05219587997715099,11.534110376856892,1.8098553990804198,34.7193350419057,5.892311519421364
46.40000000000012,-0.0221197719903529,-0.05227926003369741,11.439173968772327,1.807537193805208,34.74548888572425,5.894530421138247
46.42000000000166,-0.023153086589487712,-0.05079709173370303,11.346498291670866,1.8050789365298172,34.77070583218229,5.89666904550207
46.44000000000166,-0.024142467651381155,-0.04794741540201087,11.25563829950368,1.8024842425635141,34.795005184857644,5.898729116077263
46.46000000000166,-0.025065221138110973,-0.04424021176554236,11.166124732198005,1.79975979396917,34.81845153589201,5.9007161883869665
46.48000000000167,-0.02591106918110363,-0.04038325921201967,11.077567174547308,1.7969146027186114,34.84114264557077,5.902638617226263
46.50000000000167,-0.02668455246216375,-0.03712191961379563,10.98973909689248,1.7939589782402054,34.863192830549394,5.904506146203033
46.52000000000167,-0.027404065885455634,-0.035069205095058543,10.902625256859276,1.7909033332170101,34.88471397849347,5.906328299247636
46.540000000001676,-0.02809772326624635,-0.03456478113626897,10.816420394632889,1.78775698588623,34.90579667495035,5.9081127845489165
46.56000000000168,-0.028796969874573763,-0.03559516506441317,10.73147927023255,1.7845271193816745,34.92649396999356,5.9098641244950425
46.58000000000168,-0.029529379571317342,-0.037793646250038275,10.648229226517879,1.7812180383701794,34.94681000655085,5.911582698952189
46.60000000000012,-0.03031226786406393,-0.04052048016953246,10.567065069129528,1.7778308235722962,34.96669510752396,5.913264336009677
46.62000000000169,-0.031148578135898622,-0.043005693893775725,10.488250165592737,1.7743634317636146,34.986048055825506,5.91490051106741
46.64000000000169,-0.032025992319881263,-0.044522542742947396,10.4118463387499,1.7708112300375085,35.00472532584668,5.916479132545527
46.660000000001695,-0.03291949237721589,-0.044552482707931294,10.337688661260353,1.767167896132099,35.022556084862316,5.9179858131683885
46.6800000000017,-0.03379681864533909,-0.04290426530085696,10.265411116372471,1.7634265686093826,35.039361017534915,5.9194054614914595
46.7000000000017,-0.03462561254338322,-0.03975997885762928,10.194517574832203,1.7595810975148283,35.05497253857244,5.920723987703906
46.720000000001704,-0.03538064435333181,-0.035637285887924135,10.124482260788213,1.7556272322372068,35.06925379764871,5.921929904823994
46.74000000000171,-0.03604949968889558,-0.03127594049897211,10.054857168234614,1.7515635906733797,35.08211404776598,5.923015621097582
46.76000000000171,-0.03663543679007754,-0.02747370634046791,9.985362262930312,1.7473922817652567,35.09351840771441,5.923978258545048
46.78000000000171,-0.03715675478238667,-0.024908159786369052,9.915938130697986,1.74311909839527,35.10349074285103,5.924819891173995
46.800000000000125,-0.037642789954117434,-0.023984112469325997,9.846749148508808,1.7387532534882615,35.112109241171474,5.925547168082579
46.82000000000172,-0.03812741061942178,-0.02474083875634453,9.778136363655474,1.7343066915147316,35.11949518182787,5.92617036388829
46.84000000000172,-0.03864144377060755,-0.02684014310761988,9.710530569416438,1.729793062695787,35.1257962727682,5.926701972663059
46.860000000001726,-0.03920571398563986,-0.0296384471800799,9.64434502296875,1.725226491033916,35.131166657442336,5.927155022221229
46.88000000000173,-0.03982624975184669,-0.03232742557138987,9.579871854871822,1.7206202943756141,35.135746152384726,5.927541324392831
46.90000000000173,-0.040492740581959466,-0.03411234921033176,9.517205437441142,1.7159858213546126,35.139641405454284,5.92786988769611
46.920000000001735,-0.041180612381245395,-0.0343887296811081,9.456209989219756,1.711331555085263,35.142911434181535,5.92814569947311
46.94000000000174,-0.04185628672925549,-0.032878020994003304,9.396538834357141,1.7066625983937171,35.145559443454246,5.928369037387454
46.96000000000174,-0.042484480695727335,-0.02969206792593352,9.337701211700137,1.701980604784231,35.14753200589848,5.928535401420699
46.980000000001745,-0.04303594587334038,-0.0253116900291248,9.279161909669805,1.697284160344157,35.14872572467985,5.928636076255638
47.00000000000013,-0.0434939407918259,-0.020483747346421534,9.220451655103172,1.692569562790565,35.149000515102685,5.928659251053537
47.02000000000175,-0.04385800239459877,-0.016058991858377406,9.161263741289842,1.6878318929605753,35.148197772054374,5.928591550448924
47.040000000001754,-0.04414416988260158,-0.012806048131401418,9.101515384180345,1.6830662377645307,35.14616105681168,5.928419777378427
47.06000000000176,-0.04438158839969559,-0.011242165239699701,9.041360077464937,1.6782689060506721,35.142756628250254,5.9281326425992065
47.08000000000176,-0.044606212091509896,-0.011517837730350802,8.981148051729386,1.6734384816437318,35.13789119855683,5.9277222605784115
47.100000000001764,-0.04485296408603527,-0.013380820001272043,8.921343429916444,1.6685765801315118,35.13152469188431,5.927185225035937
47.12000000000177,-0.04514805610792536,-0.016227874061579134,8.86241627205348,1.6636882149635246,35.12367645452955,5.926523133720947
47.14000000000177,-0.04550314655371563,-0.019233542485388624,8.804733296325523,1.6587817292522298,35.11442420485233,5.925742502408649
47.16000000000177,-0.045912625670664196,-0.021528350369622064,8.748471417400431,1.6538683058997428,35.10389591102092,5.92485408352146
47.180000000001776,-0.04635464277323937,-0.02238788578913786,8.693573277486957,1.6489611228039198,35.092255644759156,5.92387167693217
47.20000000000013,-0.0467956783762202,-0.021391622042450372,8.639754751586093,1.644074264516108,35.079685192759214,5.922810582211727
47.22000000000178,-0.04719769103874616,-0.018516757030218888,8.58656300404065,1.6392215309202915,35.06636373708304,5.921685886391057
47.240000000001785,-0.047526304140562046,-0.014146382740100143,8.5334725604929,1.6344152939516987,35.05244817357255,5.92051080343348
47.26000000000179,-0.04775826523189947,-0.008989857283799373,8.479998472930287,1.629665544483972,35.03805657366084,5.919295276775846
47.28000000000179,-0.047886560835614406,-0.0039322304367365255,8.425801833711564,1.624979245214938,35.023256898037054,5.91804502331953
47.300000000001795,-0.047922068929008244,0.0001551050712812465,8.370764474660668,1.6203600651776962,35.00806238040501,5.9167611393738895
47.3200000000018,-0.04789137190879082,0.002602011517040791,8.31501632949778,1.6158085223795657,34.99243411058103,5.915440314176201
47.3400000000018,-0.04783117550845134,0.0030851966162858085,8.258909198181593,1.611322508854422,34.976290389916315,5.914075615843639
47.360000000001804,-0.04778050896861854,0.0017003946371546446,8.20294230101872,1.6068981236259239,34.95952154932044,5.912657739910238
47.38000000000181,-0.047772363483914636,-0.0010547520365058803,8.147655519072588,1.602530700246622,34.94200823279984,5.911176552328635
47.400000000000134,-0.04782655627456738,-0.004384008191427343,8.093513304690184,1.598215892279929,34.923640742244366,5.909622724188437
47.420000000001814,-0.04794535703238368,-0.007360515848088724,8.040804372720174,1.5939506757333965,34.90433695421948,5.907989247977647
47.44000000000182,-0.04811283224642223,-0.009123895697494023,7.989578982990306,1.5897341423334075,34.88405655763904,5.906272645047724
47.46000000000182,-0.048298073803456826,-0.009064505132897643,7.939637602254173,1.5855679886689573,34.86280988458783,5.904473717833608
47.48000000000182,-0.04846164890949787,-0.006955428428454416,7.8905737127594655,1.581456648426061,34.84066034197191,5.9025977621697985
47.500000000001826,-0.0485639175291434,-0.003003798695716354,7.841861882143424,1.577407061852083,34.81772029537887,5.900654226048063
47.52000000000183,-0.04857345966144379,0.0021897988943255153,7.792972430702379,1.5734281222259883,34.7941410903477,5.898655871497142
47.54000000000183,-0.04847382450368358,0.007755566408730832,7.743488228842997,1.5695298780881324,34.77009860813751,5.89661755654354
47.560000000001835,-0.048267162548833724,0.01273639877565068,7.693198579896609,1.5657225979902458,34.745776259064954,5.894554797358741
47.58000000000184,-0.0479739549035545,0.01628928353879239,7.6421499230662215,1.5620158184977377,34.72134757115334,5.892482292816275
47.600000000000136,-0.04762887331085049,0.01786390034706943,7.590642215210028,1.5584174946539966,34.69696052533808,5.890412593811921
47.620000000001845,-0.04727361818152112,0.017320786817300673,7.539171379134053,1.5549333555340192,34.67272553467204,5.888355078854539
47.64000000000185,-0.04694822073995386,0.014963940989001077,7.488329689286065,1.5515665383169874,34.64870849190262,5.8863153578365655
47.66000000000185,-0.04668262633944666,0.011480504760553834,7.438684961957282,1.5483175366344815,34.624929659353164,5.884295170991439
47.680000000001854,-0.04649032827148941,0.007799592968818139,7.39066401458374,1.5451844580984646,34.60136841253934,5.882292785346487
47.70000000000186,-0.04636540274180145,0.004899350773470713,7.344465075869263,1.5421635471162296,34.57797306806407,5.8803038244689425
47.72000000000186,-0.04628359068319676,0.003602402378028992,7.300017823428395,1.5392498969946324,34.554674344124706,5.8783224089977155
47.740000000001864,-0.04620722724300405,0.004402509787153592,7.256999758093848,1.5364382534211638,34.53140053324849,5.8763424451990955
47.76000000000187,-0.04609301255373148,0.007358887543358086,7.214905790029624,1.5337238022526858,34.50809229279542,5.874358883554478
47.78000000000187,-0.04590101831218121,0.012080553449114725,7.17315670041357,1.531102839598026,34.48471510142178,5.872368781115656
47.80000000000014,-0.04560306055980859,0.01780429196801213,7.1312239117865515,1.5285732412476534,34.46126784773235,5.870372036569092
47.820000000001876,-0.0451886944315304,0.023550338608997565,7.088744481814935,1.5261346790958086,34.43778662297409,5.868371718200381
47.84000000000188,-0.04466757444612431,0.02832377801934135,7.045602172253953,1.5237885695294884,34.414343476792865,5.866373963258127
47.86000000000188,-0.04406767159089166,0.03132021045215631,7.001957437366157,1.5215377765472942,34.39104056368666,5.864387484101528
47.880000000001885,-0.043429691345793366,0.03209332054526037,6.958219768693706,1.5193861244335127,34.368000677313596,5.862422765146983
47.90000000000189,-0.04279882079359394,0.03064967773363221,6.914967818791505,1.5173377964056618,34.34535557962553,5.860491069835832
47.92000000000189,-0.04221548808043467,0.02745088514831393,6.872833611247094,1.5153967046910548,34.32323374196464,5.858603395175734
47.940000000001895,-0.04170703038838245,0.023322065967406574,6.832374663910012,1.513565914478112,34.30174910719502,5.856769511189169
47.9600000000019,-0.04128199161507704,0.019284917475153568,6.793960443836942,1.5118471914874472,34.28099226472835,5.8549972045021805
47.9800000000019,-0.040928240910486816,0.01634919225795844,6.7576966958422355,1.5102407233677073,34.26102504263141,5.853291812530058
48.00000000000014,-0.04061532470218233,0.015305261750365904,6.723403433900837,1.508745041210207,34.241879025034,5.851656092512102
48.02000000000191,-0.040300596357942274,0.016560410384158966,6.6906513556915055,1.507357141312957,34.22355796999967,5.8500904240874485
48.04000000000191,-0.03993788944082693,0.0200526690865297,6.658849410500503,1.506072781316663,34.20604359818055,5.848593300801531
48.060000000001914,-0.039486973697765756,0.025260120065873363,6.62736569892262,1.5048869020364741,34.18930379774252,5.847162029373098
48.08000000000192,-0.03892186685831352,0.03130406890794651,6.595656982725802,1.5037941101231846,34.1733019882926,5.84579352939296
48.10000000000192,-0.038236303074581986,0.037125332181326735,6.563380253305564,1.502789149871725,34.158006243513746,5.844485113636081
48.12000000000192,-0.037445232109949864,0.04169806163754016,6.530463423602407,1.5018672964668998,34.14339682318509,5.843235133313145
48.140000000001926,-0.03658202439502936,0.04423795568400644,6.497120528738943,1.5010246172340087,34.12947102680381,5.842043394806633
48.16000000000193,-0.03569192406441008,0.044362798253909375,6.463808140596961,1.500258069738006,34.11624473279036,5.840911293008169
48.18000000000193,-0.03482305130309225,0.04217272656812928,6.431131705874572,1.4995654321297789,34.10375055905715,5.839841655306858
48.200000000000145,-0.03401675608079532,0.038233624138712036,6.399720754867287,1.4989450876233648,34.09203316058886,5.8388383399944255
48.22000000000194,-0.03329926639486206,0.033466390754852506,6.370098312882929,1.498395707242071,34.08114264430424,5.837905672782341
48.24000000000194,-0.03267632527897249,0.028963830257039382,6.342571079743466,1.497915889583237,34.07112733662825,5.837047827166423
48.260000000001945,-0.03213191862590419,0.025771645998006125,6.317162776207135,1.4975038209798621,34.062027149991955,5.83626825548586
48.28000000000195,-0.0316313770900141,0.024677532296942403,6.293604338044697,1.497157013250934,34.05386859099097,5.835569260234255
48.30000000000195,-0.03112825442069483,0.026050938911601103,6.271383138277001,1.4968721603982766,34.04666210835717,5.834951765726703
48.320000000001954,-0.03057362079752222,0.029765984384638743,6.2498414674511515,1.4966451334802275,34.040402076435456,5.834415315730913
48.34000000000196,-0.02992591874759741,0.03522328549884449,6.228304519399892,1.4964711091795593,34.03506931425552,5.833958288696922
48.36000000000196,-0.029159410980979246,0.04146658850576058,6.206212132876962,1.4963448068299936,34.0306356897128,5.833578292070211
48.380000000001964,-0.028269525870194132,0.047371142450444485,6.183227736386668,1.4962607938407018,34.02707007372592,5.833272672670628
48.40000000000015,-0.027274020674543084,0.05186651626039548,6.159302493154344,1.4962138114966865,34.02434470963847,5.833039062927529
48.42000000000197,-0.026209710264103354,0.05414976973227957,6.1346816257313534,1.4961990714632587,34.022440973506384,5.8328758750299485
48.44000000000197,-0.025125386831030157,0.05384676105374704,6.109851505689996,1.496212476963376,34.021353546371756,5.8327826589349066
48.460000000001976,-0.024072311690845623,0.051089490746162494,6.085437990087663,1.4962507309093829,34.02109221189916,5.832760256679436
48.48000000000198,-0.023094146975067627,0.04649373861170668,6.062076286967772,1.496311306333441,34.02168081926348,5.832810713477978
48.50000000000198,-0.02221831630169032,0.04104081537720381,6.040278374873505,1.4963922725098069,34.02315337323485,5.832936942333155
48.520000000001986,-0.0214505137041265,0.0358861894439382,6.0203245403251335,1.4964919924022277,34.025547673424185,5.833142178399579
48.54000000000199,-0.020773468177368203,0.03213239870115835,6.002200827200089,1.4966087306173987,34.02889735575669,5.833429296370762
48.56000000000199,-0.020150235787216503,0.030610992939089317,5.985595067066748,1.496740231026839,34.033223523077886,5.83380009282782
48.580000000001995,-0.01953139665499164,0.03171669250508273,5.969952499976571,1.496883334324977,34.03852732448983,5.834254650295085
48.60000000000015,-0.018864759390819608,0.03532673801921008,5.954580123341301,1.4970337044276745,34.04478480404635,5.834790896342931
48.620000000002,-0.01810567560093257,0.040821590178304244,5.938779183782103,1.4971857183218147,34.051945066459616,5.835404447547712
48.640000000002004,-0.017225942116174873,0.047203147596000514,5.921979584523413,1.4973325494311072,34.05993232341153,5.836088786457205
48.66000000000201,-0.016219540904786587,0.05328752574170912,5.903849537485968,1.4974664445356978,34.06865176596907,5.836835766574992
48.68000000000201,-0.015104081335546554,0.05793495890887103,5.8843586316160765,1.4975791642512803,34.07799857649048,5.837636386114716
48.700000000002014,-0.01391764338779261,0.06027222168728761,5.863781657348635,1.4976625319943118,34.08786887818558,5.838481727143246
48.72000000000202,-0.012711612577006473,0.05986441908801369,5.8426422089973435,1.4977090197517624,34.09817112098478,5.839363931198738
48.74000000000202,-0.011540876075293392,0.056802679526212645,5.82160697637073,1.4977122925475062,34.1088363544543,5.840277078568644
48.76000000000202,-0.010453266947170812,0.05169032419772399,5.801351391124149,1.4976676373675797,34.119826011432465,5.841217853447384
48.780000000002026,-0.009480299545115202,0.045529590288192624,5.782422993056859,1.4975722154905462,34.13113614870713,5.842185905010823
48.80000000000015,-0.008631001846024992,0.03953021968893238,5.765129406729637,1.4974250978815866,34.142797491478404,5.843183848851447
48.82000000000203,-0.007890061448141337,0.034876555022702975,5.749473065519626,1.4972270689982223,34.15487106372609,5.84421689054454
48.840000000002036,-0.007220672283190551,0.03249811248852159,5.735145718389933,1.496980211922082,34.16743964667236,5.845292092502509
48.86000000000204,-0.006571558628674096,0.03288818899146936,5.721584083499925,1.4966873141690233,34.180595792270495,5.846417346740694
48.88000000000204,-0.005886840346404413,0.036005849404340845,5.708076052846622,1.4963511565546288,34.19442760545528,5.847600157795956
48.900000000002045,-0.005116848398272036,0.04128050763540221,5.693896938184051,1.4959737654422252,34.20900393414534,5.848846376350241
48.92000000000205,-0.0042278116106937045,0.047718406316616134,5.678449315363962,1.495555719802235,34.22436087259288,5.850159046777522
48.94000000000205,-0.0032085491478896274,0.05409070804113688,5.661379229458205,1.4950956063298242,34.24049149620272,5.851537532666327
48.960000000002054,-0.002072874331817977,0.059167326526954445,5.642646023945992,1.4945897057901452,34.25734045205394,5.85297705890378
48.98000000000206,-0.0008572323330740834,0.06195201847719123,5.622531982768479,1.4940319703545093,34.27480444720371,5.854468758752045
49.000000000000156,0.00038599984560304504,0.06187404990101523,5.601589596178764,1.493414316101412,34.29273889420129,5.856000247114176
49.020000000002064,0.0015982974268970813,0.058899919867932526,5.580536331791141,1.4927272114593333,34.31097012190482,5.857556668262359
49.04000000000207,0.0027260119543598333,0.05354356108920864,5.5601169785474145,1.4919604983557946,34.32931177979032,5.859122099750978
49.06000000000207,0.0037305463848489357,0.04677249210474718,5.54095996659629,1.4911043466607887,34.347583474077894,5.860681144208231
49.08000000000207,0.004595740520162489,0.0398270947829141,5.523455327792335,1.4901502214831077,34.36562935316149,5.862220513863453
49.100000000002076,0.005331043922157833,0.03398682101082863,5.507677902788135,1.4890917406590678,34.38333434314489,5.863730411874755
49.12000000000208,0.005969846228111715,0.03032753326169249,5.493370796921368,1.4879253153053054,34.40063601239428,5.865205538802053
49.14000000000208,0.006563253549694708,0.029516150466456167,5.479992583927222,1.4866504947708763,34.4175305687102,5.866645597674211
49.160000000002086,0.007170467903151385,0.031681834992353164,5.466819554648168,1.4852699726860938,34.43407218426307,5.868055230164681
49.18000000000209,0.007847576801928116,0.03638841307638367,5.453083741209233,1.4837892481151964,34.45036560523883,5.869443381210763
49.20000000000016,0.008636865778920163,0.04271343749574553,5.438120536305365,1.4822159720066388,34.466552741616084,5.870822152102385
49.220000000002095,0.009558671120446768,0.04941909615852839,5.421497794283539,1.4805590423688484,34.48279457649513,5.872205256672754
49.2400000000021,0.01060731398603892,0.05518295804901063,5.403101718060251,1.4788275402206057,34.49925024375088,5.873606238398254
49.2600000000021,0.01175189379143563,0.058845458798227404,5.383162957464556,1.477029620119844,34.51605547979496,5.875036636464062
49.280000000002104,0.012941812556194672,0.0596280297376926,5.362217631587415,1.4751714810349996,34.53330284184832,5.876504304588598
49.30000000000211,0.014116020685244614,0.05728120935771313,5.34101030172136,1.473256542218328,34.55102606496727,5.878012084452299
49.32000000000211,0.015214279106794334,0.05213491318022868,5.320356932269685,1.4712849322083918,34.56919064862546,5.87955701125735
49.340000000002114,0.01618834965626832,0.04504099398402622,5.300993502681615,1.4692533669635426,34.587692178091565,5.881130178638419
49.36000000000212,0.01701102662844448,0.037218095248770316,5.283438733487871,1.4671554483710096,34.60636300655897,5.882717314860453
49.38000000000212,0.01768131111079419,0.030027089191563435,5.2678968337900836,1.464982362665458,34.62498684544244,5.884300030202611
49.40000000000016,0.018224738176031284,0.02471856619477624,5.254218743549968,1.4627239067244813,34.643319706906375,5.885857601650449
49.420000000002126,0.01868876646698709,0.022199417422914845,5.2419294246577985,1.460369726005904,34.66111472565336,5.887369083525625
49.44000000000213,0.01913406194416198,0.022862211163797597,5.230316395878465,1.457910617607159,34.67814783781341,5.8888154868201985
49.46000000000213,0.019623277407529994,0.026509396799518407,5.218563222855531,1.4553397406462674,34.69424120667342,5.890181763466508
49.480000000002136,0.02020940040733488,0.03238663913099633,5.205903215337708,1.4526535864138834,34.709281637706404,5.8914583625539105
49.50000000000214,0.0209258253289184,0.0393192079245728,5.19176473186315,1.4498525911078872,34.723231907430296,5.892642183895973
49.52000000000214,0.021779988299205615,0.045926305151342,5.175880968071936,1.446941319167475,34.736133790900766,5.893736827421187
49.540000000002145,0.02275174844896953,0.050873992258447624,5.15834363465404,1.4439281974420284,34.74810247788894,5.894752113353787
49.56000000000215,0.023796829901600963,0.05312049374838813,5.139590300431052,1.4408248316896453,34.75931293291842,5.895702921019547
49.58000000000215,0.024854714888509138,0.05210911349735099,5.120327458931197,1.4376449809723024,34.769979538509,5.896607460100172
49.600000000000165,0.02585956561794079,0.0478734592018712,5.101403294525297,1.434403298837004,34.78033103964193,5.897485145351528
49.62000000000216,0.026752195146255542,0.04103540589850211,5.0836534695167135,1.4311139717469519,34.79058334410597,5.898354291165119
49.64000000000216,0.027490905811804182,0.03269552441666749,5.067748299147517,1.4277893956892518,34.80091306927066,5.899229870862015
49.660000000002164,0.028059206704843156,0.0242352743459238,5.054069496845383,1.4244390318366746,34.81143479207411,5.9001215912957345
49.68000000000217,0.028468978509617607,0.01706654901829954,5.042639293065825,1.4210685708546438,34.822184700906966,5.901032511426028
49.70000000000217,0.0287584783909007,0.012374136294382044,5.033115148661391,1.417679510573729,34.83311275043057,5.901958382641356
49.72000000000217,0.028985519862779276,0.01089828216425062,5.024851260698413,1.4142692115816,34.844084520632904,5.90288781196398
49.740000000002176,0.0292170487477527,0.012797373876542997,5.017015803424511,1.4108314413158547,34.85489287075782,5.903803254746708
49.76000000000218,0.02951700008105855,0.017616048419963927,5.008742608432484,1.4073573558287416,34.86527829034418,5.904682742564936
49.78000000000218,0.02993463828947454,0.024364670538814744,4.999289641897915,1.4038368096380902,34.874955741393826,5.905502158275266
49.80000000000017,0.030495496600520155,0.031695782929104806,4.98817534292314,1.400259838783862,34.883644919517316,5.90623779740685
49.82000000000219,0.031196561259649182,0.03814564449465185,4.9752678787421,1.3966181386986265,34.891100379283564,5.906868915024572
49.84000000000219,0.032006581304675215,0.042397447736331945,4.960810917077829,1.3929063605725052,34.89713796184545,5.907379957463838
49.860000000002195,0.032871465729065304,0.04351912501328428,4.945381051538974,1.389123076104963,34.90165444460471,5.90776221970762
49.8800000000022,0.03372382029073811,0.04113322339343733,4.929784439934164,1.385271305057815,34.90463822199658,5.908014744564927
49.9000000000022,0.03449493494426815,0.035488316959607566,4.914911267867022,1.381358554267859,34.90616996098877,5.908144375435384
49.920000000002204,0.03512708827068797,0.02741870641958871,4.901574326267714,1.377396372371499,34.90641335456533,5.9081649735400354
49.94000000000221,0.035583966477487676,0.018198912319681366,4.8903609040828355,1.3733994751037741,34.90559714465888,5.908095898397289
49.96000000000221,0.03585731731659676,0.009318288143421196,4.881524824920745,1.369384537997059,34.903990397432736,5.907959918400999
49.980000000002214,0.03596862142089674,0.0022156789133486966,4.8749382340480905,1.3653687845250133,34.90187356754427,5.907780765020337
50.00000000000017,0.03596545090976946,-0.0019784097061386597,4.8701119788390415,1.3613685166090495,34.899508219474214,5.907580572406458
50.02000000000222,0.03591313906453956,-0.002645691161555072,4.8662810662796145,1.3573977396913885,34.8971084232292,5.907377457318027
50.04000000000222,0.035883230928514406,0.00020681682441323868,4.862539954244416,1.3534670259777082,34.89481680733767,5.907183491930623
50.060000000002226,0.03594076669657547,0.005944948079896786,4.858003449929639,1.3495827376265235,34.89268797848625,5.907003299346146
50.08000000000223,0.03613266111095583,0.013417171351690921,4.851964362224645,1.3457466979195736,34.89068142628375,5.9068334517136805
50.10000000000223,0.03647924682683684,0.02115642846017494,4.844019610881409,1.3419563541515944,34.88866508466669,5.906662770521667
50.120000000002236,0.03697048744703701,0.027638265666069136,4.8341421274385645,1.3382054236463286,34.886429477120764,5.906473522934033
50.14000000000224,0.037567541388432296,0.031549816168859546,4.822685574307053,1.3344849584313823,34.88371100466818,5.9062433919258845
50.16000000000224,0.03820941816042307,0.032022501560562154,4.810320918581046,1.3307847116532145,34.88022169241585,5.905947992694809
50.180000000002245,0.038823577090046746,0.02878770190455368,4.797916075413634,1.3270946480308312,34.875681837449285,5.905563634188466
50.20000000000017,0.039338626097706525,0.022227912603710057,4.78638000748589,1.3234064191873904,34.86985165945305,5.9050699961518704
50.22000000000225,0.0396969029132792,0.013313882511714207,4.776499021644822,1.3197146277270135,34.862558280301364,5.9044524115536205
50.240000000002254,0.039864728189885866,0.003437999232644648,4.768794415932283,1.3160177325075275,34.853715064667014,5.903703504129168
50.26000000000226,0.039838513307685355,-0.005827555684386838,4.763426856513342,1.3123184974069841,34.843331378980515,5.902824017280247
50.28000000000226,0.03964562189964246,-0.013005803967621249,4.760164582183204,1.3086239476748385,34.83151198899087,5.901822768348001
50.300000000002264,0.03933980188365544,-0.016974792583510107,4.75842121849588,1.3049448594649642,34.81844645793835,5.900715758104126
50.32000000000227,0.038991962485838076,-0.017166271676504453,4.757356642962707,1.3012948587550466,34.80438991387559,5.899524549815484
50.34000000000227,0.03867789557605928,-0.013667983203546742,4.756023163613375,1.2976892399078068,34.78963735538996,5.898274099716794
50.36000000000227,0.03846508283051449,-0.007211418451273167,4.753531232928804,1.2941436318709492,34.774494220846925,5.896990267996626
50.380000000002276,0.03840089215486139,0.0009527930066084787,4.749205436303009,1.290672645193164,34.75924623812221,5.89569726479593
50.400000000000176,0.03850422288458967,0.00927003613301744,4.742703178962747,1.2872886295498402,34.74413159612559,5.894415288739468
50.42000000000228,0.03876205739637733,0.016149994685350548,4.734075044489812,1.2840006611583819,34.72931824791105,5.893158596874095
50.440000000002286,0.03913152727715958,0.02024177940110505,4.723756052338559,1.280813861800257,34.71488869023399,5.891934206203765
50.46000000000229,0.03954715349241774,0.020668682677671954,4.71248919252105,1.2777291242084414,34.70083388915564,5.8907413700786115
50.48000000000229,0.039932032846199596,0.017182302151146817,4.701194525721094,1.274743280832779,34.687057155785716,5.889571899194857
50.500000000002295,0.0402110643667097,0.010209370321300208,4.690806716159767,1.2718497052338675,34.67338774930869,5.888411309454248
50.5200000000023,0.04032395120420887,0.0007826853059498315,4.682109436268714,1.2690392825966164,34.65960286383147,5.887240683361899
50.5400000000023,0.04023573835613072,-0.009632789872133026,4.6755956756545425,1.2663016369077422,34.6454555709121,5.886039039193683
50.560000000002304,0.03994305414599004,-0.01938948286071012,4.671378503063368,1.2636264673086373,34.63070542721144,5.884785928749783
50.58000000000231,0.03947495103986472,-0.026939863885325918,4.66916805532144,1.2610048324716099,34.61514801406446,5.883463946865355
50.60000000000018,0.03888816800602044,-0.03110344879309437,4.668318993020767,1.2584302318240839,34.59863979244701,5.882060845694051
50.620000000002314,0.038257602184775044,-0.03127178807731132,4.667940378264953,1.2558993632406779,34.58111535212514,5.880571005618854
50.64000000000232,0.03766361111404001,-0.027515743355233924,4.6670490329355125,1.2534124823888368,34.562595281594646,5.878996111717939
50.66000000000232,0.037178318367614996,-0.020576405570744645,4.664739821761401,1.2509733416545177,34.54318424108555,5.877344999324571
50.68000000000232,0.03685326828024696,-0.011741261081764862,4.6603432960117335,1.2485887384485816,34.52306009715058,5.875632740152381
50.700000000002326,0.0367105415422333,-0.0026269709230912017,4.653543252807703,1.2462677459982512,34.50245593894444,5.873879121921428
50.72000000000233,0.0367388498893822,0.005094134358515882,4.644433644296755,1.2440207289930474,34.48163733717372,5.872106720519794
50.74000000000233,0.0368952816408722,0.009977558454757438,4.633504719690315,1.241858259721901,34.46087736574938,5.870338777766525
50.760000000002336,0.03711241678940967,0.01105245465175359,4.62156049609832,1.2397900493049026,34.44043181746857,5.868597091083061
50.78000000000234,0.0373096287288838,0.00798850790088389,4.609581523917903,1.2378239970152358,34.42051684808077,5.86690010551405
50.80000000000018,0.03740668546343414,0.0011556661452753708,4.598556393679835,1.2359654424256925,34.4012910466945,5.865261379230639
50.820000000002345,0.037337369565104,-0.008433864952888457,4.589310891842377,1.2342166832994095,34.382843630606445,5.863688568691762
50.84000000000235,0.03706081922959856,-0.01929240350083952,4.582364214235262,1.2325767987165472,34.365190019364036,5.8621830421238155
50.86000000000235,0.03656865982456757,-0.029705053237936284,4.577837100124624,1.2310417922815264,34.3482753876254,5.86074017404162
50.880000000002354,0.035886692312838565,-0.03801800806090004,4.575427933014845,1.2296050433044234,34.331985932705834,5.859350299538835
50.90000000000236,0.03507081918947345,-0.04291819790338767,4.574461269805799,1.2282580232155251,34.316166619160086,5.858000223554117
50.92000000000236,0.0341978665461102,-0.043656639439772764,4.574000883098266,1.226991201313418,34.30064325560897,5.856675102445838
50.940000000002364,0.03335283204705918,-0.040177311274163796,4.573008342858666,1.2257950337501256,34.285246116242405,5.855360459975321
50.96000000000237,0.03261469949328259,-0.033129558497340304,4.570520310673843,1.2246609112531825,34.26983209437349,5.854044080323746
50.98000000000237,0.0320432041075198,-0.023762005340501977,4.565814414594315,1.2235819425284162,34.254302625318985,5.852717541904699
51.000000000000185,0.031668769401614304,-0.013716033963801161,4.55853538346623,1.2225534744716966,34.238615289457755,5.851377213054868
51.020000000002376,0.03148730049912496,-0.004753548630098248,4.548759745734766,1.2215732931771457,34.222787969737816,5.850024612746327
51.04000000000238,0.031460706683076246,0.0015356756039767892,4.536987721869573,1.2206415017186814,34.206895517866585,5.848666131509525
51.06000000000238,0.031523077280464995,0.003998796357672687,4.524063219353987,1.2197601200029382,34.19105990244582,5.8473121947135525
51.080000000002386,0.03159150477942184,0.0021133555811488815,4.511035002504147,1.2189324880465753,34.17543561174674,5.845976018745437
51.10000000000239,0.03157978494891191,-0.003922526727287984,4.498982103648922,1.218162570279679,34.16019254272909,5.84467215014915
51.12000000000239,0.031412745193753484,-0.01321850561376947,4.488832681108753,1.2174542546171134,34.14549867196565,5.843414983720192
51.140000000002395,0.031038836396759723,-0.024335040083414684,4.481206775560482,1.216810721987106,34.13150450793536,5.842217430730849
51.1600000000024,0.030438892540541745,-0.03551835511269578,4.476309554159944,1.2162339390503794,34.11833078912578,5.841089863127067
51.1800000000024,0.02962958029435846,-0.04498910097978386,4.473893300457238,1.2157243068253103,34.10606028558294,5.840039407879278
51.20000000000019,0.028660931962816532,-0.05123702863997928,4.4732949926453065,1.2152804836348585,34.094734031953145,5.839069620406417
51.22000000000241,0.027608337874790282,-0.05327250160779552,4.473543712316946,1.2148993899751557,34.08435194336816,5.838180533639583
51.24000000000241,0.026560301761694813,-0.050792649615356844,4.473520439088404,1.2145763915183379,34.07487752367981,5.837369058375512
51.260000000002414,0.025603973992128663,-0.0442342865170962,4.472143962348363,1.2143056419929519,34.066246178509466,5.836629693454046
51.28000000000242,0.02481084886238796,-0.03470484190562077,4.468552155133053,1.214080550417895,34.05837638791722,5.835955482002688
51.30000000000242,0.02422498221939945,-0.02380297613428147,4.462248461482273,1.2138943194732839,34.05118262311049,5.835339118089924
51.32000000000242,0.023855664417313217,-0.013358659572797875,4.453189056765737,1.2137404872902255,34.04458846342207,5.834774071326333
51.340000000002426,0.023675749113979624,-0.00513531880748033,4.4417958306761705,1.213613397993756,34.038538046346325,5.8342555691661575
51.36000000000243,0.023625916738581727,-0.0005423381336545424,4.428892520446492,1.2135085311404077,34.0330039701939,5.8337812754845295
51.38000000000243,0.023624193031688705,-0.0004042019271676997,4.415573982553625,1.2134226388042355,34.0279902055263,5.833351541397647
51.40000000000019,0.02357919796043219,-0.004823417642990751,4.403029650159113,1.2133536695299685,34.023529439191925,5.832969178659521
51.42000000000244,0.023404997400730137,-0.013159590373700599,4.392349859717428,1.2133004948080466,34.019675377111525,5.832638800501153
51.44000000000244,0.023035161746427148,-0.02412871595064394,4.384346685405915,1.2132624884911543,34.01649156394712,5.832365863348005
51.460000000002445,0.022433747050142814,-0.03600758256028002,4.37941870414871,1.2132390357050336,34.01403894533223,5.832155600233265
51.48000000000245,0.02160139399084057,-0.046910985180947266,4.377482082962368,1.213229060144016,34.01236452795113,5.832012047994339
51.50000000000245,0.02057551940193479,-0.05509714270280905,4.377979673823924,1.2132306540385378,34.01149308529764,5.831937335508471
51.520000000002454,0.01942453261317961,-0.05925149912986908,4.379967156589743,1.2132408733048645,34.01142307441517,5.831931333136148
51.54000000000246,0.018236987866274958,-0.058702236716607126,4.382262739839306,1.2132557257218424,34.012127025578444,5.831991686000456
51.56000000000246,0.017107418510256735,-0.05353195706838846,4.383636548532096,1.2132703414802333,34.01355589285517,5.832114187227062
51.580000000002464,0.016121144938616636,-0.044567218296433314,4.383009284580011,1.213279284013397,34.01564636571,5.8322934053174995
51.60000000000019,0.015340514253915218,-0.03324785402146706,4.379628108299233,1.2132769424068865,34.018329960864065,5.832523464236048
51.62000000000247,0.014794791193459037,-0.0213975860956267,4.3731912262477035,1.2132579460113875,34.02154274709513,5.832798877648289
51.64000000000247,0.014475324003748966,-0.010933104889496434,4.36390081760021,1.213217552073344,34.02523467182055,5.833115348749804
51.660000000002476,0.014336760270077735,-0.00355813816570971,4.35243537716922,1.2131519706121132,34.0293775626395,5.833470456138396
51.68000000000248,0.014304125981550822,-0.0004908806239985802,4.339845459264914,1.2130586010797941,34.033970946964956,5.833864152254915
51.70000000000248,0.014284656770530656,-0.0022676713602197917,4.327389100689189,1.2129361596660968,34.03904490368927,5.834299007052113
51.720000000002486,0.014182522181807213,-0.008653917914729919,4.316332911800758,1.212784675646272,34.04465928927635,5.834780140611671
51.74000000000249,0.01391412263226032,-0.01867678953223867,4.307750396949921,1.2126053348907817,34.05089891847875,5.835314808858109
51.76000000000249,0.013421534631475654,-0.030775384130751218,4.302349610195701,1.2124001556830961,34.057864661207404,5.835911639256321
51.780000000002495,0.01268195386179783,-0.043045554753677405,4.300357684334176,1.2121715018953094,34.0656609462789,5.836579558806588
51.800000000000196,0.011711603298972374,-0.053541196657456894,4.301480819797317,1.2119214709092931,34.07438079478097,5.837326510893576
51.8200000000025,0.010563445366459036,-0.060584168391147414,4.304946407319196,1.2116512301318825,34.08409013336292,5.83815811137065
51.840000000002505,0.009319027210515212,-0.06303303433607312,4.309620972851565,1.2113604034425534,34.0948136050163,5.839076434250223
51.86000000000251,0.008075734865692102,-0.060467127106562525,4.314185631045359,1.211046616057682,34.106524240332654,5.8400791296293795
51.88000000000251,0.0069314755672560836,-0.05325615894590877,4.317341613468242,1.2107052889063206,34.11913906175347,5.841159051228915
51.900000000002514,0.0059692218336553915,-0.042504294600858444,4.318013640415262,1.2103297356675298,34.132521945434,5.842304506394202
51.92000000000252,0.005243868420963502,-0.02987798103456954,4.315519184727627,1.20991156640687,34.14649395484062,5.843500145874955
51.94000000000252,0.0047734771197147936,-0.017345276048642402,4.309676982168004,1.2094413521353435,34.16085009853097,5.8447284024607145
51.96000000000252,0.004536283794088684,-0.006867969356427393,4.300837632860216,1.2089094645782061,34.17538034124572,5.845971291517409
51.980000000002526,0.004473936122965911,-9.457196058265227e-05,4.289831314548508,1.2083069823884895,34.1898919967919,5.84721232698043
52.0000000000002,0.004500463270854978,0.0018983988203974786,4.277840577351932,1.2076265519537117,34.20423052394479,5.8484382978659175
52.02000000000253,0.00451559578171087,-0.0012229468156994322,4.266217883158049,1.206863105159713,34.218296211315675,5.849640690787399
52.040000000002536,0.004420383208245937,-0.008993790153705453,4.256276166419703,1.2060143609302187,34.23205506589719,5.850816615302277
52.06000000000254,0.004132695099236244,-0.020218342340697366,4.249084891233801,1.2050810643856462,34.24554311629834,5.851969165699555
52.08000000000254,0.0036001927986800603,-0.033151885806681984,4.245303222634913,1.204066942538208,34.25886405632346,5.853107213807335
52.100000000002545,0.0028087314662075505,-0.04576983677729993,4.2450761681707485,1.2029783778361685,34.27218058709701,5.854244664096044
52.12000000000255,0.0017848462398108646,-0.05608250494050485,4.248009789741689,1.2018238215196784,34.285700030869755,5.8553992204519885
52.14000000000255,0.0005918936474854439,-0.0624463557827007,4.253229358422641,1.2006129879463836,34.29965495857319,5.856590728279824
52.160000000002555,-0.0006795826555811319,-0.06382254029715581,4.2595115243508594,1.1993558885144129,34.31427987586836,5.857839181461741
52.18000000000256,-0.0019257757700662872,-0.059941544412197796,4.265470178830919,1.1980617800047024,34.32978553990013,5.859162528885858
52.2000000000002,-0.0030456605763728387,-0.05134782429389622,4.2697674515728,1.1967381180679872,34.34633316949479,5.8605744743578505
52.220000000002564,-0.003956657379806733,-0.039317604715767125,4.271317471741864,1.1953896212342043,34.364011448298456,5.862082518038999
52.24000000000257,-0.004607478452521087,-0.02566319118214285,4.2694516968137,1.1940175591822022,34.38281950635173,5.863686511602725
52.26000000000257,-0.0049861714956321735,-0.01245471710196748,4.264020573810651,1.1926193731875234,34.402658756820784,5.865377972204416
52.28000000000257,-0.0051221256947159835,-0.0017025235264308608,4.255416103374189,1.1911887105363028,34.42333549573142,5.867140316690186
52.300000000002576,-0.005081735289723982,0.004951324806426333,4.244512004583571,1.189715908039418,34.44457470537966,5.868950051361798
52.32000000000258,-0.004958378480259195,0.006485787374440018,4.232530758275465,1.1881888993026462,34.46604386183645,5.870778812205111
52.34000000000258,-0.004858225669563005,0.0026598460459948464,4.220857912924359,1.1865944571974192,34.4873840944375,5.872596026838344
52.360000000002586,-0.004884020546324205,-0.005946443098059435,4.210831982472495,1.1849196294811735,34.50824505590739,5.8743718860749174
52.38000000000259,-0.0051192923462568965,-0.01801572108767382,4.203541858398264,1.183153193174222,34.52831946886355,5.876080281009063
52.400000000000205,-0.005615410033992011,-0.03169028678372872,4.199662381809515,1.1812869501705252,34.54737351174923,5.8777013799400555
52.420000000002595,-0.006383478909218907,-0.04485327645552183,4.199352804355958,1.1793167140651435,34.56526988262537,5.879223578213825
52.4400000000026,-0.00739235816351843,-0.05545169554921516,4.202233239696031,1.177242888746607,34.58198135553389,5.880644637753067
52.4600000000026,-0.008573146281111438,-0.061811698767645466,4.207442352997884,1.1750705980342633,34.5975937270228,5.881971925045443
52.480000000002605,-0.009829481210664008,-0.06289709603524671,4.2137672618299025,1.172809376988393,34.612298078693684,5.883221743117769
52.50000000000261,-0.011052094639839801,-0.05847062036672859,4.219825785765317,1.17047247062772,34.62637316501222,5.884417827195161
52.52000000000261,-0.012135394444333562,-0.049132823401659496,4.224273412192636,1.1680758057709588,34.640159453074915,5.885589133899419
52.540000000002614,-0.012993536177047418,-0.03623283280997677,4.226003793833383,1.1656367141494919,34.65402691144078,5.886767101851472
52.56000000000262,-0.01357353168287317,-0.02166525784228544,4.224312761963412,1.1631724975181479,34.66833909292808,5.8879825995775565
52.58000000000262,-0.013863408491230295,-0.007584808377110061,4.219001511596263,1.160698941455154,34.68341639877711,5.889262806054516
52.60000000000021,-0.013894194784497845,0.0039178722568568,4.2104038968428545,1.1582289020381098,34.69950165687478,5.890628290503041
52.62000000000263,-0.013735436995909999,0.011130650222849025,4.1993342388983015,1.155771103169302,34.71673127730832,5.892090569340251
52.64000000000263,-0.013484918640822735,0.012978121632608097,4.1869639557549485,1.153329284453053,34.73511518947596,5.893650412899968
52.66000000000263,-0.01325410318876934,0.009185655161609239,4.174645883123824,1.1509018221450584,34.754528376145565,5.895297140615184
52.680000000002636,-0.013151454523622916,0.00032486849772893356,4.163712802279651,1.1484819037168028,34.77471594999801,5.897009068163115
52.70000000000264,-0.013266110592801004,-0.012266882812115222,4.155280308749933,1.146058271982296,34.79531231462954,5.898755149574319
52.72000000000264,-0.013654351760044595,-0.026682159492764198,4.1500832496846565,1.1436164786453296,34.81587315012329,5.900497703594443
52.740000000002645,-0.014330912833349753,-0.04072619242458317,4.148369713000695,1.1411405161250372,34.83591709052569,5.9021959549413205
52.76000000000265,-0.01526648252079258,-0.052245073464710384,4.149867796607705,1.138614645680358,34.85497243570092,5.903809993190916
52.78000000000265,-0.01639181234506335,-0.05945002716186917,4.153829459179805,1.136025217051623,34.872623427753204,5.9053046854292965
52.80000000000021,-0.017607855176597187,-0.061188271823022486,4.159144298749049,1.1333622802945071,34.88855071342152,5.906653088968534
52.82000000000266,-0.018800429268671603,-0.05711880452846671,4.1645058266513795,1.1306208201575982,34.902561572244196,5.907838993425955
52.84000000000266,-0.019857207552734017,-0.04776615582714568,4.168605215277353,1.1278014918118493,34.91460706561135,5.908858355521086
52.860000000002664,-0.020684478575638564,-0.03444416893657854,4.170323695831104,1.1249107970000423,34.92478506164832,5.909719541708246
52.88000000000267,-0.021221168640081986,-0.019061956836754695,4.168895286460721,1.121960702412786,34.933329701779435,5.910442428598678
52.90000000000267,-0.021448040602322846,-0.003841809640377589,4.164016213467577,1.1189677568924234,34.940589009975675,5.911056505395265
52.92000000000267,-0.021390716178361076,0.00900859719218204,4.155885502056619,1.115951803837938,34.94699295042502,5.9115981722733
52.94000000000268,-0.02111608614111823,0.017621469758531003,4.14517151536116,1.112934409048456,34.9530144910542,5.912107449214214
52.96000000000268,-0.020722637554125903,0.02074451836354936,4.132910163388926,1.1099371365157478,34.95912641125456,5.912624325226029
52.98000000000268,-0.020326104168480692,0.01792733700256901,4.1203504661881,1.1069798103700028,34.96575690835558,5.913185005422677
53.00000000000021,-0.02004251895964395,0.009591586984266473,4.1087706837794,1.104078902499104,34.97324751348769,5.913818353102139
53.02000000000269,-0.01997112915958079,-0.0030257536181802027,4.09929224544026,1.1012461816612915,34.9818172286232,5.914542858803476
53.04000000000269,-0.02017967114571797,-0.018048940595959278,4.092718683594367,1.0984877496531964,34.99153685736336,5.91536447375505
53.060000000002695,-0.020694183471207543,-0.03323530519919838,4.089422768166219,1.0958035713729677,35.00231698368315,5.916275600720706
53.0800000000027,-0.02149489435417635,-0.04630340768654247,4.089297693483315,1.0931875752276214,35.013911860422986,5.917255433089143
53.1000000000027,-0.022518838095354213,-0.05526933262445733,4.091778613567221,1.090628353720842,35.02593969348793,5.918271681283982
53.120000000002705,-0.023668857615979658,-0.058740876475128906,4.095930479421037,1.0881104295875639,35.03791771783217,5.9192835476797505
53.14000000000271,-0.02482769057696526,-0.05612520478328957,4.100588524140548,1.0856159769045441,35.04930845293971,5.920245641266899
53.16000000000271,-0.02587506777973263,-0.04771859058618703,4.104530262204123,1.0831268151271465,35.05957201283726,5.9211123965718855
53.180000000002714,-0.026705299996952803,-0.03466497617943118,4.1066535817100505,1.0806264466859563,35.06821862563936,5.921842502603337
53.200000000000216,-0.027242764404939217,-0.018790137602245953,4.106134991587231,1.0781018997107548,35.074855672234925,5.922402863047643
53.22000000000272,-0.02745302768095389,-0.0023367511085337247,4.102545355053112,1.0755451687221134,35.07922445218482,5.922771686650163
53.24000000000272,-0.027347998963383677,0.012360269909682305,4.095906955928505,1.072954108439722,35.08122327877378,5.9229404250569475
53.26000000000273,-0.026984382348488344,0.023211013892007474,4.0866845025063,1.0703327138937442,35.08091514008334,5.922914412692736
53.28000000000273,-0.026455662024340486,0.028672347529778923,4.0757123637245805,1.0676907980086363,35.07851982962291,5.922712202160672
53.30000000000273,-0.025878767802149604,0.027971794207423135,4.064069531056156,1.0650431421360067,35.07439197036521,5.922363714798781
53.320000000002736,-0.0253773157460249,0.021222051737654173,4.052921178837966,1.0624082364017533,35.06898756385917,5.921907426147353
53.34000000000274,-0.02506380380183797,0.009409606290136582,4.043350215444043,1.0598067428050046,35.06282246878969,5.921386870386843
53.36000000000274,-0.02502330361126412,-0.0057419112840966435,4.036203273733878,1.0572598112353946,35.05642653417168,5.920846775096589
53.380000000002745,-0.0253010005092356,-0.022015474905502926,4.031973093857012,1.054787369656147,35.050297093914324,5.920329137295859
53.40000000000022,-0.02589540906697318,-0.037017724082106025,4.030733633123338,1.0524065060100238,35.044855352001505,5.9198695384274735
53.42000000000275,-0.026758292581741182,-0.04852411597234322,4.03213636465951,1.0501300633113735,35.040408986277804,5.919493980593088
53.440000000002755,-0.027801347745410817,-0.0548018759695821,4.035467272669382,1.0479655728127097,35.03712408397459,5.919216509300415
53.46000000000276,-0.028908721783470405,-0.05486295415388033,4.039755324677498,1.045914640704293,35.03500918339923,5.919037859601781
53.48000000000276,-0.02995356298069643,-0.04860933422712595,4.043915954329543,1.043972873646721,35.033913573488796,5.918945309215891
53.500000000002764,-0.030816206453629428,-0.03684925351726459,4.046908343505417,1.042130378185388,35.03354096569016,5.918913833271283
53.52000000000277,-0.03140136093414836,-0.021182447015663186,4.047883691110504,1.040372806083328,35.03347816150816,5.918908527888242
53.54000000000277,-0.031651822325557646,-0.003772001712198375,4.046303369934889,1.0386828512375506,35.033236495632714,5.918888113119956
53.56000000000277,-0.03155676106449125,0.012963401224590764,4.042010589070571,1.0370420437422183,35.032301919602524,5.918809163979062
53.58000000000278,-0.031153422883312434,0.026692460666751273,4.035246157293294,1.0354326431588785,35.030188044914624,5.918630588650944
53.60000000000022,-0.03052202076198712,0.035501138298372384,4.026607133832739,1.0338394165031866,35.02648576196466,5.918317815221202
53.62000000000278,-0.02977454575501977,0.03816383419195247,4.016955356906273,1.0322511031164041,35.02090349410192,5.917846187093909
53.640000000002786,-0.02903906055599506,0.03431870871907552,4.00728987920961,1.0306614159528253,35.01329369081627,5.917203198371362
53.66000000000279,-0.028441659736948576,0.024522912117892225,3.9986022253875184,1.0290694953414525,35.00366340708635,5.916389389406883
53.68000000000279,-0.028088609788681666,0.010179411950378508,3.9917354626993764,1.027479801976232,34.99216916173642,5.915417919448838
53.700000000002795,-0.02805117672388428,-0.0066556669110458214,3.9872671060007105,1.0259014988776676,34.97909817490248,5.914312992639338
53.7200000000028,-0.02835530158056805,-0.02355963885338268,3.9854320697368566,1.024347421229349,34.96483924736397,5.913107410436916
53.7400000000028,-0.02897762805913102,-0.038084391177402845,3.986095840276486,1.022832765302352,34.94984693357997,5.911839555804941
53.760000000002805,-0.02984850065211799,-0.04810387490245705,3.988780679731307,1.0213736405363005,34.93460245960331,5.910550097884571
53.78000000000281,-0.030861555916932445,-0.05211781854627417,3.9927400612368755,1.0199856212616687,34.91957434382157,5.90927866527054
53.800000000000225,-0.031888571629716936,-0.04946727866777035,3.997069763527536,1.0186824110455903,34.90518120384555,5.908060697373171
53.820000000002814,-0.032797468584698064,-0.04043047006889949,4.000839069755098,1.0174747041101653,34.89175899543382,5.906924664784021
53.84000000000282,-0.033470901224600676,-0.026185187854046377,4.003222999673264,1.0163693065715893,34.8795349529968,5.905889852765356
53.86000000000282,-0.03382279761408675,-0.008643965098017415,4.003616764662453,1.0153685701058104,34.868610579741286,5.904964909272644
53.88000000000282,-0.0338105210358324,0.009813489884946075,4.001716572348566,1.014470186242815,34.858955828975056,5.904147341401217
53.90000000000283,-0.033440966086206274,0.026671982964009286,3.9975560396844187,1.013667378933166,34.85041585324681,5.903424078723026
53.92000000000283,-0.03276976469395827,0.03963008437427803,3.991494016966632,1.0129495072347174,34.842730352045415,5.902773106942653
53.94000000000283,-0.03189373231685797,0.046919127435800755,3.9841566170624994,1.012303048150926,34.83556387929957,5.902166032847566
53.960000000002836,-0.030937601271879667,0.047549040893763106,3.9763426802727513,1.011712878602624,34.82854388185357,5.90157130617377
53.98000000000284,-0.03003685344082857,0.041448163731126295,3.96890688271504,1.0111637254228856,34.821302088130636,5.900957726346685
54.00000000000023,-0.029318988822023405,0.02947796322581312,3.9626375393196978,1.010641614129029,34.813514359401296,5.900297819551255
54.020000000002845,-0.028885788868504503,0.013319764664728785,3.9581465076306763,1.0101351324520427,34.80493431883599,5.899570689366811
54.04000000000285,-0.028799022454655095,-0.004752526977080079,3.9557864781245677,1.0096363431570639,34.795416957361404,5.898764019467248
54.06000000000285,-0.029071601250371278,-0.022183958826906238,3.9556067059236,1.009141235465445,34.78492986639606,5.8978750297370715
54.080000000002855,-0.02966546410195064,-0.036492073022035096,3.9573525497193756,1.008649685380245,34.77355153734187,5.896910338248486
54.10000000000286,-0.030496544015901756,-0.045613178267376625,3.960507872758234,1.0081649800292152,34.76145796047623,5.895884832701214
54.12000000000286,-0.0314461728701243,-0.04819203517676612,3.964373329501024,1.0076930245474287,34.74890020089581,5.8948197767952
54.140000000002864,-0.032377356132292825,-0.04377322417891251,3.9681686536880867,1.0072413766323722,34.736176485867595,5.89374044948262
54.16000000000287,-0.033153647679409565,-0.032866660849048115,3.9711439498658003,1.0068182447586134,34.72360254212117,5.892673632751196
54.18000000000287,-0.0336579851085475,-0.016878289096019315,3.9726840745175407,1.0064315546584863,34.71148355237181,5.891645233071303
54.20000000000023,-0.03380886424875484,0.002083333205218736,3.972391554136442,1.0060881511357564,34.70009030694659,5.890678255256061
54.22000000000288,-0.033571626809682925,0.021496374402634983,3.970136875079177,1.005793169746402,34.689641095972256,5.889791260814958
54.24000000000288,-0.03296333517998221,0.03877013628621596,3.9660698598535418,1.00554959068505,34.6802898593873,5.888997356035007
54.26000000000288,-0.03205059982232027,0.0515973393695268,3.960591487191103,1.0053579772760288,34.67212035875032,5.888303691110906
54.280000000002886,-0.03094067748891768,0.05826725886686807,3.9542911036942425,1.0052164028156887,34.66514585285133,5.887711427443717
54.30000000000289,-0.0297670477044,0.05789868789892316,3.9478587265198315,1.0051205762106357,34.659313920080905,5.887216143482496
54.32000000000289,-0.02867139573771858,0.05056234736692823,3.9419853992022764,1.0050641780046372,34.65451637905901,5.886808675255126
54.340000000002895,-0.027784402501380163,0.03727633580300325,3.937265911753492,1.005039403607835,34.65060429827298,5.8864763907003805
54.3600000000029,-0.02720791255143961,0.019874183619200392,3.9341174911552526,1.0050376781163184,34.64740757879308,5.886204853621141
54.3800000000029,-0.02700089466783415,0.0007615448552830662,3.9327254671717924,1.005050467256979,34.644757593667656,5.885979747983139
54.40000000000023,-0.02717113325470606,-0.01740724727824288,3.933022843342441,1.0050700782503297,34.64251023571818,5.885788837166873
54.42000000000291,-0.02767383847373262,-0.032089708604498,3.9347057678054296,1.0050903352680023,34.640565940094305,5.885623666196667
54.44000000000291,-0.028417427555417592,-0.04120337776504991,3.9372818145408,1.005107028848597,34.63888318362272,5.88548070964664
54.460000000002914,-0.029275734799063598,-0.04341282096845542,3.9401434635079005,1.005118071246999,34.63748277044956,5.885361736584215
54.48000000000292,-0.030105000001975163,-0.038314727125614574,3.942655825667604,1.005123333164897,34.63644180180745,5.885273298820323
54.50000000000292,-0.03076330661471087,-0.026494893212895877,3.9442459390984665,1.0051241869723366,34.63587828234566,5.885225423239594
54.52000000000292,-0.031129799098956603,-0.009449550576700059,3.9444810715013334,1.0051228322889958,34.635929331284316,5.885229760279909
54.54000000000293,-0.031121054421493707,0.010617006180310045,3.9431253418531047,1.0051215218184444,34.63672734985085,5.885297558310103
54.56000000000293,-0.03070239955369253,0.031089410164797555,3.940167305623033,1.0051218252702623,34.638378775174985,5.885437857557837
54.58000000000293,-0.02989267968149874,0.049291594187611414,3.935815420948159,1.0051240578987515,34.640949117090805,5.8856562180517145
54.600000000000236,-0.02876187624986628,0.06284344575847539,3.930462899256811,1.0051269600872201,34.644456185900985,5.885954144053535
54.62000000000294,-0.027421920877344467,0.06997715573460583,3.924627692318945,1.0051276593240144,34.64887144704714,5.886329199683547
54.64000000000294,-0.02601192985877647,0.0697728322049153,3.9188766937794495,1.0051218928874601,34.65412793203254,5.88677568215679
54.660000000002945,-0.02467979397502865,0.06228342850788881,3.913745194476264,1.0051044301494465,34.66013242568983,5.88728565857729
54.68000000000295,-0.023562524834849212,0.04853269760653676,3.9096629870302735,1.0050696114991828,34.666779681530954,5.887850174854227
54.70000000000295,-0.022767931884095576,0.030385386379887278,3.9068972607573382,1.0050119165331628,34.673966897151296,5.8884604861671015
54.720000000002955,-0.022360058914970348,0.010304949224374877,3.9055197894130225,1.0049264869387131,34.68160729143537,5.889109210350524
54.74000000000296,-0.02235035005134604,-0.008970954402877327,3.905402307424797,1.0048095566539186,34.68964213062223,5.889791348649138
54.76000000000296,-0.022695784116962405,-0.02479501329471174,3.9062399296061088,1.0046587741010728,34.698050803385286,5.890505139916719
54.780000000002964,-0.023304294922646875,-0.03496591967756985,3.9075985665500266,1.0044734234599122,34.706858475687866,5.891252708523703
54.80000000000024,-0.024046803581018426,-0.03802614717237367,3.9089790555346364,1.0042545517676842,34.71614051703091,5.892040437491151
54.82000000000297,-0.02477427104861244,-0.03346023801877792,3.909888593379996,1.0040049868982468,34.72602250097868,5.892878965410598
54.84000000000297,-0.02533747615991316,-0.021765887948668478,3.909909294723503,1.00372920425683,34.73667447043551,5.893782696234695
54.86000000000298,-0.02560684834178511,-0.0043883885487339645,3.908754383064438,1.003432989223194,34.748298575012086,5.8947687465253535
54.88000000000298,-0.0254896907892685,0.016471538849811243,3.906304520646507,1.0031228615361403,34.76111014321844,5.895855336015161
54.90000000000298,-0.024942510191341114,0.038149122925799854,3.9026197770258215,1.0028052743473328,34.775313499481214,5.89705973341641
54.920000000002986,-0.023976852973541816,0.05786610474296591,3.8979262713234735,1.0024856594184959,34.791075028510726,5.898395970813652
54.94000000000299,-0.02265792421427815,0.07309395949740013,3.892580086385731,1.0021674428296947,34.80849686548734,5.899872614344088
54.96000000000299,-0.02109620698512551,0.08188315690287962,3.887014147407642,1.00185118856925,34.82759502446079,5.901490915392549
54.980000000002995,-0.019433186572901304,0.08311725094431527,3.881675967607161,1.0015340311478838,34.848285693098276,5.903243658625169
55.00000000000024,-0.017823016427590783,0.0766603754715583,3.8769652061204942,1.001209527151327,34.870382711451875,5.905114961747305
55.020000000003,-0.016412466639572867,0.06337959238091051,3.8731797434145427,1.0008679898530226,34.893607837775356,5.907081160588143
55.040000000003005,-0.015321720990148257,0.04503836718957009,3.870477526887096,1.0004972826620342,34.917613408564975,5.9091127429221535
55.06000000000301,-0.014628506988514972,0.024073070277676967,3.8688590172957413,1.000083960595108,34.94201484429912,5.911177111565777
55.08000000000301,-0.014357653000655944,0.0032794021269131274,3.8681720506237567,0.9996145916717097,34.9664287327097,5.913241812467143
55.100000000003014,-0.014477497022342405,-0.014551772977695214,3.868137762606353,0.999077078143948,34.990511423993006,5.915277797702573
55.12000000000302,-0.014903691970611624,-0.02700161546830719,3.868393345693798,0.9984618262706444,35.01399333372805,5.917262317468109
55.14000000000302,-0.015509970646264203,-0.0323440752897525,3.86854520203754,0.9977626623244911,35.036705243505494,5.9191811294726815
55.16000000000302,-0.01614448654445338,-0.029776195743493036,3.868224800859507,0.9969774394734818,35.05859440654145,5.921029843409122
55.18000000000303,-0.016649577621785556,-0.019526133571984766,3.8671393929241527,0.9961083137690886,35.0797298116173,5.922814348906886
55.200000000000244,-0.0168823305166081,-0.002824358015114316,3.865110676942599,0.9951616886799245,35.10029723416853,5.924550382448319
55.22000000000303,-0.016733224733227803,0.018257151146917602,3.8620963959889907,0.9941478419164917,35.12058549029905,5.926262354157049
55.240000000003036,-0.016140418745243537,0.04107475314977302,3.8581923750055966,0.9930802584381916,35.14096549004906,5.927981569644854
55.26000000000304,-0.015097847866986761,0.06275508728046547,3.8536153137073494,0.9919746997879834,35.16186334434768,5.929743952680224
55.28000000000304,-0.0136561349614052,0.0805639943691395,3.848669318511008,0.9908480454115025,35.183728275527336,5.931587331863819
55.300000000003045,-0.011916245244758187,0.09225553563949175,3.843701325508601,0.9897169541209515,35.20699594551394,5.933548343572667
55.32000000000305,-0.01001672377216302,0.09635813202448941,3.8390519518785564,0.9885964199680768,35.23204844805786,5.935659057599068
55.34000000000305,-0.00811613550490946,0.09236330767765197,3.8350087482687574,0.9874983335870438,35.25917357832514,5.937943547923401
55.360000000003055,-0.006372905709353563,0.08079421121649773,3.8317682747243365,0.9864301936688286,35.28852757146242,5.940414764262039
55.38000000000306,-0.004925079173661941,0.06314494875705239,3.8294119905191852,0.9853941269481201,35.32010654106884,5.943072146715774
55.40000000000025,-0.00387254720478161,0.04169675017231222,3.827898862396743,0.9843863604075906,35.35373177038996,5.94590041712691
55.420000000003064,-0.0032640195299917262,0.01923201273877376,3.8270751753868995,0.9833972496571253,35.38905266458588,5.948869864485681
55.44000000000307,-0.0030904586645884983,-0.0013192592285459894,3.8266996305765595,0.9824119115827828,35.425568826650434,5.951938241165682
55.46000000000307,-0.003285896041438441,-0.01725606488498611,3.826479766891151,0.9814114434444402,35.46266986706651,5.955054144763632
55.48000000000307,-0.0037356010851100022,-0.02645685059917606,3.8261143119467875,0.9803746367688048,35.49968875800134,5.958161525000924
55.50000000000308,-0.004290599875633158,-0.027656748264617434,3.825335418373223,0.9792800181520586,35.53596236257845,5.961204774420893
55.52000000000308,-0.004786680698802611,-0.020613848621151124,3.8239449397104335,0.9781079863251866,35.57089171812844,5.9641337776854435
55.54000000000308,-0.005065412800391211,-0.006142002155314267,3.8218398983111315,0.9768427880423769,35.60399502930465,5.966908330895041
55.560000000003086,-0.0049944386756705025,0.013993633423267534,3.8190239438988867,0.9754740998820639,35.63494801733009,5.969501488175548
55.58000000000309,-0.004484416643955246,0.037303114428010244,3.815603650374552,0.9739980543162123,35.66360869246801,5.97190159768796
55.60000000000025,-0.0035004616876798734,0.06088907641786348,3.8117706472150426,0.9724176420400683,35.690025947417716,5.9741129841523515
55.620000000003095,-0.002066674757314155,0.08181294811404784,3.8077725204662047,0.9707425082907534,35.71443296538118,5.976155366569813
55.6400000000031,-0.00026324674770192123,0.09746347041299569,3.8038768817079966,0.9689882190245723,35.73722714277706,5.978062156148685
55.6600000000031,0.001783451443127981,0.10588246152981089,3.800333807588429,0.9671751007235229,35.75893836293375,5.979877788294151
55.680000000003105,0.003916537402281824,0.10600921364910099,3.7973419118348284,0.96532676386073,35.78018750900892,5.981654245190783
55.70000000000311,0.005968111838055003,0.09781493895600729,3.795022640416751,0.9634684144969315,35.80163738695199,5.983446948620167
55.72000000000311,0.007780197522908059,0.08231120861943073,3.7934060896547295,0.9616250483198032,35.82393876500258,5.985310248015769
55.740000000003114,0.009224557974919598,0.061430367662926234,3.7924299327214492,0.9598196137849482,35.84767488101124,5.987292783972673
55.76000000000312,0.010218937344937798,0.037790573282492974,3.7919511594592272,0.9580712349030891,35.87330838390646,5.989433060307666
55.78000000000312,0.01073765993448123,0.014372282355979229,3.791768564780976,0.9563936054268697,35.90113516207593,5.9917555993277904
55.80000000000025,0.010815189552646338,-0.005854956962880432,3.791652509684831,0.9547936984160738,35.931249714189335,5.994268071598845
55.82000000000313,0.010542114208942143,-0.02030857963155384,3.791377603977744,0.9532709576451773,35.96352637755143,5.996959761208293
55.84000000000313,0.010053990051892042,-0.027123047245753623,3.790753711036206,0.9518171251237695,35.9976196102973,5.99980163091225
55.86000000000313,0.009514419296725272,-0.02538985191429516,3.7896510564152823,0.9504167998955269,36.032984637655595,6.002748090471196
55.880000000003136,0.009094510480451694,-0.015275177035575488,3.788016162995389,0.9490487277503732,36.068917460064334,6.005740375679283
55.90000000000314,0.008951353895968605,0.00200029070932511,3.785876699294403,0.9476877167203096,36.10461098610661,6.008711258340394
55.92000000000314,0.009208265070691389,0.024315790116933435,3.7833349224264183,0.9463069867112548,36.13922226700157,6.011590660299616
55.940000000003145,0.009939291886194633,0.048917471185691425,3.7805509944554347,0.9448807076044381,36.171944571209885,6.014311645667348
55.96000000000315,0.01115989726979386,0.07276210833080317,3.7777188202431597,0.9433864595893129,36.20207730910071,6.016816210347521
55.98000000000315,0.012824918920129127,0.09289336070179102,3.775038005934279,0.9418073595239299,36.22908667637568,6.019060281836001
56.000000000000256,0.01483399249873668,0.10680428195297141,3.7726859521666327,0.9401336381904577,36.25265060036777,6.021017405751936
56.02000000000316,0.01704372527133042,0.11274325396144838,3.770793941637962,0.9383635256084859,36.272683377719225,6.022680746787034
56.04000000000316,0.01928512228388664,0.10992828461280028,3.769430401175497,0.9365033955415241,36.289338136050816,6.024063257972215
56.060000000003164,0.021384169288250973,0.09864533967030696,3.768593421819467,0.9345672134284562,36.30298828451343,6.025196120004181
56.08000000000317,0.02318311405517598,0.08021902600153909,3.7682132652469136,0.9325753985413425,36.31419155280549,6.026125749833428
56.10000000000317,0.024559890752912542,0.056857757481466674,3.7681641659084923,0.9305532384297701,36.323641428085,6.026909774344145
56.120000000003174,0.025443316694048448,0.031389704428739854,3.76828346273792,0.9285289902645374,36.332110755637366,6.027612359436974
56.14000000000318,0.025822153430567815,0.006919256317687505,3.7683951459391536,0.9265317917546753,36.34039149431333,6.028299220701751
56.16000000000318,0.025746834696082202,-0.013555245695392034,3.768334407181841,0.924589502632157,36.34923381282806,6.029032576859082
56.18000000000318,0.02532355457547503,-0.027515044139241218,3.7679697794531872,0.9227266093459484,36.35928736990832,6.029866281262655
56.20000000000026,0.02470137642881738,-0.033237646547551396,3.7672199135342956,0.9209623400047517,36.37104786014584,6.030841389072162
56.22000000000319,0.02405393394080458,-0.03001485197120891,3.7660628737176247,0.9193091412956139,36.384812541661105,6.0319824719292
56.24000000000319,0.02355801350610354,-0.01824311122359432,3.7645369238243167,0.9177716587421817,36.40064911812172,6.033295046500023
56.260000000003195,0.023371718308489817,0.0006253472849159097,3.7627329715696267,0.9163463366486276,36.41838253147481,6.034764496769929
56.2800000000032,0.023614955506058445,0.024263156043098307,3.760779985918382,0.9150217135947791,36.43760339734774,6.036356798379942
56.3000000000032,0.02435465909334579,0.04975535005034362,3.7588256388199706,0.9137794290941048,36.45769963546497,6.0380211688486956
56.320000000003205,0.0255965252337126,0.07395598758085668,3.7570150160835625,0.9125958766762792,36.47790947996719,6.0396944856480275
56.34000000000321,0.027284199758843795,0.09386903340847738,3.7554704136609653,0.9114443507989223,36.49739033896675,6.041307005852852
56.36000000000321,0.029305943268868574,0.10700784747113026,3.7542749779772002,0.9102974644452495,36.5152951505748,6.042788689882744
56.380000000003214,0.031507922540162464,0.1116920543040617,3.753462320589078,0.9091295842882395,36.53084696375555,6.044075360529148
56.40000000000026,0.03371252988046035,0.1072488105249672,3.7530133418708655,0.9079190465664047,36.54340364990142,6.045114031174385
56.42000000000322,0.03573957732306243,0.09409632410932085,3.752860463328653,0.906649963826093,36.552507211582196,6.045866952851526
56.440000000003224,0.037427891360165215,0.07369985177950464,3.7528984328006127,0.905313487043442,36.557914965679366,6.046314163660318
56.46000000000323,0.0386547708750429,0.048403763433518356,3.7529999731304873,0.9039084366187317,36.55961208034642,6.0464545049430765
56.48000000000323,0.039350979635471364,0.021156928101397632,3.7530339217172917,0.902441264302023,36.557806336684806,6.046305180578036
56.50000000000323,0.039509421285558656,-0.004838407295532679,3.7528832458194237,0.9009253676955853,36.55290686826876,6.045900004818866
56.520000000003236,0.039186360031734264,-0.02651343716362548,3.752460443989391,0.8993798494908791,36.545489345691735,6.0452865395853435
56.54000000000324,0.03849493884255913,-0.041308115259272846,3.7517183153235134,0.897827876144931,36.5362506745622,6.044522369431864
56.56000000000324,0.03759170666234132,-0.047487320843421416,3.7506548005097993,0.8962948196601455,36.525956596160505,6.04367078820153
56.580000000003245,0.03665776629802772,-0.04435664224777603,3.7493114545642854,0.8948063501790939,36.51538553906796,6.042796168916171
56.600000000000264,0.03587686060603821,-0.03234938686710796,3.747765985329027,0.893386600473806,36.50527186411707,6.041959273622843
56.62000000000325,0.035413113634188656,-0.012973820542880333,3.746120079822428,0.892056476986337,36.49625161007664,6.041212759875011
56.640000000003255,0.03539117406500529,0.011371441899728583,3.744484347896218,0.8908321719303597,36.488814133367235,6.040597166950238
56.66000000000326,0.03588117195783301,0.03768874100886297,3.7429625584977835,0.8897239420604851,36.483263429659964,6.040137699561159
56.68000000000326,0.03689026056784218,0.0627415037127198,3.7416373766575157,0.8887352466700752,36.47969301050984,6.0398421345685716
56.700000000003264,0.03836167952631362,0.08343858807147482,3.740559526105699,0.8878623576790198,36.47797768369158,6.039700131934662
56.72000000000327,0.04018136766325829,0.09719760018991906,3.7397417558302974,0.8870945513177122,36.47778443605489,6.039684133798297
56.74000000000327,0.04219128658529409,0.1022464594302589,3.7391582734072006,0.8864149550005411,36.478602981057165,6.039751897309786
56.760000000003274,0.04420787864317307,0.09783066917617206,3.73874953368573,0.8858020508759445,36.47979448121106,6.039850534674766
56.78000000000328,0.04604353392612717,0.08430422914815583,3.738431541849609,0.8852317321935449,36.48065449689573,6.039921729368331
56.80000000000027,0.04752861689216363,0.06309403468425372,3.7381082336525346,0.8846796878019941,36.480483579531594,6.039907580379984
56.82000000000328,0.048531526342654834,0.03654033951917637,3.7376851072511,0.8841237913378125,36.478656825904686,6.039756354846169
56.840000000003286,0.04897444561808899,0.007629018195500946,3.7370821568659256,0.8835461413908676,36.47468314861679,6.039427385822003
56.86000000000329,0.04884288269191997,-0.02035598568268914,3.736244321716569,0.8829344656784994,36.46824667842283,6.038894491413377
56.88000000000329,0.04818778022437573,-0.04422086050623337,3.735148087631587,0.8822827520867477,36.459226335466596,6.038147591394781
56.900000000003295,0.04711983661549056,-0.061244617202654734,3.7338034848242794,0.881591145329387,36.44769392693103,6.037192553408499
56.9200000000033,0.045796627289567064,-0.06950867444448902,3.732251403606521,0.8808652794953234,36.43389455603951,6.036049581973256
56.9400000000033,0.04440402578982505,-0.06813103686164551,3.730556792027073,0.8801152611202795,36.418214679073024,6.0347505896327664
56.960000000003305,0.04313416247192224,-0.057374560308509265,3.728798824333339,0.8793544824613018,36.401142956270306,6.0333359724343465
56.98000000000331,0.042162607263142034,-0.038615533120883415,3.727059487239861,0.8785983768322767,36.38322805436051,6.0318511299899065
57.00000000000027,0.04162755128162637,-0.014177600659382901,3.72541219372099,0.8778631760694694,36.36503670044936,6.030343000232189
57.020000000003314,0.04161348094684502,0.012946354680914622,3.723911984956273,0.8771647142423722,36.34711481372369,6.028856841369158
57.04000000000332,0.04214124258780054,0.039448304971995106,3.7225886204942187,0.876517328186602,36.32995406691486,6.027433456033742
57.06000000000332,0.043165587389093416,0.06209143490965269,3.7214434154583294,0.8759329091896001,36.31396533094444,6.0261069797128926
57.080000000003324,0.044580388304065875,0.07808363575440723,3.720450129246846,0.8754201493783009,36.29945924089905,6.024903255729427
57.10000000000333,0.04623084853333044,0.08539682681000202,3.7195596340399857,0.8749840091670014,36.28663321367903,6.023838743996973
57.12000000000333,0.04793126606123533,0.08299839582127265,3.7187075826158322,0.874625423071451,36.27556423185182,6.022919909134756
57.14000000000333,0.049486340813924896,0.07097095982494886,3.717823917862407,0.8743412638113647,36.26620756239328,6.022143103779026
57.160000000003336,0.05071364559931246,0.05050786615731099,3.716842856013931,0.8741245880613231,36.25840263518626,6.021495049834904
57.18000000000334,0.05146474950148085,0.023783879571890224,3.7157119474808744,0.8739651783335799,36.25188775139459,6.0209540565756345
57.20000000000027,0.05164259610399113,-0.006286970864057461,3.7143989776040574,0.8738503720263928,36.24632473058995,6.0204920671478295
57.220000000003346,0.05121310387641182,-0.036381956958570716,3.7128958034372816,0.8737661390871916,36.24133319406957,6.020077507314135
57.24000000000335,0.05020956015646773,-0.0631529748090347,3.711218691054903,0.8736983407850712,36.23653231466217,6.019678755104974
57.26000000000335,0.048729182457223776,-0.0836187076456326,3.709405245059739,0.8736340697510722,36.231585841417704,6.019267882510107
57.280000000003355,0.046922143009270445,-0.0955182841145559,3.7075085122723213,0.873562928106856,36.226244284923915,6.0188241613228675
57.30000000000336,0.044974281388413855,-0.097582012209837,3.7055892104573793,0.8734780533949487,36.220376867736256,6.018336719371579
57.32000000000336,0.0430855332462171,-0.08968435178014518,3.703707234055375,0.8733766827005863,36.21398615162827,6.017805758881576
57.340000000003364,0.04144665559920758,-0.0728594969393694,3.701913618843281,0.8732600940164119,36.2072010083077,6.017241976878418
57.36000000000337,0.04021704086443439,-0.04917827482555795,3.700244028932212,0.8731328951815162,36.20024869604045,6.016664249901306
57.38000000000337,0.03950625235874824,-0.021503325241720682,3.698714589978646,0.873001808475034,36.19341265842779,6.016096131082663
57.400000000000276,0.03936141661866872,0.006845441929616153,3.697320557116785,0.8728742458804581,36.18698672533566,6.015562045672512
57.42000000000338,0.03976186187971441,0.03247352170302375,3.6960379074016685,0.8727570120358559,36.181236581082516,6.015084087615278
57.44000000000338,0.040621516301109266,0.05229764947548912,3.6948275357541815,0.8726553870360347,36.176375456146936,6.014679996154985
57.46000000000338,0.041798694504329756,0.06389212737569097,3.6936413768358656,0.872572676583891,36.17255497535081,6.014362391421955
57.480000000003386,0.04311210684051221,0.06575943571926128,3.692429533484001,0.8725101588268486,36.16986700697885,6.0141389248153265
57.50000000000339,0.04436128955634354,0.057498035412776365,3.6911473969715733,0.8724672763566297,36.16835047510092,6.014012842944461
57.52000000000339,0.04534921491041175,0.03985070402068628,3.6897617918159424,0.8724419334589034,36.167998635869345,6.01398359125375
57.540000000003396,0.045904618405485244,0.014627968905363387,3.6882553427086404,0.8724308237256317,36.16876557466076,6.014047353875821
57.5600000000034,0.04590158836917678,-0.015487033397374377,3.6866285158327963,0.8724297751114484,36.17057337293536,6.014197649972552
57.5800000000034,0.04527421003983819,-0.04723390842124459,3.6848991087588736,0.8724341248902776,36.17332213698494,6.0144261685538165
57.60000000000028,0.04402454143608016,-0.07714058027279729,3.683099324264077,0.8724391293227277,36.17690398314122,6.01472393241296
57.62000000000341,0.04222289993021334,-0.1019193756293701,3.6812709164412754,0.872440396158896,36.18122023427899,6.015082728797584
57.64000000000341,0.0400003013420691,-0.11884782589600566,3.679459177180864,0.8724343197159623,36.1861996119906,6.015496622224187
57.660000000003414,0.03753382435886495,-0.12608791193459534,3.677706677091977,0.8724184963468388,36.19181459813441,6.015963314227773
57.68000000000342,0.03502654972172927,-0.12290349490621912,3.676047660493536,0.8723920909966563,36.198093301020094,6.016485128463303
57.70000000000342,0.03268441409736104,-0.10974807961852545,3.674503838536455,0.8723561092579146,36.205124837071544,6.017069455895581
57.720000000003424,0.030692712114137967,-0.08821196759877413,3.6730820791488106,0.8723135141082095,36.21305724660899,6.0177285786755945
57.74000000000343,0.029195012327069954,-0.060836504293402816,3.6717742113645104,0.8722691266619718,36.22208810009665,6.018478885906027
57.76000000000343,0.0282769239555146,-0.030820082141232996,3.6705588807516873,0.8722292696035313,36.232448834087045,6.019339567933266
57.78000000000343,0.02795652326098986,-0.0016531137936270195,3.6694051315353486,0.8722011410748753,36.24438406324171,6.0203308931687225
57.80000000000028,0.028182428378643647,0.023274289508676986,3.6682771690183946,0.8721919354215864,36.2581266359769,6.021472131960498
57.82000000000344,0.028839623204503312,0.041047797684026464,3.6671396035970614,0.8722077581643652,36.273868730964764,6.022779153427823
57.84000000000344,0.029762286810785122,0.049547922639033584,3.665962428610225,0.8722524300768079,36.29172990256826,6.024261772413966
57.860000000003446,0.030752168224014505,0.0476809758627427,3.6647250535662663,0.8723263454284602,36.311725231225644,6.025921110604224
57.88000000000345,0.031600506776331395,0.03549984633057979,3.663418884096168,0.8724256201240294,36.33373986153431,6.0277474948387075
57.90000000000345,0.03211116009188608,0.014202933156273198,3.6620481664770455,0.8725417877387425,36.357518230759965,6.0297195814366
57.920000000003455,0.03212247661970108,-0.013989535956595753,3.6606290522146967,0.8726622293947769,36.38267514200309,6.031805297090009
57.94000000000346,0.03152554632805025,-0.04607128120169209,3.6591870599852863,0.8727713532622247,36.40873090854748,6.033964775216001
57.96000000000346,0.03027678928357727,-0.07857579931081635,3.6577533096514387,0.8728523270918972,36.43516569707056,6.036154876829334
57.980000000003464,0.0284033930155579,-0.10795935288674816,3.656360067614012,0.8728890054906271,36.46148208105776,6.038334379699236
58.000000000000284,0.026000859113276296,-0.13099960510301395,3.6550362498086444,0.8728676602922093,36.487262605344355,6.040468740532009
58.02000000000347,0.023222803678270974,-0.145163837097326,3.6538035419239465,0.872778231972322,36.51221183307755,6.042533560773788
58.040000000003474,0.020264074971218335,-0.14890200718359176,3.652673692530202,0.8726150136575612,36.53617839208092,6.04451639025662
58.06000000000348,0.017339078681467005,-0.14182777500142763,3.6516473272886607,0.8723768588254883,36.55915892529688,6.046417032036152
58.08000000000348,0.014657809345446814,-0.12476442141521771,3.650714373128648,0.8720670887145504,36.58128976430437,6.048246833943235
58.10000000000348,0.012402374969745583,-0.09965025984992033,3.649855935358726,0.8716932450674356,36.602832415697314,6.050027472309305
58.120000000003486,0.010706724906188137,-0.06931651340231057,3.6490472843339625,0.8712667310014202,36.62415637195262,6.051789518146895
58.14000000000349,0.009641865973042875,-0.037166501642456044,3.648261493700215,0.8708022813660068,36.64571932003598,6.053570790866823
58.16000000000349,0.009208157206862879,-0.006795770104636585,3.6474732190607995,0.8703171641121288,36.66804247851347,6.05541431105366
58.180000000003496,0.009335424606102266,0.01840261343562462,3.6466621051550616,0.8698300534362589,36.69167855856745,6.057365645110707
58.20000000000029,0.009890757173858929,0.03560471159929515,3.6458153662196366,0.869359607886559,36.717171568745165,6.059469578168139
58.2200000000035,0.010693039756718963,0.04285721181525375,3.644929207062948,0.868922884506163,36.74501043195217,6.06176627988511
58.240000000003505,0.011532617787107093,0.03928513398001006,3.6440089332632493,0.8685337807586301,36.77558099924648,6.064287344713019
58.26000000000351,0.012194011977824121,0.025186790810964105,3.6430678023619025,0.8682016993712312,36.80912259492087,6.06705221626787
58.28000000000351,0.012479322108720861,0.0020071138266235453,3.6421248451594663,0.8679305833243164,36.84569522750371,6.070065504383269
58.300000000003514,0.012229884752836456,-0.027809147661089953,3.641202002392023,0.8677183935804162,36.88516209388462,6.0733155766751175
58.32000000000352,0.011343886799571028,-0.061072079660469764,3.640320973946162,0.8675570318671126,36.92718951688273,6.0767745981633
58.34000000000352,0.009787992363090687,-0.09418582805041832,3.6395001857847853,0.8674326699765761,36.97126383417941,6.080399973207307
58.360000000003524,0.007601611860428202,-0.12353878310414258,3.638752262184657,0.8673264447156847,37.01672282609717,6.084136982851156
58.38000000000353,0.004893200881968298,-0.1459029732659389,3.638082344049825,0.867215502312302,37.062798458791406,6.08792234336078
58.40000000000029,0.0018288591648883946,-0.1587970069559215,3.6374874974784075,0.8670743995775666,37.108667835292415,6.091688422374573
58.42000000000353,-0.00138559469734464,-0.16076876925113076,3.636957299327712,0.8668768598943651,37.1535096032601,6.095367880879717
58.440000000003536,-0.004527095098452244,-0.15156251350671318,3.6364754899495004,0.8665978233286146,37.196562934754056,6.098898501758662
58.46000000000354,-0.007379796432982068,-0.1321491729593102,3.6360224000281014,0.8662156332975682,37.2371853081539,6.102227897100689
58.48000000000354,-0.0097587345897107,-0.10461648768336745,3.6355777435059804,0.8657141067227819,37.274904121567175,6.105317692108018
58.500000000003546,-0.011529998211996842,-0.0719337319547303,3.635123346836358,0.8650841908576409,37.309456559068025,6.108146736864466
58.52000000000355,-0.012625181720115156,-0.037621216502654695,3.634645440685635,0.8643249527223363,37.34081291073798,6.110712962555023
58.54000000000355,-0.01304860655726698,-0.005364834948622058,3.6341362361587475,0.8634437731401259,37.36918082932327,6.113033684622003
58.560000000003555,-0.012876651287705519,0.021380254400788605,3.6335946142081794,0.8624557818370893,37.39499103047899,6.1151443998060255
58.58000000000356,-0.012249401783515048,0.039754707667001406,3.633025868102828,0.8613827054189592,37.41886742693897,6.117096323169921
58.60000000000029,-0.011355617790889953,0.04779297221417559,3.632440561256422,0.8602513501058713,37.44158554652753,6.1189529779634295
58.620000000003564,-0.0104126458078877,0.04462691586606628,3.6318526917106597,0.8590918920759317,37.46402212423419,6.120786070778343
58.64000000000357,-0.009643358879588455,0.03057735385937356,3.631277462532826,0.8579360387674375,37.48709689317705,6.122670732056155
58.66000000000357,-0.009252462533533823,0.007125359322369086,3.6307290073949114,0.8568150271247085,37.51170641615991,6.12468010725131
58.680000000003574,-0.009404570989189901,-0.023234961348404803,3.6302183945436033,0.8557574075847185,37.53865065424686,6.126879356919545
58.70000000000358,-0.010206323383768697,-0.05725040351678845,3.6297521477652426,0.8547866506173567,37.5685561093974,6.129319383862893
58.72000000000358,-0.011694468454609303,-0.09124697826829793,3.629331421912561,0.85391877168977,37.60180362518107,6.1320309543560745
58.74000000000358,-0.01383129657445304,-0.12152016277089567,3.6289518886205023,0.8531603226656694,37.63847216887371,6.135020144129415
58.760000000003586,-0.01650806275673396,-0.14473645967894092,3.628604329361113,0.8525071605548735,37.678310173508144,6.13826605594024
58.78000000000359,-0.019556180088539946,-0.1583013010933923,3.628275874588017,0.8519443329930397,37.72074251806849,6.141721462103967
58.800000000000296,-0.0227650659376566,-0.16064958628733053,3.627951746925928,0.8514472271375159,37.764914844308734,6.145316496675231
58.820000000003596,-0.025904715716801585,-0.15142287363010223,3.6276172700807603,0.8509838778863553,37.809769744602285,6.1489649327835885
58.8400000000036,-0.028750486699645486,-0.13151084750570183,3.6272598321204805,0.8505181041099078,37.85414369550645,6.152572120301106
58.8600000000036,-0.031107297387916982,-0.10295213087241444,3.6268704855133707,0.8500130031183355,37.89687093670659,6.156043448247145
58.880000000003605,-0.03283053301388477,-0.06870772727692694,3.626444940922457,0.8494343113871419,37.93688102417514,6.159292250265053
58.90000000000361,-0.03384137683245794,-0.032336053543856054,3.62598383946278,0.8487532222786585,37.97327971063291,6.162246320184946
58.92000000000361,-0.03413498172159479,0.0023909282050954108,3.6254923189097523,0.8479484021842995,38.0054068845514,6.164852543617844
58.940000000003614,-0.03378074001795809,0.03188670069168914,3.6249789855323447,0.8470071191227715,38.032869413085564,6.167079488143927
58.96000000000362,-0.03291477713978768,0.05312220438389824,3.6244544599980957,0.8459255497311653,38.05555013580645,6.168918068495192
58.98000000000362,-0.031725581621481355,0.06393484314322241,3.6239297017759737,0.8447084302903599,38.073596557780384,6.170380584516678
59.0000000000003,-0.030434322356192315,0.06324693257207417,3.6234143455844627,0.8433682502759465,38.087393885861516,6.171498512181747
59.02000000000363,-0.02927186239928112,0.051175327730978395,3.622915295567087,0.8419241590875931,38.09752708344362,6.172319424936109
59.04000000000363,-0.02845475133562933,0.029023190594612423,3.6224357918752776,0.8404006938161255,38.1047359557598,6.1729033651726475
59.06000000000363,-0.028162567760988792,-0.0008459984978209788,3.621975076336337,0.8388263733913863,38.10986639827291,6.173318912730243
59.080000000003636,-0.02851888779966056,-0.035242655125944385,3.621528659277924,0.8372321705805454,38.11382020338948,6.173639137768702
59.10000000000364,-0.02957786654073032,-0.07047408537077648,3.6210890763510606,0.835649875451073,38.11750527608555,6.173937582781798
59.12000000000364,-0.03131793006737626,-0.10272686308543849,3.620646965771715,0.8341103871497704,38.121787533778175,6.174284374223314
59.140000000003646,-0.03364339745446019,-0.1284705105356264,3.620192300182596,0.8326419909873328,38.12744496335361,6.1747425017852855
59.16000000000365,-0.03639402803959696,-0.144838854592292,3.61971564127614,0.8312686807932915,38.13512345922008,6.1753642369677335
59.18000000000365,-0.03936160202274004,-0.1499449318366431,3.6192093063218618,0.8300085794183487,38.145293805470956,6.176187643317758
59.2000000000003,-0.04231180697465147,-0.14309110464784505,3.6186683264266244,0.8288725152542014,38.15821021460623,6.177233216789393
59.22000000000366,-0.04500904593996809,-0.12484797825835868,3.618091059048715,0.8278628473378212,38.173873375349395,6.178500900327635
59.24000000000366,-0.04724141449161804,-0.09699225345293686,3.6174793332851376,0.8269726906001803,38.19200419879272,6.179967977165636
59.260000000003664,-0.04884307896112546,-0.06231186860038331,3.616838078234155,0.8261857445943094,38.212036779836076,6.181588532071354
59.28000000000367,-0.04971162697475296,-0.024303438140362427,3.6161744934621307,0.8254769319464657,38.23313886210421,6.183295145964181
59.30000000000367,-0.04981859193173351,0.013200912960904452,3.615496917917078,0.8248139794954393,38.25426456399269,6.185003198381767
59.320000000003674,-0.049212165431243314,0.04643425596516221,3.6148135977610556,0.8241599299901824,38.27423796370944,6.186617651326889
59.34000000000368,-0.04801197976775095,0.07208033123244997,3.6141315388164696,0.8234763907884307,38.29185920537604,6.1880416292536395
59.36000000000368,-0.04639665274371441,0.08760619087738168,3.613455584673678,0.822727159053557,38.30601927689875,6.189185671548298
59.38000000000368,-0.04458546121897148,0.09151252168528357,3.612787821345317,0.8218817566245404,38.315807160971396,6.189976345752171
59.400000000000304,-0.042816008903941355,0.0834812606520575,3.6121273829193763,0.8209183902990995,38.32059423821939,6.190363013444316
59.42000000000369,-0.04132007118659385,0.06440909983800924,3.6114706998653268,0.8198259315298732,38.32008514406061,6.190321893412379
59.44000000000369,-0.04029994145234625,0.03632407376793562,3.6108121683793466,0.8186046703624739,38.31433056751861,6.189857071655097
59.460000000003696,-0.03990757380860319,0.002191040125893109,3.6101451285012103,0.8172658103021281,38.30370422436787,6.188998644721767
59.4800000000037,-0.040228610724086046,-0.03437901072548644,3.609462958496067,0.8158298860082954,38.28885188049794,6.187798629601478
59.5000000000037,-0.04127298989407269,-0.06949130234978444,3.608760070115482,0.8143244486286572,38.270623501813745,6.186325525044228
59.520000000003705,-0.04297324033629039,-0.0993675359479238,3.608032641847999,0.812781428332503,38.249999612362394,6.184658407087848
59.54000000000371,-0.04519082642007279,-0.12074319345654681,3.6072790260556435,0.811234535422944,38.228019997010854,6.182881205151111
59.56000000000371,-0.047730041403140654,-0.13121787685971234,3.606499853892501,0.8097169288560212,38.20571836952353,6.181077444064549
59.580000000003714,-0.0503580877515931,-0.12951730714212065,3.605697896085956,0.8082592272171194,38.18406264594552,6.179325419974701
59.60000000000031,-0.052829233324148954,-0.11563457881306177,3.604877720086745,0.8068878307836822,38.163898907146866,6.177693655980916
59.62000000000372,-0.05491042177371728,-0.09083276457920918,3.6040451564307006,0.8056235034697223,38.145898663178116,6.176236610038359
59.640000000003724,-0.05640553172947515,-0.05750869295962622,3.603206593495421,0.8044802204245771,38.13051261584752,6.17499090006192
59.66000000000373,-0.05717565610552562,-0.018935459790170046,3.602368168880644,0.8034643700376308,38.117937508919084,6.173972587315163
59.68000000000373,-0.05715327688956373,0.021084251290727003,3.601534983759439,0.8025744473479901,38.10810361107811,6.173176136404834
59.70000000000373,-0.05634895192017737,0.05861305954145724,3.6007104865913253,0.8018013532120627,38.10068790202551,6.1725754675034565
59.720000000003736,-0.05484998501475109,0.0899785419686358,3.5998961337982545,0.8011293261487934,38.095152933726,6.172127099608853
59.74000000000374,-0.05281139537201937,0.11213746000925394,3.5990913597204317,0.8005374213268763,38.09080574118012,6.171774926322258
59.76000000000374,-0.050440239311693,0.12297150932291612,3.598293822119304,0.8000013610586468,38.08686735035681,6.171455853391225
59.780000000003746,-0.04797491077613549,0.12149043259688283,3.597499863232588,0.799495542550959,38.082542655430856,6.17110546461741
59.80000000000031,-0.04566143944139825,0.10792733439787942,3.596705131721205,0.7989950019721013,38.07708253290945,6.170663054559814
59.82000000000375,-0.04372902378506397,0.08371941077257926,3.5959053125389455,0.7984771785135096,38.06983372150792,6.170075665784652
59.840000000003755,-0.04236709243595381,0.0513752388129187,3.5950968837925514,0.7979233731203588,38.06027559174128,6.169301061849817
59.86000000000376,-0.041706083886282865,0.014237908749546873,3.594277773537569,0.7973198380572227,38.04804524323618,6.168309755778822
59.88000000000376,-0.041803862399490556,-0.023837948158101665,3.5934477684051624,0.796658462044509,38.03295296162679,6.16708626189279
59.900000000003764,-0.0426392344272536,-0.058867936838718195,3.5926085681524973,0.7959370356342657,38.014989234083004,6.16562967052701
59.92000000000377,-0.044113396260706136,-0.0871426641172648,3.5917634821178925,0.7951590987732441,37.99432303227587,6.163953522884146
59.94000000000377,-0.04605936138840218,-0.1056136870564015,3.590916875196855,0.7943333919385002,37.971289867555264,6.1620848637093
59.960000000003774,-0.04825855648082159,-0.11221740949173323,3.590073529955287,0.7934729574571966,37.946368031432236,6.160062339898212
59.98000000000378,-0.050462945321295194,-0.10609825616302693,3.5892380692032506,0.792593970208795,37.92014286356568,6.157933327307602
60.00000000000031,-0.05242036493508275,-0.08770326469745875,3.5884145060376293,0.7917144130389158,37.89326157036879,6.155750284926183
60.02000000000378,-0.05390035188636126,-0.05873597576538666,3.5876059159092017,0.7908527397276655,37.86638404406019,6.153566774161161
60.040000000003786,-0.05471767346418094,-0.02197551026613268,3.586814204433231,0.7900266692600517,37.840136870819535,6.1514337248172914
60.06000000000379,-0.05475107062800211,0.01901628357372977,3.5860399746143137,0.7892522155931133,37.81507707475034,6.149396480529641
60.08000000000379,-0.05395531433381093,0.06026392647314063,3.5852825347764035,0.7885429803869615,37.79166891673539,6.14749289684302
60.100000000003796,-0.05236546909743268,0.09778120569027851,3.584540087518592,0.7879096489729847,37.770272400582286,6.145752386858934
60.1200000000038,-0.05009311940831547,0.1279651488585204,3.583810090994451,0.7873595746574276,37.75113818536433,6.1441954872354385
60.1400000000038,-0.04731512697981633,0.14794328683365204,3.583089721121438,0.7868963501579653,37.73440249755587,6.142833425835009
60.160000000003805,-0.044256164598683194,0.15584454084605778,3.5823763346381425,0.7865193546949175,37.72007829830143,6.141667387469092
60.18000000000381,-0.04116677483849997,0.1509731743617992,3.5816678576236876,0.7862233964945167,37.70804439307795,6.140687615656568
60.200000000000315,-0.03829902483072633,0.13387392317601676,3.5809630767074534,0.7859986774356152,37.698039741991494,6.139872941844277
60.220000000003814,-0.03588198734528402,0.10628415546090798,3.5802618431661566,0.7858313227138718,37.689672888789204,6.139191550097554
60.24000000000382,-0.034099288209700505,0.07097621231953109,3.5795651863824762,0.7857046121367532,37.682454265413135,6.138603608754448
60.26000000000382,-0.03307082251608827,0.03150064769514885,3.5788752916658484,0.7856008459197402,37.675852449634455,6.138065855758999
60.280000000003824,-0.03284044509472068,-0.00815051207528239,3.578195278607154,0.7855035520059679,37.66936675812176,6.137537515821941
60.30000000000383,-0.03337096969208755,-0.043932507000766084,3.5775287579785204,0.7853995873652129,37.66260142708479,6.136986347311259
60.32000000000383,-0.03454716736899268,-0.07215243314759942,3.576879237023738,0.7852806707746017,37.655324088011916,6.136393410466112
60.34000000000383,-0.036186670939039114,-0.089848086380257,3.576249527884264,0.7851440205866843,37.647494421512484,6.135755407569021
60.360000000003836,-0.03805784289558507,-0.09509864017828076,3.5756413303511603,0.7849920077075302,37.639256622023794,6.13508407619845
60.38000000000384,-0.03990285794943566,-0.08723000880323027,3.575055090184473,0.7848309838631479,37.63089882774899,6.134402890889136
60.40000000000032,-0.04146361243087549,-0.06688910805173268,3.574490119404772,0.7846696230747202,37.62279074544296,6.133741985561747
60.420000000003846,-0.042507712268045374,-0.03597732436254701,3.5739448762161796,0.7845171721498544,37.615314935648435,6.133132554873442
60.44000000000385,-0.04285177675457792,0.0025485131496443586,3.573417287553633,0.7843819469782641,37.608806788551114,6.132601959083201
60.46000000000385,-0.04237963216612611,0.0449827961854723,3.5729050481054667,0.784270278864577,37.60351387577103,6.132170404984766
60.480000000003855,-0.04105359673771521,0.0872484930766048,3.5724058924001696,0.7841859670575155,37.599578933325574,6.131849552404688
60.50000000000386,-0.038917866650284044,0.1253024307464748,3.571917858218021,0.784130177196421,37.597044335020904,6.131642874060826
60.52000000000386,-0.03609387162078492,0.15552638240714275,3.5714395303481914,0.7841016631950326,37.5958713000542,6.131547219100103
60.540000000003864,-0.03276826113183697,0.17506750187161696,3.5709702112455184,0.7840971806615475,37.595965218480686,6.131554877719084
60.56000000000387,-0.029174828700438693,0.18210021062436577,3.57050995899599,0.7841119869636616,37.59719945426201,6.1316555231244045
60.58000000000387,-0.025572147206796302,0.17599082016007614,3.5700594795969347,0.7841403652829378,37.599433064063746,6.131837657999741
60.60000000000032,-0.022218976755482713,0.1573545743196595,3.5696199273644766,0.7841761480619823,37.60252174401439,6.132089508806471
60.62000000000388,-0.019349638727038133,0.12800202932462568,3.569192699819609,0.7842132353325253,37.60632450858208,6.132399571830107
60.64000000000388,-0.017151544807891595,0.09077832344275985,3.5687792825841242,0.7842461005317983,37.610709981836216,6.132757127250044
60.66000000000388,-0.015746930797950295,0.04930579304070469,3.568381129373365,0.7842702569778331,37.61556541075299,6.133152974674037
60.680000000003886,-0.015180559021197344,0.007648249808308508,3.5679995119627,0.7842826388786273,37.620809221844354,6.133580456947178
60.70000000000389,-0.01541470228368554,-0.03007626344147656,3.5676352922844314,0.7842818509345875,37.626405424042645,6.134036633738231
60.72000000000389,-0.016332102510732718,-0.060099297745585444,3.5672886472251597,0.7842682698159592,37.632376690384696,6.134523346632947
60.740000000003896,-0.01774683598031209,-0.07938179210244961,3.566958857312203,0.7842440289859789,37.638813110675066,6.135047930593132
60.7600000000039,-0.01942218295663495,-0.08592792386025719,3.566644286109528,0.7842129570012348,37.6458749909188,6.135623439465528
60.7800000000039,-0.021093797234889612,-0.07899576799331132,3.5663426054792318,0.7841805366071698,37.65378959315931,6.1362683768850355
60.800000000000324,-0.022495824588246775,-0.059178306769918365,3.5660512051398694,0.7841538939503554,37.6628423180945,6.137005973444583
60.82000000000391,-0.023387240512014306,-0.02834403315469996,3.565767639715432,0.7841417332522529,37.67336223438162,6.137863002249367
60.84000000000391,-0.023575640503243886,0.010555733313442362,3.5654899666240327,0.7841540505659244,37.68570071454651,6.138868032019137
60.860000000003915,-0.02293603061065331,0.0537889460655433,3.565216905755301,0.7842014449201431,37.700201454273255,6.140048978165668
60.88000000000392,-0.02142277722174542,0.09721803098446884,3.5649478460513078,0.7842939259603844,37.71716129713779,6.141429906555785
60.90000000000392,-0.019073674865425345,0.1367056337274446,3.564682770016855,0.7844392795110688,37.73678413682788,6.143027277884079
60.920000000003924,-0.016005948493573882,0.1685087262600274,3.564422145640792,0.784641240140053,37.75913378153764,6.144846115366734
60.94000000000393,-0.012404801733006007,0.18962447607148508,3.5641667833427535,0.7848978593922876,37.78409453657651,6.146876811566709
60.96000000000393,-0.008505770824302877,0.19805993493455057,3.5639176315252383,0.7852004916694915,37.811349058485305,6.149093352559002
60.98000000000393,-0.0045726090752087065,0.19300693998379453,3.563675516009743,0.785533727459073,37.840381180336884,6.151453582718225
61.00000000000033,-0.0008727125717171571,0.17491201005830978,3.5634408892866185,0.7858764101548348,37.87050724534842,6.153901790356133
61.02000000000394,0.0023477697977313176,0.14543798882808848,3.5632136864357293,0.7862036334389075,37.90093404009922,6.156373448719564
61.04000000000394,0.004886994907851673,0.10732021788089968,3.562993346456605,0.7864893967320372,37.93083600087562,6.158801506857939
61.060000000003946,0.0066066212626784415,0.06412612354921297,3.5627789675761647,0.7867094536556138,37.9594402436411,6.161123293981471
61.08000000000395,0.007445357021561797,0.019934150210867786,3.5625694871256974,0.7868438588728639,37.98610615249208,6.163286960096218
61.10000000000395,0.00742547306849109,-0.021043973413584414,3.5623637726654938,0.7868788101473586,38.010387342579634,6.165256470138094
61.120000000003955,0.00665145634755656,-0.054865482363209934,3.562160589765856,0.7868075714325256,38.032067732993916,6.1670144910640445
61.14000000000396,0.0053006917429885645,-0.078244660588003,3.561958517795909,0.78663049585616,38.051169332536965,6.168562987644445
61.16000000000396,0.0036068694148706543,-0.08888534633879824,3.561755938738366,0.7863543724268889,38.067935484560685,6.169921837799948
61.180000000003965,0.0018376251309930045,-0.08571925637272848,3.561551182460625,0.7859914287989697,38.082797744679006,6.1711261326178555
61.20000000000033,0.0002686134446779134,-0.06902051032992763,3.5613428026048495,0.7855582978787199,38.09633575875677,6.172222918751134
61.22000000000397,-0.0008433311568463834,-0.04038118276964235,3.5611298587832843,0.7850751137812951,38.10923718770862,6.173267950422096
61.240000000003974,-0.0012851587492925217,-0.002550217649160159,3.56091206371355,0.7845647089355035,38.12226012316797,6.174322644887289
61.26000000000398,-0.0009081312968684618,0.04084461747070115,3.5606897285216026,0.7840517299237865,38.136195828969264,6.175451062794463
61.28000000000398,0.00035810921681438275,0.08565814214976974,3.5604635495638433,0.7835614492879893,38.15182728782064,6.17671654585352
61.30000000000398,0.0024991914670233484,0.12763099009611437,3.5602343479026963,0.7831181458847708,38.169880074008745,6.178177730853067
61.320000000003986,0.005417788738415736,0.1627918044083869,3.5600028580267846,0.7827431156906581,38.19096598475031,6.179883978259649
61.34000000000399,0.008943101506461023,0.18782014545572434,3.559769591274794,0.7824525728436137,38.21552475110112,6.181870651437243
61.36000000000399,0.012846947716281394,0.20034015463153904,3.5595347383228573,0.7822558190787652,38.24377272581256,6.184154972654919
61.380000000003996,0.01686485628336504,0.19912459081318654,3.5592980750810495,0.7821540482656916,38.275668131049976,6.186733235807891
61.40000000000033,0.02072024183948727,0.18419763749211662,3.559058890913097,0.7821400189499788,38.31090002726577,6.189579955640428
61.420000000004,0.024149581088701744,0.1568320139310389,3.5588160096742874,0.7821986283419233,38.34890370171036,6.192649166690324
61.440000000004005,0.026926480321829947,0.11944161905519557,3.5585679636647334,0.7823082322311758,38.38890034699914,6.195877689803046
61.46000000000401,0.028882600548664872,0.07537619402730242,3.5583133001055174,0.7824424383214176,38.42995517489899,6.199189880532697
61.48000000000401,0.029923594181401184,0.02863044725026912,3.5580509036140624,0.7825720801605504,38.47104622112493,6.2025032221777145
61.500000000004015,0.03003852600553884,-0.016512707755004283,3.5577801832096454,0.782667140472611,38.51113600118549,6.205734122663127
61.52000000000402,0.02930172397165565,-0.055877120930302816,3.5575010364812525,0.7826984958483446,38.549239353900056,6.208803375361476
61.54000000000402,0.02786663634426645,-0.08579143019175098,3.5572136316353844,0.7826394535326466,38.584482631637044,6.211640896867514
61.560000000004024,0.02595202918861336,-0.10345015615843697,3.556918154118569,0.7824671111908696,38.616151350598216,6.2141895167912455
61.58000000000403,0.023821668523933824,-0.10719774981695986,3.5566146739258637,0.7821635782224563,38.64372514365322,6.216407736277699
61.600000000000335,0.021759385522572942,-0.09670135465409217,3.556303195825043,0.7817170596404307,38.66690013118181,6.2182714745483585
61.62000000000403,0.020041998372749503,-0.07298991177667744,3.55598382466661,0.7811227439421734,38.68559953767621,6.2197748783759215
61.64000000000404,0.018912854182289177,-0.03835352363031413,3.555656903478968,0.7803833855402098,38.699973597048874,6.2209302838923435
61.66000000000404,0.018558697544147688,0.003885182026899044,3.555323012057901,0.7795094581666197,38.71038974399626,6.221767413203121
61.68000000000404,0.01909217248982877,0.0497000395641051,3.554982819690609,0.7785187926431257,38.717414081216376,6.222331884528209
61.700000000004046,0.020541591082612578,0.09475199529434641,3.554636885601807,0.7774356934430944,38.721785307264916,6.222683127660038
61.72000000000405,0.022848772569724573,0.1347983259147358,3.554285523010093,0.7762896244777301,38.72438255200992,6.222891815869043
61.74000000000405,0.025874906448470635,0.1660794559375589,3.5539287793973893,0.7751136240943434,38.726188494853474,6.223036918969184
61.760000000004055,0.029413638013775043,0.18564950443260805,3.553566495099537,0.7739426171367708,38.728248344048716,6.223202418694792
61.78000000000406,0.033209990791561166,0.19162619116722068,3.5531983601090387,0.772811728819163,38.73162375230158,6.223473608227288
61.80000000000034,0.03698335005131078,0.183345289420747,3.5528239263108405,0.7717545983621862,38.73733921721743,6.223932777369742
61.820000000004065,0.0404525176685477,0.16141271241254038,3.5524426116126944,0.7708015966606447,38.746318171419745,6.224654060381167
61.84000000000407,0.04336077324302253,0.1276533130816238,3.5520537785801842,0.7699778335321039,38.75930795082703,6.225697386705126
61.86000000000407,0.0454989063196202,0.08496019559249585,3.551656933546354,0.7693009309358692,38.7767974364151,6.227101848887258
61.880000000004074,0.04672430656889351,0.03705307205182277,3.5512519920546075,0.7687787227385513,38.798937303568685,6.228879297559769
61.90000000000408,0.04697442563849255,-0.011839976467189588,3.5508394700204673,0.7684072509421507,38.825478133667204,6.231009399260059
61.92000000000408,0.046273281516724385,-0.05735575374130813,3.5504204631805183,0.7681695680476959,38.855743428674586,6.233437529058472
61.94000000000408,0.044730186875875676,-0.09539475100672491,3.5499963835435624,0.7680358454296354,38.888651051794746,6.236076575202933
61.96000000000409,0.04253054394168864,-0.12250920939462945,3.5495685656820437,0.7679651012067329,38.92278802385252,6.238813030044459
61.98000000000409,0.039919317792486794,-0.1362405067587024,3.549137938877183,0.7679085397240415,38.956532316619736,6.241516828193267
62.00000000000034,0.037178593210471615,-0.13536746055220258,3.548704922791907,0.7678141340171075,38.988204912687344,6.244053564207096
62.020000000004096,0.0346013220551819,-0.12003480884191386,3.5482695681661167,0.7676317942286268,39.01622923922575,6.246297242304896
62.0400000000041,0.03246385777732733,-0.09174446886388157,3.5478318221861196,0.7673183338877219,39.03927474755119,6.248141703542838
62.0600000000041,0.031000054919644197,-0.0532092151722072,3.5473917449849353,0.7668415020554822,39.056366369368305,6.249509290285783
62.080000000004105,0.030379541255582836,-0.008085970837015045,3.5469495680172787,0.7661825634445264,39.066949682465626,6.250355964460394
62.10000000000411,0.03069227175332026,0.03937940322327376,3.5465056115437608,0.7653372108270239,39.070910206037254,6.250672780272317
62.12000000000411,0.031940734797935764,0.08475490232884435,3.5460601716025537,0.7643149018371167,39.06855218450318,6.250484156007691
62.140000000004115,0.03404032894773142,0.12382962573996507,3.5456134830340305,0.7631369553290847,39.06054641765055,6.249843711457955
62.16000000000412,0.03682759802351948,0.15298646987018483,3.5451657785432285,0.7618338769172593,39.04785805382077,6.248828534519151
62.18000000000412,0.040075311144716276,0.16950965242052995,3.5447173716083604,0.760442395917134,39.03166431867322,6.24753265847192
62.200000000000344,0.043512861852447376,0.17180649533450068,3.5442686705877042,0.7590026022145989,39.01326973287385,6.246060336954315
62.22000000000413,0.04685014469374658,0.15953218338076738,3.5438200985206483,0.7575554113783413,38.99402341281271,6.244519470128403
62.24000000000413,0.049802918275934464,0.13361345548636983,3.5433719899639606,0.7561404150460195,38.97524050478453,6.243015337541991
62.26000000000413,0.05211763671846726,0.09617227280247576,3.542924577604027,0.754794047888889,38.9581285005163,6.241644695151775
62.28000000000414,0.05359379278794061,0.050354475042103566,3.542478124210207,0.7535479612668154,38.943719531669345,6.240490327824356
62.30000000000414,0.054101956548152266,7.2617826034124e-05,3.542033136162875,0.7524275416461472,38.932811441193145,6.239616289580085
62.32000000000414,0.05359592974058058,-0.050322291414780236,3.5415905048205323,0.7514506151848656,38.92592242284667,6.239064226536434
62.340000000004146,0.05211779890118158,-0.09641838055577344,3.541151438560616,0.7506264796899972,38.92326487873877,6.238851246723131
62.36000000000415,0.049795183100610194,-0.13414032764517347,3.5407171726134243,0.7499554448614587,38.92474280112779,6.238969690672314
62.38000000000415,0.046830631984348586,-0.16013049369792712,3.5402885949092404,0.7494290150604346,38.92997341963319,6.239388865877266
62.40000000000035,0.04348389173033483,-0.17207441931768894,3.5398659972987434,0.7490307330749589,38.938329283285704,6.240058435887096
62.42000000000416,0.04004853385974916,-0.16893330248423016,3.5394490978879425,0.7487375700032531,38.94899329207282,6.24091285727279
62.44000000000416,0.036825118179199166,-0.15105423341073584,3.5390373207530934,0.7485216539066176,38.961018085929034,6.2418761671414975
62.460000000004165,0.03409351660429192,-0.12014264917116539,3.5386301703912597,0.7483521137715455,38.97338307487853,6.242866575130252
62.48000000000417,0.03208716692760975,-0.07909865919378331,3.5382274983246225,0.7481968718631924,38.98504622750743,6.243800623619194
62.50000000000417,0.03097181609011698,-0.03173626955714755,3.5378295489492233,0.7480243093088202,38.9949915853239,6.24459699142578
62.520000000004174,0.030830781836798465,0.01758123144936567,3.5374368212352376,0.7478048080004375,39.00227549869432,6.245180181443472
62.54000000000418,0.03165800159239352,0.0643481160366655,3.537049885084066,0.7475122020799778,39.00607395876179,6.2454842853666515
62.56000000000418,0.03335927960690343,0.10432227162716017,3.5366692803711057,0.7471251485823649,39.00573063302683,6.2454567993884025
62.58000000000418,0.03576132278376926,0.1338923197031065,3.5362955246939545,0.7466283700446118,39.000801765530625,6.245062190685584
62.60000000000035,0.03862747778979426,0.15037662611117852,3.5359291512171938,0.7460136647825137,38.991091626781056,6.24428471698569
62.62000000000419,0.04167860208027172,0.152235381652834,3.535570675928035,0.7452805510663598,38.97667179822859,6.243129968071191
62.64000000000419,0.04461722124786333,0.13918622154125465,3.535220469694036,0.7444364228628704,38.95787945568866,6.241624744863205
62.660000000004196,0.04715300816844847,0.11222079743333006,3.534878619221735,0.7434961449425289,38.93529336341111,6.239815170612918
62.6800000000042,0.04902761675776133,0.07352428990665005,3.534544907559514,0.7424810911688194,38.90969042398051,6.237763254883958
62.7000000000042,0.05003697668223502,0.02630313164716494,3.5342189806548516,0.741417713270425,38.881989169323504,6.23554241179735
62.720000000004205,0.05004929427127441,-0.02547027789055249,3.5339006307396987,0.7403357974899595,38.85318852076413,6.233232589978023
62.74000000000421,0.04901722658664773,-0.07738218802989387,3.533590020773132,0.7392666025536488,38.82430985116766,6.230915651103589
62.76000000000421,0.04698303298471513,-0.12495111340529205,3.5332876844079038,0.7382410595116159,38.79634776067471,6.228671428216029
62.780000000004215,0.044075990886422896,-0.16402252000693723,3.5329942689639764,0.7372881512764636,38.77023067086572,6.226574553545932
62.80000000000035,0.040501992331303104,-0.19114982214141443,3.5327101594025927,0.7364334968975591,38.74678776012365,6.224691780331268
62.82000000000422,0.03652597803062169,-0.20392313293727765,3.532435210944371,0.7356980814260855,38.726715792062805,6.223079285374951
62.840000000004224,0.03244863422062249,-0.2012084298331013,3.532168760175143,0.7350970407354711,38.71053971444241,6.221779465268953
62.86000000000423,0.02857946166750007,-0.18326710205761368,3.5319099139714263,0.7346384597563594,38.69856514785165,6.2208170804044425
62.88000000000423,0.025208804592499533,-0.15173891071257614,3.5316579457975648,0.7343222649100996,38.69082798048573,6.22019517221813
62.90000000000423,0.022581602312385145,-0.10948822850584095,3.531412572622669,0.7341394394791249,38.68705355966583,6.219891764304732
62.92000000000424,0.020875452029624507,-0.06033095084924696,3.531173975941176,0.7340718918942345,38.686642046434685,6.219858683799391
62.94000000000424,0.020185068572848394,-0.00867420116697268,3.530942598837778,0.7340932953568987,38.68869476790882,6.220023695124386
62.96000000000424,0.02051448262909643,0.040889964153103954,3.5307188790059056,0.7341710660689976,38.69208837212503,6.220296485869868
62.980000000004246,0.021777462264717842,0.08399356637051723,3.530503081901193,0.7342693873231986,38.69559139084182,6.2205780592194015
63.000000000000355,0.023805811640025546,0.11686559446547419,3.5302952890713812,0.7343528989280399,38.698005502378365,6.220772098572521
63.02000000000425,0.026364508441743855,0.13663887919663834,3.530095466204199,0.7343904566330356,38.698305719718164,6.220796228757068
63.040000000004255,0.029172149516919973,0.14157170125975155,3.5299034858148595,0.7343583037656956,38.69575279760874,6.220591032820654
63.06000000000426,0.031924889523830165,0.1311745893894467,3.5297190456274503,0.7342421128361932,38.6899576734476,6.220125213647037
63.08000000000426,0.034321943889101814,0.10624001534991291,3.5295415475161764,0.7340376110136912,38.68088949212536,6.219396232121359
63.100000000004265,0.036090730467743866,0.06877721091994879,3.5293700776775396,0.7337498168101049,38.668831921722315,6.218426804403371
63.12000000000427,0.037009798745105196,0.021857138078057843,3.529203585566817,0.7333911910880198,38.654303146048086,6.217258491171819
63.14000000000427,0.03692782118081528,-0.03062471549597971,3.5290412181655832,0.7329791722981336,38.637960403972436,6.215944047686758
63.160000000004274,0.035777110959314885,-0.08425613452352242,3.5288826289244795,0.7325335969421387,38.62050940100864,6.21454016006081
63.18000000000428,0.03358041712054321,-0.13446915533679651,3.5287280557051974,0.7320744199828206,38.60263338260738,6.213101752153056
63.20000000000036,0.030450168080709796,-0.17692948807418155,3.528578082496948,0.7316199934321116,38.58494843956212,6.211678391510794
63.22000000000428,0.026579903759593515,-0.20792236908549194,3.528433194067961,0.7311859885048669,38.56798341165723,6.210312666175289
63.24000000000429,0.022228333357714812,-0.22469774036902654,3.528293371111722,0.7307849008352927,38.55217682464028,6.2090399277698545
63.26000000000429,0.017697213663418983,-0.22573695494674983,3.528157958259537,0.7304259846757338,38.537880918849595,6.207888603933675
63.28000000000429,0.01330495754025311,-0.21090837572828877,3.528025873576175,0.7301154290932215,38.525364135706255,6.206880386772912
63.300000000004296,0.009358432240907738,-0.1814904322720912,3.527896022288463,0.7298566121091554,38.51480751788943,6.206029932081333
63.3200000000043,0.006125683555636785,-0.14005651277396583,3.527767664594176,0.7296503323004154,38.506295728505194,6.205344126517496
63.3400000000043,0.0038122578709053863,-0.09023372027258703,3.5276405378627826,0.729494997686365,38.49980789863605,6.204821343007069
63.360000000004305,0.002543388121614266,-0.03636351683303812,3.5275147055596388,0.7293868200232543,38.4952156176705,6.204451274502081
63.38000000000431,0.002353627311918954,0.01689656443534912,3.5273902764756397,0.7293200936871843,38.49229423576596,6.204215843744152
63.40000000000036,0.0031846743181829324,0.06498662379686851,3.527267193211269,0.7292876213315804,38.49074959730349,6.204091359522641
63.420000000004315,0.00489128179940534,0.10383263332015624,3.527145200987674,0.7292812941842893,38.49025691230728,6.204051652936755
63.44000000000432,0.007254391908246725,0.13017636127699728,3.52702395299808,0.7292927725161157,38.49050392650975,6.2040715603956205
63.46000000000432,0.010000093731133555,0.14182485107943005,3.5269031073784296,0.729314175231404,38.491228860827874,6.204129984198258
63.480000000004324,0.012822661412596501,0.13780785921066976,3.5267822984111055,0.7293386961066132,38.49224557601495,6.20421192223597
63.50000000000433,0.015409787453426634,0.11843990158153525,3.526660994837948,0.7293611105010804,38.49345325387629,6.204309248729974
63.52000000000433,0.01746811580961736,0.08528878793023774,3.526538384617487,0.7293781887196936,38.4948334053699,6.204420472966826
63.54000000000433,0.018747247681099283,0.04105528259979705,3.5264134417138298,0.7293890526263392,38.4964406959424,6.204549999471549
63.56000000000434,0.019060504104681793,-0.010629627818456555,3.526285212132798,0.7293954799447596,38.49839425635068,6.20470742713552
63.58000000000434,0.018300882136813353,-0.06548083423906817,3.5261531832056745,0.7294020879386078,38.50087284348039,6.204907158328832
63.600000000000364,0.016450862926508797,-0.11889508455005769,3.526017500900429,0.7294162562960425,38.504112137765,6.205168179651943
63.620000000004346,0.013585061297161105,-0.1663269100986065,3.525878858799282,0.7294476279027188,38.50839818209384,6.2055135308928175
63.64000000000435,0.009865180063612925,-0.20367704356110194,3.5257380739129256,0.7295070863968797,38.51404968977516,6.205968875991497
63.66000000000435,0.005527350253027188,-0.2276593220085792,3.525595566137766,0.7296052437297507,38.521384513542074,6.2065597969843225
63.680000000004355,0.0008626601200537262,-0.2361086347564993,3.5254510328890314,0.7297506350678736,38.53067111427413,6.207307879771562
63.70000000000436,-0.003807583386146303,-0.22819425042755814,3.525303502451743,0.7299479503851349,38.542072286083275,6.2082261787150825
63.72000000000436,-0.008159672174874892,-0.20451073410259804,3.525151725291512,0.7301966800797701,38.55559324620048,6.209315038408059
63.740000000004365,-0.011895775731729584,-0.16703211285861458,3.5249946670264554,0.7304904951802679,38.57104766285819,6.210559367952149
63.76000000000437,-0.014769943141329404,-0.11893196728749221,3.524831825237864,0.7308175371348767,38.58805264420072,6.211928254914147
63.78000000000437,-0.01660931917485885,-0.06428940071406808,3.5246632253104786,0.7311616003800359,38.60605778398695,6.213377325093572
63.80000000000037,-0.017328613711391338,-0.007714976111276315,3.5244891617099143,0.7315040043078079,38.62440563519459,6.214853629426408
63.82000000000438,-0.01693663845186406,0.04606115436513794,3.524309896094366,0.7318258145269091,38.642413485426694,6.216302235688568
63.84000000000438,-0.015534590990938789,0.09259573545047556,3.5241255107019054,0.732110015718045,38.65946101792641,6.217673280088494
63.86000000000438,-0.01330658357468064,0.12809593117528192,3.523935967310201,0.7323432715266174,38.67506687003331,6.218928112627876
63.88000000000439,-0.010503570969781467,0.1497122262994256,3.523741255773418,0.7325170243053165,38.68893991381176,6.2200434012803925
63.90000000000439,-0.0074222719603041455,0.155744335326344,3.523541456292476,0.7326278636068838,38.700997806515254,6.22101260298637
63.92000000000439,-0.004380903108361656,0.14575367276731016,3.523336627742162,0.7326772830181876,38.7113542737155,6.221844925238454
63.940000000004396,-0.0016935976819300667,0.12058284244082863,3.523126599591174,0.7326710941157576,38.72028502298814,6.222562576863984
63.9600000000044,0.0003546685929547639,0.0822863361335622,3.522910856409504,0.7326188213778133,38.72818726388512,6.223197511238505
63.9800000000044,0.0015309252336140017,0.03397822781172904,3.5226886680200376,0.7325333348788008,38.73554750788402,6.223788838632302
64.00000000000037,0.0016732353812241195,-0.020396134284895957,3.5224594498415294,0.7324308027990761,38.7429264245376,6.224381609809733
64.0200000000044,0.0007044739833663241,-0.07635493648123094,3.5222231535984414,0.7323308225354432,38.75095998231732,6.225026906152078
64.0400000000044,-0.0013603418665122963,-0.12922699349064015,3.5219804256236156,0.7322564044745239,38.76036647140557,6.225782398334009
64.0600000000044,-0.004414019042440481,-0.1745301821791931,3.5217323871220945,0.7322334177605114,38.77194317025363,6.2267120673958924
64.08000000000439,-0.008264805791942898,-0.2083528164244086,3.5214801217334775,0.732289203434966,38.78653701414148,6.227883831137305
64.10000000000439,-0.012651382111638883,-0.22770348145962271,3.521224150204177,0.7324502964856742,38.80498092107153,6.229364407471402
64.12000000000438,-0.017264223438685153,-0.2307924484269433,3.5209641970778085,0.7327394970621746,38.82799912700894,6.2312116901136445
64.14000000000438,-0.02177162083184457,-0.21721086278073903,3.520699386749548,0.7331727870527551,38.856096926274,6.233465883942415
64.16000000000437,-0.025848046834207883,-0.1879830897931051,3.520428750888483,0.7337567095838603,38.88945831189593,6.236141299866122
64.18000000000437,-0.029202201218812018,-0.14548206782904083,3.5201517500885458,0.7344867729757709,38.92787624303538,6.23922080415779
64.20000000000037,-0.031602038672067505,-0.09321481679026615,3.519868522806151,0.7353472277650663,38.970734141499506,6.2426544147101
64.22000000000436,-0.03289439569365908,-0.035502085071790125,3.5195797610059962,0.7363122677406785,39.017045764225834,6.246362602685329
64.24000000000436,-0.03301745148188689,0.022910995462214503,3.5192863457469774,0.737348416658409,39.06554746641952,6.250243792558776
64.26000000000435,-0.032005071159450595,0.07726996442357625,3.518989002164156,0.7384176604897893,39.11482591241951,6.254184672075131
64.28000000000435,-0.029982948817006777,0.12320936808641968,3.518688176331612,0.7394808110295052,39.16345824525912,6.258071447759216
64.30000000000435,-0.02715725357708266,0.15709906817861563,3.518384149221489,0.7405006358979829,39.210141545369204,6.261800184081987
64.32000000000434,-0.023797083252315162,0.17631408688836514,3.518077226120887,0.7414444240058657,39.25379333570569,6.265284776904054
64.34000000000434,-0.02021240253043941,0.17941504059701766,3.517767800767256,0.7422858223773403,39.29361304445335,6.268461776580707
64.36000000000433,-0.016729301164527657,0.1662357602276214,3.5174562159143834,0.743005933187349,39.32910341841419,6.271292005513233
64.38000000000433,-0.013664408147663473,0.13788084875936052,3.517142530393399,0.7435937687355604,39.360058743753086,6.273759538247628
64.40000000000038,-0.011300210237147397,0.09663872440089179,3.5168264113309426,0.7440462151829403,39.386531753193964,6.275869003826798
64.42000000000432,-0.009862902053322813,0.04581649689429537,3.5165073091741337,0.7443676567283688,39.4087924206335,6.277642266060842
64.44000000000432,-0.009504263346563182,-0.010496349825696725,3.516184875775695,0.7445693747012307,39.427289524925904,6.279115345725535
64.46000000000431,-0.010288901772584564,-0.06772637040013686,3.515859388648143,0.7446687819464158,39.44262091047666,6.280336050760075
64.48000000000431,-0.012187976191635742,-0.12116302017008768,3.5155318933907433,0.7446885058684382,39.45551252695912,6.281362314574691
64.5000000000043,-0.015080178526535513,-0.16633363499447823,3.515203922228015,0.7446553141320884,39.46680158530732,6.282260865747881
64.5200000000043,-0.01876027096646844,-0.19937877098076223,3.5148769052211195,0.7445988940300621,39.477417075026366,6.2831056870807425
64.5400000000043,-0.022954854861891152,-0.2173940535846292,3.514551594847222,0.7445505403810343,39.48835195437007,6.283975807907766
64.5600000000043,-0.027344339227596846,-0.21870231641619364,3.514227835808845,0.7445418503288497,39.50062476890415,6.284952248736991
64.58000000000429,-0.03158937266226039,-0.20302286941781145,3.513904815200897,0.7446035327578319,39.51523252933386,6.2861142631465
64.60000000000038,-0.03535942191904116,-0.17151396841648994,3.5135816451447988,0.744764393187286,39.53309947397591,6.287535246340645
64.62000000000428,-0.038360838408826564,-0.1266789634722128,3.5132579399747494,0.7450504584985987,39.55502670332087,6.289278710895302
64.64000000000428,-0.04036173466986314,-0.07214390243791066,3.512934071687303,0.7454840991589029,39.58164579560778,6.291394582730269
64.66000000000427,-0.041211319530879545,-0.012331124314509069,3.5126110006536067,0.7460829484074498,39.61337682802026,6.293915858034667
64.68000000000427,-0.04085196839662821,0.0479338592842744,3.5122898398700704,0.746858458230472,39.650389635233466,6.296855535521954
64.70000000000427,-0.03932312588547704,0.10383862506982158,3.511971450375012,0.7478140836202789,39.69256793317,6.300203800923427
64.72000000000426,-0.036757010013889445,0.1509808073279559,3.5116563004479464,0.7489433108062439,39.73947904320358,6.303925685095247
64.74000000000426,-0.033366870058534795,0.18571079788968564,3.511344609551817,0.7502279613110193,39.79035588216314,6.3079597242026795
64.76000000000425,-0.029429141299423898,0.20539641769374173,3.5110365942745134,0.751637320675773,39.84410046917478,6.312218347710635
64.78000000000425,-0.025261194812828763,0.20859766477972475,3.5107325805570406,0.7531285955618129,39.89931770660222,6.316590671129657
64.80000000000038,-0.02119651584165956,0.19514938171157117,3.510432876323838,0.7546489890559062,39.95438419381448,6.320948045492423
64.82000000000424,-0.017559119303112155,0.1661558480292883,3.5101375115111315,0.7561393554590276,40.00755039566821,6.3251522033598695
64.84000000000424,-0.014638900461614581,0.1239038315654632,3.509846087961547,0.7575390466736887,40.0570676073462,6.329065302818909
64.86000000000423,-0.012669482801591603,0.07170091233062388,3.5095579325921498,0.7587912915169576,40.10132582975666,6.332560764000347
64.88000000000423,-0.011809991558766593,0.013645761277479896,3.5092725378022616,0.7598483273341047,40.138986131085666,6.335533610603425
64.90000000000423,-0.012132037570856173,-0.045661601403500354,3.5089900456618097,0.7606755537291583,40.16909157163159,6.337909085150369
64.92000000000422,-0.013613001962130944,-0.10145771167875169,3.5087114513026556,0.7612541775959448,40.19114382918504,6.339648557229733
64.94000000000422,-0.016136415746207566,-0.1491836194222641,3.5084383376862287,0.7615821106159578,40.20513751279591,6.340752125165903
64.96000000000421,-0.019499792393168555,-0.18485735498821843,3.5081722333856082,0.761673194362656,40.21155001173445,6.341257762599976
64.98000000000421,-0.02342969100486614,-0.20541875589862058,3.5079139303460507,0.7615550954239158,40.211290797687234,6.34123732387357
65.00000000000038,-0.027603104042495705,-0.20901114143229593,3.507663146821837,0.7612663783923255,40.20561943039192,6.340790126663389
65.0200000000042,-0.031673561168660845,-0.1951660946744782,3.507418732118809,0.7608532956418766,40.196044989488776,6.340035093711136
65.0400000000042,-0.03529973452600001,-0.16486548760983302,3.5071792973512905,0.7603667277218753,40.18422026386101,6.339102480940106
65.0600000000042,-0.038173939917769385,-0.12046831821632308,3.506943914364281,0.7598595011444478,40.17184140296186,6.338126016652072
65.08000000000419,-0.04004784527887477,-0.06550682434047515,3.5067125030066335,0.7593840684889738,40.1605585881256,6.337235879161009
65.10000000000419,-0.04075296112656693,-0.00437347306759228,3.5064857332315347,0.7589903433864309,40.15189744706251,6.33655248909551
65.12000000000418,-0.04021406652005618,0.058065706661860644,3.5062645657567524,0.7587234143508654,40.14718679141989,6.336180773259227
65.14000000000418,-0.03845452207177756,0.11688830635600167,3.506049752086358,0.7586209511077652,40.14748772720723,6.336204520626463
65.16000000000417,-0.03559329975154038,0.16751980372248113,3.5058415925085034,0.7587103408986049,40.15352275753803,6.336680736595306
65.18000000000417,-0.031834372169792624,0.20608803069287052,3.505640038520641,0.7590058701604698,40.16560979704594,6.337634400708669
65.20000000000039,-0.027449736314957812,0.22970198615613302,3.5054449779756527,0.7595064895618319,40.183612258395534,6.3390545240118845
65.22000000000416,-0.022757740014882587,0.23664148008911975,3.505256429116992,0.7601947701783398,40.20691951237063,6.340892643182869
65.24000000000416,-0.01809853802401428,0.22645476778783324,3.5050744664741043,0.7610375294025975,40.234470143037704,6.3430647279558565
65.26000000000415,-0.013808483864644379,0.1999684200768864,3.504898932503056,0.7619883020936524,40.26482361792387,6.345456927434293
65.28000000000415,-0.010195141426726076,0.15921678309001483,3.504729184026305,0.7629914437013524,40.29627635143263,6.347934809954544
65.30000000000415,-0.007514448024044684,0.10729855181029395,3.504564135133798,0.763987296257822,40.32700878064258,6.350355012173932
65.32000000000414,-0.005951418911319351,0.048167109264842495,3.504402667841543,0.7649176307375376,40.35524382230759,6.352577730520705
65.34000000000414,-0.00560565234685974,-0.013638619063531646,3.504244212232691,0.7657305568446957,40.37939543348052,6.3544783761911185
65.36000000000413,-0.00648273913471653,-0.07331357490591764,3.504089135866519,0.7663842560452734,40.398188821492056,6.355956955604094
65.38000000000413,-0.008492448049014023,-0.12614177560326606,3.5039386512332746,0.7668491830777724,40.41073980203108,6.356944218886231
65.40000000000039,-0.01145419982006182,-0.16786572505413958,3.5037942226459053,0.7671087052074353,40.41658809949846,6.357404195070379
65.42000000000412,-0.015109835708089468,-0.1950411150201782,3.503656764319508,0.7671584218285076,40.41568643925487,6.35733328049229
65.44000000000412,-0.01914305209166671,-0.2053428392912002,3.503526070265638,0.7670045735746793,40.408353021843084,6.356756485963819
65.46000000000411,-0.02320417681400471,-0.19778760960972863,3.503400801574811,0.7666619927581441,40.39519880422518,6.355721737476019
65.48000000000411,-0.026938310089203745,-0.1728436271160229,3.503279041423012,0.766151983195035,40.37704267656654,6.354293247605633
65.5000000000041,-0.030014363801963963,-0.13240888132811016,3.503159104686619,0.7655003866239475,40.35482706983047,6.352544928595977
65.5200000000041,-0.032152315628835665,-0.07965533076441483,3.5030401558657496,0.7647359418087185,40.329543964449336,6.350554618649409
65.5400000000041,-0.03314611410187818,-0.0187536833277834,3.5029223243152643,0.7638889137585683,40.302177250368956,6.348399581813432
65.5600000000041,-0.03288012767597113,0.045490836391298126,3.5028063183126776,0.7629898950291247,40.27366284800106,6.346153389889111
65.58000000000409,-0.03133775559826451,0.10805071552755821,3.502692828923158,0.7620686724448094,40.2448640803432,6.3438839901391
65.60000000000039,-0.028601685972787026,0.16409191026659384,3.502582101878252,0.7611531044178718,40.21655747749035,6.341652582528496
65.62000000000408,-0.02484614763108314,0.20935263057755973,3.502473897772029,0.760268040135849,40.189423927729756,6.339512909343253
65.64000000000408,-0.020322222803900544,0.24045435768946077,3.5023677752974454,0.759434392112632,40.164041519708725,6.337510672157383
65.66000000000408,-0.015337779719317435,0.25512685444727196,3.5022634159004786,0.7586685066207622,40.14087855613808,6.335682958934899
65.68000000000407,-0.010233825359430113,0.2523409867741849,3.5021607052257115,0.757981937086779,40.12028689606986,6.334057695985241
65.70000000000407,-0.005359105239280768,0.23235220686609925,3.5020594927695607,0.757381618936371,40.102496255203384,6.332653176607999
65.72000000000406,-0.0010446648567324275,0.19666236110413443,3.5019592177845174,0.75687031015669,40.087609444289384,6.331477666729101
65.74000000000406,0.0024200810841614228,0.14790848071108317,3.5018587250928075,0.7564470610979198,40.07559761366108,6.330529015308364
65.76000000000406,0.004808388447234999,0.08968599595925647,3.5017564950391518,0.756107466632926,40.0662945227373,6.329794192763087
65.78000000000405,0.005973083539545783,0.026312516419121704,3.5016512339930776,0.7558435577636657,40.05939033564875,6.3292487971044995
65.8000000000004,0.005858197709700589,-0.03746118250032646,3.5015424988849086,0.7556433821501278,40.05442814790951,6.328856780486466
65.82000000000404,0.0045043725894371375,-0.09678298815469832,3.5014309510368324,0.7554905325423541,40.050809094448915,6.328570857187973
65.84000000000404,0.002047327848896287,-0.14705809104594958,3.501318019756649,0.7553640190567543,40.04781281749141,6.328334126568493
65.86000000000404,-0.0012909222822272749,-0.18431092712041802,3.50120510185825,0.7552388760636933,40.0446381358269,6.3280832908414615
65.88000000000403,-0.00521787579044067,-0.20552004885689137,3.501092716217639,0.7550877299209867,40.04046402876656,6.327753474082769
65.90000000000403,-0.009392491665003498,-0.20889166261198625,3.5009800842577055,0.7548832755939777,40.03452494259531,6.327284167997776
65.92000000000402,-0.013451715763445986,-0.19403868170211772,3.5008653764607227,0.7546013105394855,40.02618913073801,6.3266254141317715
65.94000000000402,-0.017039417195013673,-0.16203931220241044,3.500746486940515,0.7542237558682833,40.01502624230051,6.325743137553129
65.96000000000402,-0.01983516927238499,-0.11536204556120346,3.500621901760299,0.7537410320873389,40.00085162005965,6.324622646455649
65.98000000000401,-0.0215802085428066,-0.057660529470300426,3.5004911911054943,0.7531532700713687,39.98373933402677,6.323269671145362
66.0000000000004,-0.02209814943695987,0.006540957512605442,3.5003548971499323,0.7524700908952436,39.96400237860207,6.321708817922735
66.020000000004,-0.021308597086727964,0.07223641521119635,3.5002139531749483,0.7517090053707252,39.94214485149055,6.319979814167966
66.040000000004,-0.01923259613619723,0.13435809133818194,3.5000690279200866,0.7508927794159646,39.91879577400121,6.318132301084017
66.060000000004,-0.015989740429380592,0.18818341148047407,3.4999201877480637,0.7500463136433962,39.894636650406355,6.316220123650407
66.08000000000399,-0.01178759715335304,0.22969115810885943,3.4997670228360325,0.7491936538458437,39.87033473391406,6.314296060046129
66.10000000000399,-0.006904745457825193,0.2558405435179294,3.49960906313385,0.7483556757845617,39.84649157843522,6.312407748112856
66.12000000000398,-0.001669125707973415,0.2647599223933989,3.499446128571872,0.7475487947351478,39.82361238282499,6.310595247900549
66.14000000000398,0.0035664603644131538,0.2558435036243491,3.4992783320261456,0.7467847829102832,39.80209663139791,6.308890285256029
66.16000000000398,0.008449911392502993,0.22976227708643526,3.4991057267098293,0.7460714983703779,39.782245563102194,6.3073168275505385
66.18000000000397,0.012654827873838728,0.18839872743565453,3.4989278717895336,0.7454141072313343,39.76427821822433,6.305892341153973
66.2000000000004,0.01590352484190767,0.13471462574964005,3.4987436833515266,0.7448162797478816,39.748346367037136,6.304628963470978
66.22000000000396,0.01798679293784112,0.07255909844628358,3.4985517692110926,0.7442808968841698,39.734540258545124,6.303533949979577
66.24000000000396,0.018779270307208606,0.0064225261749049495,3.4983511183667435,0.7438100104023736,39.72288171204071,6.302609119407669
66.26000000000396,0.0182493996093594,-0.058857622348758,3.4981417441020315,0.7434040994159518,39.713307379338815,6.301849520524813
66.28000000000395,0.016463097625524004,-0.11842927985451494,3.497924851694526,0.7430609645591347,39.70565090802943,6.301242013129589
66.30000000000395,0.013580519246431841,-0.16778055509170686,3.4977023534568272,0.7427747932377544,39.699635904731764,6.300764707932821
66.32000000000394,0.009845694201481158,-0.2030931149805747,3.4974759407776665,0.7425359405364379,39.69489043800808,6.300388118045434
66.34000000000394,0.005569358886982297,-0.22156380533734663,3.4972462068785455,0.7423317844816931,39.69098825430094,6.300078432392802
66.36000000000394,0.0011059553164605308,-0.2216606359610911,3.497012312943027,0.7421486850522755,39.68751354636106,6.299802659318867
66.38000000000393,-0.003173560611545603,-0.20328096067919926,3.4967723945891245,0.7419747097057627,39.68413782092236,6.29953473051164
66.4000000000004,-0.006910883497903659,-0.16778746202127434,3.4965244880947215,0.741802505634272,39.68069205144704,6.2992612306084785
66.42000000000392,-0.00978891486439752,-0.11791086176991339,3.496267466340313,0.7416315939732019,39.67721672248349,6.298985372461464
66.44000000000392,-0.011557074284992464,-0.05752510805959445,3.496001485836487,0.7414694673372187,39.67397674065271,6.29872818437601
66.46000000000392,-0.012051016016683397,0.008682158126460308,3.495727746941713,0.7413311539222249,39.671436058900404,6.298526499023435
66.48000000000391,-0.011205004123977782,0.07560727450400702,3.495447771722309,0.7412372806421641,39.67019583952564,6.2984280451177375
66.50000000000391,-0.009056017740221162,0.13815230591026773,3.4951626619350225,0.7412110162336485,39.67090760498501,6.298484548285009
66.5200000000039,-0.005739550591628549,0.19162696671131813,3.4948727627783556,0.7412745112395108,39.674177311903925,6.2987441059233324
66.5400000000039,-0.0014778845191148655,0.2320941043469952,3.4945778632918034,0.7414455255369692,39.68047692572559,6.299244155113024
66.5600000000039,0.0034377661580835767,0.2566341627372245,3.4942777090395514,0.741734845633953,39.69007723905385,6.300006130080656
66.58000000000389,0.008669486002701949,0.2635175128081527,3.4939724169139956,0.7421448841277926,39.7030105061661,6.3010324952475925
66.6000000000004,0.013857411726744356,0.25228517106354176,3.4936624807309347,0.7426695855178089,39.7190654224295,6.3023063573924665
66.62000000000388,0.018645247303461773,0.2237459945092026,3.4933483676018655,0.7432955016269455,39.73781142098495,6.30379341515765
66.64000000000388,0.02270497905071107,0.179901321772679,3.4930300172675035,0.7440036999341322,39.758645170479625,6.305445675801166
66.66000000000388,0.02575944377094211,0.12380710715515264,3.492706656376367,0.7447720632319478,39.78085004232109,6.3072061994452895
66.68000000000387,0.027601577890205852,0.05938086956037818,3.492377151692826,0.7455775410394004,39.80365923540606,6.309014125472066
66.70000000000387,0.02810929671510792,-0.008841489642322543,3.4920407646070277,0.7463980118140698,39.82631489383144,6.31080936915634
66.72000000000386,0.027255049446333623,-0.07599391129431507,3.4916978677233907,0.7472135793123087,39.848118316980134,6.312536599258664
66.74000000000386,0.02510922430208044,-0.1372051225263639,3.4913501471062816,0.7480073096450615,39.86846940888534,6.314148351827453
66.76000000000386,0.021836801664886725,-0.18794585973957292,3.4910000830594208,0.7487655647776107,39.88689594853778,6.315607330141558
66.78000000000385,0.01768701757283171,-0.22437629360889602,3.4906499255823893,0.7494781594493195,39.90307438667611,6.316888030246864
66.80000000000041,0.01297631462293414,-0.24366454915891544,3.4903007012903866,0.7501385426679832,39.91684348146375,6.317977800013526
66.82000000000384,0.008065486685791868,-0.24424318221624497,3.489951804145529,0.7507440977089928,39.92821063234192,6.318877323729423
66.84000000000384,0.0033325868024346914,-0.22597141205112553,3.4896014120166177,0.7512965135056072,39.93734927204433,6.3196004044594725
66.86000000000384,-0.0008562479863637603,-0.19017789712087307,3.4892475123908713,0.7518020680319859,39.94458528232237,6.320172883895058
66.88000000000383,-0.004175515304383973,-0.1395715146427595,3.4888889835955954,0.7522716324220481,39.95037180991632,6.320630649699152
66.90000000000383,-0.006365980097215145,-0.07802411179158646,3.4885261612879304,0.7527202700733895,39.95525485887193,6.321016916515248
66.92000000000382,-0.007254845166358041,-0.010246408042761059,3.488160629872981,0.7531664398162758,39.95983541658662,6.321379233726341
66.94000000000382,-0.006768658065847288,0.05860743552587558,3.487794425303643,0.7536309537459672,39.96473588019044,6.32176683215938
66.96000000000382,-0.004937958685423935,0.12336270617281142,3.487429150969466,0.754135919069515,39.9705776983346,6.322228855264147
66.98000000000381,-0.0018935690853124011,0.17922995532154365,3.487065509442577,0.7547038661144576,39.977973034474516,6.322813696011809
67.00000000000041,0.0021447379615487237,0.22215588750837592,3.486703453164703,0.755357136761864,39.98752700356768,6.323569166504599
67.0200000000038,0.00688581161561562,0.24909342067292428,3.486342754340815,0.7561174327038375,39.99984098985887,6.324542749468839
67.0400000000038,0.011989176857366932,0.2581788678838779,3.4859835442484544,0.7570052803428374,40.0155044097089,6.325780932794694
67.0600000000038,0.017089697431762495,0.24881655915843814,3.4856264283358644,0.7580391286159642,40.03506389384164,6.327326757315576
67.08000000000379,0.021823073931592905,0.22167962487664364,3.485272101725791,0.7592338868528556,40.058965343071115,6.329215223317273
67.10000000000379,0.025850620096885796,0.17863910471864694,3.484920757770841,0.7605989081165366,40.08747384114596,6.331466958071088
67.12000000000378,0.028882001881187596,0.12263278673062657,3.4845717552365474,0.7621356625249012,40.12058584665407,6.334081294604141
67.14000000000378,0.030694822136677107,0.05748200697043592,3.484223866619372,0.7638355425715194,40.15795414089413,6.337030388193995
67.16000000000378,0.03115006507508618,-0.01233851241079906,3.483876053445112,0.765678331961125,40.19884646750346,6.34025602539073
67.18000000000377,0.030202499773462517,-0.08197387454103486,3.483528341176051,0.7676318216180558,40.24215331617314,6.343670334764657
67.20000000000041,0.027905235411347897,-0.14649927777998248,3.4831822408065083,0.769652883648584,40.28645043998854,6.3471608172464435
67.22000000000376,0.02440778857761174,-0.20125607855968464,3.4828403828769643,0.7716900597190296,40.33011026037107,6.350599204828712
67.24000000000376,0.0199473204360417,-0.24219496756796693,3.4825054759499374,0.7736874421808355,40.3714463222148,6.353852872251198
67.26000000000376,0.01483315272126693,-0.2661999818457015,3.482179112193213,0.7755893807899473,40.408868708361176,6.356797047913452
67.28000000000375,0.00942525652185145,-0.2713616820721182,3.4818610661280003,0.7773453810892785,40.44102687819882,6.359325976721025
67.30000000000375,0.004108060496714563,-0.25716678902051865,3.4815494836948693,0.778914504606125,40.46691962288043,6.361361459851219
67.32000000000374,-0.0007384579413729511,-0.22457631825975805,3.481241874229255,0.7802686515204915,40.48595870533217,6.362857746746518
67.34000000000374,-0.004767974088775498,-0.1759750158545917,3.480936377329455,0.7813942986006659,40.49798175462127,6.363802460370787
67.36000000000374,-0.007694689882589436,-0.11499030476225475,3.4806326361858027,0.7822925487192551,40.5032193602762,6.364213962483992
67.38000000000373,-0.009315397082532087,-0.04619628259903246,3.480331848073024,0.7829776662050567,40.502229254847514,6.364136175071014
67.40000000000042,-0.009524721078407069,0.025265911455120835,3.4800360364523164,0.7834745489506129,40.495815306522616,6.363632241615052
67.42000000000372,-0.008322280932247664,0.09410929289697349,3.4797470160783277,0.7838157483103861,40.484949541903084,6.3627784451372404
67.44000000000372,-0.005811390210525409,0.15531831217579556,3.479465654581387,0.7840386421609233,40.47071123225268,6.36165947157286
67.46000000000372,-0.002189801479503918,0.2045210986253434,3.4791918048947568,0.7841831934859688,40.45424908711786,6.360365483768827
67.48000000000371,0.0022662789941766777,0.23828623352973882,3.478924845097767,0.7842904391830341,40.43676295338377,6.358990718139458
67.50000000000371,0.007223207810197103,0.2543275530981172,3.478664390693562,0.7844015447213637,40.419493058476775,6.357632661492545
67.5200000000037,0.012314063478513252,0.2516141177610008,3.478410666607562,0.784557033009967,40.40370060373928,6.356390532663902
67.5400000000037,0.017164112651557945,0.23039280774991283,3.478164283170938,0.784795727360743,40.39062512022665,6.355361918901759
67.5600000000037,0.021415959765718147,0.19213638494237292,3.4779255826788966,0.7851530618546012,40.381411306183125,6.354636992479045
67.5800000000037,0.024753025036021496,0.13943030614183127,3.477694037384058,0.7856586687971207,40.37700898819449,6.354290596769594
67.60000000000042,0.02692023587742556,0.07580863467475668,3.4774681793438256,0.7863334658535209,40.378060962630464,6.3543733729322565
67.62000000000369,0.027740983002808212,0.0055453366395395,3.4772462178092978,0.7871867321184395,40.38480113523991,6.354903707786603
67.64000000000368,0.027129485921521528,-0.06659560120891826,3.4770270474966654,0.7882137988136724,40.3969869575433,6.355862408638445
67.66000000000368,0.025097776101966594,-0.13564775509674207,3.4768110552135707,0.7893949469870635,40.41388496293203,6.357191594008476
67.68000000000367,0.021756605301152237,-0.19676052637982283,3.476600189437598,0.7906959143064263,40.43431769923917,6.358798447760329
67.70000000000367,0.017309787870972742,-0.24553458686000199,3.4763971522497523,0.7920701209228207,40.45676761164038,6.360563466520901
67.72000000000367,0.01204183378866825,-0.2783531544015749,3.4762040818437097,0.7934624061283002,40.47952201381353,6.3623519247062665
67.74000000000366,0.006299229970489933,-0.29268070384273254,3.4760214153205435,0.7948137959519023,40.500836047473314,6.364026716433025
67.76000000000366,0.0004663412588909426,-0.28729682996302575,3.475847556916054,0.7960666493939161,40.519088811397246,6.36546061266561
67.78000000000365,-0.005062454306261797,-0.2624341904565352,3.475679551610149,0.7971694826968223,40.5329113338914,6.366546264175844
67.80000000000042,-0.009912221947955283,-0.21979668574741537,3.475514416801505,0.7980808462205278,40.54127224940849,6.367202859137479
67.82000000000365,-0.013755987855110742,-0.1624468791464738,3.475350428782318,0.7987718068283516,40.54351588195164,6.367379043370328
67.84000000000364,-0.016339729723817892,-0.0945682538974825,3.475187700149585,0.7992268358369067,40.539355981269864,6.367052377770255
67.86000000000364,-0.017501536564488607,-0.02112498911411779,3.475027793236215,0.7994431737784365,40.52883507845004,6.366226125299826
67.88000000000363,-0.017183237090586008,0.05254393931976872,3.4748726529140828,0.7994289872309321,40.51226333455459,6.364924456311685
67.90000000000363,-0.015433623520955866,0.12115160785715895,3.4747234975277257,0.7992007999099742,40.490151396475675,6.363187204261373
67.92000000000363,-0.012403306590848115,0.17986611190992463,3.474580279726387,0.7987807337021382,40.46314926045889,6.361065104246213
67.94000000000362,-0.008332071499683432,0.22465221472802915,3.474441949088116,0.7981940257071722,40.4319982201614,6.358616061704103
67.96000000000362,-0.0035302321636099835,0.2525269612750304,3.474307253311936,0.7974671191389489,40.39749701338357,6.355902533345172
67.98000000000361,0.001644170343415633,0.2617191406676101,3.474175505224383,0.7966264137864356,40.36047805341099,6.352989694105523
68.00000000000043,0.00681041197125703,0.2517354376525428,3.474046801564325,0.7956975737276599,40.32178681900827,6.34994384376809
68.0200000000036,0.011590611375886092,0.22334479710134963,3.4739215620459327,0.7947051829505832,40.28225803451314,6.346830550322983
68.0400000000036,0.015634248811796106,0.17849586479989327,3.473799720635915,0.7936725365333342,40.24268592656684,6.343712314297272
68.0600000000036,0.018640480320483273,0.12018103158329899,3.4736801525564722,0.7926214357941459,40.20379103841981,6.340645948041872
68.0800000000036,0.020377280766296142,0.05225643635281014,3.4735607968625826,0.7915719662170194,40.1661904810333,6.337680212903874
68.10000000000359,0.020696590317015144,-0.02077718873375339,3.4734395031671186,0.7905423143328664,40.1303799217424,6.334854372575774
68.12000000000359,0.01954470545016789,-0.0940305856341101,3.473315152856562,0.7895486829866446,40.096733024098405,6.332198119460446
68.14000000000358,0.016967201503324866,-0.16251601333628954,3.473188377682632,0.7886052938913948,40.06551814575833,6.329732865276254
68.16000000000358,0.013107769386378611,-0.22146406345167977,3.4730613758390296,0.7877243639636425,40.03692513609968,6.3274738352757876
68.18000000000357,0.008200559720513199,-0.26665306990908694,3.472936820582035,0.7869158707679622,40.01109000815275,6.325432001701762
68.20000000000043,0.0025559915140771386,-0.29472891475792995,3.4728163874844644,0.7861869356010136,39.988104502206546,6.3236148287357405
68.22000000000357,-0.003459502574632483,-0.30348634146514136,3.472699680679326,0.7855407661598443,39.96800191956828,6.322025143857645
68.24000000000356,-0.009448705257190817,-0.29207972882236727,3.472584156763542,0.784975282720309,39.95071888444589,6.32065810532779
68.26000000000356,-0.015012099597606443,-0.2611334338597424,3.4724661188050456,0.7844817351600486,39.93604210154404,6.3194969816864415
68.28000000000355,-0.019777366315099035,-0.2127300683265093,3.4723422750565573,0.7840437290178084,39.92355640270616,6.318509033206027
68.30000000000355,-0.02342734538435617,-0.15026866093013888,3.472211054212983,0.7836370676418077,39.912612828282256,6.317642980438373
68.32000000000355,-0.02572391884780607,-0.07820155160607137,3.4720730127497146,0.7832306792194065,39.90233223940853,6.3168292868660405
68.34000000000354,-0.026525620032001967,-0.0016756815651063992,3.471930176343072,0.7827886711866833,39.8916519890174,6.31598384964824
68.36000000000354,-0.025797429106406002,0.07388278537342031,3.471784736242337,0.7822733060132151,39.87941290577491,6.315014877716038
68.38000000000353,-0.02361207259438228,0.14319495783790984,3.4716378444679137,0.7816484890101117,39.86447416271608,6.31383197137175
68.40000000000043,-0.020143056024769564,0.20152255777445127,3.4714891429491694,0.7808832481893923,39.845836929207906,6.312355893737924
68.42000000000353,-0.01565046788415141,0.24499255399037773,3.471337197878901,0.7799546859823363,39.82275539002469,6.310527346428719
68.44000000000352,-0.010461173939256368,0.2708310875729647,3.471180472770872,0.7788499826547957,39.79481594665212,6.308313241006039
68.46000000000352,-0.004945310789992762,0.2774996186844293,3.4710181800961073,0.7775672032540718,39.761971478578545,6.305709434994491
68.48000000000351,0.0005090045940187541,0.26473896469015823,3.4708504694901614,0.7761148682094074,39.72452616164288,6.302739575902123
68.50000000000351,0.005521035607106858,0.2335349544255535,3.470677859856923,0.7745104558223674,39.68307591174375,6.2994504452169275
68.5200000000035,0.009741451966132247,0.1860219405738009,3.4705003243640027,0.7727781778245553,39.63841823064081,6.295904877826603
68.5400000000035,0.012873925448339275,0.12533824763564683,3.47031668127099,0.770946474312638,39.591451192892066,6.292173805044809
68.5600000000035,0.014693435108599735,0.05544275758387751,3.4701247745775365,0.7690456856467394,39.54308289916669,6.288329102326522
68.5800000000035,0.015060554179973349,-0.019103136870139793,3.4699224410808416,0.7671062653543959,39.49416906336889,6.284438643456462
68.60000000000043,0.013931041082230772,-0.09338693612784232,3.4697087453161,0.7651577132737507,39.44548791212099,6.280564298860493
68.62000000000349,0.011360081543722457,-0.16242796976447527,3.4694847368699193,0.7632281742614287,39.397750177444294,6.276762714763423
68.64000000000348,0.007500601470854836,-0.22148586499846815,3.4692531980732966,0.7613444292721963,39.351630784808954,6.273087818993845
68.66000000000348,0.002595257112791662,-0.2663814974971162,3.4690173983327477,0.7595318718973291,39.30780135599851,6.269593396385328
68.68000000000347,-0.0030379490350508063,-0.29380929856692706,3.468779446673635,0.7578140654119843,39.26694154200064,6.266333979449279
68.70000000000347,-0.009025982388310093,-0.30161284548132355,3.46853910258347,0.7562116240848035,39.22971334593567,6.263362782558238
68.72000000000347,-0.014965972564132816,-0.28899219271618615,3.4682937008237364,0.7547404202931693,39.196694580394755,6.260726362044164
68.74000000000346,-0.0204536204866256,-0.2566131165350359,3.4680392696271602,0.7534094077637077,39.16828200771889,6.258456839167215
68.76000000000346,-0.025112616372679253,-0.20659623935740676,3.467772288535144,0.7522185773426998,39.14458709475812,6.256563521195811
68.78000000000345,-0.02862255221563389,-0.14237721552706742,3.4674911937476964,0.7511576478369629,39.12535362585268,6.255026268997812
68.80000000000044,-0.03074279964356927,-0.06844585763293881,3.4671968838504506,0.7502060065961166,39.109924382670876,6.253792799787252
68.82000000000345,-0.031330153611473045,0.010010986018507712,3.4668920247159107,0.7493341728468179,39.09727404389221,6.252781304658929
68.84000000000344,-0.03034868298148672,0.08752438458362242,3.466579592393998,0.7485067277016103,39.0861102215479,6.2518885323994615
68.86000000000344,-0.02787108178119908,0.1587705253611352,3.4662614705577353,0.7476863276134388,39.07502847267884,6.251002197462327
68.88000000000343,-0.024071732019048955,0.21896538503756388,3.4659378315024543,0.7468381765355327,39.062694530351536,6.2500155624087474
68.90000000000343,-0.019212511758013247,0.2641904950231875,3.465607540920839,0.7459342302235376,39.04802084569462,6.248841560296966
68.92000000000343,-0.013622979688211311,0.29162701210536895,3.4652692278301505,0.7449564571183123,39.0303057551932,6.247423929524328
68.94000000000342,-0.0076768695943581116,0.29969063496292025,3.464922300033328,0.7438986594803426,39.0093112433846,6.245743450013345
68.96000000000342,-0.0017668380194125976,0.28807324568093956,3.4645672657137534,0.7427666176731162,38.985267226692365,6.243818321083051
68.98000000000341,0.0037208056906630226,0.2577058898103257,3.4642051857067395,0.741576604711718,38.958803971995565,6.241698804972534
69.00000000000044,0.008429989480596919,0.21066070666935827,3.463836645814999,0.7403525781161554,38.93082719695068,6.239457283846944
69.0200000000034,0.012056330126344068,0.15000736287378622,3.4634609624126305,0.7391225532886836,38.90236039508249,6.23717567454072
69.0400000000034,0.014365350186484258,0.07963439158598985,3.463076217647375,0.73791476958274,38.87438421265092,6.234932574827968
69.0600000000034,0.015206813807324058,0.004040110006153476,3.4626802238501457,0.7367542602459859,38.847702106262176,6.23279248060307
69.0800000000034,0.014524584684184605,-0.07190612117072716,3.462271929547661,0.7356603275999125,38.82285482626912,6.230798891496107
69.10000000000339,0.012361412831759108,-0.14323207893668546,3.461852452521001,0.7346452213192972,38.80009463237638,6.228972197110561
69.12000000000339,0.008858087905708384,-0.20515679520272073,3.461425066127813,0.733714059607752,38.7794161143491,6.227312109919423
69.14000000000338,0.004246527510528905,-0.25340061969642347,3.460994013250762,0.73286577913083,38.76062760644853,6.225803370365027
69.16000000000338,-0.001163351110464694,-0.28449311871606714,3.4605626784486567,0.7320947149549584,38.743439005011076,6.224422784886248
69.18000000000337,-0.0070026868241402866,-0.29605311152767316,3.460132042029853,0.7313923470811194,38.72754069125958,6.2231455624354135
69.20000000000044,-0.012867799912773335,-0.2870103382100536,3.459700237726962,0.7307488206603973,38.71265447295881,6.221949410993215
69.22000000000337,-0.018347909449383606,-0.2577382028847174,3.459263479992271,0.7301540222806909,38.698548885631084,6.22081577332355
69.24000000000336,-0.023054402298702748,-0.21007288397824292,3.458817914109105,0.7295982069469826,38.68502400977153,6.219728612228312
69.26000000000336,-0.026649226720663565,-0.14720572727599013,3.458361460663715,0.7290723392685374,38.671880905257176,6.218671956716898
69.28000000000335,-0.028869875068244562,-0.07345167011695738,3.4578947393346904,0.7285683774300897,38.658894642445986,6.217627734308801
69.30000000000335,-0.029548648067126856,0.006086325783928916,3.457420656784283,0.7280796737974047,38.64580672710674,6.216575160577304
69.32000000000335,-0.028624449153269112,0.08592186910206516,3.456942952841722,0.7276015262565733,38.632344010824454,6.215492258126017
69.34000000000334,-0.026146162898640073,0.16061433997638336,3.4564645280048505,0.7271317595131145,38.61826038359529,6.21435920941132
69.36000000000334,-0.022267590542367224,0.22517658614281455,3.4559864385136914,0.7266711200683535,38.60338864298596,6.2131625315121095
69.38000000000334,-0.017234787416551302,0.2754213013544782,3.455508021311704,0.7262232789988031,38.58768595235796,6.211898739705756
69.40000000000045,-0.0113673257331449,0.3082188285891097,3.4550279510623323,0.7257943514434443,38.57125827570309,6.210576323957632
69.42000000000333,-0.0050353979843209724,0.32165464469329774,3.45454551380804,0.7253920124139377,38.55435596008032,6.209215406158843
69.44000000000332,0.0013652404160049184,0.3150894979495173,3.454061297806796,0.7250244418234624,38.53734153284265,6.2078451601858315
69.46000000000332,0.007438665697532214,0.2891358737851334,3.4535768904466595,0.7246994015758825,38.52063866849809,6.206499711471683
69.48000000000332,0.012813027591566675,0.2455694710398124,3.4530937975786875,0.7244237035540869,38.50467573684949,6.205213593169013
69.50000000000331,0.017162523973599464,0.18719370370050092,3.4526122973028635,0.7242031852196755,38.48983736201576,6.204017840239965
69.52000000000331,0.02022631153132514,0.11767048745851325,3.4521310092147868,0.724043122769058,38.476433527069474,6.202937491791246
69.5400000000033,0.021823757662241584,0.04132420920411323,3.4516475538134923,0.7239488483626243,38.464689587027735,6.201990776115983
69.5600000000033,0.021865518977739175,-0.037079657487987965,3.451160023635913,0.7239262539608301,38.454754143953494,6.2011897361678505
69.5800000000033,0.02035992987603238,-0.11258234718319578,3.4506684651699184,0.7239818850805324,38.4467168645816,6.200541658966707
69.60000000000045,0.017414170500199715,-0.18030569741134145,3.4501754902451793,0.7241224427207625,38.440626081964986,6.200050490275461
69.62000000000329,0.01322973474006959,-0.23574676973564165,3.4496855629471255,0.7243536827612104,38.43649675202073,6.199717473564479
69.64000000000328,0.008091899739578764,-0.2750802168020772,3.4492032201999616,0.7246788801576599,38.43430271763138,6.199540524718858
69.66000000000328,0.0023532411167098174,-0.29544716244463376,3.4487310900429766,0.7250971659417859,38.43395246362776,6.199512276270429
69.68000000000328,-0.0035882660235883154,-0.295202714592368,3.448268729172596,0.7256021183510583,38.4352534556509,6.199617202348134
69.70000000000327,-0.009315425893818305,-0.2740913270032719,3.447812909592484,0.7261809815065962,38.43787531715708,6.199828652241695
69.72000000000327,-0.014420545568838358,-0.23332171879754993,3.447359243654304,0.7268147959450807,38.441325025895935,6.200106856006268
69.74000000000326,-0.018534477001304027,-0.17552150441420147,3.4469043426116603,0.72747956692718,38.44494681058705,6.200398923503797
69.76000000000326,-0.021353484251211776,-0.10456541220269658,3.4464474305579627,0.7281483926460706,38.447955043947346,6.200641502614657
69.78000000000326,-0.02266148552529355,-0.025287778368533593,3.4459906311083115,0.728794261402661,38.44950079361498,6.200766145696432
69.80000000000045,-0.022345603367672485,0.05689332790971292,3.445537847423313,0.7293930504354701,38.448763578468316,6.200706699922866
69.82000000000325,-0.020403641699280953,0.13640007846151825,3.4450928853047498,0.7299261674309446,38.445051816803186,6.2004073911964195
69.84000000000324,-0.016942988718046312,0.20792049512698013,3.4446578314322,0.7303823062559646,38.43789101355086,6.199829918114759
69.86000000000324,-0.012171367710581301,0.26679122767598357,3.444232506522809,0.7307579533826342,38.42707967985311,6.198957951128005
69.88000000000324,-0.00638066291121865,0.309302566702021,3.4438151849005325,0.7310565565983154,38.412699606325326,6.1977979643035574
69.90000000000323,7.439444897536283e-05,0.3329053738035452,3.443404064076446,0.7312865909896118,38.39507800330139,6.196376199304025
69.92000000000323,0.006800649028379431,0.3363155793331832,3.4429985749417535,0.7314590418464151,38.37471132133957,6.194732546392909
69.94000000000322,0.013392078647762934,0.3195255767349334,3.442599758158508,0.7315849831863929,38.35217074043671,6.192912944684166
69.96000000000322,0.019454793601124322,0.2837404143333544,3.442209509876621,0.7316739068958042,38.32801422112533,6.190962301704423
69.98000000000322,0.024630179354952556,0.2312592510285939,3.4418291856089644,0.731733246079596,38.302727937554046,6.188919771458832
70.00000000000045,0.02861527202912681,0.16531966103115991,3.441458449973925,0.7317691901509289,38.27671124684286,6.18681753786572
70.02000000000321,0.031179749703536108,0.08991622506878795,3.4410951389790165,0.7317885052952254,38.2503065239719,6.184683219371215
70.0400000000032,0.03217908163698991,0.00959798444527071,3.4407363220380414,0.7318007630838476,38.223861910131944,6.182544937979177
70.0600000000032,0.03156341343447603,-0.07075576468033425,3.440380037187168,0.7318202320144064,38.197805039143084,6.180437285430788
70.0800000000032,0.029381732775185635,-0.14618349402757894,3.4400267322160163,0.7318667423822732,38.17270177312224,6.178406086776932
70.10000000000319,0.025780834234815246,-0.21191307174914228,3.439679538546206,0.7319650749279389,38.14927678032243,6.17651008096987
70.12000000000319,0.02099866031862474,-0.2636508555369936,3.4393431005887503,0.7321427786355317,38.128381528651296,6.174818339728813
70.14000000000318,0.01535179715199502,-0.2978740610179492,3.439021465980659,0.7324266983574061,38.11090773817907,6.173403254136171
70.16000000000318,0.009217270306679537,-0.3121040448245093,3.438716084459563,0.7328387988952436,38.09765768007172,6.172330004145252
70.18000000000318,0.003009299660649371,-0.3051320647640322,3.4384249598540215,0.7333920466189552,38.089194048049194,6.171644355279166
70.20000000000046,-0.0028477314041311513,-0.2771671460851824,3.4381434368139283,0.7340871273876415,38.085699041558954,6.1713611984358
70.22000000000317,-0.007948256181053806,-0.22987931426796007,3.4378662710547716,0.734910648909714,38.08687319559796,6.171456326961891
70.24000000000316,-0.011934169106194912,-0.16632101153776055,3.4375899689129206,0.7358352289114983,38.09189889480789,6.171863486404077
70.26000000000316,-0.014520643878241892,-0.09072398422427054,3.4373142426284997,0.7368215529731535,38.09948223763025,6.172477803737349
70.28000000000316,-0.015516748998433473,-0.008185952279769803,3.437041887847125,0.737822149021567,38.1079720578402,6.173165481164441
70.30000000000315,-0.014838937278634176,0.07572240479306687,3.4367772049858174,0.7387863230699664,38.1155395032401,6.173778381448439
70.32000000000315,-0.012516224610943375,0.15538781362116263,3.436523822883965,0.7396654862049074,38.12038898470171,6.174171117219032
70.34000000000314,-0.008686780184210593,0.2255751138006733,3.4362830529394177,0.7404180229674634,38.120964457903746,6.17421772031921
70.36000000000314,-0.0035865678191554762,0.2817949332530445,3.436053570361378,0.7410129352743576,38.116115607596,6.173825038628484
70.38000000000314,0.0024685535527566244,0.3205858924877847,3.435832476811055,0.7414317410744931,38.10519663061917,6.172940679337455
70.40000000000046,0.009105363521957713,0.33969437438229033,3.4356170548239686,0.741668468736832,38.0880842791934,6.1715544459393215
70.42000000000313,0.015918365708935695,0.3381510502237936,3.435406182734745,0.7417279842245722,38.06511853096542,6.169693552435601
70.44000000000312,0.02249546675517815,0.3162566076250109,3.435200617911481,0.7416232173527719,38.03698483676006,6.167413139782356
70.46000000000312,0.028442626916228387,0.2754968623625874,3.4350020337535843,0.7413720271863065,38.00456763570627,6.1647844760142485
70.48000000000312,0.033406289105732255,0.2184089176952931,3.4348114290037848,0.7409944193665965,37.96880811375834,6.161883487518921
70.50000000000311,0.037092795878107473,0.14841625257329102,3.4346279038041763,0.7405106151379166,37.93059433940287,6.158781887630286
70.52000000000311,0.0392842950300068,0.06964369255618152,3.4344486011270616,0.7399401458610595,37.890700518085346,6.155542260279377
70.5400000000031,0.03985077934121673,-0.013284072558817027,3.434269948153445,0.7393018140528326,37.8497775905356,6.152217290581958
70.5600000000031,0.03875792155598899,-0.09546201484255276,3.4340895666359477,0.7386141255340333,37.808383951071896,6.148852246645052
70.5800000000031,0.03607031023851557,-0.17194561024900898,3.43390778429465,0.7378957216982758,37.76703626465636,6.145489098896553
70.60000000000046,0.03194964496206784,-0.23801379061209066,3.433727827156636,0.7371654319792506,37.726258091520734,6.14217047073107
70.62000000000309,0.02664748847369162,-0.2894487823835848,3.433554443939438,0.7364417736055429,37.68660804517734,6.138941932057782
70.64000000000308,0.020492357231539464,-0.3228194862728465,3.4333915570862934,0.7357419647309271,37.648677526367855,6.135851817504058
70.66000000000308,0.013871283109852405,-0.3357467570761157,3.433240096889424,0.7350807038291878,37.613057841341465,6.13294854383611
70.68000000000308,0.0072064794903515215,-0.3271227132502745,3.433097142768414,0.7344690474841968,37.58028500069148,6.1302760949806725
70.70000000000307,0.0009283320793830271,-0.29725403546253204,3.4329568689514955,0.7339136784325271,37.55077582350218,6.12786878314983
70.72000000000307,-0.004553487265705861,-0.24790250619103069,3.432812887498557,0.7334167248919242,37.52477040582012,6.125746518247398
70.74000000000306,-0.008878533301204077,-0.18220526088674366,3.432660869205709,0.7329761247116212,37.5022938507102,6.123911646220102
70.76000000000306,-0.011761260709882667,-0.10447141176743277,3.4325001765273355,0.7325863808871116,37.483145382428894,6.12234802852867
70.78000000000306,-0.013011492545222452,-0.019868634925637892,3.4323337417660107,0.7322394698478478,37.46691685615351,6.121022533544008
70.80000000000047,-0.012547757537170176,0.06597034911282006,3.432166309454848,0.7319256560337897,37.45303651635221,6.119888603263315
70.82000000000305,-0.010402299935268377,0.14737930843347116,3.4320019726962134,0.7316340261024068,37.44082881360931,6.118891142487281
70.84000000000304,-0.006717472271838882,0.21908082391396963,3.431842249629118,0.7313526586668362,37.429578127771784,6.117971733162207
70.86000000000304,-0.0017341473452840768,0.27655539404247165,3.431685612315189,0.7310684617418233,37.418584030388146,6.11707315882262
70.88000000000304,0.004226430319253659,0.31632404764452965,3.431528584815561,0.730766814595587,37.407198436827024,6.11614244739501
70.90000000000303,0.010785418611723538,0.3361267501603119,3.431367699988688,0.7304312234687746,37.39484016121933,6.115132064086541
70.92000000000303,0.017531655965161527,0.334995503871937,3.4312011856466773,0.7300432262047086,37.38098878003447,6.113999409554639
70.94000000000302,0.024047445845713455,0.3132349014978547,3.4310294556066885,0.7295827486797805,37.36516558688829,6.1127052592848194
70.96000000000302,0.029933199529874516,0.2723312918624301,3.4308541874393943,0.7290290238301552,37.34691297890286,6.111212071177277
70.98000000000302,0.03482974290592792,0.21481371377948885,3.430676584039388,0.7283620433945313,37.32578360845438,6.109483088482558
71.00000000000047,0.03843752730701665,0.14408608730772415,3.430495890719536,0.7275643515252581,37.30134690163134,6.10748286134569
71.02000000000301,0.04053230659404677,0.06424303017897044,3.4303091093521556,0.7266228513361198,37.27321420021823,6.105179293044409
71.040000000003,0.04097700988416892,-0.020126252948961153,3.430112181904091,0.7255302287520379,37.24107694225574,6.1025467587111315
71.060000000003,0.03972956206748761,-0.10414770634993506,3.429902069872595,0.7242856403076582,37.20474737747506,6.099569441974987
71.080000000003,0.03684633712745737,-0.18289013600339277,3.429678598775835,0.7228944716347603,37.16419016459921,6.096243939066023
71.10000000000299,0.03248085057962196,-0.2516137074962438,3.429444984736805,0.721367219692417,37.119536351311964,6.092580434537731
71.12000000000299,0.02687728908039427,-0.3060367065040494,3.429206607941633,0.7197178150313545,37.07107762646792,6.088602271988861
71.14000000000298,0.020358601600280614,-0.3426101693330371,3.4289685154983416,0.7179618926803664,37.01924598659088,6.0843443349789865
71.16000000000298,0.013309170327186924,-0.35878145662358224,3.4287328410931783,0.7161155655464354,36.96458923076306,6.079851086232545
71.18000000000298,0.006152532984357612,-0.3532207692836008,3.428497439705572,0.7141951181778794,36.90775374970047,6.075175203210231
71.20000000000047,-0.000674808545640765,-0.3259810291087643,3.4282564765722694,0.7122177460658095,36.84948218747602,6.070377433691913
71.22000000000297,-0.006751872906814568,-0.278563092956973,3.4280027544300795,0.7102030974158144,36.79062589760495,6.065527668521919
71.24000000000296,-0.01170186039753869,-0.2138656641575324,3.4277306967328687,0.7081750448038443,36.73216337993645,6.060706508315384
71.26000000000296,-0.015218581040814687,-0.13601205923022544,3.4274385724095895,0.7061629341069368,36.675209310964796,6.056006052751664
71.28000000000296,-0.01708824286965272,-0.05006232641558081,3.4271289233897093,0.7042015969149588,36.62099698580855,6.051528483433632
71.30000000000295,-0.017204534588483894,0.03836390769132434,3.4268070491898492,0.7023296727007297,36.570821052831036,6.047381338466348
71.32000000000295,-0.015575590554264102,0.12351465857132221,3.4264783564625736,0.700586201832997,36.52593654516103,6.043669129358508
71.34000000000295,-0.012322298032142178,0.19993613385912246,3.4261459093342492,0.699005906563368,36.487422003780416,6.0404819347284215
71.36000000000294,-0.007668349617935036,0.26286048336242135,3.4258093558182314,0.6976139514885213,36.456025706744384,6.037882551585811
71.38000000000294,-0.0019232910649610365,0.3085133572366661,3.425465652635922,0.6964211727878733,36.432021546558744,6.035894428049478
71.40000000000047,0.004539576366422809,0.3343185216203116,3.4251110673453624,0.6954207439171568,36.41510282830451,6.034492756504436
71.42000000000293,0.011308295042104394,0.33899382608097195,3.4247432979112347,0.6945870182363642,36.404337689832225,6.03360072343474
71.44000000000293,0.017958253437913484,0.32254827101445105,3.4243625442621735,0.6938769146991638,36.39820013611281,6.033092087488207
71.46000000000292,0.024077305230665254,0.28620054880954826,3.423970985123519,0.6932337731760773,36.39467818849482,6.032800194643846
71.48000000000292,0.02928867869192876,0.2322436267042525,3.423571017398451,0.6925931852693679,36.391448100705986,6.032532478213938
71.50000000000291,0.03327083013267132,0.16387787385405583,3.42316331565537,0.6918899750464534,36.386093274208,6.032088632820973
71.52000000000291,0.03577378483800996,0.085028648259879,3.422745886188994,0.6910653115229853,36.37633982158392,6.031280114667525
71.5400000000029,0.03663174398411591,0.0001558625520227874,3.4223147552230384,0.690072908455721,36.36027822202046,6.029948442733193
71.5600000000029,0.03577180691865836,-0.08594455516467209,3.4218660253743085,0.6888834131203645,36.336542188897845,6.027979942642298
71.5800000000029,0.033218604537834026,-0.16835196247943535,3.421398242902662,0.6874863872438058,36.30442148914777,6.025315053102847
71.60000000000048,0.02909453407202557,-0.24225023453545377,3.4209137725150978,0.685889696620808,36.2638945991281,6.021951062498607
71.62000000000289,0.023615212561289182,-0.3031764186411468,3.420418325831584,0.6841165807285996,36.2155789378119,6.017938096874369
71.64000000000289,0.017079801044544145,-0.3472834167011993,3.4199187173626835,0.6822010807087173,36.160609476732745,6.013369228372123
71.66000000000288,0.009856043558164242,-0.3716027773760359,3.419419853942283,0.6801827738751149,36.10046849137171,6.008366541030242
71.68000000000288,0.00236022755028309,-0.374285497790554,3.4189224130582514,0.6781018296280324,36.03679735198607,6.003065662808135
71.70000000000287,-0.004967222841953218,-0.35479302597135465,3.418422385922262,0.6759952444547779,35.971223163525366,5.997601450873955
71.72000000000287,-0.011689230092415218,-0.31400919990382653,3.4179127773957774,0.673894767530009,35.905227699359834,5.992097103632403
71.74000000000287,-0.017400778531479758,-0.2542479586520098,3.417386703949657,0.6718265789497163,35.840074400529666,5.986658032703193
71.76000000000286,-0.02175660280357352,-0.17914150046602972,3.416840441068619,0.6698123454826488,35.776794195237756,5.98137059504239
71.78000000000286,-0.024495424015654545,-0.0934081531040549,3.4162749933587397,0.6678709674644991,35.71621662717702,5.976304596251518
71.80000000000048,-0.025458461265344606,-0.0025161652955919657,3.4156954861092683,0.6660202229701547,35.65902312655879,5.971517656890817
71.82000000000285,-0.02460043497033134,0.08772440287180992,3.41510874186165,0.6642776304746157,35.60579657650759,5.967059290513845
71.84000000000285,-0.021992046630103027,0.17159805480672968,3.414520273926165,0.6626601445378272,35.55704584225238,5.96297290302852
71.86000000000284,-0.017813847411171264,0.24390074393155145,3.4139321672603806,0.6611826798121766,35.51319386945642,5.959294745979294
71.88000000000284,-0.012342333925700234,0.3002938135458669,3.413342815613471,0.659855819735161,35.47453029433509,5.956049890181839
71.90000000000283,-0.005929871226633691,0.33756334349615585,3.4127485100006356,0.6586833155721372,35.4411409161612,5.953246250253823
71.92000000000283,0.0010194836362242958,0.3537696821890837,3.4121459327526185,0.6576600649560265,35.41283411270481,5.950868349468404
71.94000000000283,0.008076053553003759,0.34828910528646595,3.4115341852998684,0.6567711693344831,35.38908674049562,5.948872728550815
71.96000000000282,0.014810492098126573,0.32176359225998585,3.4109152773559392,0.6559924413539655,35.369029048513006,5.9471866498801775
71.98000000000282,0.020818009677786166,0.27598295752375457,3.4102928637865633,0.6552924280410594,35.35148067237625,5.945711115785583
72.00000000000048,0.025739782356829787,0.21372506382590756,3.4096699774333006,0.6546357040352752,35.33503968952541,5.944328363198437
72.02000000000281,0.029280929742760697,0.13857547578132867,3.4090470632130057,0.6539869331897533,35.31821608822945,5.942913097819069
72.0400000000028,0.03122479915864112,0.05473990037842296,3.4084214740567833,0.6533150404162082,35.29959175222403,5.941345954598506
72.0600000000028,0.031443470349564635,-0.033146138031592706,3.407788812660901,0.6525968016765943,35.27798273085309,5.939527147076027
72.0800000000028,0.029904407942990537,-0.12021307607720749,3.407145497609883,0.6518192522949294,35.25257727738562,5.937388085461959
72.1000000000028,0.0266730919263321,-0.20156485799493426,3.40649122709521,0.650980518290073,35.223025568612336,5.934898951845122
72.12000000000279,0.021911329949688464,-0.2725038622036113,3.4058299886636543,0.6500889602498577,35.18946423633601,5.932070821925174
72.14000000000279,0.015870883763803103,-0.3287741488824908,3.405168951339075,0.6491608346914867,35.152470052361444,5.928951851074643
72.16000000000278,0.008882095550578418,-0.36681640460143516,3.404515639641108,0.6482169613124619,35.11295045792368,5.925618149857758
72.18000000000278,0.0013374188859755901,-0.3840192668598988,3.403874689556196,0.6472790717695214,35.07199129221169,5.922161032276283
72.20000000000049,-0.006329852907272222,-0.37894386854920353,3.403245759291052,0.6463665566555689,35.030690813974275,5.918673061926489
72.22000000000277,-0.01367084863397226,-0.3514934219202133,3.402623658517404,0.6454942028983536,34.99001124870695,5.9152355192931205
72.24000000000277,-0.020248982116635606,-0.30299921103494826,3.4020007076601853,0.6446712466783487,34.95067360405103,5.911909471909311
72.26000000000276,-0.02566849585197523,-0.2361994962696245,3.401370259344163,0.6439017228264559,34.9131096823557,5.908731647515878
72.28000000000276,-0.029601394101628063,-0.15509859232943538,3.400729743382092,0.6431857654671229,34.87747054974737,5.905715075225639
72.30000000000275,-0.031810365403097014,-0.06470853798400301,3.4000818217344126,0.6425213031817295,34.84367770628019,5.9028533529370515
72.32000000000275,-0.0321655120430293,0.02930725198811572,3.3994331528741215,0.6419055604449004,34.81149574505322,5.900126756693726
72.34000000000275,-0.0306532518489756,0.12105354490229076,3.3987914150116403,0.6413359330925569,34.78060521500794,5.897508390414374
72.36000000000274,-0.02737656809567807,0.20484090914931852,3.398162055861958,0.6408100927525696,34.750660835090365,5.89496911231012
72.38000000000274,-0.0225467273714437,0.2755935576119251,3.3975463219142275,0.6403254913488994,34.721330019232845,5.892480803467487
72.40000000000049,-0.016467497750439,0.32918536592922887,3.3969414400654334,0.6398786701492075,34.692315783169036,5.890018317727801
72.42000000000273,-0.009513620452304281,0.3626750254297516,3.3963427296932003,0.6394648468377491,34.663373080230265,5.887560876987198
72.44000000000273,-0.002105701519840424,0.37442839091925506,3.3957464684969496,0.6390781363984139,34.6343269442238,5.885093622383913
72.46000000000272,0.005316246502954631,0.364133306824148,3.395151998633575,0.6387125016548414,34.60509541264459,5.882609575064844
72.48000000000272,0.012318632830649419,0.3327257310999623,3.394562001732868,0.6383632224694042,34.575712917527326,5.880111641587031
72.50000000000271,0.018497967849087495,0.28225333959336674,3.3939808571885277,0.6380284308064884,34.546344212065875,5.877613819575583
72.52000000000271,0.02350141472016556,0.21570328814656894,3.3934120174839038,0.6377101703996121,34.517277698133626,5.875140653476615
72.5400000000027,0.027043722520172158,0.1368155088280174,3.3928558612558075,0.6374145378798816,34.48889108116975,5.872724332128127
72.5600000000027,0.028920394638761934,0.049894255294701526,3.3923092450842316,0.6371507150575745,34.461590288220236,5.87039949988246
72.5800000000027,0.029017105981489617,-0.04037868660240473,3.391767086907763,0.6369290269126952,34.43573167267219,5.868196628664737
72.60000000000049,0.027315373388614353,-0.12913296276111322,3.3912252304923296,0.6367584545814182,34.41154443075305,5.866135391444102
72.62000000000269,0.02389436367330382,-0.21150822714907455,3.390683120532897,0.6366442102169757,34.38907241580326,5.864219676632455
72.64000000000269,0.01892857577138737,-0.2828689773259512,3.3901448421638243,0.6365859943595737,34.368151325207776,5.862435613736647
72.66000000000268,0.012681042263192869,-0.33903751682112665,3.389617852655672,0.6365774090520049,34.3484295178262,5.860753323407
72.68000000000268,0.005491731110195571,-0.3765392947270224,3.389109880732551,0.6366067366729081,34.32943079523279,5.859132256164968
72.70000000000267,-0.002238969614982233,-0.39284612731867036,3.3886254180665096,0.6366589853767806,34.31064808774493,5.857529179418992
72.72000000000267,-0.010071428431834333,-0.38659483190119376,3.3881634957371682,0.6367188200814858,34.29165036978883,5.8559073054300335
72.74000000000267,-0.017551845579376828,-0.3577535951792589,3.3877178757874913,0.6367738005011533,34.27218242623312,5.85424482117319
72.76000000000266,-0.02423989306727866,-0.3077075603476,3.387279655309095,0.636817267077687,34.252238270295805,5.852541180572402
72.78000000000266,-0.029737053146923337,-0.23923979925520794,3.3868411245381043,0.6368502594976994,34.232093280113915,5.850819881017866
72.8000000000005,-0.03371340584373529,-0.1563941143764903,3.3863991065734806,0.6368820100410223,34.21228648519942,5.849126984875556
72.82000000000265,-0.03593048714168915,-0.06422089562000159,3.385956239576475,0.6369288015734063,34.193552081171454,5.8475252954708505
72.84000000000265,-0.03625803200200029,0.03157583439971516,3.385519634727528,0.6370112821676058,34.17670753197702,5.846084803693581
72.86000000000264,-0.03468294063380802,0.12505640384167216,3.3850975842302184,0.6371506372477023,34.16251374507385,5.844870720988947
72.88000000000264,-0.03130960179120301,0.21048381161045648,3.38469590043802,0.6373642779693401,34.15152954452316,5.843931001006356
72.90000000000263,-0.026351649128009948,0.2827342534310002,3.3843156017142433,0.6376618527458703,34.14398634528119,5.84328557793312
72.92000000000263,-0.020116151810610036,0.3376368529906984,3.3839529656368357,0.63804238277522,34.13970789046809,5.842919466368511
72.94000000000263,-0.012981985460391197,0.37221218135632467,3.383601795846017,0.6384931461638905,34.13809328090192,5.842781296685844
72.96000000000262,-0.005374570495333205,0.3847963036566153,3.383256677652234,0.6389906110150431,34.13816993402982,5.842787856325935
72.98000000000262,0.0022607489384887294,0.3750547595918762,3.3829155549475716,0.639503306626121,34.13870890475395,5.842833978879936
73.0000000000005,0.009484652297367098,0.34390523429602105,3.3825803564742896,0.6399961133780594,34.13838171672503,5.8428059797262675
73.02000000000261,0.01588755195506311,0.29337589129114117,3.382255425309659,0.640435144043186,34.135929074447446,5.842596090305015
73.0400000000026,0.021110063264465448,0.22642756600792074,3.381944641672632,0.6407922619757233,34.13030994271617,5.8421151942354035
73.0600000000026,0.024859757513821787,0.14676307890559354,3.381648802917617,0.6410483718826885,34.120804889844,5.841301643456191
73.0800000000026,0.026924101343420655,0.05863815328757942,3.381364695048558,0.6411949070866318,34.10705868074936,5.840124885715147
73.1000000000026,0.027179677167657394,-0.03332138668485192,3.381086419288782,0.6412333516426854,34.089060898981124,5.838583809365172
73.12000000000259,0.025597786534986705,-0.1242996115827293,3.3808083611695205,0.6411730729351856,34.06707648894987,5.836700822292494
73.14000000000259,0.02224641574871819,-0.20947577333721024,3.3805283024639268,0.6410280946517383,34.04154762563703,5.834513486627401
73.16000000000258,0.01728837133010637,-0.28422321086548125,3.380249034050971,0.6408136311355834,34.01299239150558,5.832065876814628
73.18000000000258,0.010975259218059185,-0.3443262857973273,3.379977518430659,0.6405431964822855,33.98192388108715,5.829401674364801
73.2000000000005,0.0036369605146157956,-0.3862126447441126,3.379721846381837,0.6402269102300736,33.948806435030235,5.826560429192358
73.22000000000257,-0.0043336039035966,-0.4071894308822382,3.37948734835198,0.6398713033627349,33.91405566559786,5.823577565860856
73.24000000000257,-0.012500313521918485,-0.405663626835438,3.3792737025169934,0.6394805642918291,33.87807821421078,5.820487798648046
73.26000000000256,-0.02040772244146411,-0.381320433478631,3.3790744762935905,0.6390588352735578,33.84133803229305,5.817330834007384
73.28000000000256,-0.02760784328147744,-0.33523115508436163,3.378879424508416,0.6386129371501702,33.80442992832945,5.814157714435466
73.30000000000256,-0.0336881638384164,-0.26986482265157513,3.3786785710757097,0.638154798761513,33.76813881419214,5.811035950172064
73.32000000000255,-0.03829877842938136,-0.18898611644516689,3.3784662434625763,0.6377029059199066,33.73346449188348,5.808051695007843
73.34000000000255,-0.041176293770294005,-0.09743553409778168,3.378243227577737,0.6372822538376637,33.70159665868362,5.805307628255683
73.36000000000254,-0.04216224938368941,-0.0008041585344680698,3.378016073811541,0.6369225623092377,33.673832744761064,5.802915882964449
73.38000000000254,-0.04121420702501934,0.09496816509704863,3.3777939055579047,0.6366548561655153,33.65144172726303,5.800986271942301
73.4000000000005,-0.03840837789792373,0.18402950950682773,3.3775842308771447,0.636506870145845,33.635489090495895,5.799611115453854
73.42000000000253,-0.03393356705353543,0.26103937599879995,3.377389689270954,0.6364980403562418,33.62664955852005,5.79884898566259
73.44000000000253,-0.028077167670521017,0.32153318007845344,3.377207178952335,0.636635024463782,33.62504215680641,5.798710387388424
73.46000000000252,-0.021204764495979724,0.3621921457068809,3.377029648460586,0.6369086937406505,33.630123465934155,5.799148512146775
73.48000000000252,-0.013735462232800266,0.38099920629304923,3.3768495659690534,0.6372933370124596,33.64066766084813,5.800057556684083
73.50000000000252,-0.006115260053627435,0.37727976631325105,3.376662312950435,0.6377484294740134,33.654846521962874,5.801279731400898
73.52000000000251,0.001209352306821042,0.35164241024190573,3.3764678486628834,0.6382228180387756,33.6704023391144,5.802620299409087
73.54000000000251,0.007815822960235969,0.3058455148125326,3.3762698971073872,0.638660669440852,33.684886818612284,5.8038682633750645
73.5600000000025,0.013326806862507111,0.2426196064178149,3.3760731663521373,0.6390081423822186,33.695925249521,5.8048191401215075
73.5800000000025,0.017427668695968845,0.16547232682507462,3.3758800994310665,0.6392195838829239,33.70146096701419,5.8052959413809555
73.6000000000005,0.019880077203892947,0.07849494417219452,3.3756888880452296,0.6392621606379697,33.69994122731017,5.805165047378943
73.62000000000249,0.020531826979360186,-0.01382080830078845,3.3754938390092835,0.639118193461911,33.69041970492545,5.804344898860289
73.64000000000249,0.019323100471901677,-0.10675634386110551,3.3752879833379676,0.6387849744254467,33.672568828815194,5.802806978421322
73.66000000000248,0.01628929473983028,-0.19553771618559948,3.3750666522754704,0.6382723798751679,33.64661257195671,5.800570021295899
73.68000000000248,0.011560356980286502,-0.2755148665394774,3.374830195728249,0.6375990150622312,33.61320334286971,5.797689483136339
73.70000000000248,0.005356387598287,-0.342356558238518,3.374584371330502,0.6367878410960833,33.57327300268301,5.794244817289222
73.72000000000247,-0.0020208369452709295,-0.3922632117388827,3.374338031474702,0.635862207824203,33.52788721236173,5.790327038463522
73.74000000000247,-0.010200735232709297,-0.42219173685530725,3.374099057350364,0.6348429803580267,33.47812549702086,5.786028473575019
73.76000000000246,-0.018761292997605768,-0.43007764108931223,3.373870392757491,0.6337470884871517,33.424999140172126,5.781435733463802
73.78000000000246,-0.02725066803132966,-0.4150319387724072,3.3736480680306196,0.6325874551746209,33.369408417471526,5.7766260409924
73.80000000000051,-0.035212255672757285,-0.3774855577634205,3.3734222379464764,0.6313739673700893,33.312132485308005,5.7716663525630105
73.82000000000245,-0.04221188366348041,-0.3192534799974864,3.3731808816559057,0.6301149949899564,33.253840984009116,5.766614343270158
73.84000000000245,-0.04786528967078641,-0.243495768481692,3.3729145706945456,0.628818950583791,33.19511611378241,5.761520295354552
73.86000000000244,-0.051863673292577434,-0.1545630327323371,3.372620191165474,0.6274954838032666,33.13647640519554,5.756429136643266
73.88000000000244,-0.053995006835490224,-0.057728607297560554,3.372301961342027,0.6261560728047948,33.078396957821454,5.7513821780352465
73.90000000000244,-0.05415900165490493,0.04117352016978948,3.37196931082096,0.6248139586377794,33.02132412235409,5.746418373417836
73.92000000000243,-0.052374167209267575,0.13617052685136294,3.371632611966781,0.6234835276401054,32.96568469771385,5.741575105989109
73.94000000000243,-0.04877620750519359,0.22158714696337597,3.3712987127948155,0.6221793548240439,32.91189066327869,5.736888587316185
73.96000000000242,-0.04360794873081837,0.29244829773790143,3.370968267025125,0.6209151674469114,32.86034065557518,5.732393972466929
73.98000000000242,-0.03720191815498691,0.3448050715839349,3.3706359783103523,0.619702973979363,32.81141923939848,5.72812528139866
74.00000000000051,-0.02995743212462566,0.3759542497598697,3.370293495258002,0.6185525386154929,32.765494651096986,5.72411518499558
74.02000000000241,-0.022314475639674737,0.3845391725052521,3.369933468791024,0.6174712782848357,32.72291494610505,5.720394649506715
74.04000000000241,-0.014726714264613763,0.3705380385416078,3.3695527900862268,0.6164645345999682,32.6840011801094,5.716992319402694
74.0600000000024,-0.007635700822148596,0.33516054957020636,3.369153488720456,0.6155360506439751,32.64903457399607,5.713933371504788
74.0800000000024,-0.0014478234465799833,0.2806823693646061,3.368740953093961,0.614688392980432,32.61823331268612,5.711237458965099
74.1000000000024,0.0034850726752936614,0.21024815550048293,3.3683204625755447,0.6139230358287862,32.591714843849715,5.708915382439095
74.12000000000239,0.0068810298811062525,0.1276687280448687,3.3678938505749714,0.6132398899021549,32.56944222866449,5.706964361958509
74.14000000000239,0.008539351189485298,0.03722855811687269,3.367458048058402,0.6126362121618665,32.55115835784995,5.705362245979649
74.16000000000238,0.008348280850690325,-0.05649091271184782,3.3670063198468085,0.6121050434633445,32.53631855040758,5.704061583679438
74.18000000000238,0.0062892845710459605,-0.14877585186229753,3.3665316537090075,0.6116335315361846,32.524037972615055,5.702985005469947
74.20000000000051,0.0024380825945477143,-0.23494201057711459,3.3660306522424435,0.611201638813801,32.5130728189424,5.702023572289262
74.22000000000237,-0.0030376224577953583,-0.31050495767570974,3.3655059567611456,0.6107817502320214,32.50185127138638,5.7010394904250905
74.24000000000237,-0.00988397525580581,-0.3713664622018468,3.3649658723829337,0.6103395582549513,32.48856148298783,5.699873812900408
74.26000000000236,-0.017770705532046276,-0.4140185008559985,3.3644211742062518,0.609836329667155,32.4712908986696,5.698358614431844
74.28000000000236,-0.026305071705265047,-0.43575792809086217,3.363880439285009,0.6092323168331119,32.448197628908346,5.696331945112429
74.30000000000236,-0.035050080238735314,-0.4348960787854811,3.363346016315133,0.6084907623358504,32.41768455615987,5.693653006300952
74.32000000000235,-0.04354665891157001,-0.410940235160244,3.3628125368512367,0.6075817583247689,32.378543851321325,5.690214745624397
74.34000000000235,-0.05133895170169263,-0.36471963561064363,3.362268765526697,0.6064852249524776,32.33004505538662,5.68595155232496
74.36000000000234,-0.058001350635037814,-0.2984289416680084,3.361702081919071,0.6051924723802115,32.27195273624765,5.68084084764286
74.38000000000234,-0.06316538482583493,-0.21556767051090275,3.3611036760894994,0.6037061530757589,32.204476654601734,5.674898823292072
74.40000000000052,-0.06654425814225406,-0.1207650098756441,3.360472187788033,0.6020387976538197,32.12817384053378,5.6681720016715955
74.42000000000233,-0.06795276002561876,-0.019494448976344062,3.359814197617156,0.60021044906333,32.04383349539862,5.660727293855325
74.44000000000233,-0.06732052950166727,0.08230065590505696,3.359141382557463,0.5982460788393923,31.95237891417133,5.6526435332657705
74.46000000000232,-0.06469723086213583,0.178634423726105,3.3584656355134914,0.5961734439293586,31.85481452972383,5.644006956916675
74.48000000000232,-0.06024903291865474,0.26391262330087323,3.3577943360070095,0.5940218385250182,31.75223213503958,5.63491190126692
74.50000000000232,-0.05424674142066951,0.3333254170639632,3.357127842312477,0.5918218780034581,31.645872038003134,5.625466384043472
74.52000000000231,-0.047046848996144,0.3831568625277975,3.3564602170112554,0.5896061159575643,31.537217280047578,5.615800680227849
74.54000000000231,-0.039067474955017945,0.4109832093588144,3.355782697403946,0.5874100330612029,31.428086771155254,5.606075879896316
74.5600000000023,-0.030761548506511072,0.41575021444046195,3.3550881796593286,0.5852728111125439,31.320689296944767,5.596489015172349
74.5800000000023,-0.02258959804809786,0.39773803441378736,3.354374574055978,0.5832373356720297,31.21760557308399,5.587271746844249
74.60000000000052,-0.014994183022134058,0.35843682166348567,3.3536454881232687,0.581349033749051,31.12167847523819,5.578680710995942
74.62000000000229,-0.008377449880931401,0.3003641852629701,3.3529080109958893,0.5796534011323875,31.035809497769886,5.570979222521825
74.64000000000229,-0.0030826523359000864,0.2268562784954552,3.3521687782160776,0.5781923523203348,30.962679039125597,5.564411832271727
74.66000000000228,0.000620110033137389,0.14185844782871662,3.3514303247456523,0.5769997853715745,30.904425844930575,5.55917492483647
74.68000000000228,0.0025441044369061538,0.049731450218593855,3.350689591578079,0.5760969560307825,30.862333632112897,5.55538780213523
74.70000000000228,0.0025925075311387705,-0.0449218180289475,3.349939403331464,0.5754883727903607,30.83657783531958,5.553069226591686
74.72000000000227,0.0007616562548572939,-0.13741360835929203,3.3491722761108953,0.5751589394473472,30.826080838814548,5.552123993465433
74.74000000000227,-0.002858771714699656,-0.2231230712625413,3.3483847413385592,0.5750729751884399,30.828509900235403,5.552342739802309
74.76000000000226,-0.008088657445674562,-0.2976543678313528,3.347580048705713,0.5751755349044676,30.84043023423146,5.553416086899257
74.78000000000226,-0.014663645538067583,-0.3570101428683065,3.346767809137362,0.5753961482552066,30.857600370426795,5.554961779384876
74.80000000000052,-0.022245000799752803,-0.39778302816218414,3.345960545164697,0.5756547280564158,30.87537306048964,5.55656126219172
74.82000000000225,-0.03043343514475928,-0.4173594613680046,3.3451685817053827,0.575869022477826,30.889147641253874,5.557800611865622
74.84000000000225,-0.038787020140542756,-0.41412132608084284,3.344395548796149,0.57596267445514,30.894812256162766,5.558310197907523
74.86000000000224,-0.04684293196984169,-0.38762338538196484,3.3436365759621647,0.5758727799840007,30.889117634833777,5.557797912378047
74.88000000000224,-0.05414228251244511,-0.3387198268361117,3.342880104050614,0.575555857253717,30.86993671384613,5.556072058014198
74.90000000000224,-0.06025674437801268,-0.2696128336920781,3.3421126367859104,0.5749913625675712,30.836383097409758,5.55305169230485
74.92000000000223,-0.06481517472608764,-0.18380085268333474,3.341324425928876,0.5741822806116316,30.78878256478066,5.548764057407799
74.94000000000223,-0.06752808845877412,-0.08591432056516465,3.34051363840817,0.5731528002327004,30.728512298591873,5.543330433826931
74.96000000000222,-0.0682077250480094,0.018558982679257444,3.3396872026784674,0.5719435658027298,30.65773971538249,5.536943174295948
74.98000000000222,-0.06678166077599101,0.1236402492769085,3.3388579897899846,0.5706053730694888,30.579104780325256,5.529837681191489
75.00000000000053,-0.06329845186766425,0.22328344272471287,3.3380395968099457,0.569192383956879,30.495394944588394,5.522263570727894
75.02000000000221,-0.05792459713215394,0.3118114814189327,3.337241038363945,0.5677559324991823,30.40925939776164,5.514459121052729
75.04000000000221,-0.05093305994463817,0.38431617350191505,3.336463649269309,0.5663397958850974,30.3229993003908,5.506632301179261
75.0600000000022,-0.04268452523155009,0.43697840980268454,3.33570146620984,0.5649774645693167,30.238454693152054,5.498950326485233
75.0800000000022,-0.03360331861635131,0.46727806056679794,3.3349447684852453,0.5636915433324029,30.15698995998383,5.491538032280559
75.1000000000022,-0.024150351603739566,0.474080988104778,3.33418504489663,0.5624950332692636,30.079561858048397,5.4844837366928525
75.1200000000022,-0.01479551764460816,0.45760945971039296,3.333419057133157,0.5613939480196414,30.00684067022617,5.477850004356286
75.14000000000219,-0.0059916725391023756,0.4193179801671201,3.3326501517265092,0.5603905445232474,29.939348194272224,5.471686046756724
75.16000000000219,0.0018482143062232923,0.36170601177016815,3.3318862988945797,0.5594864120383126,29.8775766937662,5.466038482645928
75.18000000000218,0.008369812632484486,0.2881009984902745,3.331135887776821,0.558684756242675,29.8220598757402,5.460957780073034
75.20000000000053,0.013291791835746634,0.20244015635511814,3.3304033635045713,0.5579914164474489,29.773378815851927,5.456498768977404
75.22000000000217,0.01641597107167484,0.10906983159824907,3.3296868619611923,0.5574144299159648,29.73210045319022,5.452714961667281
75.24000000000217,0.017633702894912544,0.012569779880304943,3.3289790484335104,0.5569622649325684,29.69866153428818,5.449647835804455
75.26000000000217,0.016928973338967764,-0.08240069217093088,3.328270835771741,0.5566411342054849,29.673224265974376,5.447313490701116
75.28000000000216,0.014378562351988384,-0.17124490952936886,3.3275562588320686,0.5564520213202351,29.65553892189134,5.445689939933354
75.30000000000216,0.010149369073953201,-0.2495723026831839,3.3268361726568147,0.5563881583542876,29.644850892202506,5.444708522244556
75.32000000000215,0.004492757609645588,-0.3133544018138157,3.3261189192453453,0.556433648178846,29.639883607993593,5.4442523460980015
75.34000000000215,-0.002264396444196939,-0.3590991202485625,3.325417467712467,0.5565637206138143,29.638914486383133,5.444163341265868
75.36000000000215,-0.009732317477891645,-0.38404117939222354,3.324744160217655,0.5567467739432437,29.639940907416026,5.444257608472989
75.38000000000214,-0.017474826956073955,-0.38633769401717816,3.324105345890065,0.5569479491454165,29.640911822187274,5.44434677644502
75.40000000000053,-0.025029650403994737,-0.3652498055845694,3.323498321638146,0.5571336098533577,29.639983528917508,5.444261522825434
75.42000000000213,-0.0319320122579047,-0.32128535248765305,3.3229120416971147,0.5572758566362007,29.635750308471483,5.443872730737878
75.44000000000213,-0.03774046714538626,-0.25627535875514357,3.3223314207338404,0.5573561619794202,29.62740444797609,5.4431061396941445
75.46000000000213,-0.04206338841951632,-0.17335964931244915,3.3217434632762393,0.5573673923282678,29.614795005873038,5.4419477217144445
75.48000000000212,-0.04458411086962962,-0.076864769589453,3.3211426182540746,0.5573138452041265,29.598376928476533,5.440439038209741
75.50000000000212,-0.04508250734107437,0.027929972417158028,3.320533062677377,0.5572093815058441,29.579066403697055,5.438664027470079
75.52000000000211,-0.04345085127001496,0.1351266116206311,3.3199269379780043,0.5570741577355595,29.558038632397377,5.436730509451189
75.54000000000211,-0.0397022164939841,0.23861476793018552,3.319339316533271,0.5569307473293137,29.536515271547614,5.43475070923659
75.5600000000021,-0.03397036672985508,0.33250873778017864,3.3187820868159137,0.5568005098162775,29.51558754961916,5.432825006349749
75.5800000000021,-0.026500995621759862,0.4115671462268395,3.3182593871093955,0.5567009089473531,29.496107662582528,5.431031915076777
75.60000000000053,-0.017635144774297843,0.47154825339303086,3.317766497526215,0.556644152626069,29.478659400020938,5.429425328708457
75.6200000000021,-0.007786479922673437,0.5094638798560459,3.3172925467514407,0.5566371357349242,29.46359566205691,5.428037920101232
75.64000000000209,0.0025853098108497407,0.5237113153499966,3.3168257033128485,0.5566823329279872,29.45111284721353,5.42688795233636
75.66000000000209,0.013002503320101512,0.5140818459347609,3.3163584553205845,0.5567791055364779,29.441325284143304,5.425986111679913
75.68000000000208,0.02299640051752544,0.48166239882073886,3.3158906068153344,0.5569248915953681,29.434308421073546,5.425339475191718
75.70000000000208,0.03213157622828412,0.428659555910837,3.3154287095215804,0.5571159146260275,29.430094755688163,5.424951129336389
75.72000000000207,0.040026126722354935,0.3581806271621533,3.314982303776223,0.5573473021952879,29.428625937951757,5.4248157515211295
75.74000000000207,0.04636738522203757,0.2740043823095393,3.314558808702312,0.5576127576144858,29.429681629080733,5.424913052674737
75.76000000000207,0.050923162063631,0.18036598124520045,3.3141595140785904,0.5579040968202391,29.43281520528959,5.425201858483202
75.78000000000206,0.05354894529326791,0.08176928077286585,3.313778606451108,0.5582110016099255,29.437325606940725,5.425617532312863
75.80000000000054,0.05419164301072347,-0.0171719151845269,3.313405745033877,0.5585212504292906,29.442284287150123,5.4260744822707805
75.82000000000205,0.052890381485432465,-0.11187139860182117,3.31303103383439,0.5588215117958534,29.446620022182575,5.426473995347492
75.84000000000205,0.04977465789652192,-0.19789992109136087,3.312650079935974,0.5590985901698804,29.449247591517846,5.426716096454452
75.86000000000205,0.045059871253496774,-0.27112012360512305,3.3122667213552024,0.5593408643726812,29.449213967581407,5.426712998453245
75.88000000000204,0.03904000931330428,-0.3278372282159459,3.3118920150004056,0.5595395944910547,29.445830697116516,5.4264012657668905
75.90000000000204,0.03207712809924179,-0.3649689884877197,3.3115397535086424,0.5596898010272554,29.43876407596409,5.4257500933939165
75.92000000000203,0.024587274109762178,-0.3802298936718864,3.3112203778644447,0.5597905190182959,29.428063864569292,5.424763945515905
75.94000000000203,0.0170226874840631,-0.37231589877426585,3.310935947702255,0.559844366330817,29.41412393232785,5.423478951035751
75.96000000000203,0.00985047691240372,-0.3410684845414238,3.310678452602932,0.5598565060759114,29.397581551088997,5.421953665523987
75.98000000000202,0.003528434290208529,-0.28759209895625565,3.310432344395591,0.5598332021128826,29.379173780141617,5.420255877736919
76.00000000000054,-0.001520808789452412,-0.21429826068198496,3.310180347568964,0.5597802470157053,29.359577839907725,5.418447917984238
76.02000000000201,-0.004935578853749395,-0.12485374857803948,3.3099101596315523,0.5597015755331851,29.339266475846667,5.41657331491476
76.04000000000201,-0.006438842220927416,-0.024019624019485732,3.309619225523377,0.5595983627672262,29.318408469487796,5.414647584976127
76.060000000002,-0.0058575666573977905,0.08261839098880341,3.3093155594587755,0.5594688484845998,29.296838518497097,5.412655403634809
76.080000000002,-0.00313573005568154,0.18901141162031979,3.309014260676465,0.5593090306424938,29.274110044788767,5.410555428492417
76.100000000002,0.0016605602432822096,0.28906825876982706,3.3087312022543762,0.5591142346344382,29.24963009425943,5.408292715290051
76.120000000002,0.0083465970361955,0.37709146972028906,3.3084765657263695,0.5588813960653596,29.22285916181085,5.405817159487625
76.14000000000199,0.01663106617659198,0.4481795222477945,3.308250928490209,0.5586117129534796,29.19354315944468,5.403104955434855
76.16000000000199,0.02613536359187478,0.4985503184673268,3.308045475448022,0.5583131649757807,29.161933070720934,5.400178985063452
76.18000000000198,0.03641830747022702,0.5257531205478171,3.3078461048027425,0.5580023115324161,29.128943256119022,5.397123609490431
76.20000000000054,0.04700383283947051,0.5287540069013176,3.30763952398076,0.5577048108411792,29.09620412953641,5.394089740589825
76.22000000000197,0.05740915339453596,0.5078994718996976,3.3074186164527997,0.5574542682567781,29.065979614921403,5.391287380108892
76.24000000000197,0.06717114572089938,0.4647798165331831,3.307184751138631,0.5572893063874798,29.040942964500374,5.388964925150318
76.26000000000197,0.07586926642288147,0.4020250111481136,3.306946117253446,0.5572490998993316,29.023832598868616,5.387377153946864
76.28000000000196,0.08314401285291745,0.3230690744154539,3.3067129655495835,0.5573679587065753,29.01703715916574,5.386746435388038
76.30000000000196,0.0887106298501852,0.23191495934406559,3.3064920216978257,0.5576697943642157,29.022179365861177,5.387223715965504
76.32000000000195,0.09236831656270571,0.1329224503298821,3.306282694196128,0.5581634008768884,29.039775378702274,5.388856592887055
76.34000000000195,0.09400551848608872,0.03062950100643409,3.3060768692858975,0.5588393910333774,29.069036527967555,5.391570877579887
76.36000000000195,0.09360197901320806,-0.07039420009094899,3.305862438505374,0.559669365957336,29.107854461796723,5.395169548938822
76.38000000000194,0.09122810645779537,-0.16567144013905413,3.305628977201953,0.5606075164083755,29.15297494268559,5.399349492548671
76.40000000000055,0.08704195938592961,-0.2509339854752467,3.305372962393773,0.5615944456349052,29.20032915693897,5.403732890968888
76.42000000000193,0.08128385623722105,-0.32224581280464615,3.3051000579246383,0.5625626536211804,29.245463917291456,5.407907535941369
76.44000000000193,0.07426836271601339,-0.37614328960349364,3.3048232569914795,0.5634428962589337,29.283999562057765,5.411469260936236
76.46000000000193,0.0663732728569437,-0.4097954491870032,3.304557508341971,0.5641705578193001,29.31204756653661,5.414060173893213
76.48000000000192,0.05802522190727235,-0.421178881786055,3.3043130537019945,0.564691242530275,29.326535266783452,5.4153979786146325
76.50000000000192,0.04968176607966446,-0.4092531435848382,3.3040903573643745,0.5649649678754899,29.325406781131015,5.415293785302051
76.52000000000191,0.04181012202076492,-0.37411533708934946,3.3038789113208558,0.5649685839578316,29.30769151328565,5.413657868141064
76.54000000000191,0.034863236252225385,-0.3171080461338232,3.3036605916849937,0.5646963049870934,29.273450594604455,5.410494487069038
76.5600000000019,0.02925438444791848,-0.2408542222387231,3.303416307049637,0.5641584829208838,29.2236254779545,5.40588803786709
76.5800000000019,0.025331993877282844,-0.1491969216183682,3.303133248601341,0.5633789540207501,29.159821509834075,5.399983473107494
76.60000000000055,0.023356739208364837,-0.04703114068826677,3.3028097483673347,0.5623914340967548,29.08406337270139,5.392964247304203
76.6200000000019,0.023483085412967498,0.05997124659272608,3.3024557196322157,0.5612355229682404,28.998559470234962,5.385031055642573
76.64000000000189,0.025747271721210274,0.1657263005883856,3.3020884897120073,0.5599528982810387,28.905508751631103,5.3763843567616245
76.66000000000189,0.030063227063426304,0.2641597418467699,3.3017257594679728,0.5585842235353408,28.806975760736268,5.367213034782229
76.68000000000188,0.03622712544517474,0.3496411743799429,3.301378612854267,0.5571671556384297,28.704847576513405,5.357690507720038
76.70000000000188,0.04393034140509492,0.4173817702141389,3.301047444587463,0.5557356178251955,28.600870471878352,5.347978166735383
76.72000000000187,0.05277961138791381,0.46375049283810194,3.3007224028605235,0.5543202342905641,28.496746799390305,5.3382344271669355
76.74000000000187,0.06232241958299024,0.4864762724874536,3.3003880098759435,0.5529495587451893,28.394257433273772,5.328626223828593
76.76000000000187,0.07207514919377515,0.4847216271855833,3.3000298616930066,0.5516515366876442,28.295366098906293,5.319338877990976
76.78000000000186,0.08155144912072258,0.45903304100591774,3.299640475136523,0.5504545756935114,28.202262260698095,5.310580218836553
76.80000000000055,0.09028855232598448,0.4111906783986079,3.2992217912501434,0.5493876847910456,28.117310116177713,5.302575800135036
76.82000000000185,0.09786985797272389,0.343991209738603,3.2987833568789315,0.5484793700631256,28.042891374421167,5.295553925173566
76.84000000000185,0.10394281276595912,0.26100097756523116,3.298337123127221,0.5477552901885323,27.98115513847356,5.2897216503776034
76.86000000000185,0.10823184176980023,0.1663126181778743,3.297891285281331,0.5472350088025543,27.933713666432205,5.285235440964972
76.88000000000184,0.11054665137062336,0.06432856215737773,3.297445996659514,0.5469284483152357,27.901341477627906,5.2821720416536895
76.90000000000184,0.11078657356078483,-0.04041755705472891,3.296992941025821,0.5468327833662235,27.88374147075661,5.280505796868006
76.92000000000183,0.10894171771057466,-0.14340261666904655,3.2965190144650443,0.5469304766067845,27.879432620420296,5.280097785119163
76.94000000000183,0.10509157675421656,-0.2402291263960207,3.29601250755569,0.5471889658612688,27.88579102054167,5.280699860865194
76.96000000000183,0.09940147122650035,-0.3267290330467072,3.295469012839399,0.5475622123528182,27.899245482008542,5.281973635111078
76.98000000000182,0.09211689832493847,-0.39907180612649046,3.2948943335103356,0.5479939892587016,27.915598859805588,5.283521445002905
77.00000000000055,0.08355557329902483,-0.45388858434331864,3.2943029300150264,0.5484225004611302,27.930424404903643,5.284924257253234
77.02000000000182,0.07409677941426045,-0.48841731602892985,3.2937123749524386,0.5487857217554535,27.939477092927344,5.285780651230937
77.04000000000181,0.06416762715018332,-0.5006653716356997,3.2931360580380793,0.5490267738436351,27.93906328064655,5.285741507172532
77.0600000000018,0.05422598132737926,-0.4895774238138503,3.292577220017505,0.5490986661985223,27.926325026639493,5.284536406028394
77.0800000000018,0.04474013701738906,-0.4551888797178198,3.292026922084229,0.5489678731320996,27.899413265899916,5.281989517776414
77.1000000000018,0.03616577570792205,-0.39874003881440206,3.2914669589406915,0.5486163865855628,27.85754226153414,5.278024465795336
77.1200000000018,0.02892125177581025,-0.32272460526636026,3.2908766646488643,0.5480420989193694,27.800933264712874,5.272659031713778
77.14000000000179,0.02336276481005205,-0.23084921460939925,3.2902409082965645,0.5472575727892721,27.730666733187366,5.265991524222895
77.16000000000179,0.019761368501696564,-0.12788861911736843,3.2895560349807607,0.5462874347229926,27.648469852722137,5.258181230494261
77.18000000000178,0.018283954502947477,-0.019433795703290457,3.288831317810519,0.5451647755026101,27.556470216834953,5.2494257035255725
77.20000000000056,0.018980250844556172,0.088454091479339,3.288085320446676,0.5439270476614609,27.456947915581903,5.239937777834953
77.22000000000178,0.02177745372320392,0.18965493198757694,3.2873386629133083,0.5426120057666332,27.35211681325707,5.229925125014417
77.24000000000177,0.026483394316322323,0.2784241487417512,3.286606156468051,0.5412542192574099,27.24396069458248,5.219574761853927
77.26000000000177,0.032798223517027505,0.3498017627251832,3.2858915055035363,0.5398825848535247,27.134140608512087,5.209044116583396
77.28000000000176,0.04033362620476879,0.3999490731879897,3.2851866705703032,0.5385190794957134,27.023976632102766,5.198459063232369
77.30000000000176,0.04863772746095994,0.42637632373151213,3.2844760185552238,0.537178756503372,26.91449254555001,5.1879179393616095
77.32000000000176,0.05722328188413541,0.4280417169473118,3.2837433901599837,0.5358707504407955,26.80649899679089,5.177499299545186
77.34000000000175,0.06559654318233737,0.40532214649773257,3.2829790334763786,0.5345998791035056,26.70068331502486,5.167270393062943
77.36000000000175,0.07328441048002442,0.35987462694293626,3.282183476115424,0.5333683600224692,26.59767482558688,5.157293362373996
77.38000000000174,0.07985797273546132,0.2944207978328968,3.281366771051106,0.5321772130733581,26.49806390860482,5.147627017238605
77.40000000000056,0.08495129150545709,0.21249267842882955,3.2805435635043114,0.5310270862644633,26.402369270175495,5.13832358558465
77.42000000000174,0.08827501749681084,0.11817575006517562,3.2797262270358662,0.5299184724905315,26.31096683210395,5.129421685931461
77.44000000000173,0.08962508124033747,0.01587692731846356,3.2789191387560486,0.5288515115336176,26.224009709944813,5.120938362248155
77.46000000000173,0.08888713091518494,-0.08986723353311293,3.2781166556231938,0.5278257193047812,26.1413763698667,5.1128638129591035
77.48000000000172,0.08603756783946108,-0.19453954045620897,3.27730573244745,0.5268400010403934,26.062679617591012,5.105162055957774
77.50000000000172,0.08114196898306213,-0.2937565131078985,3.276472081501175,0.525893176228984,25.98735262193328,5.0977791852858125
77.52000000000172,0.0743514484625375,-0.38336292744413,3.27560719234491,0.5249850120028149,25.91480397392143,5.090658501011577
77.54000000000171,0.06589718452001818,-0.4595234679118471,3.2747130965542257,0.5241175095140637,25.844609167621158,5.0837593538267685
77.56000000000171,0.05608301724399027,-0.5188260237985597,3.2738026752325466,0.5232960054113508,25.77668880921997,5.0770748280107085
77.5800000000017,0.045275785080360974,-0.5584053517567162,3.27289518976839,0.5225296066159621,25.711420185307595,5.070642975531564
77.60000000000056,0.0338929707447037,-0.5760878752117813,3.272008772107341,0.5218305954414015,25.649640533238678,5.064547416427126
77.6200000000017,0.022387298645682077,-0.5705497091476599,3.2711529641677006,0.5212126973434753,25.592525087107138,5.058905522650837
77.64000000000169,0.01122816686144592,-0.5414719100792278,3.2703244635538056,0.5206884261657239,25.541354662300417,5.053845532097357
77.66000000000169,0.0008801840840619073,-0.4896706201201926,3.2695079697499096,0.5202660180792736,25.497217855966458,5.049476988358939
77.68000000000168,-0.00822043173298914,-0.41717637654236167,3.2686819448560813,0.5199466430287848,25.46071328573574,5.045861005392017
77.70000000000168,-0.015690319925258215,-0.3272374059907359,3.267827064229343,0.519722578930142,25.43172127160356,5.042987336054252
77.72000000000168,-0.021222576106055192,-0.22422695451412417,3.2669339839227054,0.5195768404058304,25.409300121780504,5.040763843087722
77.74000000000167,-0.024607445388505407,-0.11344481090926278,3.2660072806433003,0.5194844224127596,25.39173346367538,5.039021081884395
77.76000000000167,-0.02574801007126203,-0.0008172593974583395,3.265063946139218,0.5194149458321541,25.376720181351647,5.037531159343001
77.78000000000166,-0.024669016774008644,0.10748420437339537,3.2641270216418996,0.5193361827258385,25.361667345998455,5.036036869007062
77.80000000000057,-0.021517549324127472,0.20547005771475163,3.263216931917839,0.5192177723223946,25.344026919016855,5.0342851447863834
77.82000000000166,-0.016555076127707555,0.28775994965749274,3.2623440044899863,0.5190344446493451,25.321612490968317,5.0320584745179895
77.84000000000165,-0.010141363929607346,0.34996088862492397,3.26150515276786,0.5187682270516214,25.29284182841095,5.029198925118289
77.86000000000165,-0.002711688892784763,0.3889530155196287,3.260685974384207,0.5184093648588904,25.256870285383414,5.0256213830115986
77.88000000000164,0.005250481287939447,0.40305325346727316,3.2598672888268654,0.517955971679803,25.21360368697144,5.021314936047274
77.90000000000164,0.013242750548253406,0.3920461121095942,3.259033337190591,0.5174126705826657,25.163601882802347,5.016333509925586
77.92000000000164,0.02077240812132728,0.3570910764099738,3.2581782338660377,0.5167886448419933,25.107901788387615,5.010778561100821
77.94000000000163,0.027382164795515456,0.3005329866881314,3.2573080465006603,0.5160955630290603,25.047799060483257,5.004777623479714
77.96000000000163,0.032671429460220884,0.22565228512042346,3.256437747232203,0.5153457862169274,24.984630075255357,4.9984627712183025
77.98000000000162,0.036312318757622176,0.1363944019753861,3.2555844405112313,0.5145511385216026,24.91959158878255,4.99195268294708
78.00000000000057,0.03806033781368122,0.03711239748784274,3.2547598280538184,0.5137223695043184,24.853626159322193,4.985341127678446
78.02000000000162,0.03776025226294709,-0.06765370532291702,3.25396517181313,0.5128692936260013,24.787388926876787,4.978693495976308
78.04000000000161,0.03534801121228362,-0.17335054946898154,3.2531909365806553,0.5120014759399323,24.721297140700774,4.972051602779357
78.06000000000161,0.03084965855637464,-0.2755402590320358,3.252421286853408,0.5111292479324339,24.655649201207474,4.965445518904368
78.0800000000016,0.02437802382448027,-0.3699962126120207,3.251641521524217,0.5102647823520526,24.59078657748537,4.958909817438241
78.1000000000016,0.0161276886723389,-0.4527827057508741,3.250845239232564,0.5094229347661162,24.527261966430114,4.952500577125672
78.1200000000016,0.00636837419324148,-0.5203359113820577,3.2500380900562518,0.5086215802768301,24.465972842145376,4.946309011995245
78.14000000000159,-0.004563423116509403,-0.5695598607276698,3.2492363714724606,0.5078812417175294,24.408222863353405,4.940467878992171
78.16000000000159,-0.01627493103656085,-0.5979445485164715,3.2484608892142823,0.5072239179529885,24.355684907904564,4.935147911451547
78.18000000000158,-0.028330182110893446,-0.603704994561866,3.24772852459179,0.5066711655599258,24.310257604189207,4.930543337624081
78.20000000000057,-0.040266011030906664,-0.5859315752959738,3.2470449811022446,0.5062416445151983,24.27382934844207,4.926847810562253
78.22000000000158,-0.051611032471823984,-0.5447343077660552,3.2464017841816846,0.5059484822170671,24.24798577727714,4.924224383319381
78.24000000000157,-0.06190725618645876,-0.48135814051821635,3.245778927551433,0.5057969077245728,24.233713464000903,4.922774975966391
78.26000000000157,-0.07073350524735281,-0.39824369502416085,3.245152274774941,0.5057826259661228,24.231159344064157,4.922515550413646
78.28000000000156,-0.07772929833134004,-0.29900924848450694,3.244502864906246,0.5058913176369331,24.23949896859482,4.923362567249625
78.30000000000156,-0.0826174248087952,-0.18833575008046258,3.2438244413636284,0.5060994685805921,24.25694747052805,4.925134259137313
78.32000000000156,-0.08522317667190518,-0.07174734490086969,3.243126175672468,0.5063764894545248,24.280919401477902,4.927567290405875
78.34000000000155,-0.08548818997832244,0.0447057247695363,3.242429444358418,0.5066878427141139,24.308314413952832,4.930346277286498
78.36000000000155,-0.0834771456010423,0.15483897870449792,3.2417598836625108,0.5069987110838906,24.33588240629259,4.933141231131802
78.38000000000154,-0.07937618612558578,0.2527630066988093,3.241137834895816,0.5072776602513338,24.360609201353547,4.935646786526924
78.40000000000057,-0.07348275843191017,0.3333033683840231,3.240570932973338,0.5074997771576341,24.380063534517284,4.937617191978058
78.42000000000154,-0.0661875613833185,0.3923623692364398,3.240051718822578,0.5076488845242131,24.39265633941406,4.938892217837322
78.44000000000153,-0.0579501976583123,0.4271809377251886,3.2395611283089942,0.5077186063716079,24.397780429413313,4.939410939516302
78.46000000000153,-0.04927082749831649,0.4364735982790716,3.239076354115712,0.5077122474861656,24.395818557301723,4.93921234179112
78.48000000000152,-0.04066047123050622,0.4204291164972531,3.238579851123319,0.5076416142958481,24.38802679889457,4.9384235135207435
78.50000000000152,-0.032612551574447944,0.3805895356324874,3.238065855073026,0.5075250176704602,24.376315548938415,4.937237643555191
78.52000000000152,-0.025577838676494463,0.31963676450133255,3.2375418585130866,0.5073847493292881,24.362960786389063,4.935885005385464
78.54000000000151,-0.019944269260506284,0.24112539046641218,3.2370245867193645,0.5072443234475937,24.350283700144754,4.934600662682316
78.56000000000151,-0.016022310646514933,0.14920173057623343,3.23653227681286,0.5071257497374997,24.34033822514103,4.933592831308744
78.5800000000015,-0.014035790867941064,0.04834298748217942,3.236076562636272,0.5070470799387531,24.334644481454976,4.933015759295218
78.60000000000058,-0.014117546206049904,-0.05686101169057743,3.2356573960294965,0.5070204563042742,24.334001657774223,4.932950603621956
78.6200000000015,-0.01630892185201248,-0.16187448769199267,3.235263141947715,0.5070508761822488,24.338405740529296,4.933396977796263
78.64000000000149,-0.02056211131247181,-0.2623344219061448,3.234875802711373,0.5071358461505003,24.347084826234866,4.934276525108302
78.66000000000149,-0.02674449342857318,-0.35413433104550224,3.2344791561618274,0.5072660123960044,24.35864795710521,4.935448100943339
78.68000000000148,-0.034644443282633906,-0.43349102324583083,3.2340663350109087,0.5074267207158075,24.371324806402303,4.936732199178147
78.70000000000148,-0.0439784611983668,-0.4970124582210809,3.2336435597930575,0.5076003014586564,24.383256931546907,4.937940555691908
78.72000000000148,-0.0543997937659158,-0.5417809747040249,3.2332283008604628,0.507768728259604,24.392790748874468,4.938905825066365
78.74000000000147,-0.06550894275854591,-0.5654594539453427,3.2328424500430084,0.5079162041146417,24.39872077562504,4.93950612669172
78.76000000000147,-0.0768665284420302,-0.5664197776987703,3.232503184044238,0.5080312170987591,24.400440046084704,4.939680156253511
78.78000000000146,-0.08800887625653257,-0.543884528700053,3.232215232464806,0.5081076982541813,24.397971911603534,4.939430322578054
78.80000000000058,-0.09846643720959013,-0.4980653541962281,3.231967790202172,0.5081450987615567,24.39188077027686,4.938813700705551
78.82000000000146,-0.10778476031699258,-0.4302757658511747,3.2317375123607306,0.5081474449770039,24.383084142575438,4.9379230596046595
78.84000000000145,-0.1155472569207185,-0.3429932964470933,3.2314966126036992,0.5081216651023102,24.372609431988447,4.936862306363065
78.86000000000145,-0.12139849716473196,-0.23984682455616219,3.2312230181715518,0.508075640470744,24.36135041318695,4.935721873564894
78.88000000000144,-0.12506634045452572,-0.1255101994500133,3.2309086498912722,0.5080164688411613,24.349877558177816,4.934559510045229
78.90000000000144,-0.1263809166218569,-0.005493255480071009,3.2305625623783123,0.5079493296351901,24.33834258940218,4.933390577422609
78.92000000000144,-0.1252884293317836,0.11416486345057168,3.2302076514009137,0.5078771484067014,24.326494586343195,4.932189634061447
78.94000000000143,-0.12185800836969975,0.2272793722770927,3.2298721404293547,0.5078010328832555,24.313798574119364,4.930902409713598
78.96000000000143,-0.1162804039759042,0.32794501078709964,3.2295791030943377,0.5077212592745585,24.29962440139126,4.9294649203936185
78.98000000000143,-0.1088581398767547,0.41095684553388173,3.2293380446496105,0.5076384702023137,24.283459165366292,4.9278249933785485
79.00000000000058,-0.09998770388876344,0.47217775864736133,3.2291417439915673,0.50755472394542,24.26509324538495,4.925961149398658
79.02000000000142,-0.09013529151598357,0.5088093868497947,3.2289694761291856,0.5074741041375392,24.244738099974747,4.923894606911763
79.04000000000141,-0.07980835616242092,0.5195371190979032,3.228795227038539,0.5074027350081396,24.223050752760017,4.921691858777835
79.06000000000141,-0.06952562075653129,0.5045390109099958,3.228597579888758,0.5073482097762624,24.201060910174522,4.919457379648138
79.0800000000014,-0.05978820116151444,0.4653690357191713,3.2283673577550642,0.5073185824438765,24.180016804738873,4.91731804998811
79.1000000000014,-0.05105410078249783,0.40474249763718745,3.2281100756827548,0.5073211577484769,24.16118075031867,4.915402399633083
79.1200000000014,-0.04371765750661084,0.32626231191796573,3.227842382581317,0.5073613253356373,24.145612591303593,4.91381853463308
79.1400000000014,-0.03809470980747714,0.23412748380034876,3.2275841013336404,0.5074416356422282,24.133978686951373,4.912634597336888
79.16000000000139,-0.03441346208346474,0.13285995062385972,3.2273492309663014,0.507561238696993,24.126417560641745,4.911864977851258
79.18000000000139,-0.03281040834104825,0.027075012978363452,3.227139657546427,0.5077157350896645,24.122483199099527,4.911464465828856
79.20000000000059,-0.033330303155878434,-0.07869306203493678,3.226944180200238,0.5078974371120161,24.121175087590494,4.911331294831422
79.22000000000138,-0.03592907304213762,-0.18011194404816025,3.2267432559105105,0.5080960055257882,24.12105160487533,4.9113187236093045
79.24000000000137,-0.040478705119574854,-0.2731307228037582,3.226517492569437,0.5082994021017444,24.120411338786592,4.911253540470762
79.26000000000137,-0.046773459278339306,-0.35403603489379565,3.226256340235724,0.5084950703600297,24.117516450118288,4.910958811690268
79.28000000000137,-0.05453713151800289,-0.4195041350960341,3.2259632960683953,0.508671224436621,24.110824912949102,4.9102774782031515
79.30000000000136,-0.06343145842065663,-0.46666521512110604,3.2256553162227997,0.5088180927916157,24.099195639630313,4.90909315858136
79.32000000000136,-0.07306602130491469,-0.4931901298407746,3.225356470570537,0.5089289382776025,24.08203294338647,4.90734479564932
79.34000000000135,-0.08301013510286841,-0.49740181591048366,3.2250882410930584,0.5090006723350238,24.059344654175177,4.905032584415233
79.36000000000135,-0.09280716846251517,-0.47840530056255803,3.224860296174608,0.5090339156521794,24.031701091071433,4.902213896911419
79.38000000000135,-0.10199154018585682,-0.4362224384012185,3.2246654859738864,0.5090324430731685,24.000098910794698,4.898989580596666
79.40000000000059,-0.11010829402625755,-0.37191124077905585,3.224481217659426,0.5090020819481652,23.965752330310533,4.895482849557389
79.42000000000134,-0.11673470762683552,-0.28764579002405866,3.2242768972867544,0.5089492792408532,23.92985063507082,4.891814656655628
79.44000000000133,-0.12150289825816091,-0.18673204314296993,3.224024733635423,0.5088796619959142,23.893330604727836,4.888080462178158
79.46000000000133,-0.12412192087382888,-0.07353822732540088,3.223709829608643,0.5087969384678934,23.85671156066932,4.884333276985644
79.48000000000133,-0.1243974996011356,0.046673548002608284,3.2233356880999002,0.5087024015717477,23.820027810907476,4.880576585907394
79.50000000000132,-0.1222473816086671,0.16801565551415273,3.2229229716335728,0.5085951223843892,23.78287071725953,4.876768470745718
79.52000000000132,-0.11771042669231885,0.28432936871398273,3.222501926013445,0.5084727139151689,23.74452611337614,4.87283553112314
79.54000000000131,-0.11094798137514042,0.3895958898119864,3.2221013106851397,0.508332371134161,23.704169498629998,4.868692791564282
79.56000000000131,-0.10223680947094871,0.4783618801534894,3.2217380198859864,0.5081718072922272,23.661067649153658,4.864264348198365
79.5800000000013,-0.09195377091620346,0.5461308812696412,3.2214112989724435,0.5079897370873001,23.614734790810893,4.85949943829721
79.60000000000059,-0.08055340954003645,0.5896738301927886,3.221103667188501,0.5077857009132599,23.565004637346743,4.854379943653643
79.6200000000013,-0.06854045425846,0.6072224522964421,3.220788057020003,0.5075592472627027,23.51200330088875,4.8489177453209855
79.6400000000013,-0.056439796930422136,0.5985267718833931,3.2204382935536184,0.5073087319174601,23.456036271340366,4.843143222261795
79.66000000000129,-0.044766679866300715,0.5647786966791098,3.2200387967764974,0.5070301772471459,23.39742757589022,4.837088750053096
79.68000000000129,-0.033999585801226875,0.508423164014161,3.2195897693446516,0.5067166935418781,23.336363496731177,4.830772556924118
79.70000000000128,-0.024557739430166956,0.43289260018265957,3.2191059667883137,0.506358861210806,23.272792345929624,4.824188257720632
79.72000000000128,-0.016784335696339563,0.3423069048241045,3.2186097044345736,0.5059462252620894,23.20641596345526,4.8173038064310685
79.74000000000127,-0.010935771558332816,0.24117927997661112,3.2181210277095404,0.5054697307197225,23.136782746328734,4.810070971028258
79.76000000000127,-0.007176430267889812,0.13415938866440147,3.2176490695015842,0.5049246261754261,23.063463882468827,4.802443532460202
79.78000000000127,-0.005578063875923202,0.025832249251908978,3.217188111776028,0.5043131722963382,22.98627174026156,4.794400039656845
79.8000000000006,-0.006122593440882655,-0.07942282918236263,3.216719959550509,0.5036464675193907,22.905467350043562,4.785965665364051
79.82000000000126,-0.008707188236629445,-0.17752125050352752,3.2162216782040307,0.5029448522450534,22.821904635083815,4.777227714384548
79.84000000000125,-0.013150736531098408,-0.26472647702395247,3.2156755557531382,0.5022366399940903,22.737071627979155,4.768340552852654
79.86000000000125,-0.01920119363875567,-0.3376878162086585,3.215077207599291,0.501555281296478,22.653010290549858,4.7595178632451685
79.88000000000125,-0.026543692669641815,-0.39348179658553833,3.2144384302942672,0.5009354078930033,22.572122069753775,4.751012741485101
79.90000000000124,-0.03480964489441442,-0.42967163775620365,3.2137834719654834,0.5004084464610272,22.496890248058477,4.74308868228905
79.92000000000124,-0.0435872786947056,-0.44439219903414773,3.2131400101446,0.4999985719562776,22.429566831830822,4.735986363138182
79.94000000000123,-0.052434132685317596,-0.43645962390362014,3.2125282752831823,0.49971967527517497,22.37187727877711,4.729891888698631
79.96000000000123,-0.06089192079883542,-0.4054967687118108,3.2119525770152295,0.4995737847634502,22.32479017197027,4.724911657583692
79.98000000000123,-0.06850393513854859,-0.35205836562210263,3.2113986470752067,0.49955108009746096,22.288383877118697,4.721057495637889
80.0000000000006,-0.07483477437949115,-0.27773451702325563,3.2108380225053565,0.49963135140820714,22.26182326148742,4.718243662793118
80.02000000000122,-0.07949172374946402,-0.1852082433864129,3.2102379935176706,0.49978654511383275,22.243441617420963,4.716295327629617
80.04000000000121,-0.08214662618490606,-0.07824334165216376,3.2095734701411613,0.4999839245016266,22.230909184288848,4.714966509349653
80.06000000000121,-0.08255664791122781,0.0384165977320934,3.208836321781275,0.5001893527441594,22.221461169399653,4.713964485377425
80.0800000000012,-0.08058204231387892,0.15924807619635703,3.208038636627662,0.5003702606393987,22.212154589940027,4.712977253280566
80.1000000000012,-0.07619893944952974,0.27824349240874174,3.2072086097082453,0.5004979704002875,22.20012368666309,4.711700721253748
80.1200000000012,-0.06950540021456526,0.3892844947020475,3.2063805454533507,0.5005491885811852,22.18280707183849,4.709862744479768
80.1400000000012,-0.060719495133394204,0.4865595038382824,3.205582690604092,0.500506630649296,22.158125184211528,4.707241780938337
80.16000000000119,-0.05016895666212274,0.564980788422786,3.2048274345534478,0.5003588711154817,22.124593287124632,4.703678697267133
80.18000000000119,-0.03827290348411205,0.62055210212114,3.204107504504101,0.5000996087262711,22.081362899888383,4.699081069729313
80.2000000000006,-0.02551708745509058,0.6506421631448825,3.203399490546798,0.49972659232403005,22.02819333369619,4.693420217037485
80.22000000000118,-0.012424892879713134,0.6541320583552783,3.2026732465005994,0.49924047639259733,21.96536480886453,4.686722181745417
80.24000000000117,0.0004732253474207006,0.63142354403735,3.2019035019041078,0.4986438713431352,21.893554283369244,4.6790548493653334
80.26000000000117,0.012669128615095913,0.5843162781129263,3.2010792341799412,0.49794081695416914,21.813702130625504,4.670514118448365
80.28000000000117,0.023702825240604863,0.5157806963179061,3.200207276763108,0.4971368257449947,21.726899221836412,4.661212205192594
80.30000000000116,0.03318303593700985,0.42966578110891857,3.1993089069959124,0.49623951224164564,21.63431802107296,4.651270581365156
80.32000000000116,0.040801627242335166,0.330385248087659,3.198410884782345,0.4952596622678557,21.537198710247846,4.64081875429841
80.34000000000115,0.04634188977332597,0.22262171965728092,3.197534548795725,0.494212444485894,21.43688538804195,4.629998422034499
80.36000000000115,0.04968133351945777,0.11107801727625828,3.196687302672925,0.4931183726148522,21.334892538597195,4.618970939354046
80.38000000000115,0.050790119418975946,0.00029080730397440784,3.195859862220172,0.4920036255001145,21.232972231549535,4.6079249377078115
80.4000000000006,0.04972640685796426,-0.10549236572093644,3.195030357457721,0.49089943097388616,21.133150198635594,4.5970806169389276
80.42000000000114,0.04662979385406447,-0.202383413630205,3.1941736714940143,0.48984039878642366,21.037704460801383,4.58668774398273
80.44000000000113,0.04171372795324512,-0.28688973071565926,3.1932723077439245,0.48886190980472993,20.949072436293967,4.577015669220936
80.46000000000113,0.03525736385202791,-0.3559369855807653,3.1923244303549985,0.48799688545811987,20.86968900550062,4.568335474272946
80.48000000000113,0.027596932983560838,-0.40689800142445354,3.1913457845776243,0.4872724226849399,20.801775136485478,4.560896308455771
80.50000000000112,0.01911635168031863,-0.43764180100890737,3.190364571871967,0.4867068415621018,20.747109869355242,4.5548995454735595
80.52000000000112,0.010236583773567006,-0.44660956087066345,3.1894111131176666,0.4863076322202943,20.706823730736218,4.550475110440251
80.54000000000111,0.0014032202935408751,-0.43291603194275424,3.1885062107521613,0.48607061571545923,20.68124736534428,4.5476639459555805
80.56000000000111,-0.00692815230217847,-0.39646709489656473,3.187652707185856,0.4859803977971179,20.669837136875845,4.5464092575213515
80.5800000000011,-0.014308966544943277,-0.3380772926401243,3.186833596402443,0.4860119629696162,20.671184240727985,4.546557405414341
80.6000000000006,-0.020316864915491905,-0.2595661041139705,3.186017603015512,0.486133089632994,20.68310058568067,4.547867696589322
80.6200000000011,-0.02457640524199516,-0.16380907180678506,3.1851703185933866,0.48630719573495157,20.702766579238542,4.550029294327515
80.6400000000011,-0.02678014032962659,-0.05472045179622571,3.1842668461996353,0.4864962428704304,20.726923357495565,4.552683094340695
80.66000000000109,-0.026708503065127034,0.0628514119985214,3.1833012655748743,0.4866634066466981,20.752093147412005,4.555446536555117
80.68000000000109,-0.02424663396906131,0.1833259060063181,3.1822893500435803,0.4867753289006589,20.774813919827306,4.557939657326247
80.70000000000108,-0.019396212557067357,0.30068622867423345,3.1812634402020907,0.48680387496231875,20.79187636069058,4.559811000544933
80.72000000000108,-0.012280562686068123,0.4088515813958432,3.1802612908607957,0.48672740427279476,20.800551324788586,4.560762142974416
80.74000000000107,-0.003141817786097245,0.5020923635241921,3.179312961851885,0.48653160707615534,20.798793959656262,4.560569477560479
80.76000000000107,0.007670283905692114,0.5754439518961918,3.1784305626134093,0.48620995453485477,20.78540715322702,4.559101573032456
80.78000000000107,0.019717456837060044,0.6250700906732666,3.177604596520438,0.48576376445311725,20.760143696000288,4.556330068816381
80.80000000000061,0.032498307321949554,0.6485310091726031,3.1768081817755642,0.48520183238111814,20.72372647614511,4.552331982198257
80.82000000000106,0.04547789957458489,0.6449240558218389,3.176007486533228,0.48453956098299583,20.677771982389224,4.547281823506129
80.84000000000106,0.05811873096911838,0.6148835441112833,3.175174419459104,0.4837975676927713,20.624615369772275,4.541433184554439
80.86000000000105,0.06991034563593487,0.5604477819121658,3.1742968254739097,0.4829998557320434,20.56705326608223,4.535091318384033
80.88000000000105,0.08039517198257516,0.4848202437547583,3.1733824356044456,0.4821717553543697,20.508038495169647,4.5285801853527605
80.90000000000104,0.0891888511566781,0.3920647946627438,3.172455217578648,0.4813379257919262,20.450373167309838,4.522208881432816
80.92000000000104,0.09599418226176379,0.28677949112934076,3.171545656759748,0.480520714022142,20.39644881842949,4.51624277673704
80.94000000000104,0.10060867622372736,0.17378973709914775,3.170678778071553,0.4797390874228911,20.34807328538143,4.510883869640343
80.96000000000103,0.10292643062671966,0.05789117771137723,3.1698645434562738,0.4790082185257756,20.306405914178292,4.5062629654935025
80.98000000000103,0.10293550814750542,-0.05634136086952042,3.169094319225061,0.4783396431031426,20.27199994865014,4.5024437751792235
81.00000000000061,0.10071218013903886,-0.164677129174051,3.168344759413684,0.4777417806894354,20.244928912211062,4.4994365105211855
81.02000000000102,0.0964133041096531,-0.26329536581232477,3.167587584318286,0.4772205343790861,20.224957629215005,4.497216653577522
81.04000000000102,0.09026780598228927,-0.34881242107017835,3.1668014401690923,0.47677969635249,20.211712184609805,4.495743785471967
81.06000000000101,0.08256782670848029,-0.4182918365458422,3.165981188779896,0.47642097962295776,20.20480828922084,4.494975894175723
81.08000000000101,0.07365966432484543,-0.4692578004409194,3.165140926671809,0.47614365132328834,20.20391274702696,4.494876277165697
81.100000000001,0.06393427887838221,-0.49972743509613277,3.1643094189775063,0.47594390949708887,20.208733372271272,4.4954124807709555
81.120000000001,0.053816887302673,-0.5082702377238109,3.163519548412749,0.47581426489637785,20.218952373898517,4.496548940454058
81.140000000001,0.04375508896497956,-0.4940949418660998,3.1627957116867593,0.4757432183756328,20.234131236020694,4.498236458437984
81.16000000000099,0.03420503684572577,-0.45715621929564876,3.1621439534170555,0.4757154562409552,20.25361879076871,4.500402069900945
81.18000000000099,0.025615391871623937,-0.39826674955270447,3.161548678209407,0.4757126517608831,20.27648948892128,4.5029423146339855
81.20000000000061,0.018409143622793014,-0.3191948728258417,3.1609773725036177,0.4757148120160832,20.30152925439817,4.505721835000267
81.22000000000098,0.012963812677834554,-0.2227248073572902,3.16039179161408,0.47570199026419924,20.327275497190698,4.508577990585358
81.24000000000098,0.009591019357691572,-0.1126560388592969,3.159761628188059,0.475656117821241,20.35210831270097,4.511331102091817
81.26000000000097,0.008516846039273,0.006278306486159364,3.1590756856813003,0.4755626976162297,20.37438252805689,4.513799123582804
81.28000000000097,0.009864757148544765,0.12858688974327792,3.158346416650237,0.47541213484312944,20.392585100058984,4.515814998431511
81.30000000000096,0.013642987725236805,0.2482906525193269,3.157606062204483,0.47520054653523974,20.40549922476616,4.517244649647189
81.32000000000096,0.01973819472172815,0.359275086695035,3.1568956847701113,0.4749299766920994,20.412355099857074,4.518003441771273
81.34000000000096,0.027916745635883106,0.4556957479132216,3.1562509971642987,0.4746080270247256,20.41294716996538,4.518068964719926
81.36000000000095,0.037834313225684604,0.5323956497475989,3.1556900838617987,0.47424697487291656,20.40769862488549,4.517488087962766
81.38000000000095,0.049053535798688506,0.585286190195258,3.1552074312251284,0.47386247954615845,20.397656422694652,4.516376470434529
81.40000000000062,0.06106853212719505,0.6116443992789958,3.1547763759802114,0.47347198606199586,20.384405668265707,4.514909264676945
81.42000000000094,0.0733342024493774,0.6102893717533084,3.154359000710737,0.47309294549131653,20.369902412606347,4.513302827487465
81.44000000000094,0.08529766758853913,0.5816180551047495,3.153919796742952,0.4727410039802337,20.356238900344216,4.511788880293959
81.46000000000093,0.09642901055926265,0.5275017242360447,3.1534380800143764,0.4724283643253681,20.345372146885623,4.510584457349804
81.48000000000093,0.1062487207737153,0.4510648938803346,3.1529146672234374,0.4721625642213914,20.3388601286052,4.5098625398791485
81.50000000000092,0.11434984217707982,0.3563839036417051,3.152370488296891,0.4719459045989864,20.337654235262786,4.509728842764583
81.52000000000092,0.12041366203654055,0.24815004828217438,3.151837812709897,0.47177567806452925,20.34198902361319,4.510209421258972
81.54000000000092,0.12421867813580932,0.13134108138146097,3.1513474896696363,0.4716452025684883,20.35139202206036,4.51125171344499
81.56000000000091,0.12564338411139292,0.01093638803391693,3.150917045113767,0.47154549734994744,20.364812195518482,4.512738879607204
81.58000000000091,0.12466399011564658,-0.10830224783395105,3.1505441151955726,0.47146729203620136,20.38084172634422,4.5145145615386175
81.60000000000062,0.12134848464008297,-0.22197735377072653,3.1502076638363055,0.47140296971564133,20.39798706837288,4.516413075480683
81.6200000000009,0.11584844182830704,-0.32613657634684423,3.149876484506873,0.47134802985471014,20.41493509051654,4.518288956066947
81.6400000000009,0.1083897395508473,-0.41730413774303377,3.1495217211696636,0.4713017262633791,20.430760458785173,4.520039873583547
81.66000000000089,0.09926296261404058,-0.4924846555004783,3.1491285984954334,0.47126669042404346,20.445032030663413,4.521618297762806
81.68000000000089,0.08881381998627477,-0.5491613965154829,3.148702816367081,0.4712475768705847,20.457798025128014,4.52302973958032
81.70000000000088,0.07743349455909797,-0.5853073688960319,3.1482690506599957,0.47124902261921525,20.469458267816982,4.52431854181566
81.72000000000088,0.06554853641043562,-0.5994212484873728,3.1478619732741016,0.47127342715677173,20.480559962195752,4.52554526683755
81.74000000000088,0.053609747247406754,-0.5905923747737837,3.147513047005704,0.47131915731977814,20.491572877484273,4.526761853409595
81.76000000000087,0.04207949859743284,-0.5585911293241556,3.147237998659231,0.47137971449968324,20.502704090192257,4.527991176028533
81.78000000000087,0.03141707397686147,-0.5039738051374244,3.1470297068528255,0.4714441756484789,20.51379981975417,4.529216247846217
81.80000000000062,0.022061905060851268,-0.4281851171515087,3.1468593133178357,0.4714988949633651,20.524356529638297,4.530381499348405
81.82000000000086,0.01441495435938935,-0.3336372813208279,3.146685379925134,0.47153012131588357,20.533633352187344,4.531405229306616
81.84000000000086,0.008818942739741886,-0.22374258856274737,3.146467955917621,0.4715269367424148,20.540831773937818,4.5321994411033835
81.86000000000085,0.0055385772323956525,-0.10287738493437304,3.1461825691747953,0.4714838158173136,20.54529294828253,4.532691578773315
81.88000000000085,0.004742336288822797,0.02373994291712979,3.145829094005047,0.47140216951439157,20.546661009144124,4.532842486690236
81.90000000000084,0.006487635976702586,0.1502655148283904,3.1454322170985782,0.471290457794896,20.544971853640163,4.532656158770502
81.92000000000084,0.010711250180901428,0.27053691574305033,3.145033202777043,0.4711627849833132,20.54064763169853,4.532179126170823
81.94000000000084,0.017226627679070766,0.3784514558314898,3.1446757815661486,0.471036253048591,20.534402006857686,4.5314900426744495
81.96000000000083,0.02572921706095843,0.4683819913305972,3.144391118390239,0.4709276463179095,20.527083396068456,4.530682442642439
81.98000000000083,0.03581011651292593,0.5355855320275384,3.1441871717077583,0.4708501741892539,20.519496800208117,4.529845118788072
82.00000000000063,0.04697741462468444,0.5765556613729785,3.1440461901017356,0.4708109655105017,20.512246264952843,4.52904474088663
82.02000000000082,0.05868363791151579,0.5892742096496119,3.143931171557932,0.4708098083696076,20.505630365591504,4.528314296246618
82.04000000000082,0.07035694700709584,0.5733306602532168,3.143798898119127,0.47083933135763373,20.499606879767462,4.527649155993369
82.06000000000081,0.08143327833458822,0.5298970558503883,3.143614826122203,0.4708865149253051,20.493825790081182,4.527010690298972
82.08000000000081,0.09138659943903674,0.4615677612806113,3.1433645022278824,0.4709351760897435,20.487716437355733,4.526335873237395
82.1000000000008,0.0997548336053506,0.37209272952022604,3.1430574943928207,0.4709689237667615,20.480606936998132,4.525550456795077
82.1200000000008,0.10615972582020938,0.26604598000147994,3.142722578916392,0.47097404176095653,20.471851703884347,4.524583041992305
82.1400000000008,0.11031981738518776,0.14847562330448566,3.142396102208138,0.4709418116444213,20.46094515223414,4.523377626534638
82.16000000000079,0.11205659694279474,0.024577817864374074,3.142107889145161,0.4708699207315716,20.447605346252878,4.521902845733517
82.18000000000079,0.11129464549320445,-0.10057365191171955,3.1418699182161514,0.470762784841284,20.43181926595185,4.520156995719491
82.20000000000063,0.10805708500306405,-0.22222501959137678,3.141671926513777,0.47063081322045036,20.41384933999499,4.518168803840223
82.22000000000078,0.10245783148096294,-0.3360652592685656,3.1414855305406526,0.4704888097290613,20.394206533283977,4.515994523168067
82.24000000000078,0.09469206273775192,-0.4382845227320997,3.1412752885883335,0.47035380740269805,20.373597115015915,4.513712121415799
82.26000000000077,0.08502600489305923,-0.5255874918091298,3.1410125427752345,0.4702426674511172,20.352849064868188,4.511413200413833
82.28000000000077,0.07378671251479564,-0.5951845228725329,3.140686819818149,0.47016976024260826,20.3328226781949,4.509193129396311
82.30000000000076,0.06135206239529891,-0.6447824893220866,3.1403104409983267,0.4701450140000459,20.314311107633287,4.507140014203385
82.32000000000076,0.048140784599075045,-0.6725925625247293,3.139914484390634,0.4701725794081066,20.297940835081892,4.505323610472603
82.34000000000076,0.03460207602905087,-0.677365251773636,3.1395374440957124,0.47025030274601365,20.284086859713423,4.503785836350728
82.36000000000075,0.021204213347156393,-0.6584551808825824,3.1392106635897172,0.4703701042872831,20.272818750157317,4.502534702826544
82.38000000000075,0.008421610279817837,-0.6159104167680398,3.138945876616028,0.47051921682317216,20.263889154890965,4.501542974902157
82.40000000000063,-0.0032800627114740744,-0.550574417171575,3.138729504664069,0.4706820771897589,20.256766804579303,4.500751804374388
82.42000000000074,-0.013460783172896913,-0.46418326332834126,3.1385259773341,0.4708425296603071,20.250705244471316,4.5000783598145615
82.44000000000074,-0.021724805383245914,-0.35943711343567586,3.1382891146105623,0.47098593729048704,20.244830671581997,4.499425593515466
82.46000000000073,-0.027740271402217992,-0.24002320950047712,3.1379776921589926,0.4711008213908482,20.23822952303288,4.498691979123808
82.48000000000073,-0.031258617044030115,-0.11056908626567873,3.1375697460919287,0.4711797460526398,20.230018568068612,4.497779292947644
82.50000000000072,-0.032132200323256026,0.023490511334153915,3.1370705304361812,0.47121930679708074,20.219385665415228,4.496597120647483
82.52000000000072,-0.030328333141983608,0.15614051836334863,3.1365112116092324,0.4712192475991971,20.205596846409072,4.495063608716686
82.54000000000072,-0.02593786818342851,0.28110107113693006,3.1359386187713993,0.4711809040256744,20.187974385873243,4.49310297966486
82.56000000000071,-0.019176743433996606,0.3922116110144654,3.135399528132308,0.4711053321538056,20.165860028143214,4.490641382713967
82.58000000000071,-0.01037943594631157,0.4838490463781855,3.1349249146593765,0.4709915962124483,20.138585071229613,4.487603488637294
82.60000000000063,1.5917255413023797e-05,0.5513347751127062,3.1345196441522836,0.4708357040101046,20.105470998237404,4.483912465496779
82.6200000000007,0.011490017334484499,0.5912815236793788,3.1341611731263153,0.47063056370840023,20.065878070654918,4.479495291955883
82.6400000000007,0.0234708600642282,0.6018358567746115,3.133807648026337,0.47036709606627575,20.019305125479814,4.474293813048023
82.6600000000007,0.035365728107600206,0.5827856358306821,3.133412486676467,0.47003633180274396,19.965525828534975,4.4682799630881425
82.68000000000069,0.04659387121367608,0.5355213130478561,3.132940268524454,0.46963204501335837,19.904731045113103,4.461471847396675
82.70000000000068,0.056617021824220064,0.4628617056832475,3.1323783556215017,0.46915330668068256,19.83763934937097,4.4539464915253495
82.72000000000068,0.06496530689852234,0.36877413768097794,3.1317402416720856,0.46860633584778555,19.76554068904793,4.445845328961403
82.74000000000068,0.07125685644375247,0.25803173462777224,3.131059603077896,0.4680051780918668,19.690251134515456,4.437369844233795
82.76000000000067,0.07521032302691306,0.1358549645480255,3.130377335651851,0.4673710064376073,19.61397618206809,4.428766891818544
82.78000000000067,0.07665043875356752,0.007580220549911305,3.129726330282893,0.4667301479805889,19.539101513350566,4.42030559049378
82.80000000000064,0.07550749071811641,-0.12161279295880245,3.12911950262772,0.46611121212037127,19.467948048932467,4.412249771820774
82.82000000000066,0.07181208654636537,-0.24689791236540706,3.1285453826966574,0.46554186517004825,19.402537356052935,4.404831138199617
82.84000000000066,0.06568676672044564,-0.36392187459682074,3.1279728213183557,0.4650458205666112,19.344410405283263,4.398228098369077
82.86000000000065,0.05733592062561979,-0.4688573120595989,3.127363060020415,0.4646404964677096,19.294527343568287,4.3925536244385555
82.88000000000065,0.04703514609091007,-0.5584091581109598,3.12668472434231,0.46433558253966867,19.25325308287604,4.387852901234958
82.90000000000065,0.03512075174607434,-0.6297979214170785,3.125926211013355,0.4641325343919758,19.22041128155309,4.384108949553272
82.92000000000064,0.021979635129142236,-0.6807422809275457,3.125100852935138,0.4640248518929863,19.19537577595186,4.381252763303192
82.94000000000064,0.008039362052417013,-0.7094588012229459,3.1242428453206994,0.46399893232406947,19.17716761433937,4.379174307371125
82.96000000000063,-0.006242016530585871,-0.714689632697176,3.123395268595166,0.46403530616715144,19.16453556066597,4.377731782631957
82.98000000000063,-0.020387013479350208,-0.6957612547035765,3.1225944376704025,0.4641101150033333,19.156012115592958,4.376758174219014
83.00000000000063,-0.03391120804162947,-0.6526697536952527,3.121856196457784,0.46419673277314855,19.14994936520639,4.3760655119874965
83.02000000000062,-0.04633763141470664,-0.5861815019839808,3.1211691583374375,0.4642674474771705,19.144546002219474,4.375448091592388
83.04000000000062,-0.05721318646964505,-0.4979327845280776,3.120497484421338,0.4642951228314214,19.137878959709788,4.374686155567024
83.06000000000061,-0.06612688296304307,-0.39050812336064433,3.1197924416476224,0.46425476736690197,19.12795213239047,4.373551432462007
83.08000000000061,-0.07272924194977032,-0.2674751425605379,3.1190088685328554,0.46412495478672405,19.11277170000324,4.3718156068163765
83.1000000000006,-0.07675178118428443,-0.13335441876957244,3.1181208895913493,0.4638890482448662,19.09045220034694,4.369262203203985
83.1200000000006,-0.07802509484221117,0.006493356732441978,3.1171313926989193,0.4635361669692048,19.059349241912628,4.365701460465733
83.1400000000006,-0.07649375866157002,0.14607277992163648,3.116071874535006,0.46306180268556807,19.01820490903105,4.360986689847958
83.1600000000006,-0.07222620484739789,0.27904991631986326,3.1149925601472024,0.46246797692095576,18.966283943428238,4.355029729339197
83.18000000000059,-0.06541788768360693,0.39912308453560963,3.1139460759324873,0.46176286323381693,18.903476499095632,4.347812840854081
83.20000000000059,-0.05638653407170804,0.5004372816229478,3.112970220771684,0.46095988919837383,18.830348273029035,4.339394920150624
83.22000000000058,-0.045559019928467184,0.57799929403371,3.1120757293977963,0.4600764505428218,18.74812921850953,4.3299109942941705
83.24000000000058,-0.03345034381487884,0.6280446458297666,3.1112432142730833,0.45913245959607635,18.658643504291692,4.319565198523075
83.26000000000057,-0.020636136808313076,0.6483099817466285,3.110430296218317,0.45814896817164674,18.56419174069476,4.308618309933564
83.28000000000057,-0.007720976319976222,0.6381758007825034,3.109586405628197,0.4571470451829457,18.46740007862481,4.297371298669084
83.30000000000057,0.0046947011250543895,0.5986628159891799,3.108670098302684,0.4561469844547048,18.37105074907565,4.286146375134154
83.32000000000056,0.01604617420255207,0.5322869649955327,3.107662905223902,0.45516781608012147,18.27790732935409,4.27526693077217
83.34000000000056,0.025831896099459,0.44279862958099536,3.1065749990331657,0.4542270289112047,18.19054705935059,4.265037755911498
83.36000000000055,0.03363491028740784,0.3348466798224316,3.105440851077515,0.4533403888743106,18.11121177086455,4.255726938005369
83.38000000000055,0.03913718972368185,0.21361476438164806,3.104306550282512,0.4525217456076537,18.041687437545814,4.2475507575008224
83.40000000000055,0.04212680850354229,0.08447522142397233,3.103213340418457,0.45178274544222063,17.98321955280166,4.240662631335068
83.42000000000054,0.04249867703269551,-0.04730360965390023,3.1021832109579646,0.45113240819653355,17.93646819414348,4.235146773624673
83.44000000000054,0.04025014992099267,-0.17677515660467405,3.1012116134712864,0.4505765790018302,17.901503805979278,4.231016876116104
83.46000000000053,0.03547308922444361,-0.2994515888751442,3.1002698391086474,0.4501173269143462,17.877842602133565,4.228219791133565
83.48000000000053,0.028343938325017866,-0.41136811381435817,3.099316165420663,0.4497524093366598,17.864517959393062,4.226643817426903
83.50000000000053,0.01911309051852297,-0.5090928492444261,3.098311760571644,0.44947493222318746,17.86017997078309,4.226130614496325
83.52000000000052,0.0080944102414702,-0.5897057709148357,3.0972356218866333,0.44927330163306695,17.863209666257124,4.226489047218403
83.54000000000052,-0.0043447162044722605,-0.6507705873094592,3.0960931402235765,0.44913149718053647,17.871829667338925,4.227508683295508
83.56000000000051,-0.017792869199316216,-0.690319673405713,3.0949151251131477,0.4490296344654546,17.8841926302159,4.228970634825441
83.58000000000051,-0.03180403405083964,-0.7068657639226551,3.093747511814048,0.4489447524298265,17.89843494138599,4.230654197802745
83.6000000000005,-0.04590759739226792,-0.6994464195584454,3.092635301086993,0.4488517743914512,17.912695009082526,4.232339188803578
83.6200000000005,-0.059619552368163936,-0.6676995487808653,3.091606373557639,0.4487246351863278,17.92510944857141,4.2338055515778485
83.6400000000005,-0.07245545842350753,-0.6119613986863034,3.0906609320332517,0.44853761177235807,17.93381147554452,4.234833110707495
83.6600000000005,-0.08394547081231347,-0.5333727638149215,3.089770416635939,0.44826690887943527,17.936959647566947,4.235204794052697
83.68000000000049,-0.09365142490836999,-0.4339748947836517,3.0888864741557343,0.4478925128559117,17.932819648026815,4.234716005593151
83.70000000000049,-0.10118556023143994,-0.31677389180753723,3.0879570738041573,0.4474002312231441,17.919907592932358,4.233191183130329
83.72000000000048,-0.10623003353878578,-0.18575162925021235,3.086944347176236,0.4467836999402246,17.897183262174416,4.230506265469231
83.74000000000048,-0.108555945680278,-0.04580320894844325,3.085838056586726,0.4460460057380666,17.864260642768876,4.226613377488989
83.76000000000047,-0.10804025492465905,0.09741361300414708,3.084660006162105,0.4452004953599434,17.82158748576936,4.22156220915544
83.78000000000047,-0.10467874534613492,0.237722230570853,3.0834577423821248,0.44427038440585986,17.770541373843148,4.215511994271058
83.80000000000047,-0.09859323884689389,0.36875652732749875,3.082289526797765,0.44328696326211703,17.713400854429462,4.208729125808581
83.82000000000046,-0.09003153997786827,0.48435327143041756,3.0812055638179903,0.4422864990000007,17.653175646569007,4.201568236571793
83.84000000000046,-0.07935919613896462,0.5789711103758023,3.0802317896596607,0.44130626508400367,17.593313372299708,4.194438385803243
83.86000000000045,-0.06704299269309225,0.6480898986536072,3.079361697950162,0.44038038108066524,17.53733135923103,4.1877597064816205
83.88000000000045,-0.0536270679259111,0.6885414774658353,3.0785589603971966,0.43953621894729933,17.48844048135328,4.181918277699037
83.90000000000045,-0.0397034637196179,0.6987291918475452,3.0777699279034767,0.4387920026806396,17.44922794664944,4.1772273036847585
83.92000000000044,-0.02587964839712261,0.6787080489481293,3.0769417393679865,0.4381559433412413,17.421448674691852,4.173900894210576
83.94000000000044,-0.012745913190875981,0.6301177574417434,3.0760398832485905,0.4376269112483579,17.405947723592732,4.172043590806876
83.96000000000043,-0.0008454782829651641,0.5559828254248742,3.0750592918572908,0.43719635206330343,17.40270839386389,4.1716553541566554
83.98000000000043,0.009350336294074146,0.4604127268494332,3.0740253025191,0.43685096438227994,17.410999069227902,4.172648927147826
84.00000000000043,0.017460313067443826,0.34824710430212663,3.07298430288903,0.4365755839755528,17.429579181878317,4.17487475044202
84.02000000000042,0.023204297092528373,0.22469412288987345,3.0719873915641536,0.43635574369655344,17.456920414137937,4.178147964605603
84.04000000000042,0.02640721796624901,0.09500457492989722,3.0710727364835235,0.43617947565043397,17.491402225099215,4.182272375766458
84.06000000000041,0.02699721871695193,-0.035787676825729337,3.070252713333346,0.43603808230716173,17.5314505838759,4.1870575090241955
84.08000000000041,0.02499939624033499,-0.16304380317705633,3.069510226491835,0.4359258173605246,17.57560487772155,4.192326904920649
84.1000000000004,0.020526803001169387,-0.28261702752477996,3.068805429014343,0.4358386594414411,17.6225178979174,4.197918281472068
84.1200000000004,0.013770217460076613,-0.3908817918516129,3.06809045114264,0.43577257943062225,17.67091245022189,4.203678442771508
84.1400000000004,0.004987833956489161,-0.48471667610691843,3.0673269566549393,0.4357218287841616,17.719529186256356,4.209457113008322
84.1600000000004,-0.0055044511489744045,-0.5614660311923143,3.066500343533261,0.4356777633191676,17.767099383081565,4.215103721509301
84.18000000000039,-0.017341972770766406,-0.6189038915008317,3.0656255521598843,0.43562856152372004,17.812363922635015,4.220469632947856
84.20000000000039,-0.03011969198260444,-0.6552187673911308,3.0647423562415317,0.43555994781836826,17.854140824720066,4.225416053446106
84.22000000000038,-0.04340059729325512,-0.6690307378087987,3.0639016821028866,0.4354567697561859,17.89142592460201,4.229825755820446
84.24000000000038,-0.056724806744750285,-0.6594443853651778,3.0631476524626304,0.43530508089414177,17.92350090513671,4.233615583060974
84.26000000000037,-0.0696200600162474,-0.6261336266868871,3.0625015834140923,0.43509429252594684,17.9500222016572,4.236746652994158
84.28000000000037,-0.0816141444941803,-0.5694480950699224,3.0619535467190633,0.434818980055636,17.97107143627649,4.2392300522944595
84.30000000000037,-0.09224953956744798,-0.49052565551548905,3.0614645580211923,0.43448003379630296,17.987158801766263,4.241127067392141
84.32000000000036,-0.10110021563638144,-0.391391944468463,3.0609788397411215,0.4340849869274469,17.99918103546406,4.242544170125287
84.34000000000036,-0.10779011714328353,-0.27502558004271044,3.060442161582923,0.4336474969754462,18.008342716843273,4.243623771830306
84.36000000000035,-0.1120124251538157,-0.14536739286229666,3.059820144178294,0.4331860759670654,18.01605286246665,4.244532113492211
84.38000000000035,-0.1135482797419482,-0.007254317642141857,3.0591103382966534,0.43272224666203857,18.023808777867718,4.245445651267687
84.40000000000035,-0.11228330678123949,0.13373563780363096,3.058343901417703,0.4322783478949769,18.03307713904375,4.246537076141424
84.42000000000034,-0.10822011209718548,0.2715312818173841,3.057576132341503,0.43187522926886124,18.045179847476845,4.247961846283091
84.44000000000034,-0.10148495292146385,0.39989988702003,3.0568688560030948,0.43153007613380123,18.061190748434292,4.249845967612743
84.46000000000033,-0.09232712532983911,0.5128387468329535,3.056270421975563,0.4312545989592402,18.081849625218233,4.252275817161704
84.48000000000033,-0.0811102245349574,0.604989132597603,3.055799940672336,0.4310538067345094,18.107501652958643,4.255291018597746
84.50000000000033,-0.06829528690533561,0.6720259676247181,3.0554410142167074,0.43092555114694353,18.13807214796581,4.258881560687713
84.52000000000032,-0.05441678889528246,0.7109746856809573,3.0551470662299156,0.4308609616342433,18.17308580883396,4.262990242638841
84.54000000000032,-0.040053392942867166,0.7204138199544634,3.0548564982981343,0.4308457823633106,18.21173510967262,4.267520955973459
84.56000000000031,-0.02579601872137923,0.7005371372998352,3.054512619083453,0.43086247877037603,18.252994089372425,4.272352289941973
84.58000000000031,-0.012216139965197468,0.6530699052876751,3.054081719901179,0.43089283018223057,18.295763366435658,4.277354715993947
84.6000000000003,0.00016290539144222333,0.5810557409103082,3.0535633321330558,0.43092060405990235,18.339022852076656,4.282408534000073
84.6200000000003,0.010889326404191007,0.4885488978659968,3.0529893563926445,0.43093385273516455,18.38196340177071,4.287419200611332
84.6400000000003,0.01959956946664049,0.38025803791756246,3.0524124912687096,0.4309264080621502,18.42406965474361,4.292326834566959
84.6600000000003,0.02602780433527709,0.26118979009838555,3.0518879521961293,0.4308982767085704,18.465134290354456,4.297107665669369
84.68000000000029,0.030008638083708693,0.13633407098978217,3.051454675594143,0.43085484215127373,18.505198114167406,4.301766859578446
84.70000000000029,0.03147421013628534,0.010420483013684808,3.051122328096559,0.43080502365756956,18.54442840590898,4.3063242337182395
84.72000000000028,0.030447252148903182,-0.11224069456749258,3.0508684529338943,0.4307587772564413,18.58296574128972,4.310796416126575
84.74000000000028,0.027031808204913,-0.22783499286525177,3.0506466486739536,0.43072449023266557,18.620781660545035,4.315180374045219
84.76000000000028,0.021403135718861294,-0.33305248676330773,3.050402935179535,0.43070686568046945,18.657590867702066,4.319443351602388
84.78000000000027,0.013797922538123994,-0.42505166305738334,3.050094674406484,0.4307057887996841,18.69284939365648,4.323522799021243
84.80000000000027,0.004505459392699539,-0.5014043245193879,3.049705530002377,0.4307164263011029,18.725846296527468,4.327337090697634
84.82000000000026,-0.006140101315275915,-0.5600457299838124,3.0492512855674363,0.43073049583957823,18.755867960941163,4.330804539683263
84.84000000000026,-0.017766705477438468,-0.5992489212788066,3.0487744566351163,0.43073834550407414,18.782390560918532,4.333865544859292
84.86000000000026,-0.029971188869290254,-0.6176348186089343,3.0483294687557554,0.4307312928820089,18.805246069902243,4.336501593439375
84.88000000000025,-0.04232666487948374,-0.6142216881945742,3.0479634209340385,0.4307036404062334,18.82471360052952,4.33874562523888
84.90000000000025,-0.05439126855410444,-0.5885100910838803,3.0476989988837673,0.4306539042892115,18.841507888358898,4.340680578936775
84.92000000000024,-0.06571887408463968,-0.5405931270180403,3.047525421247716,0.4305850159790212,18.856663104576555,4.34242594693065
84.94000000000024,-0.07587214745107368,-0.47127684665070035,3.0474006293896467,0.43050350491040257,18.871334860814272,4.344114968646004
84.96000000000024,-0.08443795528942145,-0.38219210913148316,3.0472641704638543,0.43041788697163114,18.886560656334993,4.345867077619263
84.98000000000023,-0.09104475154479921,-0.27587689197663473,3.0470566299690223,0.4303366297841355,18.903027079322825,4.347761157115559
85.00000000000023,-0.09538113406750148,-0.15580743063113928,3.0467392332962553,0.43026613386856033,18.920891312487278,4.349815089459238
85.02000000000022,-0.09721434330107577,-0.026358264439551634,3.046307095308604,0.43020915906154344,18.93969605026076,4.3519761086500415
85.04000000000022,-0.09640711966906185,0.10732383842272297,3.045791610124169,0.4301640389920092,18.958401511310306,4.35412465500361
85.06000000000022,-0.0929311161634978,0.2395384233827496,3.0452509981888216,0.4301248663174352,18.97553667069755,4.3560919033805465
85.08000000000021,-0.08687505280871828,0.36433645518147484,3.0447519230991715,0.4300826167267795,18.98944672910618,4.357688232205946
85.10000000000021,-0.07844606097547471,0.47589160895598265,3.044348075851127,0.43002695520833123,18.998590472146535,4.358737256608448
85.1200000000002,-0.06796321669753855,0.5689032951209586,3.044062695662367,0.4299482980709473,19.001826533708204,4.359108456291057
85.1400000000002,-0.055843064702378604,0.638986539548005,3.0438807695567345,0.42983964824296783,18.99862750167648,4.358741504342335
85.1600000000002,-0.04257788199566341,0.6830001979224993,3.0437535087920766,0.4296978044066424,18.989176908297292,4.357657272927426
85.18000000000019,-0.02870836518898116,0.6992700174051926,3.0436136741512962,0.429523740115749,18.974332417541184,4.355953674861704
85.20000000000019,-0.014793172204308293,0.6876766741259602,3.0433967580831585,0.42932218740136185,18.95547050431132,4.353788063779784
85.22000000000018,-0.0013781553152161772,0.6495987780714881,3.043061121685397,0.42910065720353086,18.93425395011017,4.351350819011284
85.24000000000018,0.011031898279735206,0.5877229008867909,3.0426005591910683,0.4288682251805534,18.91237636490263,4.348836208102419
85.26000000000018,0.02199664661430928,0.5057522223670916,3.0420452818197856,0.4286343901003755,18.891335431808653,4.346416389602894
85.28000000000017,0.031157098252298752,0.408058477343613,3.0414511261440054,0.4284082024942988,18.872271632280455,4.344222788057774
85.30000000000017,0.03824539815517084,0.2993260913649114,3.0408806364594683,0.42819771899716536,18.8558882723164,4.3423367294944315
85.32000000000016,0.04308779519194911,0.1842327789185602,3.040382292393192,0.42800971828055656,18.842448766378386,4.340788956673474
85.34000000000016,0.045601870276756766,0.06719921402446342,3.0399747105976136,0.42784955334206193,18.8318335203359,4.339566052076624
85.36000000000016,0.045789604046011755,-0.04777522822567903,3.039640973634292,0.4277210203903732,18.823633333861853,4.338621132786527
85.38000000000015,0.04372804002831005,-0.15718977401752962,3.0393348799234423,0.4276261807712567,18.8172578198314,4.337886330902575
85.40000000000015,0.03955917349565994,-0.2580454665100467,3.038996960275915,0.4275651485095042,18.812042712700386,4.337285177700491
85.42000000000014,0.03348033595541587,-0.34779661853479826,3.0385748629023994,0.4275359177838777,18.807345507413554,4.336743652490144
85.44000000000014,0.02573584719629356,-0.4242771377985503,3.038041247246338,0.42753432580170125,18.80262214657166,4.336199043698485
85.46000000000014,0.016610172569461755,-0.4856277325193862,3.0374031485088047,0.4275542186447847,18.797478032351524,4.3356058437491205
85.48000000000013,0.0064223430591321485,-0.5302454655667989,3.036699622668691,0.4275878239940597,18.791686134644838,4.334937846687636
85.50000000000013,-0.004478965649257881,-0.5567700333407416,3.0359884128362875,0.42762626514568075,18.785166108266132,4.334185749165134
85.52000000000012,-0.015720506057881237,-0.5641130588024539,3.0353260739767647,0.42766010839138036,18.777923224728298,4.33335011564128
85.54000000000012,-0.02691054140564288,-0.5515289122962546,3.0347482114480764,0.42767984048481417,18.76995461010803,4.332430566103516
85.56000000000012,-0.03764669650255467,-0.518718880600949,3.03425648740436,0.42767622130488026,18.761140362054174,4.331413206108853
85.58000000000011,-0.047526117103630895,-0.46595524454543524,3.0338168347895684,0.42764052501843053,18.751144783191933,4.3302592050813695
85.60000000000011,-0.05615816821891437,-0.394207950467214,3.033369632821007,0.42756473979287135,18.7393548788032,4.328897651689538
85.6200000000001,-0.06317952659131117,-0.3052538620547119,3.0328486560440524,0.42744181880795734,18.724878200717665,4.327225231105687
85.6400000000001,-0.06827110620203425,-0.20174721381229768,3.032202695330774,0.42726605869210044,18.706611372567675,4.325114030007495
85.6600000000001,-0.07117582838872578,-0.08723027884123852,3.031412805263937,0.4270336349730795,18.683377051719432,4.32242721763125
85.68000000000009,-0.07171585345609108,0.03393372051917281,3.030499467052577,0.4267432622990169,18.65411353551762,4.319040811976384
85.70000000000009,-0.06980758962007665,0.1567169666574773,3.0295171545774258,0.42639688252942665,18.618089622926547,4.314868436340388
85.72000000000008,-0.06547266155459597,0.2756739016574852,3.028537842665391,0.4260002270197617,18.575108857996703,4.3098850167953096
85.74000000000008,-0.05884312550847948,0.3852664737983197,3.027628604281173,0.4255630647677913,18.52566321643668,4.30414488794658
85.76000000000008,-0.050159606134159644,0.4802411136213657,3.0268304297041073,0.4250989552049456,18.470998644770056,4.297789972156626
85.78000000000007,-0.03976169661841553,0.556018012187092,3.026145092155588,0.42462439076170344,18.413065654255295,4.291044820816405
85.80000000000007,-0.02807083971898624,0.6090456593460652,3.025534347500158,0.4241573408778519,18.35434779861432,4.284197450936911
85.82000000000006,-0.01556686099769749,0.637073754866399,3.024931796983647,0.42371536976306307,18.29758648252512,4.2775678232524985
85.84000000000006,-0.0027601873130026007,0.6393066761844705,3.0242636528534157,0.42331364516375913,18.24544590591046,4.271468823005789
85.86000000000006,0.009837617709328226,0.6164165200015247,3.0234717725524414,0.4229632300761234,18.20017921829818,4.266166806197125
85.88000000000005,0.021742159791922875,0.570416155715503,3.022531611025294,0.4226700192865784,18.16335989154638,4.261849351108786
85.90000000000005,0.032520747750401764,0.5044142064893166,3.021459406437998,0.42243455002145835,18.135729102977002,4.258606474303185
85.92000000000004,0.0418111602181395,0.4222908890139638,3.020306401876656,0.4222527184867184,18.117184093717363,4.256428560861484
85.94000000000004,0.04933353576812024,0.3283428139692793,3.0191420703078435,0.42211722757179404,18.106901416191633,4.2552204897268995
85.96000000000004,0.054895254249767426,0.22694485603132844,3.018031809576314,0.42201942783286583,18.10356096837073,4.254827959902812
85.98000000000003,0.058389568535213064,0.12226891623725665,3.017016299374483,0.4219511285937607,18.105618113354424,4.255069695475554
86.00000000000003,0.05978940847928195,0.01808532402984443,3.016099129115423,0.42190596293228916,18.11156520765319,4.255768462646104
86.02000000000002,0.059138130531546054,-0.08234382687595213,3.0152466111844847,0.42187998798769966,18.12013069056574,4.256774681676932
86.04000000000002,0.05653901225618315,-0.17628572294471398,3.014399748508985,0.4218713760371532,18.13038140942337,4.257978559061021
86.06000000000002,0.052145035562741575,-0.2614907755073679,3.013494387683356,0.4218792728130251,18.141718208625484,4.259309592953474
86.08000000000001,0.046150049832911724,-0.33610533463443526,3.012482927018718,0.4219021211043458,18.15378069269685,4.26072537165878
86.10000000000001,0.038781858584933264,-0.39857121227029707,3.011350436452682,0.4219359118069239,18.16629838950718,4.262194081632978
86.12,0.03029723059345212,-0.44753756430371444,3.0101198694096776,0.4219728782583059,18.178936805470443,4.263676442399264
86.14,0.020978379794921884,-0.4818047892367125,3.008844625240628,0.42200106644215346,18.191185072435623,4.265112550969273
86.16,0.01113014139661744,-0.5003122902531288,3.0075908852903988,0.4220050082542144,18.202317855857473,4.266417449788226
86.17999999999999,0.0010769173160737927,-0.5021737230158404,3.006415522415987,0.4219674519472404,18.21144246542166,4.267486668452715
86.19999999999999,-0.008841531471597414,-0.48675585699867735,3.0053468585402956,0.4218718388657679,18.21761924326856,4.268210309165724
86.21999999999998,-0.018276226947914913,-0.4537910524509579,3.004374637494852,0.4217050294312904,18.22002546307664,4.268492176761795
86.23999999999998,-0.026877583080866276,-0.4035087364346409,3.003452598362319,0.4214597181244549,18.218124040329037,4.268269443267264
86.25999999999998,-0.034306686862353816,-0.3367679156995502,3.0025129563808775,0.4211360451606665,18.211799342495244,4.2675284817438826
86.27999999999997,-0.04024907309867607,-0.2551705457380481,3.0014882411183037,0.4207420874615748,18.201431921312174,4.266313622005791
86.29999999999997,-0.044430398180061,-0.16113451373641424,3.000333533550456,0.4202931470528415,18.18789911621182,4.264727320264663
86.31999999999996,-0.04663299675856424,-0.057905704203108206,2.9990419445634786,0.4198099944866723,18.17250529761183,4.262922154767998
86.33999999999996,-0.046711922589227524,0.05050806534517662,2.9976482537414535,0.4193164130880996,18.15685974188244,4.261086685563019
86.35999999999996,-0.04460879246632973,0.15949163507997474,2.996219338605912,0.41883648579432714,18.142728011335404,4.2594281319603695
86.37999999999995,-0.040361643737972845,0.26406547252307383,2.994834216474891,0.4183920556958279,18.131882418924533,4.25815481387473
86.39999999999995,-0.03410915019488781,0.3592033769871615,2.9935598725049686,0.4180006923677316,18.125969884325542,4.257460497095134
86.41999999999994,-0.026087958597389615,0.4401969091496097,2.992430477149853,0.4176743531781757,18.1264053098286,4.257511633551762
86.43999999999994,-0.01662259666733454,0.5030263386489049,2.9914366135459267,0.41741879326681464,18.13429062132724,4.258437579832213
86.45999999999994,-0.00610828654064534,0.544691162561364,2.99052801829653,0.4172336843592008,18.15035720407024,4.260323603210235
86.47999999999993,0.005012061709631537,0.5634545530342878,2.9896290673074173,0.41711335473843464,18.174932308150005,4.263206810389335
86.49999999999993,0.01627457583218904,0.5589661962298224,2.988662184787286,0.4170480378583557,18.20793438887336,4.267075624930189
86.51999999999992,0.0272222212028837,0.5322456170463663,2.9875718318871756,0.41702548662398037,18.248903628557525,4.271873550160108
86.53999999999992,0.037430884508295834,0.48552972052332916,2.986341555777058,0.4170327626532448,18.297069555359503,4.2775073998018405
86.55999999999992,0.04653124224822359,0.4220094335904538,2.9849987959926434,0.41705796010935986,18.351449008278404,4.283859125634082
86.57999999999991,0.054224585565341696,0.3454964810779422,2.9836060258616626,0.41709160408649465,18.410958865518243,4.290799327108906
86.59999999999991,0.06029168851495201,0.26006929800168904,2.9822411058838454,0.4171275003376572,18.474523326939448,4.298200010113471
86.6199999999999,0.06459478985913783,0.1697458656023938,2.9809730866206707,0.4171629074988264,18.541157109002594,4.305944392232973
86.6399999999999,0.06707363224217554,0.07822190571949074,2.979841080879494,0.41719802857588917,18.61001248755705,4.313932369376814
86.6599999999999,0.06773712981158628,-0.011301914193621778,2.9788428154257804,0.41723493733166034,18.680386632826497,4.322081284847209
86.6799999999999,0.06665254145548252,-0.09619685384534199,2.977936397240638,0.4172761395507386,18.751693328110363,4.330322543195872
86.69999999999989,0.06393400500680639,-0.17439569470032476,2.9770546484714275,0.41732301355577833,18.823408871228526,4.338595264740481
86.71999999999989,0.0597319886934559,-0.24431558317505994,2.9761273826307524,0.41737439050498887,18.8950061754379,4.346838641523044
86.73999999999988,0.05422472766184308,-0.3047415466490876,2.9751044678944107,0.4174255347168994,18.965894408105598,4.354985006645327
86.75999999999988,0.0476121395190162,-0.3546998092998847,2.97397226648212,0.4174677647245825,19.035383369746462,4.362955806531446
86.77999999999987,0.0401121527323743,-0.3933471216567291,2.9727581559825653,0.4174888988037743,19.102690403317208,4.370662467328861
86.79999999999987,0.03195891536250613,-0.4198960895604812,2.9715216683386396,0.4174745951591876,19.16700106749693,4.378013369954108
86.81999999999987,0.023402030544835608,-0.43358845536855656,2.970335097482185,0.4174104860798576,19.227582830515768,4.3849267759582675
86.83999999999986,0.014705810096743268,-0.43371994353841675,2.9692598299463557,0.41728480630133513,19.28393583078719,4.391347837599202
86.85999999999986,0.006147542420961702,-0.41971278850991095,2.968326041131236,0.417091042643229,19.33595048322397,4.397266251118298
86.87999999999985,-0.001986088674454087,-0.39122604587971527,2.967522330949258,0.41683004474874763,19.384033058282224,4.402730182316676
86.89999999999985,-0.009405052499175793,-0.3482893272474053,2.9667987033138243,0.41651107781524155,19.4291608635541,4.407852182588942
86.91999999999985,-0.015824785033962153,-0.2914424385129345,2.9660820488786412,0.41615147512951706,19.472839638655135,4.4128040562271895
86.93999999999984,-0.020977691521389667,-0.22186123528609136,2.9652993174665383,0.41577482902642643,19.516955912298968,4.417799895004182
86.95999999999984,-0.024626854912863427,-0.14144883940766398,2.9644011065962035,0.4154079795285474,19.563542389673405,4.4230693403646075
86.97999999999983,-0.02658104937725535,-0.052871632900447996,2.9633782027473043,0.4150773402523426,19.614498682640356,4.428825880822179
86.99999999999983,-0.02670976799631522,0.04047793196970364,2.962265749821161,0.4148052655414941,19.67132546755882,4.43523679949096
87.01999999999983,-0.02495666730551249,0.13460378437375006,2.961133534542984,0.41460716180407114,19.73493114999375,4.442401507067292
87.03999999999982,-0.021349679968846617,0.22511638379419432,2.9600652075651848,0.414489874202929,19.80555398766813,4.45034313145269
87.05999999999982,-0.016006122277113666,0.3075201710911512,2.9591327657316384,0.41445158191232795,19.88281302589196,4.4590148044037665
87.07999999999981,-0.009131473659476134,0.37755364030083477,2.95837419763864,0.41448309490202295,19.96586732448466,4.4683181762811675
87.09999999999981,-0.0010111323217474935,0.43154453822967853,2.957781311438025,0.4145701577547983,20.05363611631997,4.478128639992376
87.1199999999998,0.00800470790123517,0.4667346516893527,2.957301656851891,0.4146962038091306,20.145021301667214,4.488320543551587
87.1399999999998,0.017521984539564568,0.48152815690136686,2.956854075619285,0.41484499119653606,20.239080228515544,4.498786528444703
87.1599999999998,0.027127570507405822,0.4756258404358124,2.9563531462639094,0.4150026661594018,20.335116472333883,4.509447468630041
87.1799999999998,0.03641542593617971,0.45002376014903295,2.9557349917906666,0.4151589822921405,20.43268093007439,4.520252308231742
87.19999999999979,0.045011346679126985,0.4068760667659132,2.954976485628639,0.4153075990654962,20.531497049279693,4.5311695012744435
87.21999999999979,0.05259377225499329,0.349243330940806,2.9541019524754564,0.41544555164366453,20.63133802337753,4.542173270954944
87.23999999999978,0.05890872779688128,0.2807651699662451,2.9531753511751893,0.41557211347695017,20.73188989142981,4.553228512981729
87.25999999999978,0.06377786309680583,0.205305757892044,2.9522804147502253,0.4156873619807123,20.8326344527615,4.564278086703471
87.27999999999977,0.06709954431107384,0.12662132956044692,2.9514949133883377,0.4157907996723892,20.932781303104143,4.575235655472201
87.29999999999977,0.06884386855136258,0.04809077731809363,2.950866975981234,0.4158803627805401,21.03126934562017,4.5859861911719895
87.31999999999977,0.06904315977788611,-0.027463697651572676,2.9504007331302313,0.4159520531457868,21.126844544632327,4.596394733335283
87.33999999999976,0.06777987655800964,-0.09785579234711907,2.9500556496573305,0.41600026552281727,21.218203560836606,4.606322129512503
87.35999999999976,0.06517389782976696,-0.1615203354890513,2.9497596835832436,0.4160186918024823,21.304175875618274,4.615644686890259
87.37999999999975,0.0613708920979902,-0.2174237576512792,2.9494321305151634,0.41600152906687926,21.38390549397507,4.62427350985807
87.39999999999975,0.05653300069405272,-0.26492717975436464,2.9490090017533155,0.4159446567056776,21.45699198912823,4.632169253074442
87.41999999999975,0.05083248026862856,-0.30363242552137093,2.9484629852639443,0.41584649994757394,21.523560783565088,4.639349176723508
87.43999999999974,0.04444835562884795,-0.33323932180471916,2.94781172405544,0.4157084348478469,21.584250926257393,4.645885375927541
87.45999999999974,0.03756561840203868,-0.3534369910083669,2.947111811690233,0.41553474880447033,21.64012877289205,4.651895180772247
87.47999999999973,0.030376128915454777,-0.36384399618583857,2.9464404058136555,0.4153322835269561,21.69255114340721,4.65752629014665
87.49999999999973,0.023080167148668392,-0.3640036495804643,2.9458702713820144,0.4151099167442554,21.74300760468,4.662939802815387
87.51999999999973,0.01588753317634043,-0.35343290268828087,2.945446140280397,0.41487799316712537,21.792968503780994,4.668293960729229
87.53999999999972,0.009017196574587478,-0.3317167647921531,2.94516985821239,0.41464773807248123,21.84375672088478,4.673730492966489
87.55999999999972,0.0026947060352782454,-0.29863540820138884,2.944999028354753,0.4144306294262819,21.89645155261994,4.6793644389617635
87.57999999999971,-0.002853137098092756,-0.25430775081750945,2.944859639404706,0.4142376969618258,21.951826279779368,4.685277609681135
87.59999999999971,-0.007406488986038735,-0.19933300336194634,2.944668809163673,0.41407875621692547,22.01031796687422,4.691515529855382
87.6199999999997,-0.01076331764544226,-0.1349101171077081,2.9443606257503436,0.4139616441178202,22.072027793922356,4.69808767414172
87.6399999999997,-0.012752253378599277,-0.06291453773015179,2.9439070782091465,0.41389156671737254,22.13675066179969,4.7049708460095365
87.6599999999997,-0.01324638301293418,0.01408718103439326,2.943327526907947,0.41387067799499916,22.204032227927875,4.712115472686113
87.6799999999997,-0.012176580293623555,0.09290046972733515,2.9426836309421307,0.41389797902633724,22.27324925146277,4.719454338317383
87.69999999999969,-0.009542721239235514,0.1698516950270786,2.9420610881204374,0.41396957116184446,22.343705477871303,4.726912890869823
87.71999999999969,-0.00542107526150571,0.24102005911609556,2.941543618346505,0.4140792312427931,22.41473117522558,4.734419835125058
87.73999999999968,3.3645179337426156e-05,0.3025358958904525,2.941187086042122,0.41421921481801255,22.485771007291994,4.741916385523051
87.75999999999968,0.00659262181516247,0.35091493395713025,2.941001726389207,0.4143811446007962,22.556443470622792,4.749362427802577
87.77999999999967,0.013963974090233758,0.38338713565143856,2.9409480470640728,0.414556814741737,22.626556890302655,4.756738051470005
87.79999999999967,0.02180994006080559,0.3981739140613822,2.9409478230335733,0.4147387461594376,22.696072818444577,4.764039548371169
87.81999999999967,0.029768722127232722,0.39467105325478924,2.9409069604715548,0.41492037155488515,22.765017498261845,4.7712700089454
87.83999999999966,0.037478779974643155,0.37350685230067404,2.940743328093696,0.41509581070481394,22.83335432940758,4.778425925909868
87.85999999999966,0.044602924628363814,0.33646397927831617,2.940411099709689,0.4152593046902313,22.90084216581773,4.785482438147457
87.87999999999965,0.050849555456703215,0.28627546110953067,2.9399142082975813,0.415404486981192,22.966912376850058,4.792380658592351
87.89999999999965,0.05598879950511384,0.2263254584555032,2.939304840387528,0.4155237483125063,23.030599010320596,4.799020630328713
87.91999999999965,0.05986208081962313,0.1602997203585242,2.938667455410317,0.4156079723151885,23.0905497379145,4.805262712684344
87.93999999999964,0.06238461602083672,0.09183611528769303,2.9380931930555816,0.4156468630186259,23.1451311641754,4.810938698858613
87.95999999999964,0.0635413178849619,0.024221923861990603,2.937652409851056,0.4156299550451449,23.192623020689375,4.815871989649369
87.97999999999963,0.06337741883957848,-0.039826829462025336,2.937373617276254,0.4155482153641755,23.231475513043744,4.819904097909391
87.99999999999963,0.06198567623336562,-0.09828477830117333,2.937235140245209,0.41539595464615403,23.26058695870667,4.822923072028692
88.01999999999963,0.0594922326193629,-0.14983335282146837,2.9371719707690938,0.41517262183884523,23.279548966935053,4.824888492694422
88.03999999999962,0.05604308604900288,-0.19378693098994634,2.9370957027915408,0.4148840104980192,23.288806892849863,4.825847790062371
88.05999999999962,0.05179274014888293,-0.22995344049471675,2.9369214698138757,0.41454249051834047,23.289695433250653,4.825939849734003
88.07999999999961,0.04689604675417472,-0.2584597808369358,2.936593665999995,0.4141660860531242,23.284331706542357,4.825384099379277
88.09999999999961,0.04150363077823317,-0.2795731597891482,2.936102584252143,0.4137764976202991,23.275376732513852,4.824456107429505
88.1199999999996,0.035760696316010684,-0.29354569370307004,2.9354868730359844,0.4133964314723472,23.265704281716072,4.8234535637565825
88.1399999999996,0.02980853081877994,-0.30050272853762566,2.934821069228243,0.41304676903954085,23.258036251987207,4.822658629012342
88.1599999999996,0.02378769835631016,-0.3003868792664637,2.9341920668140187,0.41274413234575363,23.25461040282522,4.822303433300855
88.1799999999996,0.017841759496569142,-0.2929612312087942,2.9336717961748513,0.41249927907827666,23.256937715248885,4.822544734395824
88.19999999999959,0.012120363744574859,-0.2778676763034963,2.9332945490674907,0.4123165445613852,23.265685845458155,4.823451652650636
88.21999999999959,0.006780701956872413,-0.2547305507151359,2.9330459369730746,0.41219431252889366,23.280698533309014,4.825007620026005
88.23999999999958,0.001986546233988558,-0.22329167148642992,2.932866882581156,0.41212630740158496,23.301135475313966,4.827124969929199
88.25999999999958,-0.0020955880178559847,-0.18356012841456212,2.93267143911611,0.41210338855646284,23.325698093726395,4.829668528349165
88.27999999999957,-0.005303269988866319,-0.1359582787889281,2.932373021772328,0.41211548698937633,23.352895743359056,4.832483392972919
88.29999999999957,-0.007487699112231595,-0.0814441492163825,2.931911081975778,0.41215333516105673,23.381303875606065,4.835421788800442
88.31999999999957,-0.008525294057932288,-0.02159005686970739,2.931270103664775,0.4122096866631243,23.40976967108946,4.838364359066962
88.33999999999956,-0.008330257012243464,0.04140138551226971,2.9304850810694845,0.41227980593967134,23.437531282291758,4.841232413579394
88.35999999999956,-0.006866703778690655,0.10475862273032356,2.9296316729314875,0.4123611400115753,23.46423375032011,4.843989445727572
88.37999999999955,-0.004158726262755367,0.16528690416126085,2.9288038340302838,0.4124522611490714,23.48984617116781,4.84663245678562
88.39999999999955,-0.0002967201330987618,0.21959421006087315,2.928085540395046,0.4125513594982191,23.514506715819955,4.849175880066628
88.41999999999955,0.004561470372047284,0.2643794560399651,2.9275250979216096,0.412654709227881,23.53833873953811,4.851632584969528
88.43999999999954,0.01019554231099235,0.2967514920364771,2.9271198554795164,0.4127555698757439,23.56128686768717,4.853996999142786
88.45999999999954,0.016334069176176556,0.3145371029382011,2.9268160867722357,0.41284388519290044,23.583014146176332,4.856234564575349
88.47999999999954,0.02267150438382257,0.31653234758225385,2.9265242521821486,0.4129069253204527,23.602882425147982,4.858279780451923
88.49999999999953,0.02888929407491469,0.3026561481876413,2.9261451816054356,0.4129307533551095,23.62001463928604,4.860042658175548
88.51999999999953,0.03467883653803614,0.27397819270457396,2.925599373510253,0.4129021738664794,23.633417524678908,4.861421348194261
88.53999999999952,0.039763654188928556,0.232612712509662,2.9248506261130314,0.4128107112009508,23.642132519738578,4.862317607863412
88.55999999999952,0.043918195100836915,0.18149169665380113,2.923916907311773,0.4126501959429472,23.645382815787727,4.8626518295871985
88.57999999999952,0.04698115675540655,0.12405080224637871,2.9228652024121544,0.41241968260041045,23.642693144956123,4.862375257521382
88.59999999999951,0.04886203604731245,0.06387447124806375,2.921791872525973,0.41212361779097095,23.633970881302606,4.861478260910214
88.61999999999951,0.049540598905461475,0.004351106632101465,2.920794361953616,0.411771354989263,23.619547370154752,4.859994585403851
88.6399999999995,0.049059945185097605,-0.051615765857805966,2.9199426370552066,0.41137621679541597,23.600183936215746,4.858002051894971
88.6599999999995,0.04751464974711104,-0.10180674232581727,2.919258794280832,0.41095432039732505,23.57704717165365,4.855620163445
88.6799999999995,0.04503597098272974,-0.14477920363033298,2.91871084850375,0.41052332387326423,23.551654598738317,4.853004697992607
88.69999999999949,0.04177628234174372,-0.1798537802700157,2.918222524626625,0.41010116295750504,23.52578781767702,4.850338938432759
88.71999999999949,0.037894717845377845,-0.20701012060014268,2.917696146271021,0.4097047798307873,23.501369246323975,4.847821082334204
88.73999999999948,0.033545596756346836,-0.22671820520056402,2.9170418255630506,0.4093488344380203,23.480302935328233,4.845647834431247
88.75999999999948,0.028870604055119865,-0.23973690431591027,2.9162042607110914,0.40904444302429566,23.4642898197795,4.843995233253176
88.77999999999948,0.02399505875270441,-0.24691172953288584,2.915179131355154,0.4087980821288453,23.45464037500105,4.842999109539568
88.79999999999947,0.019027998534674396,-0.24899955185747535,2.914014175368586,0.4086108781770847,23.452117887851042,4.842738676394902
88.81999999999947,0.014065321693339943,-0.24654088072173588,2.912794629288453,0.4084785188304468,23.45684794511502,4.8432270177140175
88.83999999999946,0.009194901248963392,-0.23979161084891837,2.911617431567688,0.40839194151762415,23.468321034178032,4.84441131967322
88.85999999999946,0.0045024355553680805,-0.22871749526493987,2.9105619800906317,0.40833878813684266,23.48549638277645,4.8461836926365525
88.87999999999946,7.681215033511965e-05,-0.21304711296222023,2.9096662611466884,0.40830541527369263,23.50699173807186,4.848400946505132
88.89999999999945,-0.0039860939635876155,-0.19237343098587356,2.908915520580753,0.40827908859941997,23.531323295457874,4.850909532804943
88.91999999999945,-0.0075820265756210165,-0.16629015576692338,2.9082468507244097,0.4082499273178869,23.557148861043867,4.853570733083414
88.93999999999944,-0.010599895323488116,-0.13454658927172308,2.907568288385265,0.40821221880430014,23.58346817992199,4.856281311860134
88.95999999999944,-0.012926456145066776,-0.09720299748474066,2.9067866989435727,0.4081648690632917,23.609745468331305,4.858986053523029
88.97999999999944,-0.014453944933142676,-0.05476728666437704,2.9058361282015146,0.40811093816033794,23.635936140732777,4.861680382412318
88.99999999999943,-0.015090092704092043,-0.008293185450105782,2.904698172812855,0.4080563794725794,23.662417910210614,4.864403140181806
89.01999999999943,-0.01476955938233034,0.04057906293780377,2.90340826640874,0.40800822835713974,23.68984279700584,4.867221260329742
89.03999999999942,-0.01346547075462091,0.0896552593646374,2.9020459130822727,0.40797256604064003,23.718939738021742,4.8702094141855685
89.05999999999942,-0.011199488761111343,0.13630211186129293,2.9007116315299557,0.40795262591999776,23.75030667827932,4.8734286368304724
89.07999999999942,-0.008048761841169708,0.17764311032772137,2.8994973349799187,0.4079474129876075,23.78423489056794,4.876908333213568
89.09999999999941,-0.004148256583656018,0.21082093909574323,2.8984588970137106,0.4079511593939053,23.820604770616786,4.880635693290044
89.11999999999941,0.0003125997499457429,0.2332982060880468,2.8975991105812544,0.407953821739285,23.858880008552077,4.8845552518680835
89.1399999999994,0.005099352055102579,0.24315698692137225,2.896866247622308,0.40794263472101083,23.898206685436474,4.888579209283253
89.1599999999994,0.00994755494778827,0.23935220161342383,2.896168822605296,0.4079044984121184,23.93759955048004,4.892606621268467
89.1799999999994,0.014582055936999782,0.22187642400903798,2.8954023204993105,0.4078287509485997,23.976175891307896,4.896547343925911
89.19999999999939,0.0187384168144699,0.19180507612284614,2.894480037603014,0.4077097351380952,24.013384354482238,4.900345330125443
89.21999999999939,0.022183919068152518,0.15120930337460048,2.8933589124205095,0.4075485603802624,24.04917558120103,4.903995878995111
89.23999999999938,0.024735561600692783,0.10294568347255417,2.8920526860789026,0.4073536045841998,24.084073569505517,4.907552706747582
89.25999999999938,0.026272854066991955,0.05035251267593367,2.890628478358551,0.4071395629766785,24.119127927950366,4.91112287852283
89.27999999999938,0.026743966346307758,-0.003102585453086989,2.889187756800072,0.40692516652219557,24.15575255784969,4.9148502070612174
89.29999999999937,0.02616476883415944,-0.05417265346707023,2.8878372501572507,0.4067299851098978,24.195480463625387,4.918890165842838
89.31999999999937,0.024611304394532522,-0.10013094842337873,2.8866582778164993,0.4065709325411828,24.239682637625943,4.923381220018001
89.33999999999936,0.02220709387339696,-0.13898313121693323,2.8856834092181747,0.40645915884590295,24.289307594491824,4.928418366422622
89.35999999999936,0.019107259294967194,-0.16957133729069987,2.8848872325616806,0.4063979385534392,24.34469490430595,4.93403434364881
89.37999999999936,0.015481686006662615,-0.1915671376509361,2.884193928845967,0.40638196045770486,24.40550101525858,4.940192406704275
89.39999999999935,0.011499339815573686,-0.20536640276440823,2.883499483720936,0.40639814115370065,24.470751736678594,4.9467920652356705
89.41999999999935,0.007315466345394031,-0.21191112056745254,2.882702112141076,0.40642778450333794,24.539008688528593,4.953686373654331
89.43999999999934,0.003062822077773957,-0.21246999647780504,2.881732047867151,0.40644965834084484,24.60861375470644,4.960706981339095
89.45999999999934,-0.0011525732480352972,-0.2084111184156405,2.8805719871291187,0.40644341024255665,24.677961902863267,4.967691808361632
89.47999999999934,-0.005251313198240865,-0.20099672212071645,2.879262171695089,0.40639272030919465,24.745751264348623,4.9745101532059035
89.49999999999933,-0.009176799000588364,-0.1912234159194531,2.877888592975607,0.4062876821649349,24.811168892189553,4.981081096728857
89.51999999999933,-0.01288882364469969,-0.17972263347230705,2.8765577783387086,0.40612607919997223,24.873987117534682,4.987382792360607
89.53999999999932,-0.016355822785284874,-0.1667271169579021,2.8753655934244406,0.40591343573980565,24.934564048632094,4.993452117386537
89.55999999999932,-0.01954710321287168,-0.15210124089236118,2.8743692588491485,0.4056619306852389,24.993758553050526,4.999375816344529
89.57999999999932,-0.022426249705954773,-0.13542670306541574,2.8735708063545813,0.40538843455941076,25.05278271341983,5.00527548826434
89.59999999999931,-0.024946695873694535,-0.11613084420013521,2.8729167957047563,0.4051120506081737,25.113022217374997,5.011289476509514
89.61999999999931,-0.027050160885911542,-0.09364219173439464,2.8723143169873624,0.4048515924520111,25.175856963520935,5.017554878974512
89.6399999999993,-0.028668328261927292,-0.06755617401201364,2.871658544615963,0.40462340450713913,25.242510134156408,5.0241924857788245
89.6599999999993,-0.029727789537277283,-0.03779276181433624,2.8708637728638524,0.4044398272836682,25.31394461995917,5.031296514811979
89.6799999999993,-0.030157900837406666,-0.004726884549350802,2.8698888850696536,0.40430844806245175,25.390812959435078,5.038929743450992
89.69999999999929,-0.029900814239497767,0.030727662400644708,2.8687498358315566,0.4042321008627121,25.473454433219008,5.0471233820087065
89.71999999999929,-0.028922572239119478,0.06709849135375678,2.8675154727605947,0.4042094408879796,25.56192467844839,5.05588020807934
89.73999999999928,-0.027223839371510277,0.10241226272339207,2.866287827293177,0.40423585831542164,25.65604174766621,5.06517934012866
89.75999999999928,-0.024848656681291315,0.13433472676733296,2.8651725092161584,0.4043045214926019,25.755437417542286,5.074981518936033
89.77999999999928,-0.02188961523621825,0.16038656762761255,2.864247763902287,0.4044074182863881,25.85961006088125,5.08523451385295
89.79999999999927,-0.01848811179755367,0.17821481671281783,2.863541231884063,0.4045363409176805,25.96798048924346,5.09587877497527
89.81999999999927,-0.014828888364812973,0.1858865812857929,2.8630213009760923,0.4046837853423457,26.079951327685535,5.106853368531892
89.83999999999926,-0.011128822855751426,0.1821627109108814,2.862605737199343,0.4048436976887107,26.194963909881434,5.11810159237597
89.85999999999926,-0.007620820815908856,0.1667068598364579,2.8621852261525165,0.4050119290180928,26.31253848394617,5.129574883354971
89.87999999999926,-0.004534499952101638,0.14019178656160924,2.8616550449236935,0.4051862158273687,26.432279531892906,5.141233269546608
89.89999999999925,-0.0020759875729562277,0.10427943018990435,2.8609456461246268,0.4053655413311293,26.553832489652326,5.1530410913995555
89.91999999999925,-0.00040942289097845155,0.061471691234666906,2.860043214789617,0.4055488666498084,26.676791229825913,5.16495800852494
89.93999999999924,0.00035740301249644545,0.014850744324247985,2.858994174665933,0.40573341531620105,26.8005729588696,5.176926980252822
89.95999999999924,0.00018140918095170292,-0.032253602728634874,2.857892294774008,0.4059128771982852,26.924291853896598,5.188862288970155
89.97999999999924,-0.0009143921764182065,-0.07662051789250496,2.8568520893364577,0.40607599603836136,27.046668828006972,5.200641193930511
89.99999999999923,-0.0028464547808791005,-0.11546754729784826,2.855976144809865,0.40620597756295423,27.166009860095347,5.21210224958177
90.01999999999923,-0.005482194869675994,-0.14670858271460951,2.855325732141876,0.40628100910605347,27.280271340579883,5.22305191823515
90.03999999999922,-0.008655666228404298,-0.169110093752797,2.8549031122935613,0.40627596233070773,27.387212841293987,5.233279358231699
90.05999999999922,-0.01218522068585681,-0.18233281948164629,2.8546506154679983,0.40616511813323125,27.484620938809083,5.242577699835176
90.07999999999922,-0.01589088318143513,-0.18686367426819672,2.8544668148896073,0.40592555754120563,27.57057559130383,5.250769047606629
90.09999999999921,-0.01960941913276588,-0.18385730175814596,2.8542352535102617,0.40554073222417314,27.64372380093119,5.257729909469599
90.11999999999921,-0.023205568821510942,-0.17491666608842185,2.853857576954989,0.4050036710569311,27.703522855544943,5.263413612432994
90.1399999999992,-0.02657856567449744,-0.16184659397938356,2.85328160832654,0.4043192945393835,27.750416259014685,5.267866385835416
90.1599999999992,-0.02966373502496853,-0.1464135279165425,2.852516280247588,0.40350539743643493,27.785909638059504,5.2712341664983455
90.1799999999992,-0.03242959214189162,-0.13013984004829873,2.851629066942058,0.4025920232299886,27.812522757862215,5.273757935084072
90.19999999999919,-0.034871351120357795,-0.11415329652940041,2.850726590889839,0.4016191845499549,27.833608626819853,5.27575668760604
90.21999999999919,-0.037002078187213724,-0.0991031860732524,2.8499239574765887,0.4006331547844642,27.85305129479534,5.277599008526068
90.23999999999918,-0.03884286295047482,-0.08514574317684954,2.8493116546428854,0.3996818188129489,27.874877433165143,5.2796664130572815
90.25999999999918,-0.04041335563159211,-0.07199398469360402,2.848929561770918,0.39880976489440256,27.902837595041643,5.282313659282421
90.27999999999918,-0.04172386194324754,-0.05902155587593609,2.848755534824341,0.39805387194344394,27.940024527984644,5.285832434724416
90.29999999999917,-0.042769941156281584,-0.04540668395141437,2.8487118014295927,0.39744006911136615,27.988592766326963,5.290424630058249
90.31999999999917,-0.04353015308551205,-0.030300359581540426,2.8486872690599774,0.39698172623902556,28.04962459849588,5.2961896301488185
90.33999999999916,-0.04396726970467008,-0.013001699879670543,2.8485693145965545,0.39667981845057404,28.123156252062124,5.303127025827509
90.35999999999916,-0.0440329168232494,0.0068774813025880375,2.8482759649102483,0.3965246653805022,28.208343086018814,5.311152707842132
90.37999999999916,-0.043675243413206756,0.029277641631454056,2.8477793105827693,0.3964987534681742,28.30371372250591,5.320123468727574
90.39999999999915,-0.04284883871984109,0.053604832026125426,2.8471134981784783,0.3965799760405309,28.40744844967856,5.329863830312981
90.41999999999915,-0.04152575392493087,0.07870949031125422,2.846365002182248,0.3967446098259278,28.51762019506392,5.340189153491093
90.43999999999915,-0.03970618354561768,0.10294317608630175,2.8456478785824904,0.3969694874458823,28.63235461802246,5.35092091307865
90.45999999999914,-0.037427189296373,0.12429738867297964,2.8450709704052515,0.3972330814010725,28.749892763025525,5.361892647473048
90.47999999999914,-0.0347678789582071,0.14061686839870557,2.8447063788282647,0.39751551384939693,28.86856683749268,5.372947686093052
90.49999999999913,-0.03184973999184389,0.1498661457667233,2.844568243813347,0.3977977668382732,28.986719655865713,5.383931616938101
90.51999999999913,-0.02883138379279984,0.15041536653899185,2.8446080196534607,0.3980605250649987,29.102606948406667,5.394683211126179
90.53999999999913,-0.02589773192153431,0.14130279626921638,2.8447277489680878,0.3982831104730188,29.21431899612177,5.405027196612592
90.55999999999912,-0.02324455617075487,0.12242990263442942,2.844807656549168,0.39844288153861124,29.3197473768054,5.4147712210956245
90.57999999999912,-0.02106010980403833,0.0946520464735266,2.8447402128352097,0.3985153184525524,29.416609121845443,5.423708060160083
90.59999999999911,-0.01950618594314289,0.0597430786666458,2.8444608985102544,0.39847485432254254,29.502528738885683,5.431623029894995
90.61999999999911,-0.0187011719229545,0.02023283568621574,2.843966818945567,0.39829638021530195,29.5751703850629,5.43830583776445
90.6399999999991,-0.018707468016635767,-0.02086162072709125,2.84331780239117,0.39795725758960404,29.632407365531037,5.443565684873384
90.6599999999991,-0.019525030161201145,-0.06037196374117225,2.8426196371822727,0.3974396034047774,29.67251213113859,5.447248124616556
90.6799999999991,-0.021091892725517883,-0.09533193440172755,2.841994192314389,0.3967325576029382,29.694345715170023,5.4492518491229625
90.6999999999991,-0.023291501514911727,-0.12329690278345122,2.8415448676255015,0.3958342030309577,29.697521657259767,5.449543252168916
90.71999999999909,-0.02596572832196848,-0.1425862858115709,2.841327112933695,0.39475280697326387,29.68251825480942,5.4481665039542815
90.73999999999909,-0.028931707566503324,-0.15241997288597867,2.841332317307648,0.3935071189324009,29.650717075022264,5.445247200543081
90.75999999999908,-0.032000234586305576,-0.1529377536130718,2.8414896315577662,0.39212560059519574,29.604356035960816,5.440988516433463
90.77999999999908,-0.03499342392609729,-0.14510832062025508,2.8416852904670153,0.39064465644541013,29.546400190942187,5.435660051083234
90.79999999999907,-0.03775960914744117,-0.1305488895759594,2.8417941125454584,0.3891061216086364,29.48034828089297,5.429580856833515
90.81999999999907,-0.040183991329483755,-0.11128606481718069,2.8417144126610805,0.38755438360817474,29.41000306014229,5.423099027322135
90.83999999999907,-0.042194206361837114,-0.08949270364252059,2.8413965319549046,0.38603352645457284,29.339234956496558,5.416570405385364
90.85999999999906,-0.0437606736650792,-0.06723448593474314,2.8408568966415797,0.38458479366310644,29.271761966107807,5.41033843360171
90.87999999999906,-0.044892216971947,-0.04625469712806395,2.8401735345624566,0.3832445199992777,29.210957702435337,5.4047162462459895
90.89999999999905,-0.045627941173191786,-0.027817710355030424,2.839464206018181,0.3820425478504938,29.159689968275995,5.399971293282585
90.91999999999905,-0.04602666729943191,-0.012622411972558187,2.83885325924401,0.38100107599762756,29.120188673354093,5.396312507013849
90.93999999999905,-0.04615536101434435,-0.0007878121579430676,2.8384365597620476,0.38013389941630954,29.09394525025968,5.39388035186726
90.95999999999904,-0.046077955972223104,0.00809449096796538,2.8382544094804314,0.37944605959365085,29.081652602898032,5.392740732030238
90.97999999999904,-0.04584580838170804,0.014851796186646856,2.8382800958015695,0.37893398337054135,29.08319939887194,5.392884144766318
90.99999999999903,-0.045490766317397485,0.02057987575962125,2.8384272650997664,0.3785861967764896,29.09773037407531,5.394231212515395
91.01999999999903,-0.04502153539567876,0.026466488516401925,2.83857399792451,0.3783846378063686,29.123773940165453,5.396644692785087
91.03999999999903,-0.044423696190779266,0.033605528468552893,2.8385967973626776,0.37830647202249273,29.159422700977075,5.3999465461222
91.05999999999902,-0.04366338825817775,0.042819173615361056,2.83840498177557,0.3783261775337243,29.202537245737222,5.40393719853749
91.07999999999902,-0.04269432103146738,0.0545061123843147,2.8379659128460366,0.3784175619852969,29.2509347574959,5.408413330866632
91.09999999999901,-0.041467405380260405,0.06853430188796511,2.8373140596745143,0.37855534690182874,29.302525323150064,5.413180702983235
91.11999999999901,-0.03994193771781863,0.08419565465878767,2.8365413700360276,0.3787160261508823,29.35537073904869,5.418059683968855
91.139999999999,-0.03809695130686879,0.10023644043455851,2.835771575167366,0.3788778694200281,29.407660230266973,5.422883018309262
91.159999999999,-0.035941139602794964,0.11496997775904819,2.8351255084148024,0.3790201641891999,29.457619803975867,5.427487430107588
91.179999999999,-0.033519727727563224,0.1264673616510522,2.8346870610260844,0.3791220146114463,29.503391053517124,5.431702408409091
91.199999999999,-0.03091688337335455,0.13280872113309292,2.8344793077868085,0.37916117770409713,29.542925804866456,5.435340449766367
91.21999999999899,-0.028252743674192633,0.1323642565617499,2.834457583733309,0.379113460166469,29.573941725866163,5.4381928731763605
91.23999999999899,-0.02567485785122643,0.12406429317092996,2.8345215921383615,0.3789530960826736,29.593970748027253,5.440034075998721
91.25999999999898,-0.023344709830092365,0.1076139574159595,2.8345432646325337,0.37865429318044463,29.600510280659023,5.440635099017303
91.27999999999898,-0.021420839920862172,0.0836128488937159,2.8344026023103335,0.37819383256520983,29.591262735324623,5.43978517363734
91.29999999999897,-0.02004075788796562,0.05355332996298823,2.8340214148917586,0.3775543180550894,29.56442828828046,5.437318115420548
91.31999999999897,-0.01930417860779772,0.019690686973891473,2.833385435440527,0.3767274756547826,29.51900361402112,5.433139388421865
91.33999999999897,-0.019260026225524265,-0.015199551441163348,2.832548567019703,0.3757168482866032,29.455036761695908,5.427249465585298
91.35999999999896,-0.019899142438227383,-0.048142170710252126,2.8316180598847445,0.3745393181781443,29.373793771219468,5.419759567657911
91.37999999999896,-0.02115379052145754,-0.07631265633314652,2.830724766254327,0.37322508474207444,29.277803262462626,5.410896715190804
91.39999999999895,-0.02290403062306973,-0.09736547239735541,2.8299867609413694,0.3718159777961728,29.1707590650159,5.400996117848623
91.41999999999895,-0.024990044084964275,-0.10969386414182038,2.8294764188538255,0.3703622460185704,29.057277530995705,5.390480269047991
91.43999999999895,-0.027228678612331525,-0.11258799143217901,2.82920005230128,0.3689181930335822,28.942525806979802,5.379825815672827
91.45999999999894,-0.029431992951582244,-0.10627567314519963,2.829095745530892,0.36753721379865445,28.831759285516913,5.369521327410565
91.47999999999894,-0.031425448544882974,-0.09184815506541072,2.829050041367369,0.3662668906268882,28.72982727643103,5.360021201117681
91.49999999999893,-0.0330636062704761,-0.07108894450159636,2.828928975117583,0.3651448195199401,28.64071948525096,5.35170248474735
91.51999999999893,-0.03424166665935416,-0.04623481253145214,2.82861499192105,0.36419573758376517,28.567225501693994,5.344831662615203
91.53999999999893,-0.03490183953962952,-0.019703694732784577,2.8280395987855513,0.3634303143956357,28.51076166500948,5.339546953160865
91.55999999999892,-0.03503423468655109,0.006175500189047229,2.82720268255349,0.362845687560415,28.471387010175356,5.3358586010290185
91.57999999999892,-0.034672629633195236,0.029400398180001428,2.8261730276409622,0.3624275265393766,28.447991420896635,5.333665852009913
91.59999999999891,-0.03388601616091373,0.04847663176352476,2.82506974508576,0.3621531700540624,28.438606418838617,5.332785990346754
91.61999999999891,-0.03276720358486874,0.06252912439131683,2.824029652328733,0.3619952550669637,28.440771630890072,5.332988995946839
91.6399999999989,-0.03141994546484044,0.07133840394673871,2.823169608797648,0.3619252566065274,28.4518909180985,5.334031394555013
91.6599999999989,-0.029946066865832774,0.07530540703050874,2.822554263415288,0.3619164650128663,28.469527504778583,5.335684352056312
91.6799999999989,-0.028433933635080177,0.07535448197828819,2.8221781741440672,0.3619460938394475,28.49160928766469,5.337753205953296
91.6999999999989,-0.02694936802767855,0.0727882404095493,2.821967245610627,0.3619963898310358,28.51653616439227,5.340087655122551
91.71999999999889,-0.025529819888219684,0.06910983588162103,2.8217990568487794,0.36205477425823046,28.543196374802648,5.342583305368541
91.73999999999889,-0.024182282181066623,0.06582898985903016,2.8215364451380522,0.3621131700389025,28.570908095623537,5.345176151973248
91.75999999999888,-0.022885110353376464,0.06426838997172644,2.821065113988095,0.3621667604342165,28.599307806478986,5.347832066031897
91.77999999999888,-0.021593567954850495,0.06538757049884822,2.8203249936238426,0.3622124816424419,28.628210226843976,5.350533639446067
91.79999999999887,-0.020248572492496196,0.06964199463436821,2.8193268287823177,0.3622475667321359,28.657466386971528,5.3532668891968695
91.81999999999887,-0.018787759256811042,0.0768950596019308,2.818149487851118,0.3622684234409963,28.68684559608159,5.3560102311404885
91.83999999999887,-0.017157639850616108,0.08639898486240156,2.8169186922643052,0.36227004230290016,28.715962343931103,5.358727679583196
91.85999999999886,-0.015325355410249021,0.09685572111334947,2.8157728837548253,0.362246008758256,28.74426028321786,5.361367389315701
91.87999999999886,-0.01328838037099838,0.10656051929279281,2.8148254601863236,0.3621890628952897,28.771053963132363,5.363865580263208
91.89999999999885,-0.011080594238854395,0.11361890726559803,2.814133672027645,0.36209204761749164,28.795617785838626,5.36615484176879
91.91999999999885,-0.008773458236173787,0.11621431562783892,2.8136827534809132,0.36194903460862143,28.817303593603455,5.368175071064975
91.93999999999885,-0.0064716172811661804,0.11289121658112723,2.813389769400628,0.3617564212441059,28.83566497352905,5.369885005615022
91.95999999999884,-0.004303039691691403,0.102810737598646,2.813126262473149,0.3615138343047385,28.850567674737043,5.371272444657508
91.97999999999884,-0.0024046874866704305,0.085935112046278,2.812753563215721,0.36122473215430845,28.862270011414832,5.372361679132822
91.99999999999883,-0.0009055170255343147,0.06310539943838889,2.812161058318906,0.36089664391754084,28.87146279656715,5.37321717377654
92.01999999999883,9.082807045563203e-05,0.0359929391290518,2.811296841201039,0.36054101235859315,28.879263486734178,5.3739430111170865
92.03999999999883,0.0005210847835815254,0.006926108514202969,2.8101822636357983,0.36017261963186464,28.88716281773511,5.374677926884095
92.05999999999882,0.00037290452146032,-0.021384284965796165,2.8089063755368877,0.35980858291091133,28.896924235853987,5.375585943490624
92.07999999999882,-0.0003107879537661802,-0.046179947463277304,2.8076018031557637,0.3594669235924511,28.9104378456648,5.376842739532634
92.09999999999881,-0.0014343172033644313,-0.06499951698816021,2.8064087034148866,0.3591647511207763,28.92953315099302,5.37861814511804
92.11999999999881,-0.0028583321845897553,-0.07598135948517767,2.8054366469855565,0.3589161671948188,28.955760393581638,5.3810556950826705
92.1399999999988,-0.0044141576966134416,-0.07808249857202648,2.8047347876797404,0.3587300857582652,28.99015957606213,5.384251069188929
92.1599999999988,-0.0059214465616350635,-0.07118677003236422,2.804278390397295,0.35860826292360487,29.033047860011617,5.388232350225036
92.1799999999988,-0.007206800101385213,-0.0560936012980831,2.8039753690759404,0.3585439083843345,29.08386591111265,5.392945939939752
92.1999999999988,-0.008121032412749923,-0.03439643157576342,2.8036911163623057,0.3585212661586793,29.14112630235693,5.398252152535757
92.21999999999879,-0.008553083347156803,-0.008273954400359253,2.8032849945429614,0.3585164720617609,29.202497553203468,5.403933525979337
92.23999999999879,-0.008439148888589343,0.019773546319366248,2.8026486858171253,0.3584998050510593,29.265034805912194,5.409716702925597
92.25999999999878,-0.007766287570656816,0.04720693880868598,2.8017360194784935,0.35843917426245603,29.325536917437976,5.415305800916323
92.27999999999878,-0.006570470595355466,0.07171578147202559,2.8005761010128496,0.3583043877621011,29.38097871250165,5.4204223739946364
92.29999999999878,-0.00492967864262378,0.09144197068038637,2.7992660279445643,0.35807152029664324,29.42894621406689,5.424845270979338
92.31999999999877,-0.002953141798492666,0.10513916935386694,2.797945022510393,0.35772661390119803,29.467998689092905,5.428443486773433
92.33999999999877,-0.0007681313643702925,0.11225719278097215,2.796756929686624,0.3572680429126835,29.497895362160776,5.431196494526853
92.35999999999876,0.0014941658878272728,0.11294982892811678,2.795811279312012,0.35670713002810756,29.519651860651432,5.4331990448217
92.37999999999876,0.0037122106175813334,0.10801230748611872,2.7951535516292836,0.35606693842164494,29.535423620733752,5.434650275844229
92.39999999999876,0.005785814442331961,0.09876018350645399,2.7947527732743036,0.35537949297592397,29.54824230300199,5.435829495394607
92.41999999999875,0.0076449577327758235,0.08686450643772639,2.7945098151142087,0.35468192489926037,29.56165116765638,5.437062733467068
92.43999999999875,0.00925500754469313,0.07415937775307589,2.794284111274085,0.35401215310715484,29.57929467870164,5.438685013741984
92.45999999999874,0.010617945722855545,0.06243810101825188,2.793931544422628,0.353404720305125,29.604517966853695,5.441003397063238
92.47999999999874,0.011769540538452987,0.05325408884251299,2.7933432871292116,0.3528873242718607,29.6400261802027,5.444265439910392
92.49999999999874,0.012772720549030071,0.04774296329371739,2.7924752002001343,0.3524784584045301,29.687644434441143,5.448636933623045
92.51999999999873,0.01370774368727024,0.046482847253375585,2.7913599549624997,0.35218641725118055,29.748206401780156,5.454191635960379
92.53999999999873,0.01466009665170427,0.04940987047145652,2.7900986467777167,0.35200973437587924,29.82158263641808,5.460914084328564
92.55999999999872,0.015707386947611146,0.055804192045509106,2.7888340890440357,0.3519389037254748,29.90683833013625,5.468714504354406
92.57999999999872,0.01690675412320052,0.06435705639632099,2.787712826376316,0.35195901304547644,30.00248681062787,5.47745258406021
92.59999999999872,0.018284458460481715,0.07332092315772056,2.786845937159805,0.35205273622975547,30.10678524704598,5.486965030601706
92.61999999999871,0.019829232400206398,0.08073286466024326,2.7862791054405305,0.35220305115052225,30.21800938970779,5.4970909933989445
92.63999999999871,0.021490649913870202,0.08468798202222015,2.7859800738030196,0.3523951154569811,30.334649469110413,5.507690030231405
92.6599999999987,0.02318317684043384,0.0836273376693275,2.785847005286249,0.35261694679294625,30.455489789601508,5.518649272204342
92.6799999999987,0.024795767592365008,0.07659715830872259,2.7857356635225643,0.35285886435748975,30.579565049975212,5.529879297957163
92.6999999999987,0.026205990696762514,0.06343566022418963,2.7854981810478137,0.3531119661802155,30.706018337643176,5.541301141216129
92.71999999999869,0.027296860474389218,0.044852078609821884,2.785022964385656,0.35336614695427604,30.833909751804796,5.552828986364049
92.73999999999869,0.02797399462659381,0.0223786977595519,2.7842649156464248,0.35360824193707274,30.96203394617485,5.564353866009498
92.75999999999868,0.028180540264481076,-0.0018021271931694565,2.7832577660077473,0.3538208027937444,31.08879761341413,5.575732921635875
92.77999999999868,0.02790757202487853,-0.025132145949794696,2.782105189566655,0.3539818122577639,31.2121875234168,5.586786869338833
92.79999999999868,0.02719832938119478,-0.04501111085645593,2.7809531264488467,0.35406539842699547,31.329833617387774,5.597305924941728
92.81999999999867,0.026145602602773193,-0.0591391721042073,2.7799507928502316,0.3540433913658628,31.43914841824261,5.6070623697478705
92.83999999999867,0.024882618154404058,-0.06581649438538338,2.7792108334427787,0.3538874270027152,31.537510235624577,5.615826763320301
92.85999999999866,0.023568722977140303,-0.0641578661643465,2.7787792264744646,0.3535712636517557,31.62245586132573,5.623384733532442
92.87999999999866,0.022371864074975826,-0.05419562065102258,2.77862290701396,0.3530730194091514,31.69185683515175,5.629552098981921
92.89999999999866,0.02145021036709858,-0.036862666477538684,2.7786383733464106,0.35237712807649946,31.744066965046144,5.634187338476255
92.91999999999865,0.020935247229561752,-0.013865091028950075,2.7786790240788135,0.3514759058882753,31.778041623862947,5.637201577366464
92.93999999999865,0.020918335339386952,0.012532016225608084,2.7785940522810755,0.3503706877062761,31.793436461432087,5.6385668801063344
92.95999999999864,0.021442153418900465,0.039772879445800394,2.7782686507451175,0.34907251234303677,31.79069214475864,5.63832352253386
92.97999999999864,0.022497747884732924,0.06529738438322011,2.777654860885624,0.34760231568543637,31.77110338807195,5.636586146602565
92.99999999999864,0.02402719858759809,0.08681096443006633,2.7767847781094828,0.3459905506356725,31.73685868084285,5.633547610595197
93.01999999999863,0.025931271315742913,0.10250921880928904,2.7757624436223285,0.3442761303484092,31.691027407116213,5.62947843117959
93.03999999999863,0.028080931742210987,0.11123683166213773,2.774736428385748,0.3425046193536492,31.637468970233325,5.6247194570247965
93.05999999999862,0.030331282800335285,0.11256999921153044,2.7738603357043115,0.3407256899301378,31.580647227849415,5.619666113555984
93.07999999999862,0.03253636671278479,0.10682096199095868,2.7732517705108,0.3389900021158614,31.52535211928651,5.614744172202907
93.09999999999862,0.034563327740970116,0.09497117482186676,2.7729607940878727,0.33734581129476715,31.476353668636815,5.610379102042643
93.11999999999861,0.0363046225377559,0.07854526252617197,2.7729563445785583,0.33583570397552487,31.438033705424843,5.6069629662968925
93.13999999999861,0.03768724359294634,0.05944105215695349,2.7731342560846746,0.3344938709588641,31.41405014678937,5.604823828345488
93.1599999999986,0.03867823971725194,0.03973197111874151,2.7733447045881543,0.3333442404613273,31.407083686353882,5.60420232382396
93.1799999999986,0.03928614260264825,0.021457879727482816,2.7734317447406833,0.3323996397017207,31.418698943282998,5.605238526885631
93.1999999999986,0.039558224197722605,0.0064198922376574085,2.7732744546443087,0.3316619810517828,31.449328050196634,5.607970047191464
93.21999999999859,0.03957381903162959,-0.0040053509229953325,2.7728188616200664,0.33112332569624636,31.49836242975262,5.61234019191216
93.23999999999859,0.039434258675069195,-0.009016036949089387,2.772092301286514,0.3307675897156022,31.564324006791974,5.618213595689645
93.25999999999858,0.03925028868281414,-0.0084838774560947,2.7711964663981936,0.33057262176539126,31.645081674753055,5.625396134918239
93.27999999999858,0.0391281586182013,-0.0029857276880128885,2.770280929931406,0.3305123763576598,31.738079858865643,5.63365599401185
93.29999999999858,0.03915585442937489,0.006243778668495357,2.769503984334541,0.3305589118651647,31.840549654960252,5.642743096664977
93.31999999999857,0.039391116042600864,0.01744340064418357,2.7689909617906565,0.3306839563323487,31.949677124716064,5.652404543618235
93.33999999999857,0.03985287789386713,0.028534375553716462,2.7688009395526287,0.33085982659201607,32.06270856404996,5.662394243078626
93.35999999999856,0.040517523441001416,0.03738844776218147,2.768910658222027,0.33105958211527947,32.176981211891565,5.672475756835948
93.37999999999856,0.04132083339203608,0.04212293570365969,2.7692200584339446,0.33125645157437866,32.28988135811217,5.68241861869681
93.39999999999856,0.042165764892448505,0.041381352623741055,2.76957817028435,0.33142276124717185,32.39874875176335,5.691989876287848
93.41999999999855,0.04293532531076059,0.03455498030046432,2.769822651819686,0.3315287651421104,32.50076222704681,5.700943976838118
93.43999999999855,0.04350895038431396,0.02190608837617712,2.7698225516523647,0.3315418652710942,32.59285092205193,5.709014881925946
93.45999999999854,0.04378013482907457,0.004567223885172504,2.7695129257282214,0.3314266759821727,32.671674123452,5.715914110923292
93.47999999999854,0.04367274435992816,-0.015589009419953972,2.7689120717917866,0.3311462271437599,32.73369989455533,5.721337247056437
93.49999999999854,0.04315354908020975,-0.036193023954536295,2.7681167879130566,0.330664355531834,32.77539147158304,5.724979604468739
93.51999999999853,0.042239056651783013,-0.05469780149738104,2.767276930943305,0.3299490643544139,32.79348677105949,5.7265597675270525
93.53999999999853,0.04099559406666765,-0.0687256719884314,2.766556033718434,0.3289764010416683,32.78533623395835,5.7258480798881095
93.55999999999852,0.03953262345121311,-0.0763895772870541,2.7660883664711595,0.3277342592194548,32.749251646629,5.722696186818674
93.57999999999852,0.03799028584710211,-0.07654220382507586,2.7659436777915563,0.3262254727883139,32.68481467872001,5.717063466389018
93.59999999999852,0.0365229712690991,-0.06892018685719817,2.766108770192555,0.32446963701003795,32.593097557867274,5.709036482443187
93.61999999999851,0.035281192995455346,-0.05416859749346777,2.7664906584095674,0.32250324914232814,32.47675758940915,5.698838266647787
93.63999999999851,0.0343941528968211,-0.03374940309918457,2.766940485232706,0.32037798838096193,32.339980536991256,5.686825172008654
93.6599999999985,0.03395514697641415,-0.00975328929530354,2.7672920379844212,0.31815722388787554,32.1882644134648,5.673470226718812
93.6799999999985,0.034011454351805824,0.015354831548113183,2.7674049410640693,0.3159111127943844,32.02805448861305,5.659333396135366
93.6999999999985,0.034559683420808236,0.039020943720575775,2.7672013379506364,0.3137108801873466,31.86626110458949,5.645020912679553
93.71999999999849,0.03554682656581929,0.0588819544042805,2.7666864662227306,0.31162301273326926,31.709711553101293,5.631137678400457
93.73999999999849,0.03687659778045608,0.07300929361171257,2.76594762277352,0.30970411379671886,31.564601782676018,5.618238316650159
93.75999999999848,0.03842007285059373,0.08009236496270968,2.7651316157609416,0.3079970547630116,31.436018736781868,5.606783278920442
93.77999999999848,0.040029269324480955,0.07954750707341449,2.764406469758586,0.3065288386738305,31.327596707050777,5.597106101107141
93.79999999999848,0.04155211461851024,0.07154785113704137,2.7639173743571606,0.3053103137282099,31.24135109507112,5.589396308642922
93.81999999999847,0.04284724802291568,0.05697816353607952,2.763748467158915,0.30433758914485415,31.177703670868063,5.583699819194085
93.83999999999847,0.04379725463893549,0.037325405415275334,2.7639005416811027,0.30359476360041915,31.135680784525572,5.579935553796798
93.85999999999846,0.04431918912711595,0.014519823995038757,2.7642905565482625,0.30305741491972593,31.113237185182545,5.577924092812894
93.87999999999846,0.044371563048838956,-0.009257016193944062,2.764773047872954,0.3026962423918765,31.10763958785096,5.5774223067516555
93.89999999999846,0.04395729837471032,-0.031781015156116345,2.76517779045263,0.3024803069705642,31.115840047292714,5.578157406105776
93.91999999999845,0.04312246549398828,-0.05099583420036574,2.7653538542790903,0.3023794676546017,31.13478031615411,5.579854865151432
93.93999999999845,0.04195092147496244,-0.06521017937992307,2.765208630269189,0.30236583194338584,31.161591695784082,5.58225686400976
93.95999999999844,0.040555253384146166,-0.0732675621923234,2.7647317904219455,0.302414273682307,31.19368413364264,5.58513062816284
93.97999999999844,0.03906472634662546,-0.07467350846765056,2.763998070440247,0.3025022634302929,31.228745285765424,5.5882685409494615
93.99999999999844,0.0376112407034858,-0.06966493578057698,2.7631481779561207,0.3026093535341861,31.264687227665124,5.591483455011302
94.01999999999843,0.03631459833622085,-0.059207799252848074,2.7623526771929345,0.30271663944405314,31.299580997554607,5.594602845381842
94.03999999999843,0.03526861852578482,-0.04491345834457327,2.7617680254111523,0.302806399335544,31.331608006630518,5.597464426562309
94.05999999999842,0.03452976017183391,-0.028872293845495375,2.7614959825131593,0.3028619537439185,31.359038658942,5.599914165319143
94.07999999999842,0.034109826642961326,-0.013414584907012419,2.7615568563221013,0.3028676600004155,31.380231217989238,5.6018060675097665
94.09999999999842,0.03397399794297159,-0.0008218693449317799,2.7618836162774585,0.3028089192930689,31.393635766522575,5.603002388587977
94.11999999999841,0.03404484387088225,0.006975773629598606,2.762338606507398,0.3026721372987494,31.397791956872616,5.603373265888381
94.13999999999841,0.03421217445873926,0.008673201339364466,2.762748730101932,0.30244470020621605,31.39132198735622,5.602795908058424
94.1599999999984,0.03434769669664483,0.003790404096842639,2.7629500874301955,0.302115132836549,31.37293433087475,5.60115473191687
94.1799999999984,0.03432263007006168,-0.007236715447046414,2.7628304691010825,0.30167362707620077,31.341461034108526,5.598344490481853
94.1999999999984,0.03402585851815434,-0.023095184959649528,2.7623585797772896,0.3011130403841869,31.29594704636734,5.59427806301826
94.2199999999984,0.03337999873200211,-0.04176242971983813,2.7615923184374482,0.30043029353176287,31.23579464798686,5.5888992340162
94.23999999999839,0.03235300836924365,-0.06077925413621673,2.7606639424056127,0.2996279128630803,31.160945246046712,5.582198961524635
94.25999999999839,0.030963612356336424,-0.07758701222072972,2.7597459997774134,0.2987153425335916,31.072062497294667,5.574232009639953
94.27999999999838,0.029279771717067516,-0.0898771955466026,2.7590068968767936,0.29770964663279187,30.970671648664254,5.565129975900316
94.29999999999838,0.027410477732466416,-0.095901045073107,2.758567577172124,0.29663533178031753,30.859213200732572,5.555106947731301
94.31999999999837,0.02549212926950211,-0.09469547580633844,2.75847040461864,0.2955232039943461,30.740983210500843,5.54445517706662
94.33999999999837,0.023671478512888124,-0.08619714038276836,2.758668145522663,0.2944083639514225,30.61995331619909,5.5335299146384935
94.35999999999837,0.02208750867221978,-0.07123516309072067,2.759035803834826,0.293327586731189,30.500485408741863,5.522724455261358
94.37999999999836,0.02085461218943413,-0.051411149571221136,2.759402295500382,0.29231640243703483,30.38697421290127,5.51243813687748
94.39999999999836,0.020049112314397627,-0.02888965488417045,2.7595939631024256,0.291406203308143,30.283463182222015,5.503041266629028
94.41999999999835,0.019700604287306953,-0.00613166500640332,2.7594789340198065,0.29062167900384644,30.19328411981343,5.494841591876278
94.43999999999835,0.019788894295929265,0.014392577639305546,2.7590010469065294,0.28997884749171365,30.118768862005016,5.488056929552117
94.45999999999835,0.02024659345663371,0.030476413615591492,2.758194615299748,0.28948390843471117,30.061072574858777,5.4827978783517795
94.47999999999834,0.020966772723344858,0.04040571905486035,2.7571760901118707,0.28913308608443844,30.020133381663683,5.479063184675249
94.49999999999834,0.021814572362077678,0.04312263531944654,2.756114569663226,0.28891353284777627,29.994773644475206,5.476748455468373
94.51999999999833,0.022641328274554357,0.038312397422204575,2.7551885967051644,0.28880522843418066,29.982927005970108,5.475666809254386
94.53999999999833,0.023299641087861523,0.02641119570712567,2.754540320779762,0.2887836492938376,29.98195602079513,5.475578144889828
94.55999999999833,0.023657859273801086,0.008541347302925002,2.7542388765344348,0.28882283442522144,29.98901165756187,5.476222389344855
94.57999999999832,0.023612638370395015,-0.013613837580092944,2.754262477493446,0.28889837972713767,30.001380748885218,5.477351618153176
94.59999999999832,0.02309852441447051,-0.03797971802467019,2.754503857514985,0.28898988875135667,30.01677134332646,5.478756368312654
94.61999999999831,0.02209383857770176,-0.062287785685325114,2.7547976195711437,0.2890825053460858,30.03349783675144,5.480282642049718
94.63999999999831,0.020622468574224187,-0.08428498304877904,2.7549624056149398,0.2891673366348996,30.050545579929057,5.481837792194243
94.6599999999983,0.018751477189667663,-0.10194036288564298,2.7548470616298437,0.2892408013707868,30.067515702562556,5.483385423491819
94.6799999999983,0.016584716666425553,-0.11363565219667043,2.754369060721937,0.2893031546890099,30.084472117702582,5.4849313685498915
94.6999999999983,0.014252902918051683,-0.11832646234255056,2.753535515468152,0.28935659428375843,30.101730498724585,5.486504397038663
94.7199999999983,0.011900873622387087,-0.11566032300517184,2.752441555782425,0.28940340949233034,30.11963946823062,5.488136247236453
94.73999999999829,0.009673036553051732,-0.10603726999927887,2.751246519546814,0.2894445818910423,30.13840385049456,5.48984552155109
94.75999999999829,0.007698293088290345,-0.09059975370333558,2.750133909337588,0.2894790988827628,30.15798735560561,5.491628843576886
94.77999999999828,0.006075952923797533,-0.07114257653525964,2.7492650999069728,0.28950404054682344,30.178109891287747,5.493460648014851
94.79999999999828,0.004864272098056253,-0.04994118545067723,2.748738382675883,0.2895153013720711,30.19832899187067,5.49530062797939
94.81999999999827,0.004073173467926122,-0.029507769523731013,2.748563700860859,0.289508669164351,30.2181736151765,5.497105930867305
94.83999999999827,0.0036623906959927562,-0.012297655419654774,2.748659606822297,0.2894809399227897,30.23728842242718,5.498844280612716
94.85999999999827,0.003545700351712594,-0.0004007531070920499,2.7488734362365452,0.28943080085877293,30.255550002674113,5.500504522557373
94.87999999999826,0.0036011198839050935,0.004738961436031596,2.7490197854400713,0.28935932892680033,30.273130477568394,5.502102368873955
94.89999999999826,0.0036860634651089018,0.0025316791169673588,2.7489276106367795,0.28927007459676973,30.29050191205732,5.50368076036913
94.91999999999825,0.0036556210870893075,-0.006659247205428309,2.748483928375014,0.28916878215582503,30.30838974574273,5.505305599668626
94.93999999999825,0.003381529512733559,-0.02154905578526832,2.7476628708843442,0.2890628197923754,30.3276904899843,5.5070582428356705
94.95999999999825,0.0027691775053856962,-0.040094588000095445,2.746532585976092,0.28896037235212507,30.349368122370148,5.509026059329376
94.97999999999824,0.001770202555348991,-0.05976674605035843,2.745238191848868,0.2888694279370683,30.374338869469362,5.511291941956021
94.99999999999824,0.00038887024626387364,-0.07789178789127975,2.74396517019439,0.2887966057262844,30.40335079641616,5.513923357865628
95.01999999999823,-0.001318632959635369,-0.09200961732421031,2.7428925658668417,0.2887459386838967,30.436866386589987,5.516961698851097
95.03999999999823,-0.0032517943973124847,-0.10019576409179007,2.742147877227345,0.28871781461007134,30.4749625349893,5.520413257627485
95.05999999999823,-0.005279058642477592,-0.10130184736425356,2.7417749831947775,0.28870833729331835,30.51726851471714,5.524243705224919
95.07999999999822,-0.007254840195382535,-0.09508456513647942,2.7417230836666144,0.2887093421298897,30.562962582682243,5.528377934139655
95.09999999999822,-0.009037892112624965,-0.08221203353337485,2.7418593434124565,0.2887091676743435,30.61083851071726,5.532706255596556
95.11999999999821,-0.010508621276783855,-0.0641547130536615,2.742002056894214,0.2886940793757263,30.659436106339992,5.537096360579252
95.13999999999821,-0.011583243904631448,-0.04298321308079662,2.7419661059863625,0.28865004113039694,30.707211172077677,5.541408771429669
95.1599999999982,-0.012223228551989119,-0.021105120041555056,2.741609447925364,0.2885644200955685,30.752708419900927,5.54551245782578
95.1799999999982,-0.012439168452716556,-0.000977229771909106,2.740869061665981,0.28842724293749883,30.794701139119447,5.549297355442349
95.1999999999982,-0.012288950963934772,0.01517138684789575,2.7397772972431524,0.2882317893270592,30.83227413649537,5.552681706751736
95.2199999999982,-0.011870755161970926,0.025575180892819783,2.738454362072497,0.28797454483689344,30.864846549467686,5.5556139669228
95.23999999999819,-0.01131193855768846,0.029104471246261945,2.7370786217606105,0.2876547457464976,30.892150651776888,5.5580707670716905
95.25999999999819,-0.010755225862099918,0.025361590728331055,2.735842030755221,0.2872738510327153,30.914194401463668,5.560053453112089
95.27999999999818,-0.010343769737502177,0.0146978096934111,2.7349018823605498,0.2868352373843672,30.931235359316226,5.561585687492033
95.29999999999818,-0.010206624977215431,-0.0018433830577944373,2.7343411166620095,0.286344255837797,30.943782546671795,5.5627135955998845
95.31999999999817,-0.010445996840545944,-0.022644565433801462,2.7341473094014814,0.28580858384594693,30.952625629314454,5.563508392131214
95.33999999999817,-0.011127340565754006,-0.04567840641028659,2.7342157039854267,0.2852386391219594,30.958874214576113,5.564069932574187
95.35999999999817,-0.012273057060681651,-0.06870046126925541,2.7343754970726124,0.28464775576437934,30.963980077099514,5.564528738096292
95.37999999999816,-0.013860196860074196,-0.08945465941331371,2.734432678567373,0.2840518789665473,30.969715210305104,5.565044043878278
95.39999999999816,-0.015822280248568566,-0.10587721716183791,2.7342185987727357,0.28346868447170087,30.97808875491472,5.565796327113913
95.41999999999815,-0.01805507387257632,-0.11628636422870796,2.733632108585457,0.28291621397318173,30.99120302097238,5.566974314739775
95.43999999999815,-0.020425920834511592,-0.1195459828087483,2.732664846562704,0.2824112731674532,31.01106784213739,5.568758195696541
95.45999999999815,-0.022785981291304096,-0.11519090417842556,2.731403506250292,0.28196791685944006,31.039407431025193,5.571302130653587
95.47999999999814,-0.024984487234072806,-0.10350080645909356,2.7300086006871513,0.2815963251999627,31.07749951845474,5.574719680706353
95.49999999999814,-0.026883851313443525,-0.08550964734639738,2.728674963539275,0.28130226607977665,31.126080055629867,5.579075197165733
95.51999999999813,-0.02837422634785827,-0.06293986077757188,2.727583650997777,0.2810871748482505,31.185329196948977,5.58438261555823
95.53999999999813,-0.029385947671633814,-0.038056290678554955,2.7268570219411443,0.28094871393469295,31.254930938585392,5.590610962907846
95.55999999999813,-0.029898279004667364,-0.013444319524755607,2.7265280796022804,0.2808815550897407,31.334177733998327,5.5976939657325255
95.57999999999812,-0.02994309163475757,0.00827103657378428,2.726531778756012,0.2808780958978414,31.422080485278997,5.605540159991631
95.59999999999812,-0.029602572093370774,0.024735446396882417,2.726720679209854,0.28092889049827713,31.517447761925474,5.614040235153777
95.61999999999811,-0.02900075630404358,0.03416503872209661,2.726901297080925,0.2810227160899729,31.61891453134917,5.623069849410477
95.63999999999811,-0.02828954507873625,0.03559108151642114,2.7268822526163525,0.281146357380877,31.724923482969025,5.6324882141882044
95.6599999999981,-0.027630727201776284,0.029008443769681647,2.7265222072579793,0.28128430963792567,31.83368212834464,5.642134536533549
95.6799999999981,-0.027176252231037073,0.015398721277911602,2.7257654991329603,0.28141863551741225,31.943128636676544,5.651825248242956
95.6999999999981,-0.027049396584077807,-0.003382070733945231,2.724656422232119,0.28152915618529484,32.05093584658121,5.661354594669125
95.7199999999981,-0.02732944656401994,-0.02483896481041723,2.723328496053727,0.2815940456167907,32.154568836692995,5.670499875380741
95.73999999999809,-0.02804205946048427,-0.04616332115292566,2.7219714238386317,0.2815907816810924,32.25139373276926,5.6790310558025
95.75999999999809,-0.029156632387439516,-0.06459943005850301,2.720784064368136,0.2814973367534875,32.33882163815668,5.686723277789827
95.77999999999808,-0.030590961717855036,-0.07779791335305035,2.7199251924651504,0.28129348338632093,32.41446633475437,5.693370384469499
95.79999999999808,-0.03222240914912693,-0.08410539155325208,2.7194742630522963,0.2809621286404539,32.476297554766354,5.698797904362494
95.81999999999807,-0.033903893346899236,-0.0827524312161936,2.719411797692907,0.2804906300808311,32.5227789478838,5.7028746214416985
95.83999999999807,-0.035482439580362894,-0.07391966206642746,2.719624113358597,0.2798720452673792,32.55298585173064,5.705522399546832
95.85999999999807,-0.03681781073187703,-0.0586811863724837,2.7199311591993136,0.2791062128691574,32.566698989661255,5.706724015550538
95.87999999999806,-0.037798901953211526,-0.038841424955743165,2.720130649739055,0.278200486163967,32.56446638208718,5.706528400182302
95.89999999999806,-0.038356037434774094,-0.01669398959514837,2.7200477692988696,0.277169894059564,32.54762058073827,5.705052197897778
95.91999999999805,-0.03846795703969033,0.0052620398725017935,2.7195783574113617,0.2760365407117035,32.51823659264535,5.702476356167148
95.93999999999805,-0.038163009643761195,0.02461176606542571,2.7187149872862575,0.27482818547598625,32.4790208901061,5.699036838809353
95.95999999999805,-0.03751477672429864,0.039286726439609745,2.7175494068564783,0.27357613509537293,32.43313373794384,5.695009546782503
95.97999999999804,-0.03663295268921706,0.04777324900403648,2.7162505220994047,0.2723127603427969,32.383962214420514,5.690690838063557
95.99999999999804,-0.03565075140295405,0.04924937085054701,2.7150231313896764,0.27106904834395124,32.33487418016127,5.686376190524267
96.01999999999803,-0.034710361143199885,0.04364259673901332,2.714057482302342,0.269872578908704,32.28898886241135,5.682340086831424
96.03999999999803,-0.03394802956884826,0.03161012297208867,2.713482146507199,0.2687461769074729,32.248995242188386,5.678819881118645
96.05999999999803,-0.03348024682245647,0.01445087684864935,2.713331997014217,0.2677072964826002,32.21703659348688,5.676005337690133
96.07999999999802,-0.033392251124047666,-0.006036052708113168,2.713539340403273,0.2667680111399314,32.19466315162078,5.674034116184074
96.09999999999802,-0.033729760628943006,-0.027729583064942095,2.7139504433713135,0.26593537938273676,32.18284083407554,5.672992229333259
96.11999999999802,-0.034494492854035164,-0.048384521026838864,2.7143633141978842,0.2652119534943268,32.181996419731234,5.672917804774826
96.13999999999801,-0.03564371093409854,-0.06583404352538345,2.714577317817383,0.2645962788289441,32.19207958553195,5.673806445899609
96.159999999998,-0.03709375698950246,-0.07818396369705138,2.714442354284164,0.26408334090129104,32.212627638205454,5.6756169389948665
96.179999999998,-0.038727295457521745,-0.08398770032864007,2.713895570590296,0.26366500281972993,32.242826170873364,5.678276690235635
96.199999999998,-0.04040377511730758,-0.08239139157221885,2.7129767487703798,0.26333050389601326,32.28156514855269,5.681686822463263
96.219999999998,-0.0419724023267487,-0.07323794555637114,2.7118187532565527,0.2630670623257399,32.32749346064957,5.685727170789113
96.23999999999799,-0.04328668382342989,-0.057117869342519584,2.7106154230540302,0.2628605667999543,32.37907556828621,5.690261467479874
96.25999999999799,-0.0442193517282199,-0.035354762849127384,2.709574651074277,0.2626962875356242,32.434652146513926,5.695142855672184
96.27999999999798,-0.04467626216243184,-0.009916000309710113,2.7088678987042654,0.2625595116404923,32.492503546814035,5.700219605139265
96.29999999999798,-0.04460772473095266,0.01675468049462315,2.708588274412296,0.2624360198675019,32.55091164433363,5.705340624742193
96.31999999999798,-0.0440157485455909,0.04197602040209161,2.708727352999684,0.26231236514122935,32.60821347618198,5.710360187955045
96.33999999999797,-0.042955945329550424,0.06312041183029465,2.709176528610517,0.2621759708631942,32.662840150355336,5.715141306245659
96.35999999999797,-0.04153333996891326,0.07792578048413058,2.7097528378305182,0.26201511785239157,32.713337253694164,5.7195574351250436
96.37999999999796,-0.039892073749496534,0.08478708641142717,2.7102432094659674,0.261818914132753,32.758367749475354,5.723492618102635
96.39999999999796,-0.03819985225124765,0.0829831117174552,2.710456458257038,0.2615773317382805,32.79670342187295,5.72684061432418
96.41999999999796,-0.03662884153313027,0.07279916016740227,2.710270258104091,0.26128135262573854,32.827214190375926,5.729503834572059
96.43999999999795,-0.03533538246024489,0.05551973153034592,2.709661426622842,0.2609232081262786,32.848864567078714,5.731392899381329
96.45999999999795,-0.034441220618169156,0.033285153836547766,2.7087119278148513,0.26049664714437515,32.86072307928141,5.732427328739668
96.47999999999794,-0.03401884448579916,0.008828732082983319,2.7075890414676653,0.25999715000451995,32.861985199721914,5.732537413721947
96.49999999999794,-0.0340829813460106,-0.014868602070248095,2.7065045934971885,0.2594220290287521,32.85200581416401,5.731666931544785
96.51999999999794,-0.03458940852351128,-0.034955327036727935,2.7056633186510655,0.25877041767368825,32.830335821496774,5.729776245325534
96.53999999999793,-0.03544116077478006,-0.04906290187065737,2.70521302880804,0.25804322277383385,32.796759731769136,5.726845530636315
96.55999999999793,-0.03650115288352467,-0.05558642285699686,2.705208691801456,0.2572431625154806,32.7513353873586,5.722878243275721
96.57999999999792,-0.037609374892159764,-0.05385677319791469,2.705599022335766,0.25637500240756383,32.694439792326065,5.71790519266681
96.59999999999792,-0.03860228759122387,-0.04418731285110792,2.7062386911158915,0.25544602039142866,32.626823303815534,5.711989434848031
96.61999999999792,-0.03933190136561658,-0.027797420059046063,2.706923132075973,0.25446660232207124,32.54966725373152,5.7052315688087125
96.63999999999791,-0.03968224036671322,-0.006631764109739229,2.7074376017163204,0.25345074367086157,32.464629974077866,5.697774124522476
96.65999999999791,-0.039581396539523805,0.016894244323715498,2.707608808005323,0.2524161755349098,32.37385834477244,5.689803014584287
96.6799999999979,-0.0390080549133012,0.040186544782022764,2.70734680349999,0.2513838845122726,32.27994166827501,5.6815439510994725
96.6999999999979,-0.03799210964333186,0.06076535791967935,2.706667067692797,0.250376952554595,32.18579446853051,5.6732525475718525
96.7199999999979,-0.036609690500981375,0.07652629181650684,2.7056873170790587,0.24941885151479254,32.09447274924001,5.665198385691362
96.73999999999789,-0.03497350479378154,0.0859441759654598,2.7045995694976224,0.2485315069712522,32.008948134646275,5.657645105045585
96.75999999999789,-0.03321981922654928,0.08820333272589116,2.703623980486818,0.2477335237966296,31.93187818792867,5.650829867190187
96.77999999999788,-0.03149363383700266,0.08324783094328725,2.702955511184307,0.24703890900543365,31.865412968413153,5.644945789678866
96.79999999999788,-0.02993363494835128,0.07175448562341805,2.7027163989684513,0.24645645862520316,31.811066479719106,5.640130005568941
96.81999999999788,-0.02865837966667254,0.055038929528330234,2.7029261133199727,0.24598976452878607,31.769661911344226,5.636458277264565
96.83999999999787,-0.027754903337759238,0.034910056863693244,2.7034962384775603,0.24563763101216463,31.741340059060306,5.633945336889621
96.85999999999787,-0.027270609309471748,0.013490291519216338,2.7042515786478094,0.24539463421493996,31.72560903990824,5.632549071238372
96.87999999999786,-0.0272089521444014,-0.006981340849937466,2.7049723078054724,0.2452516234333214,31.721413778739997,5.632176646620736
96.89999999999786,-0.027529105463376995,-0.024348504576214045,2.7054468477631297,0.2451961078986371,31.727213025602836,5.632691454855559
96.91999999999786,-0.028149536143911018,-0.0367270881872626,2.7055226359651834,0.2452126172115074,31.741063050643604,5.633920752960908
96.93999999999785,-0.028955187054142364,-0.04267495897807791,2.7051426000259924,0.24528319569939697,31.760713864940456,5.635664456383156
96.95999999999785,-0.029807780087968434,-0.04133268308466139,2.7043587265733677,0.2453881598332173,31.78372278366411,5.637705453787393
96.97999999999784,-0.030558562043272747,-0.032525348570756056,2.7033196417563348,0.24550713723826093,31.80758324112635,5.639821206485747
96.99999999999784,-0.031062606664363963,-0.01681441868221908,2.702235254294585,0.24562027721363494,31.82985896634009,5.6417957217839865
97.01999999999784,-0.031193556807239998,0.004511982447251252,2.7013268382334186,0.24570944075149181,31.848309734017054,5.643430670613138
97.03999999999783,-0.03085747157040338,0.029520180092600865,2.700774286717313,0.24575917870630765,31.860996866255878,5.644554620716844
97.05999999999783,-0.03000429249347537,0.0557880562713328,2.7006729404356045,0.2457573832085543,31.866362926887984,5.645029931443055
97.07999999999782,-0.028635435599959746,0.08063367870941159,2.7010102403976113,0.24569560836012236,31.86328694010327,5.644757473984447
97.09999999999782,-0.02680622144517559,0.10139906097311349,2.701667916639151,0.24556914860090434,31.851120394589238,5.643679685682847
97.11999999999782,-0.02462231116421719,0.11575998400914525,2.702449468590557,0.2453769969278239,31.82970859547492,5.641782395260821
97.13999999999781,-0.022230006822553484,0.12202258238371526,2.703126651434013,0.24512177013719194,31.799397457428803,5.63909544673867
97.15999999999781,-0.019801119470677364,0.11936265527971666,2.703493993542216,0.24480960653958433,31.76102032326683,5.6356916455096115
97.1799999999978,-0.0175139709637168,0.10796690178366382,2.703418237915048,0.2444499561674565,31.715856007266378,5.631683230373169
97.1999999999978,-0.01553280811343237,0.08904701025766072,2.7028706579174737,0.24405513827671957,31.66555013217662,5.627215131144056
97.2199999999978,-0.01398830961309373,0.06471641254008922,2.7019342770706585,0.24363956140657939,31.611997236926495,5.622454734093152
97.23999999999779,-0.012961848434048214,0.037741912816801525,2.700784144391876,0.24321858455329926,31.557189631820556,5.617578627115116
97.25999999999779,-0.01247570833802445,0.011203776968217928,2.6996454284623406,0.24280711604988175,31.50304818330674,5.612757627343865
97.27999999999778,-0.012490613134861123,-0.011886591240711796,2.698739500413809,0.24241815862454588,31.451257655604184,5.6081420858965565
97.29999999999778,-0.0129108628321808,-0.028955744467146206,2.698231020668987,0.24206157540692083,31.403132839202527,5.603849823041525
97.31999999999778,-0.01359627873562881,-0.03817216268775758,2.6981886713589245,0.24174334514452675,31.35953986220469,5.599958916117572
97.33999999999777,-0.014379234661984349,-0.038645736032253145,2.698568772202186,0.24146548718311722,31.320888912251267,5.596506849120375
97.35999999999777,-0.015084439894926872,-0.030501580516119085,2.699225501674126,0.2412266824094385,31.287200543820433,5.593496271905473
97.37999999999776,-0.015548913648640202,-0.01482670296692982,2.6999451812118442,0.24102343383050004,31.258230397030278,5.590906044375123
97.39999999999776,-0.015639742572804444,0.006494447156050913,2.700496519183859,0.240851455847904,31.23362132803107,5.588704798791136
97.41999999999776,-0.015267671153625116,0.031026663573445117,2.7006850715290396,0.2407069116121394,31.21304341868304,5.586863468770562
97.43999999999775,-0.014395232432057528,0.056076999069886765,2.7003992184339207,0.2405871677353124,31.19628541503698,5.585363498917235
97.45999999999775,-0.013038867812775724,0.07899675915639766,2.699636870425138,0.2404908980453579,31.18327633923739,5.584198809071664
97.47999999999774,-0.011265206342086422,0.0974583432491138,2.698506500898701,0.24041759083400574,31.174039023377304,5.5833716537032805
97.49999999999774,-0.009182294599336314,0.10967944816675054,2.697202026622796,0.2403667169773258,31.168600153282856,5.582884572806683
97.51999999999774,-0.006927032419202738,0.11457597139192109,2.695957218705868,0.24033692242276938,31.166895420839136,5.582731895840882
97.53999999999773,-0.004650345989673834,0.11183470952265007,2.6949902891765793,0.24032557615718486,31.168707880535262,5.582894220790437
97.55999999999773,-0.0025017112737004206,0.10190646423160053,2.6944518201830245,0.24032884638771038,31.173662634952812,5.583337947406803
97.57999999999772,-0.000614543825412587,0.08592832393516883,2.694388569431187,0.24034225720852095,31.181277695001384,5.584019850878163
97.59999999999772,0.0009062668602730125,0.06558969808497775,2.69473195417591,0.24036148624700784,31.19104906343737,5.5848947226816525
97.61999999999772,0.001993726506605805,0.04295965239092782,2.6953140616915565,0.2403830802882319,31.202536799701285,5.585923092891745
97.63999999999771,0.0026244136420957164,0.020293246944327076,2.695907346847302,0.2404048233165029,31.215422128444413,5.587076348900596
97.65999999999771,0.002820207334047776,-0.00016740320091951973,2.696278456880841,0.2404256591652501,31.229520916572135,5.588337938651539
97.6799999999977,0.0026460915302622995,-0.016384678854911145,2.6962433001552704,0.24044526858981208,31.244758229486628,5.589701085879873
97.6999999999977,0.002204286285077577,-0.026699759887911786,2.695710322127379,0.24046353655601152,31.261123162402956,5.591164741125319
97.7199999999977,0.001625134215087774,-0.029981479721401482,2.694701908106536,0.24048016204239825,31.278626898818843,5.592729825301669
97.73999999999769,0.0010553316396970328,-0.025741569827277183,2.693349081779517,0.2404945623824734,31.297279865545992,5.59439718517965
97.75999999999769,0.0006442678171278118,-0.014206915976069951,2.6918609055154943,0.24050606515587172,31.317091006802094,5.596167528478941
97.77999999999768,0.0005294374202311386,0.0036618804116903226,2.690475770432717,0.24051424345011974,31.33808073984134,5.598042581102911
97.79999999999768,0.0008221095390491917,0.026216363088280258,2.6894058359035813,0.2405191971110036,31.360294476846402,5.600026292513848
97.81999999999768,0.0015946276306862202,0.051238327724098136,2.6887874032030896,0.24052162963159313,31.383806868564317,5.602125210004175
97.83999999999767,0.0028708113443967984,0.07613133865958266,2.6886486908244702,0.24052268548901473,31.408715069286554,5.604347871901472
97.85999999999767,0.00462085691423084,0.09817653963425524,2.688902594029594,0.24052363545704328,31.435127129972052,5.606703766917961
97.87999999999766,0.006761827631832001,0.11483120365933586,2.6893663571750737,0.2405255687168932,31.463154643942637,5.609202674528942
97.89999999999766,0.009164271850465372,0.12403649513417131,2.689803867177821,0.24052923922524783,31.492915504978072,5.611854907691224
97.91999999999766,0.011664743898396491,0.1244926549288262,2.6899808907611895,0.24053512840567437,31.52454510855902,5.614672306427066
97.93999999999765,0.014083137863995428,0.1158581567885409,2.6897203337898685,0.24054366941964517,31.558206820742154,5.617669162628052
97.95999999999765,0.016242928143768157,0.09883612559204798,2.6889443792412755,0.24055548590174633,31.594089279249086,5.6208619694179545
97.97999999999764,0.01799181345293009,0.07512624352368041,2.687693336447523,0.2405714731567655,31.632381052873654,5.624267156961309
97.99999999999764,0.019220026852524316,0.04724118977167793,2.6861165608105484,0.24059260374294406,31.67322121734588,5.627896695688886
98.01999999999764,0.019873782326198554,0.018209261297495474,2.684437532253595,0.2406194489003773,31.71663405420109,5.631752307603833
98.03999999999763,0.019961966211507864,-0.008795596930880775,2.682901414606006,0.24065152793252978,31.7624634846979,5.635819681705395
98.05999999999763,0.019555143510248785,-0.03084290737429176,2.681717584632511,0.2406866841327486,31.81032551683079,5.640064318501234
98.07999999999763,0.018777058938440477,-0.04559813105918691,2.6810107097963805,0.24072070870115256,31.859594468231215,5.644430393603168
98.09999999999762,0.017789866987381813,-0.05159037607051365,2.6807917780005788,0.24074738634367795,31.909432177641836,5.648843437168518
98.11999999999762,0.016775143066031305,-0.048362707544622914,2.6809556705226045,0.24075903159542555,31.958860628047354,5.653216838937576
98.13999999999761,0.01591318869875878,-0.036491925940344304,2.681305646984796,0.24074745232768208,32.00686919146916,5.657461373396124
98.15999999999761,0.0153632086422917,-0.017484127370003325,2.6815989504502045,0.24070515411802074,32.05253982196838,5.661496252932468
98.1799999999976,0.015246643782892533,0.006431655840563899,2.6816030045714814,0.24062652413903507,32.095168736777545,5.665259811939568
98.1999999999976,0.01563538209732758,0.03257885962618089,2.681149345448456,0.24050873253158672,32.134362956231534,5.668717928794088
98.2199999999976,0.01654585640085404,0.05814031803834233,2.68017295666771,0.2403521665756303,32.17009512375018,5.6718687505750855
98.2399999999976,0.01793928591340852,0.0804598659182311,2.678727925787268,0.2401603443345623,32.202709330020035,5.6747431069626435
98.25999999999759,0.019727623836558496,0.09730656909988954,2.6769756413564867,0.23993939473287565,32.23288160395228,5.677400955010336
98.27999999999759,0.02178420534634356,0.10707721814530062,2.6751479931940274,0.23969729079476987,32.261547780346234,5.6799249801688605
98.29999999999758,0.02395769433768703,0.10892201719840273,2.6734938621738094,0.23944304779947054,32.28981552026793,5.6824128255757635
98.31999999999758,0.026087724086195467,0.10278820998929265,2.6722212319561818,0.23918604329442988,32.31887509787151,5.684969225762925
98.33999999999757,0.028020615406592154,0.089385544876924,2.6714484883193315,0.23893550816570244,32.34991658414279,5.687698707222702
98.35999999999757,0.02962371243376745,0.07008497214967947,2.6711764772714215,0.2387001269571224,32.384053006286734,5.690698815285056
98.37999999999757,0.0307971583824816,0.04676692594023957,2.671288053959952,0.23848762455355627,32.42224448078391,5.694053431500613
98.39999999999756,0.031482285680603184,0.021637558421171432,2.67157531304893,0.2383042383678857,32.46522022817866,5.697825921189472
98.41999999999756,0.031666159172656645,-0.002969427046582745,2.671788072225651,0.23815407487539558,32.51340332639168,5.702052553808294
98.43999999999755,0.031382139374733685,-0.02479040098821832,2.671692145482264,0.23803847990475335,32.566852775687316,5.706737489642161
98.45999999999755,0.03070659712287426,-0.04181741216487002,2.6711237249848474,0.23795564394672403,32.62524270645258,5.711851075304098
98.47999999999755,0.02975210864200337,-0.05246331510766633,2.6700272670734577,0.23790065878282124,32.687894582748484,5.717332820708314
98.49999999999754,0.028657610610181558,-0.05569953886621457,2.6684682833129223,0.23786612599301232,32.75386479793643,5.723099230131908
98.51999999999754,0.02757613097892107,-0.05115947229655949,2.6666183198571205,0.23784323333554344,32.82207219048999,5.729055087053186
98.53999999999753,0.02666086507122164,-0.03919899264490696,2.6647157510432424,0.2378230418349558,32.89143582118874,5.735105563212306
98.55999999999753,0.026050552605383817,-0.02090408435635209,2.6630113973393725,0.23779764448459717,32.960989809360804,5.74116624122319
98.57999999999753,0.02585531780008887,0.0019646640637659856,2.6617112830699727,0.2377609070550747,33.029951305400566,5.747168981803177
98.59999999999752,0.02614431683653227,0.02709810322649331,2.660929438823448,0.23770866389204062,33.09773601181777,5.753063185105633
98.61999999999752,0.026936626053059153,0.05183593445869078,2.6606614445242585,0.23763844778171872,33.16393510246818,5.758813688813711
98.63999999999751,0.028196723736524258,0.07342609127691835,2.6607848586042744,0.23754899477358324,33.228279429670955,5.764397577342402
98.65999999999751,0.029835608651760347,0.08932436747991272,2.6610867061492076,0.2374398135749562,33.290616314448336,5.769802103577586
98.6799999999975,0.03171804242576696,0.09750074234324185,2.6613120504856487,0.23731102544599764,33.350911406470885,5.775024797043809
98.6999999999975,0.033675642077776555,0.09671077153476827,2.661222712059711,0.2371635035299822,33.409269117841866,5.780075182715348
98.7199999999975,0.03552468879543807,0.08668894718809951,2.6606526256877436,0.23699915170627925,33.465949050079914,5.784976149482374
98.7399999999975,0.03708671169395475,0.06822783018158972,2.6595468689695885,0.23682105052774297,33.521350624716376,5.789762570668712
98.75999999999749,0.03820931956343737,0.04312180852349188,2.6579750561093305,0.23663321638524967,33.57594692035766,5.794475551795664
98.77999999999749,0.03878453273904273,0.013975209156395886,2.6561157768882353,0.23643986557773264,33.63016826379595,5.799152374597166
98.79999999999748,0.038762089003647096,-0.016102887958842287,2.654215629437805,0.2362442865676538,33.68425828589199,5.8038141153806775
98.81999999999748,0.03815584883247645,-0.04387526512843517,2.6525324348238066,0.23604761259525653,33.738140643695395,5.808454238753663
98.83999999999747,0.03704239915254061,-0.06637059028651661,2.6512759233277188,0.23584787640195345,33.79133708392956,5.8130316603240315
98.85999999999747,0.03555207439138662,-0.08123867200284675,2.6505596635143087,0.23563968548194425,33.84296611450581,5.817470766106678
98.87999999999747,0.03385367391022434,-0.08701864340754344,2.6503752280268875,0.235414698035224,33.891830781069956,5.821669071758541
98.89999999999746,0.03213497351872236,-0.08328753106045081,2.650594323770119,0.23516286293785135,33.936581404414824,5.825511256912549
98.91999999999746,0.030581585225151708,-0.07067644069481391,2.6509981761010764,0.23487418160074264,33.97592175555266,5.828886836742729
98.93999999999745,0.02935677480457039,-0.050761218473824955,2.6513273433195836,0.23454061539622365,34.00881924401437,5.831708089746465
98.95999999999745,0.02858454080153995,-0.025850530856950004,2.6513406695083472,0.23415773296718187,34.034681755139395,5.833925072808134
98.97999999999745,0.028337684683486804,0.0012952007776016736,2.6508701512168837,0.23372576811110352,34.053473377813795,5.835535397700351
98.99999999999744,0.02863187827280862,0.027776066425023165,2.6498594337548846,0.2332499120849375,34.06575471853374,5.836587591952488
99.01999999999744,0.029425976283260078,0.05085903421693867,2.648377236815715,0.2327398459734905,34.07264728435573,5.837178024041731
99.03999999999743,0.030628123571126313,0.0682462742898341,2.646602504075802,0.2322086776425665,34.07573297902467,5.837442331965659
99.05999999999743,0.0321066372818414,0.07828099575676771,2.644784358064479,0.23167154429425837,34.07690759297777,5.837542941424736
99.07999999999743,0.03370424651767674,0.08007565232276784,2.6431856879883306,0.23114415823678863,34.07821059789332,5.83765454595365
99.09999999999742,0.0352540669235174,0.07355712858975991,2.642023099694743,0.23064151652488182,34.081652555110644,5.837949345027811
99.11999999999742,0.03659567363107912,0.05943272643563975,2.641417027989327,0.2301768906733948,34.08905675836201,5.8385834547741124
99.13999999999741,0.037589791981585643,0.039088375039339714,2.6413636676824708,0.22976109914388715,34.101925079524634,5.8396853579216605
99.15999999999741,0.03813041024097207,0.014435663940906715,2.6417354115374603,0.22940198385149063,34.12133192055038,5.841346755719128
99.1799999999974,0.03815347772851479,-0.012273481119847916,2.642309827936371,0.22910399333414455,34.1478471773382,5.843615933421549
99.1999999999974,0.037641726425288846,-0.03864627672228407,2.6428204898896137,0.22886782581546358,34.18149019718388,5.846493837949706
99.2199999999974,0.03662549299595379,-0.06234729649193985,2.6430178499968853,0.22869017906789454,34.22172035641604,5.849933363416719
99.2399999999974,0.03517968908774996,-0.08128381472564113,2.6427260943845448,0.2285637389370646,34.26747244467699,5.8538425367169715
99.25999999999739,0.03341726319847875,-0.09377019685847415,2.641882996689809,0.22847756028834482,34.31724269241452,5.858092069301619
99.27999999999739,0.03147963424877366,-0.09866543764437732,2.6405538685985177,0.22841792563156774,34.369222603103104,5.862526981012804
99.29999999999738,0.02952468863350137,-0.09547828043401405,2.6389167009249723,0.22836962602203975,34.421465196470386,5.86698092688824
99.31999999999738,0.027713054792554367,-0.0844330329792578,2.637222067633827,0.22831745482761742,34.47205729100392,5.871290939052835
99.33999999999737,0.026193526548668855,-0.06648726579599933,2.635736883525455,0.2282476093320418,34.519267724606074,5.8753100109361105
99.35999999999737,0.02508869640982735,-0.04329147975161652,2.634684534481149,0.22814870716297478,34.56164772750498,5.878915523079489
99.37999999999737,0.024482049927743294,-0.017082208012594247,2.6341946034339303,0.22801224649756263,34.59807433615153,5.882012779325758
99.39999999999736,0.024407899312385968,0.009494973587253078,2.634273317169616,0.22783252446947333,34.62774524093773,5.884534411568831
99.41999999999736,0.024845522573910955,0.03362720585310942,2.634801383765344,0.22760620230740022,34.65014682594536,5.886437532663144
99.43999999999735,0.02571865425606486,0.052623865336315245,2.6355599602429924,0.22733179747658167,34.665020998060584,5.887700824435679
99.45999999999735,0.0269010096840598,0.06422458030538104,2.6362792759899065,0.22700935590187804,34.672349309068466,5.8883231321886935
99.47999999999735,0.02822783504257331,0.0668867342826942,2.6366992578570585,0.22664042558342404,34.6723582178431,5.888323888666714
99.49999999999734,0.029512642073864313,0.060009278694040255,2.6366285571707437,0.22622827681885255,34.66553396444187,5.88774438681248
99.51999999999734,0.030567445647348698,0.04405338834591399,2.6359884617830978,0.22577817378444956,34.65262669331855,5.886648171355118
99.53999999999733,0.031224140979282472,0.020532639854347584,2.6348314224128626,0.22529746014202554,34.63462534680413,5.885118974736545
99.55999999999733,0.03135429232578414,-0.008135556987292205,2.633329685538621,0.22479529310778248,34.612696404787414,5.883255595738419
99.57999999999733,0.030884662872239052,-0.038903012704115295,2.631736473051127,0.2242820074419312,34.588094960266666,5.881164422141815
99.59999999999732,0.029806319634775015,-0.0684527484436949,2.6303285857728147,0.22376824127154848,34.56206825714324,5.878951288890157
99.61999999999732,0.028176025279863865,-0.09359899870407419,2.6293436357738917,0.22326404153812476,34.5357741111844,5.876714567782274
99.63999999999731,0.02610972584616858,-0.11166815530082455,2.6289262799287814,0.22277815638484816,34.510228858521664,5.874540735965805
99.65999999999731,0.0237690586382057,-0.120807882163766,2.6290956104494563,0.22231763036362245,34.48628590993078,5.872502525323491
99.6799999999973,0.021342739853459115,-0.12018491995047664,2.629740884250587,0.22188769513789866,34.46463350926081,5.8706586946662815
99.6999999999973,0.01902529724226148,-0.11005108131989123,2.63064629939125,0.22149184942532,34.44579479611665,5.86905399499073
99.7199999999973,0.016995818038106847,-0.09167733419151754,2.631539074834036,0.22113198512055432,34.43011689200566,5.867718201482213
99.7399999999973,0.015399198328463735,-0.06717379313294249,2.632150063848752,0.22080844890553966,34.41774615924865,5.866663971905043
99.75999999999729,0.014331885487811181,-0.039226277363498034,2.632273531304025,0.2205200081423662,34.40859872328652,5.865884308719915
99.77999999999729,0.013833415007001148,-0.01078677935265981,2.6318129982384444,0.22026377745002498,34.402343116533004,5.865351065071297
99.79999999999728,0.013884277885610828,0.015243866426484683,2.630803079467609,0.22003521894678585,34.398411928192516,5.865015935885641
99.81999999999728,0.014409919224843764,0.03630649925853982,2.629402382759196,0.2198283310907723,34.39605158747256,5.864814710412645
99.83999999999727,0.015290040847486478,0.05041958559860201,2.627858782073741,0.2196360891366774,34.394407183072005,5.8646745163795755
99.85999999999727,0.016371911574364646,0.05634166862746718,2.626454463761609,0.21945111751369956,34.3926275824242,5.8645227923867935
99.87999999999727,0.017486105876691495,0.05365101817164826,2.6254427734786527,0.21926649414148883,34.38996952928443,5.864296166573141
99.89999999999726,0.018463001829336047,0.04274269759012624,2.624990973380094,0.21907653679785866,34.385879877610165,5.863947465454492
99.91999999999726,0.0191484605017467,0.024751682666643276,2.62514194862941,0.21887741502153604,34.3800417093367,5.863449642432064
99.93999999999726,0.019417349232057207,0.0014170287178540486,2.6258037769522398,0.21866746552182997,34.37237983322937,5.862796246948155
99.95999999999725,0.019183912584377658,-0.02509428151685367,2.626769759160777,0.2184471537698119,34.363030765402826,5.861998871153323
99.97999999999725,0.01840837868088959,-0.0523845344074707,2.627764475136496,0.21821870482982356,34.35228932682148,5.861082607063432
99.99999999999724,0.01709955776583577,-0.0780262638274638,2.628505392794026,0.21798550469759717,34.34054721894698,5.860080820171935
