case,N,amplitude,observable,tc_source,tc,tc_fit_r2,tau_min,tau_max,n,gamma_central_fit,slope_log_observable,beta_radius_equivalent,fit_r2
N500_plus_0.01pct,500,1.2027299618659357,rms_signed_R4,field_2_4,15.671541771757484,0.9969105143548326,0.1,0.3,0,1.0,nan,nan,nan
N500_plus_0.01pct,500,1.2027299618659357,rms_signed_R8,field_2_4,15.671541771757484,0.9969105143548326,0.1,0.3,0,1.0,nan,nan,nan
N500_plus_0.01pct,500,1.2027299618659357,rms_signed_R12,field_2_4,15.671541771757484,0.9969105143548326,0.1,0.3,0,1.0,nan,nan,nan
N500_plus_0.01pct,500,1.2027299618659357,rms_absrho_R8,field_2_4,15.671541771757484,0.9969105143548326,0.1,0.3,0,1.0,nan,nan,nan
N500_plus_0.01pct,500,1.2027299618659357,rms_positive_rho_R8,field_2_4,15.671541771757484,0.9969105143548326,0.1,0.3,0,1.0,nan,nan,nan
N500_plus_0.01pct,500,1.2027299618659357,rms_gradient_R8,field_2_4,15.671541771757484,0.9969105143548326,0.1,0.3,0,1.0,nan,nan,nan
N500_plus_0.01pct,500,1.2027299618659357,field_r50,field_2_4,15.671541771757484,0.9969105143548326,0.1,0.3,0,1.0,nan,nan,nan
N500_plus_0.01pct,500,1.2027299618659357,field_r20,field_2_4,15.671541771757484,0.9969105143548326,0.1,0.3,0,1.0,nan,nan,nan
N500_plus_0.01pct,500,1.2027299618659357,mean_r2_signed_R8,field_2_4,15.671541771757484,0.9969105143548326,0.1,0.3,0,1.0,nan,nan,nan
N500_plus_0.01pct,500,1.2027299618659357,rms_signed_R4,field_2_4,15.671541771757484,0.9969105143548326,0.2,0.6,14,1.0,-0.4852757884866405,-0.4852757884866405,0.9591424238812505
N500_plus_0.01pct,500,1.2027299618659357,rms_signed_R8,field_2_4,15.671541771757484,0.9969105143548326,0.2,0.6,14,1.0,-0.23954815421623596,-0.23954815421623596,0.938213926297787
N500_plus_0.01pct,500,1.2027299618659357,rms_signed_R12,field_2_4,15.671541771757484,0.9969105143548326,0.2,0.6,14,1.0,-0.1631642035377604,-0.1631642035377604,0.9454553748129074
N500_plus_0.01pct,500,1.2027299618659357,rms_absrho_R8,field_2_4,15.671541771757484,0.9969105143548326,0.2,0.6,14,1.0,2.1910262558020452,2.1910262558020452,0.9845361497735722
N500_plus_0.01pct,500,1.2027299618659357,rms_positive_rho_R8,field_2_4,15.671541771757484,0.9969105143548326,0.2,0.6,14,1.0,1.7930768821739718,1.7930768821739718,0.9774033025470832
N500_plus_0.01pct,500,1.2027299618659357,rms_gradient_R8,field_2_4,15.671541771757484,0.9969105143548326,0.2,0.6,14,1.0,1.9604543759714235,1.9604543759714235,0.9897684925703543
N500_plus_0.01pct,500,1.2027299618659357,field_r50,field_2_4,15.671541771757484,0.9969105143548326,0.2,0.6,14,1.0,1.927008236541332,1.927008236541332,0.9883685364926509
N500_plus_0.01pct,500,1.2027299618659357,field_r20,field_2_4,15.671541771757484,0.9969105143548326,0.2,0.6,14,1.0,1.8405312748401554,1.8405312748401554,0.9883087754721528
N500_plus_0.01pct,500,1.2027299618659357,mean_r2_signed_R8,field_2_4,15.671541771757484,0.9969105143548326,0.2,0.6,14,1.0,-0.4790963084324757,-0.23954815421623785,0.9382139262977882
N500_plus_0.01pct,500,1.2027299618659357,rms_signed_R4,field_2_4,15.671541771757484,0.9969105143548326,0.4,1.0,54,1.0,-0.11141769753412968,-0.11141769753412968,0.5548174094817888
N500_plus_0.01pct,500,1.2027299618659357,rms_signed_R8,field_2_4,15.671541771757484,0.9969105143548326,0.4,1.0,54,1.0,-0.03347359861624874,-0.03347359861624874,0.291994749863837
N500_plus_0.01pct,500,1.2027299618659357,rms_signed_R12,field_2_4,15.671541771757484,0.9969105143548326,0.4,1.0,54,1.0,-0.016564500511708675,-0.016564500511708675,0.1484575995478662
N500_plus_0.01pct,500,1.2027299618659357,rms_absrho_R8,field_2_4,15.671541771757484,0.9969105143548326,0.4,1.0,54,1.0,1.07444730874454,1.07444730874454,0.9220700921569944
N500_plus_0.01pct,500,1.2027299618659357,rms_positive_rho_R8,field_2_4,15.671541771757484,0.9969105143548326,0.4,1.0,54,1.0,0.7787776782049671,0.7787776782049671,0.8910944894232682
N500_plus_0.01pct,500,1.2027299618659357,rms_gradient_R8,field_2_4,15.671541771757484,0.9969105143548326,0.4,1.0,54,1.0,1.171064469470173,1.171064469470173,0.9650420118155019
N500_plus_0.01pct,500,1.2027299618659357,field_r50,field_2_4,15.671541771757484,0.9969105143548326,0.4,1.0,54,1.0,1.168133556731824,1.168133556731824,0.9711920110472154
N500_plus_0.01pct,500,1.2027299618659357,field_r20,field_2_4,15.671541771757484,0.9969105143548326,0.4,1.0,54,1.0,1.1662130435796187,1.1662130435796187,0.9791244466672089
N500_plus_0.01pct,500,1.2027299618659357,mean_r2_signed_R8,field_2_4,15.671541771757484,0.9969105143548326,0.4,1.0,54,1.0,-0.06694719723249748,-0.03347359861624874,0.2919947498638361
N500_plus_0.01pct,500,1.2027299618659357,rms_signed_R4,field_2_4,15.671541771757484,0.9969105143548326,0.8,1.6,80,1.0,0.05372401402982871,0.05372401402982871,0.9347915102526287
N500_plus_0.01pct,500,1.2027299618659357,rms_signed_R8,field_2_4,15.671541771757484,0.9969105143548326,0.8,1.6,80,1.0,0.03378018473832705,0.03378018473832705,0.9695071664794787
N500_plus_0.01pct,500,1.2027299618659357,rms_signed_R12,field_2_4,15.671541771757484,0.9969105143548326,0.8,1.6,80,1.0,0.06055526100084017,0.06055526100084017,0.9952131065415571
N500_plus_0.01pct,500,1.2027299618659357,rms_absrho_R8,field_2_4,15.671541771757484,0.9969105143548326,0.8,1.6,80,1.0,0.2904708440022553,0.2904708440022553,0.9560418946833615
N500_plus_0.01pct,500,1.2027299618659357,rms_positive_rho_R8,field_2_4,15.671541771757484,0.9969105143548326,0.8,1.6,80,1.0,0.17871260804388217,0.17871260804388217,0.950478014174049
N500_plus_0.01pct,500,1.2027299618659357,rms_gradient_R8,field_2_4,15.671541771757484,0.9969105143548326,0.8,1.6,80,1.0,0.49701413186158366,0.49701413186158366,0.9723694661124882
N500_plus_0.01pct,500,1.2027299618659357,field_r50,field_2_4,15.671541771757484,0.9969105143548326,0.8,1.6,80,1.0,0.7916995091212139,0.7916995091212139,0.999843948006588
N500_plus_0.01pct,500,1.2027299618659357,field_r20,field_2_4,15.671541771757484,0.9969105143548326,0.8,1.6,80,1.0,0.7833828895087032,0.7833828895087032,0.9771201373017715
N500_plus_0.01pct,500,1.2027299618659357,mean_r2_signed_R8,field_2_4,15.671541771757484,0.9969105143548326,0.8,1.6,80,1.0,0.06756036947665348,0.03378018473832674,0.969507166479479
N500_plus_0.01pct,500,1.2027299618659357,rms_signed_R4,field_4_8,15.369289197725951,0.9974622207204971,0.1,0.3,15,1.0,-0.1986369675070734,-0.1986369675070734,0.9710585034935872
N500_plus_0.01pct,500,1.2027299618659357,rms_signed_R8,field_4_8,15.369289197725951,0.9974622207204971,0.1,0.3,15,1.0,-0.09729062048721436,-0.09729062048721436,0.9510044058292486
N500_plus_0.01pct,500,1.2027299618659357,rms_signed_R12,field_4_8,15.369289197725951,0.9974622207204971,0.1,0.3,15,1.0,-0.06640001631718193,-0.06640001631718193,0.9578048024977722
N500_plus_0.01pct,500,1.2027299618659357,rms_absrho_R8,field_4_8,15.369289197725951,0.9974622207204971,0.1,0.3,15,1.0,0.9094264687011987,0.9094264687011987,0.9928100395976078
N500_plus_0.01pct,500,1.2027299618659357,rms_positive_rho_R8,field_4_8,15.369289197725951,0.9974622207204971,0.1,0.3,15,1.0,0.7411702189588784,0.7411702189588784,0.9873443862186501
N500_plus_0.01pct,500,1.2027299618659357,rms_gradient_R8,field_4_8,15.369289197725951,0.9974622207204971,0.1,0.3,15,1.0,0.8173940256429226,0.8173940256429226,0.9964656223363308
N500_plus_0.01pct,500,1.2027299618659357,field_r50,field_4_8,15.369289197725951,0.9974622207204971,0.1,0.3,15,1.0,0.8026578172052832,0.8026578172052832,0.9955874944957661
N500_plus_0.01pct,500,1.2027299618659357,field_r20,field_4_8,15.369289197725951,0.9974622207204971,0.1,0.3,15,1.0,0.7667761224406023,0.7667761224406023,0.9955771198832573
N500_plus_0.01pct,500,1.2027299618659357,mean_r2_signed_R8,field_4_8,15.369289197725951,0.9974622207204971,0.1,0.3,15,1.0,-0.19458124097442916,-0.09729062048721458,0.9510044058292487
N500_plus_0.01pct,500,1.2027299618659357,rms_signed_R4,field_4_8,15.369289197725951,0.9974622207204971,0.2,0.6,40,1.0,-0.04968662048609616,-0.04968662048609616,0.6997411686561239
N500_plus_0.01pct,500,1.2027299618659357,rms_signed_R8,field_4_8,15.369289197725951,0.9974622207204971,0.2,0.6,40,1.0,-0.01032581892479532,-0.01032581892479532,0.27051643994363805
N500_plus_0.01pct,500,1.2027299618659357,rms_signed_R12,field_4_8,15.369289197725951,0.9974622207204971,0.2,0.6,40,1.0,-0.005026514382831302,-0.005026514382831302,0.11673043149419893
N500_plus_0.01pct,500,1.2027299618659357,rms_absrho_R8,field_4_8,15.369289197725951,0.9974622207204971,0.2,0.6,40,1.0,0.5621814960700794,0.5621814960700794,0.9800293405064442
N500_plus_0.01pct,500,1.2027299618659357,rms_positive_rho_R8,field_4_8,15.369289197725951,0.9974622207204971,0.2,0.6,40,1.0,0.3965327015674769,0.3965327015674769,0.9678154978440889
N500_plus_0.01pct,500,1.2027299618659357,rms_gradient_R8,field_4_8,15.369289197725951,0.9974622207204971,0.2,0.6,40,1.0,0.6241825835668282,0.6241825835668282,0.9954758904362403
N500_plus_0.01pct,500,1.2027299618659357,field_r50,field_4_8,15.369289197725951,0.9974622207204971,0.2,0.6,40,1.0,0.6150630418924576,0.6150630418924576,0.9971374726775794
N500_plus_0.01pct,500,1.2027299618659357,field_r20,field_4_8,15.369289197725951,0.9974622207204971,0.2,0.6,40,1.0,0.6107483257364842,0.6107483257364842,0.9987771213824431
N500_plus_0.01pct,500,1.2027299618659357,mean_r2_signed_R8,field_4_8,15.369289197725951,0.9974622207204971,0.2,0.6,40,1.0,-0.02065163784959064,-0.01032581892479532,0.2705164399436366
N500_plus_0.01pct,500,1.2027299618659357,rms_signed_R4,field_4_8,15.369289197725951,0.9974622207204971,0.4,1.0,60,1.0,0.04054257809591124,0.04054257809591124,0.9542942827122456
N500_plus_0.01pct,500,1.2027299618659357,rms_signed_R8,field_4_8,15.369289197725951,0.9974622207204971,0.4,1.0,60,1.0,0.02697578812124106,0.02697578812124106,0.9941853920055469
N500_plus_0.01pct,500,1.2027299618659357,rms_signed_R12,field_4_8,15.369289197725951,0.9974622207204971,0.4,1.0,60,1.0,0.03940056147500048,0.03940056147500048,0.9769631621518323
N500_plus_0.01pct,500,1.2027299618659357,rms_absrho_R8,field_4_8,15.369289197725951,0.9974622207204971,0.4,1.0,60,1.0,0.2902176117860674,0.2902176117860674,0.977961784834602
N500_plus_0.01pct,500,1.2027299618659357,rms_positive_rho_R8,field_4_8,15.369289197725951,0.9974622207204971,0.4,1.0,60,1.0,0.18277964747133146,0.18277964747133146,0.9747660123454666
N500_plus_0.01pct,500,1.2027299618659357,rms_gradient_R8,field_4_8,15.369289197725951,0.9974622207204971,0.4,1.0,60,1.0,0.4496485960552191,0.4496485960552191,0.9924945797466758
N500_plus_0.01pct,500,1.2027299618659357,field_r50,field_4_8,15.369289197725951,0.9974622207204971,0.4,1.0,60,1.0,0.5607697389602713,0.5607697389602713,0.9999110729375137
N500_plus_0.01pct,500,1.2027299618659357,field_r20,field_4_8,15.369289197725951,0.9974622207204971,0.4,1.0,60,1.0,0.6346377475338675,0.6346377475338675,0.99915623833608
N500_plus_0.01pct,500,1.2027299618659357,mean_r2_signed_R8,field_4_8,15.369289197725951,0.9974622207204971,0.4,1.0,60,1.0,0.05395157624248297,0.026975788121241486,0.9941853920055471
N500_plus_0.01pct,500,1.2027299618659357,rms_signed_R4,field_4_8,15.369289197725951,0.9974622207204971,0.8,1.6,80,1.0,-0.02022768788017729,-0.02022768788017729,0.26894017193475284
N500_plus_0.01pct,500,1.2027299618659357,rms_signed_R8,field_4_8,15.369289197725951,0.9974622207204971,0.8,1.6,80,1.0,0.0018854916357395847,0.0018854916357395847,0.020972414068297973
N500_plus_0.01pct,500,1.2027299618659357,rms_signed_R12,field_4_8,15.369289197725951,0.9974622207204971,0.8,1.6,80,1.0,0.02494490001871552,0.02494490001871552,0.7599360577131978
N500_plus_0.01pct,500,1.2027299618659357,rms_absrho_R8,field_4_8,15.369289197725951,0.9974622207204971,0.8,1.6,80,1.0,0.11526061171093842,0.11526061171093842,0.9519293305989747
N500_plus_0.01pct,500,1.2027299618659357,rms_positive_rho_R8,field_4_8,15.369289197725951,0.9974622207204971,0.8,1.6,80,1.0,0.06237916352577336,0.06237916352577336,0.9039577669710274
N500_plus_0.01pct,500,1.2027299618659357,rms_gradient_R8,field_4_8,15.369289197725951,0.9974622207204971,0.8,1.6,80,1.0,0.21541955695806106,0.21541955695806106,0.9549895395628143
N500_plus_0.01pct,500,1.2027299618659357,field_r50,field_4_8,15.369289197725951,0.9974622207204971,0.8,1.6,80,1.0,0.5905680637920929,0.5905680637920929,0.9989406092473043
N500_plus_0.01pct,500,1.2027299618659357,field_r20,field_4_8,15.369289197725951,0.9974622207204971,0.8,1.6,80,1.0,0.2720057217717218,0.2720057217717218,0.826557162206614
N500_plus_0.01pct,500,1.2027299618659357,mean_r2_signed_R8,field_4_8,15.369289197725951,0.9974622207204971,0.8,1.6,80,1.0,0.0037709832714773977,0.0018854916357386989,0.020972414068301748
N500_plus_0.01pct,500,1.2027299618659357,rms_signed_R4,field_8_12,15.298079933244539,0.9998448078671981,0.1,0.3,20,1.0,-0.10161798296729403,-0.10161798296729403,0.9607581507024311
N500_plus_0.01pct,500,1.2027299618659357,rms_signed_R8,field_8_12,15.298079933244539,0.9998448078671981,0.1,0.3,20,1.0,-0.04424124044146021,-0.04424124044146021,0.916056796547186
N500_plus_0.01pct,500,1.2027299618659357,rms_signed_R12,field_8_12,15.298079933244539,0.9998448078671981,0.1,0.3,20,1.0,-0.031071138783664614,-0.031071138783664614,0.9259316811127875
N500_plus_0.01pct,500,1.2027299618659357,rms_absrho_R8,field_8_12,15.298079933244539,0.9998448078671981,0.1,0.3,20,1.0,0.5603084619734122,0.5603084619734122,0.9965209631162988
N500_plus_0.01pct,500,1.2027299618659357,rms_positive_rho_R8,field_8_12,15.298079933244539,0.9998448078671981,0.1,0.3,20,1.0,0.43418969864371915,0.43418969864371915,0.9914262870870185
N500_plus_0.01pct,500,1.2027299618659357,rms_gradient_R8,field_8_12,15.298079933244539,0.9998448078671981,0.1,0.3,20,1.0,0.5321963345411751,0.5321963345411751,0.9996056902535806
N500_plus_0.01pct,500,1.2027299618659357,field_r50,field_8_12,15.298079933244539,0.9998448078671981,0.1,0.3,20,1.0,0.5173908375879599,0.5173908375879599,0.999340268384075
N500_plus_0.01pct,500,1.2027299618659357,field_r20,field_8_12,15.298079933244539,0.9998448078671981,0.1,0.3,20,1.0,0.49598490635392445,0.49598490635392445,0.9994882613190645
N500_plus_0.01pct,500,1.2027299618659357,mean_r2_signed_R8,field_8_12,15.298079933244539,0.9998448078671981,0.1,0.3,20,1.0,-0.08848248088292042,-0.04424124044146021,0.9160567965471851
N500_plus_0.01pct,500,1.2027299618659357,rms_signed_R4,field_8_12,15.298079933244539,0.9998448078671981,0.2,0.6,40,1.0,-0.0077556463412059755,-0.0077556463412059755,0.16428195580315752
N500_plus_0.01pct,500,1.2027299618659357,rms_signed_R8,field_8_12,15.298079933244539,0.9998448078671981,0.2,0.6,40,1.0,0.008087702446056116,0.008087702446056116,0.5113711882181365
N500_plus_0.01pct,500,1.2027299618659357,rms_signed_R12,field_8_12,15.298079933244539,0.9998448078671981,0.2,0.6,40,1.0,0.01047104925870144,0.01047104925870144,0.6095971951895374
N500_plus_0.01pct,500,1.2027299618659357,rms_absrho_R8,field_8_12,15.298079933244539,0.9998448078671981,0.2,0.6,40,1.0,0.38330351260736906,0.38330351260736906,0.9898234147303863
N500_plus_0.01pct,500,1.2027299618659357,rms_positive_rho_R8,field_8_12,15.298079933244539,0.9998448078671981,0.2,0.6,40,1.0,0.2560957800487224,0.2560957800487224,0.9843604900939016
N500_plus_0.01pct,500,1.2027299618659357,rms_gradient_R8,field_8_12,15.298079933244539,0.9998448078671981,0.2,0.6,40,1.0,0.4744419553432441,0.4744419553432441,0.9989052313180282
N500_plus_0.01pct,500,1.2027299618659357,field_r50,field_8_12,15.298079933244539,0.9998448078671981,0.2,0.6,40,1.0,0.48168493658708017,0.48168493658708017,0.9999751937069752
N500_plus_0.01pct,500,1.2027299618659357,field_r20,field_8_12,15.298079933244539,0.9998448078671981,0.2,0.6,40,1.0,0.49486487748640035,0.49486487748640035,0.9993260440140717
N500_plus_0.01pct,500,1.2027299618659357,mean_r2_signed_R8,field_8_12,15.298079933244539,0.9998448078671981,0.2,0.6,40,1.0,0.01617540489211304,0.00808770244605652,0.5113711882181398
N500_plus_0.01pct,500,1.2027299618659357,rms_signed_R4,field_8_12,15.298079933244539,0.9998448078671981,0.4,1.0,60,1.0,0.04171472895896936,0.04171472895896936,0.9897678825101202
N500_plus_0.01pct,500,1.2027299618659357,rms_signed_R8,field_8_12,15.298079933244539,0.9998448078671981,0.4,1.0,60,1.0,0.02514276462873492,0.02514276462873492,0.9983410192650479
N500_plus_0.01pct,500,1.2027299618659357,rms_signed_R12,field_8_12,15.298079933244539,0.9998448078671981,0.4,1.0,60,1.0,0.03974233506708047,0.03974233506708047,0.9904917989677539
N500_plus_0.01pct,500,1.2027299618659357,rms_absrho_R8,field_8_12,15.298079933244539,0.9998448078671981,0.4,1.0,60,1.0,0.22644356049107714,0.22644356049107714,0.9834105031718268
N500_plus_0.01pct,500,1.2027299618659357,rms_positive_rho_R8,field_8_12,15.298079933244539,0.9998448078671981,0.4,1.0,60,1.0,0.14106326683575612,0.14106326683575612,0.9813515685007658
N500_plus_0.01pct,500,1.2027299618659357,rms_gradient_R8,field_8_12,15.298079933244539,0.9998448078671981,0.4,1.0,60,1.0,0.37217685130086564,0.37217685130086564,0.9936250018032037
N500_plus_0.01pct,500,1.2027299618659357,field_r50,field_8_12,15.298079933244539,0.9998448078671981,0.4,1.0,60,1.0,0.5089618246514369,0.5089618246514369,0.9993199225156382
N500_plus_0.01pct,500,1.2027299618659357,field_r20,field_8_12,15.298079933244539,0.9998448078671981,0.4,1.0,60,1.0,0.5741388834927708,0.5741388834927708,0.9988939678479283
N500_plus_0.01pct,500,1.2027299618659357,mean_r2_signed_R8,field_8_12,15.298079933244539,0.9998448078671981,0.4,1.0,60,1.0,0.05028552925746984,0.02514276462873492,0.9983410192650483
N500_plus_0.01pct,500,1.2027299618659357,rms_signed_R4,field_8_12,15.298079933244539,0.9998448078671981,0.8,1.6,80,1.0,-0.04128159438858364,-0.04128159438858364,0.5682505108630783
N500_plus_0.01pct,500,1.2027299618659357,rms_signed_R8,field_8_12,15.298079933244539,0.9998448078671981,0.8,1.6,80,1.0,-0.007364161519902689,-0.007364161519902689,0.191172599810164
N500_plus_0.01pct,500,1.2027299618659357,rms_signed_R12,field_8_12,15.298079933244539,0.9998448078671981,0.8,1.6,80,1.0,0.013899961229448993,0.013899961229448993,0.4296260068589053
N500_plus_0.01pct,500,1.2027299618659357,rms_absrho_R8,field_8_12,15.298079933244539,0.9998448078671981,0.8,1.6,80,1.0,0.09100196063622987,0.09100196063622987,0.932568739453596
N500_plus_0.01pct,500,1.2027299618659357,rms_positive_rho_R8,field_8_12,15.298079933244539,0.9998448078671981,0.8,1.6,80,1.0,0.04473103777014576,0.04473103777014576,0.8268454245107256
N500_plus_0.01pct,500,1.2027299618659357,rms_gradient_R8,field_8_12,15.298079933244539,0.9998448078671981,0.8,1.6,80,1.0,0.1719810337235067,0.1719810337235067,0.939660948902902
N500_plus_0.01pct,500,1.2027299618659357,field_r50,field_8_12,15.298079933244539,0.9998448078671981,0.8,1.6,80,1.0,0.5413674814479307,0.5413674814479307,0.9966952240033274
N500_plus_0.01pct,500,1.2027299618659357,field_r20,field_8_12,15.298079933244539,0.9998448078671981,0.8,1.6,80,1.0,0.17930802384704125,0.17930802384704125,0.7482505367415735
N500_plus_0.01pct,500,1.2027299618659357,mean_r2_signed_R8,field_8_12,15.298079933244539,0.9998448078671981,0.8,1.6,80,1.0,-0.014728323039805378,-0.007364161519902689,0.19117259981016343
N500_plus_0.01pct,500,1.2027299618659357,rms_signed_R4,field_12_20,15.284049210484296,0.9998937824121139,0.1,0.3,20,1.0,-0.08626586376484063,-0.08626586376484063,0.9631759479837891
N500_plus_0.01pct,500,1.2027299618659357,rms_signed_R8,field_12_20,15.284049210484296,0.9998937824121139,0.1,0.3,20,1.0,-0.0358515933666216,-0.0358515933666216,0.914365509861099
N500_plus_0.01pct,500,1.2027299618659357,rms_signed_R12,field_12_20,15.284049210484296,0.9998937824121139,0.1,0.3,20,1.0,-0.02540221622511082,-0.02540221622511082,0.9239206522314052
N500_plus_0.01pct,500,1.2027299618659357,rms_absrho_R8,field_12_20,15.284049210484296,0.9998937824121139,0.1,0.3,20,1.0,0.506114563917051,0.506114563917051,0.9977722269155712
N500_plus_0.01pct,500,1.2027299618659357,rms_positive_rho_R8,field_12_20,15.284049210484296,0.9998937824121139,0.1,0.3,20,1.0,0.38660457252279645,0.38660457252279645,0.993734416285524
N500_plus_0.01pct,500,1.2027299618659357,rms_gradient_R8,field_12_20,15.284049210484296,0.9998937824121139,0.1,0.3,20,1.0,0.4885399438772296,0.4885399438772296,0.9999436483533224
N500_plus_0.01pct,500,1.2027299618659357,field_r50,field_12_20,15.284049210484296,0.9998937824121139,0.1,0.3,20,1.0,0.4738599353985416,0.4738599353985416,0.9998543913122925
N500_plus_0.01pct,500,1.2027299618659357,field_r20,field_12_20,15.284049210484296,0.9998937824121139,0.1,0.3,20,1.0,0.4548821423271128,0.4548821423271128,0.9999305611531357
N500_plus_0.01pct,500,1.2027299618659357,mean_r2_signed_R8,field_12_20,15.284049210484296,0.9998937824121139,0.1,0.3,20,1.0,-0.0717031867332432,-0.0358515933666216,0.9143655098610979
N500_plus_0.01pct,500,1.2027299618659357,rms_signed_R4,field_12_20,15.284049210484296,0.9998937824121139,0.2,0.6,40,1.0,-0.003958047895232453,-0.003958047895232453,0.0573155001153941
N500_plus_0.01pct,500,1.2027299618659357,rms_signed_R8,field_12_20,15.284049210484296,0.9998937824121139,0.2,0.6,40,1.0,0.009386357325896455,0.009386357325896455,0.6345499782210309
N500_plus_0.01pct,500,1.2027299618659357,rms_signed_R12,field_12_20,15.284049210484296,0.9998937824121139,0.2,0.6,40,1.0,0.011732683574270847,0.011732683574270847,0.6899087163986835
N500_plus_0.01pct,500,1.2027299618659357,rms_absrho_R8,field_12_20,15.284049210484296,0.9998937824121139,0.2,0.6,40,1.0,0.3608350863803945,0.3608350863803945,0.9909917301447461
N500_plus_0.01pct,500,1.2027299618659357,rms_positive_rho_R8,field_12_20,15.284049210484296,0.9998937824121139,0.2,0.6,40,1.0,0.2397078678811739,0.2397078678811739,0.986196869571097
N500_plus_0.01pct,500,1.2027299618659357,rms_gradient_R8,field_12_20,15.284049210484296,0.9998937824121139,0.2,0.6,40,1.0,0.45309366005372465,0.45309366005372465,0.999197565264869
N500_plus_0.01pct,500,1.2027299618659357,field_r50,field_12_20,15.284049210484296,0.9998937824121139,0.2,0.6,40,1.0,0.4627575502915048,0.4627575502915048,0.9999704706438393
N500_plus_0.01pct,500,1.2027299618659357,field_r20,field_12_20,15.284049210484296,0.9998937824121139,0.2,0.6,40,1.0,0.4780075721980456,0.4780075721980456,0.9989120862429469
N500_plus_0.01pct,500,1.2027299618659357,mean_r2_signed_R8,field_12_20,15.284049210484296,0.9998937824121139,0.2,0.6,40,1.0,0.01877271465179291,0.009386357325896455,0.6345499782210311
N500_plus_0.01pct,500,1.2027299618659357,rms_signed_R4,field_12_20,15.284049210484296,0.9998937824121139,0.4,1.0,60,1.0,0.04122017119198204,0.04122017119198204,0.9914237253608331
N500_plus_0.01pct,500,1.2027299618659357,rms_signed_R8,field_12_20,15.284049210484296,0.9998937824121139,0.4,1.0,60,1.0,0.024624549646807634,0.024624549646807634,0.9983256903670782
N500_plus_0.01pct,500,1.2027299618659357,rms_signed_R12,field_12_20,15.284049210484296,0.9998937824121139,0.4,1.0,60,1.0,0.039382013632995545,0.039382013632995545,0.9915362135567842
N500_plus_0.01pct,500,1.2027299618659357,rms_absrho_R8,field_12_20,15.284049210484296,0.9998937824121139,0.4,1.0,60,1.0,0.2176192819286386,0.2176192819286386,0.9842245461387685
N500_plus_0.01pct,500,1.2027299618659357,rms_positive_rho_R8,field_12_20,15.284049210484296,0.9998937824121139,0.4,1.0,60,1.0,0.13539063265495063,0.13539063265495063,0.9822580385206331
N500_plus_0.01pct,500,1.2027299618659357,rms_gradient_R8,field_12_20,15.284049210484296,0.9998937824121139,0.4,1.0,60,1.0,0.3602983283075426,0.3602983283075426,0.99384396707707
N500_plus_0.01pct,500,1.2027299618659357,field_r50,field_12_20,15.284049210484296,0.9998937824121139,0.4,1.0,60,1.0,0.49963234094583664,0.49963234094583664,0.9991618483019907
N500_plus_0.01pct,500,1.2027299618659357,field_r20,field_12_20,15.284049210484296,0.9998937824121139,0.4,1.0,60,1.0,0.5618935225751484,0.5618935225751484,0.9987779636830838
N500_plus_0.01pct,500,1.2027299618659357,mean_r2_signed_R8,field_12_20,15.284049210484296,0.9998937824121139,0.4,1.0,60,1.0,0.04924909929361527,0.024624549646807634,0.9983256903670785
N500_plus_0.01pct,500,1.2027299618659357,rms_signed_R4,field_12_20,15.284049210484296,0.9998937824121139,0.8,1.6,80,1.0,-0.04417063697967863,-0.04417063697967863,0.5980999259492829
N500_plus_0.01pct,500,1.2027299618659357,rms_signed_R8,field_12_20,15.284049210484296,0.9998937824121139,0.8,1.6,80,1.0,-0.008728534983356497,-0.008728534983356497,0.2420121952156994
N500_plus_0.01pct,500,1.2027299618659357,rms_signed_R12,field_12_20,15.284049210484296,0.9998937824121139,0.8,1.6,80,1.0,0.012227938460936255,0.012227938460936255,0.3619852463872092
N500_plus_0.01pct,500,1.2027299618659357,rms_absrho_R8,field_12_20,15.284049210484296,0.9998937824121139,0.8,1.6,80,1.0,0.08745392233462566,0.08745392233462566,0.9285167916306687
N500_plus_0.01pct,500,1.2027299618659357,rms_positive_rho_R8,field_12_20,15.284049210484296,0.9998937824121139,0.8,1.6,80,1.0,0.042160607328445794,0.042160607328445794,0.8090292758294483
N500_plus_0.01pct,500,1.2027299618659357,rms_gradient_R8,field_12_20,15.284049210484296,0.9998937824121139,0.8,1.6,80,1.0,0.1656194646056908,0.1656194646056908,0.9367760369778707
N500_plus_0.01pct,500,1.2027299618659357,field_r50,field_12_20,15.284049210484296,0.9998937824121139,0.8,1.6,80,1.0,0.5321164857716418,0.5321164857716418,0.9961897055661942
N500_plus_0.01pct,500,1.2027299618659357,field_r20,field_12_20,15.284049210484296,0.9998937824121139,0.8,1.6,80,1.0,0.16689317929154288,0.16689317929154288,0.7334097417121583
N500_plus_0.01pct,500,1.2027299618659357,mean_r2_signed_R8,field_12_20,15.284049210484296,0.9998937824121139,0.8,1.6,80,1.0,-0.017457069966712993,-0.008728534983356497,0.24201219521569994
N500_plus_0.01pct,500,1.2027299618659357,rms_signed_R4,current_last40_rule,15.320950374966781,0.9947234674093817,0.1,0.3,19,1.0,-0.13858088588582274,-0.13858088588582274,0.9644280242663861
N500_plus_0.01pct,500,1.2027299618659357,rms_signed_R8,current_last40_rule,15.320950374966781,0.9947234674093817,0.1,0.3,19,1.0,-0.06536028452150143,-0.06536028452150143,0.9335710433635941
N500_plus_0.01pct,500,1.2027299618659357,rms_signed_R12,current_last40_rule,15.320950374966781,0.9947234674093817,0.1,0.3,19,1.0,-0.04499753809368232,-0.04499753809368232,0.942685709488674
N500_plus_0.01pct,500,1.2027299618659357,rms_absrho_R8,current_last40_rule,15.320950374966781,0.9947234674093817,0.1,0.3,19,1.0,0.677800830901955,0.677800830901955,0.9944616731857355
N500_plus_0.01pct,500,1.2027299618659357,rms_positive_rho_R8,current_last40_rule,15.320950374966781,0.9947234674093817,0.1,0.3,19,1.0,0.5422433919539973,0.5422433919539973,0.9883831646984305
N500_plus_0.01pct,500,1.2027299618659357,rms_gradient_R8,current_last40_rule,15.320950374966781,0.9947234674093817,0.1,0.3,19,1.0,0.6222563356961337,0.6222563356961337,0.9983543937460071
N500_plus_0.01pct,500,1.2027299618659357,field_r50,current_last40_rule,15.320950374966781,0.9947234674093817,0.1,0.3,19,1.0,0.6086135922543947,0.6086135922543947,0.9976916707646117
N500_plus_0.01pct,500,1.2027299618659357,field_r20,current_last40_rule,15.320950374966781,0.9947234674093817,0.1,0.3,19,1.0,0.5821799345624952,0.5821799345624952,0.9978005320575355
N500_plus_0.01pct,500,1.2027299618659357,mean_r2_signed_R8,current_last40_rule,15.320950374966781,0.9947234674093817,0.1,0.3,19,1.0,-0.13072056904300286,-0.06536028452150143,0.9335710433635936
N500_plus_0.01pct,500,1.2027299618659357,rms_signed_R4,current_last40_rule,15.320950374966781,0.9947234674093817,0.2,0.6,40,1.0,-0.021417949057658828,-0.021417949057658828,0.49267711573810546
N500_plus_0.01pct,500,1.2027299618659357,rms_signed_R8,current_last40_rule,15.320950374966781,0.9947234674093817,0.2,0.6,40,1.0,0.002304004908263754,0.002304004908263754,0.04604133349608375
N500_plus_0.01pct,500,1.2027299618659357,rms_signed_R12,current_last40_rule,15.320950374966781,0.9947234674093817,0.2,0.6,40,1.0,0.005123956533626205,0.005123956533626205,0.2118415238422171
N500_plus_0.01pct,500,1.2027299618659357,rms_absrho_R8,current_last40_rule,15.320950374966781,0.9947234674093817,0.2,0.6,40,1.0,0.43829727322664064,0.43829727322664064,0.9873015488838687
N500_plus_0.01pct,500,1.2027299618659357,rms_positive_rho_R8,current_last40_rule,15.320950374966781,0.9947234674093817,0.2,0.6,40,1.0,0.298777818409095,0.298777818409095,0.9797682669306409
N500_plus_0.01pct,500,1.2027299618659357,rms_gradient_R8,current_last40_rule,15.320950374966781,0.9947234674093817,0.2,0.6,40,1.0,0.5185128974209274,0.5185128974209274,0.9982567758148357
N500_plus_0.01pct,500,1.2027299618659357,field_r50,current_last40_rule,15.320950374966781,0.9947234674093817,0.2,0.6,40,1.0,0.5182926680181813,0.5182926680181813,0.999646534026455
N500_plus_0.01pct,500,1.2027299618659357,field_r20,current_last40_rule,15.320950374966781,0.9947234674093817,0.2,0.6,40,1.0,0.5241870081887263,0.5241870081887263,0.9998397559766973
N500_plus_0.01pct,500,1.2027299618659357,mean_r2_signed_R8,current_last40_rule,15.320950374966781,0.9947234674093817,0.2,0.6,40,1.0,0.004608009816527666,0.002304004908263833,0.04604133349607975
N500_plus_0.01pct,500,1.2027299618659357,rms_signed_R4,current_last40_rule,15.320950374966781,0.9947234674093817,0.4,1.0,60,1.0,0.041372875849381874,0.041372875849381874,0.9803397681680659
N500_plus_0.01pct,500,1.2027299618659357,rms_signed_R8,current_last40_rule,15.320950374966781,0.9947234674093817,0.4,1.0,60,1.0,0.025800660693439524,0.025800660693439524,0.9976323315799507
N500_plus_0.01pct,500,1.2027299618659357,rms_signed_R12,current_last40_rule,15.320950374966781,0.9947234674093817,0.4,1.0,60,1.0,0.039383278081612044,0.039383278081612044,0.9857191595054693
N500_plus_0.01pct,500,1.2027299618659357,rms_absrho_R8,current_last40_rule,15.320950374966781,0.9947234674093817,0.4,1.0,60,1.0,0.24824516433014562,0.24824516433014562,0.9816937561170873
N500_plus_0.01pct,500,1.2027299618659357,rms_positive_rho_R8,current_last40_rule,15.320950374966781,0.9947234674093817,0.4,1.0,60,1.0,0.1553004276685573,0.1553004276685573,0.979305864730713
N500_plus_0.01pct,500,1.2027299618659357,rms_gradient_R8,current_last40_rule,15.320950374966781,0.9947234674093817,0.4,1.0,60,1.0,0.39844483885435233,0.39844483885435233,0.9934592029572793
N500_plus_0.01pct,500,1.2027299618659357,field_r50,current_last40_rule,15.320950374966781,0.9947234674093817,0.4,1.0,60,1.0,0.5230211311082408,0.5230211311082408,0.9995824574510553
N500_plus_0.01pct,500,1.2027299618659357,field_r20,current_last40_rule,15.320950374966781,0.9947234674093817,0.4,1.0,60,1.0,0.5929994022950674,0.5929994022950674,0.9989937918895476
N500_plus_0.01pct,500,1.2027299618659357,mean_r2_signed_R8,current_last40_rule,15.320950374966781,0.9947234674093817,0.4,1.0,60,1.0,0.05160132138687905,0.025800660693439524,0.9976323315799509
N500_plus_0.01pct,500,1.2027299618659357,rms_signed_R4,current_last40_rule,15.320950374966781,0.9947234674093817,0.8,1.6,80,1.0,-0.031948924806686894,-0.031948924806686894,0.45875856054857944
N500_plus_0.01pct,500,1.2027299618659357,rms_signed_R8,current_last40_rule,15.320950374966781,0.9947234674093817,0.8,1.6,80,1.0,-0.0032575609557493985,-0.0032575609557493985,0.05105978147918877
N500_plus_0.01pct,500,1.2027299618659357,rms_signed_R12,current_last40_rule,15.320950374966781,0.9947234674093817,0.8,1.6,80,1.0,0.018605725936279738,0.018605725936279738,0.6041507749767346
N500_plus_0.01pct,500,1.2027299618659357,rms_absrho_R8,current_last40_rule,15.320950374966781,0.9947234674093817,0.8,1.6,80,1.0,0.10039816859603025,0.10039816859603025,0.9429972486139376
N500_plus_0.01pct,500,1.2027299618659357,rms_positive_rho_R8,current_last40_rule,15.320950374966781,0.9947234674093817,0.8,1.6,80,1.0,0.051807404262756145,0.051807404262756145,0.8689123670325055
N500_plus_0.01pct,500,1.2027299618659357,rms_gradient_R8,current_last40_rule,15.320950374966781,0.9947234674093817,0.8,1.6,80,1.0,0.18873188799674132,0.18873188799674132,0.9476041691751106
N500_plus_0.01pct,500,1.2027299618659357,field_r50,current_last40_rule,15.320950374966781,0.9947234674093817,0.8,1.6,80,1.0,0.5592788214432614,0.5592788214432614,0.997967242133646
N500_plus_0.01pct,500,1.2027299618659357,field_r20,current_last40_rule,15.320950374966781,0.9947234674093817,0.8,1.6,80,1.0,0.2156439043066106,0.2156439043066106,0.787110555854287
N500_plus_0.01pct,500,1.2027299618659357,mean_r2_signed_R8,current_last40_rule,15.320950374966781,0.9947234674093817,0.8,1.6,80,1.0,-0.006515121911498797,-0.0032575609557493985,0.05105978147918766
N500_plus_0.01pct,500,1.2027299618659357,rms_signed_R4,joint_powerlaw_20,15.264645548854135,0.9999820390073392,0.1,0.3,20,0.8162832253266085,-0.06550908699606764,-0.06550908699606764,0.9630294368690229
N500_plus_0.01pct,500,1.2027299618659357,rms_signed_R8,joint_powerlaw_20,15.264645548854135,0.9999820390073392,0.1,0.3,20,0.8162832253266085,-0.024428287424592222,-0.024428287424592222,0.8984047178706852
N500_plus_0.01pct,500,1.2027299618659357,rms_signed_R12,joint_powerlaw_20,15.264645548854135,0.9999820390073392,0.1,0.3,20,0.8162832253266085,-0.017595325242026272,-0.017595325242026272,0.9062081190577083
N500_plus_0.01pct,500,1.2027299618659357,rms_absrho_R8,joint_powerlaw_20,15.264645548854135,0.9999820390073392,0.1,0.3,20,0.8162832253266085,0.4383431443439527,0.4383431443439527,0.9988655594356696
N500_plus_0.01pct,500,1.2027299618659357,rms_positive_rho_R8,joint_powerlaw_20,15.264645548854135,0.9999820390073392,0.1,0.3,20,0.8162832253266085,0.32605899815256056,0.32605899815256056,0.9961140054128198
N500_plus_0.01pct,500,1.2027299618659357,rms_gradient_R8,joint_powerlaw_20,15.264645548854135,0.9999820390073392,0.1,0.3,20,0.8162832253266085,0.4372111469824173,0.4372111469824173,0.9999504020498368
N500_plus_0.01pct,500,1.2027299618659357,field_r50,joint_powerlaw_20,15.264645548854135,0.9999820390073392,0.1,0.3,20,0.8162832253266085,0.4227770241565374,0.4227770241565374,0.9999778446979586
N500_plus_0.01pct,500,1.2027299618659357,field_r20,joint_powerlaw_20,15.264645548854135,0.9999820390073392,0.1,0.3,20,0.8162832253266085,0.407383997493122,0.407383997493122,0.9998890573040022
N500_plus_0.01pct,500,1.2027299618659357,mean_r2_signed_R8,joint_powerlaw_20,15.264645548854135,0.9999820390073392,0.1,0.3,20,0.8162832253266085,-0.04885657484918453,-0.024428287424592264,0.8984047178706857
N500_plus_0.01pct,500,1.2027299618659357,rms_signed_R4,joint_powerlaw_20,15.264645548854135,0.9999820390073392,0.2,0.6,40,0.8162832253266085,0.002467338667355944,0.002467338667355944,0.03021822199423574
N500_plus_0.01pct,500,1.2027299618659357,rms_signed_R8,joint_powerlaw_20,15.264645548854135,0.9999820390073392,0.2,0.6,40,0.8162832253266085,0.011669329715801497,0.011669329715801497,0.7937475178801903
N500_plus_0.01pct,500,1.2027299618659357,rms_signed_R12,joint_powerlaw_20,15.264645548854135,0.9999820390073392,0.2,0.6,40,0.8162832253266085,0.014165192019103993,0.014165192019103993,0.7977954410374829
N500_plus_0.01pct,500,1.2027299618659357,rms_absrho_R8,joint_powerlaw_20,15.264645548854135,0.9999820390073392,0.2,0.6,40,0.8162832253266085,0.32862482578883767,0.32862482578883767,0.992407562170529
N500_plus_0.01pct,500,1.2027299618659357,rms_positive_rho_R8,joint_powerlaw_20,15.264645548854135,0.9999820390073392,0.2,0.6,40,0.8162832253266085,0.21606037762506697,0.21606037762506697,0.9885987310434492
N500_plus_0.01pct,500,1.2027299618659357,rms_gradient_R8,joint_powerlaw_20,15.264645548854135,0.9999820390073392,0.2,0.6,40,0.8162832253266085,0.42442836143600365,0.42442836143600365,0.9994676250512938
N500_plus_0.01pct,500,1.2027299618659357,field_r50,joint_powerlaw_20,15.264645548854135,0.9999820390073392,0.2,0.6,40,0.8162832253266085,0.43923858182989717,0.43923858182989717,0.9998090089410507
N500_plus_0.01pct,500,1.2027299618659357,field_r20,joint_powerlaw_20,15.264645548854135,0.9999820390073392,0.2,0.6,40,0.8162832253266085,0.45885952151748133,0.45885952151748133,0.9981405144144262
N500_plus_0.01pct,500,1.2027299618659357,mean_r2_signed_R8,joint_powerlaw_20,15.264645548854135,0.9999820390073392,0.2,0.6,40,0.8162832253266085,0.023338659431602994,0.011669329715801497,0.7937475178801898
N500_plus_0.01pct,500,1.2027299618659357,rms_signed_R4,joint_powerlaw_20,15.264645548854135,0.9999820390073392,0.4,1.0,60,0.8162832253266085,0.04054990482894582,0.04054990482894582,0.9934183955014582
N500_plus_0.01pct,500,1.2027299618659357,rms_signed_R8,joint_powerlaw_20,15.264645548854135,0.9999820390073392,0.4,1.0,60,0.8162832253266085,0.023872225519888254,0.023872225519888254,0.998013187129571
N500_plus_0.01pct,500,1.2027299618659357,rms_signed_R12,joint_powerlaw_20,15.264645548854135,0.9999820390073392,0.4,1.0,60,0.8162832253266085,0.03909935239952496,0.03909935239952496,0.9935608975877508
N500_plus_0.01pct,500,1.2027299618659357,rms_absrho_R8,joint_powerlaw_20,15.264645548854135,0.9999820390073392,0.4,1.0,60,0.8162832253266085,0.20391866974337053,0.20391866974337053,0.9853491216073924
N500_plus_0.01pct,500,1.2027299618659357,rms_positive_rho_R8,joint_powerlaw_20,15.264645548854135,0.9999820390073392,0.4,1.0,60,0.8162832253266085,0.12655029560200395,0.12655029560200395,0.9834962116630571
N500_plus_0.01pct,500,1.2027299618659357,rms_gradient_R8,joint_powerlaw_20,15.264645548854135,0.9999820390073392,0.4,1.0,60,0.8162832253266085,0.34234384752741864,0.34234384752741864,0.9939975871911737
N500_plus_0.01pct,500,1.2027299618659357,field_r50,joint_powerlaw_20,15.264645548854135,0.9999820390073392,0.4,1.0,60,0.8162832253266085,0.48852267438240293,0.48852267438240293,0.9989198350911446
N500_plus_0.01pct,500,1.2027299618659357,field_r20,joint_powerlaw_20,15.264645548854135,0.9999820390073392,0.4,1.0,60,0.8162832253266085,0.5448193165975801,0.5448193165975801,0.9984627114170833
N500_plus_0.01pct,500,1.2027299618659357,mean_r2_signed_R8,joint_powerlaw_20,15.264645548854135,0.9999820390073392,0.4,1.0,60,0.8162832253266085,0.04774445103977651,0.023872225519888254,0.9980131871295712
N500_plus_0.01pct,500,1.2027299618659357,rms_signed_R4,joint_powerlaw_20,15.264645548854135,0.9999820390073392,0.8,1.6,80,0.8162832253266085,-0.0503137742374489,-0.0503137742374489,0.650576479408957
N500_plus_0.01pct,500,1.2027299618659357,rms_signed_R8,joint_powerlaw_20,15.264645548854135,0.9999820390073392,0.8,1.6,80,0.8162832253266085,-0.011588315100869493,-0.011588315100869493,0.33913650373266
N500_plus_0.01pct,500,1.2027299618659357,rms_signed_R12,joint_powerlaw_20,15.264645548854135,0.9999820390073392,0.8,1.6,80,0.8162832253266085,0.008935859064222873,0.008935859064222873,0.22061923017510665
N500_plus_0.01pct,500,1.2027299618659357,rms_absrho_R8,joint_powerlaw_20,15.264645548854135,0.9999820390073392,0.8,1.6,80,0.8162832253266085,0.08114843862245634,0.08114843862245634,0.9185128107185034
N500_plus_0.01pct,500,1.2027299618659357,rms_positive_rho_R8,joint_powerlaw_20,15.264645548854135,0.9999820390073392,0.8,1.6,80,0.8162832253266085,0.03738485610841394,0.03738485610841394,0.7645648263539219
N500_plus_0.01pct,500,1.2027299618659357,rms_gradient_R8,joint_powerlaw_20,15.264645548854135,0.9999820390073392,0.8,1.6,80,0.8162832253266085,0.1544230500094554,0.1544230500094554,0.9298141393518934
N500_plus_0.01pct,500,1.2027299618659357,field_r50,joint_powerlaw_20,15.264645548854135,0.9999820390073392,0.8,1.6,80,0.8162832253266085,0.5173345309871483,0.5173345309871483,0.9948950307353003
N500_plus_0.01pct,500,1.2027299618659357,field_r20,joint_powerlaw_20,15.264645548854135,0.9999820390073392,0.8,1.6,80,0.8162832253266085,0.1443756782930403,0.1443756782930403,0.6984601193262989
N500_plus_0.01pct,500,1.2027299618659357,mean_r2_signed_R8,joint_powerlaw_20,15.264645548854135,0.9999820390073392,0.8,1.6,80,0.8162832253266085,-0.023176630201738987,-0.011588315100869493,0.3391365037326606
N500_plus_0.01pct,500,1.2027299618659357,rms_signed_R4,joint_powerlaw_40,15.255993657171757,0.9998424149646775,0.1,0.3,20,0.7529371859873817,-0.05743567780497315,-0.05743567780497315,0.9615001823656306
N500_plus_0.01pct,500,1.2027299618659357,rms_signed_R8,joint_powerlaw_40,15.255993657171757,0.9998424149646775,0.1,0.3,20,0.7529371859873817,-0.02006795627772574,-0.02006795627772574,0.8836798358529868
N500_plus_0.01pct,500,1.2027299618659357,rms_signed_R12,joint_powerlaw_40,15.255993657171757,0.9998424149646775,0.1,0.3,20,0.7529371859873817,-0.014550477105055252,-0.014550477105055252,0.8893352316350962
N500_plus_0.01pct,500,1.2027299618659357,rms_absrho_R8,joint_powerlaw_40,15.255993657171757,0.9998424149646775,0.1,0.3,20,0.7529371859873817,0.41224527386477633,0.41224527386477633,0.9991626440862712
N500_plus_0.01pct,500,1.2027299618659357,rms_positive_rho_R8,joint_powerlaw_40,15.255993657171757,0.9998424149646775,0.1,0.3,20,0.7529371859873817,0.3029326682982833,0.3029326682982833,0.9968664145602671
N500_plus_0.01pct,500,1.2027299618659357,rms_gradient_R8,joint_powerlaw_40,15.255993657171757,0.9998424149646775,0.1,0.3,20,0.7529371859873817,0.41798834440103183,0.41798834440103183,0.9998572805379551
N500_plus_0.01pct,500,1.2027299618659357,field_r50,joint_powerlaw_40,15.255993657171757,0.9998424149646775,0.1,0.3,20,0.7529371859873817,0.4038821085515943,0.4038821085515943,0.9998815805620112
N500_plus_0.01pct,500,1.2027299618659357,field_r20,joint_powerlaw_40,15.255993657171757,0.9998424149646775,0.1,0.3,20,0.7529371859873817,0.39009677117594616,0.39009677117594616,0.9996998203158364
N500_plus_0.01pct,500,1.2027299618659357,mean_r2_signed_R8,joint_powerlaw_40,15.255993657171757,0.9998424149646775,0.1,0.3,20,0.7529371859873817,-0.04013591255545135,-0.020067956277725674,0.8836798358529874
N500_plus_0.01pct,500,1.2027299618659357,rms_signed_R4,joint_powerlaw_40,15.255993657171757,0.9998424149646775,0.2,0.6,40,0.7529371859873817,0.005250651053069741,0.005250651053069741,0.13803015551363396
N500_plus_0.01pct,500,1.2027299618659357,rms_signed_R8,joint_powerlaw_40,15.255993657171757,0.9998424149646775,0.2,0.6,40,0.7529371859873817,0.01262288644387055,0.01262288644387055,0.8421890949959925
N500_plus_0.01pct,500,1.2027299618659357,rms_signed_R12,joint_powerlaw_40,15.255993657171757,0.9998424149646775,0.2,0.6,40,0.7529371859873817,0.015266927086273956,0.015266927086273956,0.833311659551303
N500_plus_0.01pct,500,1.2027299618659357,rms_absrho_R8,joint_powerlaw_40,15.255993657171757,0.9998424149646775,0.2,0.6,40,0.7529371859873817,0.31497670167740766,0.31497670167740766,0.992951063391608
N500_plus_0.01pct,500,1.2027299618659357,rms_positive_rho_R8,joint_powerlaw_40,15.255993657171757,0.9998424149646775,0.2,0.6,40,0.7529371859873817,0.20612641436999846,0.20612641436999846,0.9895422921820406
N500_plus_0.01pct,500,1.2027299618659357,rms_gradient_R8,joint_powerlaw_40,15.255993657171757,0.9998424149646775,0.2,0.6,40,0.7529371859873817,0.41241093660168104,0.41241093660168104,0.9995500719249469
N500_plus_0.01pct,500,1.2027299618659357,field_r50,joint_powerlaw_40,15.255993657171757,0.9998424149646775,0.2,0.6,40,0.7529371859873817,0.4298767542812183,0.4298767542812183,0.9996906255737193
N500_plus_0.01pct,500,1.2027299618659357,field_r20,joint_powerlaw_40,15.255993657171757,0.9998424149646775,0.2,0.6,40,0.7529371859873817,0.4516904284733605,0.4516904284733605,0.9977554126944471
N500_plus_0.01pct,500,1.2027299618659357,mean_r2_signed_R8,joint_powerlaw_40,15.255993657171757,0.9998424149646775,0.2,0.6,40,0.7529371859873817,0.02524577288774078,0.01262288644387039,0.842189094995994
N500_plus_0.01pct,500,1.2027299618659357,rms_signed_R4,joint_powerlaw_40,15.255993657171757,0.9998424149646775,0.4,1.0,60,0.7529371859873817,0.040164711374107064,0.040164711374107064,0.9937198458492781
N500_plus_0.01pct,500,1.2027299618659357,rms_signed_R8,joint_powerlaw_40,15.255993657171757,0.9998424149646775,0.4,1.0,60,0.7529371859873817,0.023510280805206275,0.023510280805206275,0.9977177451959808
N500_plus_0.01pct,500,1.2027299618659357,rms_signed_R12,joint_powerlaw_40,15.255993657171757,0.9998424149646775,0.4,1.0,60,0.7529371859873817,0.03897298777701498,0.03897298777701498,0.9944392905204273
N500_plus_0.01pct,500,1.2027299618659357,rms_absrho_R8,joint_powerlaw_40,15.255993657171757,0.9998424149646775,0.4,1.0,60,0.7529371859873817,0.19782080857545783,0.19782080857545783,0.9858218962443687
N500_plus_0.01pct,500,1.2027299618659357,rms_positive_rho_R8,joint_powerlaw_40,15.255993657171757,0.9998424149646775,0.4,1.0,60,0.7529371859873817,0.12261702772424683,0.12261702772424683,0.9840015048685071
N500_plus_0.01pct,500,1.2027299618659357,rms_gradient_R8,joint_powerlaw_40,15.255993657171757,0.9998424149646775,0.4,1.0,60,0.7529371859873817,0.33429585606835927,0.33429585606835927,0.9940296888276224
N500_plus_0.01pct,500,1.2027299618659357,field_r50,joint_powerlaw_40,15.255993657171757,0.9998424149646775,0.4,1.0,60,0.7529371859873817,0.4840642235644734,0.4840642235644734,0.9988097148198919
N500_plus_0.01pct,500,1.2027299618659357,field_r20,joint_powerlaw_40,15.255993657171757,0.9998424149646775,0.4,1.0,60,0.7529371859873817,0.5369664280733526,0.5369664280733526,0.9982258118165185
N500_plus_0.01pct,500,1.2027299618659357,mean_r2_signed_R8,joint_powerlaw_40,15.255993657171757,0.9998424149646775,0.4,1.0,60,0.7529371859873817,0.04702056161041255,0.023510280805206275,0.997717745195981
N500_plus_0.01pct,500,1.2027299618659357,rms_signed_R4,joint_powerlaw_40,15.255993657171757,0.9998424149646775,0.8,1.6,80,0.7529371859873817,-0.053449192512197416,-0.053449192512197416,0.6734229494286256
N500_plus_0.01pct,500,1.2027299618659357,rms_signed_R8,joint_powerlaw_40,15.255993657171757,0.9998424149646775,0.8,1.6,80,0.7529371859873817,-0.013065003051134063,-0.013065003051134063,0.3835075216196421
N500_plus_0.01pct,500,1.2027299618659357,rms_signed_R12,joint_powerlaw_40,15.255993657171757,0.9998424149646775,0.8,1.6,80,0.7529371859873817,0.007274234872575561,0.007274234872575561,0.15338823443453875
N500_plus_0.01pct,500,1.2027299618659357,rms_absrho_R8,joint_powerlaw_40,15.255993657171757,0.9998424149646775,0.8,1.6,80,0.7529371859873817,0.078119064493754,0.078119064493754,0.9125440582934776
N500_plus_0.01pct,500,1.2027299618659357,rms_positive_rho_R8,joint_powerlaw_40,15.255993657171757,0.9998424149646775,0.8,1.6,80,0.7529371859873817,0.03504393367548518,0.03504393367548518,0.7372318914939675
N500_plus_0.01pct,500,1.2027299618659357,rms_gradient_R8,joint_powerlaw_40,15.255993657171757,0.9998424149646775,0.8,1.6,80,0.7529371859873817,0.14907810736349758,0.14907810736349758,0.9257905007749254
N500_plus_0.01pct,500,1.2027299618659357,field_r50,joint_powerlaw_40,15.255993657171757,0.9998424149646775,0.8,1.6,80,0.7529371859873817,0.5102165218320032,0.5102165218320032,0.9941076807645906
N500_plus_0.01pct,500,1.2027299618659357,field_r20,joint_powerlaw_40,15.255993657171757,0.9998424149646775,0.8,1.6,80,0.7529371859873817,0.13374124835720108,0.13374124835720108,0.6780557633468958
N500_plus_0.01pct,500,1.2027299618659357,mean_r2_signed_R8,joint_powerlaw_40,15.255993657171757,0.9998424149646775,0.8,1.6,80,0.7529371859873817,-0.026130006102268125,-0.013065003051134063,0.3835075216196425
N500_plus_0.01pct,500,1.2027299618659357,rms_signed_R4,joint_powerlaw_80,15.255210818260256,0.9998193234790838,0.1,0.3,20,0.7477094879181373,-0.05718774856623636,-0.05718774856623636,0.9617404557475249
N500_plus_0.01pct,500,1.2027299618659357,rms_signed_R8,joint_powerlaw_80,15.255210818260256,0.9998193234790838,0.1,0.3,20,0.7477094879181373,-0.019983385363085675,-0.019983385363085675,0.8840825061401065
N500_plus_0.01pct,500,1.2027299618659357,rms_signed_R12,joint_powerlaw_80,15.255210818260256,0.9998193234790838,0.1,0.3,20,0.7477094879181373,-0.014489051109122195,-0.014489051109122195,0.8897273392161362
N500_plus_0.01pct,500,1.2027299618659357,rms_absrho_R8,joint_powerlaw_80,15.255210818260256,0.9998193234790838,0.1,0.3,20,0.7477094879181373,0.4104216104292361,0.4104216104292361,0.999197353796553
N500_plus_0.01pct,500,1.2027299618659357,rms_positive_rho_R8,joint_powerlaw_80,15.255210818260256,0.9998193234790838,0.1,0.3,20,0.7477094879181373,0.30159781958392584,0.30159781958392584,0.9969357179219558
N500_plus_0.01pct,500,1.2027299618659357,rms_gradient_R8,joint_powerlaw_80,15.255210818260256,0.9998193234790838,0.1,0.3,20,0.7477094879181373,0.4161288418928063,0.4161288418928063,0.9998418773241053
N500_plus_0.01pct,500,1.2027299618659357,field_r50,joint_powerlaw_80,15.255210818260256,0.9998193234790838,0.1,0.3,20,0.7477094879181373,0.4020856146403842,0.4020856146403842,0.9998674415173625
N500_plus_0.01pct,500,1.2027299618659357,field_r20,joint_powerlaw_80,15.255210818260256,0.9998193234790838,0.1,0.3,20,0.7477094879181373,0.38836006914706767,0.38836006914706767,0.9996778266637615
N500_plus_0.01pct,500,1.2027299618659357,mean_r2_signed_R8,joint_powerlaw_80,15.255210818260256,0.9998193234790838,0.1,0.3,20,0.7477094879181373,-0.03996677072617155,-0.019983385363085776,0.8840825061401084
N500_plus_0.01pct,500,1.2027299618659357,rms_signed_R4,joint_powerlaw_80,15.255210818260256,0.9998193234790838,0.2,0.6,40,0.7477094879181373,0.005234768534122466,0.005234768534122466,0.13781012559567862
N500_plus_0.01pct,500,1.2027299618659357,rms_signed_R8,joint_powerlaw_80,15.255210818260256,0.9998193234790838,0.2,0.6,40,0.7477094879181373,0.012593003555102423,0.012593003555102423,0.8419560340591133
N500_plus_0.01pct,500,1.2027299618659357,rms_signed_R12,joint_powerlaw_80,15.255210818260256,0.9998193234790838,0.2,0.6,40,0.7477094879181373,0.015230725667032461,0.015230725667032461,0.8330745856934686
N500_plus_0.01pct,500,1.2027299618659357,rms_absrho_R8,joint_powerlaw_80,15.255210818260256,0.9998193234790838,0.2,0.6,40,0.7477094879181373,0.31428289255964686,0.31428289255964686,0.9930039255281534
N500_plus_0.01pct,500,1.2027299618659357,rms_positive_rho_R8,joint_powerlaw_80,15.255210818260256,0.9998193234790838,0.2,0.6,40,0.7477094879181373,0.20567362180202506,0.20567362180202506,0.9896069880707676
N500_plus_0.01pct,500,1.2027299618659357,rms_gradient_R8,joint_powerlaw_80,15.255210818260256,0.9998193234790838,0.2,0.6,40,0.7477094879181373,0.41149409848300256,0.41149409848300256,0.9995624393715015
N500_plus_0.01pct,500,1.2027299618659357,field_r50,joint_powerlaw_80,15.255210818260256,0.9998193234790838,0.2,0.6,40,0.7477094879181373,0.4289160728241377,0.4289160728241377,0.9996796186717104
N500_plus_0.01pct,500,1.2027299618659357,field_r20,joint_powerlaw_80,15.255210818260256,0.9998193234790838,0.2,0.6,40,0.7477094879181373,0.450676862631193,0.450676862631193,0.9977261161435447
N500_plus_0.01pct,500,1.2027299618659357,mean_r2_signed_R8,joint_powerlaw_80,15.255210818260256,0.9998193234790838,0.2,0.6,40,0.7477094879181373,0.025186007110204845,0.012593003555102423,0.8419560340591135
N500_plus_0.01pct,500,1.2027299618659357,rms_signed_R4,joint_powerlaw_80,15.255210818260256,0.9998193234790838,0.4,1.0,60,0.7477094879181373,0.040115352529572025,0.040115352529572025,0.9937158513957552
N500_plus_0.01pct,500,1.2027299618659357,rms_signed_R8,joint_powerlaw_80,15.255210818260256,0.9998193234790838,0.4,1.0,60,0.7477094879181373,0.023481519001920838,0.023481519001920838,0.9977248017803194
N500_plus_0.01pct,500,1.2027299618659357,rms_signed_R12,joint_powerlaw_80,15.255210818260256,0.9998193234790838,0.4,1.0,60,0.7477094879181373,0.03892477169270515,0.03892477169270515,0.9944188528881014
N500_plus_0.01pct,500,1.2027299618659357,rms_absrho_R8,joint_powerlaw_80,15.255210818260256,0.9998193234790838,0.4,1.0,60,0.7477094879181373,0.19758156201004973,0.19758156201004973,0.9858564285376605
N500_plus_0.01pct,500,1.2027299618659357,rms_positive_rho_R8,joint_powerlaw_80,15.255210818260256,0.9998193234790838,0.4,1.0,60,0.7477094879181373,0.12246886948873399,0.12246886948873399,0.9840381603105725
N500_plus_0.01pct,500,1.2027299618659357,rms_gradient_R8,joint_powerlaw_80,15.255210818260256,0.9998193234790838,0.4,1.0,60,0.7477094879181373,0.33388942261591653,0.33388942261591653,0.9940518107025205
N500_plus_0.01pct,500,1.2027299618659357,field_r50,joint_powerlaw_80,15.255210818260256,0.9998193234790838,0.4,1.0,60,0.7477094879181373,0.48346791467664224,0.48346791467664224,0.9987997617687894
N500_plus_0.01pct,500,1.2027299618659357,field_r20,joint_powerlaw_80,15.255210818260256,0.9998193234790838,0.4,1.0,60,0.7477094879181373,0.5363079799371652,0.5363079799371652,0.998227143636882
N500_plus_0.01pct,500,1.2027299618659357,mean_r2_signed_R8,joint_powerlaw_80,15.255210818260256,0.9998193234790838,0.4,1.0,60,0.7477094879181373,0.046963038003841266,0.023481519001920633,0.9977248017803195
N500_plus_0.01pct,500,1.2027299618659357,rms_signed_R4,joint_powerlaw_80,15.255210818260256,0.9998193234790838,0.8,1.6,80,0.7477094879181373,-0.053410146253613115,-0.053410146253613115,0.6733663206282721
N500_plus_0.01pct,500,1.2027299618659357,rms_signed_R8,joint_powerlaw_80,15.255210818260256,0.9998193234790838,0.8,1.6,80,0.7477094879181373,-0.013055035458537548,-0.013055035458537548,0.3834504107172678
N500_plus_0.01pct,500,1.2027299618659357,rms_signed_R12,joint_powerlaw_80,15.255210818260256,0.9998193234790838,0.8,1.6,80,0.7477094879181373,0.00727024102422321,0.00727024102422321,0.15343105381709965
N500_plus_0.01pct,500,1.2027299618659357,rms_absrho_R8,joint_powerlaw_80,15.255210818260256,0.9998193234790838,0.8,1.6,80,0.7477094879181373,0.07806674800669727,0.07806674800669727,0.9125784140607718
N500_plus_0.01pct,500,1.2027299618659357,rms_positive_rho_R8,joint_powerlaw_80,15.255210818260256,0.9998193234790838,0.8,1.6,80,0.7477094879181373,0.03502106482583757,0.03502106482583757,0.737284915855825
N500_plus_0.01pct,500,1.2027299618659357,rms_gradient_R8,joint_powerlaw_80,15.255210818260256,0.9998193234790838,0.8,1.6,80,0.7477094879181373,0.14897804737682582,0.14897804737682582,0.9258225948603312
N500_plus_0.01pct,500,1.2027299618659357,field_r50,joint_powerlaw_80,15.255210818260256,0.9998193234790838,0.8,1.6,80,0.7477094879181373,0.5098671369152955,0.5098671369152955,0.9941151122890389
N500_plus_0.01pct,500,1.2027299618659357,field_r20,joint_powerlaw_80,15.255210818260256,0.9998193234790838,0.8,1.6,80,0.7477094879181373,0.13365486583416586,0.13365486583416586,0.6781136019346852
N500_plus_0.01pct,500,1.2027299618659357,mean_r2_signed_R8,joint_powerlaw_80,15.255210818260256,0.9998193234790838,0.8,1.6,80,0.7477094879181373,-0.026110070917073572,-0.013055035458536786,0.38345041071726604
N500_plus_0.05pct,500,1.203211005746294,rms_signed_R4,field_2_4,12.357058099210702,0.9974573321353223,0.1,0.3,0,1.0,nan,nan,nan
N500_plus_0.05pct,500,1.203211005746294,rms_signed_R8,field_2_4,12.357058099210702,0.9974573321353223,0.1,0.3,0,1.0,nan,nan,nan
N500_plus_0.05pct,500,1.203211005746294,rms_signed_R12,field_2_4,12.357058099210702,0.9974573321353223,0.1,0.3,0,1.0,nan,nan,nan
N500_plus_0.05pct,500,1.203211005746294,rms_absrho_R8,field_2_4,12.357058099210702,0.9974573321353223,0.1,0.3,0,1.0,nan,nan,nan
N500_plus_0.05pct,500,1.203211005746294,rms_positive_rho_R8,field_2_4,12.357058099210702,0.9974573321353223,0.1,0.3,0,1.0,nan,nan,nan
N500_plus_0.05pct,500,1.203211005746294,rms_gradient_R8,field_2_4,12.357058099210702,0.9974573321353223,0.1,0.3,0,1.0,nan,nan,nan
N500_plus_0.05pct,500,1.203211005746294,field_r50,field_2_4,12.357058099210702,0.9974573321353223,0.1,0.3,0,1.0,nan,nan,nan
N500_plus_0.05pct,500,1.203211005746294,field_r20,field_2_4,12.357058099210702,0.9974573321353223,0.1,0.3,0,1.0,nan,nan,nan
N500_plus_0.05pct,500,1.203211005746294,mean_r2_signed_R8,field_2_4,12.357058099210702,0.9974573321353223,0.1,0.3,0,1.0,nan,nan,nan
N500_plus_0.05pct,500,1.203211005746294,rms_signed_R4,field_2_4,12.357058099210702,0.9974573321353223,0.2,0.6,7,1.0,-0.6703733481695634,-0.6703733481695634,0.9857008658351566
N500_plus_0.05pct,500,1.203211005746294,rms_signed_R8,field_2_4,12.357058099210702,0.9974573321353223,0.2,0.6,7,1.0,-0.3337740689132506,-0.3337740689132506,0.9783394410333732
N500_plus_0.05pct,500,1.203211005746294,rms_signed_R12,field_2_4,12.357058099210702,0.9974573321353223,0.2,0.6,7,1.0,-0.20959181959936035,-0.20959181959936035,0.9820499876193958
N500_plus_0.05pct,500,1.203211005746294,rms_absrho_R8,field_2_4,12.357058099210702,0.9974573321353223,0.2,0.6,7,1.0,3.058346603244093,3.058346603244093,0.9939772192066441
N500_plus_0.05pct,500,1.203211005746294,rms_positive_rho_R8,field_2_4,12.357058099210702,0.9974573321353223,0.2,0.6,7,1.0,2.5813570518188365,2.5813570518188365,0.9915126628240921
N500_plus_0.05pct,500,1.203211005746294,rms_gradient_R8,field_2_4,12.357058099210702,0.9974573321353223,0.2,0.6,7,1.0,2.456815239779763,2.456815239779763,0.9953435716908283
N500_plus_0.05pct,500,1.203211005746294,field_r50,field_2_4,12.357058099210702,0.9974573321353223,0.2,0.6,7,1.0,2.5909368885277146,2.5909368885277146,0.9949278025082459
N500_plus_0.05pct,500,1.203211005746294,field_r20,field_2_4,12.357058099210702,0.9974573321353223,0.2,0.6,7,1.0,2.4510363550031555,2.4510363550031555,0.9946669279630855
N500_plus_0.05pct,500,1.203211005746294,mean_r2_signed_R8,field_2_4,12.357058099210702,0.9974573321353223,0.2,0.6,7,1.0,-0.6675481378264969,-0.33377406891324846,0.9783394410333734
N500_plus_0.05pct,500,1.203211005746294,rms_signed_R4,field_2_4,12.357058099210702,0.9974573321353223,0.4,1.0,47,1.0,-0.08583869845656124,-0.08583869845656124,0.38691985772901283
N500_plus_0.05pct,500,1.203211005746294,rms_signed_R8,field_2_4,12.357058099210702,0.9974573321353223,0.4,1.0,47,1.0,0.005671197509565199,0.005671197509565199,0.009023925441464908
N500_plus_0.05pct,500,1.203211005746294,rms_signed_R12,field_2_4,12.357058099210702,0.9974573321353223,0.4,1.0,47,1.0,-0.014205799875613835,-0.014205799875613835,0.14776358113032362
N500_plus_0.05pct,500,1.203211005746294,rms_absrho_R8,field_2_4,12.357058099210702,0.9974573321353223,0.4,1.0,47,1.0,1.2688080308574676,1.2688080308574676,0.9307714697160808
N500_plus_0.05pct,500,1.203211005746294,rms_positive_rho_R8,field_2_4,12.357058099210702,0.9974573321353223,0.4,1.0,47,1.0,0.9302642647234903,0.9302642647234903,0.906785206888254
N500_plus_0.05pct,500,1.203211005746294,rms_gradient_R8,field_2_4,12.357058099210702,0.9974573321353223,0.4,1.0,47,1.0,1.304620932295679,1.304620932295679,0.974361906520952
N500_plus_0.05pct,500,1.203211005746294,field_r50,field_2_4,12.357058099210702,0.9974573321353223,0.4,1.0,47,1.0,1.311895222584731,1.311895222584731,0.9696346847034527
N500_plus_0.05pct,500,1.203211005746294,field_r20,field_2_4,12.357058099210702,0.9974573321353223,0.4,1.0,47,1.0,1.2633131457157614,1.2633131457157614,0.9741393094149584
N500_plus_0.05pct,500,1.203211005746294,mean_r2_signed_R8,field_2_4,12.357058099210702,0.9974573321353223,0.4,1.0,47,1.0,0.01134239501913129,0.005671197509565645,0.009023925441466907
N500_plus_0.05pct,500,1.203211005746294,rms_signed_R4,field_2_4,12.357058099210702,0.9974573321353223,0.8,1.6,80,1.0,0.14595012528692855,0.14595012528692855,0.9939268095121976
N500_plus_0.05pct,500,1.203211005746294,rms_signed_R8,field_2_4,12.357058099210702,0.9974573321353223,0.8,1.6,80,1.0,0.11299467115104302,0.11299467115104302,0.9993251260325493
N500_plus_0.05pct,500,1.203211005746294,rms_signed_R12,field_2_4,12.357058099210702,0.9974573321353223,0.8,1.6,80,1.0,0.04771646845476655,0.04771646845476655,0.9978600473985183
N500_plus_0.05pct,500,1.203211005746294,rms_absrho_R8,field_2_4,12.357058099210702,0.9974573321353223,0.8,1.6,80,1.0,0.4120457854786962,0.4120457854786962,0.9694508886709896
N500_plus_0.05pct,500,1.203211005746294,rms_positive_rho_R8,field_2_4,12.357058099210702,0.9974573321353223,0.8,1.6,80,1.0,0.28494563880392365,0.28494563880392365,0.9747806506954123
N500_plus_0.05pct,500,1.203211005746294,rms_gradient_R8,field_2_4,12.357058099210702,0.9974573321353223,0.8,1.6,80,1.0,0.7517823450157242,0.7517823450157242,0.9920177179825187
N500_plus_0.05pct,500,1.203211005746294,field_r50,field_2_4,12.357058099210702,0.9974573321353223,0.8,1.6,80,1.0,0.8548759772573268,0.8548759772573268,0.9996053538713253
N500_plus_0.05pct,500,1.203211005746294,field_r20,field_2_4,12.357058099210702,0.9974573321353223,0.8,1.6,80,1.0,0.9854951380334612,0.9854951380334612,0.9994826740454115
N500_plus_0.05pct,500,1.203211005746294,mean_r2_signed_R8,field_2_4,12.357058099210702,0.9974573321353223,0.8,1.6,80,1.0,0.22598934230208603,0.11299467115104302,0.9993251260325493
N500_plus_0.05pct,500,1.203211005746294,rms_signed_R4,field_4_8,12.01065363020621,0.9964028661512648,0.1,0.3,11,1.0,-0.2161070691656225,-0.2161070691656225,0.9757846434494907
N500_plus_0.05pct,500,1.203211005746294,rms_signed_R8,field_4_8,12.01065363020621,0.9964028661512648,0.1,0.3,11,1.0,-0.10125533258491794,-0.10125533258491794,0.9556654912852862
N500_plus_0.05pct,500,1.203211005746294,rms_signed_R12,field_4_8,12.01065363020621,0.9964028661512648,0.1,0.3,11,1.0,-0.06523814516787435,-0.06523814516787435,0.965225516636596
N500_plus_0.05pct,500,1.203211005746294,rms_absrho_R8,field_4_8,12.01065363020621,0.9964028661512648,0.1,0.3,11,1.0,1.0782875588314589,1.0782875588314589,0.9938606132638964
N500_plus_0.05pct,500,1.203211005746294,rms_positive_rho_R8,field_4_8,12.01065363020621,0.9964028661512648,0.1,0.3,11,1.0,0.8868932399132082,0.8868932399132082,0.9899071814478543
N500_plus_0.05pct,500,1.203211005746294,rms_gradient_R8,field_4_8,12.01065363020621,0.9964028661512648,0.1,0.3,11,1.0,0.8855560427665697,0.8855560427665697,0.9963740470011395
N500_plus_0.05pct,500,1.203211005746294,field_r50,field_4_8,12.01065363020621,0.9964028661512648,0.1,0.3,11,1.0,0.9278038867825352,0.9278038867825352,0.9957010515163459
N500_plus_0.05pct,500,1.203211005746294,field_r20,field_4_8,12.01065363020621,0.9964028661512648,0.1,0.3,11,1.0,0.8756802281167344,0.8756802281167344,0.995433604282203
N500_plus_0.05pct,500,1.203211005746294,mean_r2_signed_R8,field_4_8,12.01065363020621,0.9964028661512648,0.1,0.3,11,1.0,-0.20251066516983618,-0.10125533258491809,0.9556654912852852
N500_plus_0.05pct,500,1.203211005746294,rms_signed_R4,field_4_8,12.01065363020621,0.9964028661512648,0.2,0.6,40,1.0,-0.05591808835666845,-0.05591808835666845,0.582017540193023
N500_plus_0.05pct,500,1.203211005746294,rms_signed_R8,field_4_8,12.01065363020621,0.9964028661512648,0.2,0.6,40,1.0,-0.0032823844020138915,-0.0032823844020138915,0.013406832406599012
N500_plus_0.05pct,500,1.203211005746294,rms_signed_R12,field_4_8,12.01065363020621,0.9964028661512648,0.2,0.6,40,1.0,-0.010770516006930011,-0.010770516006930011,0.3248091714964463
N500_plus_0.05pct,500,1.203211005746294,rms_absrho_R8,field_4_8,12.01065363020621,0.9964028661512648,0.2,0.6,40,1.0,0.685293742506593,0.685293742506593,0.9722548390495008
N500_plus_0.05pct,500,1.203211005746294,rms_positive_rho_R8,field_4_8,12.01065363020621,0.9964028661512648,0.2,0.6,40,1.0,0.5040449858322041,0.5040449858322041,0.9570366047216472
N500_plus_0.05pct,500,1.203211005746294,rms_gradient_R8,field_4_8,12.01065363020621,0.9964028661512648,0.2,0.6,40,1.0,0.6854097142988869,0.6854097142988869,0.9941928381577233
N500_plus_0.05pct,500,1.203211005746294,field_r50,field_4_8,12.01065363020621,0.9964028661512648,0.2,0.6,40,1.0,0.6902352068466082,0.6902352068466082,0.991807282060975
N500_plus_0.05pct,500,1.203211005746294,field_r20,field_4_8,12.01065363020621,0.9964028661512648,0.2,0.6,40,1.0,0.6602729363788867,0.6602729363788867,0.993454394374062
N500_plus_0.05pct,500,1.203211005746294,mean_r2_signed_R8,field_4_8,12.01065363020621,0.9964028661512648,0.2,0.6,40,1.0,-0.006564768804027448,-0.003282384402013724,0.013406832406597347
N500_plus_0.05pct,500,1.203211005746294,rms_signed_R4,field_4_8,12.01065363020621,0.9964028661512648,0.4,1.0,60,1.0,0.08141498308967926,0.08141498308967926,0.9541314993088458
N500_plus_0.05pct,500,1.203211005746294,rms_signed_R8,field_4_8,12.01065363020621,0.9964028661512648,0.4,1.0,60,1.0,0.06978575841217971,0.06978575841217971,0.9880093614729499
N500_plus_0.05pct,500,1.203211005746294,rms_signed_R12,field_4_8,12.01065363020621,0.9964028661512648,0.4,1.0,60,1.0,0.029475336057729614,0.029475336057729614,0.9797132225982642
N500_plus_0.05pct,500,1.203211005746294,rms_absrho_R8,field_4_8,12.01065363020621,0.9964028661512648,0.4,1.0,60,1.0,0.34899303099861884,0.34899303099861884,0.9835370827566972
N500_plus_0.05pct,500,1.203211005746294,rms_positive_rho_R8,field_4_8,12.01065363020621,0.9964028661512648,0.4,1.0,60,1.0,0.23694747650142178,0.23694747650142178,0.9853381091915229
N500_plus_0.05pct,500,1.203211005746294,rms_gradient_R8,field_4_8,12.01065363020621,0.9964028661512648,0.4,1.0,60,1.0,0.5568355176152959,0.5568355176152959,0.9989684202326581
N500_plus_0.05pct,500,1.203211005746294,field_r50,field_4_8,12.01065363020621,0.9964028661512648,0.4,1.0,60,1.0,0.5768791106380328,0.5768791106380328,0.999921509873151
N500_plus_0.05pct,500,1.203211005746294,field_r20,field_4_8,12.01065363020621,0.9964028661512648,0.4,1.0,60,1.0,0.6272106795750281,0.6272106795750281,0.9978044798928573
N500_plus_0.05pct,500,1.203211005746294,mean_r2_signed_R8,field_4_8,12.01065363020621,0.9964028661512648,0.4,1.0,60,1.0,0.13957151682435848,0.06978575841217924,0.98800936147295
N500_plus_0.05pct,500,1.203211005746294,rms_signed_R4,field_4_8,12.01065363020621,0.9964028661512648,0.8,1.6,80,1.0,0.09017554343739159,0.09017554343739159,0.9567211655231606
N500_plus_0.05pct,500,1.203211005746294,rms_signed_R8,field_4_8,12.01065363020621,0.9964028661512648,0.8,1.6,80,1.0,0.07911042818792402,0.07911042818792402,0.9972609953714932
N500_plus_0.05pct,500,1.203211005746294,rms_signed_R12,field_4_8,12.01065363020621,0.9964028661512648,0.8,1.6,80,1.0,0.024495652532247742,0.024495652532247742,0.921699785666591
N500_plus_0.05pct,500,1.203211005746294,rms_absrho_R8,field_4_8,12.01065363020621,0.9964028661512648,0.8,1.6,80,1.0,0.19361693784222764,0.19361693784222764,0.9920233215703366
N500_plus_0.05pct,500,1.203211005746294,rms_positive_rho_R8,field_4_8,12.01065363020621,0.9964028661512648,0.8,1.6,80,1.0,0.14059920871335677,0.14059920871335677,0.9930969581952488
N500_plus_0.05pct,500,1.203211005746294,rms_gradient_R8,field_4_8,12.01065363020621,0.9964028661512648,0.8,1.6,80,1.0,0.4158869991761569,0.4158869991761569,0.9920435685196324
N500_plus_0.05pct,500,1.203211005746294,field_r50,field_4_8,12.01065363020621,0.9964028661512648,0.8,1.6,80,1.0,0.6574816996970336,0.6574816996970336,0.9989417444547721
N500_plus_0.05pct,500,1.203211005746294,field_r20,field_4_8,12.01065363020621,0.9964028661512648,0.8,1.6,80,1.0,0.6191380617279227,0.6191380617279227,0.9709998458430213
N500_plus_0.05pct,500,1.203211005746294,mean_r2_signed_R8,field_4_8,12.01065363020621,0.9964028661512648,0.8,1.6,80,1.0,0.15822085637584804,0.07911042818792402,0.9972609953714932
N500_plus_0.05pct,500,1.203211005746294,rms_signed_R4,field_8_12,11.9167237975531,0.9997304450682699,0.1,0.3,20,1.0,-0.08813831609770979,-0.08813831609770979,0.940646947278624
N500_plus_0.05pct,500,1.203211005746294,rms_signed_R8,field_8_12,11.9167237975531,0.9997304450682699,0.1,0.3,20,1.0,-0.03271625754401538,-0.03271625754401538,0.8287736863503601
N500_plus_0.05pct,500,1.203211005746294,rms_signed_R12,field_8_12,11.9167237975531,0.9997304450682699,0.1,0.3,20,1.0,-0.023906862685887494,-0.023906862685887494,0.8973345598657262
N500_plus_0.05pct,500,1.203211005746294,rms_absrho_R8,field_8_12,11.9167237975531,0.9997304450682699,0.1,0.3,20,1.0,0.5764687317888506,0.5764687317888506,0.995922158006843
N500_plus_0.05pct,500,1.203211005746294,rms_positive_rho_R8,field_8_12,11.9167237975531,0.9997304450682699,0.1,0.3,20,1.0,0.44767506613699865,0.44767506613699865,0.9906380875058622
N500_plus_0.05pct,500,1.203211005746294,rms_gradient_R8,field_8_12,11.9167237975531,0.9997304450682699,0.1,0.3,20,1.0,0.507536344635181,0.507536344635181,0.9995388739844795
N500_plus_0.05pct,500,1.203211005746294,field_r50,field_8_12,11.9167237975531,0.9997304450682699,0.1,0.3,20,1.0,0.5222806757172568,0.5222806757172568,0.9989921059038832
N500_plus_0.05pct,500,1.203211005746294,field_r20,field_8_12,11.9167237975531,0.9997304450682699,0.1,0.3,20,1.0,0.49247293164212136,0.49247293164212136,0.9990010433869129
N500_plus_0.05pct,500,1.203211005746294,mean_r2_signed_R8,field_8_12,11.9167237975531,0.9997304450682699,0.1,0.3,20,1.0,-0.06543251508803076,-0.03271625754401538,0.8287736863503595
N500_plus_0.05pct,500,1.203211005746294,rms_signed_R4,field_8_12,11.9167237975531,0.9997304450682699,0.2,0.6,40,1.0,0.016015874848347225,0.016015874848347225,0.3803632027949255
N500_plus_0.05pct,500,1.203211005746294,rms_signed_R8,field_8_12,11.9167237975531,0.9997304450682699,0.2,0.6,40,1.0,0.03195658277687364,0.03195658277687364,0.884460866501688
N500_plus_0.05pct,500,1.203211005746294,rms_signed_R12,field_8_12,11.9167237975531,0.9997304450682699,0.2,0.6,40,1.0,0.010472262140008218,0.010472262140008218,0.7445732102501604
N500_plus_0.05pct,500,1.203211005746294,rms_absrho_R8,field_8_12,11.9167237975531,0.9997304450682699,0.2,0.6,40,1.0,0.39542311436986166,0.39542311436986166,0.9914127002233252
N500_plus_0.05pct,500,1.203211005746294,rms_positive_rho_R8,field_8_12,11.9167237975531,0.9997304450682699,0.2,0.6,40,1.0,0.2709564971001418,0.2709564971001418,0.9886237595536368
N500_plus_0.05pct,500,1.203211005746294,rms_gradient_R8,field_8_12,11.9167237975531,0.9997304450682699,0.2,0.6,40,1.0,0.48246616086107474,0.48246616086107474,0.9999885339809396
N500_plus_0.05pct,500,1.203211005746294,field_r50,field_8_12,11.9167237975531,0.9997304450682699,0.2,0.6,40,1.0,0.47685705242452625,0.47685705242452625,0.9999552270802186
N500_plus_0.05pct,500,1.203211005746294,field_r20,field_8_12,11.9167237975531,0.9997304450682699,0.2,0.6,40,1.0,0.47103106290590935,0.47103106290590935,0.9996562368759496
N500_plus_0.05pct,500,1.203211005746294,mean_r2_signed_R8,field_8_12,11.9167237975531,0.9997304450682699,0.2,0.6,40,1.0,0.06391316555374728,0.03195658277687364,0.8844608665016875
N500_plus_0.05pct,500,1.203211005746294,rms_signed_R4,field_8_12,11.9167237975531,0.9997304450682699,0.4,1.0,60,1.0,0.08835100483959937,0.08835100483959937,0.9857025996809043
N500_plus_0.05pct,500,1.203211005746294,rms_signed_R8,field_8_12,11.9167237975531,0.9997304450682699,0.4,1.0,60,1.0,0.06819940726765346,0.06819940726765346,0.9955384823007264
N500_plus_0.05pct,500,1.203211005746294,rms_signed_R12,field_8_12,11.9167237975531,0.9997304450682699,0.4,1.0,60,1.0,0.029501493377889588,0.029501493377889588,0.994718146970151
N500_plus_0.05pct,500,1.203211005746294,rms_absrho_R8,field_8_12,11.9167237975531,0.9997304450682699,0.4,1.0,60,1.0,0.2575313284702687,0.2575313284702687,0.9916290472159021
N500_plus_0.05pct,500,1.203211005746294,rms_positive_rho_R8,field_8_12,11.9167237975531,0.9997304450682699,0.4,1.0,60,1.0,0.17709385338203965,0.17709385338203965,0.9938577011215399
N500_plus_0.05pct,500,1.203211005746294,rms_gradient_R8,field_8_12,11.9167237975531,0.9997304450682699,0.4,1.0,60,1.0,0.4645222700205219,0.4645222700205219,0.9996298580760475
N500_plus_0.05pct,500,1.203211005746294,field_r50,field_8_12,11.9167237975531,0.9997304450682699,0.4,1.0,60,1.0,0.5077313861654688,0.5077313861654688,0.9990131470721157
N500_plus_0.05pct,500,1.203211005746294,field_r20,field_8_12,11.9167237975531,0.9997304450682699,0.4,1.0,60,1.0,0.5832802922547726,0.5832802922547726,0.9947549442253153
N500_plus_0.05pct,500,1.203211005746294,mean_r2_signed_R8,field_8_12,11.9167237975531,0.9997304450682699,0.4,1.0,60,1.0,0.13639881453530692,0.06819940726765346,0.9955384823007263
N500_plus_0.05pct,500,1.203211005746294,rms_signed_R4,field_8_12,11.9167237975531,0.9997304450682699,0.8,1.6,80,1.0,0.06392617485375734,0.06392617485375734,0.8735671424420032
N500_plus_0.05pct,500,1.203211005746294,rms_signed_R8,field_8_12,11.9167237975531,0.9997304450682699,0.8,1.6,80,1.0,0.06856503781470628,0.06856503781470628,0.9933611894016359
N500_plus_0.05pct,500,1.203211005746294,rms_signed_R12,field_8_12,11.9167237975531,0.9997304450682699,0.8,1.6,80,1.0,0.01528079702398352,0.01528079702398352,0.7443730006179554
N500_plus_0.05pct,500,1.203211005746294,rms_absrho_R8,field_8_12,11.9167237975531,0.9997304450682699,0.8,1.6,80,1.0,0.16292304676745775,0.16292304676745775,0.9927433430431922
N500_plus_0.05pct,500,1.203211005746294,rms_positive_rho_R8,field_8_12,11.9167237975531,0.9997304450682699,0.8,1.6,80,1.0,0.11871147979936608,0.11871147979936608,0.9924563657953023
N500_plus_0.05pct,500,1.203211005746294,rms_gradient_R8,field_8_12,11.9167237975531,0.9997304450682699,0.8,1.6,80,1.0,0.349351804143025,0.349351804143025,0.9900607398580982
N500_plus_0.05pct,500,1.203211005746294,field_r50,field_8_12,11.9167237975531,0.9997304450682699,0.8,1.6,80,1.0,0.6227542924727331,0.6227542924727331,0.9990776900505073
N500_plus_0.05pct,500,1.203211005746294,field_r20,field_8_12,11.9167237975531,0.9997304450682699,0.8,1.6,80,1.0,0.47967123496281877,0.47967123496281877,0.9386208399341969
N500_plus_0.05pct,500,1.203211005746294,mean_r2_signed_R8,field_8_12,11.9167237975531,0.9997304450682699,0.8,1.6,80,1.0,0.1371300756294114,0.0685650378147057,0.9933611894016358
N500_plus_0.05pct,500,1.203211005746294,rms_signed_R4,field_12_20,11.900269871228941,0.9998789466726867,0.1,0.3,20,1.0,-0.07211311522590767,-0.07211311522590767,0.9416277715426329
N500_plus_0.05pct,500,1.203211005746294,rms_signed_R8,field_12_20,11.900269871228941,0.9998789466726867,0.1,0.3,20,1.0,-0.024267672331897756,-0.024267672331897756,0.7976383057861796
N500_plus_0.05pct,500,1.203211005746294,rms_signed_R12,field_12_20,11.900269871228941,0.9998789466726867,0.1,0.3,20,1.0,-0.018762294680132255,-0.018762294680132255,0.8925614176945595
N500_plus_0.05pct,500,1.203211005746294,rms_absrho_R8,field_12_20,11.900269871228941,0.9998789466726867,0.1,0.3,20,1.0,0.5119962405469707,0.5119962405469707,0.9976001881451035
N500_plus_0.05pct,500,1.203211005746294,rms_positive_rho_R8,field_12_20,11.900269871228941,0.9998789466726867,0.1,0.3,20,1.0,0.39204954213903487,0.39204954213903487,0.993617984846585
N500_plus_0.05pct,500,1.203211005746294,rms_gradient_R8,field_12_20,11.900269871228941,0.9998789466726867,0.1,0.3,20,1.0,0.45876457713532076,0.45876457713532076,0.9999730600927331
N500_plus_0.05pct,500,1.203211005746294,field_r50,field_12_20,11.900269871228941,0.9998789466726867,0.1,0.3,20,1.0,0.47010072426124666,0.47010072426124666,0.9997685195414391
N500_plus_0.05pct,500,1.203211005746294,field_r20,field_12_20,11.900269871228941,0.9998789466726867,0.1,0.3,20,1.0,0.4433247115978181,0.4433247115978181,0.9997970673488296
N500_plus_0.05pct,500,1.203211005746294,mean_r2_signed_R8,field_12_20,11.900269871228941,0.9998789466726867,0.1,0.3,20,1.0,-0.04853534466379551,-0.024267672331897756,0.7976383057861791
N500_plus_0.05pct,500,1.203211005746294,rms_signed_R4,field_12_20,11.900269871228941,0.9998789466726867,0.2,0.6,40,1.0,0.019324303975026685,0.019324303975026685,0.5099889820867995
N500_plus_0.05pct,500,1.203211005746294,rms_signed_R8,field_12_20,11.900269871228941,0.9998789466726867,0.2,0.6,40,1.0,0.03280112051664758,0.03280112051664758,0.9034493441499448
N500_plus_0.05pct,500,1.203211005746294,rms_signed_R12,field_12_20,11.900269871228941,0.9998789466726867,0.2,0.6,40,1.0,0.011214833966269187,0.011214833966269187,0.7966207190286463
N500_plus_0.05pct,500,1.203211005746294,rms_absrho_R8,field_12_20,11.900269871228941,0.9998789466726867,0.2,0.6,40,1.0,0.3702102905871395,0.3702102905871395,0.9928048620125148
N500_plus_0.05pct,500,1.203211005746294,rms_positive_rho_R8,field_12_20,11.900269871228941,0.9998789466726867,0.2,0.6,40,1.0,0.25279339361313635,0.25279339361313635,0.9906267038345236
N500_plus_0.05pct,500,1.203211005746294,rms_gradient_R8,field_12_20,11.900269871228941,0.9998789466726867,0.2,0.6,40,1.0,0.4601497592763177,0.4601497592763177,0.9999867265683976
N500_plus_0.05pct,500,1.203211005746294,field_r50,field_12_20,11.900269871228941,0.9998789466726867,0.2,0.6,40,1.0,0.45466246762304224,0.45466246762304224,0.9999678992312317
N500_plus_0.05pct,500,1.203211005746294,field_r20,field_12_20,11.900269871228941,0.9998789466726867,0.2,0.6,40,1.0,0.4509676779859513,0.4509676779859513,0.9992997872990493
N500_plus_0.05pct,500,1.203211005746294,mean_r2_signed_R8,field_12_20,11.900269871228941,0.9998789466726867,0.2,0.6,40,1.0,0.06560224103329516,0.03280112051664758,0.9034493441499442
N500_plus_0.05pct,500,1.203211005746294,rms_signed_R4,field_12_20,11.900269871228941,0.9998789466726867,0.4,1.0,60,1.0,0.08750011818426152,0.08750011818426152,0.9868702383969069
N500_plus_0.05pct,500,1.203211005746294,rms_signed_R8,field_12_20,11.900269871228941,0.9998789466726867,0.4,1.0,60,1.0,0.06709082774371444,0.06709082774371444,0.9957113252301166
N500_plus_0.05pct,500,1.203211005746294,rms_signed_R12,field_12_20,11.900269871228941,0.9998789466726867,0.4,1.0,60,1.0,0.02903202444970378,0.02903202444970378,0.9952124483654163
N500_plus_0.05pct,500,1.203211005746294,rms_absrho_R8,field_12_20,11.900269871228941,0.9998789466726867,0.4,1.0,60,1.0,0.24783339885652256,0.24783339885652256,0.9924309266222745
N500_plus_0.05pct,500,1.203211005746294,rms_positive_rho_R8,field_12_20,11.900269871228941,0.9998789466726867,0.4,1.0,60,1.0,0.1707151789404235,0.1707151789404235,0.9945799295584311
N500_plus_0.05pct,500,1.203211005746294,rms_gradient_R8,field_12_20,11.900269871228941,0.9998789466726867,0.4,1.0,60,1.0,0.45164131060621426,0.45164131060621426,0.9997012775602264
N500_plus_0.05pct,500,1.203211005746294,field_r50,field_12_20,11.900269871228941,0.9998789466726867,0.4,1.0,60,1.0,0.4968329633074462,0.4968329633074462,0.9987800550972308
N500_plus_0.05pct,500,1.203211005746294,field_r20,field_12_20,11.900269871228941,0.9998789466726867,0.4,1.0,60,1.0,0.5735950655847756,0.5735950655847756,0.9943586581378976
N500_plus_0.05pct,500,1.203211005746294,mean_r2_signed_R8,field_12_20,11.900269871228941,0.9998789466726867,0.4,1.0,60,1.0,0.13418165548742977,0.06709082774371489,0.9957113252301164
N500_plus_0.05pct,500,1.203211005746294,rms_signed_R4,field_12_20,11.900269871228941,0.9998789466726867,0.8,1.6,80,1.0,0.06077383860435654,0.06077383860435654,0.8590998084158425
N500_plus_0.05pct,500,1.203211005746294,rms_signed_R8,field_12_20,11.900269871228941,0.9998789466726867,0.8,1.6,80,1.0,0.0670624323695664,0.0670624323695664,0.9928242265719651
N500_plus_0.05pct,500,1.203211005746294,rms_signed_R12,field_12_20,11.900269871228941,0.9998789466726867,0.8,1.6,80,1.0,0.014218166477741795,0.014218166477741795,0.7103070171367801
N500_plus_0.05pct,500,1.203211005746294,rms_absrho_R8,field_12_20,11.900269871228941,0.9998789466726867,0.8,1.6,80,1.0,0.1591870647981665,0.1591870647981665,0.9928113118218893
N500_plus_0.05pct,500,1.203211005746294,rms_positive_rho_R8,field_12_20,11.900269871228941,0.9998789466726867,0.8,1.6,80,1.0,0.11597728570059905,0.11597728570059905,0.9923632032247678
N500_plus_0.05pct,500,1.203211005746294,rms_gradient_R8,field_12_20,11.900269871228941,0.9998789466726867,0.8,1.6,80,1.0,0.34101343735620965,0.34101343735620965,0.9899157091747115
N500_plus_0.05pct,500,1.203211005746294,field_r50,field_12_20,11.900269871228941,0.9998789466726867,0.8,1.6,80,1.0,0.6153534276221142,0.6153534276221142,0.9990794474063803
N500_plus_0.05pct,500,1.203211005746294,field_r20,field_12_20,11.900269871228941,0.9998789466726867,0.8,1.6,80,1.0,0.46259494315957556,0.46259494315957556,0.9349026303259069
N500_plus_0.05pct,500,1.203211005746294,mean_r2_signed_R8,field_12_20,11.900269871228941,0.9998789466726867,0.8,1.6,80,1.0,0.1341248647391328,0.0670624323695664,0.9928242265719649
N500_plus_0.05pct,500,1.203211005746294,rms_signed_R4,current_last40_rule,11.945165636409032,0.9933550132524331,0.1,0.3,18,1.0,-0.12132127584625683,-0.12132127584625683,0.949815914576648
N500_plus_0.05pct,500,1.203211005746294,rms_signed_R8,current_last40_rule,11.945165636409032,0.9933550132524331,0.1,0.3,18,1.0,-0.050359925078158195,-0.050359925078158195,0.8830269227501466
N500_plus_0.05pct,500,1.203211005746294,rms_signed_R12,current_last40_rule,11.945165636409032,0.9933550132524331,0.1,0.3,18,1.0,-0.03451204712267663,-0.03451204712267663,0.9205186032719297
N500_plus_0.05pct,500,1.203211005746294,rms_absrho_R8,current_last40_rule,11.945165636409032,0.9933550132524331,0.1,0.3,18,1.0,0.7074192574372511,0.7074192574372511,0.9935819338496278
N500_plus_0.05pct,500,1.203211005746294,rms_positive_rho_R8,current_last40_rule,11.945165636409032,0.9933550132524331,0.1,0.3,18,1.0,0.5615968827727014,0.5615968827727014,0.9874407215936077
N500_plus_0.05pct,500,1.203211005746294,rms_gradient_R8,current_last40_rule,11.945165636409032,0.9933550132524331,0.1,0.3,18,1.0,0.6056647368772836,0.6056647368772836,0.9979781771756525
N500_plus_0.05pct,500,1.203211005746294,field_r50,current_last40_rule,11.945165636409032,0.9933550132524331,0.1,0.3,18,1.0,0.6275793664998167,0.6275793664998167,0.9970641267434276
N500_plus_0.05pct,500,1.203211005746294,field_r20,current_last40_rule,11.945165636409032,0.9933550132524331,0.1,0.3,18,1.0,0.591714297091094,0.591714297091094,0.9969419670735125
N500_plus_0.05pct,500,1.203211005746294,mean_r2_signed_R8,current_last40_rule,11.945165636409032,0.9933550132524331,0.1,0.3,18,1.0,-0.10071985015631618,-0.05035992507815809,0.8830269227501462
N500_plus_0.05pct,500,1.203211005746294,rms_signed_R4,current_last40_rule,11.945165636409032,0.9933550132524331,0.2,0.6,40,1.0,0.0021879138105988715,0.0021879138105988715,0.007640259195507593
N500_plus_0.05pct,500,1.203211005746294,rms_signed_R8,current_last40_rule,11.945165636409032,0.9933550132524331,0.2,0.6,40,1.0,0.025916805727872104,0.025916805727872104,0.7674752427241889
N500_plus_0.05pct,500,1.203211005746294,rms_signed_R12,current_last40_rule,11.945165636409032,0.9933550132524331,0.2,0.6,40,1.0,0.006703772144002129,0.006703772144002129,0.43600104016447083
N500_plus_0.05pct,500,1.203211005746294,rms_absrho_R8,current_last40_rule,11.945165636409032,0.9933550132524331,0.2,0.6,40,1.0,0.4577643198848314,0.4577643198848314,0.9880254174693157
N500_plus_0.05pct,500,1.203211005746294,rms_positive_rho_R8,current_last40_rule,11.945165636409032,0.9933550132524331,0.2,0.6,40,1.0,0.3180460756429116,0.3180460756429116,0.9830658480488109
N500_plus_0.05pct,500,1.203211005746294,rms_gradient_R8,current_last40_rule,11.945165636409032,0.9933550132524331,0.2,0.6,40,1.0,0.5271737131620445,0.5271737131620445,0.9996761093741269
N500_plus_0.05pct,500,1.203211005746294,field_r50,current_last40_rule,11.945165636409032,0.9933550132524331,0.2,0.6,40,1.0,0.5224137872047695,0.5224137872047695,0.9994200159868392
N500_plus_0.05pct,500,1.203211005746294,field_r20,current_last40_rule,11.945165636409032,0.9933550132524331,0.2,0.6,40,1.0,0.510049343633704,0.510049343633704,0.9998567596986744
N500_plus_0.05pct,500,1.203211005746294,mean_r2_signed_R8,current_last40_rule,11.945165636409032,0.9933550132524331,0.2,0.6,40,1.0,0.05183361145574421,0.025916805727872104,0.7674752427241882
N500_plus_0.05pct,500,1.203211005746294,rms_signed_R4,current_last40_rule,11.945165636409032,0.9933550132524331,0.4,1.0,60,1.0,0.08745098986642745,0.08745098986642745,0.9801647971766351
N500_plus_0.05pct,500,1.203211005746294,rms_signed_R8,current_last40_rule,11.945165636409032,0.9933550132524331,0.4,1.0,60,1.0,0.06912527565444093,0.06912527565444093,0.9942286608845434
N500_plus_0.05pct,500,1.203211005746294,rms_signed_R12,current_last40_rule,11.945165636409032,0.9933550132524331,0.4,1.0,60,1.0,0.029810134058859388,0.029810134058859388,0.9921363093191206
N500_plus_0.05pct,500,1.203211005746294,rms_absrho_R8,current_last40_rule,11.945165636409032,0.9933550132524331,0.4,1.0,60,1.0,0.28055143714237935,0.28055143714237935,0.989686864673217
N500_plus_0.05pct,500,1.203211005746294,rms_positive_rho_R8,current_last40_rule,11.945165636409032,0.9933550132524331,0.4,1.0,60,1.0,0.19199691765121724,0.19199691765121724,0.9919870460175347
N500_plus_0.05pct,500,1.203211005746294,rms_gradient_R8,current_last40_rule,11.945165636409032,0.9933550132524331,0.4,1.0,60,1.0,0.48956295335502964,0.48956295335502964,0.9995151013826149
N500_plus_0.05pct,500,1.203211005746294,field_r50,current_last40_rule,11.945165636409032,0.9933550132524331,0.4,1.0,60,1.0,0.5254054434233991,0.5254054434233991,0.9994144779509059
N500_plus_0.05pct,500,1.203211005746294,field_r20,current_last40_rule,11.945165636409032,0.9933550132524331,0.4,1.0,60,1.0,0.5941215112425434,0.5941215112425434,0.9955286989107132
N500_plus_0.05pct,500,1.203211005746294,mean_r2_signed_R8,current_last40_rule,11.945165636409032,0.9933550132524331,0.4,1.0,60,1.0,0.13825055130888186,0.06912527565444093,0.9942286608845433
N500_plus_0.05pct,500,1.203211005746294,rms_signed_R4,current_last40_rule,11.945165636409032,0.9933550132524331,0.8,1.6,80,1.0,0.07213866078520688,0.07213866078520688,0.908808325853508
N500_plus_0.05pct,500,1.203211005746294,rms_signed_R8,current_last40_rule,11.945165636409032,0.9933550132524331,0.8,1.6,80,1.0,0.07180341238490169,0.07180341238490169,0.994917388468921
N500_plus_0.05pct,500,1.203211005746294,rms_signed_R12,current_last40_rule,11.945165636409032,0.9933550132524331,0.8,1.6,80,1.0,0.0181582058166461,0.0181582058166461,0.8238085382097029
N500_plus_0.05pct,500,1.203211005746294,rms_absrho_R8,current_last40_rule,11.945165636409032,0.9933550132524331,0.8,1.6,80,1.0,0.17151829079685713,0.17151829079685713,0.9927108483363803
N500_plus_0.05pct,500,1.203211005746294,rms_positive_rho_R8,current_last40_rule,11.945165636409032,0.9933550132524331,0.8,1.6,80,1.0,0.12494910194477682,0.12494910194477682,0.9928723027480977
N500_plus_0.05pct,500,1.203211005746294,rms_gradient_R8,current_last40_rule,11.945165636409032,0.9933550132524331,0.8,1.6,80,1.0,0.36856336652815613,0.36856336652815613,0.9907557289057058
N500_plus_0.05pct,500,1.203211005746294,field_r50,current_last40_rule,11.945165636409032,0.9933550132524331,0.8,1.6,80,1.0,0.6333899715276557,0.6333899715276557,0.9989955265432462
N500_plus_0.05pct,500,1.203211005746294,field_r20,current_last40_rule,11.945165636409032,0.9933550132524331,0.8,1.6,80,1.0,0.5224254391171701,0.5224254391171701,0.9497735705069023
N500_plus_0.05pct,500,1.203211005746294,mean_r2_signed_R8,current_last40_rule,11.945165636409032,0.9933550132524331,0.8,1.6,80,1.0,0.14360682476980338,0.07180341238490169,0.994917388468921
N500_plus_0.05pct,500,1.203211005746294,rms_signed_R4,joint_powerlaw_20,11.877798668689804,0.9999736823894819,0.1,0.3,20,0.7892460845639434,-0.04521598051133751,-0.04521598051133751,0.9211716218446663
N500_plus_0.05pct,500,1.203211005746294,rms_signed_R8,joint_powerlaw_20,11.877798668689804,0.9999736823894819,0.1,0.3,20,0.7892460845639434,-0.008843506670059833,-0.008843506670059833,0.4905818728929122
N500_plus_0.05pct,500,1.203211005746294,rms_signed_R12,joint_powerlaw_20,11.877798668689804,0.9999736823894819,0.1,0.3,20,0.7892460845639434,-0.009922984638742647,-0.009922984638742647,0.8211701371361613
N500_plus_0.05pct,500,1.203211005746294,rms_absrho_R8,joint_powerlaw_20,11.877798668689804,0.9999736823894819,0.1,0.3,20,0.7892460845639434,0.42824081379890727,0.42824081379890727,0.9989197346706645
N500_plus_0.05pct,500,1.203211005746294,rms_positive_rho_R8,joint_powerlaw_20,11.877798668689804,0.9999736823894819,0.1,0.3,20,0.7892460845639434,0.31592292473043593,0.31592292473043593,0.9966475944240839
N500_plus_0.05pct,500,1.203211005746294,rms_gradient_R8,joint_powerlaw_20,11.877798668689804,0.9999736823894819,0.1,0.3,20,0.7892460845639434,0.4058433807621046,0.4058433807621046,0.9997966956062321
N500_plus_0.05pct,500,1.203211005746294,field_r50,joint_powerlaw_20,11.877798668689804,0.9999736823894819,0.1,0.3,20,0.7892460845639434,0.4107973672434036,0.4107973672434036,0.9999765158710235
N500_plus_0.05pct,500,1.203211005746294,field_r20,joint_powerlaw_20,11.877798668689804,0.9999736823894819,0.1,0.3,20,0.7892460845639434,0.38835528706222705,0.38835528706222705,0.999929621318939
N500_plus_0.05pct,500,1.203211005746294,mean_r2_signed_R8,joint_powerlaw_20,11.877798668689804,0.9999736823894819,0.1,0.3,20,0.7892460845639434,-0.017687013340119666,-0.008843506670059833,0.49058187289291655
N500_plus_0.05pct,500,1.203211005746294,rms_signed_R4,joint_powerlaw_20,11.877798668689804,0.9999736823894819,0.2,0.6,40,0.7892460845639434,0.028993449912615092,0.028993449912615092,0.7579616485403962
N500_plus_0.05pct,500,1.203211005746294,rms_signed_R8,joint_powerlaw_20,11.877798668689804,0.9999736823894819,0.2,0.6,40,0.7892460845639434,0.0369451508695484,0.0369451508695484,0.9425538316786893
N500_plus_0.05pct,500,1.203211005746294,rms_signed_R12,joint_powerlaw_20,11.877798668689804,0.9999736823894819,0.2,0.6,40,0.7892460845639434,0.01377083383076584,0.01377083383076584,0.8913142013755914
N500_plus_0.05pct,500,1.203211005746294,rms_absrho_R8,joint_powerlaw_20,11.877798668689804,0.9999736823894819,0.2,0.6,40,0.7892460845639434,0.3301519564231839,0.3301519564231839,0.9945616398711105
N500_plus_0.05pct,500,1.203211005746294,rms_positive_rho_R8,joint_powerlaw_20,11.877798668689804,0.9999736823894819,0.2,0.6,40,0.7892460845639434,0.2236648543251396,0.2236648543251396,0.9935259340514909
N500_plus_0.05pct,500,1.203211005746294,rms_gradient_R8,joint_powerlaw_20,11.877798668689804,0.9999736823894819,0.2,0.6,40,0.7892460845639434,0.43353556981802016,0.43353556981802016,0.9998686936366392
N500_plus_0.05pct,500,1.203211005746294,field_r50,joint_powerlaw_20,11.877798668689804,0.9999736823894819,0.2,0.6,40,0.7892460845639434,0.42871410967269713,0.42871410967269713,0.9997424925475213
N500_plus_0.05pct,500,1.203211005746294,field_r20,joint_powerlaw_20,11.877798668689804,0.9999736823894819,0.2,0.6,40,0.7892460845639434,0.4309564193868981,0.4309564193868981,0.9984360696631842
N500_plus_0.05pct,500,1.203211005746294,mean_r2_signed_R8,joint_powerlaw_20,11.877798668689804,0.9999736823894819,0.2,0.6,40,0.7892460845639434,0.07389030173909626,0.03694515086954813,0.9425538316786883
N500_plus_0.05pct,500,1.203211005746294,rms_signed_R4,joint_powerlaw_20,11.877798668689804,0.9999736823894819,0.4,1.0,60,0.7892460845639434,0.08826638421041022,0.08826638421041022,0.9906954218899177
N500_plus_0.05pct,500,1.203211005746294,rms_signed_R8,joint_powerlaw_20,11.877798668689804,0.9999736823894819,0.4,1.0,60,0.7892460845639434,0.06651597435226324,0.06651597435226324,0.9966801954949074
N500_plus_0.05pct,500,1.203211005746294,rms_signed_R12,joint_powerlaw_20,11.877798668689804,0.9999736823894819,0.4,1.0,60,0.7892460845639434,0.02875719011439928,0.02875719011439928,0.9969370523745302
N500_plus_0.05pct,500,1.203211005746294,rms_absrho_R8,joint_powerlaw_20,11.877798668689804,0.9999736823894819,0.4,1.0,60,0.7892460845639434,0.23097884283837447,0.23097884283837447,0.993749070518705
N500_plus_0.05pct,500,1.203211005746294,rms_positive_rho_R8,joint_powerlaw_20,11.877798668689804,0.9999736823894819,0.4,1.0,60,0.7892460845639434,0.15996671339972512,0.15996671339972512,0.9957519450213641
N500_plus_0.05pct,500,1.203211005746294,rms_gradient_R8,joint_powerlaw_20,11.877798668689804,0.9999736823894819,0.4,1.0,60,0.7892460845639434,0.4333666794730414,0.4333666794730414,0.99972683347292
N500_plus_0.05pct,500,1.203211005746294,field_r50,joint_powerlaw_20,11.877798668689804,0.9999736823894819,0.4,1.0,60,0.7892460845639434,0.4866741890303162,0.4866741890303162,0.9983953399368776
N500_plus_0.05pct,500,1.203211005746294,field_r20,joint_powerlaw_20,11.877798668689804,0.9999736823894819,0.4,1.0,60,0.7892460845639434,0.5697815456374938,0.5697815456374938,0.9941063386135585
N500_plus_0.05pct,500,1.203211005746294,mean_r2_signed_R8,joint_powerlaw_20,11.877798668689804,0.9999736823894819,0.4,1.0,60,0.7892460845639434,0.13303194870452648,0.06651597435226324,0.9966801954949073
N500_plus_0.05pct,500,1.203211005746294,rms_signed_R4,joint_powerlaw_20,11.877798668689804,0.9999736823894819,0.8,1.6,80,0.7892460845639434,0.052572414793564295,0.052572414793564295,0.8015671322099965
N500_plus_0.05pct,500,1.203211005746294,rms_signed_R8,joint_powerlaw_20,11.877798668689804,0.9999736823894819,0.8,1.6,80,0.7892460845639434,0.06409893158832165,0.06409893158832165,0.9904952704078526
N500_plus_0.05pct,500,1.203211005746294,rms_signed_R12,joint_powerlaw_20,11.877798668689804,0.9999736823894819,0.8,1.6,80,0.7892460845639434,0.01128991892516487,0.01128991892516487,0.5748102685059695
N500_plus_0.05pct,500,1.203211005746294,rms_absrho_R8,joint_powerlaw_20,11.877798668689804,0.9999736823894819,0.8,1.6,80,0.7892460845639434,0.15201635846175152,0.15201635846175152,0.9925429914202647
N500_plus_0.05pct,500,1.203211005746294,rms_positive_rho_R8,joint_powerlaw_20,11.877798668689804,0.9999736823894819,0.8,1.6,80,0.7892460845639434,0.11065655097196725,0.11065655097196725,0.9915510012894744
N500_plus_0.05pct,500,1.203211005746294,rms_gradient_R8,joint_powerlaw_20,11.877798668689804,0.9999736823894819,0.8,1.6,80,0.7892460845639434,0.32447572971621064,0.32447572971621064,0.9889877038447413
N500_plus_0.05pct,500,1.203211005746294,field_r50,joint_powerlaw_20,11.877798668689804,0.9999736823894819,0.8,1.6,80,0.7892460845639434,0.6075932123161506,0.6075932123161506,0.9992208996574746
N500_plus_0.05pct,500,1.203211005746294,field_r20,joint_powerlaw_20,11.877798668689804,0.9999736823894819,0.8,1.6,80,0.7892460845639434,0.42225700608135547,0.42225700608135547,0.9219388061425868
N500_plus_0.05pct,500,1.203211005746294,mean_r2_signed_R8,joint_powerlaw_20,11.877798668689804,0.9999736823894819,0.8,1.6,80,0.7892460845639434,0.1281978631766433,0.06409893158832165,0.9904952704078525
N500_plus_0.05pct,500,1.203211005746294,rms_signed_R4,joint_powerlaw_40,11.86842968830647,0.9998009648768561,0.1,0.3,20,0.7230238091782593,-0.03783616626134,-0.03783616626134,0.9085666381780111
N500_plus_0.05pct,500,1.203211005746294,rms_signed_R8,joint_powerlaw_40,11.86842968830647,0.9998009648768561,0.1,0.3,20,0.7230238091782593,-0.00489653935007644,-0.00489653935007644,0.26247239569653746
N500_plus_0.05pct,500,1.203211005746294,rms_signed_R12,joint_powerlaw_40,11.86842968830647,0.9998009648768561,0.1,0.3,20,0.7230238091782593,-0.007624495586298845,-0.007624495586298845,0.7695583699156818
N500_plus_0.05pct,500,1.203211005746294,rms_absrho_R8,joint_powerlaw_40,11.86842968830647,0.9998009648768561,0.1,0.3,20,0.7230238091782593,0.40165435546493716,0.40165435546493716,0.999244420442695
N500_plus_0.05pct,500,1.203211005746294,rms_positive_rho_R8,joint_powerlaw_40,11.86842968830647,0.9998009648768561,0.1,0.3,20,0.7230238091782593,0.29318157119609345,0.29318157119609345,0.9974379407150232
N500_plus_0.05pct,500,1.203211005746294,rms_gradient_R8,joint_powerlaw_40,11.86842968830647,0.9998009648768561,0.1,0.3,20,0.7230238091782593,0.38800017698470163,0.38800017698470163,0.9995865818744872
N500_plus_0.05pct,500,1.203211005746294,field_r50,joint_powerlaw_40,11.86842968830647,0.9998009648768561,0.1,0.3,20,0.7230238091782593,0.39125651478206286,0.39125651478206286,0.9998713050192923
N500_plus_0.05pct,500,1.203211005746294,field_r20,joint_powerlaw_40,11.86842968830647,0.9998009648768561,0.1,0.3,20,0.7230238091782593,0.37040875055294675,0.37040875055294675,0.9997605317644904
N500_plus_0.05pct,500,1.203211005746294,mean_r2_signed_R8,joint_powerlaw_40,11.86842968830647,0.9998009648768561,0.1,0.3,20,0.7230238091782593,-0.009793078700153128,-0.004896539350076564,0.2624723956965449
N500_plus_0.05pct,500,1.203211005746294,rms_signed_R4,joint_powerlaw_40,11.86842968830647,0.9998009648768561,0.2,0.6,40,0.7230238091782593,0.03155875461991121,0.03155875461991121,0.8032988822004485
N500_plus_0.05pct,500,1.203211005746294,rms_signed_R8,joint_powerlaw_40,11.86842968830647,0.9998009648768561,0.2,0.6,40,0.7230238091782593,0.037852552858144456,0.037852552858144456,0.9502620065748427
N500_plus_0.05pct,500,1.203211005746294,rms_signed_R12,joint_powerlaw_40,11.86842968830647,0.9998009648768561,0.2,0.6,40,0.7230238091782593,0.014393034671390591,0.014393034671390591,0.9088503502160405
N500_plus_0.05pct,500,1.203211005746294,rms_absrho_R8,joint_powerlaw_40,11.86842968830647,0.9998009648768561,0.2,0.6,40,0.7230238091782593,0.31676209540292355,0.31676209540292355,0.9951457531839294
N500_plus_0.05pct,500,1.203211005746294,rms_positive_rho_R8,joint_powerlaw_40,11.86842968830647,0.9998009648768561,0.2,0.6,40,0.7230238091782593,0.214204070643673,0.214204070643673,0.9943979809166592
N500_plus_0.05pct,500,1.203211005746294,rms_gradient_R8,joint_powerlaw_40,11.86842968830647,0.9998009648768561,0.2,0.6,40,0.7230238091782593,0.4233693697505514,0.4233693697505514,0.9997947592100835
N500_plus_0.05pct,500,1.203211005746294,field_r50,joint_powerlaw_40,11.86842968830647,0.9998009648768561,0.2,0.6,40,0.7230238091782593,0.4190085693216966,0.4190085693216966,0.9995945138624288
N500_plus_0.05pct,500,1.203211005746294,field_r20,joint_powerlaw_40,11.86842968830647,0.9998009648768561,0.2,0.6,40,0.7230238091782593,0.4231729517598277,0.4231729517598277,0.9980488464907222
N500_plus_0.05pct,500,1.203211005746294,mean_r2_signed_R8,joint_powerlaw_40,11.86842968830647,0.9998009648768561,0.2,0.6,40,0.7230238091782593,0.07570510571628891,0.037852552858144456,0.9502620065748425
N500_plus_0.05pct,500,1.203211005746294,rms_signed_R4,joint_powerlaw_40,11.86842968830647,0.9998009648768561,0.4,1.0,60,0.7230238091782593,0.08811901950457607,0.08811901950457607,0.9916696101373518
N500_plus_0.05pct,500,1.203211005746294,rms_signed_R8,joint_powerlaw_40,11.86842968830647,0.9998009648768561,0.4,1.0,60,0.7230238091782593,0.06608744086026175,0.06608744086026175,0.9969032615956203
N500_plus_0.05pct,500,1.203211005746294,rms_signed_R12,joint_powerlaw_40,11.86842968830647,0.9998009648768561,0.4,1.0,60,0.7230238091782593,0.028544860142097162,0.028544860142097162,0.9973473088200218
N500_plus_0.05pct,500,1.203211005746294,rms_absrho_R8,joint_powerlaw_40,11.86842968830647,0.9998009648768561,0.4,1.0,60,0.7230238091782593,0.2251607815441108,0.2251607815441108,0.9941916942685892
N500_plus_0.05pct,500,1.203211005746294,rms_positive_rho_R8,joint_powerlaw_40,11.86842968830647,0.9998009648768561,0.4,1.0,60,0.7230238091782593,0.1562260950625864,0.1562260950625864,0.996126646508644
N500_plus_0.05pct,500,1.203211005746294,rms_gradient_R8,joint_powerlaw_40,11.86842968830647,0.9998009648768561,0.4,1.0,60,0.7230238091782593,0.42628285664042553,0.42628285664042553,0.9997410827404801
N500_plus_0.05pct,500,1.203211005746294,field_r50,joint_powerlaw_40,11.86842968830647,0.9998009648768561,0.4,1.0,60,0.7230238091782593,0.482193357186699,0.482193357186699,0.9982398795740246
N500_plus_0.05pct,500,1.203211005746294,field_r20,joint_powerlaw_40,11.86842968830647,0.9998009648768561,0.4,1.0,60,0.7230238091782593,0.566916694796392,0.566916694796392,0.9940435832774638
N500_plus_0.05pct,500,1.203211005746294,mean_r2_signed_R8,joint_powerlaw_40,11.86842968830647,0.9998009648768561,0.4,1.0,60,0.7230238091782593,0.1321748817205235,0.06608744086026175,0.9969032615956203
N500_plus_0.05pct,500,1.203211005746294,rms_signed_R4,joint_powerlaw_40,11.86842968830647,0.9998009648768561,0.8,1.6,80,0.7230238091782593,0.04969424236137166,0.04969424236137166,0.7771693454476853
N500_plus_0.05pct,500,1.203211005746294,rms_signed_R8,joint_powerlaw_40,11.86842968830647,0.9998009648768561,0.8,1.6,80,0.7230238091782593,0.06298518643808707,0.06298518643808707,0.9895880558473927
N500_plus_0.05pct,500,1.203211005746294,rms_signed_R12,joint_powerlaw_40,11.86842968830647,0.9998009648768561,0.8,1.6,80,0.7230238091782593,0.010270123253848849,0.010270123253848849,0.5180366560774521
N500_plus_0.05pct,500,1.203211005746294,rms_absrho_R8,joint_powerlaw_40,11.86842968830647,0.9998009648768561,0.8,1.6,80,0.7230238091782593,0.14944585252251524,0.14944585252251524,0.9924396128807916
N500_plus_0.05pct,500,1.203211005746294,rms_positive_rho_R8,joint_powerlaw_40,11.86842968830647,0.9998009648768561,0.8,1.6,80,0.7230238091782593,0.10873261699011065,0.10873261699011065,0.9912444435440941
N500_plus_0.05pct,500,1.203211005746294,rms_gradient_R8,joint_powerlaw_40,11.86842968830647,0.9998009648768561,0.8,1.6,80,0.7230238091782593,0.31853738494784545,0.31853738494784545,0.9886815578576185
N500_plus_0.05pct,500,1.203211005746294,field_r50,joint_powerlaw_40,11.86842968830647,0.9998009648768561,0.8,1.6,80,0.7230238091782593,0.6038826437923033,0.6038826437923033,0.999260960837622
N500_plus_0.05pct,500,1.203211005746294,field_r20,joint_powerlaw_40,11.86842968830647,0.9998009648768561,0.8,1.6,80,0.7230238091782593,0.4081492964544636,0.4081492964544636,0.9174273416027489
N500_plus_0.05pct,500,1.203211005746294,mean_r2_signed_R8,joint_powerlaw_40,11.86842968830647,0.9998009648768561,0.8,1.6,80,0.7230238091782593,0.12597037287617413,0.06298518643808707,0.9895880558473927
N500_plus_0.05pct,500,1.203211005746294,rms_signed_R4,joint_powerlaw_80,11.866430138471921,0.9997316859612689,0.1,0.3,20,0.7102390914621177,-0.03743189361461493,-0.03743189361461493,0.9094636380896662
N500_plus_0.05pct,500,1.203211005746294,rms_signed_R8,joint_powerlaw_80,11.866430138471921,0.9997316859612689,0.1,0.3,20,0.7102390914621177,-0.0048545234948992365,-0.0048545234948992365,0.26385028077683426
N500_plus_0.05pct,500,1.203211005746294,rms_signed_R12,joint_powerlaw_80,11.866430138471921,0.9997316859612689,0.1,0.3,20,0.7102390914621177,-0.007545755302558369,-0.007545755302558369,0.7708750244562794
N500_plus_0.05pct,500,1.203211005746294,rms_absrho_R8,joint_powerlaw_80,11.866430138471921,0.9997316859612689,0.1,0.3,20,0.7102390914621177,0.39718284854008795,0.39718284854008795,0.9993254586275429
N500_plus_0.05pct,500,1.203211005746294,rms_positive_rho_R8,joint_powerlaw_80,11.866430138471921,0.9997316859612689,0.1,0.3,20,0.7102390914621177,0.28992846523718224,0.28992846523718224,0.99759317650665
N500_plus_0.05pct,500,1.203211005746294,rms_gradient_R8,joint_powerlaw_80,11.866430138471921,0.9997316859612689,0.1,0.3,20,0.7102390914621177,0.38365237252043505,0.38365237252043505,0.9995201538903126
N500_plus_0.05pct,500,1.203211005746294,field_r50,joint_powerlaw_80,11.866430138471921,0.9997316859612689,0.1,0.3,20,0.7102390914621177,0.3868776783360162,0.3868776783360162,0.9998330661852731
N500_plus_0.05pct,500,1.203211005746294,field_r20,joint_powerlaw_80,11.866430138471921,0.9997316859612689,0.1,0.3,20,0.7102390914621177,0.3662609510450512,0.3662609510450512,0.9997098202157868
N500_plus_0.05pct,500,1.203211005746294,mean_r2_signed_R8,joint_powerlaw_80,11.866430138471921,0.9997316859612689,0.1,0.3,20,0.7102390914621177,-0.009709046989798688,-0.004854523494899344,0.2638502807768398
N500_plus_0.05pct,500,1.203211005746294,rms_signed_R4,joint_powerlaw_80,11.866430138471921,0.9997316859612689,0.2,0.6,40,0.7102390914621177,0.031367938193793174,0.031367938193793174,0.8026597355133576
N500_plus_0.05pct,500,1.203211005746294,rms_signed_R8,joint_powerlaw_80,11.866430138471921,0.9997316859612689,0.2,0.6,40,0.7102390914621177,0.037631706830526274,0.037631706830526274,0.9499110309319057
N500_plus_0.05pct,500,1.203211005746294,rms_signed_R12,joint_powerlaw_80,11.866430138471921,0.9997316859612689,0.2,0.6,40,0.7102390914621177,0.01430804854644071,0.01430804854644071,0.9083861979724748
N500_plus_0.05pct,500,1.203211005746294,rms_absrho_R8,joint_powerlaw_80,11.866430138471921,0.9997316859612689,0.2,0.6,40,0.7102390914621177,0.3149896777710114,0.3149896777710114,0.9952564597139683
N500_plus_0.05pct,500,1.203211005746294,rms_positive_rho_R8,joint_powerlaw_80,11.866430138471921,0.9997316859612689,0.2,0.6,40,0.7102390914621177,0.21300647235739695,0.21300647235739695,0.9945176051105921
N500_plus_0.05pct,500,1.203211005746294,rms_gradient_R8,joint_powerlaw_80,11.866430138471921,0.9997316859612689,0.2,0.6,40,0.7102390914621177,0.4209720230243105,0.4209720230243105,0.9997710055661078
N500_plus_0.05pct,500,1.203211005746294,field_r50,joint_powerlaw_80,11.866430138471921,0.9997316859612689,0.2,0.6,40,0.7102390914621177,0.4166341789639838,0.4166341789639838,0.999562431096425
N500_plus_0.05pct,500,1.203211005746294,field_r20,joint_powerlaw_80,11.866430138471921,0.9997316859612689,0.2,0.6,40,0.7102390914621177,0.4207671362286725,0.4207671362286725,0.9979796850448932
N500_plus_0.05pct,500,1.203211005746294,mean_r2_signed_R8,joint_powerlaw_80,11.866430138471921,0.9997316859612689,0.2,0.6,40,0.7102390914621177,0.07526341366105287,0.03763170683052643,0.949911030931905
N500_plus_0.05pct,500,1.203211005746294,rms_signed_R4,joint_powerlaw_80,11.866430138471921,0.9997316859612689,0.4,1.0,60,0.7102390914621177,0.08784105017457489,0.08784105017457489,0.9916029920312545
N500_plus_0.05pct,500,1.203211005746294,rms_signed_R8,joint_powerlaw_80,11.866430138471921,0.9997316859612689,0.4,1.0,60,0.7102390914621177,0.06587982318833313,0.06587982318833313,0.9968621234440814
N500_plus_0.05pct,500,1.203211005746294,rms_signed_R12,joint_powerlaw_80,11.866430138471921,0.9997316859612689,0.4,1.0,60,0.7102390914621177,0.028455271705114433,0.028455271705114433,0.9973122478641766
N500_plus_0.05pct,500,1.203211005746294,rms_absrho_R8,joint_powerlaw_80,11.866430138471921,0.9997316859612689,0.4,1.0,60,0.7102390914621177,0.22446441301604717,0.22446441301604717,0.9942480032361158
N500_plus_0.05pct,500,1.203211005746294,rms_positive_rho_R8,joint_powerlaw_80,11.866430138471921,0.9997316859612689,0.4,1.0,60,0.7102390914621177,0.1557421117752316,0.1557421117752316,0.9961726610466295
N500_plus_0.05pct,500,1.203211005746294,rms_gradient_R8,joint_powerlaw_80,11.866430138471921,0.9997316859612689,0.4,1.0,60,0.7102390914621177,0.4249546158226372,0.4249546158226372,0.9997513603342179
N500_plus_0.05pct,500,1.203211005746294,field_r50,joint_powerlaw_80,11.866430138471921,0.9997316859612689,0.4,1.0,60,0.7102390914621177,0.48068105070556016,0.48068105070556016,0.9982092064276118
N500_plus_0.05pct,500,1.203211005746294,field_r20,joint_powerlaw_80,11.866430138471921,0.9997316859612689,0.4,1.0,60,0.7102390914621177,0.5651312292554954,0.5651312292554954,0.993986864775686
N500_plus_0.05pct,500,1.203211005746294,mean_r2_signed_R8,joint_powerlaw_80,11.866430138471921,0.9997316859612689,0.4,1.0,60,0.7102390914621177,0.13175964637666626,0.06587982318833313,0.9968621234440813
N500_plus_0.05pct,500,1.203211005746294,rms_signed_R4,joint_powerlaw_80,11.866430138471921,0.9997316859612689,0.8,1.6,80,0.7102390914621177,0.04961104697539444,0.04961104697539444,0.7772947815396019
N500_plus_0.05pct,500,1.203211005746294,rms_signed_R8,joint_powerlaw_80,11.866430138471921,0.9997316859612689,0.8,1.6,80,0.7102390914621177,0.06287559792192535,0.06287559792192535,0.9896173830309615
N500_plus_0.05pct,500,1.203211005746294,rms_signed_R12,joint_powerlaw_80,11.866430138471921,0.9997316859612689,0.8,1.6,80,0.7102390914621177,0.010253586821341629,0.010253586821341629,0.5181866964216664
N500_plus_0.05pct,500,1.203211005746294,rms_absrho_R8,joint_powerlaw_80,11.866430138471921,0.9997316859612689,0.8,1.6,80,0.7102390914621177,0.1491856421374217,0.1491856421374217,0.9924665212690751
N500_plus_0.05pct,500,1.203211005746294,rms_positive_rho_R8,joint_powerlaw_80,11.866430138471921,0.9997316859612689,0.8,1.6,80,0.7102390914621177,0.10854338838900156,0.10854338838900156,0.991273021601979
N500_plus_0.05pct,500,1.203211005746294,rms_gradient_R8,joint_powerlaw_80,11.866430138471921,0.9997316859612689,0.8,1.6,80,0.7102390914621177,0.3179837134080191,0.3179837134080191,0.988714307293213
N500_plus_0.05pct,500,1.203211005746294,field_r50,joint_powerlaw_80,11.866430138471921,0.9997316859612689,0.8,1.6,80,0.7102390914621177,0.602820663112623,0.602820663112623,0.999253179517043
N500_plus_0.05pct,500,1.203211005746294,field_r20,joint_powerlaw_80,11.866430138471921,0.9997316859612689,0.8,1.6,80,0.7102390914621177,0.40745212201357095,0.40745212201357095,0.9175129343383135
N500_plus_0.05pct,500,1.203211005746294,mean_r2_signed_R8,joint_powerlaw_80,11.866430138471921,0.9997316859612689,0.8,1.6,80,0.7102390914621177,0.12575119584385158,0.06287559792192579,0.9896173830309616
N500_plus_0.1pct,500,1.2038123105967418,rms_signed_R4,field_2_4,11.879926541108823,0.9967722065146246,0.1,0.3,0,1.0,nan,nan,nan
N500_plus_0.1pct,500,1.2038123105967418,rms_signed_R8,field_2_4,11.879926541108823,0.9967722065146246,0.1,0.3,0,1.0,nan,nan,nan
N500_plus_0.1pct,500,1.2038123105967418,rms_signed_R12,field_2_4,11.879926541108823,0.9967722065146246,0.1,0.3,0,1.0,nan,nan,nan
N500_plus_0.1pct,500,1.2038123105967418,rms_absrho_R8,field_2_4,11.879926541108823,0.9967722065146246,0.1,0.3,0,1.0,nan,nan,nan
N500_plus_0.1pct,500,1.2038123105967418,rms_positive_rho_R8,field_2_4,11.879926541108823,0.9967722065146246,0.1,0.3,0,1.0,nan,nan,nan
N500_plus_0.1pct,500,1.2038123105967418,rms_gradient_R8,field_2_4,11.879926541108823,0.9967722065146246,0.1,0.3,0,1.0,nan,nan,nan
N500_plus_0.1pct,500,1.2038123105967418,field_r50,field_2_4,11.879926541108823,0.9967722065146246,0.1,0.3,0,1.0,nan,nan,nan
N500_plus_0.1pct,500,1.2038123105967418,field_r20,field_2_4,11.879926541108823,0.9967722065146246,0.1,0.3,0,1.0,nan,nan,nan
N500_plus_0.1pct,500,1.2038123105967418,mean_r2_signed_R8,field_2_4,11.879926541108823,0.9967722065146246,0.1,0.3,0,1.0,nan,nan,nan
N500_plus_0.1pct,500,1.2038123105967418,rms_signed_R4,field_2_4,11.879926541108823,0.9967722065146246,0.2,0.6,18,1.0,-0.39523588162742895,-0.39523588162742895,0.9419061454718184
N500_plus_0.1pct,500,1.2038123105967418,rms_signed_R8,field_2_4,11.879926541108823,0.9967722065146246,0.2,0.6,18,1.0,-0.2091810803862795,-0.2091810803862795,0.9241025222020085
N500_plus_0.1pct,500,1.2038123105967418,rms_signed_R12,field_2_4,11.879926541108823,0.9967722065146246,0.2,0.6,18,1.0,-0.14291086222324703,-0.14291086222324703,0.9330095085165977
N500_plus_0.1pct,500,1.2038123105967418,rms_absrho_R8,field_2_4,11.879926541108823,0.9967722065146246,0.2,0.6,18,1.0,1.763658001899984,1.763658001899984,0.9775950443883548
N500_plus_0.1pct,500,1.2038123105967418,rms_positive_rho_R8,field_2_4,11.879926541108823,0.9967722065146246,0.2,0.6,18,1.0,1.4010815280308806,1.4010815280308806,0.9662111100238623
N500_plus_0.1pct,500,1.2038123105967418,rms_gradient_R8,field_2_4,11.879926541108823,0.9967722065146246,0.2,0.6,18,1.0,1.5714181453491602,1.5714181453491602,0.9863082542885473
N500_plus_0.1pct,500,1.2038123105967418,field_r50,field_2_4,11.879926541108823,0.9967722065146246,0.2,0.6,18,1.0,1.6260016258230656,1.6260016258230656,0.9852661104224776
N500_plus_0.1pct,500,1.2038123105967418,field_r20,field_2_4,11.879926541108823,0.9967722065146246,0.2,0.6,18,1.0,1.5697616549701439,1.5697616549701439,0.9859213346774535
N500_plus_0.1pct,500,1.2038123105967418,mean_r2_signed_R8,field_2_4,11.879926541108823,0.9967722065146246,0.2,0.6,18,1.0,-0.418362160772559,-0.2091810803862795,0.9241025222020085
N500_plus_0.1pct,500,1.2038123105967418,rms_signed_R4,field_2_4,11.879926541108823,0.9967722065146246,0.4,1.0,58,1.0,-0.11807538562150913,-0.11807538562150913,0.6385419389665117
N500_plus_0.1pct,500,1.2038123105967418,rms_signed_R8,field_2_4,11.879926541108823,0.9967722065146246,0.4,1.0,58,1.0,-0.05015385459878447,-0.05015385459878447,0.49706325741022583
N500_plus_0.1pct,500,1.2038123105967418,rms_signed_R12,field_2_4,11.879926541108823,0.9967722065146246,0.4,1.0,58,1.0,-0.04403144125783728,-0.04403144125783728,0.6684496423647943
N500_plus_0.1pct,500,1.2038123105967418,rms_absrho_R8,field_2_4,11.879926541108823,0.9967722065146246,0.4,1.0,58,1.0,0.9352348487216939,0.9352348487216939,0.9199280580759523
N500_plus_0.1pct,500,1.2038123105967418,rms_positive_rho_R8,field_2_4,11.879926541108823,0.9967722065146246,0.4,1.0,58,1.0,0.6638939224857896,0.6638939224857896,0.8858331303327973
N500_plus_0.1pct,500,1.2038123105967418,rms_gradient_R8,field_2_4,11.879926541108823,0.9967722065146246,0.4,1.0,58,1.0,1.0143777145985158,1.0143777145985158,0.9669601829160255
N500_plus_0.1pct,500,1.2038123105967418,field_r50,field_2_4,11.879926541108823,0.9967722065146246,0.4,1.0,58,1.0,1.0801260841485465,1.0801260841485465,0.9744194935739058
N500_plus_0.1pct,500,1.2038123105967418,field_r20,field_2_4,11.879926541108823,0.9967722065146246,0.4,1.0,58,1.0,1.1084424632667567,1.1084424632667567,0.983926816365808
N500_plus_0.1pct,500,1.2038123105967418,mean_r2_signed_R8,field_2_4,11.879926541108823,0.9967722065146246,0.4,1.0,58,1.0,-0.10030770919756894,-0.05015385459878447,0.49706325741022606
N500_plus_0.1pct,500,1.2038123105967418,rms_signed_R4,field_2_4,11.879926541108823,0.9967722065146246,0.8,1.6,80,1.0,-0.005499665905522999,-0.005499665905522999,0.055825092698156165
N500_plus_0.1pct,500,1.2038123105967418,rms_signed_R8,field_2_4,11.879926541108823,0.9967722065146246,0.8,1.6,80,1.0,0.031012488445644103,0.031012488445644103,0.9849919195177362
N500_plus_0.1pct,500,1.2038123105967418,rms_signed_R12,field_2_4,11.879926541108823,0.9967722065146246,0.8,1.6,80,1.0,-0.010310279404132837,-0.010310279404132837,0.6114907353604008
N500_plus_0.1pct,500,1.2038123105967418,rms_absrho_R8,field_2_4,11.879926541108823,0.9967722065146246,0.8,1.6,80,1.0,0.2605127724136869,0.2605127724136869,0.9649018675605194
N500_plus_0.1pct,500,1.2038123105967418,rms_positive_rho_R8,field_2_4,11.879926541108823,0.9967722065146246,0.8,1.6,80,1.0,0.1587279040325751,0.1587279040325751,0.9624492395225688
N500_plus_0.1pct,500,1.2038123105967418,rms_gradient_R8,field_2_4,11.879926541108823,0.9967722065146246,0.8,1.6,80,1.0,0.44522573998075554,0.44522573998075554,0.9753837401301849
N500_plus_0.1pct,500,1.2038123105967418,field_r50,field_2_4,11.879926541108823,0.9967722065146246,0.8,1.6,80,1.0,0.7512776648298534,0.7512776648298534,0.9994777296187305
N500_plus_0.1pct,500,1.2038123105967418,field_r20,field_2_4,11.879926541108823,0.9967722065146246,0.8,1.6,80,1.0,0.5737077429746539,0.5737077429746539,0.923591069109592
N500_plus_0.1pct,500,1.2038123105967418,mean_r2_signed_R8,field_2_4,11.879926541108823,0.9967722065146246,0.8,1.6,80,1.0,0.062024976891288205,0.031012488445644103,0.9849919195177363
N500_plus_0.1pct,500,1.2038123105967418,rms_signed_R4,field_4_8,11.601807843322174,0.9978852444460699,0.1,0.3,15,1.0,-0.19580288152442796,-0.19580288152442796,0.974904000605472
N500_plus_0.1pct,500,1.2038123105967418,rms_signed_R8,field_4_8,11.601807843322174,0.9978852444460699,0.1,0.3,15,1.0,-0.1054607114686974,-0.1054607114686974,0.9648550282155963
N500_plus_0.1pct,500,1.2038123105967418,rms_signed_R12,field_4_8,11.601807843322174,0.9978852444460699,0.1,0.3,15,1.0,-0.07139165129544144,-0.07139165129544144,0.9694664779332347
N500_plus_0.1pct,500,1.2038123105967418,rms_absrho_R8,field_4_8,11.601807843322174,0.9978852444460699,0.1,0.3,15,1.0,0.8317539864034932,0.8317539864034932,0.9929674388041987
N500_plus_0.1pct,500,1.2038123105967418,rms_positive_rho_R8,field_4_8,11.601807843322174,0.9978852444460699,0.1,0.3,15,1.0,0.6723910499259594,0.6723910499259594,0.9870152586820237
N500_plus_0.1pct,500,1.2038123105967418,rms_gradient_R8,field_4_8,11.601807843322174,0.9978852444460699,0.1,0.3,15,1.0,0.7273719163034973,0.7273719163034973,0.9966662753567096
N500_plus_0.1pct,500,1.2038123105967418,field_r50,field_4_8,11.601807843322174,0.9978852444460699,0.1,0.3,15,1.0,0.7542324046521378,0.7542324046521378,0.9961616850670336
N500_plus_0.1pct,500,1.2038123105967418,field_r20,field_4_8,11.601807843322174,0.9978852444460699,0.1,0.3,15,1.0,0.7266629470819542,0.7266629470819542,0.9963318925986784
N500_plus_0.1pct,500,1.2038123105967418,mean_r2_signed_R8,field_4_8,11.601807843322174,0.9978852444460699,0.1,0.3,15,1.0,-0.21092142293739422,-0.10546071146869711,0.9648550282155965
N500_plus_0.1pct,500,1.2038123105967418,rms_signed_R4,field_4_8,11.601807843322174,0.9978852444460699,0.2,0.6,40,1.0,-0.06176668028650866,-0.06176668028650866,0.8194493642044747
N500_plus_0.1pct,500,1.2038123105967418,rms_signed_R8,field_4_8,11.601807843322174,0.9978852444460699,0.2,0.6,40,1.0,-0.024815242225512034,-0.024815242225512034,0.6940868493046992
N500_plus_0.1pct,500,1.2038123105967418,rms_signed_R12,field_4_8,11.601807843322174,0.9978852444460699,0.2,0.6,40,1.0,-0.02214813561102261,-0.02214813561102261,0.8413972109519062
N500_plus_0.1pct,500,1.2038123105967418,rms_absrho_R8,field_4_8,11.601807843322174,0.9978852444460699,0.2,0.6,40,1.0,0.5236244087487952,0.5236244087487952,0.981794687086628
N500_plus_0.1pct,500,1.2038123105967418,rms_positive_rho_R8,field_4_8,11.601807843322174,0.9978852444460699,0.2,0.6,40,1.0,0.36309597154220036,0.36309597154220036,0.9693298117709884
N500_plus_0.1pct,500,1.2038123105967418,rms_gradient_R8,field_4_8,11.601807843322174,0.9978852444460699,0.2,0.6,40,1.0,0.5702315745233151,0.5702315745233151,0.9966277817543964
N500_plus_0.1pct,500,1.2038123105967418,field_r50,field_4_8,11.601807843322174,0.9978852444460699,0.2,0.6,40,1.0,0.597290711223831,0.597290711223831,0.9979855992642958
N500_plus_0.1pct,500,1.2038123105967418,field_r20,field_4_8,11.601807843322174,0.9978852444460699,0.2,0.6,40,1.0,0.6060881739078379,0.6060881739078379,0.9994570446401096
N500_plus_0.1pct,500,1.2038123105967418,mean_r2_signed_R8,field_4_8,11.601807843322174,0.9978852444460699,0.2,0.6,40,1.0,-0.04963048445102439,-0.024815242225512193,0.6940868493047007
N500_plus_0.1pct,500,1.2038123105967418,rms_signed_R4,field_4_8,11.601807843322174,0.9978852444460699,0.4,1.0,60,1.0,0.011942476094087414,0.011942476094087414,0.8275990935566128
N500_plus_0.1pct,500,1.2038123105967418,rms_signed_R8,field_4_8,11.601807843322174,0.9978852444460699,0.4,1.0,60,1.0,0.01982116090085021,0.01982116090085021,0.9467973317129177
N500_plus_0.1pct,500,1.2038123105967418,rms_signed_R12,field_4_8,11.601807843322174,0.9978852444460699,0.4,1.0,60,1.0,-0.0007010726320176607,-0.0007010726320176607,0.22828258171993066
N500_plus_0.1pct,500,1.2038123105967418,rms_absrho_R8,field_4_8,11.601807843322174,0.9978852444460699,0.4,1.0,60,1.0,0.28062984956481657,0.28062984956481657,0.9812396454283653
N500_plus_0.1pct,500,1.2038123105967418,rms_positive_rho_R8,field_4_8,11.601807843322174,0.9978852444460699,0.4,1.0,60,1.0,0.1736735465888844,0.1736735465888844,0.9792895746536086
N500_plus_0.1pct,500,1.2038123105967418,rms_gradient_R8,field_4_8,11.601807843322174,0.9978852444460699,0.4,1.0,60,1.0,0.42908646551780893,0.42908646551780893,0.9940981967502309
N500_plus_0.1pct,500,1.2038123105967418,field_r50,field_4_8,11.601807843322174,0.9978852444460699,0.4,1.0,60,1.0,0.5552484265643961,0.5552484265643961,0.9999248184426227
N500_plus_0.1pct,500,1.2038123105967418,field_r20,field_4_8,11.601807843322174,0.9978852444460699,0.4,1.0,60,1.0,0.5991100614762535,0.5991100614762535,0.9976777505874953
N500_plus_0.1pct,500,1.2038123105967418,mean_r2_signed_R8,field_4_8,11.601807843322174,0.9978852444460699,0.4,1.0,60,1.0,0.03964232180170042,0.01982116090085021,0.9467973317129177
N500_plus_0.1pct,500,1.2038123105967418,rms_signed_R4,field_4_8,11.601807843322174,0.9978852444460699,0.8,1.6,80,1.0,-0.07212148675632525,-0.07212148675632525,0.7997548114036772
N500_plus_0.1pct,500,1.2038123105967418,rms_signed_R8,field_4_8,11.601807843322174,0.9978852444460699,0.8,1.6,80,1.0,0.008363841699317564,0.008363841699317564,0.3637793350790671
N500_plus_0.1pct,500,1.2038123105967418,rms_signed_R12,field_4_8,11.601807843322174,0.9978852444460699,0.8,1.6,80,1.0,-0.03451162389631756,-0.03451162389631756,0.8439884340560655
N500_plus_0.1pct,500,1.2038123105967418,rms_absrho_R8,field_4_8,11.601807843322174,0.9978852444460699,0.8,1.6,80,1.0,0.1222296677785264,0.1222296677785264,0.9632146604032098
N500_plus_0.1pct,500,1.2038123105967418,rms_positive_rho_R8,field_4_8,11.601807843322174,0.9978852444460699,0.8,1.6,80,1.0,0.06884290748751305,0.06884290748751305,0.933479058807841
N500_plus_0.1pct,500,1.2038123105967418,rms_gradient_R8,field_4_8,11.601807843322174,0.9978852444460699,0.8,1.6,80,1.0,0.22147796513557597,0.22147796513557597,0.9665430429134743
N500_plus_0.1pct,500,1.2038123105967418,field_r50,field_4_8,11.601807843322174,0.9978852444460699,0.8,1.6,80,1.0,0.5201257801151836,0.5201257801151836,0.9902352104790942
N500_plus_0.1pct,500,1.2038123105967418,field_r20,field_4_8,11.601807843322174,0.9978852444460699,0.8,1.6,80,1.0,0.14405766819113353,0.14405766819113353,0.6979964993052524
N500_plus_0.1pct,500,1.2038123105967418,mean_r2_signed_R8,field_4_8,11.601807843322174,0.9978852444460699,0.8,1.6,80,1.0,0.01672768339863513,0.008363841699317564,0.36377933507906446
N500_plus_0.1pct,500,1.2038123105967418,rms_signed_R4,field_8_12,11.54010522218399,0.9998686034317351,0.1,0.3,20,1.0,-0.1154194487551095,-0.1154194487551095,0.9708149056181014
N500_plus_0.1pct,500,1.2038123105967418,rms_signed_R8,field_8_12,11.54010522218399,0.9998686034317351,0.1,0.3,20,1.0,-0.05970143748491485,-0.05970143748491485,0.9544163212605505
N500_plus_0.1pct,500,1.2038123105967418,rms_signed_R12,field_8_12,11.54010522218399,0.9998686034317351,0.1,0.3,20,1.0,-0.041412162115038016,-0.041412162115038016,0.9630775546860668
N500_plus_0.1pct,500,1.2038123105967418,rms_absrho_R8,field_8_12,11.54010522218399,0.9998686034317351,0.1,0.3,20,1.0,0.5481755187401687,0.5481755187401687,0.9965526030657409
N500_plus_0.1pct,500,1.2038123105967418,rms_positive_rho_R8,field_8_12,11.54010522218399,0.9998686034317351,0.1,0.3,20,1.0,0.42605589648437486,0.42605589648437486,0.9910045265492011
N500_plus_0.1pct,500,1.2038123105967418,rms_gradient_R8,field_8_12,11.54010522218399,0.9998686034317351,0.1,0.3,20,1.0,0.49983387374473504,0.49983387374473504,0.9996023710044025
N500_plus_0.1pct,500,1.2038123105967418,field_r50,field_8_12,11.54010522218399,0.9998686034317351,0.1,0.3,20,1.0,0.516057085541587,0.516057085541587,0.9994358262145226
N500_plus_0.1pct,500,1.2038123105967418,field_r20,field_8_12,11.54010522218399,0.9998686034317351,0.1,0.3,20,1.0,0.49960784799711305,0.49960784799711305,0.9996225390376682
N500_plus_0.1pct,500,1.2038123105967418,mean_r2_signed_R8,field_8_12,11.54010522218399,0.9998686034317351,0.1,0.3,20,1.0,-0.1194028749698297,-0.05970143748491485,0.9544163212605502
N500_plus_0.1pct,500,1.2038123105967418,rms_signed_R4,field_8_12,11.54010522218399,0.9998686034317351,0.2,0.6,40,1.0,-0.02559393546043292,-0.02559393546043292,0.7160881662485921
N500_plus_0.1pct,500,1.2038123105967418,rms_signed_R8,field_8_12,11.54010522218399,0.9998686034317351,0.2,0.6,40,1.0,-0.005860680717961705,-0.005860680717961705,0.2954652601528497
N500_plus_0.1pct,500,1.2038123105967418,rms_signed_R12,field_8_12,11.54010522218399,0.9998686034317351,0.2,0.6,40,1.0,-0.010097339130184424,-0.010097339130184424,0.8157149148978177
N500_plus_0.1pct,500,1.2038123105967418,rms_absrho_R8,field_8_12,11.54010522218399,0.9998686034317351,0.2,0.6,40,1.0,0.3765645288212505,0.3765645288212505,0.9902745726279514
N500_plus_0.1pct,500,1.2038123105967418,rms_positive_rho_R8,field_8_12,11.54010522218399,0.9998686034317351,0.2,0.6,40,1.0,0.24826013691837565,0.24826013691837565,0.9840949732804615
N500_plus_0.1pct,500,1.2038123105967418,rms_gradient_R8,field_8_12,11.54010522218399,0.9998686034317351,0.2,0.6,40,1.0,0.45185987491471835,0.45185987491471835,0.9992647399290613
N500_plus_0.1pct,500,1.2038123105967418,field_r50,field_8_12,11.54010522218399,0.9998686034317351,0.2,0.6,40,1.0,0.4840764495036565,0.4840764495036565,0.9999820202957307
N500_plus_0.1pct,500,1.2038123105967418,field_r20,field_8_12,11.54010522218399,0.9998686034317351,0.2,0.6,40,1.0,0.5077627304693143,0.5077627304693143,0.9991670212301659
N500_plus_0.1pct,500,1.2038123105967418,mean_r2_signed_R8,field_8_12,11.54010522218399,0.9998686034317351,0.2,0.6,40,1.0,-0.011721361435923726,-0.005860680717961863,0.29546526015285257
N500_plus_0.1pct,500,1.2038123105967418,rms_signed_R4,field_8_12,11.54010522218399,0.9998686034317351,0.4,1.0,60,1.0,0.012563783217988674,0.012563783217988674,0.9210207337946138
N500_plus_0.1pct,500,1.2038123105967418,rms_signed_R8,field_8_12,11.54010522218399,0.9998686034317351,0.4,1.0,60,1.0,0.021052370299583,0.021052370299583,0.9807992515766863
N500_plus_0.1pct,500,1.2038123105967418,rms_signed_R12,field_8_12,11.54010522218399,0.9998686034317351,0.4,1.0,60,1.0,-0.000618257376003304,-0.000618257376003304,0.15929015750765474
N500_plus_0.1pct,500,1.2038123105967418,rms_absrho_R8,field_8_12,11.54010522218399,0.9998686034317351,0.4,1.0,60,1.0,0.2283609400423432,0.2283609400423432,0.9859264782468102
N500_plus_0.1pct,500,1.2038123105967418,rms_positive_rho_R8,field_8_12,11.54010522218399,0.9998686034317351,0.4,1.0,60,1.0,0.14044487483729043,0.14044487483729043,0.985213074856473
N500_plus_0.1pct,500,1.2038123105967418,rms_gradient_R8,field_8_12,11.54010522218399,0.9998686034317351,0.4,1.0,60,1.0,0.3668686528139394,0.3668686528139394,0.9949415228383726
N500_plus_0.1pct,500,1.2038123105967418,field_r50,field_8_12,11.54010522218399,0.9998686034317351,0.4,1.0,60,1.0,0.5090040538570957,0.5090040538570957,0.9995075205583924
N500_plus_0.1pct,500,1.2038123105967418,field_r20,field_8_12,11.54010522218399,0.9998686034317351,0.4,1.0,60,1.0,0.5250677228302613,0.5250677228302613,0.9937905246803385
N500_plus_0.1pct,500,1.2038123105967418,mean_r2_signed_R8,field_8_12,11.54010522218399,0.9998686034317351,0.4,1.0,60,1.0,0.042104740599165004,0.021052370299582502,0.9807992515766858
N500_plus_0.1pct,500,1.2038123105967418,rms_signed_R4,field_8_12,11.54010522218399,0.9998686034317351,0.8,1.6,80,1.0,-0.08883424227419838,-0.08883424227419838,0.8474804170290524
N500_plus_0.1pct,500,1.2038123105967418,rms_signed_R8,field_8_12,11.54010522218399,0.9998686034317351,0.8,1.6,80,1.0,0.0014383465629094494,0.0014383465629094494,0.012718594099037306
N500_plus_0.1pct,500,1.2038123105967418,rms_signed_R12,field_8_12,11.54010522218399,0.9998686034317351,0.8,1.6,80,1.0,-0.04133848904402233,-0.04133848904402233,0.8670431533238183
N500_plus_0.1pct,500,1.2038123105967418,rms_absrho_R8,field_8_12,11.54010522218399,0.9998686034317351,0.8,1.6,80,1.0,0.10223722921660944,0.10223722921660944,0.955040615891858
N500_plus_0.1pct,500,1.2038123105967418,rms_positive_rho_R8,field_8_12,11.54010522218399,0.9998686034317351,0.8,1.6,80,1.0,0.05462297770727156,0.05462297770727156,0.9010727119421604
N500_plus_0.1pct,500,1.2038123105967418,rms_gradient_R8,field_8_12,11.54010522218399,0.9998686034317351,0.8,1.6,80,1.0,0.18707850175077487,0.18707850175077487,0.9615231833171058
N500_plus_0.1pct,500,1.2038123105967418,field_r50,field_8_12,11.54010522218399,0.9998686034317351,0.8,1.6,80,1.0,0.4622359061380868,0.4622359061380868,0.9804534462837775
N500_plus_0.1pct,500,1.2038123105967418,field_r20,field_8_12,11.54010522218399,0.9998686034317351,0.8,1.6,80,1.0,0.08404828354354037,0.08404828354354037,0.5363062531567631
N500_plus_0.1pct,500,1.2038123105967418,mean_r2_signed_R8,field_8_12,11.54010522218399,0.9998686034317351,0.8,1.6,80,1.0,0.0028766931258188987,0.0014383465629094494,0.012718594099036529
N500_plus_0.1pct,500,1.2038123105967418,rms_signed_R4,field_12_20,11.528309154868346,0.999919588964809,0.1,0.3,20,1.0,-0.0931463111874955,-0.0931463111874955,0.972502053132002
N500_plus_0.1pct,500,1.2038123105967418,rms_signed_R8,field_12_20,11.528309154868346,0.999919588964809,0.1,0.3,20,1.0,-0.04618267388060973,-0.04618267388060973,0.9555462133643017
N500_plus_0.1pct,500,1.2038123105967418,rms_signed_R12,field_12_20,11.528309154868346,0.999919588964809,0.1,0.3,20,1.0,-0.032761291014984366,-0.032761291014984366,0.9674128557780702
N500_plus_0.1pct,500,1.2038123105967418,rms_absrho_R8,field_12_20,11.528309154868346,0.999919588964809,0.1,0.3,20,1.0,0.4897384602202171,0.4897384602202171,0.9976974785574085
N500_plus_0.1pct,500,1.2038123105967418,rms_positive_rho_R8,field_12_20,11.528309154868346,0.999919588964809,0.1,0.3,20,1.0,0.3691292042369951,0.3691292042369951,0.9934388274840174
N500_plus_0.1pct,500,1.2038123105967418,rms_gradient_R8,field_12_20,11.528309154868346,0.999919588964809,0.1,0.3,20,1.0,0.46146921571091143,0.46146921571091143,0.9999436398041901
N500_plus_0.1pct,500,1.2038123105967418,field_r50,field_12_20,11.528309154868346,0.999919588964809,0.1,0.3,20,1.0,0.4751839384388328,0.4751839384388328,0.9999046656398459
N500_plus_0.1pct,500,1.2038123105967418,field_r20,field_12_20,11.528309154868346,0.999919588964809,0.1,0.3,20,1.0,0.46203068190218344,0.46203068190218344,0.9999808055826026
N500_plus_0.1pct,500,1.2038123105967418,mean_r2_signed_R8,field_12_20,11.528309154868346,0.999919588964809,0.1,0.3,20,1.0,-0.0923653477612192,-0.0461826738806096,0.9555462133643016
N500_plus_0.1pct,500,1.2038123105967418,rms_signed_R4,field_12_20,11.528309154868346,0.999919588964809,0.2,0.6,40,1.0,-0.018338912995430973,-0.018338912995430973,0.6333254773086355
N500_plus_0.1pct,500,1.2038123105967418,rms_signed_R8,field_12_20,11.528309154868346,0.999919588964809,0.2,0.6,40,1.0,-0.0020224537727377835,-0.0020224537727377835,0.06205453629533064
N500_plus_0.1pct,500,1.2038123105967418,rms_signed_R12,field_12_20,11.528309154868346,0.999919588964809,0.2,0.6,40,1.0,-0.007845672729159852,-0.007845672729159852,0.7919461540149134
N500_plus_0.1pct,500,1.2038123105967418,rms_absrho_R8,field_12_20,11.528309154868346,0.999919588964809,0.2,0.6,40,1.0,0.3495267571712222,0.3495267571712222,0.9913977587516214
N500_plus_0.1pct,500,1.2038123105967418,rms_positive_rho_R8,field_12_20,11.528309154868346,0.999919588964809,0.2,0.6,40,1.0,0.2275259299143733,0.2275259299143733,0.9863891837516184
N500_plus_0.1pct,500,1.2038123105967418,rms_gradient_R8,field_12_20,11.528309154868346,0.999919588964809,0.2,0.6,40,1.0,0.4323758855393406,0.4323758855393406,0.999436471667975
N500_plus_0.1pct,500,1.2038123105967418,field_r50,field_12_20,11.528309154868346,0.999919588964809,0.2,0.6,40,1.0,0.46808139873630095,0.46808139873630095,0.9999636166274121
N500_plus_0.1pct,500,1.2038123105967418,field_r20,field_12_20,11.528309154868346,0.999919588964809,0.2,0.6,40,1.0,0.49682443524734177,0.49682443524734177,0.9987080086312223
N500_plus_0.1pct,500,1.2038123105967418,mean_r2_signed_R8,field_12_20,11.528309154868346,0.999919588964809,0.2,0.6,40,1.0,-0.004044907545475567,-0.0020224537727377835,0.062054536295331975
N500_plus_0.1pct,500,1.2038123105967418,rms_signed_R4,field_12_20,11.528309154868346,0.999919588964809,0.4,1.0,60,1.0,0.01212087468012598,0.01212087468012598,0.8929733699377567
N500_plus_0.1pct,500,1.2038123105967418,rms_signed_R8,field_12_20,11.528309154868346,0.999919588964809,0.4,1.0,60,1.0,0.021424560577771437,0.021424560577771437,0.9865908177485306
N500_plus_0.1pct,500,1.2038123105967418,rms_signed_R12,field_12_20,11.528309154868346,0.999919588964809,0.4,1.0,60,1.0,-0.0008454240530044955,-0.0008454240530044955,0.19751470278713779
N500_plus_0.1pct,500,1.2038123105967418,rms_absrho_R8,field_12_20,11.528309154868346,0.999919588964809,0.4,1.0,60,1.0,0.21688174436823696,0.21688174436823696,0.9867958575483858
N500_plus_0.1pct,500,1.2038123105967418,rms_positive_rho_R8,field_12_20,11.528309154868346,0.999919588964809,0.4,1.0,60,1.0,0.13321488133114784,0.13321488133114784,0.986294563612803
N500_plus_0.1pct,500,1.2038123105967418,rms_gradient_R8,field_12_20,11.528309154868346,0.999919588964809,0.4,1.0,60,1.0,0.3533830359429162,0.3533830359429162,0.9948975854322845
N500_plus_0.1pct,500,1.2038123105967418,field_r50,field_12_20,11.528309154868346,0.999919588964809,0.4,1.0,60,1.0,0.502627323872858,0.502627323872858,0.9994009725128586
N500_plus_0.1pct,500,1.2038123105967418,field_r20,field_12_20,11.528309154868346,0.999919588964809,0.4,1.0,60,1.0,0.5070252149325323,0.5070252149325323,0.9915317177059338
N500_plus_0.1pct,500,1.2038123105967418,mean_r2_signed_R8,field_12_20,11.528309154868346,0.999919588964809,0.4,1.0,60,1.0,0.042849121155542874,0.021424560577771437,0.9865908177485309
N500_plus_0.1pct,500,1.2038123105967418,rms_signed_R4,field_12_20,11.528309154868346,0.999919588964809,0.8,1.6,80,1.0,-0.09516970701387573,-0.09516970701387573,0.8602578227556152
N500_plus_0.1pct,500,1.2038123105967418,rms_signed_R8,field_12_20,11.528309154868346,0.999919588964809,0.8,1.6,80,1.0,-0.0010121145155910624,-0.0010121145155910624,0.0057510582860867965
N500_plus_0.1pct,500,1.2038123105967418,rms_signed_R12,field_12_20,11.528309154868346,0.999919588964809,0.8,1.6,80,1.0,-0.04405541353117047,-0.04405541353117047,0.873980301079968
N500_plus_0.1pct,500,1.2038123105967418,rms_absrho_R8,field_12_20,11.528309154868346,0.999919588964809,0.8,1.6,80,1.0,0.09676854077568572,0.09676854077568572,0.9508201770939768
N500_plus_0.1pct,500,1.2038123105967418,rms_positive_rho_R8,field_12_20,11.528309154868346,0.999919588964809,0.8,1.6,80,1.0,0.05047510062695828,0.05047510062695828,0.8841038764033591
N500_plus_0.1pct,500,1.2038123105967418,rms_gradient_R8,field_12_20,11.528309154868346,0.999919588964809,0.8,1.6,80,1.0,0.1778493928363906,0.1778493928363906,0.9591848080514632
N500_plus_0.1pct,500,1.2038123105967418,field_r50,field_12_20,11.528309154868346,0.999919588964809,0.8,1.6,80,1.0,0.4453959628141488,0.4453959628141488,0.9753982134862094
N500_plus_0.1pct,500,1.2038123105967418,field_r20,field_12_20,11.528309154868346,0.999919588964809,0.8,1.6,80,1.0,0.06721536396109536,0.06721536396109536,0.4508012316987853
N500_plus_0.1pct,500,1.2038123105967418,mean_r2_signed_R8,field_12_20,11.528309154868346,0.999919588964809,0.8,1.6,80,1.0,-0.0020242290311803506,-0.0010121145155901753,0.0057510582860916815
N500_plus_0.1pct,500,1.2038123105967418,rms_signed_R4,current_last40_rule,11.564269618726835,0.99533948242486,0.1,0.3,19,1.0,-0.1452634597384408,-0.1452634597384408,0.9693985396890744
N500_plus_0.1pct,500,1.2038123105967418,rms_signed_R8,current_last40_rule,11.564269618726835,0.99533948242486,0.1,0.3,19,1.0,-0.07672520628750303,-0.07672520628750303,0.9550515411395774
N500_plus_0.1pct,500,1.2038123105967418,rms_signed_R12,current_last40_rule,11.564269618726835,0.99533948242486,0.1,0.3,19,1.0,-0.05249536766123892,-0.05249536766123892,0.9625581648630341
N500_plus_0.1pct,500,1.2038123105967418,rms_absrho_R8,current_last40_rule,11.564269618726835,0.99533948242486,0.1,0.3,19,1.0,0.6527159705368162,0.6527159705368162,0.9941380370991738
N500_plus_0.1pct,500,1.2038123105967418,rms_positive_rho_R8,current_last40_rule,11.564269618726835,0.99533948242486,0.1,0.3,19,1.0,0.5174541025154626,0.5174541025154626,0.9873549736780384
N500_plus_0.1pct,500,1.2038123105967418,rms_gradient_R8,current_last40_rule,11.564269618726835,0.99533948242486,0.1,0.3,19,1.0,0.5832986729139675,0.5832986729139675,0.9982633861836613
N500_plus_0.1pct,500,1.2038123105967418,field_r50,current_last40_rule,11.564269618726835,0.99533948242486,0.1,0.3,19,1.0,0.6034662706772036,0.6034662706772036,0.997875132494754
N500_plus_0.1pct,500,1.2038123105967418,field_r20,current_last40_rule,11.564269618726835,0.99533948242486,0.1,0.3,19,1.0,0.5828907386876248,0.5828907386876248,0.9981459398309368
N500_plus_0.1pct,500,1.2038123105967418,mean_r2_signed_R8,current_last40_rule,11.564269618726835,0.99533948242486,0.1,0.3,19,1.0,-0.15345041257500605,-0.07672520628750303,0.9550515411395772
N500_plus_0.1pct,500,1.2038123105967418,rms_signed_R4,current_last40_rule,11.564269618726835,0.99533948242486,0.2,0.6,40,1.0,-0.03541276048095374,-0.03541276048095374,0.7654370257143075
N500_plus_0.1pct,500,1.2038123105967418,rms_signed_R8,current_last40_rule,11.564269618726835,0.99533948242486,0.2,0.6,40,1.0,-0.010811925643124793,-0.010811925643124793,0.49228882629357396
N500_plus_0.1pct,500,1.2038123105967418,rms_signed_R12,current_last40_rule,11.564269618726835,0.99533948242486,0.2,0.6,40,1.0,-0.013298773630772871,-0.013298773630772871,0.8285327285837897
N500_plus_0.1pct,500,1.2038123105967418,rms_absrho_R8,current_last40_rule,11.564269618726835,0.99533948242486,0.2,0.6,40,1.0,0.42214308123323346,0.42214308123323346,0.9877583872612591
N500_plus_0.1pct,500,1.2038123105967418,rms_positive_rho_R8,current_last40_rule,11.564269618726835,0.99533948242486,0.2,0.6,40,1.0,0.28237591102934634,0.28237591102934634,0.9798223709439691
N500_plus_0.1pct,500,1.2038123105967418,rms_gradient_R8,current_last40_rule,11.564269618726835,0.99533948242486,0.2,0.6,40,1.0,0.4909980801002201,0.4909980801002201,0.9986371801884287
N500_plus_0.1pct,500,1.2038123105967418,field_r50,current_last40_rule,11.564269618726835,0.99533948242486,0.2,0.6,40,1.0,0.5213230263668754,0.5213230263668754,0.9997353575990918
N500_plus_0.1pct,500,1.2038123105967418,field_r20,current_last40_rule,11.564269618726835,0.99533948242486,0.2,0.6,40,1.0,0.5405981768295839,0.5405981768295839,0.9997292358882194
N500_plus_0.1pct,500,1.2038123105967418,mean_r2_signed_R8,current_last40_rule,11.564269618726835,0.99533948242486,0.2,0.6,40,1.0,-0.021623851286249426,-0.010811925643124713,0.4922888262935762
N500_plus_0.1pct,500,1.2038123105967418,rms_signed_R4,current_last40_rule,11.564269618726835,0.99533948242486,0.4,1.0,60,1.0,0.012873153881918837,0.012873153881918837,0.9232286152760322
N500_plus_0.1pct,500,1.2038123105967418,rms_signed_R8,current_last40_rule,11.564269618726835,0.99533948242486,0.4,1.0,60,1.0,0.020947690547260447,0.020947690547260447,0.9734473846720023
N500_plus_0.1pct,500,1.2038123105967418,rms_signed_R12,current_last40_rule,11.564269618726835,0.99533948242486,0.4,1.0,60,1.0,-0.0005173732909565961,-0.0005173732909565961,0.15112454263640696
N500_plus_0.1pct,500,1.2038123105967418,rms_absrho_R8,current_last40_rule,11.564269618726835,0.99533948242486,0.4,1.0,60,1.0,0.24551800925602307,0.24551800925602307,0.9843667464967734
N500_plus_0.1pct,500,1.2038123105967418,rms_positive_rho_R8,current_last40_rule,11.564269618726835,0.99533948242486,0.4,1.0,60,1.0,0.15124109064953936,0.15124109064953936,0.9833426471900363
N500_plus_0.1pct,500,1.2038123105967418,rms_gradient_R8,current_last40_rule,11.564269618726835,0.99533948242486,0.4,1.0,60,1.0,0.38847815073186376,0.38847815073186376,0.9946165043843259
N500_plus_0.1pct,500,1.2038123105967418,field_r50,current_last40_rule,11.564269618726835,0.99533948242486,0.4,1.0,60,1.0,0.526238522084783,0.526238522084783,0.9997028450284371
N500_plus_0.1pct,500,1.2038123105967418,field_r20,current_last40_rule,11.564269618726835,0.99533948242486,0.4,1.0,60,1.0,0.552950404765907,0.552950404765907,0.9953570795458467
N500_plus_0.1pct,500,1.2038123105967418,mean_r2_signed_R8,current_last40_rule,11.564269618726835,0.99533948242486,0.4,1.0,60,1.0,0.041895381094520893,0.020947690547260447,0.9734473846720023
N500_plus_0.1pct,500,1.2038123105967418,rms_signed_R4,current_last40_rule,11.564269618726835,0.99533948242486,0.8,1.6,80,1.0,-0.08352889249350161,-0.08352889249350161,0.8337830599815623
N500_plus_0.1pct,500,1.2038123105967418,rms_signed_R8,current_last40_rule,11.564269618726835,0.99533948242486,0.8,1.6,80,1.0,0.003819592515593903,0.003819592515593903,0.08958324642991033
N500_plus_0.1pct,500,1.2038123105967418,rms_signed_R12,current_last40_rule,11.564269618726835,0.99533948242486,0.8,1.6,80,1.0,-0.039144594730390156,-0.039144594730390156,0.8601940335673747
N500_plus_0.1pct,500,1.2038123105967418,rms_absrho_R8,current_last40_rule,11.564269618726835,0.99533948242486,0.8,1.6,80,1.0,0.10899256098323298,0.10899256098323298,0.9581874287853973
N500_plus_0.1pct,500,1.2038123105967418,rms_positive_rho_R8,current_last40_rule,11.564269618726835,0.99533948242486,0.8,1.6,80,1.0,0.059429488436695856,0.059429488436695856,0.9141271131441425
N500_plus_0.1pct,500,1.2038123105967418,rms_gradient_R8,current_last40_rule,11.564269618726835,0.99533948242486,0.8,1.6,80,1.0,0.19870337830957155,0.19870337830957155,0.9632722527427486
N500_plus_0.1pct,500,1.2038123105967418,field_r50,current_last40_rule,11.564269618726835,0.99533948242486,0.8,1.6,80,1.0,0.48350869154576737,0.48350869154576737,0.984352127503205
N500_plus_0.1pct,500,1.2038123105967418,field_r20,current_last40_rule,11.564269618726835,0.99533948242486,0.8,1.6,80,1.0,0.10294069700390746,0.10294069700390746,0.6030268841709789
N500_plus_0.1pct,500,1.2038123105967418,mean_r2_signed_R8,current_last40_rule,11.564269618726835,0.99533948242486,0.8,1.6,80,1.0,0.007639185031187806,0.003819592515593903,0.089583246429909
N500_plus_0.1pct,500,1.2038123105967418,rms_signed_R4,joint_powerlaw_20,11.510234197872123,0.9999819497745328,0.1,0.3,20,0.8269259985689406,-0.07850484545880568,-0.07850484545880568,0.9757243722873056
N500_plus_0.1pct,500,1.2038123105967418,rms_signed_R8,joint_powerlaw_20,11.510234197872123,0.9999819497745328,0.1,0.3,20,0.8269259985689406,-0.03810455948394243,-0.03810455948394243,0.9588292759267265
N500_plus_0.1pct,500,1.2038123105967418,rms_signed_R12,joint_powerlaw_20,11.510234197872123,0.9999819497745328,0.1,0.3,20,0.8269259985689406,-0.027412251726636694,-0.027412251726636694,0.9719766375472163
N500_plus_0.1pct,500,1.2038123105967418,rms_absrho_R8,joint_powerlaw_20,11.510234197872123,0.9999819497745328,0.1,0.3,20,0.8269259985689406,0.4343090071725315,0.4343090071725315,0.998817699117911
N500_plus_0.1pct,500,1.2038123105967418,rms_positive_rho_R8,joint_powerlaw_20,11.510234197872123,0.9999819497745328,0.1,0.3,20,0.8269259985689406,0.3228472009149385,0.3228472009149385,0.9956785887125554
N500_plus_0.1pct,500,1.2038123105967418,rms_gradient_R8,joint_powerlaw_20,11.510234197872123,0.9999819497745328,0.1,0.3,20,0.8269259985689406,0.4159880094414178,0.4159880094414178,0.999951594169478
N500_plus_0.1pct,500,1.2038123105967418,field_r50,joint_powerlaw_20,11.510234197872123,0.9999819497745328,0.1,0.3,20,0.8269259985689406,0.42799934364180237,0.42799934364180237,0.999970375791222
N500_plus_0.1pct,500,1.2038123105967418,field_r20,joint_powerlaw_20,11.510234197872123,0.9999819497745328,0.1,0.3,20,0.8269259985689406,0.4172458509637698,0.4172458509637698,0.9998372913404762
N500_plus_0.1pct,500,1.2038123105967418,mean_r2_signed_R8,joint_powerlaw_20,11.510234197872123,0.9999819497745328,0.1,0.3,20,0.8269259985689406,-0.076209118967885,-0.0381045594839425,0.9588292759267257
N500_plus_0.1pct,500,1.2038123105967418,rms_signed_R4,joint_powerlaw_20,11.510234197872123,0.9999819497745328,0.2,0.6,40,0.8269259985689406,-0.014701537473056858,-0.014701537473056858,0.5808684437389309
N500_plus_0.1pct,500,1.2038123105967418,rms_signed_R8,joint_powerlaw_20,11.510234197872123,0.9999819497745328,0.2,0.6,40,0.8269259985689406,-0.00036835077728076545,-0.00036835077728076545,0.0026819607115610156
N500_plus_0.1pct,500,1.2038123105967418,rms_signed_R12,joint_powerlaw_20,11.510234197872123,0.9999819497745328,0.2,0.6,40,0.8269259985689406,-0.006660073536189922,-0.006660073536189922,0.7808712848876611
N500_plus_0.1pct,500,1.2038123105967418,rms_absrho_R8,joint_powerlaw_20,11.510234197872123,0.9999819497745328,0.2,0.6,40,0.8269259985689406,0.3258724447315074,0.3258724447315074,0.9927416544571546
N500_plus_0.1pct,500,1.2038123105967418,rms_positive_rho_R8,joint_powerlaw_20,11.510234197872123,0.9999819497745328,0.2,0.6,40,0.8269259985689406,0.21095087421373104,0.21095087421373104,0.988459058469045
N500_plus_0.1pct,500,1.2038123105967418,rms_gradient_R8,joint_powerlaw_20,11.510234197872123,0.9999819497745328,0.2,0.6,40,0.8269259985689406,0.40897340542548427,0.40897340542548427,0.999684504270694
N500_plus_0.1pct,500,1.2038123105967418,field_r50,joint_powerlaw_20,11.510234197872123,0.9999819497745328,0.2,0.6,40,0.8269259985689406,0.44523714637426487,0.44523714637426487,0.9998208010087856
N500_plus_0.1pct,500,1.2038123105967418,field_r20,joint_powerlaw_20,11.510234197872123,0.9999819497745328,0.2,0.6,40,0.8269259985689406,0.4753197937221758,0.4753197937221758,0.998084666210941
N500_plus_0.1pct,500,1.2038123105967418,mean_r2_signed_R8,joint_powerlaw_20,11.510234197872123,0.9999819497745328,0.2,0.6,40,0.8269259985689406,-0.0007367015545612149,-0.0003683507772806074,0.0026819607115611266
N500_plus_0.1pct,500,1.2038123105967418,rms_signed_R4,joint_powerlaw_20,11.510234197872123,0.9999819497745328,0.4,1.0,60,0.8269259985689406,0.011548035527393192,0.011548035527393192,0.8697441183131775
N500_plus_0.1pct,500,1.2038123105967418,rms_signed_R8,joint_powerlaw_20,11.510234197872123,0.9999819497745328,0.4,1.0,60,0.8269259985689406,0.02114755098971644,0.02114755098971644,0.9883892382123721
N500_plus_0.1pct,500,1.2038123105967418,rms_signed_R12,joint_powerlaw_20,11.510234197872123,0.9999819497745328,0.4,1.0,60,0.8269259985689406,-0.0009773891636883853,-0.0009773891636883853,0.22298318791723237
N500_plus_0.1pct,500,1.2038123105967418,rms_absrho_R8,joint_powerlaw_20,11.510234197872123,0.9999819497745328,0.4,1.0,60,0.8269259985689406,0.20753046311392717,0.20753046311392717,0.987698270138063
N500_plus_0.1pct,500,1.2038123105967418,rms_positive_rho_R8,joint_powerlaw_20,11.510234197872123,0.9999819497745328,0.4,1.0,60,0.8269259985689406,0.12740377248495952,0.12740377248495952,0.9872848889569389
N500_plus_0.1pct,500,1.2038123105967418,rms_gradient_R8,joint_powerlaw_20,11.510234197872123,0.9999819497745328,0.4,1.0,60,0.8269259985689406,0.3403580075617722,0.3403580075617722,0.9951775255778693
N500_plus_0.1pct,500,1.2038123105967418,field_r50,joint_powerlaw_20,11.510234197872123,0.9999819497745328,0.4,1.0,60,0.8269259985689406,0.49016638843819127,0.49016638843819127,0.9992316400529446
N500_plus_0.1pct,500,1.2038123105967418,field_r20,joint_powerlaw_20,11.510234197872123,0.9999819497745328,0.4,1.0,60,0.8269259985689406,0.48835735638532723,0.48835735638532723,0.9905641096635078
N500_plus_0.1pct,500,1.2038123105967418,mean_r2_signed_R8,joint_powerlaw_20,11.510234197872123,0.9999819497745328,0.4,1.0,60,0.8269259985689406,0.0422951019794326,0.0211475509897163,0.9883892382123726
N500_plus_0.1pct,500,1.2038123105967418,rms_signed_R4,joint_powerlaw_20,11.510234197872123,0.9999819497745328,0.8,1.6,80,0.8269259985689406,-0.09728225189883928,-0.09728225189883928,0.8654642915739594
N500_plus_0.1pct,500,1.2038123105967418,rms_signed_R8,joint_powerlaw_20,11.510234197872123,0.9999819497745328,0.8,1.6,80,0.8269259985689406,-0.002237981308004829,-0.002237981308004829,0.02681226844314788
N500_plus_0.1pct,500,1.2038123105967418,rms_signed_R12,joint_powerlaw_20,11.510234197872123,0.9999819497745328,0.8,1.6,80,0.8269259985689406,-0.04494452691302181,-0.04494452691302181,0.8766393538828919
N500_plus_0.1pct,500,1.2038123105967418,rms_absrho_R8,joint_powerlaw_20,11.510234197872123,0.9999819497745328,0.8,1.6,80,0.8269259985689406,0.09309376179874494,0.09309376179874494,0.9488349644577335
N500_plus_0.1pct,500,1.2038123105967418,rms_positive_rho_R8,joint_powerlaw_20,11.510234197872123,0.9999819497745328,0.8,1.6,80,0.8269259985689406,0.047910637177276366,0.047910637177276366,0.8746852714931984
N500_plus_0.1pct,500,1.2038123105967418,rms_gradient_R8,joint_powerlaw_20,11.510234197872123,0.9999819497745328,0.8,1.6,80,0.8269259985689406,0.17152095865765327,0.17152095865765327,0.9583095664475141
N500_plus_0.1pct,500,1.2038123105967418,field_r50,joint_powerlaw_20,11.510234197872123,0.9999819497745328,0.8,1.6,80,0.8269259985689406,0.4320884932434346,0.4320884932434346,0.9727392225460333
N500_plus_0.1pct,500,1.2038123105967418,field_r20,joint_powerlaw_20,11.510234197872123,0.9999819497745328,0.8,1.6,80,0.8269259985689406,0.058600884212916406,0.058600884212916406,0.4016085121152837
N500_plus_0.1pct,500,1.2038123105967418,mean_r2_signed_R8,joint_powerlaw_20,11.510234197872123,0.9999819497745328,0.8,1.6,80,0.8269259985689406,-0.004475962616009658,-0.002237981308004829,0.026812268443149212
N500_plus_0.1pct,500,1.2038123105967418,rms_signed_R4,joint_powerlaw_40,11.501689931463789,0.9998494786002452,0.1,0.3,20,0.7654271098032954,-0.06994001987014913,-0.06994001987014913,0.9760282139254335
N500_plus_0.1pct,500,1.2038123105967418,rms_signed_R8,joint_powerlaw_40,11.501689931463789,0.9998494786002452,0.1,0.3,20,0.7654271098032954,-0.03319380620467353,-0.03319380620467353,0.9581317236710406
N500_plus_0.1pct,500,1.2038123105967418,rms_signed_R12,joint_powerlaw_40,11.501689931463789,0.9998494786002452,0.1,0.3,20,0.7654271098032954,-0.02427955799264612,-0.02427955799264612,0.9733074246524748
N500_plus_0.1pct,500,1.2038123105967418,rms_absrho_R8,joint_powerlaw_40,11.501689931463789,0.9998494786002452,0.1,0.3,20,0.7654271098032954,0.408014025745774,0.408014025745774,0.9991389661057333
N500_plus_0.1pct,500,1.2038123105967418,rms_positive_rho_R8,joint_powerlaw_40,11.501689931463789,0.9998494786002452,0.1,0.3,20,0.7654271098032954,0.2992712271619607,0.2992712271619607,0.9965089044596753
N500_plus_0.1pct,500,1.2038123105967418,rms_gradient_R8,joint_powerlaw_40,11.501689931463789,0.9998494786002452,0.1,0.3,20,0.7654271098032954,0.39741872528329686,0.39741872528329686,0.9998450501407755
N500_plus_0.1pct,500,1.2038123105967418,field_r50,joint_powerlaw_40,11.501689931463789,0.9998494786002452,0.1,0.3,20,0.7654271098032954,0.4086996647528469,0.4086996647528469,0.9998603294270012
N500_plus_0.1pct,500,1.2038123105967418,field_r20,joint_powerlaw_40,11.501689931463789,0.9998494786002452,0.1,0.3,20,0.7654271098032954,0.3996239295308527,0.3996239295308527,0.9996075118519774
N500_plus_0.1pct,500,1.2038123105967418,mean_r2_signed_R8,joint_powerlaw_40,11.501689931463789,0.9998494786002452,0.1,0.3,20,0.7654271098032954,-0.06638761240934705,-0.03319380620467353,0.9581317236710408
N500_plus_0.1pct,500,1.2038123105967418,rms_signed_R4,joint_powerlaw_40,11.501689931463789,0.9998494786002452,0.2,0.6,40,0.7654271098032954,-0.011800894932528502,-0.011800894932528502,0.5103752477083932
N500_plus_0.1pct,500,1.2038123105967418,rms_signed_R8,joint_powerlaw_40,11.501689931463789,0.9998494786002452,0.2,0.6,40,0.7654271098032954,0.0011056887253478216,0.0011056887253478216,0.02714431938614159
N500_plus_0.1pct,500,1.2038123105967418,rms_signed_R12,joint_powerlaw_40,11.501689931463789,0.9998494786002452,0.2,0.6,40,0.7654271098032954,-0.005771659419003355,-0.005771659419003355,0.7639046397308228
N500_plus_0.1pct,500,1.2038123105967418,rms_absrho_R8,joint_powerlaw_40,11.501689931463789,0.9998494786002452,0.2,0.6,40,0.7654271098032954,0.3124357492146695,0.3124357492146695,0.9933191941951122
N500_plus_0.1pct,500,1.2038123105967418,rms_positive_rho_R8,joint_powerlaw_40,11.501689931463789,0.9998494786002452,0.2,0.6,40,0.7654271098032954,0.2011933460548958,0.2011933460548958,0.9895199075549659
N500_plus_0.1pct,500,1.2038123105967418,rms_gradient_R8,joint_powerlaw_40,11.501689931463789,0.9998494786002452,0.2,0.6,40,0.7654271098032954,0.3977990015131449,0.3977990015131449,0.9997500020547474
N500_plus_0.1pct,500,1.2038123105967418,field_r50,joint_powerlaw_40,11.501689931463789,0.9998494786002452,0.2,0.6,40,0.7654271098032954,0.4357004459735832,0.4357004459735832,0.9997062673552014
N500_plus_0.1pct,500,1.2038123105967418,field_r20,joint_powerlaw_40,11.501689931463789,0.9998494786002452,0.2,0.6,40,0.7654271098032954,0.467880373807808,0.467880373807808,0.9977497317228345
N500_plus_0.1pct,500,1.2038123105967418,mean_r2_signed_R8,joint_powerlaw_40,11.501689931463789,0.9998494786002452,0.2,0.6,40,0.7654271098032954,0.0022113774506950087,0.0011056887253475044,0.027144319386159355
N500_plus_0.1pct,500,1.2038123105967418,rms_signed_R4,joint_powerlaw_40,11.501689931463789,0.9998494786002452,0.4,1.0,60,0.7654271098032954,0.011072983706046072,0.011072983706046072,0.8386482510654196
N500_plus_0.1pct,500,1.2038123105967418,rms_signed_R8,joint_powerlaw_40,11.501689931463789,0.9998494786002452,0.4,1.0,60,0.7654271098032954,0.021162945666902043,0.021162945666902043,0.9902613792377885
N500_plus_0.1pct,500,1.2038123105967418,rms_signed_R12,joint_powerlaw_40,11.501689931463789,0.9998494786002452,0.4,1.0,60,0.7654271098032954,-0.0011477848679215578,-0.0011477848679215578,0.25295902787086233
N500_plus_0.1pct,500,1.2038123105967418,rms_absrho_R8,joint_powerlaw_40,11.501689931463789,0.9998494786002452,0.4,1.0,60,0.7654271098032954,0.20161608188803914,0.20161608188803914,0.9881666241403415
N500_plus_0.1pct,500,1.2038123105967418,rms_positive_rho_R8,joint_powerlaw_40,11.501689931463789,0.9998494786002452,0.4,1.0,60,0.7654271098032954,0.12371414053854887,0.12371414053854887,0.9878168093841616
N500_plus_0.1pct,500,1.2038123105967418,rms_gradient_R8,joint_powerlaw_40,11.501689931463789,0.9998494786002452,0.4,1.0,60,0.7654271098032954,0.33275357690378166,0.33275357690378166,0.9952015654163417
N500_plus_0.1pct,500,1.2038123105967418,field_r50,joint_powerlaw_40,11.501689931463789,0.9998494786002452,0.4,1.0,60,0.7654271098032954,0.48537471787751596,0.48537471787751596,0.9991537207573594
N500_plus_0.1pct,500,1.2038123105967418,field_r20,joint_powerlaw_40,11.501689931463789,0.9998494786002452,0.4,1.0,60,0.7654271098032954,0.47706580478027083,0.47706580478027083,0.9892197931234806
N500_plus_0.1pct,500,1.2038123105967418,mean_r2_signed_R8,joint_powerlaw_40,11.501689931463789,0.9998494786002452,0.4,1.0,60,0.7654271098032954,0.042325891333804086,0.021162945666902043,0.990261379237789
N500_plus_0.1pct,500,1.2038123105967418,rms_signed_R4,joint_powerlaw_40,11.501689931463789,0.9998494786002452,0.8,1.6,80,0.7654271098032954,-0.10022348114164427,-0.10022348114164427,0.8708670117107244
N500_plus_0.1pct,500,1.2038123105967418,rms_signed_R8,joint_powerlaw_40,11.501689931463789,0.9998494786002452,0.8,1.6,80,0.7654271098032954,-0.0035004210357529766,-0.0035004210357529766,0.06070947527354886
N500_plus_0.1pct,500,1.2038123105967418,rms_signed_R12,joint_powerlaw_40,11.501689931463789,0.9998494786002452,0.8,1.6,80,0.7654271098032954,-0.04622856657092737,-0.04622856657092737,0.8796669869212951
N500_plus_0.1pct,500,1.2038123105967418,rms_absrho_R8,joint_powerlaw_40,11.501689931463789,0.9998494786002452,0.8,1.6,80,0.7654271098032954,0.09025077476672444,0.09025077476672444,0.9463058405638439
N500_plus_0.1pct,500,1.2038123105967418,rms_positive_rho_R8,joint_powerlaw_40,11.501689931463789,0.9998494786002452,0.8,1.6,80,0.7654271098032954,0.04576914154366828,0.04576914154366828,0.8635626582435009
N500_plus_0.1pct,500,1.2038123105967418,rms_gradient_R8,joint_powerlaw_40,11.501689931463789,0.9998494786002452,0.8,1.6,80,0.7654271098032954,0.16673924096501253,0.16673924096501253,0.9570746608098065
N500_plus_0.1pct,500,1.2038123105967418,field_r50,joint_powerlaw_40,11.501689931463789,0.9998494786002452,0.8,1.6,80,0.7654271098032954,0.4223115132858517,0.4223115132858517,0.9695634911407864
N500_plus_0.1pct,500,1.2038123105967418,field_r20,joint_powerlaw_40,11.501689931463789,0.9998494786002452,0.8,1.6,80,0.7654271098032954,0.05075665232200278,0.05075665232200278,0.3468100564563462
N500_plus_0.1pct,500,1.2038123105967418,mean_r2_signed_R8,joint_powerlaw_40,11.501689931463789,0.9998494786002452,0.8,1.6,80,0.7654271098032954,-0.007000842071505953,-0.0035004210357529766,0.06070947527355064
N500_plus_0.1pct,500,1.2038123105967418,rms_signed_R4,joint_powerlaw_80,11.501689931463789,0.9998494786002452,0.1,0.3,20,0.7654271098032954,-0.06994001987014913,-0.06994001987014913,0.9760282139254335
N500_plus_0.1pct,500,1.2038123105967418,rms_signed_R8,joint_powerlaw_80,11.501689931463789,0.9998494786002452,0.1,0.3,20,0.7654271098032954,-0.03319380620467353,-0.03319380620467353,0.9581317236710406
N500_plus_0.1pct,500,1.2038123105967418,rms_signed_R12,joint_powerlaw_80,11.501689931463789,0.9998494786002452,0.1,0.3,20,0.7654271098032954,-0.02427955799264612,-0.02427955799264612,0.9733074246524748
N500_plus_0.1pct,500,1.2038123105967418,rms_absrho_R8,joint_powerlaw_80,11.501689931463789,0.9998494786002452,0.1,0.3,20,0.7654271098032954,0.408014025745774,0.408014025745774,0.9991389661057333
N500_plus_0.1pct,500,1.2038123105967418,rms_positive_rho_R8,joint_powerlaw_80,11.501689931463789,0.9998494786002452,0.1,0.3,20,0.7654271098032954,0.2992712271619607,0.2992712271619607,0.9965089044596753
N500_plus_0.1pct,500,1.2038123105967418,rms_gradient_R8,joint_powerlaw_80,11.501689931463789,0.9998494786002452,0.1,0.3,20,0.7654271098032954,0.39741872528329686,0.39741872528329686,0.9998450501407755
N500_plus_0.1pct,500,1.2038123105967418,field_r50,joint_powerlaw_80,11.501689931463789,0.9998494786002452,0.1,0.3,20,0.7654271098032954,0.4086996647528469,0.4086996647528469,0.9998603294270012
N500_plus_0.1pct,500,1.2038123105967418,field_r20,joint_powerlaw_80,11.501689931463789,0.9998494786002452,0.1,0.3,20,0.7654271098032954,0.3996239295308527,0.3996239295308527,0.9996075118519774
N500_plus_0.1pct,500,1.2038123105967418,mean_r2_signed_R8,joint_powerlaw_80,11.501689931463789,0.9998494786002452,0.1,0.3,20,0.7654271098032954,-0.06638761240934705,-0.03319380620467353,0.9581317236710408
N500_plus_0.1pct,500,1.2038123105967418,rms_signed_R4,joint_powerlaw_80,11.501689931463789,0.9998494786002452,0.2,0.6,40,0.7654271098032954,-0.011800894932528502,-0.011800894932528502,0.5103752477083932
N500_plus_0.1pct,500,1.2038123105967418,rms_signed_R8,joint_powerlaw_80,11.501689931463789,0.9998494786002452,0.2,0.6,40,0.7654271098032954,0.0011056887253478216,0.0011056887253478216,0.02714431938614159
N500_plus_0.1pct,500,1.2038123105967418,rms_signed_R12,joint_powerlaw_80,11.501689931463789,0.9998494786002452,0.2,0.6,40,0.7654271098032954,-0.005771659419003355,-0.005771659419003355,0.7639046397308228
N500_plus_0.1pct,500,1.2038123105967418,rms_absrho_R8,joint_powerlaw_80,11.501689931463789,0.9998494786002452,0.2,0.6,40,0.7654271098032954,0.3124357492146695,0.3124357492146695,0.9933191941951122
N500_plus_0.1pct,500,1.2038123105967418,rms_positive_rho_R8,joint_powerlaw_80,11.501689931463789,0.9998494786002452,0.2,0.6,40,0.7654271098032954,0.2011933460548958,0.2011933460548958,0.9895199075549659
N500_plus_0.1pct,500,1.2038123105967418,rms_gradient_R8,joint_powerlaw_80,11.501689931463789,0.9998494786002452,0.2,0.6,40,0.7654271098032954,0.3977990015131449,0.3977990015131449,0.9997500020547474
N500_plus_0.1pct,500,1.2038123105967418,field_r50,joint_powerlaw_80,11.501689931463789,0.9998494786002452,0.2,0.6,40,0.7654271098032954,0.4357004459735832,0.4357004459735832,0.9997062673552014
N500_plus_0.1pct,500,1.2038123105967418,field_r20,joint_powerlaw_80,11.501689931463789,0.9998494786002452,0.2,0.6,40,0.7654271098032954,0.467880373807808,0.467880373807808,0.9977497317228345
N500_plus_0.1pct,500,1.2038123105967418,mean_r2_signed_R8,joint_powerlaw_80,11.501689931463789,0.9998494786002452,0.2,0.6,40,0.7654271098032954,0.0022113774506950087,0.0011056887253475044,0.027144319386159355
N500_plus_0.1pct,500,1.2038123105967418,rms_signed_R4,joint_powerlaw_80,11.501689931463789,0.9998494786002452,0.4,1.0,60,0.7654271098032954,0.011072983706046072,0.011072983706046072,0.8386482510654196
N500_plus_0.1pct,500,1.2038123105967418,rms_signed_R8,joint_powerlaw_80,11.501689931463789,0.9998494786002452,0.4,1.0,60,0.7654271098032954,0.021162945666902043,0.021162945666902043,0.9902613792377885
N500_plus_0.1pct,500,1.2038123105967418,rms_signed_R12,joint_powerlaw_80,11.501689931463789,0.9998494786002452,0.4,1.0,60,0.7654271098032954,-0.0011477848679215578,-0.0011477848679215578,0.25295902787086233
N500_plus_0.1pct,500,1.2038123105967418,rms_absrho_R8,joint_powerlaw_80,11.501689931463789,0.9998494786002452,0.4,1.0,60,0.7654271098032954,0.20161608188803914,0.20161608188803914,0.9881666241403415
N500_plus_0.1pct,500,1.2038123105967418,rms_positive_rho_R8,joint_powerlaw_80,11.501689931463789,0.9998494786002452,0.4,1.0,60,0.7654271098032954,0.12371414053854887,0.12371414053854887,0.9878168093841616
N500_plus_0.1pct,500,1.2038123105967418,rms_gradient_R8,joint_powerlaw_80,11.501689931463789,0.9998494786002452,0.4,1.0,60,0.7654271098032954,0.33275357690378166,0.33275357690378166,0.9952015654163417
N500_plus_0.1pct,500,1.2038123105967418,field_r50,joint_powerlaw_80,11.501689931463789,0.9998494786002452,0.4,1.0,60,0.7654271098032954,0.48537471787751596,0.48537471787751596,0.9991537207573594
N500_plus_0.1pct,500,1.2038123105967418,field_r20,joint_powerlaw_80,11.501689931463789,0.9998494786002452,0.4,1.0,60,0.7654271098032954,0.47706580478027083,0.47706580478027083,0.9892197931234806
N500_plus_0.1pct,500,1.2038123105967418,mean_r2_signed_R8,joint_powerlaw_80,11.501689931463789,0.9998494786002452,0.4,1.0,60,0.7654271098032954,0.042325891333804086,0.021162945666902043,0.990261379237789
N500_plus_0.1pct,500,1.2038123105967418,rms_signed_R4,joint_powerlaw_80,11.501689931463789,0.9998494786002452,0.8,1.6,80,0.7654271098032954,-0.10022348114164427,-0.10022348114164427,0.8708670117107244
N500_plus_0.1pct,500,1.2038123105967418,rms_signed_R8,joint_powerlaw_80,11.501689931463789,0.9998494786002452,0.8,1.6,80,0.7654271098032954,-0.0035004210357529766,-0.0035004210357529766,0.06070947527354886
N500_plus_0.1pct,500,1.2038123105967418,rms_signed_R12,joint_powerlaw_80,11.501689931463789,0.9998494786002452,0.8,1.6,80,0.7654271098032954,-0.04622856657092737,-0.04622856657092737,0.8796669869212951
N500_plus_0.1pct,500,1.2038123105967418,rms_absrho_R8,joint_powerlaw_80,11.501689931463789,0.9998494786002452,0.8,1.6,80,0.7654271098032954,0.09025077476672444,0.09025077476672444,0.9463058405638439
N500_plus_0.1pct,500,1.2038123105967418,rms_positive_rho_R8,joint_powerlaw_80,11.501689931463789,0.9998494786002452,0.8,1.6,80,0.7654271098032954,0.04576914154366828,0.04576914154366828,0.8635626582435009
N500_plus_0.1pct,500,1.2038123105967418,rms_gradient_R8,joint_powerlaw_80,11.501689931463789,0.9998494786002452,0.8,1.6,80,0.7654271098032954,0.16673924096501253,0.16673924096501253,0.9570746608098065
N500_plus_0.1pct,500,1.2038123105967418,field_r50,joint_powerlaw_80,11.501689931463789,0.9998494786002452,0.8,1.6,80,0.7654271098032954,0.4223115132858517,0.4223115132858517,0.9695634911407864
N500_plus_0.1pct,500,1.2038123105967418,field_r20,joint_powerlaw_80,11.501689931463789,0.9998494786002452,0.8,1.6,80,0.7654271098032954,0.05075665232200278,0.05075665232200278,0.3468100564563462
N500_plus_0.1pct,500,1.2038123105967418,mean_r2_signed_R8,joint_powerlaw_80,11.501689931463789,0.9998494786002452,0.8,1.6,80,0.7654271098032954,-0.007000842071505953,-0.0035004210357529766,0.06070947527355064
N500_plus_0.01pct_phi30,500,1.2027299618659357,rms_signed_R4,field_2_4,15.671541771757484,0.9969105143548326,0.1,0.3,0,1.0,nan,nan,nan
N500_plus_0.01pct_phi30,500,1.2027299618659357,rms_signed_R8,field_2_4,15.671541771757484,0.9969105143548326,0.1,0.3,0,1.0,nan,nan,nan
N500_plus_0.01pct_phi30,500,1.2027299618659357,rms_signed_R12,field_2_4,15.671541771757484,0.9969105143548326,0.1,0.3,0,1.0,nan,nan,nan
N500_plus_0.01pct_phi30,500,1.2027299618659357,rms_absrho_R8,field_2_4,15.671541771757484,0.9969105143548326,0.1,0.3,0,1.0,nan,nan,nan
N500_plus_0.01pct_phi30,500,1.2027299618659357,rms_positive_rho_R8,field_2_4,15.671541771757484,0.9969105143548326,0.1,0.3,0,1.0,nan,nan,nan
N500_plus_0.01pct_phi30,500,1.2027299618659357,rms_gradient_R8,field_2_4,15.671541771757484,0.9969105143548326,0.1,0.3,0,1.0,nan,nan,nan
N500_plus_0.01pct_phi30,500,1.2027299618659357,field_r50,field_2_4,15.671541771757484,0.9969105143548326,0.1,0.3,0,1.0,nan,nan,nan
N500_plus_0.01pct_phi30,500,1.2027299618659357,field_r20,field_2_4,15.671541771757484,0.9969105143548326,0.1,0.3,0,1.0,nan,nan,nan
N500_plus_0.01pct_phi30,500,1.2027299618659357,mean_r2_signed_R8,field_2_4,15.671541771757484,0.9969105143548326,0.1,0.3,0,1.0,nan,nan,nan
N500_plus_0.01pct_phi30,500,1.2027299618659357,rms_signed_R4,field_2_4,15.671541771757484,0.9969105143548326,0.2,0.6,16,1.0,-0.5913827518380872,-0.5913827518380872,0.9387050593908429
N500_plus_0.01pct_phi30,500,1.2027299618659357,rms_signed_R8,field_2_4,15.671541771757484,0.9969105143548326,0.2,0.6,16,1.0,-0.30572265817273603,-0.30572265817273603,0.9148880266180502
N500_plus_0.01pct_phi30,500,1.2027299618659357,rms_signed_R12,field_2_4,15.671541771757484,0.9969105143548326,0.2,0.6,16,1.0,-0.2029752273751243,-0.2029752273751243,0.9267162997074313
N500_plus_0.01pct_phi30,500,1.2027299618659357,rms_absrho_R8,field_2_4,15.671541771757484,0.9969105143548326,0.2,0.6,16,1.0,2.4942625840061585,2.4942625840061585,0.9700245891902055
N500_plus_0.01pct_phi30,500,1.2027299618659357,rms_positive_rho_R8,field_2_4,15.671541771757484,0.9969105143548326,0.2,0.6,16,1.0,2.100359460921801,2.100359460921801,0.9574914819254254
N500_plus_0.01pct_phi30,500,1.2027299618659357,rms_gradient_R8,field_2_4,15.671541771757484,0.9969105143548326,0.2,0.6,16,1.0,2.1890549046440215,2.1890549046440215,0.9780319390877225
N500_plus_0.01pct_phi30,500,1.2027299618659357,field_r50,field_2_4,15.671541771757484,0.9969105143548326,0.2,0.6,16,1.0,2.167817936842737,2.167817936842737,0.9752634512620626
N500_plus_0.01pct_phi30,500,1.2027299618659357,field_r20,field_2_4,15.671541771757484,0.9969105143548326,0.2,0.6,16,1.0,2.0742678340117364,2.0742678340117364,0.9747054569393623
N500_plus_0.01pct_phi30,500,1.2027299618659357,mean_r2_signed_R8,field_2_4,15.671541771757484,0.9969105143548326,0.2,0.6,16,1.0,-0.6114453163454745,-0.30572265817273725,0.9148880266180509
N500_plus_0.01pct_phi30,500,1.2027299618659357,rms_signed_R4,field_2_4,15.671541771757484,0.9969105143548326,0.4,1.0,56,1.0,-0.14747146115663173,-0.14747146115663173,0.5689790147450264
N500_plus_0.01pct_phi30,500,1.2027299618659357,rms_signed_R8,field_2_4,15.671541771757484,0.9969105143548326,0.4,1.0,56,1.0,-0.054162838507371705,-0.054162838507371705,0.3737026474316658
N500_plus_0.01pct_phi30,500,1.2027299618659357,rms_signed_R12,field_2_4,15.671541771757484,0.9969105143548326,0.4,1.0,56,1.0,-0.03056450841705591,-0.03056450841705591,0.269134867648292
N500_plus_0.01pct_phi30,500,1.2027299618659357,rms_absrho_R8,field_2_4,15.671541771757484,0.9969105143548326,0.4,1.0,56,1.0,1.1810076728787826,1.1810076728787826,0.9005933096115784
N500_plus_0.01pct_phi30,500,1.2027299618659357,rms_positive_rho_R8,field_2_4,15.671541771757484,0.9969105143548326,0.4,1.0,56,1.0,0.8788712692736255,0.8788712692736255,0.8602838343130743
N500_plus_0.01pct_phi30,500,1.2027299618659357,rms_gradient_R8,field_2_4,15.671541771757484,0.9969105143548326,0.4,1.0,56,1.0,1.2483535830448922,1.2483535830448922,0.9514242976031184
N500_plus_0.01pct_phi30,500,1.2027299618659357,field_r50,field_2_4,15.671541771757484,0.9969105143548326,0.4,1.0,56,1.0,1.2442606391496014,1.2442606391496014,0.9564591736142398
N500_plus_0.01pct_phi30,500,1.2027299618659357,field_r20,field_2_4,15.671541771757484,0.9969105143548326,0.4,1.0,56,1.0,1.2357641430861674,1.2357641430861674,0.9654456156442205
N500_plus_0.01pct_phi30,500,1.2027299618659357,mean_r2_signed_R8,field_2_4,15.671541771757484,0.9969105143548326,0.4,1.0,56,1.0,-0.10832567701474341,-0.054162838507371705,0.37370264743166526
N500_plus_0.01pct_phi30,500,1.2027299618659357,rms_signed_R4,field_2_4,15.671541771757484,0.9969105143548326,0.8,1.6,80,1.0,0.05372401402982871,0.05372401402982871,0.9347915102526287
N500_plus_0.01pct_phi30,500,1.2027299618659357,rms_signed_R8,field_2_4,15.671541771757484,0.9969105143548326,0.8,1.6,80,1.0,0.03378018473832705,0.03378018473832705,0.9695071664794787
N500_plus_0.01pct_phi30,500,1.2027299618659357,rms_signed_R12,field_2_4,15.671541771757484,0.9969105143548326,0.8,1.6,80,1.0,0.06055526100084017,0.06055526100084017,0.9952131065415571
N500_plus_0.01pct_phi30,500,1.2027299618659357,rms_absrho_R8,field_2_4,15.671541771757484,0.9969105143548326,0.8,1.6,80,1.0,0.2904708440022553,0.2904708440022553,0.9560418946833615
N500_plus_0.01pct_phi30,500,1.2027299618659357,rms_positive_rho_R8,field_2_4,15.671541771757484,0.9969105143548326,0.8,1.6,80,1.0,0.17871260804388217,0.17871260804388217,0.950478014174049
N500_plus_0.01pct_phi30,500,1.2027299618659357,rms_gradient_R8,field_2_4,15.671541771757484,0.9969105143548326,0.8,1.6,80,1.0,0.49701413186158366,0.49701413186158366,0.9723694661124882
N500_plus_0.01pct_phi30,500,1.2027299618659357,field_r50,field_2_4,15.671541771757484,0.9969105143548326,0.8,1.6,80,1.0,0.7916995091212139,0.7916995091212139,0.999843948006588
N500_plus_0.01pct_phi30,500,1.2027299618659357,field_r20,field_2_4,15.671541771757484,0.9969105143548326,0.8,1.6,80,1.0,0.7833828895087032,0.7833828895087032,0.9771201373017715
N500_plus_0.01pct_phi30,500,1.2027299618659357,mean_r2_signed_R8,field_2_4,15.671541771757484,0.9969105143548326,0.8,1.6,80,1.0,0.06756036947665348,0.03378018473832674,0.969507166479479
N500_plus_0.01pct_phi30,500,1.2027299618659357,rms_signed_R4,field_4_8,15.369289197725951,0.9974622207204971,0.1,0.3,17,1.0,-0.23402541698063475,-0.23402541698063475,0.9592703531692539
N500_plus_0.01pct_phi30,500,1.2027299618659357,rms_signed_R8,field_4_8,15.369289197725951,0.9974622207204971,0.1,0.3,17,1.0,-0.12034695801048005,-0.12034695801048005,0.9370959176360656
N500_plus_0.01pct_phi30,500,1.2027299618659357,rms_signed_R12,field_4_8,15.369289197725951,0.9974622207204971,0.1,0.3,17,1.0,-0.07999429469543883,-0.07999429469543883,0.946996212035066
N500_plus_0.01pct_phi30,500,1.2027299618659357,rms_absrho_R8,field_4_8,15.369289197725951,0.9974622207204971,0.1,0.3,17,1.0,0.9971592686390759,0.9971592686390759,0.9857741896356786
N500_plus_0.01pct_phi30,500,1.2027299618659357,rms_positive_rho_R8,field_4_8,15.369289197725951,0.9974622207204971,0.1,0.3,17,1.0,0.8369631442960662,0.8369631442960662,0.976201579908968
N500_plus_0.01pct_phi30,500,1.2027299618659357,rms_gradient_R8,field_4_8,15.369289197725951,0.9974622207204971,0.1,0.3,17,1.0,0.8781553551889558,0.8781553551889558,0.9914865048671753
N500_plus_0.01pct_phi30,500,1.2027299618659357,field_r50,field_4_8,15.369289197725951,0.9974622207204971,0.1,0.3,17,1.0,0.8689052781938433,0.8689052781938433,0.9896583787749926
N500_plus_0.01pct_phi30,500,1.2027299618659357,field_r20,field_4_8,15.369289197725951,0.9974622207204971,0.1,0.3,17,1.0,0.8314721545459363,0.8314721545459363,0.9893216038657727
N500_plus_0.01pct_phi30,500,1.2027299618659357,mean_r2_signed_R8,field_4_8,15.369289197725951,0.9974622207204971,0.1,0.3,17,1.0,-0.2406939160209601,-0.12034695801048005,0.9370959176360656
N500_plus_0.01pct_phi30,500,1.2027299618659357,rms_signed_R4,field_4_8,15.369289197725951,0.9974622207204971,0.2,0.6,40,1.0,-0.04968662048609616,-0.04968662048609616,0.6997411686561239
N500_plus_0.01pct_phi30,500,1.2027299618659357,rms_signed_R8,field_4_8,15.369289197725951,0.9974622207204971,0.2,0.6,40,1.0,-0.01032581892479532,-0.01032581892479532,0.27051643994363805
N500_plus_0.01pct_phi30,500,1.2027299618659357,rms_signed_R12,field_4_8,15.369289197725951,0.9974622207204971,0.2,0.6,40,1.0,-0.005026514382831302,-0.005026514382831302,0.11673043149419893
N500_plus_0.01pct_phi30,500,1.2027299618659357,rms_absrho_R8,field_4_8,15.369289197725951,0.9974622207204971,0.2,0.6,40,1.0,0.5621814960700794,0.5621814960700794,0.9800293405064442
N500_plus_0.01pct_phi30,500,1.2027299618659357,rms_positive_rho_R8,field_4_8,15.369289197725951,0.9974622207204971,0.2,0.6,40,1.0,0.3965327015674769,0.3965327015674769,0.9678154978440889
N500_plus_0.01pct_phi30,500,1.2027299618659357,rms_gradient_R8,field_4_8,15.369289197725951,0.9974622207204971,0.2,0.6,40,1.0,0.6241825835668282,0.6241825835668282,0.9954758904362403
N500_plus_0.01pct_phi30,500,1.2027299618659357,field_r50,field_4_8,15.369289197725951,0.9974622207204971,0.2,0.6,40,1.0,0.6150630418924576,0.6150630418924576,0.9971374726775794
N500_plus_0.01pct_phi30,500,1.2027299618659357,field_r20,field_4_8,15.369289197725951,0.9974622207204971,0.2,0.6,40,1.0,0.6107483257364842,0.6107483257364842,0.9987771213824431
N500_plus_0.01pct_phi30,500,1.2027299618659357,mean_r2_signed_R8,field_4_8,15.369289197725951,0.9974622207204971,0.2,0.6,40,1.0,-0.02065163784959064,-0.01032581892479532,0.2705164399436366
N500_plus_0.01pct_phi30,500,1.2027299618659357,rms_signed_R4,field_4_8,15.369289197725951,0.9974622207204971,0.4,1.0,60,1.0,0.04054257809591124,0.04054257809591124,0.9542942827122456
N500_plus_0.01pct_phi30,500,1.2027299618659357,rms_signed_R8,field_4_8,15.369289197725951,0.9974622207204971,0.4,1.0,60,1.0,0.02697578812124106,0.02697578812124106,0.9941853920055469
N500_plus_0.01pct_phi30,500,1.2027299618659357,rms_signed_R12,field_4_8,15.369289197725951,0.9974622207204971,0.4,1.0,60,1.0,0.03940056147500048,0.03940056147500048,0.9769631621518323
N500_plus_0.01pct_phi30,500,1.2027299618659357,rms_absrho_R8,field_4_8,15.369289197725951,0.9974622207204971,0.4,1.0,60,1.0,0.2902176117860674,0.2902176117860674,0.977961784834602
N500_plus_0.01pct_phi30,500,1.2027299618659357,rms_positive_rho_R8,field_4_8,15.369289197725951,0.9974622207204971,0.4,1.0,60,1.0,0.18277964747133146,0.18277964747133146,0.9747660123454666
N500_plus_0.01pct_phi30,500,1.2027299618659357,rms_gradient_R8,field_4_8,15.369289197725951,0.9974622207204971,0.4,1.0,60,1.0,0.4496485960552191,0.4496485960552191,0.9924945797466758
N500_plus_0.01pct_phi30,500,1.2027299618659357,field_r50,field_4_8,15.369289197725951,0.9974622207204971,0.4,1.0,60,1.0,0.5607697389602713,0.5607697389602713,0.9999110729375137
N500_plus_0.01pct_phi30,500,1.2027299618659357,field_r20,field_4_8,15.369289197725951,0.9974622207204971,0.4,1.0,60,1.0,0.6346377475338675,0.6346377475338675,0.99915623833608
N500_plus_0.01pct_phi30,500,1.2027299618659357,mean_r2_signed_R8,field_4_8,15.369289197725951,0.9974622207204971,0.4,1.0,60,1.0,0.05395157624248297,0.026975788121241486,0.9941853920055471
N500_plus_0.01pct_phi30,500,1.2027299618659357,rms_signed_R4,field_4_8,15.369289197725951,0.9974622207204971,0.8,1.6,80,1.0,-0.02022768788017729,-0.02022768788017729,0.26894017193475284
N500_plus_0.01pct_phi30,500,1.2027299618659357,rms_signed_R8,field_4_8,15.369289197725951,0.9974622207204971,0.8,1.6,80,1.0,0.0018854916357395847,0.0018854916357395847,0.020972414068297973
N500_plus_0.01pct_phi30,500,1.2027299618659357,rms_signed_R12,field_4_8,15.369289197725951,0.9974622207204971,0.8,1.6,80,1.0,0.02494490001871552,0.02494490001871552,0.7599360577131978
N500_plus_0.01pct_phi30,500,1.2027299618659357,rms_absrho_R8,field_4_8,15.369289197725951,0.9974622207204971,0.8,1.6,80,1.0,0.11526061171093842,0.11526061171093842,0.9519293305989747
N500_plus_0.01pct_phi30,500,1.2027299618659357,rms_positive_rho_R8,field_4_8,15.369289197725951,0.9974622207204971,0.8,1.6,80,1.0,0.06237916352577336,0.06237916352577336,0.9039577669710274
N500_plus_0.01pct_phi30,500,1.2027299618659357,rms_gradient_R8,field_4_8,15.369289197725951,0.9974622207204971,0.8,1.6,80,1.0,0.21541955695806106,0.21541955695806106,0.9549895395628143
N500_plus_0.01pct_phi30,500,1.2027299618659357,field_r50,field_4_8,15.369289197725951,0.9974622207204971,0.8,1.6,80,1.0,0.5905680637920929,0.5905680637920929,0.9989406092473043
N500_plus_0.01pct_phi30,500,1.2027299618659357,field_r20,field_4_8,15.369289197725951,0.9974622207204971,0.8,1.6,80,1.0,0.2720057217717218,0.2720057217717218,0.826557162206614
N500_plus_0.01pct_phi30,500,1.2027299618659357,mean_r2_signed_R8,field_4_8,15.369289197725951,0.9974622207204971,0.8,1.6,80,1.0,0.0037709832714773977,0.0018854916357386989,0.020972414068301748
N500_plus_0.01pct_phi30,500,1.2027299618659357,rms_signed_R4,field_8_12,15.298079933244539,0.9998448078671981,0.1,0.3,20,1.0,-0.10161798296729403,-0.10161798296729403,0.9607581507024311
N500_plus_0.01pct_phi30,500,1.2027299618659357,rms_signed_R8,field_8_12,15.298079933244539,0.9998448078671981,0.1,0.3,20,1.0,-0.04424124044146021,-0.04424124044146021,0.916056796547186
N500_plus_0.01pct_phi30,500,1.2027299618659357,rms_signed_R12,field_8_12,15.298079933244539,0.9998448078671981,0.1,0.3,20,1.0,-0.031071138783664614,-0.031071138783664614,0.9259316811127875
N500_plus_0.01pct_phi30,500,1.2027299618659357,rms_absrho_R8,field_8_12,15.298079933244539,0.9998448078671981,0.1,0.3,20,1.0,0.5603084619734122,0.5603084619734122,0.9965209631162988
N500_plus_0.01pct_phi30,500,1.2027299618659357,rms_positive_rho_R8,field_8_12,15.298079933244539,0.9998448078671981,0.1,0.3,20,1.0,0.43418969864371915,0.43418969864371915,0.9914262870870185
N500_plus_0.01pct_phi30,500,1.2027299618659357,rms_gradient_R8,field_8_12,15.298079933244539,0.9998448078671981,0.1,0.3,20,1.0,0.5321963345411751,0.5321963345411751,0.9996056902535806
N500_plus_0.01pct_phi30,500,1.2027299618659357,field_r50,field_8_12,15.298079933244539,0.9998448078671981,0.1,0.3,20,1.0,0.5173908375879599,0.5173908375879599,0.999340268384075
N500_plus_0.01pct_phi30,500,1.2027299618659357,field_r20,field_8_12,15.298079933244539,0.9998448078671981,0.1,0.3,20,1.0,0.49598490635392445,0.49598490635392445,0.9994882613190645
N500_plus_0.01pct_phi30,500,1.2027299618659357,mean_r2_signed_R8,field_8_12,15.298079933244539,0.9998448078671981,0.1,0.3,20,1.0,-0.08848248088292042,-0.04424124044146021,0.9160567965471851
N500_plus_0.01pct_phi30,500,1.2027299618659357,rms_signed_R4,field_8_12,15.298079933244539,0.9998448078671981,0.2,0.6,40,1.0,-0.0077556463412059755,-0.0077556463412059755,0.16428195580315752
N500_plus_0.01pct_phi30,500,1.2027299618659357,rms_signed_R8,field_8_12,15.298079933244539,0.9998448078671981,0.2,0.6,40,1.0,0.008087702446056116,0.008087702446056116,0.5113711882181365
N500_plus_0.01pct_phi30,500,1.2027299618659357,rms_signed_R12,field_8_12,15.298079933244539,0.9998448078671981,0.2,0.6,40,1.0,0.01047104925870144,0.01047104925870144,0.6095971951895374
N500_plus_0.01pct_phi30,500,1.2027299618659357,rms_absrho_R8,field_8_12,15.298079933244539,0.9998448078671981,0.2,0.6,40,1.0,0.38330351260736906,0.38330351260736906,0.9898234147303863
N500_plus_0.01pct_phi30,500,1.2027299618659357,rms_positive_rho_R8,field_8_12,15.298079933244539,0.9998448078671981,0.2,0.6,40,1.0,0.2560957800487224,0.2560957800487224,0.9843604900939016
N500_plus_0.01pct_phi30,500,1.2027299618659357,rms_gradient_R8,field_8_12,15.298079933244539,0.9998448078671981,0.2,0.6,40,1.0,0.4744419553432441,0.4744419553432441,0.9989052313180282
N500_plus_0.01pct_phi30,500,1.2027299618659357,field_r50,field_8_12,15.298079933244539,0.9998448078671981,0.2,0.6,40,1.0,0.48168493658708017,0.48168493658708017,0.9999751937069752
N500_plus_0.01pct_phi30,500,1.2027299618659357,field_r20,field_8_12,15.298079933244539,0.9998448078671981,0.2,0.6,40,1.0,0.49486487748640035,0.49486487748640035,0.9993260440140717
N500_plus_0.01pct_phi30,500,1.2027299618659357,mean_r2_signed_R8,field_8_12,15.298079933244539,0.9998448078671981,0.2,0.6,40,1.0,0.01617540489211304,0.00808770244605652,0.5113711882181398
N500_plus_0.01pct_phi30,500,1.2027299618659357,rms_signed_R4,field_8_12,15.298079933244539,0.9998448078671981,0.4,1.0,60,1.0,0.04171472895896936,0.04171472895896936,0.9897678825101202
N500_plus_0.01pct_phi30,500,1.2027299618659357,rms_signed_R8,field_8_12,15.298079933244539,0.9998448078671981,0.4,1.0,60,1.0,0.02514276462873492,0.02514276462873492,0.9983410192650479
N500_plus_0.01pct_phi30,500,1.2027299618659357,rms_signed_R12,field_8_12,15.298079933244539,0.9998448078671981,0.4,1.0,60,1.0,0.03974233506708047,0.03974233506708047,0.9904917989677539
N500_plus_0.01pct_phi30,500,1.2027299618659357,rms_absrho_R8,field_8_12,15.298079933244539,0.9998448078671981,0.4,1.0,60,1.0,0.22644356049107714,0.22644356049107714,0.9834105031718268
N500_plus_0.01pct_phi30,500,1.2027299618659357,rms_positive_rho_R8,field_8_12,15.298079933244539,0.9998448078671981,0.4,1.0,60,1.0,0.14106326683575612,0.14106326683575612,0.9813515685007658
N500_plus_0.01pct_phi30,500,1.2027299618659357,rms_gradient_R8,field_8_12,15.298079933244539,0.9998448078671981,0.4,1.0,60,1.0,0.37217685130086564,0.37217685130086564,0.9936250018032037
N500_plus_0.01pct_phi30,500,1.2027299618659357,field_r50,field_8_12,15.298079933244539,0.9998448078671981,0.4,1.0,60,1.0,0.5089618246514369,0.5089618246514369,0.9993199225156382
N500_plus_0.01pct_phi30,500,1.2027299618659357,field_r20,field_8_12,15.298079933244539,0.9998448078671981,0.4,1.0,60,1.0,0.5741388834927708,0.5741388834927708,0.9988939678479283
N500_plus_0.01pct_phi30,500,1.2027299618659357,mean_r2_signed_R8,field_8_12,15.298079933244539,0.9998448078671981,0.4,1.0,60,1.0,0.05028552925746984,0.02514276462873492,0.9983410192650483
N500_plus_0.01pct_phi30,500,1.2027299618659357,rms_signed_R4,field_8_12,15.298079933244539,0.9998448078671981,0.8,1.6,80,1.0,-0.04128159438858364,-0.04128159438858364,0.5682505108630783
N500_plus_0.01pct_phi30,500,1.2027299618659357,rms_signed_R8,field_8_12,15.298079933244539,0.9998448078671981,0.8,1.6,80,1.0,-0.007364161519902689,-0.007364161519902689,0.191172599810164
N500_plus_0.01pct_phi30,500,1.2027299618659357,rms_signed_R12,field_8_12,15.298079933244539,0.9998448078671981,0.8,1.6,80,1.0,0.013899961229448993,0.013899961229448993,0.4296260068589053
N500_plus_0.01pct_phi30,500,1.2027299618659357,rms_absrho_R8,field_8_12,15.298079933244539,0.9998448078671981,0.8,1.6,80,1.0,0.09100196063622987,0.09100196063622987,0.932568739453596
N500_plus_0.01pct_phi30,500,1.2027299618659357,rms_positive_rho_R8,field_8_12,15.298079933244539,0.9998448078671981,0.8,1.6,80,1.0,0.04473103777014576,0.04473103777014576,0.8268454245107256
N500_plus_0.01pct_phi30,500,1.2027299618659357,rms_gradient_R8,field_8_12,15.298079933244539,0.9998448078671981,0.8,1.6,80,1.0,0.1719810337235067,0.1719810337235067,0.939660948902902
N500_plus_0.01pct_phi30,500,1.2027299618659357,field_r50,field_8_12,15.298079933244539,0.9998448078671981,0.8,1.6,80,1.0,0.5413674814479307,0.5413674814479307,0.9966952240033274
N500_plus_0.01pct_phi30,500,1.2027299618659357,field_r20,field_8_12,15.298079933244539,0.9998448078671981,0.8,1.6,80,1.0,0.17930802384704125,0.17930802384704125,0.7482505367415735
N500_plus_0.01pct_phi30,500,1.2027299618659357,mean_r2_signed_R8,field_8_12,15.298079933244539,0.9998448078671981,0.8,1.6,80,1.0,-0.014728323039805378,-0.007364161519902689,0.19117259981016343
N500_plus_0.01pct_phi30,500,1.2027299618659357,rms_signed_R4,field_12_20,15.284473773787095,0.9998964862196487,0.1,0.3,20,1.0,-0.08647031764283568,-0.08647031764283568,0.9630452147088818
N500_plus_0.01pct_phi30,500,1.2027299618659357,rms_signed_R8,field_12_20,15.284473773787095,0.9998964862196487,0.1,0.3,20,1.0,-0.0359351749261149,-0.0359351749261149,0.9141707657872582
N500_plus_0.01pct_phi30,500,1.2027299618659357,rms_signed_R12,field_12_20,15.284473773787095,0.9998964862196487,0.1,0.3,20,1.0,-0.025461611438249314,-0.025461611438249314,0.923736534767886
N500_plus_0.01pct_phi30,500,1.2027299618659357,rms_absrho_R8,field_12_20,15.284473773787095,0.9998964862196487,0.1,0.3,20,1.0,0.5073402239714786,0.5073402239714786,0.9977396344826767
N500_plus_0.01pct_phi30,500,1.2027299618659357,rms_positive_rho_R8,field_12_20,15.284473773787095,0.9998964862196487,0.1,0.3,20,1.0,0.38753644679692534,0.38753644679692534,0.9936795564024098
N500_plus_0.01pct_phi30,500,1.2027299618659357,rms_gradient_R8,field_12_20,15.284473773787095,0.9998964862196487,0.1,0.3,20,1.0,0.4897297444845058,0.4897297444845058,0.9999383496142182
N500_plus_0.01pct_phi30,500,1.2027299618659357,field_r50,field_12_20,15.284473773787095,0.9998964862196487,0.1,0.3,20,1.0,0.47501321525626383,0.47501321525626383,0.9998458568175354
N500_plus_0.01pct_phi30,500,1.2027299618659357,field_r20,field_12_20,15.284473773787095,0.9998964862196487,0.1,0.3,20,1.0,0.4559898710104437,0.4559898710104437,0.9999248195435528
N500_plus_0.01pct_phi30,500,1.2027299618659357,mean_r2_signed_R8,field_12_20,15.284473773787095,0.9998964862196487,0.1,0.3,20,1.0,-0.0718703498522298,-0.0359351749261149,0.9141707657872571
N500_plus_0.01pct_phi30,500,1.2027299618659357,rms_signed_R4,field_12_20,15.284473773787095,0.9998964862196487,0.2,0.6,40,1.0,-0.003960056162851227,-0.003960056162851227,0.05723434905834568
N500_plus_0.01pct_phi30,500,1.2027299618659357,rms_signed_R8,field_12_20,15.284473773787095,0.9998964862196487,0.2,0.6,40,1.0,0.009399021670122857,0.009399021670122857,0.6347183151740314
N500_plus_0.01pct_phi30,500,1.2027299618659357,rms_signed_R12,field_12_20,15.284473773787095,0.9998964862196487,0.2,0.6,40,1.0,0.011748326596903735,0.011748326596903735,0.6900697649589433
N500_plus_0.01pct_phi30,500,1.2027299618659357,rms_absrho_R8,field_12_20,15.284473773787095,0.9998964862196487,0.2,0.6,40,1.0,0.361268029430549,0.361268029430549,0.9909588750246016
N500_plus_0.01pct_phi30,500,1.2027299618659357,rms_positive_rho_R8,field_12_20,15.284473773787095,0.9998964862196487,0.2,0.6,40,1.0,0.23999449672399897,0.23999449672399897,0.9861561083623289
N500_plus_0.01pct_phi30,500,1.2027299618659357,rms_gradient_R8,field_12_20,15.284473773787095,0.9998964862196487,0.2,0.6,40,1.0,0.4536426478473057,0.4536426478473057,0.9991880036811825
N500_plus_0.01pct_phi30,500,1.2027299618659357,field_r50,field_12_20,15.284473773787095,0.9998964862196487,0.2,0.6,40,1.0,0.4633207631353748,0.4633207631353748,0.9999717614698898
N500_plus_0.01pct_phi30,500,1.2027299618659357,field_r20,field_12_20,15.284473773787095,0.9998964862196487,0.2,0.6,40,1.0,0.4785916111395065,0.4785916111395065,0.9989228332815847
N500_plus_0.01pct_phi30,500,1.2027299618659357,mean_r2_signed_R8,field_12_20,15.284473773787095,0.9998964862196487,0.2,0.6,40,1.0,0.018798043340245714,0.009399021670122857,0.6347183151740318
N500_plus_0.01pct_phi30,500,1.2027299618659357,rms_signed_R4,field_12_20,15.284473773787095,0.9998964862196487,0.4,1.0,60,1.0,0.04124787732106454,0.04124787732106454,0.991432799520775
N500_plus_0.01pct_phi30,500,1.2027299618659357,rms_signed_R8,field_12_20,15.284473773787095,0.9998964862196487,0.4,1.0,60,1.0,0.024640978437588012,0.024640978437588012,0.9983248938524361
N500_plus_0.01pct_phi30,500,1.2027299618659357,rms_signed_R12,field_12_20,15.284473773787095,0.9998964862196487,0.4,1.0,60,1.0,0.03940858458131501,0.03940858458131501,0.9915503378240975
N500_plus_0.01pct_phi30,500,1.2027299618659357,rms_absrho_R8,field_12_20,15.284473773787095,0.9998964862196487,0.4,1.0,60,1.0,0.2177623611071805,0.2177623611071805,0.9842046866642886
N500_plus_0.01pct_phi30,500,1.2027299618659357,rms_positive_rho_R8,field_12_20,15.284473773787095,0.9998964862196487,0.4,1.0,60,1.0,0.1354795639700823,0.1354795639700823,0.9822369919481394
N500_plus_0.01pct_phi30,500,1.2027299618659357,rms_gradient_R8,field_12_20,15.284473773787095,0.9998964862196487,0.4,1.0,60,1.0,0.360536624681809,0.360536624681809,0.993831683213152
N500_plus_0.01pct_phi30,500,1.2027299618659357,field_r50,field_12_20,15.284473773787095,0.9998964862196487,0.4,1.0,60,1.0,0.499967006175133,0.499967006175133,0.9991663466917815
N500_plus_0.01pct_phi30,500,1.2027299618659357,field_r20,field_12_20,15.284473773787095,0.9998964862196487,0.4,1.0,60,1.0,0.5622690323368582,0.5622690323368582,0.9987794070369628
N500_plus_0.01pct_phi30,500,1.2027299618659357,mean_r2_signed_R8,field_12_20,15.284473773787095,0.9998964862196487,0.4,1.0,60,1.0,0.049281956875176024,0.024640978437588012,0.9983248938524364
N500_plus_0.01pct_phi30,500,1.2027299618659357,rms_signed_R4,field_12_20,15.284473773787095,0.9998964862196487,0.8,1.6,80,1.0,-0.04418834656500924,-0.04418834656500924,0.5981320494006491
N500_plus_0.01pct_phi30,500,1.2027299618659357,rms_signed_R8,field_12_20,15.284473773787095,0.9998964862196487,0.8,1.6,80,1.0,-0.008732292914371508,-0.008732292914371508,0.24203951502414112
N500_plus_0.01pct_phi30,500,1.2027299618659357,rms_signed_R12,field_12_20,15.284473773787095,0.9998964862196487,0.8,1.6,80,1.0,0.012231989622601764,0.012231989622601764,0.3619542960756227
N500_plus_0.01pct_phi30,500,1.2027299618659357,rms_absrho_R8,field_12_20,15.284473773787095,0.9998964862196487,0.8,1.6,80,1.0,0.08748583148583537,0.08748583148583537,0.9284997073055139
N500_plus_0.01pct_phi30,500,1.2027299618659357,rms_positive_rho_R8,field_12_20,15.284473773787095,0.9998964862196487,0.8,1.6,80,1.0,0.04217570542773834,0.04217570542773834,0.8090034577893378
N500_plus_0.01pct_phi30,500,1.2027299618659357,rms_gradient_R8,field_12_20,15.284473773787095,0.9998964862196487,0.8,1.6,80,1.0,0.16567998381801372,0.16567998381801372,0.9367598177780011
N500_plus_0.01pct_phi30,500,1.2027299618659357,field_r50,field_12_20,15.284473773787095,0.9998964862196487,0.8,1.6,80,1.0,0.53231471302012,0.53231471302012,0.9961866277189451
N500_plus_0.01pct_phi30,500,1.2027299618659357,field_r20,field_12_20,15.284473773787095,0.9998964862196487,0.8,1.6,80,1.0,0.1669522218777296,0.1669522218777296,0.7333799815213184
N500_plus_0.01pct_phi30,500,1.2027299618659357,mean_r2_signed_R8,field_12_20,15.284473773787095,0.9998964862196487,0.8,1.6,80,1.0,-0.017464585828743016,-0.008732292914371508,0.24203951502414167
N500_plus_0.01pct_phi30,500,1.2027299618659357,rms_signed_R4,current_last40_rule,15.312268569303257,0.9946290536718426,0.1,0.3,20,1.0,-0.13198955026675016,-0.13198955026675016,0.9573637690397248
N500_plus_0.01pct_phi30,500,1.2027299618659357,rms_signed_R8,current_last40_rule,15.312268569303257,0.9946290536718426,0.1,0.3,20,1.0,-0.06257567703072825,-0.06257567703072825,0.9185849949700563
N500_plus_0.01pct_phi30,500,1.2027299618659357,rms_signed_R12,current_last40_rule,15.312268569303257,0.9946290536718426,0.1,0.3,20,1.0,-0.043185181548404304,-0.043185181548404304,0.9279924858095208
N500_plus_0.01pct_phi30,500,1.2027299618659357,rms_absrho_R8,current_last40_rule,15.312268569303257,0.9946290536718426,0.1,0.3,20,1.0,0.644250955706217,0.644250955706217,0.9942252856420064
N500_plus_0.01pct_phi30,500,1.2027299618659357,rms_positive_rho_R8,current_last40_rule,15.312268569303257,0.9946290536718426,0.1,0.3,20,1.0,0.5152952845462578,0.5152952845462578,0.9872737688438048
N500_plus_0.01pct_phi30,500,1.2027299618659357,rms_gradient_R8,current_last40_rule,15.312268569303257,0.9946290536718426,0.1,0.3,20,1.0,0.5926113108039378,0.5926113108039378,0.9985002455010353
N500_plus_0.01pct_phi30,500,1.2027299618659357,field_r50,current_last40_rule,15.312268569303257,0.9946290536718426,0.1,0.3,20,1.0,0.5797231868092013,0.5797231868092013,0.9978000444102753
N500_plus_0.01pct_phi30,500,1.2027299618659357,field_r20,current_last40_rule,15.312268569303257,0.9946290536718426,0.1,0.3,20,1.0,0.5548448042892195,0.5548448042892195,0.9979120132704691
N500_plus_0.01pct_phi30,500,1.2027299618659357,mean_r2_signed_R8,current_last40_rule,15.312268569303257,0.9946290536718426,0.1,0.3,20,1.0,-0.1251513540614565,-0.06257567703072825,0.9185849949700564
N500_plus_0.01pct_phi30,500,1.2027299618659357,rms_signed_R4,current_last40_rule,15.312268569303257,0.9946290536718426,0.2,0.6,40,1.0,-0.016381649774193492,-0.016381649774193492,0.39939277895050107
N500_plus_0.01pct_phi30,500,1.2027299618659357,rms_signed_R8,current_last40_rule,15.312268569303257,0.9946290536718426,0.2,0.6,40,1.0,0.004463446686452452,0.004463446686452452,0.1810694648068959
N500_plus_0.01pct_phi30,500,1.2027299618659357,rms_signed_R12,current_last40_rule,15.312268569303257,0.9946290536718426,0.2,0.6,40,1.0,0.007041137153683003,0.007041137153683003,0.3645141615753551
N500_plus_0.01pct_phi30,500,1.2027299618659357,rms_absrho_R8,current_last40_rule,15.312268569303257,0.9946290536718426,0.2,0.6,40,1.0,0.41739005766127996,0.41739005766127996,0.9883318677238747
N500_plus_0.01pct_phi30,500,1.2027299618659357,rms_positive_rho_R8,current_last40_rule,15.312268569303257,0.9946290536718426,0.2,0.6,40,1.0,0.2824943923999182,0.2824943923999182,0.9815906577705649
N500_plus_0.01pct_phi30,500,1.2027299618659357,rms_gradient_R8,current_last40_rule,15.312268569303257,0.9946290536718426,0.2,0.6,40,1.0,0.5014013938867518,0.5014013938867518,0.9985503959684078
N500_plus_0.01pct_phi30,500,1.2027299618659357,field_r50,current_last40_rule,15.312268569303257,0.9946290536718426,0.2,0.6,40,1.0,0.5035727030758219,0.5035727030758219,0.9998298412298551
N500_plus_0.01pct_phi30,500,1.2027299618659357,field_r20,current_last40_rule,15.312268569303257,0.9946290536718426,0.2,0.6,40,1.0,0.5118881578084568,0.5118881578084568,0.9997155777827796
N500_plus_0.01pct_phi30,500,1.2027299618659357,mean_r2_signed_R8,current_last40_rule,15.312268569303257,0.9946290536718426,0.2,0.6,40,1.0,0.008926893372905224,0.004463446686452612,0.1810694648068928
N500_plus_0.01pct_phi30,500,1.2027299618659357,rms_signed_R4,current_last40_rule,15.312268569303257,0.9946290536718426,0.4,1.0,60,1.0,0.04151667446841049,0.04151667446841049,0.984215065493585
N500_plus_0.01pct_phi30,500,1.2027299618659357,rms_signed_R8,current_last40_rule,15.312268569303257,0.9946290536718426,0.4,1.0,60,1.0,0.025566505067991716,0.025566505067991716,0.9980139587130855
N500_plus_0.01pct_phi30,500,1.2027299618659357,rms_signed_R12,current_last40_rule,15.312268569303257,0.9946290536718426,0.4,1.0,60,1.0,0.03947740269002744,0.03947740269002744,0.9874565700199179
N500_plus_0.01pct_phi30,500,1.2027299618659357,rms_absrho_R8,current_last40_rule,15.312268569303257,0.9946290536718426,0.4,1.0,60,1.0,0.24026401098711045,0.24026401098711045,0.9823487091239133
N500_plus_0.01pct_phi30,500,1.2027299618659357,rms_positive_rho_R8,current_last40_rule,15.312268569303257,0.9946290536718426,0.4,1.0,60,1.0,0.15008655350013592,0.15008655350013592,0.980092508433663
N500_plus_0.01pct_phi30,500,1.2027299618659357,rms_gradient_R8,current_last40_rule,15.312268569303257,0.9946290536718426,0.4,1.0,60,1.0,0.38879849503153746,0.38879849503153746,0.9935571871787515
N500_plus_0.01pct_phi30,500,1.2027299618659357,field_r50,current_last40_rule,15.312268569303257,0.9946290536718426,0.4,1.0,60,1.0,0.5172543352042395,0.5172543352042395,0.9994897011944055
N500_plus_0.01pct_phi30,500,1.2027299618659357,field_r20,current_last40_rule,15.312268569303257,0.9946290536718426,0.4,1.0,60,1.0,0.585859513255393,0.585859513255393,0.9989758103984678
N500_plus_0.01pct_phi30,500,1.2027299618659357,mean_r2_signed_R8,current_last40_rule,15.312268569303257,0.9946290536718426,0.4,1.0,60,1.0,0.05113301013598343,0.025566505067991716,0.9980139587130857
N500_plus_0.01pct_phi30,500,1.2027299618659357,rms_signed_R4,current_last40_rule,15.312268569303257,0.9946290536718426,0.8,1.6,80,1.0,-0.03500043921572214,-0.03500043921572214,0.4984460414889357
N500_plus_0.01pct_phi30,500,1.2027299618659357,rms_signed_R8,current_last40_rule,15.312268569303257,0.9946290536718426,0.8,1.6,80,1.0,-0.004595429528737962,-0.004595429528737962,0.09253634143854239
N500_plus_0.01pct_phi30,500,1.2027299618659357,rms_signed_R12,current_last40_rule,15.312268569303257,0.9946290536718426,0.8,1.6,80,1.0,0.017043891432942472,0.017043891432942472,0.5516790554553346
N500_plus_0.01pct_phi30,500,1.2027299618659357,rms_absrho_R8,current_last40_rule,15.312268569303257,0.9946290536718426,0.8,1.6,80,1.0,0.09714151413057409,0.09714151413057409,0.9399323417097604
N500_plus_0.01pct_phi30,500,1.2027299618659357,rms_positive_rho_R8,current_last40_rule,15.312268569303257,0.9946290536718426,0.8,1.6,80,1.0,0.04939392344370073,0.04939392344370073,0.8567511838552531
N500_plus_0.01pct_phi30,500,1.2027299618659357,rms_gradient_R8,current_last40_rule,15.312268569303257,0.9946290536718426,0.8,1.6,80,1.0,0.1829109539785645,0.1829109539785645,0.9452119598715849
N500_plus_0.01pct_phi30,500,1.2027299618659357,field_r50,current_last40_rule,15.312268569303257,0.9946290536718426,0.8,1.6,80,1.0,0.5529336615387961,0.5529336615387961,0.997606192065864
N500_plus_0.01pct_phi30,500,1.2027299618659357,field_r20,current_last40_rule,15.312268569303257,0.9946290536718426,0.8,1.6,80,1.0,0.20306476947173152,0.20306476947173152,0.7752279212032045
N500_plus_0.01pct_phi30,500,1.2027299618659357,mean_r2_signed_R8,current_last40_rule,15.312268569303257,0.9946290536718426,0.8,1.6,80,1.0,-0.009190859057475027,-0.004595429528737514,0.09253634143853973
N500_plus_0.01pct_phi30,500,1.2027299618659357,rms_signed_R4,joint_powerlaw_20,15.269524544476983,0.9999691148966753,0.1,0.3,20,0.8509302288980495,-0.06728303309154808,-0.06728303309154808,0.9615684121646936
N500_plus_0.01pct_phi30,500,1.2027299618659357,rms_signed_R8,joint_powerlaw_20,15.269524544476983,0.9999691148966753,0.1,0.3,20,0.8509302288980495,-0.025076142358326135,-0.025076142358326135,0.896066067765325
N500_plus_0.01pct_phi30,500,1.2027299618659357,rms_signed_R12,joint_powerlaw_20,15.269524544476983,0.9999691148966753,0.1,0.3,20,0.8509302288980495,-0.018063065554020864,-0.018063065554020864,0.9039592727318511
N500_plus_0.01pct_phi30,500,1.2027299618659357,rms_absrho_R8,joint_powerlaw_20,15.269524544476983,0.9999691148966753,0.1,0.3,20,0.8509302288980495,0.45049464902664355,0.45049464902664355,0.9985974955020046
N500_plus_0.01pct_phi30,500,1.2027299618659357,rms_positive_rho_R8,joint_powerlaw_20,15.269524544476983,0.9999691148966753,0.1,0.3,20,0.8509302288980495,0.33506013653158884,0.33506013653158884,0.9956226912489315
N500_plus_0.01pct_phi30,500,1.2027299618659357,rms_gradient_R8,joint_powerlaw_20,15.269524544476983,0.9999691148966753,0.1,0.3,20,0.8509302288980495,0.44940021050505996,0.44940021050505996,0.9999888264646468
N500_plus_0.01pct_phi30,500,1.2027299618659357,field_r50,joint_powerlaw_20,15.269524544476983,0.9999691148966753,0.1,0.3,20,0.8509302288980495,0.43455997440730537,0.43455997440730537,0.9999992295126218
N500_plus_0.01pct_phi30,500,1.2027299618659357,field_r20,joint_powerlaw_20,15.269524544476983,0.9999691148966753,0.1,0.3,20,0.8509302288980495,0.41874691581833234,0.41874691581833234,0.9999533149984856
N500_plus_0.01pct_phi30,500,1.2027299618659357,mean_r2_signed_R8,joint_powerlaw_20,15.269524544476983,0.9999691148966753,0.1,0.3,20,0.8509302288980495,-0.050152284716652826,-0.025076142358326413,0.8960660677653245
N500_plus_0.01pct_phi30,500,1.2027299618659357,rms_signed_R4,joint_powerlaw_20,15.269524544476983,0.9999691148966753,0.2,0.6,40,0.8509302288980495,0.0025296534210717337,0.0025296534210717337,0.030896526930110024
N500_plus_0.01pct_phi30,500,1.2027299618659357,rms_signed_R8,joint_powerlaw_20,15.269524544476983,0.9999691148966753,0.2,0.6,40,0.8509302288980495,0.011843866621892725,0.011843866621892725,0.7953418073109829
N500_plus_0.01pct_phi30,500,1.2027299618659357,rms_signed_R12,joint_powerlaw_20,15.269524544476983,0.9999691148966753,0.2,0.6,40,0.8509302288980495,0.01437681725262238,0.01437681725262238,0.7993709479017885
N500_plus_0.01pct_phi30,500,1.2027299618659357,rms_absrho_R8,joint_powerlaw_20,15.269524544476983,0.9999691148966753,0.2,0.6,40,0.8509302288980495,0.3331478811794105,0.3331478811794105,0.9920639668207699
N500_plus_0.01pct_phi30,500,1.2027299618659357,rms_positive_rho_R8,joint_powerlaw_20,15.269524544476983,0.9999691148966753,0.2,0.6,40,0.8509302288980495,0.21902533951777903,0.21902533951777903,0.9881770174256969
N500_plus_0.01pct_phi30,500,1.2027299618659357,rms_gradient_R8,joint_powerlaw_20,15.269524544476983,0.9999691148966753,0.2,0.6,40,0.8509302288980495,0.4303253288094652,0.4303253288094652,0.9993784795518098
N500_plus_0.01pct_phi30,500,1.2027299618659357,field_r50,joint_powerlaw_20,15.269524544476983,0.9999691148966753,0.2,0.6,40,0.8509302288980495,0.4453719171803547,0.4453719171803547,0.9998572047460491
N500_plus_0.01pct_phi30,500,1.2027299618659357,field_r20,joint_powerlaw_20,15.269524544476983,0.9999691148966753,0.2,0.6,40,0.8509302288980495,0.4652927568993321,0.4652927568993321,0.9982998587892138
N500_plus_0.01pct_phi30,500,1.2027299618659357,mean_r2_signed_R8,joint_powerlaw_20,15.269524544476983,0.9999691148966753,0.2,0.6,40,0.8509302288980495,0.02368773324378594,0.01184386662189297,0.7953418073109803
N500_plus_0.01pct_phi30,500,1.2027299618659357,rms_signed_R4,joint_powerlaw_20,15.269524544476983,0.9999691148966753,0.4,1.0,60,0.8509302288980495,0.0408615819219958,0.0408615819219958,0.9934681368823554
N500_plus_0.01pct_phi30,500,1.2027299618659357,rms_signed_R8,joint_powerlaw_20,15.269524544476983,0.9999691148966753,0.4,1.0,60,0.8509302288980495,0.02405471108821027,0.02405471108821027,0.997979969166126
N500_plus_0.01pct_phi30,500,1.2027299618659357,rms_signed_R12,joint_powerlaw_20,15.269524544476983,0.9999691148966753,0.4,1.0,60,0.8509302288980495,0.039401612394158216,0.039401612394158216,0.9936980166275416
N500_plus_0.01pct_phi30,500,1.2027299618659357,rms_absrho_R8,joint_powerlaw_20,15.269524544476983,0.9999691148966753,0.4,1.0,60,0.8509302288980495,0.20545810037279605,0.20545810037279605,0.9851304958756577
N500_plus_0.01pct_phi30,500,1.2027299618659357,rms_positive_rho_R8,joint_powerlaw_20,15.269524544476983,0.9999691148966753,0.4,1.0,60,0.8509302288980495,0.12750477166404908,0.12750477166404908,0.9832643895174109
N500_plus_0.01pct_phi30,500,1.2027299618659357,rms_gradient_R8,joint_powerlaw_20,15.269524544476983,0.9999691148966753,0.4,1.0,60,0.8509302288980495,0.34494250004344834,0.34494250004344834,0.9938589671484891
N500_plus_0.01pct_phi30,500,1.2027299618659357,field_r50,joint_powerlaw_20,15.269524544476983,0.9999691148966753,0.4,1.0,60,0.8509302288980495,0.4922794911656274,0.4922794911656274,0.9989775823521012
N500_plus_0.01pct_phi30,500,1.2027299618659357,field_r20,joint_powerlaw_20,15.269524544476983,0.9999691148966753,0.4,1.0,60,0.8509302288980495,0.5489931830391022,0.5489931830391022,0.998462667390346
N500_plus_0.01pct_phi30,500,1.2027299618659357,mean_r2_signed_R8,joint_powerlaw_20,15.269524544476983,0.9999691148966753,0.4,1.0,60,0.8509302288980495,0.04810942217642054,0.02405471108821027,0.9979799691661262
N500_plus_0.01pct_phi30,500,1.2027299618659357,rms_signed_R4,joint_powerlaw_20,15.269524544476983,0.9999691148966753,0.8,1.6,80,0.8509302288980495,-0.05054380236516696,-0.05054380236516696,0.6509340829980443
N500_plus_0.01pct_phi30,500,1.2027299618659357,rms_signed_R8,joint_powerlaw_20,15.269524544476983,0.9999691148966753,0.8,1.6,80,0.8509302288980495,-0.011644024987999267,-0.011644024987999267,0.33948206183404606
N500_plus_0.01pct_phi30,500,1.2027299618659357,rms_signed_R12,joint_powerlaw_20,15.269524544476983,0.9999691148966753,0.8,1.6,80,0.8509302288980495,0.008968022762143346,0.008968022762143346,0.2203133296481138
N500_plus_0.01pct_phi30,500,1.2027299618659357,rms_absrho_R8,joint_powerlaw_20,15.269524544476983,0.9999691148966753,0.8,1.6,80,0.8509302288980495,0.08148785355914902,0.08148785355914902,0.918305668587564
N500_plus_0.01pct_phi30,500,1.2027299618659357,rms_positive_rho_R8,joint_powerlaw_20,15.269524544476983,0.9999691148966753,0.8,1.6,80,0.8509302288980495,0.03753764651277544,0.03753764651277544,0.7642467398668975
N500_plus_0.01pct_phi30,500,1.2027299618659357,rms_gradient_R8,joint_powerlaw_20,15.269524544476983,0.9999691148966753,0.8,1.6,80,0.8509302288980495,0.15507020196792629,0.15507020196792629,0.9296195014208462
N500_plus_0.01pct_phi30,500,1.2027299618659357,field_r50,joint_powerlaw_20,15.269524544476983,0.9999691148966753,0.8,1.6,80,0.8509302288980495,0.5195458589593976,0.5195458589593976,0.9948525745970133
N500_plus_0.01pct_phi30,500,1.2027299618659357,field_r20,joint_powerlaw_20,15.269524544476983,0.9999691148966753,0.8,1.6,80,0.8509302288980495,0.1449592382971582,0.1449592382971582,0.698106950084352
N500_plus_0.01pct_phi30,500,1.2027299618659357,mean_r2_signed_R8,joint_powerlaw_20,15.269524544476983,0.9999691148966753,0.8,1.6,80,0.8509302288980495,-0.02328804997599739,-0.011644024987998694,0.33948206183404694
N500_plus_0.01pct_phi30,500,1.2027299618659357,rms_signed_R4,joint_powerlaw_40,15.263400960844605,0.9997626812819341,0.1,0.3,20,0.7894316923809107,-0.06505530186223595,-0.06505530186223595,0.9634117811440629
N500_plus_0.01pct_phi30,500,1.2027299618659357,rms_signed_R8,joint_powerlaw_40,15.263400960844605,0.9997626812819341,0.1,0.3,20,0.7894316923809107,-0.024262565297175347,-0.024262565297175347,0.8990203176380439
N500_plus_0.01pct_phi30,500,1.2027299618659357,rms_signed_R12,joint_powerlaw_40,15.263400960844605,0.9997626812819341,0.1,0.3,20,0.7894316923809107,-0.01747567528007631,-0.01747567528007631,0.9067997144396873
N500_plus_0.01pct_phi30,500,1.2027299618659357,rms_absrho_R8,joint_powerlaw_40,15.263400960844605,0.9997626812819341,0.1,0.3,20,0.7894316923809107,0.43523469771174295,0.43523469771174295,0.9989315144629846
N500_plus_0.01pct_phi30,500,1.2027299618659357,rms_positive_rho_R8,joint_powerlaw_40,15.263400960844605,0.9997626812819341,0.1,0.3,20,0.7894316923809107,0.3237564470325168,0.3237564470325168,0.996239159163953
N500_plus_0.01pct_phi30,500,1.2027299618659357,rms_gradient_R8,joint_powerlaw_40,15.263400960844605,0.9997626812819341,0.1,0.3,20,0.7894316923809107,0.43409309282530695,0.43409309282530695,0.9999351828432165
N500_plus_0.01pct_phi30,500,1.2027299618659357,field_r50,joint_powerlaw_40,15.263400960844605,0.9997626812819341,0.1,0.3,20,0.7894316923809107,0.4197628619674454,0.4197628619674454,0.9999671621739868
N500_plus_0.01pct_phi30,500,1.2027299618659357,field_r20,joint_powerlaw_40,15.263400960844605,0.9997626812819341,0.1,0.3,20,0.7894316923809107,0.40447728582292,0.40447728582292,0.9998670386387225
N500_plus_0.01pct_phi30,500,1.2027299618659357,mean_r2_signed_R8,joint_powerlaw_40,15.263400960844605,0.9997626812819341,0.1,0.3,20,0.7894316923809107,-0.048525130594350784,-0.024262565297175392,0.8990203176380416
N500_plus_0.01pct_phi30,500,1.2027299618659357,rms_signed_R4,joint_powerlaw_40,15.263400960844605,0.9997626812819341,0.2,0.6,40,0.7894316923809107,0.0024514172420008833,0.0024514172420008833,0.030043028500396085
N500_plus_0.01pct_phi30,500,1.2027299618659357,rms_signed_R8,joint_powerlaw_40,15.263400960844605,0.9997626812819341,0.2,0.6,40,0.7894316923809107,0.01162474125905003,0.01162474125905003,0.7933320654902325
N500_plus_0.01pct_phi30,500,1.2027299618659357,rms_signed_R12,joint_powerlaw_40,15.263400960844605,0.9997626812819341,0.2,0.6,40,0.7894316923809107,0.01411113026485312,0.01411113026485312,0.7973850329548611
N500_plus_0.01pct_phi30,500,1.2027299618659357,rms_absrho_R8,joint_powerlaw_40,15.263400960844605,0.9997626812819341,0.2,0.6,40,0.7894316923809107,0.327469388535501,0.327469388535501,0.9924956327665544
N500_plus_0.01pct_phi30,500,1.2027299618659357,rms_positive_rho_R8,joint_powerlaw_40,15.263400960844605,0.9997626812819341,0.2,0.6,40,0.7894316923809107,0.2153029656738042,0.2153029656738042,0.988707140367998
N500_plus_0.01pct_phi30,500,1.2027299618659357,rms_gradient_R8,joint_powerlaw_40,15.263400960844605,0.9997626812819341,0.2,0.6,40,0.7894316923809107,0.42292194566902486,0.42292194566902486,0.9994895083088966
N500_plus_0.01pct_phi30,500,1.2027299618659357,field_r50,joint_powerlaw_40,15.263400960844605,0.9997626812819341,0.2,0.6,40,0.7894316923809107,0.4376717887380152,0.4376717887380152,0.9997952101334844
N500_plus_0.01pct_phi30,500,1.2027299618659357,field_r20,joint_powerlaw_40,15.263400960844605,0.9997626812819341,0.2,0.6,40,0.7894316923809107,0.4572161195779459,0.4572161195779459,0.9980978371453333
N500_plus_0.01pct_phi30,500,1.2027299618659357,mean_r2_signed_R8,joint_powerlaw_40,15.263400960844605,0.9997626812819341,0.2,0.6,40,0.7894316923809107,0.02324948251810006,0.01162474125905003,0.793332065490232
N500_plus_0.01pct_phi30,500,1.2027299618659357,rms_signed_R4,joint_powerlaw_40,15.263400960844605,0.9997626812819341,0.4,1.0,60,0.7894316923809107,0.0404703543696078,0.0404703543696078,0.9934052582855969
N500_plus_0.01pct_phi30,500,1.2027299618659357,rms_signed_R8,joint_powerlaw_40,15.263400960844605,0.9997626812819341,0.4,1.0,60,0.7894316923809107,0.023825649406195835,0.023825649406195835,0.9980214540460339
N500_plus_0.01pct_phi30,500,1.2027299618659357,rms_signed_R12,joint_powerlaw_40,15.263400960844605,0.9997626812819341,0.4,1.0,60,0.7894316923809107,0.03902220609202765,0.03902220609202765,0.9935252752218907
N500_plus_0.01pct_phi30,500,1.2027299618659357,rms_absrho_R8,joint_powerlaw_40,15.263400960844605,0.9997626812819341,0.4,1.0,60,0.7894316923809107,0.20352576165514485,0.20352576165514485,0.9854052079531807
N500_plus_0.01pct_phi30,500,1.2027299618659357,rms_positive_rho_R8,joint_powerlaw_40,15.263400960844605,0.9997626812819341,0.4,1.0,60,0.7894316923809107,0.12630668522876584,0.12630668522876584,0.9835557005078667
N500_plus_0.01pct_phi30,500,1.2027299618659357,rms_gradient_R8,joint_powerlaw_40,15.263400960844605,0.9997626812819341,0.4,1.0,60,0.7894316923809107,0.3416805930205365,0.3416805930205365,0.9940330421341673
N500_plus_0.01pct_phi30,500,1.2027299618659357,field_r50,joint_powerlaw_40,15.263400960844605,0.9997626812819341,0.4,1.0,60,0.7894316923809107,0.48756382213187316,0.48756382213187316,0.9989046885793597
N500_plus_0.01pct_phi30,500,1.2027299618659357,field_r20,joint_powerlaw_40,15.263400960844605,0.9997626812819341,0.4,1.0,60,0.7894316923809107,0.5437540140128845,0.5437540140128845,0.9984624321129023
N500_plus_0.01pct_phi30,500,1.2027299618659357,mean_r2_signed_R8,joint_powerlaw_40,15.263400960844605,0.9997626812819341,0.4,1.0,60,0.7894316923809107,0.047651298812390316,0.023825649406195158,0.9980214540460342
N500_plus_0.01pct_phi30,500,1.2027299618659357,rms_signed_R4,joint_powerlaw_40,15.263400960844605,0.9997626812819341,0.8,1.6,80,0.7894316923809107,-0.05025508617387231,-0.05025508617387231,0.6504847409681964
N500_plus_0.01pct_phi30,500,1.2027299618659357,rms_signed_R8,joint_powerlaw_40,15.263400960844605,0.9997626812819341,0.8,1.6,80,0.7894316923809107,-0.011574101736693494,-0.011574101736693494,0.3390478876314016
N500_plus_0.01pct_phi30,500,1.2027299618659357,rms_signed_R12,joint_powerlaw_40,15.263400960844605,0.9997626812819341,0.8,1.6,80,0.7894316923809107,0.008927652787674854,0.008927652787674854,0.2206977123432462
N500_plus_0.01pct_phi30,500,1.2027299618659357,rms_absrho_R8,joint_powerlaw_40,15.263400960844605,0.9997626812819341,0.8,1.6,80,0.7894316923809107,0.08106184176076867,0.08106184176076867,0.918565903020134
N500_plus_0.01pct_phi30,500,1.2027299618659357,rms_positive_rho_R8,joint_powerlaw_40,15.263400960844605,0.9997626812819341,0.8,1.6,80,0.7894316923809107,0.03734587372836362,0.03734587372836362,0.7646463880071166
N500_plus_0.01pct_phi30,500,1.2027299618659357,rms_gradient_R8,joint_powerlaw_40,15.263400960844605,0.9997626812819341,0.8,1.6,80,0.7894316923809107,0.1542579385530411,0.1542579385530411,0.929864024329024
N500_plus_0.01pct_phi30,500,1.2027299618659357,field_r50,joint_powerlaw_40,15.263400960844605,0.9997626812819341,0.8,1.6,80,0.7894316923809107,0.5167703417598201,0.5167703417598201,0.9949058693760792
N500_plus_0.01pct_phi30,500,1.2027299618659357,field_r20,joint_powerlaw_40,15.263400960844605,0.9997626812819341,0.8,1.6,80,0.7894316923809107,0.1442267923378824,0.1442267923378824,0.6985507010567965
N500_plus_0.01pct_phi30,500,1.2027299618659357,mean_r2_signed_R8,joint_powerlaw_40,15.263400960844605,0.9997626812819341,0.8,1.6,80,0.7894316923809107,-0.023148203473387884,-0.011574101736693942,0.33904788763140203
N500_plus_0.01pct_phi30,500,1.2027299618659357,rms_signed_R4,joint_powerlaw_80,15.262291267562793,0.9996940830844067,0.1,0.3,20,0.7792923205634483,-0.06465024452789023,-0.06465024452789023,0.9637560774298217
N500_plus_0.01pct_phi30,500,1.2027299618659357,rms_signed_R8,joint_powerlaw_80,15.262291267562793,0.9996940830844067,0.1,0.3,20,0.7792923205634483,-0.024114639489598126,-0.024114639489598126,0.8995759697255951
N500_plus_0.01pct_phi30,500,1.2027299618659357,rms_signed_R12,joint_powerlaw_80,15.262291267562793,0.9996940830844067,0.1,0.3,20,0.7792923205634483,-0.01736887361401133,-0.01736887361401133,0.9073335667527824
N500_plus_0.01pct_phi30,500,1.2027299618659357,rms_absrho_R8,joint_powerlaw_80,15.262291267562793,0.9996940830844067,0.1,0.3,20,0.7792923205634483,0.43246002998523897,0.43246002998523897,0.9989893699582888
N500_plus_0.01pct_phi30,500,1.2027299618659357,rms_positive_rho_R8,joint_powerlaw_80,15.262291267562793,0.9996940830844067,0.1,0.3,20,0.7792923205634483,0.3217011421506274,0.3217011421506274,0.9963506061023384
N500_plus_0.01pct_phi30,500,1.2027299618659357,rms_gradient_R8,joint_powerlaw_80,15.262291267562793,0.9996940830844067,0.1,0.3,20,0.7792923205634483,0.4313098494470991,0.4313098494470991,0.9999195877300896
N500_plus_0.01pct_phi30,500,1.2027299618659357,field_r50,joint_powerlaw_80,15.262291267562793,0.9996940830844067,0.1,0.3,20,0.7792923205634483,0.41707235666823106,0.41707235666823106,0.9999556806316204
N500_plus_0.01pct_phi30,500,1.2027299618659357,field_r20,joint_powerlaw_80,15.262291267562793,0.9996940830844067,0.1,0.3,20,0.7792923205634483,0.40188269436912266,0.40188269436912266,0.9998453063761531
N500_plus_0.01pct_phi30,500,1.2027299618659357,mean_r2_signed_R8,joint_powerlaw_80,15.262291267562793,0.9996940830844067,0.1,0.3,20,0.7792923205634483,-0.04822927897919641,-0.024114639489598206,0.8995759697255946
N500_plus_0.01pct_phi30,500,1.2027299618659357,rms_signed_R4,joint_powerlaw_80,15.262291267562793,0.9996940830844067,0.2,0.6,40,0.7792923205634483,0.0024372125221886064,0.0024372125221886064,0.029886072738200986
N500_plus_0.01pct_phi30,500,1.2027299618659357,rms_signed_R8,joint_powerlaw_80,15.262291267562793,0.9996940830844067,0.2,0.6,40,0.7792923205634483,0.011584962475419855,0.011584962475419855,0.7929585588846115
N500_plus_0.01pct_phi30,500,1.2027299618659357,rms_signed_R12,joint_powerlaw_80,15.262291267562793,0.9996940830844067,0.2,0.6,40,0.7792923205634483,0.014062900595716557,0.014062900595716557,0.7970161138670148
N500_plus_0.01pct_phi30,500,1.2027299618659357,rms_absrho_R8,joint_powerlaw_80,15.262291267562793,0.9996940830844067,0.2,0.6,40,0.7792923205634483,0.32643860530515023,0.32643860530515023,0.9925742962492143
N500_plus_0.01pct_phi30,500,1.2027299618659357,rms_positive_rho_R8,joint_powerlaw_80,15.262291267562793,0.9996940830844067,0.2,0.6,40,0.7792923205634483,0.2146272677644525,0.2146272677644525,0.9888040827959522
N500_plus_0.01pct_phi30,500,1.2027299618659357,rms_gradient_R8,joint_powerlaw_80,15.262291267562793,0.9996940830844067,0.2,0.6,40,0.7792923205634483,0.4215780471374415,0.4215780471374415,0.9995087088774948
N500_plus_0.01pct_phi30,500,1.2027299618659357,field_r50,joint_powerlaw_80,15.262291267562793,0.9996940830844067,0.2,0.6,40,0.7792923205634483,0.436274028111256,0.436274028111256,0.9997823689675667
N500_plus_0.01pct_phi30,500,1.2027299618659357,field_r20,joint_powerlaw_80,15.262291267562793,0.9996940830844067,0.2,0.6,40,0.7792923205634483,0.4557500157849697,0.4557500157849697,0.9980590632356685
N500_plus_0.01pct_phi30,500,1.2027299618659357,mean_r2_signed_R8,joint_powerlaw_80,15.262291267562793,0.9996940830844067,0.2,0.6,40,0.7792923205634483,0.023169924950839964,0.011584962475419982,0.7929585588846096
N500_plus_0.01pct_phi30,500,1.2027299618659357,rms_signed_R4,joint_powerlaw_80,15.262291267562793,0.9996940830844067,0.4,1.0,60,0.7792923205634483,0.040399410566958414,0.040399410566958414,0.9933933879133652
N500_plus_0.01pct_phi30,500,1.2027299618659357,rms_signed_R8,joint_powerlaw_80,15.262291267562793,0.9996940830844067,0.4,1.0,60,0.7792923205634483,0.023784112531025595,0.023784112531025595,0.9980287519925931
N500_plus_0.01pct_phi30,500,1.2027299618659357,rms_signed_R12,joint_powerlaw_80,15.262291267562793,0.9996940830844067,0.4,1.0,60,0.7792923205634483,0.038953406538840316,0.038953406538840316,0.9934932888922753
N500_plus_0.01pct_phi30,500,1.2027299618659357,rms_absrho_R8,joint_powerlaw_80,15.262291267562793,0.9996940830844067,0.4,1.0,60,0.7792923205634483,0.20317536493278085,0.20317536493278085,0.9854553243017719
N500_plus_0.01pct_phi30,500,1.2027299618659357,rms_positive_rho_R8,joint_powerlaw_80,15.262291267562793,0.9996940830844067,0.4,1.0,60,0.7792923205634483,0.1260894327198057,0.1260894327198057,0.9836088631517185
N500_plus_0.01pct_phi30,500,1.2027299618659357,rms_gradient_R8,joint_powerlaw_80,15.262291267562793,0.9996940830844067,0.4,1.0,60,0.7792923205634483,0.34108909986492303,0.34108909986492303,0.9940646858741009
N500_plus_0.01pct_phi30,500,1.2027299618659357,field_r50,joint_powerlaw_80,15.262291267562793,0.9996940830844067,0.4,1.0,60,0.7792923205634483,0.486708713917793,0.486708713917793,0.9988910383337436
N500_plus_0.01pct_phi30,500,1.2027299618659357,field_r20,joint_powerlaw_80,15.262291267562793,0.9996940830844067,0.4,1.0,60,0.7792923205634483,0.5428039706254643,0.5428039706254643,0.9984620810368429
N500_plus_0.01pct_phi30,500,1.2027299618659357,mean_r2_signed_R8,joint_powerlaw_80,15.262291267562793,0.9996940830844067,0.4,1.0,60,0.7792923205634483,0.047568225062050516,0.023784112531025258,0.9980287519925933
N500_plus_0.01pct_phi30,500,1.2027299618659357,rms_signed_R4,joint_powerlaw_80,15.262291267562793,0.9996940830844067,0.8,1.6,80,0.7792923205634483,-0.05020275558428541,-0.05020275558428541,0.6504027671762647
N500_plus_0.01pct_phi30,500,1.2027299618659357,rms_signed_R8,joint_powerlaw_80,15.262291267562793,0.9996940830844067,0.8,1.6,80,0.7792923205634483,-0.011561428104674679,-0.011561428104674679,0.33896871496617476
N500_plus_0.01pct_phi30,500,1.2027299618659357,rms_signed_R12,joint_powerlaw_80,15.262291267562793,0.9996940830844067,0.8,1.6,80,0.7792923205634483,0.008920335394500975,0.008920335394500975,0.22076784343181122
N500_plus_0.01pct_phi30,500,1.2027299618659357,rms_absrho_R8,joint_powerlaw_80,15.262291267562793,0.9996940830844067,0.8,1.6,80,0.7792923205634483,0.08098462547288444,0.08098462547288444,0.9186133278474946
N500_plus_0.01pct_phi30,500,1.2027299618659357,rms_positive_rho_R8,joint_powerlaw_80,15.262291267562793,0.9996940830844067,0.8,1.6,80,0.7792923205634483,0.037311114067434106,0.037311114067434106,0.7647192546861776
N500_plus_0.01pct_phi30,500,1.2027299618659357,rms_gradient_R8,joint_powerlaw_80,15.262291267562793,0.9996940830844067,0.8,1.6,80,0.7792923205634483,0.15411071277026642,0.15411071277026642,0.9299085833791992
N500_plus_0.01pct_phi30,500,1.2027299618659357,field_r50,joint_powerlaw_80,15.262291267562793,0.9996940830844067,0.8,1.6,80,0.7792923205634483,0.5162672679362736,0.5162672679362736,0.9949155360722559
N500_plus_0.01pct_phi30,500,1.2027299618659357,field_r20,joint_powerlaw_80,15.262291267562793,0.9996940830844067,0.8,1.6,80,0.7792923205634483,0.14409403475353083,0.14409403475353083,0.6986316346460748
N500_plus_0.01pct_phi30,500,1.2027299618659357,mean_r2_signed_R8,joint_powerlaw_80,15.262291267562793,0.9996940830844067,0.8,1.6,80,0.7792923205634483,-0.02312285620935115,-0.011561428104675576,0.3389687149661761
N500_plus_0.01pct_phi40,500,1.2027299618659357,rms_signed_R4,field_2_4,15.671541771757484,0.9969105143548326,0.1,0.3,0,1.0,nan,nan,nan
N500_plus_0.01pct_phi40,500,1.2027299618659357,rms_signed_R8,field_2_4,15.671541771757484,0.9969105143548326,0.1,0.3,0,1.0,nan,nan,nan
N500_plus_0.01pct_phi40,500,1.2027299618659357,rms_signed_R12,field_2_4,15.671541771757484,0.9969105143548326,0.1,0.3,0,1.0,nan,nan,nan
N500_plus_0.01pct_phi40,500,1.2027299618659357,rms_absrho_R8,field_2_4,15.671541771757484,0.9969105143548326,0.1,0.3,0,1.0,nan,nan,nan
N500_plus_0.01pct_phi40,500,1.2027299618659357,rms_positive_rho_R8,field_2_4,15.671541771757484,0.9969105143548326,0.1,0.3,0,1.0,nan,nan,nan
N500_plus_0.01pct_phi40,500,1.2027299618659357,rms_gradient_R8,field_2_4,15.671541771757484,0.9969105143548326,0.1,0.3,0,1.0,nan,nan,nan
N500_plus_0.01pct_phi40,500,1.2027299618659357,field_r50,field_2_4,15.671541771757484,0.9969105143548326,0.1,0.3,0,1.0,nan,nan,nan
N500_plus_0.01pct_phi40,500,1.2027299618659357,field_r20,field_2_4,15.671541771757484,0.9969105143548326,0.1,0.3,0,1.0,nan,nan,nan
N500_plus_0.01pct_phi40,500,1.2027299618659357,mean_r2_signed_R8,field_2_4,15.671541771757484,0.9969105143548326,0.1,0.3,0,1.0,nan,nan,nan
N500_plus_0.01pct_phi40,500,1.2027299618659357,rms_signed_R4,field_2_4,15.671541771757484,0.9969105143548326,0.2,0.6,18,1.0,-0.7114162554518678,-0.7114162554518678,0.9169822987683106
N500_plus_0.01pct_phi40,500,1.2027299618659357,rms_signed_R8,field_2_4,15.671541771757484,0.9969105143548326,0.2,0.6,18,1.0,-0.3854814873427389,-0.3854814873427389,0.8853379219270199
N500_plus_0.01pct_phi40,500,1.2027299618659357,rms_signed_R12,field_2_4,15.671541771757484,0.9969105143548326,0.2,0.6,18,1.0,-0.2539918525604155,-0.2539918525604155,0.8907896611788173
N500_plus_0.01pct_phi40,500,1.2027299618659357,rms_absrho_R8,field_2_4,15.671541771757484,0.9969105143548326,0.2,0.6,18,1.0,2.810685995195128,2.810685995195128,0.956909983816075
N500_plus_0.01pct_phi40,500,1.2027299618659357,rms_positive_rho_R8,field_2_4,15.671541771757484,0.9969105143548326,0.2,0.6,18,1.0,2.4225003124506213,2.4225003124506213,0.9411683016601718
N500_plus_0.01pct_phi40,500,1.2027299618659357,rms_gradient_R8,field_2_4,15.671541771757484,0.9969105143548326,0.2,0.6,18,1.0,2.4339515337421447,2.4339515337421447,0.9660685017503678
N500_plus_0.01pct_phi40,500,1.2027299618659357,field_r50,field_2_4,15.671541771757484,0.9969105143548326,0.2,0.6,18,1.0,2.4254202288898496,2.4254202288898496,0.9623225010681328
N500_plus_0.01pct_phi40,500,1.2027299618659357,field_r20,field_2_4,15.671541771757484,0.9969105143548326,0.2,0.6,18,1.0,2.3261755536951547,2.3261755536951547,0.961169700897345
N500_plus_0.01pct_phi40,500,1.2027299618659357,mean_r2_signed_R8,field_2_4,15.671541771757484,0.9969105143548326,0.2,0.6,18,1.0,-0.7709629746854787,-0.38548148734273935,0.8853379219270195
N500_plus_0.01pct_phi40,500,1.2027299618659357,rms_signed_R4,field_2_4,15.671541771757484,0.9969105143548326,0.4,1.0,58,1.0,-0.19006281599336533,-0.19006281599336533,0.5774637963817266
N500_plus_0.01pct_phi40,500,1.2027299618659357,rms_signed_R8,field_2_4,15.671541771757484,0.9969105143548326,0.4,1.0,58,1.0,-0.07995738556607139,-0.07995738556607139,0.4241862653816809
N500_plus_0.01pct_phi40,500,1.2027299618659357,rms_signed_R12,field_2_4,15.671541771757484,0.9969105143548326,0.4,1.0,58,1.0,-0.04792788803344052,-0.04792788803344052,0.3531614467701285
N500_plus_0.01pct_phi40,500,1.2027299618659357,rms_absrho_R8,field_2_4,15.671541771757484,0.9969105143548326,0.4,1.0,58,1.0,1.3013128729897725,1.3013128729897725,0.8793750848553443
N500_plus_0.01pct_phi40,500,1.2027299618659357,rms_positive_rho_R8,field_2_4,15.671541771757484,0.9969105143548326,0.4,1.0,58,1.0,0.9941802009528685,0.9941802009528685,0.8320914426971504
N500_plus_0.01pct_phi40,500,1.2027299618659357,rms_gradient_R8,field_2_4,15.671541771757484,0.9969105143548326,0.4,1.0,58,1.0,1.3373368202095455,1.3373368202095455,0.9356449982058332
N500_plus_0.01pct_phi40,500,1.2027299618659357,field_r50,field_2_4,15.671541771757484,0.9969105143548326,0.4,1.0,58,1.0,1.3334085208739757,1.3334085208739757,0.9391162945044355
N500_plus_0.01pct_phi40,500,1.2027299618659357,field_r20,field_2_4,15.671541771757484,0.9969105143548326,0.4,1.0,58,1.0,1.318846060326067,1.318846060326067,0.9485338647633109
N500_plus_0.01pct_phi40,500,1.2027299618659357,mean_r2_signed_R8,field_2_4,15.671541771757484,0.9969105143548326,0.4,1.0,58,1.0,-0.15991477113214278,-0.07995738556607139,0.42418626538168047
N500_plus_0.01pct_phi40,500,1.2027299618659357,rms_signed_R4,field_2_4,15.671541771757484,0.9969105143548326,0.8,1.6,80,1.0,0.05372401402982871,0.05372401402982871,0.9347915102526287
N500_plus_0.01pct_phi40,500,1.2027299618659357,rms_signed_R8,field_2_4,15.671541771757484,0.9969105143548326,0.8,1.6,80,1.0,0.03378018473832705,0.03378018473832705,0.9695071664794787
N500_plus_0.01pct_phi40,500,1.2027299618659357,rms_signed_R12,field_2_4,15.671541771757484,0.9969105143548326,0.8,1.6,80,1.0,0.06055526100084017,0.06055526100084017,0.9952131065415571
N500_plus_0.01pct_phi40,500,1.2027299618659357,rms_absrho_R8,field_2_4,15.671541771757484,0.9969105143548326,0.8,1.6,80,1.0,0.2904708440022553,0.2904708440022553,0.9560418946833615
N500_plus_0.01pct_phi40,500,1.2027299618659357,rms_positive_rho_R8,field_2_4,15.671541771757484,0.9969105143548326,0.8,1.6,80,1.0,0.17871260804388217,0.17871260804388217,0.950478014174049
N500_plus_0.01pct_phi40,500,1.2027299618659357,rms_gradient_R8,field_2_4,15.671541771757484,0.9969105143548326,0.8,1.6,80,1.0,0.49701413186158366,0.49701413186158366,0.9723694661124882
N500_plus_0.01pct_phi40,500,1.2027299618659357,field_r50,field_2_4,15.671541771757484,0.9969105143548326,0.8,1.6,80,1.0,0.7916995091212139,0.7916995091212139,0.999843948006588
N500_plus_0.01pct_phi40,500,1.2027299618659357,field_r20,field_2_4,15.671541771757484,0.9969105143548326,0.8,1.6,80,1.0,0.7833828895087032,0.7833828895087032,0.9771201373017715
N500_plus_0.01pct_phi40,500,1.2027299618659357,mean_r2_signed_R8,field_2_4,15.671541771757484,0.9969105143548326,0.8,1.6,80,1.0,0.06756036947665348,0.03378018473832674,0.969507166479479
N500_plus_0.01pct_phi40,500,1.2027299618659357,rms_signed_R4,field_4_8,15.369289197725951,0.9974622207204971,0.1,0.3,19,1.0,-0.2736497103389235,-0.2736497103389235,0.9451748525858477
N500_plus_0.01pct_phi40,500,1.2027299618659357,rms_signed_R8,field_4_8,15.369289197725951,0.9974622207204971,0.1,0.3,19,1.0,-0.14776656219960485,-0.14776656219960485,0.916207195293919
N500_plus_0.01pct_phi40,500,1.2027299618659357,rms_signed_R12,field_4_8,15.369289197725951,0.9974622207204971,0.1,0.3,19,1.0,-0.09741252766396928,-0.09741252766396928,0.9199891841388446
N500_plus_0.01pct_phi40,500,1.2027299618659357,rms_absrho_R8,field_4_8,15.369289197725951,0.9974622207204971,0.1,0.3,19,1.0,1.0892395816099212,1.0892395816099212,0.9788645330598746
N500_plus_0.01pct_phi40,500,1.2027299618659357,rms_positive_rho_R8,field_4_8,15.369289197725951,0.9974622207204971,0.1,0.3,19,1.0,0.9365587446289002,0.9365587446289002,0.9666923498265102
N500_plus_0.01pct_phi40,500,1.2027299618659357,rms_gradient_R8,field_4_8,15.369289197725951,0.9974622207204971,0.1,0.3,19,1.0,0.945679859478548,0.945679859478548,0.9855967060127213
N500_plus_0.01pct_phi40,500,1.2027299618659357,field_r50,field_4_8,15.369289197725951,0.9974622207204971,0.1,0.3,19,1.0,0.9417447733676666,0.9417447733676666,0.9830048375098269
N500_plus_0.01pct_phi40,500,1.2027299618659357,field_r20,field_4_8,15.369289197725951,0.9974622207204971,0.1,0.3,19,1.0,0.9032455389821483,0.9032455389821483,0.9822371157647726
N500_plus_0.01pct_phi40,500,1.2027299618659357,mean_r2_signed_R8,field_4_8,15.369289197725951,0.9974622207204971,0.1,0.3,19,1.0,-0.29553312439921037,-0.14776656219960518,0.916207195293919
N500_plus_0.01pct_phi40,500,1.2027299618659357,rms_signed_R4,field_4_8,15.369289197725951,0.9974622207204971,0.2,0.6,40,1.0,-0.04968662048609616,-0.04968662048609616,0.6997411686561239
N500_plus_0.01pct_phi40,500,1.2027299618659357,rms_signed_R8,field_4_8,15.369289197725951,0.9974622207204971,0.2,0.6,40,1.0,-0.01032581892479532,-0.01032581892479532,0.27051643994363805
N500_plus_0.01pct_phi40,500,1.2027299618659357,rms_signed_R12,field_4_8,15.369289197725951,0.9974622207204971,0.2,0.6,40,1.0,-0.005026514382831302,-0.005026514382831302,0.11673043149419893
N500_plus_0.01pct_phi40,500,1.2027299618659357,rms_absrho_R8,field_4_8,15.369289197725951,0.9974622207204971,0.2,0.6,40,1.0,0.5621814960700794,0.5621814960700794,0.9800293405064442
N500_plus_0.01pct_phi40,500,1.2027299618659357,rms_positive_rho_R8,field_4_8,15.369289197725951,0.9974622207204971,0.2,0.6,40,1.0,0.3965327015674769,0.3965327015674769,0.9678154978440889
N500_plus_0.01pct_phi40,500,1.2027299618659357,rms_gradient_R8,field_4_8,15.369289197725951,0.9974622207204971,0.2,0.6,40,1.0,0.6241825835668282,0.6241825835668282,0.9954758904362403
N500_plus_0.01pct_phi40,500,1.2027299618659357,field_r50,field_4_8,15.369289197725951,0.9974622207204971,0.2,0.6,40,1.0,0.6150630418924576,0.6150630418924576,0.9971374726775794
N500_plus_0.01pct_phi40,500,1.2027299618659357,field_r20,field_4_8,15.369289197725951,0.9974622207204971,0.2,0.6,40,1.0,0.6107483257364842,0.6107483257364842,0.9987771213824431
N500_plus_0.01pct_phi40,500,1.2027299618659357,mean_r2_signed_R8,field_4_8,15.369289197725951,0.9974622207204971,0.2,0.6,40,1.0,-0.02065163784959064,-0.01032581892479532,0.2705164399436366
N500_plus_0.01pct_phi40,500,1.2027299618659357,rms_signed_R4,field_4_8,15.369289197725951,0.9974622207204971,0.4,1.0,60,1.0,0.04054257809591124,0.04054257809591124,0.9542942827122456
N500_plus_0.01pct_phi40,500,1.2027299618659357,rms_signed_R8,field_4_8,15.369289197725951,0.9974622207204971,0.4,1.0,60,1.0,0.02697578812124106,0.02697578812124106,0.9941853920055469
N500_plus_0.01pct_phi40,500,1.2027299618659357,rms_signed_R12,field_4_8,15.369289197725951,0.9974622207204971,0.4,1.0,60,1.0,0.03940056147500048,0.03940056147500048,0.9769631621518323
N500_plus_0.01pct_phi40,500,1.2027299618659357,rms_absrho_R8,field_4_8,15.369289197725951,0.9974622207204971,0.4,1.0,60,1.0,0.2902176117860674,0.2902176117860674,0.977961784834602
N500_plus_0.01pct_phi40,500,1.2027299618659357,rms_positive_rho_R8,field_4_8,15.369289197725951,0.9974622207204971,0.4,1.0,60,1.0,0.18277964747133146,0.18277964747133146,0.9747660123454666
N500_plus_0.01pct_phi40,500,1.2027299618659357,rms_gradient_R8,field_4_8,15.369289197725951,0.9974622207204971,0.4,1.0,60,1.0,0.4496485960552191,0.4496485960552191,0.9924945797466758
N500_plus_0.01pct_phi40,500,1.2027299618659357,field_r50,field_4_8,15.369289197725951,0.9974622207204971,0.4,1.0,60,1.0,0.5607697389602713,0.5607697389602713,0.9999110729375137
N500_plus_0.01pct_phi40,500,1.2027299618659357,field_r20,field_4_8,15.369289197725951,0.9974622207204971,0.4,1.0,60,1.0,0.6346377475338675,0.6346377475338675,0.99915623833608
N500_plus_0.01pct_phi40,500,1.2027299618659357,mean_r2_signed_R8,field_4_8,15.369289197725951,0.9974622207204971,0.4,1.0,60,1.0,0.05395157624248297,0.026975788121241486,0.9941853920055471
N500_plus_0.01pct_phi40,500,1.2027299618659357,rms_signed_R4,field_4_8,15.369289197725951,0.9974622207204971,0.8,1.6,80,1.0,-0.02022768788017729,-0.02022768788017729,0.26894017193475284
N500_plus_0.01pct_phi40,500,1.2027299618659357,rms_signed_R8,field_4_8,15.369289197725951,0.9974622207204971,0.8,1.6,80,1.0,0.0018854916357395847,0.0018854916357395847,0.020972414068297973
N500_plus_0.01pct_phi40,500,1.2027299618659357,rms_signed_R12,field_4_8,15.369289197725951,0.9974622207204971,0.8,1.6,80,1.0,0.02494490001871552,0.02494490001871552,0.7599360577131978
N500_plus_0.01pct_phi40,500,1.2027299618659357,rms_absrho_R8,field_4_8,15.369289197725951,0.9974622207204971,0.8,1.6,80,1.0,0.11526061171093842,0.11526061171093842,0.9519293305989747
N500_plus_0.01pct_phi40,500,1.2027299618659357,rms_positive_rho_R8,field_4_8,15.369289197725951,0.9974622207204971,0.8,1.6,80,1.0,0.06237916352577336,0.06237916352577336,0.9039577669710274
N500_plus_0.01pct_phi40,500,1.2027299618659357,rms_gradient_R8,field_4_8,15.369289197725951,0.9974622207204971,0.8,1.6,80,1.0,0.21541955695806106,0.21541955695806106,0.9549895395628143
N500_plus_0.01pct_phi40,500,1.2027299618659357,field_r50,field_4_8,15.369289197725951,0.9974622207204971,0.8,1.6,80,1.0,0.5905680637920929,0.5905680637920929,0.9989406092473043
N500_plus_0.01pct_phi40,500,1.2027299618659357,field_r20,field_4_8,15.369289197725951,0.9974622207204971,0.8,1.6,80,1.0,0.2720057217717218,0.2720057217717218,0.826557162206614
N500_plus_0.01pct_phi40,500,1.2027299618659357,mean_r2_signed_R8,field_4_8,15.369289197725951,0.9974622207204971,0.8,1.6,80,1.0,0.0037709832714773977,0.0018854916357386989,0.020972414068301748
N500_plus_0.01pct_phi40,500,1.2027299618659357,rms_signed_R4,field_8_12,15.298079933244539,0.9998448078671981,0.1,0.3,20,1.0,-0.10161798296729403,-0.10161798296729403,0.9607581507024311
N500_plus_0.01pct_phi40,500,1.2027299618659357,rms_signed_R8,field_8_12,15.298079933244539,0.9998448078671981,0.1,0.3,20,1.0,-0.04424124044146021,-0.04424124044146021,0.916056796547186
N500_plus_0.01pct_phi40,500,1.2027299618659357,rms_signed_R12,field_8_12,15.298079933244539,0.9998448078671981,0.1,0.3,20,1.0,-0.031071138783664614,-0.031071138783664614,0.9259316811127875
N500_plus_0.01pct_phi40,500,1.2027299618659357,rms_absrho_R8,field_8_12,15.298079933244539,0.9998448078671981,0.1,0.3,20,1.0,0.5603084619734122,0.5603084619734122,0.9965209631162988
N500_plus_0.01pct_phi40,500,1.2027299618659357,rms_positive_rho_R8,field_8_12,15.298079933244539,0.9998448078671981,0.1,0.3,20,1.0,0.43418969864371915,0.43418969864371915,0.9914262870870185
N500_plus_0.01pct_phi40,500,1.2027299618659357,rms_gradient_R8,field_8_12,15.298079933244539,0.9998448078671981,0.1,0.3,20,1.0,0.5321963345411751,0.5321963345411751,0.9996056902535806
N500_plus_0.01pct_phi40,500,1.2027299618659357,field_r50,field_8_12,15.298079933244539,0.9998448078671981,0.1,0.3,20,1.0,0.5173908375879599,0.5173908375879599,0.999340268384075
N500_plus_0.01pct_phi40,500,1.2027299618659357,field_r20,field_8_12,15.298079933244539,0.9998448078671981,0.1,0.3,20,1.0,0.49598490635392445,0.49598490635392445,0.9994882613190645
N500_plus_0.01pct_phi40,500,1.2027299618659357,mean_r2_signed_R8,field_8_12,15.298079933244539,0.9998448078671981,0.1,0.3,20,1.0,-0.08848248088292042,-0.04424124044146021,0.9160567965471851
N500_plus_0.01pct_phi40,500,1.2027299618659357,rms_signed_R4,field_8_12,15.298079933244539,0.9998448078671981,0.2,0.6,40,1.0,-0.0077556463412059755,-0.0077556463412059755,0.16428195580315752
N500_plus_0.01pct_phi40,500,1.2027299618659357,rms_signed_R8,field_8_12,15.298079933244539,0.9998448078671981,0.2,0.6,40,1.0,0.008087702446056116,0.008087702446056116,0.5113711882181365
N500_plus_0.01pct_phi40,500,1.2027299618659357,rms_signed_R12,field_8_12,15.298079933244539,0.9998448078671981,0.2,0.6,40,1.0,0.01047104925870144,0.01047104925870144,0.6095971951895374
N500_plus_0.01pct_phi40,500,1.2027299618659357,rms_absrho_R8,field_8_12,15.298079933244539,0.9998448078671981,0.2,0.6,40,1.0,0.38330351260736906,0.38330351260736906,0.9898234147303863
N500_plus_0.01pct_phi40,500,1.2027299618659357,rms_positive_rho_R8,field_8_12,15.298079933244539,0.9998448078671981,0.2,0.6,40,1.0,0.2560957800487224,0.2560957800487224,0.9843604900939016
N500_plus_0.01pct_phi40,500,1.2027299618659357,rms_gradient_R8,field_8_12,15.298079933244539,0.9998448078671981,0.2,0.6,40,1.0,0.4744419553432441,0.4744419553432441,0.9989052313180282
N500_plus_0.01pct_phi40,500,1.2027299618659357,field_r50,field_8_12,15.298079933244539,0.9998448078671981,0.2,0.6,40,1.0,0.48168493658708017,0.48168493658708017,0.9999751937069752
N500_plus_0.01pct_phi40,500,1.2027299618659357,field_r20,field_8_12,15.298079933244539,0.9998448078671981,0.2,0.6,40,1.0,0.49486487748640035,0.49486487748640035,0.9993260440140717
N500_plus_0.01pct_phi40,500,1.2027299618659357,mean_r2_signed_R8,field_8_12,15.298079933244539,0.9998448078671981,0.2,0.6,40,1.0,0.01617540489211304,0.00808770244605652,0.5113711882181398
N500_plus_0.01pct_phi40,500,1.2027299618659357,rms_signed_R4,field_8_12,15.298079933244539,0.9998448078671981,0.4,1.0,60,1.0,0.04171472895896936,0.04171472895896936,0.9897678825101202
N500_plus_0.01pct_phi40,500,1.2027299618659357,rms_signed_R8,field_8_12,15.298079933244539,0.9998448078671981,0.4,1.0,60,1.0,0.02514276462873492,0.02514276462873492,0.9983410192650479
N500_plus_0.01pct_phi40,500,1.2027299618659357,rms_signed_R12,field_8_12,15.298079933244539,0.9998448078671981,0.4,1.0,60,1.0,0.03974233506708047,0.03974233506708047,0.9904917989677539
N500_plus_0.01pct_phi40,500,1.2027299618659357,rms_absrho_R8,field_8_12,15.298079933244539,0.9998448078671981,0.4,1.0,60,1.0,0.22644356049107714,0.22644356049107714,0.9834105031718268
N500_plus_0.01pct_phi40,500,1.2027299618659357,rms_positive_rho_R8,field_8_12,15.298079933244539,0.9998448078671981,0.4,1.0,60,1.0,0.14106326683575612,0.14106326683575612,0.9813515685007658
N500_plus_0.01pct_phi40,500,1.2027299618659357,rms_gradient_R8,field_8_12,15.298079933244539,0.9998448078671981,0.4,1.0,60,1.0,0.37217685130086564,0.37217685130086564,0.9936250018032037
N500_plus_0.01pct_phi40,500,1.2027299618659357,field_r50,field_8_12,15.298079933244539,0.9998448078671981,0.4,1.0,60,1.0,0.5089618246514369,0.5089618246514369,0.9993199225156382
N500_plus_0.01pct_phi40,500,1.2027299618659357,field_r20,field_8_12,15.298079933244539,0.9998448078671981,0.4,1.0,60,1.0,0.5741388834927708,0.5741388834927708,0.9988939678479283
N500_plus_0.01pct_phi40,500,1.2027299618659357,mean_r2_signed_R8,field_8_12,15.298079933244539,0.9998448078671981,0.4,1.0,60,1.0,0.05028552925746984,0.02514276462873492,0.9983410192650483
N500_plus_0.01pct_phi40,500,1.2027299618659357,rms_signed_R4,field_8_12,15.298079933244539,0.9998448078671981,0.8,1.6,80,1.0,-0.04128159438858364,-0.04128159438858364,0.5682505108630783
N500_plus_0.01pct_phi40,500,1.2027299618659357,rms_signed_R8,field_8_12,15.298079933244539,0.9998448078671981,0.8,1.6,80,1.0,-0.007364161519902689,-0.007364161519902689,0.191172599810164
N500_plus_0.01pct_phi40,500,1.2027299618659357,rms_signed_R12,field_8_12,15.298079933244539,0.9998448078671981,0.8,1.6,80,1.0,0.013899961229448993,0.013899961229448993,0.4296260068589053
N500_plus_0.01pct_phi40,500,1.2027299618659357,rms_absrho_R8,field_8_12,15.298079933244539,0.9998448078671981,0.8,1.6,80,1.0,0.09100196063622987,0.09100196063622987,0.932568739453596
N500_plus_0.01pct_phi40,500,1.2027299618659357,rms_positive_rho_R8,field_8_12,15.298079933244539,0.9998448078671981,0.8,1.6,80,1.0,0.04473103777014576,0.04473103777014576,0.8268454245107256
N500_plus_0.01pct_phi40,500,1.2027299618659357,rms_gradient_R8,field_8_12,15.298079933244539,0.9998448078671981,0.8,1.6,80,1.0,0.1719810337235067,0.1719810337235067,0.939660948902902
N500_plus_0.01pct_phi40,500,1.2027299618659357,field_r50,field_8_12,15.298079933244539,0.9998448078671981,0.8,1.6,80,1.0,0.5413674814479307,0.5413674814479307,0.9966952240033274
N500_plus_0.01pct_phi40,500,1.2027299618659357,field_r20,field_8_12,15.298079933244539,0.9998448078671981,0.8,1.6,80,1.0,0.17930802384704125,0.17930802384704125,0.7482505367415735
N500_plus_0.01pct_phi40,500,1.2027299618659357,mean_r2_signed_R8,field_8_12,15.298079933244539,0.9998448078671981,0.8,1.6,80,1.0,-0.014728323039805378,-0.007364161519902689,0.19117259981016343
N500_plus_0.01pct_phi40,500,1.2027299618659357,rms_signed_R4,field_12_20,15.284473773787095,0.9998964862196487,0.1,0.3,20,1.0,-0.08647031764283568,-0.08647031764283568,0.9630452147088818
N500_plus_0.01pct_phi40,500,1.2027299618659357,rms_signed_R8,field_12_20,15.284473773787095,0.9998964862196487,0.1,0.3,20,1.0,-0.0359351749261149,-0.0359351749261149,0.9141707657872582
N500_plus_0.01pct_phi40,500,1.2027299618659357,rms_signed_R12,field_12_20,15.284473773787095,0.9998964862196487,0.1,0.3,20,1.0,-0.025461611438249314,-0.025461611438249314,0.923736534767886
N500_plus_0.01pct_phi40,500,1.2027299618659357,rms_absrho_R8,field_12_20,15.284473773787095,0.9998964862196487,0.1,0.3,20,1.0,0.5073402239714786,0.5073402239714786,0.9977396344826767
N500_plus_0.01pct_phi40,500,1.2027299618659357,rms_positive_rho_R8,field_12_20,15.284473773787095,0.9998964862196487,0.1,0.3,20,1.0,0.38753644679692534,0.38753644679692534,0.9936795564024098
N500_plus_0.01pct_phi40,500,1.2027299618659357,rms_gradient_R8,field_12_20,15.284473773787095,0.9998964862196487,0.1,0.3,20,1.0,0.4897297444845058,0.4897297444845058,0.9999383496142182
N500_plus_0.01pct_phi40,500,1.2027299618659357,field_r50,field_12_20,15.284473773787095,0.9998964862196487,0.1,0.3,20,1.0,0.47501321525626383,0.47501321525626383,0.9998458568175354
N500_plus_0.01pct_phi40,500,1.2027299618659357,field_r20,field_12_20,15.284473773787095,0.9998964862196487,0.1,0.3,20,1.0,0.4559898710104437,0.4559898710104437,0.9999248195435528
N500_plus_0.01pct_phi40,500,1.2027299618659357,mean_r2_signed_R8,field_12_20,15.284473773787095,0.9998964862196487,0.1,0.3,20,1.0,-0.0718703498522298,-0.0359351749261149,0.9141707657872571
N500_plus_0.01pct_phi40,500,1.2027299618659357,rms_signed_R4,field_12_20,15.284473773787095,0.9998964862196487,0.2,0.6,40,1.0,-0.003960056162851227,-0.003960056162851227,0.05723434905834568
N500_plus_0.01pct_phi40,500,1.2027299618659357,rms_signed_R8,field_12_20,15.284473773787095,0.9998964862196487,0.2,0.6,40,1.0,0.009399021670122857,0.009399021670122857,0.6347183151740314
N500_plus_0.01pct_phi40,500,1.2027299618659357,rms_signed_R12,field_12_20,15.284473773787095,0.9998964862196487,0.2,0.6,40,1.0,0.011748326596903735,0.011748326596903735,0.6900697649589433
N500_plus_0.01pct_phi40,500,1.2027299618659357,rms_absrho_R8,field_12_20,15.284473773787095,0.9998964862196487,0.2,0.6,40,1.0,0.361268029430549,0.361268029430549,0.9909588750246016
N500_plus_0.01pct_phi40,500,1.2027299618659357,rms_positive_rho_R8,field_12_20,15.284473773787095,0.9998964862196487,0.2,0.6,40,1.0,0.23999449672399897,0.23999449672399897,0.9861561083623289
N500_plus_0.01pct_phi40,500,1.2027299618659357,rms_gradient_R8,field_12_20,15.284473773787095,0.9998964862196487,0.2,0.6,40,1.0,0.4536426478473057,0.4536426478473057,0.9991880036811825
N500_plus_0.01pct_phi40,500,1.2027299618659357,field_r50,field_12_20,15.284473773787095,0.9998964862196487,0.2,0.6,40,1.0,0.4633207631353748,0.4633207631353748,0.9999717614698898
N500_plus_0.01pct_phi40,500,1.2027299618659357,field_r20,field_12_20,15.284473773787095,0.9998964862196487,0.2,0.6,40,1.0,0.4785916111395065,0.4785916111395065,0.9989228332815847
N500_plus_0.01pct_phi40,500,1.2027299618659357,mean_r2_signed_R8,field_12_20,15.284473773787095,0.9998964862196487,0.2,0.6,40,1.0,0.018798043340245714,0.009399021670122857,0.6347183151740318
N500_plus_0.01pct_phi40,500,1.2027299618659357,rms_signed_R4,field_12_20,15.284473773787095,0.9998964862196487,0.4,1.0,60,1.0,0.04124787732106454,0.04124787732106454,0.991432799520775
N500_plus_0.01pct_phi40,500,1.2027299618659357,rms_signed_R8,field_12_20,15.284473773787095,0.9998964862196487,0.4,1.0,60,1.0,0.024640978437588012,0.024640978437588012,0.9983248938524361
N500_plus_0.01pct_phi40,500,1.2027299618659357,rms_signed_R12,field_12_20,15.284473773787095,0.9998964862196487,0.4,1.0,60,1.0,0.03940858458131501,0.03940858458131501,0.9915503378240975
N500_plus_0.01pct_phi40,500,1.2027299618659357,rms_absrho_R8,field_12_20,15.284473773787095,0.9998964862196487,0.4,1.0,60,1.0,0.2177623611071805,0.2177623611071805,0.9842046866642886
N500_plus_0.01pct_phi40,500,1.2027299618659357,rms_positive_rho_R8,field_12_20,15.284473773787095,0.9998964862196487,0.4,1.0,60,1.0,0.1354795639700823,0.1354795639700823,0.9822369919481394
N500_plus_0.01pct_phi40,500,1.2027299618659357,rms_gradient_R8,field_12_20,15.284473773787095,0.9998964862196487,0.4,1.0,60,1.0,0.360536624681809,0.360536624681809,0.993831683213152
N500_plus_0.01pct_phi40,500,1.2027299618659357,field_r50,field_12_20,15.284473773787095,0.9998964862196487,0.4,1.0,60,1.0,0.499967006175133,0.499967006175133,0.9991663466917815
N500_plus_0.01pct_phi40,500,1.2027299618659357,field_r20,field_12_20,15.284473773787095,0.9998964862196487,0.4,1.0,60,1.0,0.5622690323368582,0.5622690323368582,0.9987794070369628
N500_plus_0.01pct_phi40,500,1.2027299618659357,mean_r2_signed_R8,field_12_20,15.284473773787095,0.9998964862196487,0.4,1.0,60,1.0,0.049281956875176024,0.024640978437588012,0.9983248938524364
N500_plus_0.01pct_phi40,500,1.2027299618659357,rms_signed_R4,field_12_20,15.284473773787095,0.9998964862196487,0.8,1.6,80,1.0,-0.04418834656500924,-0.04418834656500924,0.5981320494006491
N500_plus_0.01pct_phi40,500,1.2027299618659357,rms_signed_R8,field_12_20,15.284473773787095,0.9998964862196487,0.8,1.6,80,1.0,-0.008732292914371508,-0.008732292914371508,0.24203951502414112
N500_plus_0.01pct_phi40,500,1.2027299618659357,rms_signed_R12,field_12_20,15.284473773787095,0.9998964862196487,0.8,1.6,80,1.0,0.012231989622601764,0.012231989622601764,0.3619542960756227
N500_plus_0.01pct_phi40,500,1.2027299618659357,rms_absrho_R8,field_12_20,15.284473773787095,0.9998964862196487,0.8,1.6,80,1.0,0.08748583148583537,0.08748583148583537,0.9284997073055139
N500_plus_0.01pct_phi40,500,1.2027299618659357,rms_positive_rho_R8,field_12_20,15.284473773787095,0.9998964862196487,0.8,1.6,80,1.0,0.04217570542773834,0.04217570542773834,0.8090034577893378
N500_plus_0.01pct_phi40,500,1.2027299618659357,rms_gradient_R8,field_12_20,15.284473773787095,0.9998964862196487,0.8,1.6,80,1.0,0.16567998381801372,0.16567998381801372,0.9367598177780011
N500_plus_0.01pct_phi40,500,1.2027299618659357,field_r50,field_12_20,15.284473773787095,0.9998964862196487,0.8,1.6,80,1.0,0.53231471302012,0.53231471302012,0.9961866277189451
N500_plus_0.01pct_phi40,500,1.2027299618659357,field_r20,field_12_20,15.284473773787095,0.9998964862196487,0.8,1.6,80,1.0,0.1669522218777296,0.1669522218777296,0.7333799815213184
N500_plus_0.01pct_phi40,500,1.2027299618659357,mean_r2_signed_R8,field_12_20,15.284473773787095,0.9998964862196487,0.8,1.6,80,1.0,-0.017464585828743016,-0.008732292914371508,0.24203951502414167
N500_plus_0.01pct_phi40,500,1.2027299618659357,rms_signed_R4,current_last40_rule,15.304988791335486,0.9947369402086587,0.1,0.3,20,1.0,-0.11545293593603967,-0.11545293593603967,0.9596296961165105
N500_plus_0.01pct_phi40,500,1.2027299618659357,rms_signed_R8,current_last40_rule,15.304988791335486,0.9947369402086587,0.1,0.3,20,1.0,-0.052514398407427235,-0.052514398407427235,0.918538955803659
N500_plus_0.01pct_phi40,500,1.2027299618659357,rms_signed_R12,current_last40_rule,15.304988791335486,0.9947369402086587,0.1,0.3,20,1.0,-0.0365539120216594,-0.0365539120216594,0.9282898020873592
N500_plus_0.01pct_phi40,500,1.2027299618659357,rms_absrho_R8,current_last40_rule,15.304988791335486,0.9947369402086587,0.1,0.3,20,1.0,0.5986558409682452,0.5986558409682452,0.9955787504922782
N500_plus_0.01pct_phi40,500,1.2027299618659357,rms_positive_rho_R8,current_last40_rule,15.304988791335486,0.9947369402086587,0.1,0.3,20,1.0,0.47109893111808543,0.47109893111808543,0.9896519105138585
N500_plus_0.01pct_phi40,500,1.2027299618659357,rms_gradient_R8,current_last40_rule,15.304988791335486,0.9947369402086587,0.1,0.3,20,1.0,0.5594957293185462,0.5594957293185462,0.9992076367981562
N500_plus_0.01pct_phi40,500,1.2027299618659357,field_r50,current_last40_rule,15.304988791335486,0.9947369402086587,0.1,0.3,20,1.0,0.5454803010548526,0.5454803010548526,0.9987630820461589
N500_plus_0.01pct_phi40,500,1.2027299618659357,field_r20,current_last40_rule,15.304988791335486,0.9947369402086587,0.1,0.3,20,1.0,0.5223863789653616,0.5223863789653616,0.9989110488703048
N500_plus_0.01pct_phi40,500,1.2027299618659357,mean_r2_signed_R8,current_last40_rule,15.304988791335486,0.9947369402086587,0.1,0.3,20,1.0,-0.10502879681485447,-0.052514398407427235,0.9185389558036582
N500_plus_0.01pct_phi40,500,1.2027299618659357,rms_signed_R4,current_last40_rule,15.304988791335486,0.9947369402086587,0.2,0.6,40,1.0,-0.011867106674577303,-0.011867106674577303,0.2868699461309808
N500_plus_0.01pct_phi40,500,1.2027299618659357,rms_signed_R8,current_last40_rule,15.304988791335486,0.9947369402086587,0.2,0.6,40,1.0,0.006382685500548522,0.006382685500548522,0.3525969226598932
N500_plus_0.01pct_phi40,500,1.2027299618659357,rms_signed_R12,current_last40_rule,15.304988791335486,0.9947369402086587,0.2,0.6,40,1.0,0.008821995950452145,0.008821995950452145,0.500735278963485
N500_plus_0.01pct_phi40,500,1.2027299618659357,rms_absrho_R8,current_last40_rule,15.304988791335486,0.9947369402086587,0.2,0.6,40,1.0,0.39955558345613723,0.39955558345613723,0.9891333655103138
N500_plus_0.01pct_phi40,500,1.2027299618659357,rms_positive_rho_R8,current_last40_rule,15.304988791335486,0.9947369402086587,0.2,0.6,40,1.0,0.2686216645442239,0.2686216645442239,0.9830699393221624
N500_plus_0.01pct_phi40,500,1.2027299618659357,rms_gradient_R8,current_last40_rule,15.304988791335486,0.9947369402086587,0.2,0.6,40,1.0,0.4872756060398402,0.4872756060398402,0.9987505637700235
N500_plus_0.01pct_phi40,500,1.2027299618659357,field_r50,current_last40_rule,15.304988791335486,0.9947369402086587,0.2,0.6,40,1.0,0.4919376379279347,0.4919376379279347,0.9999282874453775
N500_plus_0.01pct_phi40,500,1.2027299618659357,field_r20,current_last40_rule,15.304988791335486,0.9947369402086587,0.2,0.6,40,1.0,0.5026849414485697,0.5026849414485697,0.9995397378409224
N500_plus_0.01pct_phi40,500,1.2027299618659357,mean_r2_signed_R8,current_last40_rule,15.304988791335486,0.9947369402086587,0.2,0.6,40,1.0,0.012765371001097044,0.006382685500548522,0.3525969226598995
N500_plus_0.01pct_phi40,500,1.2027299618659357,rms_signed_R4,current_last40_rule,15.304988791335486,0.9947369402086587,0.4,1.0,60,1.0,0.041651944357898235,0.041651944357898235,0.9873389320092504
N500_plus_0.01pct_phi40,500,1.2027299618659357,rms_signed_R8,current_last40_rule,15.304988791335486,0.9947369402086587,0.4,1.0,60,1.0,0.02536066266182121,0.02536066266182121,0.9982470721126203
N500_plus_0.01pct_phi40,500,1.2027299618659357,rms_signed_R12,current_last40_rule,15.304988791335486,0.9947369402086587,0.4,1.0,60,1.0,0.039618313412293375,0.039618313412293375,0.989055965536583
N500_plus_0.01pct_phi40,500,1.2027299618659357,rms_absrho_R8,current_last40_rule,15.304988791335486,0.9947369402086587,0.4,1.0,60,1.0,0.23313949194057146,0.23313949194057146,0.9829039097209245
N500_plus_0.01pct_phi40,500,1.2027299618659357,rms_positive_rho_R8,current_last40_rule,15.304988791335486,0.9947369402086587,0.4,1.0,60,1.0,0.14543109891060663,0.14543109891060663,0.9807559035279646
N500_plus_0.01pct_phi40,500,1.2027299618659357,rms_gradient_R8,current_last40_rule,15.304988791335486,0.9947369402086587,0.4,1.0,60,1.0,0.3802667529387818,0.3802667529387818,0.9936017230825347
N500_plus_0.01pct_phi40,500,1.2027299618659357,field_r50,current_last40_rule,15.304988791335486,0.9947369402086587,0.4,1.0,60,1.0,0.512860310559776,0.512860310559776,0.9994042174534007
N500_plus_0.01pct_phi40,500,1.2027299618659357,field_r20,current_last40_rule,15.304988791335486,0.9947369402086587,0.4,1.0,60,1.0,0.5799084585137164,0.5799084585137164,0.9989487300861719
N500_plus_0.01pct_phi40,500,1.2027299618659357,mean_r2_signed_R8,current_last40_rule,15.304988791335486,0.9947369402086587,0.4,1.0,60,1.0,0.05072132532364242,0.02536066266182121,0.9982470721126205
N500_plus_0.01pct_phi40,500,1.2027299618659357,rms_signed_R4,current_last40_rule,15.304988791335486,0.9947369402086587,0.8,1.6,80,1.0,-0.03812133283649683,-0.03812133283649683,0.5349155555255789
N500_plus_0.01pct_phi40,500,1.2027299618659357,rms_signed_R8,current_last40_rule,15.304988791335486,0.9947369402086587,0.8,1.6,80,1.0,-0.005965008922393858,-0.005965008922393858,0.14034633057864387
N500_plus_0.01pct_phi40,500,1.2027299618659357,rms_signed_R12,current_last40_rule,15.304988791335486,0.9947369402086587,0.8,1.6,80,1.0,0.015481001362695215,0.015481001362695215,0.49335896339099794
N500_plus_0.01pct_phi40,500,1.2027299618659357,rms_absrho_R8,current_last40_rule,15.304988791335486,0.9947369402086587,0.8,1.6,80,1.0,0.09404114759605894,0.09404114759605894,0.936458521534172
N500_plus_0.01pct_phi40,500,1.2027299618659357,rms_positive_rho_R8,current_last40_rule,15.304988791335486,0.9947369402086587,0.8,1.6,80,1.0,0.04705171119912269,0.04705171119912269,0.8428008731327137
N500_plus_0.01pct_phi40,500,1.2027299618659357,rms_gradient_R8,current_last40_rule,15.304988791335486,0.9947369402086587,0.8,1.6,80,1.0,0.17738622777243404,0.17738622777243404,0.9425595054576404
N500_plus_0.01pct_phi40,500,1.2027299618659357,field_r50,current_last40_rule,15.304988791335486,0.9947369402086587,0.8,1.6,80,1.0,0.5471370954556983,0.5471370954556983,0.9971828940443973
N500_plus_0.01pct_phi40,500,1.2027299618659357,field_r20,current_last40_rule,15.304988791335486,0.9947369402086587,0.8,1.6,80,1.0,0.19101695202818467,0.19101695202818467,0.762302067724325
N500_plus_0.01pct_phi40,500,1.2027299618659357,mean_r2_signed_R8,current_last40_rule,15.304988791335486,0.9947369402086587,0.8,1.6,80,1.0,-0.011930017844787717,-0.005965008922393858,0.14034633057864265
N500_plus_0.01pct_phi40,500,1.2027299618659357,rms_signed_R4,joint_powerlaw_20,15.272188806963918,0.9999693451879083,0.1,0.3,20,0.8754248399314679,-0.0742378364359797,-0.0742378364359797,0.9641400170658675
N500_plus_0.01pct_phi40,500,1.2027299618659357,rms_signed_R8,joint_powerlaw_20,15.272188806963918,0.9999693451879083,0.1,0.3,20,0.8754248399314679,-0.029317612243000203,-0.029317612243000203,0.9090965111010428
N500_plus_0.01pct_phi40,500,1.2027299618659357,rms_signed_R12,joint_powerlaw_20,15.272188806963918,0.9999693451879083,0.1,0.3,20,0.8754248399314679,-0.020950982873660293,-0.020950982873660293,0.9180198240786694
N500_plus_0.01pct_phi40,500,1.2027299618659357,rms_absrho_R8,joint_powerlaw_20,15.272188806963918,0.9999693451879083,0.1,0.3,20,0.8754248399314679,0.4644449183190155,0.4644449183190155,0.9985379570616431
N500_plus_0.01pct_phi40,500,1.2027299618659357,rms_positive_rho_R8,joint_powerlaw_20,15.272188806963918,0.9999693451879083,0.1,0.3,20,0.8754248399314679,0.34997856301255215,0.34997856301255215,0.9953047479945032
N500_plus_0.01pct_phi40,500,1.2027299618659357,rms_gradient_R8,joint_powerlaw_20,15.272188806963918,0.9999693451879083,0.1,0.3,20,0.8754248399314679,0.45567681276123334,0.45567681276123334,0.9999940712925592
N500_plus_0.01pct_phi40,500,1.2027299618659357,field_r50,joint_powerlaw_20,15.272188806963918,0.9999693451879083,0.1,0.3,20,0.8754248399314679,0.4411997228747538,0.4411997228747538,0.9999980329620491
N500_plus_0.01pct_phi40,500,1.2027299618659357,field_r20,joint_powerlaw_20,15.272188806963918,0.9999693451879083,0.1,0.3,20,0.8754248399314679,0.42425531800191013,0.42425531800191013,0.9999834620842968
N500_plus_0.01pct_phi40,500,1.2027299618659357,mean_r2_signed_R8,joint_powerlaw_20,15.272188806963918,0.9999693451879083,0.1,0.3,20,0.8754248399314679,-0.058635224486000406,-0.029317612243000203,0.9090965111010416
N500_plus_0.01pct_phi40,500,1.2027299618659357,rms_signed_R4,joint_powerlaw_20,15.272188806963918,0.9999693451879083,0.2,0.6,40,0.8754248399314679,-0.000594030976391236,-0.000594030976391236,0.0015935373486539728
N500_plus_0.01pct_phi40,500,1.2027299618659357,rms_signed_R8,joint_powerlaw_20,15.272188806963918,0.9999693451879083,0.2,0.6,40,0.8754248399314679,0.010538946368175187,0.010538946368175187,0.7261940452210298
N500_plus_0.01pct_phi40,500,1.2027299618659357,rms_signed_R12,joint_powerlaw_20,15.272188806963918,0.9999693451879083,0.2,0.6,40,0.8754248399314679,0.012920136313916818,0.012920136313916818,0.7507068916966324
N500_plus_0.01pct_phi40,500,1.2027299618659357,rms_absrho_R8,joint_powerlaw_20,15.272188806963918,0.9999693451879083,0.2,0.6,40,0.8754248399314679,0.3420873383257919,0.3420873383257919,0.9918937812813674
N500_plus_0.01pct_phi40,500,1.2027299618659357,rms_positive_rho_R8,joint_powerlaw_20,15.272188806963918,0.9999693451879083,0.2,0.6,40,0.8754248399314679,0.2260414452563207,0.2260414452563207,0.9876578420715537
N500_plus_0.01pct_phi40,500,1.2027299618659357,rms_gradient_R8,joint_powerlaw_20,15.272188806963918,0.9999693451879083,0.2,0.6,40,0.8754248399314679,0.4356763082204722,0.4356763082204722,0.9993888400227381
N500_plus_0.01pct_phi40,500,1.2027299618659357,field_r50,joint_powerlaw_20,15.272188806963918,0.9999693451879083,0.2,0.6,40,0.8754248399314679,0.4478143620967287,0.4478143620967287,0.9998933578644513
N500_plus_0.01pct_phi40,500,1.2027299618659357,field_r20,joint_powerlaw_20,15.272188806963918,0.9999693451879083,0.2,0.6,40,0.8754248399314679,0.46515166002218616,0.46515166002218616,0.9984762990916634
N500_plus_0.01pct_phi40,500,1.2027299618659357,mean_r2_signed_R8,joint_powerlaw_20,15.272188806963918,0.9999693451879083,0.2,0.6,40,0.8754248399314679,0.021077892736350214,0.010538946368175107,0.7261940452210267
N500_plus_0.01pct_phi40,500,1.2027299618659357,rms_signed_R4,joint_powerlaw_20,15.272188806963918,0.9999693451879083,0.4,1.0,60,0.8754248399314679,0.04078563355177333,0.04078563355177333,0.9926298798047922
N500_plus_0.01pct_phi40,500,1.2027299618659357,rms_signed_R8,joint_powerlaw_20,15.272188806963918,0.9999693451879083,0.4,1.0,60,0.8754248399314679,0.024174884096811032,0.024174884096811032,0.9982235733288314
N500_plus_0.01pct_phi40,500,1.2027299618659357,rms_signed_R12,joint_powerlaw_20,15.272188806963918,0.9999693451879083,0.4,1.0,60,0.8754248399314679,0.039123223892390514,0.039123223892390514,0.9925388965942634
N500_plus_0.01pct_phi40,500,1.2027299618659357,rms_absrho_R8,joint_powerlaw_20,15.272188806963918,0.9999693451879083,0.4,1.0,60,0.8754248399314679,0.20991633866153023,0.20991633866153023,0.9848997066021563
N500_plus_0.01pct_phi40,500,1.2027299618659357,rms_positive_rho_R8,joint_powerlaw_20,15.272188806963918,0.9999693451879083,0.4,1.0,60,0.8754248399314679,0.13043372302484596,0.13043372302484596,0.983003303327614
N500_plus_0.01pct_phi40,500,1.2027299618659357,rms_gradient_R8,joint_powerlaw_20,15.272188806963918,0.9999693451879083,0.4,1.0,60,0.8754248399314679,0.3500085069339771,0.3500085069339771,0.9939879269915688
N500_plus_0.01pct_phi40,500,1.2027299618659357,field_r50,joint_powerlaw_20,15.272188806963918,0.9999693451879083,0.4,1.0,60,0.8754248399314679,0.4922922780550826,0.4922922780550826,0.9990171758914131
N500_plus_0.01pct_phi40,500,1.2027299618659357,field_r20,joint_powerlaw_20,15.272188806963918,0.9999693451879083,0.4,1.0,60,0.8754248399314679,0.5515404250049825,0.5515404250049825,0.9986392336169979
N500_plus_0.01pct_phi40,500,1.2027299618659357,mean_r2_signed_R8,joint_powerlaw_20,15.272188806963918,0.9999693451879083,0.4,1.0,60,0.8754248399314679,0.048349768193622786,0.024174884096811393,0.9982235733288317
N500_plus_0.01pct_phi40,500,1.2027299618659357,rms_signed_R4,joint_powerlaw_20,15.272188806963918,0.9999693451879083,0.8,1.6,80,0.8754248399314679,-0.047142097512326224,-0.047142097512326224,0.6254100931403583
N500_plus_0.01pct_phi40,500,1.2027299618659357,rms_signed_R8,joint_powerlaw_20,15.272188806963918,0.9999693451879083,0.8,1.6,80,0.8754248399314679,-0.010125552222219588,-0.010125552222219588,0.29164240690543963
N500_plus_0.01pct_phi40,500,1.2027299618659357,rms_signed_R12,joint_powerlaw_20,15.272188806963918,0.9999693451879083,0.8,1.6,80,0.8754248399314679,0.010571563676068261,0.010571563676068261,0.29147016940679127
N500_plus_0.01pct_phi40,500,1.2027299618659357,rms_absrho_R8,joint_powerlaw_20,15.272188806963918,0.9999693451879083,0.8,1.6,80,0.8754248399314679,0.08412653359179618,0.08412653359179618,0.9238862472662575
N500_plus_0.01pct_phi40,500,1.2027299618659357,rms_positive_rho_R8,joint_powerlaw_20,15.272188806963918,0.9999693451879083,0.8,1.6,80,0.8754248399314679,0.03969462307349636,0.03969462307349636,0.788457336910453
N500_plus_0.01pct_phi40,500,1.2027299618659357,rms_gradient_R8,joint_powerlaw_20,15.272188806963918,0.9999693451879083,0.8,1.6,80,0.8754248399314679,0.15968371771647621,0.15968371771647621,0.9335346998644092
N500_plus_0.01pct_phi40,500,1.2027299618659357,field_r50,joint_powerlaw_20,15.272188806963918,0.9999693451879083,0.8,1.6,80,0.8754248399314679,0.5237963094508473,0.5237963094508473,0.9955999988352227
N500_plus_0.01pct_phi40,500,1.2027299618659357,field_r20,joint_powerlaw_20,15.272188806963918,0.9999693451879083,0.8,1.6,80,0.8754248399314679,0.15518609094078367,0.15518609094078367,0.7169460484150343
N500_plus_0.01pct_phi40,500,1.2027299618659357,mean_r2_signed_R8,joint_powerlaw_20,15.272188806963918,0.9999693451879083,0.8,1.6,80,0.8754248399314679,-0.020251104444439175,-0.010125552222219588,0.2916424069054402
N500_plus_0.01pct_phi40,500,1.2027299618659357,rms_signed_R4,joint_powerlaw_40,15.267764599663224,0.9997443609416398,0.1,0.3,20,0.8164660295208571,-0.06664402453302554,-0.06664402453302554,0.9620885868946203
N500_plus_0.01pct_phi40,500,1.2027299618659357,rms_signed_R8,joint_powerlaw_40,15.267764599663224,0.9997443609416398,0.1,0.3,20,0.8164660295208571,-0.024842770966690932,-0.024842770966690932,0.896896263702084
N500_plus_0.01pct_phi40,500,1.2027299618659357,rms_signed_R12,joint_powerlaw_40,15.267764599663224,0.9997443609416398,0.1,0.3,20,0.8164660295208571,-0.017894576326902546,-0.017894576326902546,0.9047578384459767
N500_plus_0.01pct_phi40,500,1.2027299618659357,rms_absrho_R8,joint_powerlaw_40,15.267764599663224,0.9997443609416398,0.1,0.3,20,0.8164660295208571,0.4461174679802304,0.4461174679802304,0.9986957957324872
N500_plus_0.01pct_phi40,500,1.2027299618659357,rms_positive_rho_R8,joint_powerlaw_40,15.267764599663224,0.9997443609416398,0.1,0.3,20,0.8164660295208571,0.331817765931606,0.331817765931606,0.9957999478867997
N500_plus_0.01pct_phi40,500,1.2027299618659357,rms_gradient_R8,joint_powerlaw_40,15.267764599663224,0.9997443609416398,0.1,0.3,20,0.8164660295208571,0.44500950004853557,0.44500950004853557,0.9999786657916435
N500_plus_0.01pct_phi40,500,1.2027299618659357,field_r50,joint_powerlaw_40,15.267764599663224,0.9997443609416398,0.1,0.3,20,0.8164660295208571,0.430315549336625,0.430315549336625,0.9999950826745929
N500_plus_0.01pct_phi40,500,1.2027299618659357,field_r20,joint_powerlaw_40,15.267764599663224,0.9997443609416398,0.1,0.3,20,0.8164660295208571,0.4146537912613094,0.4146537912613094,0.999933983322718
N500_plus_0.01pct_phi40,500,1.2027299618659357,mean_r2_signed_R8,joint_powerlaw_40,15.267764599663224,0.9997443609416398,0.1,0.3,20,0.8164660295208571,-0.04968554193338236,-0.02484277096669118,0.8968962637020849
N500_plus_0.01pct_phi40,500,1.2027299618659357,rms_signed_R4,joint_powerlaw_40,15.267764599663224,0.9997443609416398,0.2,0.6,40,0.8164660295208571,0.002507193436014883,0.002507193436014883,0.030653397148886485
N500_plus_0.01pct_phi40,500,1.2027299618659357,rms_signed_R8,joint_powerlaw_40,15.267764599663224,0.9997443609416398,0.2,0.6,40,0.8164660295208571,0.01178095451834227,0.01178095451834227,0.794772931200844
N500_plus_0.01pct_phi40,500,1.2027299618659357,rms_signed_R12,joint_powerlaw_40,15.267764599663224,0.9997443609416398,0.2,0.6,40,0.8164660295208571,0.014300535499967624,0.014300535499967624,0.7988086687125704
N500_plus_0.01pct_phi40,500,1.2027299618659357,rms_absrho_R8,joint_powerlaw_40,15.267764599663224,0.9997443609416398,0.2,0.6,40,0.8164660295208571,0.33151749943251674,0.33151749943251674,0.992187596008185
N500_plus_0.01pct_phi40,500,1.2027299618659357,rms_positive_rho_R8,joint_powerlaw_40,15.267764599663224,0.9997443609416398,0.2,0.6,40,0.8164660295208571,0.2179565868028569,0.2179565868028569,0.9883285334294761
N500_plus_0.01pct_phi40,500,1.2027299618659357,rms_gradient_R8,joint_powerlaw_40,15.267764599663224,0.9997443609416398,0.2,0.6,40,0.8164660295208571,0.4281997105199158,0.4281997105199158,0.9994112321645766
N500_plus_0.01pct_phi40,500,1.2027299618659357,field_r50,joint_powerlaw_40,15.267764599663224,0.9997443609416398,0.2,0.6,40,0.8164660295208571,0.4431610947593549,0.4431610947593549,0.9998408758238946
N500_plus_0.01pct_phi40,500,1.2027299618659357,field_r20,joint_powerlaw_40,15.267764599663224,0.9997443609416398,0.2,0.6,40,0.8164660295208571,0.4629738309410741,0.4629738309410741,0.9982438098006476
N500_plus_0.01pct_phi40,500,1.2027299618659357,mean_r2_signed_R8,joint_powerlaw_40,15.267764599663224,0.9997443609416398,0.2,0.6,40,0.8164660295208571,0.02356190903668454,0.01178095451834227,0.7947729312008437
N500_plus_0.01pct_phi40,500,1.2027299618659357,rms_signed_R4,joint_powerlaw_40,15.267764599663224,0.9997443609416398,0.4,1.0,60,0.8164660295208571,0.04074918593326936,0.04074918593326936,0.9934505133140453
N500_plus_0.01pct_phi40,500,1.2027299618659357,rms_signed_R8,joint_powerlaw_40,15.267764599663224,0.9997443609416398,0.4,1.0,60,0.8164660295208571,0.023988903494252294,0.023988903494252294,0.9979920977422155
N500_plus_0.01pct_phi40,500,1.2027299618659357,rms_signed_R12,joint_powerlaw_40,15.267764599663224,0.9997443609416398,0.4,1.0,60,0.8164660295208571,0.03929261194606316,0.03929261194606316,0.9936490145067853
N500_plus_0.01pct_phi40,500,1.2027299618659357,rms_absrho_R8,joint_powerlaw_40,15.267764599663224,0.9997443609416398,0.4,1.0,60,0.8164660295208571,0.20490295135660877,0.20490295135660877,0.9852091304082193
N500_plus_0.01pct_phi40,500,1.2027299618659357,rms_positive_rho_R8,joint_powerlaw_40,15.267764599663224,0.9997443609416398,0.4,1.0,60,0.8164660295208571,0.12716056874617346,0.12716056874617346,0.9833477583651064
N500_plus_0.01pct_phi40,500,1.2027299618659357,rms_gradient_R8,joint_powerlaw_40,15.267764599663224,0.9997443609416398,0.4,1.0,60,0.8164660295208571,0.3440053760052623,0.3440053760052623,0.9939089012454043
N500_plus_0.01pct_phi40,500,1.2027299618659357,field_r50,joint_powerlaw_40,15.267764599663224,0.9997443609416398,0.4,1.0,60,0.8164660295208571,0.4909247103315182,0.4909247103315182,0.9989570476380728
N500_plus_0.01pct_phi40,500,1.2027299618659357,field_r20,joint_powerlaw_40,15.267764599663224,0.9997443609416398,0.4,1.0,60,0.8164660295208571,0.5474880108595006,0.5474880108595006,0.9984628894697523
N500_plus_0.01pct_phi40,500,1.2027299618659357,mean_r2_signed_R8,joint_powerlaw_40,15.267764599663224,0.9997443609416398,0.4,1.0,60,0.8164660295208571,0.04797780698850459,0.023988903494252294,0.9979920977422159
N500_plus_0.01pct_phi40,500,1.2027299618659357,rms_signed_R4,joint_powerlaw_40,15.267764599663224,0.9997443609416398,0.8,1.6,80,0.8164660295208571,-0.050460834063844044,-0.050460834063844044,0.6508054595347287
N500_plus_0.01pct_phi40,500,1.2027299618659357,rms_signed_R8,joint_powerlaw_40,15.267764599663224,0.9997443609416398,0.8,1.6,80,0.8164660295208571,-0.011623931021295237,-0.011623931021295237,0.33935774787909156
N500_plus_0.01pct_phi40,500,1.2027299618659357,rms_signed_R12,joint_powerlaw_40,15.267764599663224,0.9997443609416398,0.8,1.6,80,0.8164660295208571,0.00895642186754773,0.00895642186754773,0.22042335112854416
N500_plus_0.01pct_phi40,500,1.2027299618659357,rms_absrho_R8,joint_powerlaw_40,15.267764599663224,0.9997443609416398,0.8,1.6,80,0.8164660295208571,0.08136543112647596,0.08136543112647596,0.9183802075812976
N500_plus_0.01pct_phi40,500,1.2027299618659357,rms_positive_rho_R8,joint_powerlaw_40,15.267764599663224,0.9997443609416398,0.8,1.6,80,0.8164660295208571,0.03748253712410312,0.03748253712410312,0.7643611777581875
N500_plus_0.01pct_phi40,500,1.2027299618659357,rms_gradient_R8,joint_powerlaw_40,15.267764599663224,0.9997443609416398,0.8,1.6,80,0.8164660295208571,0.15483678283114446,0.15483678283114446,0.9296895425529897
N500_plus_0.01pct_phi40,500,1.2027299618659357,field_r50,joint_powerlaw_40,15.267764599663224,0.9997443609416398,0.8,1.6,80,0.8164660295208571,0.5187482629046632,0.5187482629046632,0.9948678831015263
N500_plus_0.01pct_phi40,500,1.2027299618659357,field_r20,joint_powerlaw_40,15.267764599663224,0.9997443609416398,0.8,1.6,80,0.8164660295208571,0.144748755265079,0.144748755265079,0.6982339922653142
N500_plus_0.01pct_phi40,500,1.2027299618659357,mean_r2_signed_R8,joint_powerlaw_40,15.267764599663224,0.9997443609416398,0.8,1.6,80,0.8164660295208571,-0.023247862042591362,-0.011623931021295681,0.3393577478790907
N500_plus_0.01pct_phi40,500,1.2027299618659357,rms_signed_R4,joint_powerlaw_80,15.266559037355542,0.999625990009162,0.1,0.3,20,0.8018309315996014,-0.06620573324517626,-0.06620573324517626,0.962449333834108
N500_plus_0.01pct_phi40,500,1.2027299618659357,rms_signed_R8,joint_powerlaw_80,15.266559037355542,0.999625990009162,0.1,0.3,20,0.8018309315996014,-0.02468270448947067,-0.02468270448947067,0.897473587653904
N500_plus_0.01pct_phi40,500,1.2027299618659357,rms_signed_R12,joint_powerlaw_80,15.266559037355542,0.999625990009162,0.1,0.3,20,0.8018309315996014,-0.017779011075878665,-0.017779011075878665,0.905313005546771
N500_plus_0.01pct_phi40,500,1.2027299618659357,rms_absrho_R8,joint_powerlaw_80,15.266559037355542,0.999625990009162,0.1,0.3,20,0.8018309315996014,0.4431151796931445,0.4431151796931445,0.9987621256818712
N500_plus_0.01pct_phi40,500,1.2027299618659357,rms_positive_rho_R8,joint_powerlaw_80,15.266559037355542,0.999625990009162,0.1,0.3,20,0.8018309315996014,0.3295938425850887,0.3295938425850887,0.9959213752678991
N500_plus_0.01pct_phi40,500,1.2027299618659357,rms_gradient_R8,joint_powerlaw_80,15.266559037355542,0.999625990009162,0.1,0.3,20,0.8018309315996014,0.44199793200496834,0.44199793200496834,0.9999693521731174
N500_plus_0.01pct_phi40,500,1.2027299618659357,field_r50,joint_powerlaw_80,15.266559037355542,0.999625990009162,0.1,0.3,20,0.8018309315996014,0.4274043200876684,0.4274043200876684,0.9999899737626405
N500_plus_0.01pct_phi40,500,1.2027299618659357,field_r20,joint_powerlaw_80,15.266559037355542,0.999625990009162,0.1,0.3,20,0.8018309315996014,0.4118463397575027,0.4118463397575027,0.9999182924399732
N500_plus_0.01pct_phi40,500,1.2027299618659357,mean_r2_signed_R8,joint_powerlaw_80,15.266559037355542,0.999625990009162,0.1,0.3,20,0.8018309315996014,-0.04936540897894168,-0.02468270448947084,0.8974735876539033
N500_plus_0.01pct_phi40,500,1.2027299618659357,rms_signed_R4,joint_powerlaw_80,15.266559037355542,0.999625990009162,0.2,0.6,40,0.8018309315996014,0.002491796620788309,0.002491796620788309,0.030485848581437436
N500_plus_0.01pct_phi40,500,1.2027299618659357,rms_signed_R8,joint_powerlaw_80,15.266559037355542,0.999625990009162,0.2,0.6,40,0.8018309315996014,0.011737829552999787,0.011737829552999787,0.7943792317757951
N500_plus_0.01pct_phi40,500,1.2027299618659357,rms_signed_R12,joint_powerlaw_80,15.266559037355542,0.999625990009162,0.2,0.6,40,0.8018309315996014,0.014248246626695172,0.014248246626695172,0.7984196031886831
N500_plus_0.01pct_phi40,500,1.2027299618659357,rms_absrho_R8,joint_powerlaw_80,15.266559037355542,0.999625990009162,0.2,0.6,40,0.8018309315996014,0.3303999314507077,0.3303999314507077,0.9922724874101057
N500_plus_0.01pct_phi40,500,1.2027299618659357,rms_positive_rho_R8,joint_powerlaw_80,15.266559037355542,0.999625990009162,0.2,0.6,40,0.8018309315996014,0.21722399644303944,0.21722399644303944,0.9884327161531805
N500_plus_0.01pct_phi40,500,1.2027299618659357,rms_gradient_R8,joint_powerlaw_80,15.266559037355542,0.999625990009162,0.2,0.6,40,0.8018309315996014,0.4267426730341186,0.4267426730341186,0.9994332853517077
N500_plus_0.01pct_phi40,500,1.2027299618659357,field_r50,joint_powerlaw_80,15.266559037355542,0.999625990009162,0.2,0.6,40,0.8018309315996014,0.44164565476171436,0.44164565476171436,0.9998290103392702
N500_plus_0.01pct_phi40,500,1.2027299618659357,field_r20,joint_powerlaw_80,15.266559037355542,0.999625990009162,0.2,0.6,40,0.8018309315996014,0.461384290823212,0.461384290823212,0.9982044944080404
N500_plus_0.01pct_phi40,500,1.2027299618659357,mean_r2_signed_R8,joint_powerlaw_80,15.266559037355542,0.999625990009162,0.2,0.6,40,0.8018309315996014,0.023475659105999573,0.011737829552999787,0.7943792317757947
N500_plus_0.01pct_phi40,500,1.2027299618659357,rms_signed_R4,joint_powerlaw_80,15.266559037355542,0.999625990009162,0.4,1.0,60,0.8018309315996014,0.04067217405966695,0.04067217405966695,0.9934382345109264
N500_plus_0.01pct_phi40,500,1.2027299618659357,rms_signed_R8,joint_powerlaw_80,15.266559037355542,0.999625990009162,0.4,1.0,60,0.8018309315996014,0.023943813372233756,0.023943813372233756,0.9980003113222053
N500_plus_0.01pct_phi40,500,1.2027299618659357,rms_signed_R12,joint_powerlaw_80,15.266559037355542,0.999625990009162,0.4,1.0,60,0.8018309315996014,0.03921792691539919,0.03921792691539919,0.9936151503377058
N500_plus_0.01pct_phi40,500,1.2027299618659357,rms_absrho_R8,joint_powerlaw_80,15.266559037355542,0.999625990009162,0.4,1.0,60,0.8018309315996014,0.20452257535255555,0.20452257535255555,0.985263143350087
N500_plus_0.01pct_phi40,500,1.2027299618659357,rms_positive_rho_R8,joint_powerlaw_80,15.266559037355542,0.999625990009162,0.4,1.0,60,0.8018309315996014,0.1269247284387832,0.1269247284387832,0.9834050311087017
N500_plus_0.01pct_phi40,500,1.2027299618659357,rms_gradient_R8,joint_powerlaw_80,15.266559037355542,0.999625990009162,0.4,1.0,60,0.8018309315996014,0.3433632782244268,0.3433632782244268,0.9939431511225277
N500_plus_0.01pct_phi40,500,1.2027299618659357,field_r50,joint_powerlaw_80,15.266559037355542,0.999625990009162,0.4,1.0,60,0.8018309315996014,0.48999644317942365,0.48999644317942365,0.9989427897328236
N500_plus_0.01pct_phi40,500,1.2027299618659357,field_r20,joint_powerlaw_80,15.266559037355542,0.999625990009162,0.4,1.0,60,0.8018309315996014,0.5464566956034115,0.5464566956034115,0.9984629081691925
N500_plus_0.01pct_phi40,500,1.2027299618659357,mean_r2_signed_R8,joint_powerlaw_80,15.266559037355542,0.999625990009162,0.4,1.0,60,0.8018309315996014,0.047887626744467116,0.023943813372233558,0.9980003113222056
N500_plus_0.01pct_phi40,500,1.2027299618659357,rms_signed_R4,joint_powerlaw_80,15.266559037355542,0.999625990009162,0.8,1.6,80,0.8018309315996014,-0.05040399613097581,-0.05040399613097581,0.6507171113770243
N500_plus_0.01pct_phi40,500,1.2027299618659357,rms_signed_R8,joint_powerlaw_80,15.266559037355542,0.999625990009162,0.8,1.6,80,0.8018309315996014,-0.011610165593323491,-0.011610165593323491,0.3392723748047648
N500_plus_0.01pct_phi40,500,1.2027299618659357,rms_signed_R12,joint_powerlaw_80,15.266559037355542,0.999625990009162,0.8,1.6,80,0.8018309315996014,0.008948474505285705,0.008948474505285705,0.22049892553805128
N500_plus_0.01pct_phi40,500,1.2027299618659357,rms_absrho_R8,joint_powerlaw_80,15.266559037355542,0.999625990009162,0.8,1.6,80,0.8018309315996014,0.08128156468444653,0.08128156468444653,0.9184313845302413
N500_plus_0.01pct_phi40,500,1.2027299618659357,rms_positive_rho_R8,joint_powerlaw_80,15.266559037355542,0.999625990009162,0.8,1.6,80,0.8018309315996014,0.037444783963044556,0.037444783963044556,0.7644397639831958
N500_plus_0.01pct_phi40,500,1.2027299618659357,rms_gradient_R8,joint_powerlaw_80,15.266559037355542,0.999625990009162,0.8,1.6,80,0.8018309315996014,0.15467687727839352,0.15467687727839352,0.9297376302508783
N500_plus_0.01pct_phi40,500,1.2027299618659357,field_r50,joint_powerlaw_80,15.266559037355542,0.999625990009162,0.8,1.6,80,0.8018309315996014,0.5182018632489466,0.5182018632489466,0.9948783735122014
N500_plus_0.01pct_phi40,500,1.2027299618659357,field_r20,joint_powerlaw_80,15.266559037355542,0.999625990009162,0.8,1.6,80,0.8018309315996014,0.14460456270122385,0.14460456270122385,0.698321245383489
N500_plus_0.01pct_phi40,500,1.2027299618659357,mean_r2_signed_R8,joint_powerlaw_80,15.266559037355542,0.999625990009162,0.8,1.6,80,0.8018309315996014,-0.023220331186646983,-0.011610165593323491,0.33927237480476513
N500_plus_0.01pct_phi60,500,1.2027299618659357,rms_signed_R4,field_2_4,15.671541771757484,0.9969105143548326,0.1,0.3,0,1.0,nan,nan,nan
N500_plus_0.01pct_phi60,500,1.2027299618659357,rms_signed_R8,field_2_4,15.671541771757484,0.9969105143548326,0.1,0.3,0,1.0,nan,nan,nan
N500_plus_0.01pct_phi60,500,1.2027299618659357,rms_signed_R12,field_2_4,15.671541771757484,0.9969105143548326,0.1,0.3,0,1.0,nan,nan,nan
N500_plus_0.01pct_phi60,500,1.2027299618659357,rms_absrho_R8,field_2_4,15.671541771757484,0.9969105143548326,0.1,0.3,0,1.0,nan,nan,nan
N500_plus_0.01pct_phi60,500,1.2027299618659357,rms_positive_rho_R8,field_2_4,15.671541771757484,0.9969105143548326,0.1,0.3,0,1.0,nan,nan,nan
N500_plus_0.01pct_phi60,500,1.2027299618659357,rms_gradient_R8,field_2_4,15.671541771757484,0.9969105143548326,0.1,0.3,0,1.0,nan,nan,nan
N500_plus_0.01pct_phi60,500,1.2027299618659357,field_r50,field_2_4,15.671541771757484,0.9969105143548326,0.1,0.3,0,1.0,nan,nan,nan
N500_plus_0.01pct_phi60,500,1.2027299618659357,field_r20,field_2_4,15.671541771757484,0.9969105143548326,0.1,0.3,0,1.0,nan,nan,nan
N500_plus_0.01pct_phi60,500,1.2027299618659357,mean_r2_signed_R8,field_2_4,15.671541771757484,0.9969105143548326,0.1,0.3,0,1.0,nan,nan,nan
N500_plus_0.01pct_phi60,500,1.2027299618659357,rms_signed_R4,field_2_4,15.671541771757484,0.9969105143548326,0.2,0.6,19,1.0,-0.6567742654667049,-0.6567742654667049,0.736077252408882
N500_plus_0.01pct_phi60,500,1.2027299618659357,rms_signed_R8,field_2_4,15.671541771757484,0.9969105143548326,0.2,0.6,19,1.0,-0.30811749150486356,-0.30811749150486356,0.4240761058237692
N500_plus_0.01pct_phi60,500,1.2027299618659357,rms_signed_R12,field_2_4,15.671541771757484,0.9969105143548326,0.2,0.6,19,1.0,-0.1550698344342893,-0.1550698344342893,0.158783879632018
N500_plus_0.01pct_phi60,500,1.2027299618659357,rms_absrho_R8,field_2_4,15.671541771757484,0.9969105143548326,0.2,0.6,19,1.0,3.1069918468183912,3.1069918468183912,0.9379564204940048
N500_plus_0.01pct_phi60,500,1.2027299618659357,rms_positive_rho_R8,field_2_4,15.671541771757484,0.9969105143548326,0.2,0.6,19,1.0,2.7293081100212677,2.7293081100212677,0.9171831965934106
N500_plus_0.01pct_phi60,500,1.2027299618659357,rms_gradient_R8,field_2_4,15.671541771757484,0.9969105143548326,0.2,0.6,19,1.0,2.673964306367752,2.673964306367752,0.9474644460232284
N500_plus_0.01pct_phi60,500,1.2027299618659357,field_r50,field_2_4,15.671541771757484,0.9969105143548326,0.2,0.6,19,1.0,2.6769874382474086,2.6769874382474086,0.94249403907774
N500_plus_0.01pct_phi60,500,1.2027299618659357,field_r20,field_2_4,15.671541771757484,0.9969105143548326,0.2,0.6,19,1.0,2.573850521996718,2.573850521996718,0.9404398012731341
N500_plus_0.01pct_phi60,500,1.2027299618659357,mean_r2_signed_R8,field_2_4,15.671541771757484,0.9969105143548326,0.2,0.6,19,1.0,-0.6162349830097256,-0.3081174915048628,0.424076105823769
N500_plus_0.01pct_phi60,500,1.2027299618659357,rms_signed_R4,field_2_4,15.671541771757484,0.9969105143548326,0.4,1.0,59,1.0,-0.19669335432188398,-0.19669335432188398,0.5520884186721303
N500_plus_0.01pct_phi60,500,1.2027299618659357,rms_signed_R8,field_2_4,15.671541771757484,0.9969105143548326,0.4,1.0,59,1.0,-0.07637097708858387,-0.07637097708858387,0.30546430752353637
N500_plus_0.01pct_phi60,500,1.2027299618659357,rms_signed_R12,field_2_4,15.671541771757484,0.9969105143548326,0.4,1.0,59,1.0,-0.038038199101394415,-0.038038199101394415,0.13186864739836135
N500_plus_0.01pct_phi60,500,1.2027299618659357,rms_absrho_R8,field_2_4,15.671541771757484,0.9969105143548326,0.4,1.0,59,1.0,1.3945967598751474,1.3945967598751474,0.856725234540086
N500_plus_0.01pct_phi60,500,1.2027299618659357,rms_positive_rho_R8,field_2_4,15.671541771757484,0.9969105143548326,0.4,1.0,59,1.0,1.0862444869168353,1.0862444869168353,0.8020408719818001
N500_plus_0.01pct_phi60,500,1.2027299618659357,rms_gradient_R8,field_2_4,15.671541771757484,0.9969105143548326,0.4,1.0,59,1.0,1.409076857889067,1.409076857889067,0.9175305649691817
N500_plus_0.01pct_phi60,500,1.2027299618659357,field_r50,field_2_4,15.671541771757484,0.9969105143548326,0.4,1.0,59,1.0,1.4064345732708492,1.4064345732708492,0.919443332670958
N500_plus_0.01pct_phi60,500,1.2027299618659357,field_r20,field_2_4,15.671541771757484,0.9969105143548326,0.4,1.0,59,1.0,1.3884046015421196,1.3884046015421196,0.9289608219489456
N500_plus_0.01pct_phi60,500,1.2027299618659357,mean_r2_signed_R8,field_2_4,15.671541771757484,0.9969105143548326,0.4,1.0,59,1.0,-0.15274195417716863,-0.07637097708858431,0.3054643075235358
N500_plus_0.01pct_phi60,500,1.2027299618659357,rms_signed_R4,field_2_4,15.671541771757484,0.9969105143548326,0.8,1.6,80,1.0,0.05372401402982871,0.05372401402982871,0.9347915102526287
N500_plus_0.01pct_phi60,500,1.2027299618659357,rms_signed_R8,field_2_4,15.671541771757484,0.9969105143548326,0.8,1.6,80,1.0,0.03378018473832705,0.03378018473832705,0.9695071664794787
N500_plus_0.01pct_phi60,500,1.2027299618659357,rms_signed_R12,field_2_4,15.671541771757484,0.9969105143548326,0.8,1.6,80,1.0,0.06055526100084017,0.06055526100084017,0.9952131065415571
N500_plus_0.01pct_phi60,500,1.2027299618659357,rms_absrho_R8,field_2_4,15.671541771757484,0.9969105143548326,0.8,1.6,80,1.0,0.2904708440022553,0.2904708440022553,0.9560418946833615
N500_plus_0.01pct_phi60,500,1.2027299618659357,rms_positive_rho_R8,field_2_4,15.671541771757484,0.9969105143548326,0.8,1.6,80,1.0,0.17871260804388217,0.17871260804388217,0.950478014174049
N500_plus_0.01pct_phi60,500,1.2027299618659357,rms_gradient_R8,field_2_4,15.671541771757484,0.9969105143548326,0.8,1.6,80,1.0,0.49701413186158366,0.49701413186158366,0.9723694661124882
N500_plus_0.01pct_phi60,500,1.2027299618659357,field_r50,field_2_4,15.671541771757484,0.9969105143548326,0.8,1.6,80,1.0,0.7916995091212139,0.7916995091212139,0.999843948006588
N500_plus_0.01pct_phi60,500,1.2027299618659357,field_r20,field_2_4,15.671541771757484,0.9969105143548326,0.8,1.6,80,1.0,0.7833828895087032,0.7833828895087032,0.9771201373017715
N500_plus_0.01pct_phi60,500,1.2027299618659357,mean_r2_signed_R8,field_2_4,15.671541771757484,0.9969105143548326,0.8,1.6,80,1.0,0.06756036947665348,0.03378018473832674,0.969507166479479
N500_plus_0.01pct_phi60,500,1.2027299618659357,rms_signed_R4,field_4_8,15.369289197725951,0.9974622207204971,0.1,0.3,20,1.0,-0.24632870762824247,-0.24632870762824247,0.7565104868878577
N500_plus_0.01pct_phi60,500,1.2027299618659357,rms_signed_R8,field_4_8,15.369289197725951,0.9974622207204971,0.1,0.3,20,1.0,-0.11452411045586262,-0.11452411045586262,0.4381734408892999
N500_plus_0.01pct_phi60,500,1.2027299618659357,rms_signed_R12,field_4_8,15.369289197725951,0.9974622207204971,0.1,0.3,20,1.0,-0.05695689780838851,-0.05695689780838851,0.16262798155181413
N500_plus_0.01pct_phi60,500,1.2027299618659357,rms_absrho_R8,field_4_8,15.369289197725951,0.9974622207204971,0.1,0.3,20,1.0,1.1786763988006155,1.1786763988006155,0.9679469446733907
N500_plus_0.01pct_phi60,500,1.2027299618659357,rms_positive_rho_R8,field_4_8,15.369289197725951,0.9974622207204971,0.1,0.3,20,1.0,1.0337431493161346,1.0337431493161346,0.9515297191791542
N500_plus_0.01pct_phi60,500,1.2027299618659357,rms_gradient_R8,field_4_8,15.369289197725951,0.9974622207204971,0.1,0.3,20,1.0,1.0164307642079224,1.0164307642079224,0.9752296680949811
N500_plus_0.01pct_phi60,500,1.2027299618659357,field_r50,field_4_8,15.369289197725951,0.9974622207204971,0.1,0.3,20,1.0,1.0171010700772396,1.0171010700772396,0.9716084057685229
N500_plus_0.01pct_phi60,500,1.2027299618659357,field_r20,field_4_8,15.369289197725951,0.9974622207204971,0.1,0.3,20,1.0,0.9779767225422938,0.9779767225422938,0.9701384125807747
N500_plus_0.01pct_phi60,500,1.2027299618659357,mean_r2_signed_R8,field_4_8,15.369289197725951,0.9974622207204971,0.1,0.3,20,1.0,-0.22904822091172525,-0.11452411045586262,0.4381734408892993
N500_plus_0.01pct_phi60,500,1.2027299618659357,rms_signed_R4,field_4_8,15.369289197725951,0.9974622207204971,0.2,0.6,40,1.0,-0.04968662048609616,-0.04968662048609616,0.6997411686561239
N500_plus_0.01pct_phi60,500,1.2027299618659357,rms_signed_R8,field_4_8,15.369289197725951,0.9974622207204971,0.2,0.6,40,1.0,-0.01032581892479532,-0.01032581892479532,0.27051643994363805
N500_plus_0.01pct_phi60,500,1.2027299618659357,rms_signed_R12,field_4_8,15.369289197725951,0.9974622207204971,0.2,0.6,40,1.0,-0.005026514382831302,-0.005026514382831302,0.11673043149419893
N500_plus_0.01pct_phi60,500,1.2027299618659357,rms_absrho_R8,field_4_8,15.369289197725951,0.9974622207204971,0.2,0.6,40,1.0,0.5621814960700794,0.5621814960700794,0.9800293405064442
N500_plus_0.01pct_phi60,500,1.2027299618659357,rms_positive_rho_R8,field_4_8,15.369289197725951,0.9974622207204971,0.2,0.6,40,1.0,0.3965327015674769,0.3965327015674769,0.9678154978440889
N500_plus_0.01pct_phi60,500,1.2027299618659357,rms_gradient_R8,field_4_8,15.369289197725951,0.9974622207204971,0.2,0.6,40,1.0,0.6241825835668282,0.6241825835668282,0.9954758904362403
N500_plus_0.01pct_phi60,500,1.2027299618659357,field_r50,field_4_8,15.369289197725951,0.9974622207204971,0.2,0.6,40,1.0,0.6150630418924576,0.6150630418924576,0.9971374726775794
N500_plus_0.01pct_phi60,500,1.2027299618659357,field_r20,field_4_8,15.369289197725951,0.9974622207204971,0.2,0.6,40,1.0,0.6107483257364842,0.6107483257364842,0.9987771213824431
N500_plus_0.01pct_phi60,500,1.2027299618659357,mean_r2_signed_R8,field_4_8,15.369289197725951,0.9974622207204971,0.2,0.6,40,1.0,-0.02065163784959064,-0.01032581892479532,0.2705164399436366
N500_plus_0.01pct_phi60,500,1.2027299618659357,rms_signed_R4,field_4_8,15.369289197725951,0.9974622207204971,0.4,1.0,60,1.0,0.04054257809591124,0.04054257809591124,0.9542942827122456
N500_plus_0.01pct_phi60,500,1.2027299618659357,rms_signed_R8,field_4_8,15.369289197725951,0.9974622207204971,0.4,1.0,60,1.0,0.02697578812124106,0.02697578812124106,0.9941853920055469
N500_plus_0.01pct_phi60,500,1.2027299618659357,rms_signed_R12,field_4_8,15.369289197725951,0.9974622207204971,0.4,1.0,60,1.0,0.03940056147500048,0.03940056147500048,0.9769631621518323
N500_plus_0.01pct_phi60,500,1.2027299618659357,rms_absrho_R8,field_4_8,15.369289197725951,0.9974622207204971,0.4,1.0,60,1.0,0.2902176117860674,0.2902176117860674,0.977961784834602
N500_plus_0.01pct_phi60,500,1.2027299618659357,rms_positive_rho_R8,field_4_8,15.369289197725951,0.9974622207204971,0.4,1.0,60,1.0,0.18277964747133146,0.18277964747133146,0.9747660123454666
N500_plus_0.01pct_phi60,500,1.2027299618659357,rms_gradient_R8,field_4_8,15.369289197725951,0.9974622207204971,0.4,1.0,60,1.0,0.4496485960552191,0.4496485960552191,0.9924945797466758
N500_plus_0.01pct_phi60,500,1.2027299618659357,field_r50,field_4_8,15.369289197725951,0.9974622207204971,0.4,1.0,60,1.0,0.5607697389602713,0.5607697389602713,0.9999110729375137
N500_plus_0.01pct_phi60,500,1.2027299618659357,field_r20,field_4_8,15.369289197725951,0.9974622207204971,0.4,1.0,60,1.0,0.6346377475338675,0.6346377475338675,0.99915623833608
N500_plus_0.01pct_phi60,500,1.2027299618659357,mean_r2_signed_R8,field_4_8,15.369289197725951,0.9974622207204971,0.4,1.0,60,1.0,0.05395157624248297,0.026975788121241486,0.9941853920055471
N500_plus_0.01pct_phi60,500,1.2027299618659357,rms_signed_R4,field_4_8,15.369289197725951,0.9974622207204971,0.8,1.6,80,1.0,-0.02022768788017729,-0.02022768788017729,0.26894017193475284
N500_plus_0.01pct_phi60,500,1.2027299618659357,rms_signed_R8,field_4_8,15.369289197725951,0.9974622207204971,0.8,1.6,80,1.0,0.0018854916357395847,0.0018854916357395847,0.020972414068297973
N500_plus_0.01pct_phi60,500,1.2027299618659357,rms_signed_R12,field_4_8,15.369289197725951,0.9974622207204971,0.8,1.6,80,1.0,0.02494490001871552,0.02494490001871552,0.7599360577131978
N500_plus_0.01pct_phi60,500,1.2027299618659357,rms_absrho_R8,field_4_8,15.369289197725951,0.9974622207204971,0.8,1.6,80,1.0,0.11526061171093842,0.11526061171093842,0.9519293305989747
N500_plus_0.01pct_phi60,500,1.2027299618659357,rms_positive_rho_R8,field_4_8,15.369289197725951,0.9974622207204971,0.8,1.6,80,1.0,0.06237916352577336,0.06237916352577336,0.9039577669710274
N500_plus_0.01pct_phi60,500,1.2027299618659357,rms_gradient_R8,field_4_8,15.369289197725951,0.9974622207204971,0.8,1.6,80,1.0,0.21541955695806106,0.21541955695806106,0.9549895395628143
N500_plus_0.01pct_phi60,500,1.2027299618659357,field_r50,field_4_8,15.369289197725951,0.9974622207204971,0.8,1.6,80,1.0,0.5905680637920929,0.5905680637920929,0.9989406092473043
N500_plus_0.01pct_phi60,500,1.2027299618659357,field_r20,field_4_8,15.369289197725951,0.9974622207204971,0.8,1.6,80,1.0,0.2720057217717218,0.2720057217717218,0.826557162206614
N500_plus_0.01pct_phi60,500,1.2027299618659357,mean_r2_signed_R8,field_4_8,15.369289197725951,0.9974622207204971,0.8,1.6,80,1.0,0.0037709832714773977,0.0018854916357386989,0.020972414068301748
N500_plus_0.01pct_phi60,500,1.2027299618659357,rms_signed_R4,field_8_12,15.298079933244539,0.9998448078671981,0.1,0.3,20,1.0,-0.10161798296729403,-0.10161798296729403,0.9607581507024311
N500_plus_0.01pct_phi60,500,1.2027299618659357,rms_signed_R8,field_8_12,15.298079933244539,0.9998448078671981,0.1,0.3,20,1.0,-0.04424124044146021,-0.04424124044146021,0.916056796547186
N500_plus_0.01pct_phi60,500,1.2027299618659357,rms_signed_R12,field_8_12,15.298079933244539,0.9998448078671981,0.1,0.3,20,1.0,-0.031071138783664614,-0.031071138783664614,0.9259316811127875
N500_plus_0.01pct_phi60,500,1.2027299618659357,rms_absrho_R8,field_8_12,15.298079933244539,0.9998448078671981,0.1,0.3,20,1.0,0.5603084619734122,0.5603084619734122,0.9965209631162988
N500_plus_0.01pct_phi60,500,1.2027299618659357,rms_positive_rho_R8,field_8_12,15.298079933244539,0.9998448078671981,0.1,0.3,20,1.0,0.43418969864371915,0.43418969864371915,0.9914262870870185
N500_plus_0.01pct_phi60,500,1.2027299618659357,rms_gradient_R8,field_8_12,15.298079933244539,0.9998448078671981,0.1,0.3,20,1.0,0.5321963345411751,0.5321963345411751,0.9996056902535806
N500_plus_0.01pct_phi60,500,1.2027299618659357,field_r50,field_8_12,15.298079933244539,0.9998448078671981,0.1,0.3,20,1.0,0.5173908375879599,0.5173908375879599,0.999340268384075
N500_plus_0.01pct_phi60,500,1.2027299618659357,field_r20,field_8_12,15.298079933244539,0.9998448078671981,0.1,0.3,20,1.0,0.49598490635392445,0.49598490635392445,0.9994882613190645
N500_plus_0.01pct_phi60,500,1.2027299618659357,mean_r2_signed_R8,field_8_12,15.298079933244539,0.9998448078671981,0.1,0.3,20,1.0,-0.08848248088292042,-0.04424124044146021,0.9160567965471851
N500_plus_0.01pct_phi60,500,1.2027299618659357,rms_signed_R4,field_8_12,15.298079933244539,0.9998448078671981,0.2,0.6,40,1.0,-0.0077556463412059755,-0.0077556463412059755,0.16428195580315752
N500_plus_0.01pct_phi60,500,1.2027299618659357,rms_signed_R8,field_8_12,15.298079933244539,0.9998448078671981,0.2,0.6,40,1.0,0.008087702446056116,0.008087702446056116,0.5113711882181365
N500_plus_0.01pct_phi60,500,1.2027299618659357,rms_signed_R12,field_8_12,15.298079933244539,0.9998448078671981,0.2,0.6,40,1.0,0.01047104925870144,0.01047104925870144,0.6095971951895374
N500_plus_0.01pct_phi60,500,1.2027299618659357,rms_absrho_R8,field_8_12,15.298079933244539,0.9998448078671981,0.2,0.6,40,1.0,0.38330351260736906,0.38330351260736906,0.9898234147303863
N500_plus_0.01pct_phi60,500,1.2027299618659357,rms_positive_rho_R8,field_8_12,15.298079933244539,0.9998448078671981,0.2,0.6,40,1.0,0.2560957800487224,0.2560957800487224,0.9843604900939016
N500_plus_0.01pct_phi60,500,1.2027299618659357,rms_gradient_R8,field_8_12,15.298079933244539,0.9998448078671981,0.2,0.6,40,1.0,0.4744419553432441,0.4744419553432441,0.9989052313180282
N500_plus_0.01pct_phi60,500,1.2027299618659357,field_r50,field_8_12,15.298079933244539,0.9998448078671981,0.2,0.6,40,1.0,0.48168493658708017,0.48168493658708017,0.9999751937069752
N500_plus_0.01pct_phi60,500,1.2027299618659357,field_r20,field_8_12,15.298079933244539,0.9998448078671981,0.2,0.6,40,1.0,0.49486487748640035,0.49486487748640035,0.9993260440140717
N500_plus_0.01pct_phi60,500,1.2027299618659357,mean_r2_signed_R8,field_8_12,15.298079933244539,0.9998448078671981,0.2,0.6,40,1.0,0.01617540489211304,0.00808770244605652,0.5113711882181398
N500_plus_0.01pct_phi60,500,1.2027299618659357,rms_signed_R4,field_8_12,15.298079933244539,0.9998448078671981,0.4,1.0,60,1.0,0.04171472895896936,0.04171472895896936,0.9897678825101202
N500_plus_0.01pct_phi60,500,1.2027299618659357,rms_signed_R8,field_8_12,15.298079933244539,0.9998448078671981,0.4,1.0,60,1.0,0.02514276462873492,0.02514276462873492,0.9983410192650479
N500_plus_0.01pct_phi60,500,1.2027299618659357,rms_signed_R12,field_8_12,15.298079933244539,0.9998448078671981,0.4,1.0,60,1.0,0.03974233506708047,0.03974233506708047,0.9904917989677539
N500_plus_0.01pct_phi60,500,1.2027299618659357,rms_absrho_R8,field_8_12,15.298079933244539,0.9998448078671981,0.4,1.0,60,1.0,0.22644356049107714,0.22644356049107714,0.9834105031718268
N500_plus_0.01pct_phi60,500,1.2027299618659357,rms_positive_rho_R8,field_8_12,15.298079933244539,0.9998448078671981,0.4,1.0,60,1.0,0.14106326683575612,0.14106326683575612,0.9813515685007658
N500_plus_0.01pct_phi60,500,1.2027299618659357,rms_gradient_R8,field_8_12,15.298079933244539,0.9998448078671981,0.4,1.0,60,1.0,0.37217685130086564,0.37217685130086564,0.9936250018032037
N500_plus_0.01pct_phi60,500,1.2027299618659357,field_r50,field_8_12,15.298079933244539,0.9998448078671981,0.4,1.0,60,1.0,0.5089618246514369,0.5089618246514369,0.9993199225156382
N500_plus_0.01pct_phi60,500,1.2027299618659357,field_r20,field_8_12,15.298079933244539,0.9998448078671981,0.4,1.0,60,1.0,0.5741388834927708,0.5741388834927708,0.9988939678479283
N500_plus_0.01pct_phi60,500,1.2027299618659357,mean_r2_signed_R8,field_8_12,15.298079933244539,0.9998448078671981,0.4,1.0,60,1.0,0.05028552925746984,0.02514276462873492,0.9983410192650483
N500_plus_0.01pct_phi60,500,1.2027299618659357,rms_signed_R4,field_8_12,15.298079933244539,0.9998448078671981,0.8,1.6,80,1.0,-0.04128159438858364,-0.04128159438858364,0.5682505108630783
N500_plus_0.01pct_phi60,500,1.2027299618659357,rms_signed_R8,field_8_12,15.298079933244539,0.9998448078671981,0.8,1.6,80,1.0,-0.007364161519902689,-0.007364161519902689,0.191172599810164
N500_plus_0.01pct_phi60,500,1.2027299618659357,rms_signed_R12,field_8_12,15.298079933244539,0.9998448078671981,0.8,1.6,80,1.0,0.013899961229448993,0.013899961229448993,0.4296260068589053
N500_plus_0.01pct_phi60,500,1.2027299618659357,rms_absrho_R8,field_8_12,15.298079933244539,0.9998448078671981,0.8,1.6,80,1.0,0.09100196063622987,0.09100196063622987,0.932568739453596
N500_plus_0.01pct_phi60,500,1.2027299618659357,rms_positive_rho_R8,field_8_12,15.298079933244539,0.9998448078671981,0.8,1.6,80,1.0,0.04473103777014576,0.04473103777014576,0.8268454245107256
N500_plus_0.01pct_phi60,500,1.2027299618659357,rms_gradient_R8,field_8_12,15.298079933244539,0.9998448078671981,0.8,1.6,80,1.0,0.1719810337235067,0.1719810337235067,0.939660948902902
N500_plus_0.01pct_phi60,500,1.2027299618659357,field_r50,field_8_12,15.298079933244539,0.9998448078671981,0.8,1.6,80,1.0,0.5413674814479307,0.5413674814479307,0.9966952240033274
N500_plus_0.01pct_phi60,500,1.2027299618659357,field_r20,field_8_12,15.298079933244539,0.9998448078671981,0.8,1.6,80,1.0,0.17930802384704125,0.17930802384704125,0.7482505367415735
N500_plus_0.01pct_phi60,500,1.2027299618659357,mean_r2_signed_R8,field_8_12,15.298079933244539,0.9998448078671981,0.8,1.6,80,1.0,-0.014728323039805378,-0.007364161519902689,0.19117259981016343
N500_plus_0.01pct_phi60,500,1.2027299618659357,rms_signed_R4,field_12_20,15.284473773787095,0.9998964862196487,0.1,0.3,20,1.0,-0.08647031764283568,-0.08647031764283568,0.9630452147088818
N500_plus_0.01pct_phi60,500,1.2027299618659357,rms_signed_R8,field_12_20,15.284473773787095,0.9998964862196487,0.1,0.3,20,1.0,-0.0359351749261149,-0.0359351749261149,0.9141707657872582
N500_plus_0.01pct_phi60,500,1.2027299618659357,rms_signed_R12,field_12_20,15.284473773787095,0.9998964862196487,0.1,0.3,20,1.0,-0.025461611438249314,-0.025461611438249314,0.923736534767886
N500_plus_0.01pct_phi60,500,1.2027299618659357,rms_absrho_R8,field_12_20,15.284473773787095,0.9998964862196487,0.1,0.3,20,1.0,0.5073402239714786,0.5073402239714786,0.9977396344826767
N500_plus_0.01pct_phi60,500,1.2027299618659357,rms_positive_rho_R8,field_12_20,15.284473773787095,0.9998964862196487,0.1,0.3,20,1.0,0.38753644679692534,0.38753644679692534,0.9936795564024098
N500_plus_0.01pct_phi60,500,1.2027299618659357,rms_gradient_R8,field_12_20,15.284473773787095,0.9998964862196487,0.1,0.3,20,1.0,0.4897297444845058,0.4897297444845058,0.9999383496142182
N500_plus_0.01pct_phi60,500,1.2027299618659357,field_r50,field_12_20,15.284473773787095,0.9998964862196487,0.1,0.3,20,1.0,0.47501321525626383,0.47501321525626383,0.9998458568175354
N500_plus_0.01pct_phi60,500,1.2027299618659357,field_r20,field_12_20,15.284473773787095,0.9998964862196487,0.1,0.3,20,1.0,0.4559898710104437,0.4559898710104437,0.9999248195435528
N500_plus_0.01pct_phi60,500,1.2027299618659357,mean_r2_signed_R8,field_12_20,15.284473773787095,0.9998964862196487,0.1,0.3,20,1.0,-0.0718703498522298,-0.0359351749261149,0.9141707657872571
N500_plus_0.01pct_phi60,500,1.2027299618659357,rms_signed_R4,field_12_20,15.284473773787095,0.9998964862196487,0.2,0.6,40,1.0,-0.003960056162851227,-0.003960056162851227,0.05723434905834568
N500_plus_0.01pct_phi60,500,1.2027299618659357,rms_signed_R8,field_12_20,15.284473773787095,0.9998964862196487,0.2,0.6,40,1.0,0.009399021670122857,0.009399021670122857,0.6347183151740314
N500_plus_0.01pct_phi60,500,1.2027299618659357,rms_signed_R12,field_12_20,15.284473773787095,0.9998964862196487,0.2,0.6,40,1.0,0.011748326596903735,0.011748326596903735,0.6900697649589433
N500_plus_0.01pct_phi60,500,1.2027299618659357,rms_absrho_R8,field_12_20,15.284473773787095,0.9998964862196487,0.2,0.6,40,1.0,0.361268029430549,0.361268029430549,0.9909588750246016
N500_plus_0.01pct_phi60,500,1.2027299618659357,rms_positive_rho_R8,field_12_20,15.284473773787095,0.9998964862196487,0.2,0.6,40,1.0,0.23999449672399897,0.23999449672399897,0.9861561083623289
N500_plus_0.01pct_phi60,500,1.2027299618659357,rms_gradient_R8,field_12_20,15.284473773787095,0.9998964862196487,0.2,0.6,40,1.0,0.4536426478473057,0.4536426478473057,0.9991880036811825
N500_plus_0.01pct_phi60,500,1.2027299618659357,field_r50,field_12_20,15.284473773787095,0.9998964862196487,0.2,0.6,40,1.0,0.4633207631353748,0.4633207631353748,0.9999717614698898
N500_plus_0.01pct_phi60,500,1.2027299618659357,field_r20,field_12_20,15.284473773787095,0.9998964862196487,0.2,0.6,40,1.0,0.4785916111395065,0.4785916111395065,0.9989228332815847
N500_plus_0.01pct_phi60,500,1.2027299618659357,mean_r2_signed_R8,field_12_20,15.284473773787095,0.9998964862196487,0.2,0.6,40,1.0,0.018798043340245714,0.009399021670122857,0.6347183151740318
N500_plus_0.01pct_phi60,500,1.2027299618659357,rms_signed_R4,field_12_20,15.284473773787095,0.9998964862196487,0.4,1.0,60,1.0,0.04124787732106454,0.04124787732106454,0.991432799520775
N500_plus_0.01pct_phi60,500,1.2027299618659357,rms_signed_R8,field_12_20,15.284473773787095,0.9998964862196487,0.4,1.0,60,1.0,0.024640978437588012,0.024640978437588012,0.9983248938524361
N500_plus_0.01pct_phi60,500,1.2027299618659357,rms_signed_R12,field_12_20,15.284473773787095,0.9998964862196487,0.4,1.0,60,1.0,0.03940858458131501,0.03940858458131501,0.9915503378240975
N500_plus_0.01pct_phi60,500,1.2027299618659357,rms_absrho_R8,field_12_20,15.284473773787095,0.9998964862196487,0.4,1.0,60,1.0,0.2177623611071805,0.2177623611071805,0.9842046866642886
N500_plus_0.01pct_phi60,500,1.2027299618659357,rms_positive_rho_R8,field_12_20,15.284473773787095,0.9998964862196487,0.4,1.0,60,1.0,0.1354795639700823,0.1354795639700823,0.9822369919481394
N500_plus_0.01pct_phi60,500,1.2027299618659357,rms_gradient_R8,field_12_20,15.284473773787095,0.9998964862196487,0.4,1.0,60,1.0,0.360536624681809,0.360536624681809,0.993831683213152
N500_plus_0.01pct_phi60,500,1.2027299618659357,field_r50,field_12_20,15.284473773787095,0.9998964862196487,0.4,1.0,60,1.0,0.499967006175133,0.499967006175133,0.9991663466917815
N500_plus_0.01pct_phi60,500,1.2027299618659357,field_r20,field_12_20,15.284473773787095,0.9998964862196487,0.4,1.0,60,1.0,0.5622690323368582,0.5622690323368582,0.9987794070369628
N500_plus_0.01pct_phi60,500,1.2027299618659357,mean_r2_signed_R8,field_12_20,15.284473773787095,0.9998964862196487,0.4,1.0,60,1.0,0.049281956875176024,0.024640978437588012,0.9983248938524364
N500_plus_0.01pct_phi60,500,1.2027299618659357,rms_signed_R4,field_12_20,15.284473773787095,0.9998964862196487,0.8,1.6,80,1.0,-0.04418834656500924,-0.04418834656500924,0.5981320494006491
N500_plus_0.01pct_phi60,500,1.2027299618659357,rms_signed_R8,field_12_20,15.284473773787095,0.9998964862196487,0.8,1.6,80,1.0,-0.008732292914371508,-0.008732292914371508,0.24203951502414112
N500_plus_0.01pct_phi60,500,1.2027299618659357,rms_signed_R12,field_12_20,15.284473773787095,0.9998964862196487,0.8,1.6,80,1.0,0.012231989622601764,0.012231989622601764,0.3619542960756227
N500_plus_0.01pct_phi60,500,1.2027299618659357,rms_absrho_R8,field_12_20,15.284473773787095,0.9998964862196487,0.8,1.6,80,1.0,0.08748583148583537,0.08748583148583537,0.9284997073055139
N500_plus_0.01pct_phi60,500,1.2027299618659357,rms_positive_rho_R8,field_12_20,15.284473773787095,0.9998964862196487,0.8,1.6,80,1.0,0.04217570542773834,0.04217570542773834,0.8090034577893378
N500_plus_0.01pct_phi60,500,1.2027299618659357,rms_gradient_R8,field_12_20,15.284473773787095,0.9998964862196487,0.8,1.6,80,1.0,0.16567998381801372,0.16567998381801372,0.9367598177780011
N500_plus_0.01pct_phi60,500,1.2027299618659357,field_r50,field_12_20,15.284473773787095,0.9998964862196487,0.8,1.6,80,1.0,0.53231471302012,0.53231471302012,0.9961866277189451
N500_plus_0.01pct_phi60,500,1.2027299618659357,field_r20,field_12_20,15.284473773787095,0.9998964862196487,0.8,1.6,80,1.0,0.1669522218777296,0.1669522218777296,0.7333799815213184
N500_plus_0.01pct_phi60,500,1.2027299618659357,mean_r2_signed_R8,field_12_20,15.284473773787095,0.9998964862196487,0.8,1.6,80,1.0,-0.017464585828743016,-0.008732292914371508,0.24203951502414167
N500_plus_0.01pct_phi60,500,1.2027299618659357,rms_signed_R4,current_last40_rule,15.301386115121616,0.9947173459125688,0.1,0.3,20,1.0,-0.11314396891479893,-0.11314396891479893,0.9607999023667341
N500_plus_0.01pct_phi60,500,1.2027299618659357,rms_signed_R8,current_last40_rule,15.301386115121616,0.9947173459125688,0.1,0.3,20,1.0,-0.0514784940690841,-0.0514784940690841,0.920171703247203
N500_plus_0.01pct_phi60,500,1.2027299618659357,rms_signed_R12,current_last40_rule,15.301386115121616,0.9947173459125688,0.1,0.3,20,1.0,-0.035830692693894155,-0.035830692693894155,0.9298281272021954
N500_plus_0.01pct_phi60,500,1.2027299618659357,rms_absrho_R8,current_last40_rule,15.301386115121616,0.9947173459125688,0.1,0.3,20,1.0,0.5864399593245277,0.5864399593245277,0.9959664201276801
N500_plus_0.01pct_phi60,500,1.2027299618659357,rms_positive_rho_R8,current_last40_rule,15.301386115121616,0.9947173459125688,0.1,0.3,20,1.0,0.4615353277283305,0.4615353277283305,0.9902493002101068
N500_plus_0.01pct_phi60,500,1.2027299618659357,rms_gradient_R8,current_last40_rule,15.301386115121616,0.9947173459125688,0.1,0.3,20,1.0,0.5480160755442531,0.5480160755442531,0.9993674624209998
N500_plus_0.01pct_phi60,500,1.2027299618659357,field_r50,current_last40_rule,15.301386115121616,0.9947173459125688,0.1,0.3,20,1.0,0.5342994695948725,0.5342994695948725,0.9989649252507916
N500_plus_0.01pct_phi60,500,1.2027299618659357,field_r20,current_last40_rule,15.301386115121616,0.9947173459125688,0.1,0.3,20,1.0,0.5116754180765493,0.5116754180765493,0.9990992900105835
N500_plus_0.01pct_phi60,500,1.2027299618659357,mean_r2_signed_R8,current_last40_rule,15.301386115121616,0.9947173459125688,0.1,0.3,20,1.0,-0.1029569881381682,-0.0514784940690841,0.9201717032472023
N500_plus_0.01pct_phi60,500,1.2027299618659357,rms_signed_R4,current_last40_rule,15.301386115121616,0.9947173459125688,0.2,0.6,40,1.0,-0.01177251595118154,-0.01177251595118154,0.28822124903369073
N500_plus_0.01pct_phi60,500,1.2027299618659357,rms_signed_R8,current_last40_rule,15.301386115121616,0.9947173459125688,0.2,0.6,40,1.0,0.006304159880498555,0.006304159880498555,0.351170580533829
N500_plus_0.01pct_phi60,500,1.2027299618659357,rms_signed_R12,current_last40_rule,15.301386115121616,0.9947173459125688,0.2,0.6,40,1.0,0.008718145108281512,0.008718145108281512,0.49924615680436446
N500_plus_0.01pct_phi60,500,1.2027299618659357,rms_absrho_R8,current_last40_rule,15.301386115121616,0.9947173459125688,0.2,0.6,40,1.0,0.39550172723076243,0.39550172723076243,0.9894395688975035
N500_plus_0.01pct_phi60,500,1.2027299618659357,rms_positive_rho_R8,current_last40_rule,15.301386115121616,0.9947173459125688,0.2,0.6,40,1.0,0.265906895798017,0.265906895798017,0.9834529924179212
N500_plus_0.01pct_phi60,500,1.2027299618659357,rms_gradient_R8,current_last40_rule,15.301386115121616,0.9947173459125688,0.2,0.6,40,1.0,0.48228154852210925,0.48228154852210925,0.9988517888930079
N500_plus_0.01pct_phi60,500,1.2027299618659357,field_r50,current_last40_rule,15.301386115121616,0.9947173459125688,0.2,0.6,40,1.0,0.48687606046057746,0.48687606046057746,0.999948549868593
N500_plus_0.01pct_phi60,500,1.2027299618659357,field_r20,current_last40_rule,15.301386115121616,0.9947173459125688,0.2,0.6,40,1.0,0.49749364522349443,0.49749364522349443,0.9994830887072715
N500_plus_0.01pct_phi60,500,1.2027299618659357,mean_r2_signed_R8,current_last40_rule,15.301386115121616,0.9947173459125688,0.2,0.6,40,1.0,0.01260831976099711,0.006304159880498555,0.3511705805338353
N500_plus_0.01pct_phi60,500,1.2027299618659357,rms_signed_R4,current_last40_rule,15.301386115121616,0.9947173459125688,0.4,1.0,60,1.0,0.04141380883693336,0.04141380883693336,0.9872199159510759
N500_plus_0.01pct_phi60,500,1.2027299618659357,rms_signed_R8,current_last40_rule,15.301386115121616,0.9947173459125688,0.4,1.0,60,1.0,0.02521703508582262,0.02521703508582262,0.9982349059575888
N500_plus_0.01pct_phi60,500,1.2027299618659357,rms_signed_R12,current_last40_rule,15.301386115121616,0.9947173459125688,0.4,1.0,60,1.0,0.039391418099623654,0.039391418099623654,0.9889173305906299
N500_plus_0.01pct_phi60,500,1.2027299618659357,rms_absrho_R8,current_last40_rule,15.301386115121616,0.9947173459125688,0.4,1.0,60,1.0,0.23184123954146546,0.23184123954146546,0.9830794264901969
N500_plus_0.01pct_phi60,500,1.2027299618659357,rms_positive_rho_R8,current_last40_rule,15.301386115121616,0.9947173459125688,0.4,1.0,60,1.0,0.1446220657874303,0.1446220657874303,0.9809420166106037
N500_plus_0.01pct_phi60,500,1.2027299618659357,rms_gradient_R8,current_last40_rule,15.301386115121616,0.9947173459125688,0.4,1.0,60,1.0,0.378135683904536,0.378135683904536,0.993708043161416
N500_plus_0.01pct_phi60,500,1.2027299618659357,field_r50,current_last40_rule,15.301386115121616,0.9947173459125688,0.4,1.0,60,1.0,0.509950607382624,0.509950607382624,0.999371772914935
N500_plus_0.01pct_phi60,500,1.2027299618659357,field_r20,current_last40_rule,15.301386115121616,0.9947173459125688,0.4,1.0,60,1.0,0.5766213706953631,0.5766213706953631,0.9989267352771712
N500_plus_0.01pct_phi60,500,1.2027299618659357,mean_r2_signed_R8,current_last40_rule,15.301386115121616,0.9947173459125688,0.4,1.0,60,1.0,0.05043407017164524,0.02521703508582262,0.998234905957589
N500_plus_0.01pct_phi60,500,1.2027299618659357,rms_signed_R4,current_last40_rule,15.301386115121616,0.9947173459125688,0.8,1.6,80,1.0,-0.03799056406923913,-0.03799056406923913,0.5346380923590467
N500_plus_0.01pct_phi60,500,1.2027299618659357,rms_signed_R8,current_last40_rule,15.301386115121616,0.9947173459125688,0.8,1.6,80,1.0,-0.00594210113436053,-0.00594210113436053,0.14015812717884213
N500_plus_0.01pct_phi60,500,1.2027299618659357,rms_signed_R12,current_last40_rule,15.301386115121616,0.9947173459125688,0.8,1.6,80,1.0,0.015436170414425862,0.015436170414425862,0.4936321013020689
N500_plus_0.01pct_phi60,500,1.2027299618659357,rms_absrho_R8,current_last40_rule,15.301386115121616,0.9947173459125688,0.8,1.6,80,1.0,0.09374976384602787,0.09374976384602787,0.936596241419493
N500_plus_0.01pct_phi60,500,1.2027299618659357,rms_positive_rho_R8,current_last40_rule,15.301386115121616,0.9947173459125688,0.8,1.6,80,1.0,0.046908140052024865,0.046908140052024865,0.8430045099704774
N500_plus_0.01pct_phi60,500,1.2027299618659357,rms_gradient_R8,current_last40_rule,15.301386115121616,0.9947173459125688,0.8,1.6,80,1.0,0.17683596767146778,0.17683596767146778,0.9426913624429396
N500_plus_0.01pct_phi60,500,1.2027299618659357,field_r50,current_last40_rule,15.301386115121616,0.9947173459125688,0.8,1.6,80,1.0,0.5454075572446582,0.5454075572446582,0.9972042977536065
N500_plus_0.01pct_phi60,500,1.2027299618659357,field_r20,current_last40_rule,15.301386115121616,0.9947173459125688,0.8,1.6,80,1.0,0.19044150472287047,0.19044150472287047,0.7625456092223734
N500_plus_0.01pct_phi60,500,1.2027299618659357,mean_r2_signed_R8,current_last40_rule,15.301386115121616,0.9947173459125688,0.8,1.6,80,1.0,-0.011884202268721692,-0.005942101134360846,0.1401581271788389
N500_plus_0.01pct_phi60,500,1.2027299618659357,rms_signed_R4,joint_powerlaw_20,15.273996941657177,0.9999591535026202,0.1,0.3,20,0.8953175940391619,-0.07499604028103653,-0.07499604028103653,0.9635816710524607
N500_plus_0.01pct_phi60,500,1.2027299618659357,rms_signed_R8,joint_powerlaw_20,15.273996941657177,0.9999591535026202,0.1,0.3,20,0.8953175940391619,-0.029611518085921017,-0.029611518085921017,0.9082313962829301
N500_plus_0.01pct_phi60,500,1.2027299618659357,rms_signed_R12,joint_powerlaw_20,15.273996941657177,0.9999591535026202,0.1,0.3,20,0.8953175940391619,-0.02116159733313954,-0.02116159733313954,0.9171967679448574
N500_plus_0.01pct_phi60,500,1.2027299618659357,rms_absrho_R8,joint_powerlaw_20,15.273996941657177,0.9999591535026202,0.1,0.3,20,0.8953175940391619,0.46929727373918834,0.46929727373918834,0.9984230001002824
N500_plus_0.01pct_phi60,500,1.2027299618659357,rms_positive_rho_R8,joint_powerlaw_20,15.273996941657177,0.9999591535026202,0.1,0.3,20,0.8953175940391619,0.3536186636657531,0.3536186636657531,0.9950981364426493
N500_plus_0.01pct_phi60,500,1.2027299618659357,rms_gradient_R8,joint_powerlaw_20,15.273996941657177,0.9999591535026202,0.1,0.3,20,0.8953175940391619,0.4604649698144353,0.4604649698144353,0.9999979864238182
N500_plus_0.01pct_phi60,500,1.2027299618659357,field_r50,joint_powerlaw_20,15.273996941657177,0.9999591535026202,0.1,0.3,20,0.8953175940391619,0.44583344586970297,0.44583344586970297,0.9999915774237891
N500_plus_0.01pct_phi60,500,1.2027299618659357,field_r20,joint_powerlaw_20,15.273996941657177,0.9999591535026202,0.1,0.3,20,0.8953175940391619,0.42871417637606496,0.42871417637606496,0.9999914443871825
N500_plus_0.01pct_phi60,500,1.2027299618659357,mean_r2_signed_R8,joint_powerlaw_20,15.273996941657177,0.9999591535026202,0.1,0.3,20,0.8953175940391619,-0.059223036171842144,-0.029611518085921072,0.9082313962829288
N500_plus_0.01pct_phi60,500,1.2027299618659357,rms_signed_R4,joint_powerlaw_20,15.273996941657177,0.9999591535026202,0.2,0.6,40,0.8953175940391619,-0.0005859309786740178,-0.0005859309786740178,0.001534343601093724
N500_plus_0.01pct_phi60,500,1.2027299618659357,rms_signed_R8,joint_powerlaw_20,15.273996941657177,0.9999591535026202,0.2,0.6,40,0.8953175940391619,0.010598739668318223,0.010598739668318223,0.7268627091970994
N500_plus_0.01pct_phi60,500,1.2027299618659357,rms_signed_R12,joint_powerlaw_20,15.273996941657177,0.9999591535026202,0.2,0.6,40,0.8953175940391619,0.012993045888377878,0.012993045888377878,0.751352611224614
N500_plus_0.01pct_phi60,500,1.2027299618659357,rms_absrho_R8,joint_powerlaw_20,15.273996941657177,0.9999591535026202,0.2,0.6,40,0.8953175940391619,0.3438466788128672,0.3438466788128672,0.9917597516149819
N500_plus_0.01pct_phi60,500,1.2027299618659357,rms_positive_rho_R8,joint_powerlaw_20,15.273996941657177,0.9999591535026202,0.2,0.6,40,0.8953175940391619,0.22720024500706873,0.22720024500706873,0.9874920329537645
N500_plus_0.01pct_phi60,500,1.2027299618659357,rms_gradient_R8,joint_powerlaw_20,15.273996941657177,0.9999591535026202,0.2,0.6,40,0.8953175940391619,0.4379387487597659,0.4379387487597659,0.9993531784878603
N500_plus_0.01pct_phi60,500,1.2027299618659357,field_r50,joint_powerlaw_20,15.273996941657177,0.9999591535026202,0.2,0.6,40,0.8953175940391619,0.45015095351772216,0.45015095351772216,0.9999070730304702
N500_plus_0.01pct_phi60,500,1.2027299618659357,field_r20,joint_powerlaw_20,15.273996941657177,0.9999591535026202,0.2,0.6,40,0.8953175940391619,0.4675884154718112,0.4675884154718112,0.9985314316158975
N500_plus_0.01pct_phi60,500,1.2027299618659357,mean_r2_signed_R8,joint_powerlaw_20,15.273996941657177,0.9999591535026202,0.2,0.6,40,0.8953175940391619,0.021197479336636446,0.010598739668318223,0.7268627091970964
N500_plus_0.01pct_phi60,500,1.2027299618659357,rms_signed_R4,joint_powerlaw_20,15.273996941657177,0.9999591535026202,0.4,1.0,60,0.8953175940391619,0.04090254912115417,0.04090254912115417,0.9926589086701407
N500_plus_0.01pct_phi60,500,1.2027299618659357,rms_signed_R8,joint_powerlaw_20,15.273996941657177,0.9999591535026202,0.4,1.0,60,0.8953175940391619,0.024243736163850033,0.024243736163850033,0.9982159274858511
N500_plus_0.01pct_phi60,500,1.2027299618659357,rms_signed_R12,joint_powerlaw_20,15.273996941657177,0.9999591535026202,0.4,1.0,60,0.8953175940391619,0.03923591180143377,0.03923591180143377,0.9925951323523121
N500_plus_0.01pct_phi60,500,1.2027299618659357,rms_absrho_R8,joint_powerlaw_20,15.273996941657177,0.9999591535026202,0.4,1.0,60,0.8953175940391619,0.21050611492372664,0.21050611492372664,0.9848165332795065
N500_plus_0.01pct_phi60,500,1.2027299618659357,rms_positive_rho_R8,joint_powerlaw_20,15.273996941657177,0.9999591535026202,0.4,1.0,60,0.8953175940391619,0.13079984320100674,0.13079984320100674,0.9829151275474233
N500_plus_0.01pct_phi60,500,1.2027299618659357,rms_gradient_R8,joint_powerlaw_20,15.273996941657177,0.9999591535026202,0.4,1.0,60,0.8953175940391619,0.35099753378020426,0.35099753378020426,0.9939359889246756
N500_plus_0.01pct_phi60,500,1.2027299618659357,field_r50,joint_powerlaw_20,15.273996941657177,0.9999591535026202,0.4,1.0,60,0.8953175940391619,0.493701402124799,0.493701402124799,0.9990379953286869
N500_plus_0.01pct_phi60,500,1.2027299618659357,field_r20,joint_powerlaw_20,15.273996941657177,0.9999591535026202,0.4,1.0,60,0.8953175940391619,0.5531143640756208,0.5531143640756208,0.9986428016259915
N500_plus_0.01pct_phi60,500,1.2027299618659357,mean_r2_signed_R8,joint_powerlaw_20,15.273996941657177,0.9999591535026202,0.4,1.0,60,0.8953175940391619,0.048487472327700065,0.024243736163850033,0.9982159274858514
N500_plus_0.01pct_phi60,500,1.2027299618659357,rms_signed_R4,joint_powerlaw_20,15.273996941657177,0.9999591535026202,0.8,1.6,80,0.8953175940391619,-0.04722243934489241,-0.04722243934489241,0.6255455229715827
N500_plus_0.01pct_phi60,500,1.2027299618659357,rms_signed_R8,joint_powerlaw_20,15.273996941657177,0.9999591535026202,0.8,1.6,80,0.8953175940391619,-0.010143862541642757,-0.010143862541642757,0.2917661819699937
N500_plus_0.01pct_phi60,500,1.2027299618659357,rms_signed_R12,joint_powerlaw_20,15.273996941657177,0.9999591535026202,0.8,1.6,80,0.8953175940391619,0.01058616270009135,0.01058616270009135,0.2913451450201945
N500_plus_0.01pct_phi60,500,1.2027299618659357,rms_absrho_R8,joint_powerlaw_20,15.273996941657177,0.9999591535026202,0.8,1.6,80,0.8953175940391619,0.0842573637665237,0.0842573637665237,0.9238112584361774
N500_plus_0.01pct_phi60,500,1.2027299618659357,rms_positive_rho_R8,joint_powerlaw_20,15.273996941657177,0.9999591535026202,0.8,1.6,80,0.8953175940391619,0.03975508423242216,0.03975508423242216,0.7883429591367389
N500_plus_0.01pct_phi60,500,1.2027299618659357,rms_gradient_R8,joint_powerlaw_20,15.273996941657177,0.9999591535026202,0.8,1.6,80,0.8953175940391619,0.15993247395980267,0.15993247395980267,0.9334638609849846
N500_plus_0.01pct_phi60,500,1.2027299618659357,field_r50,joint_powerlaw_20,15.273996941657177,0.9999591535026202,0.8,1.6,80,0.8953175940391619,0.5246283958619361,0.5246283958619361,0.9955856060867528
N500_plus_0.01pct_phi60,500,1.2027299618659357,field_r20,joint_powerlaw_20,15.273996941657177,0.9999591535026202,0.8,1.6,80,0.8953175940391619,0.15541970944927425,0.15541970944927425,0.7168166374967297
N500_plus_0.01pct_phi60,500,1.2027299618659357,mean_r2_signed_R8,joint_powerlaw_20,15.273996941657177,0.9999591535026202,0.8,1.6,80,0.8953175940391619,-0.020287725083287036,-0.010143862541643518,0.29176618196999493
N500_plus_0.01pct_phi60,500,1.2027299618659357,rms_signed_R4,joint_powerlaw_40,15.270938120490294,0.9996774257024066,0.1,0.3,20,0.8398938597809457,-0.07371260404894805,-0.07371260404894805,0.9645312469254907
N500_plus_0.01pct_phi60,500,1.2027299618659357,rms_signed_R8,joint_powerlaw_40,15.270938120490294,0.9996774257024066,0.1,0.3,20,0.8398938597809457,-0.02911401585871287,-0.02911401585871287,0.9097044612116758
N500_plus_0.01pct_phi60,500,1.2027299618659357,rms_signed_R12,joint_powerlaw_40,15.270938120490294,0.9996774257024066,0.1,0.3,20,0.8398938597809457,-0.020805083862831007,-0.020805083862831007,0.918597999832216
N500_plus_0.01pct_phi60,500,1.2027299618659357,rms_absrho_R8,joint_powerlaw_40,15.270938120490294,0.9996774257024066,0.1,0.3,20,0.8398938597809457,0.46108351835198197,0.46108351835198197,0.9986162807872457
N500_plus_0.01pct_phi60,500,1.2027299618659357,rms_positive_rho_R8,joint_powerlaw_40,15.270938120490294,0.9996774257024066,0.1,0.3,20,0.8398938597809457,0.3474569403014698,0.3474569403014698,0.9954477481754076
N500_plus_0.01pct_phi60,500,1.2027299618659357,rms_gradient_R8,joint_powerlaw_40,15.270938120490294,0.9996774257024066,0.1,0.3,20,0.8398938597809457,0.4523598854614091,0.4523598854614091,0.999988565901139
N500_plus_0.01pct_phi60,500,1.2027299618659357,field_r50,joint_powerlaw_40,15.270938120490294,0.9996774257024066,0.1,0.3,20,0.8398938597809457,0.4379897804637218,0.4379897804637218,0.9999998536383998
N500_plus_0.01pct_phi60,500,1.2027299618659357,field_r20,joint_powerlaw_40,15.270938120490294,0.9996774257024066,0.1,0.3,20,0.8398938597809457,0.4211665123636844,0.4211665123636844,0.999975111175594
N500_plus_0.01pct_phi60,500,1.2027299618659357,mean_r2_signed_R8,joint_powerlaw_40,15.270938120490294,0.9996774257024066,0.1,0.3,20,0.8398938597809457,-0.05822803171742554,-0.02911401585871277,0.9097044612116746
N500_plus_0.01pct_phi60,500,1.2027299618659357,rms_signed_R4,joint_powerlaw_40,15.270938120490294,0.9996774257024066,0.2,0.6,40,0.8398938597809457,-0.0005996394405310977,-0.0005996394405310977,0.0016355462646022723
N500_plus_0.01pct_phi60,500,1.2027299618659357,rms_signed_R8,joint_powerlaw_40,15.270938120490294,0.9996774257024066,0.2,0.6,40,0.8398938597809457,0.01049755568728403,0.01049755568728403,0.7257266303150807
N500_plus_0.01pct_phi60,500,1.2027299618659357,rms_signed_R12,joint_powerlaw_40,15.270938120490294,0.9996774257024066,0.2,0.6,40,0.8398938597809457,0.012869667059095393,0.012869667059095393,0.7502555655206631
N500_plus_0.01pct_phi60,500,1.2027299618659357,rms_absrho_R8,joint_powerlaw_40,15.270938120490294,0.9996774257024066,0.2,0.6,40,0.8398938597809457,0.3408695066237289,0.3408695066237289,0.9919867296938044
N500_plus_0.01pct_phi60,500,1.2027299618659357,rms_positive_rho_R8,joint_powerlaw_40,15.270938120490294,0.9996774257024066,0.2,0.6,40,0.8398938597809457,0.22523931485313084,0.22523931485313084,0.9877730017109767
N500_plus_0.01pct_phi60,500,1.2027299618659357,rms_gradient_R8,joint_powerlaw_40,15.270938120490294,0.9996774257024066,0.2,0.6,40,0.8398938597809457,0.4341102228544642,0.4341102228544642,0.99941307002119
N500_plus_0.01pct_phi60,500,1.2027299618659357,field_r50,joint_powerlaw_40,15.270938120490294,0.9996774257024066,0.2,0.6,40,0.8398938597809457,0.4461969510063462,0.4461969510063462,0.999883115992151
N500_plus_0.01pct_phi60,500,1.2027299618659357,field_r20,joint_powerlaw_40,15.270938120490294,0.9996774257024066,0.2,0.6,40,0.8398938597809457,0.46346491560105796,0.46346491560105796,0.9984371408742285
N500_plus_0.01pct_phi60,500,1.2027299618659357,mean_r2_signed_R8,joint_powerlaw_40,15.270938120490294,0.9996774257024066,0.2,0.6,40,0.8398938597809457,0.02099511137456806,0.01049755568728403,0.7257266303150778
N500_plus_0.01pct_phi60,500,1.2027299618659357,rms_signed_R4,joint_powerlaw_40,15.270938120490294,0.9996774257024066,0.4,1.0,60,0.8398938597809457,0.04070474009528523,0.04070474009528523,0.9926095340675376
N500_plus_0.01pct_phi60,500,1.2027299618659357,rms_signed_R8,joint_powerlaw_40,15.270938120490294,0.9996774257024066,0.4,1.0,60,0.8398938597809457,0.024127245772272685,0.024127245772272685,0.9982287382585139
N500_plus_0.01pct_phi60,500,1.2027299618659357,rms_signed_R12,joint_powerlaw_40,15.270938120490294,0.9996774257024066,0.4,1.0,60,0.8398938597809457,0.03904525584490195,0.03904525584490195,0.9924996517712694
N500_plus_0.01pct_phi60,500,1.2027299618659357,rms_absrho_R8,joint_powerlaw_40,15.270938120490294,0.9996774257024066,0.4,1.0,60,0.8398938597809457,0.2095082779758559,0.2095082779758559,0.9849574031673054
N500_plus_0.01pct_phi60,500,1.2027299618659357,rms_positive_rho_R8,joint_powerlaw_40,15.270938120490294,0.9996774257024066,0.4,1.0,60,0.8398938597809457,0.13018040793400143,0.13018040793400143,0.9830644788728262
N500_plus_0.01pct_phi60,500,1.2027299618659357,rms_gradient_R8,joint_powerlaw_40,15.270938120490294,0.9996774257024066,0.4,1.0,60,0.8398938597809457,0.3493242075527952,0.3493242075527952,0.9940238998322691
N500_plus_0.01pct_phi60,500,1.2027299618659357,field_r50,joint_powerlaw_40,15.270938120490294,0.9996774257024066,0.4,1.0,60,0.8398938597809457,0.4913173173034762,0.4913173173034762,0.999002565214294
N500_plus_0.01pct_phi60,500,1.2027299618659357,field_r20,joint_powerlaw_40,15.270938120490294,0.9996774257024066,0.4,1.0,60,0.8398938597809457,0.5504514268658247,0.5504514268658247,0.9986366046608134
N500_plus_0.01pct_phi60,500,1.2027299618659357,mean_r2_signed_R8,joint_powerlaw_40,15.270938120490294,0.9996774257024066,0.4,1.0,60,0.8398938597809457,0.04825449154454453,0.024127245772272266,0.9982287382585142
N500_plus_0.01pct_phi60,500,1.2027299618659357,rms_signed_R4,joint_powerlaw_40,15.270938120490294,0.9996774257024066,0.8,1.6,80,0.8398938597809457,-0.04708652033635212,-0.04708652033635212,0.6253161518690697
N500_plus_0.01pct_phi60,500,1.2027299618659357,rms_signed_R8,joint_powerlaw_40,15.270938120490294,0.9996774257024066,0.8,1.6,80,0.8398938597809457,-0.010112885965947999,-0.010112885965947999,0.2915565668945672
N500_plus_0.01pct_phi60,500,1.2027299618659357,rms_signed_R12,joint_powerlaw_40,15.270938120490294,0.9996774257024066,0.8,1.6,80,0.8398938597809457,0.010561464556797384,0.010561464556797384,0.2915568937553261
N500_plus_0.01pct_phi60,500,1.2027299618659357,rms_absrho_R8,joint_powerlaw_40,15.270938120490294,0.9996774257024066,0.8,1.6,80,0.8398938597809457,0.08403603039764664,0.08403603039764664,0.9239382401713694
N500_plus_0.01pct_phi60,500,1.2027299618659357,rms_positive_rho_R8,joint_powerlaw_40,15.270938120490294,0.9996774257024066,0.8,1.6,80,0.8398938597809457,0.03965279836346692,0.03965279836346692,0.7885366558465392
N500_plus_0.01pct_phi60,500,1.2027299618659357,rms_gradient_R8,joint_powerlaw_40,15.270938120490294,0.9996774257024066,0.8,1.6,80,0.8398938597809457,0.15951163792968268,0.15951163792968268,0.9335838143217381
N500_plus_0.01pct_phi60,500,1.2027299618659357,field_r50,joint_powerlaw_40,15.270938120490294,0.9996774257024066,0.8,1.6,80,0.8398938597809457,0.5232207043444052,0.5232207043444052,0.9956099557832804
N500_plus_0.01pct_phi60,500,1.2027299618659357,field_r20,joint_powerlaw_40,15.270938120490294,0.9996774257024066,0.8,1.6,80,0.8398938597809457,0.15502448332636964,0.15502448332636964,0.7170358053225564
N500_plus_0.01pct_phi60,500,1.2027299618659357,mean_r2_signed_R8,joint_powerlaw_40,15.270938120490294,0.9996774257024066,0.8,1.6,80,0.8398938597809457,-0.020225771931896633,-0.010112885965948316,0.29155656689456566
N500_plus_0.01pct_phi60,500,1.2027299618659357,rms_signed_R4,joint_powerlaw_80,15.269960802910171,0.999504504519482,0.1,0.3,20,0.8236508230785751,-0.06744128220315287,-0.06744128220315287,0.9614406424592494
N500_plus_0.01pct_phi60,500,1.2027299618659357,rms_signed_R8,joint_powerlaw_80,15.269960802910171,0.999504504519482,0.1,0.3,20,0.8236508230785751,-0.025133936618928078,-0.025133936618928078,0.895862552442232
N500_plus_0.01pct_phi60,500,1.2027299618659357,rms_signed_R12,joint_powerlaw_80,15.269960802910171,0.999504504519482,0.1,0.3,20,0.8236508230785751,-0.018104791627521995,-0.018104791627521995,0.9037634699149097
N500_plus_0.01pct_phi60,500,1.2027299618659357,rms_absrho_R8,joint_powerlaw_80,15.269960802910171,0.999504504519482,0.1,0.3,20,0.8236508230785751,0.4515786454203189,0.4515786454203189,0.9985728767943626
N500_plus_0.01pct_phi60,500,1.2027299618659357,rms_positive_rho_R8,joint_powerlaw_80,15.269960802910171,0.999504504519482,0.1,0.3,20,0.8236508230785751,0.3358631013342865,0.3358631013342865,0.9955787660375687
N500_plus_0.01pct_phi60,500,1.2027299618659357,rms_gradient_R8,joint_powerlaw_80,15.269960802910171,0.999504504519482,0.1,0.3,20,0.8236508230785751,0.45048755740081364,0.45048755740081364,0.9999907397133988
N500_plus_0.01pct_phi60,500,1.2027299618659357,field_r50,joint_powerlaw_80,15.269960802910171,0.999504504519482,0.1,0.3,20,0.8236508230785751,0.4356110947555484,0.4356110947555484,0.9999996743433909
N500_plus_0.01pct_phi60,500,1.2027299618659357,field_r20,joint_powerlaw_80,15.269960802910171,0.999504504519482,0.1,0.3,20,0.8236508230785751,0.41976056739687845,0.41976056739687845,0.9999574765261021
N500_plus_0.01pct_phi60,500,1.2027299618659357,mean_r2_signed_R8,joint_powerlaw_80,15.269960802910171,0.999504504519482,0.1,0.3,20,0.8236508230785751,-0.05026787323785646,-0.02513393661892823,0.8958625524422322
N500_plus_0.01pct_phi60,500,1.2027299618659357,rms_signed_R4,joint_powerlaw_80,15.269960802910171,0.999504504519482,0.2,0.6,40,0.8236508230785751,0.002535217735516122,0.002535217735516122,0.030956526669452478
N500_plus_0.01pct_phi60,500,1.2027299618659357,rms_signed_R8,joint_powerlaw_80,15.269960802910171,0.999504504519482,0.2,0.6,40,0.8236508230785751,0.01185945339599843,0.01185945339599843,0.795481757191135
N500_plus_0.01pct_phi60,500,1.2027299618659357,rms_signed_R12,joint_powerlaw_80,15.269960802910171,0.999504504519482,0.2,0.6,40,0.8236508230785751,0.014395716610360048,0.014395716610360048,0.7995092928283152
N500_plus_0.01pct_phi60,500,1.2027299618659357,rms_absrho_R8,joint_powerlaw_80,15.269960802910171,0.999504504519482,0.2,0.6,40,0.8236508230785751,0.3335518228218421,0.3335518228218421,0.9920333774130425
N500_plus_0.01pct_phi60,500,1.2027299618659357,rms_positive_rho_R8,joint_powerlaw_80,15.269960802910171,0.999504504519482,0.2,0.6,40,0.8236508230785751,0.21929013285381305,0.21929013285381305,0.9881395654043282
N500_plus_0.01pct_phi60,500,1.2027299618659357,rms_gradient_R8,joint_powerlaw_80,15.269960802910171,0.999504504519482,0.2,0.6,40,0.8236508230785751,0.43085196901387696,0.43085196901387696,0.9993702610436133
N500_plus_0.01pct_phi60,500,1.2027299618659357,field_r50,joint_powerlaw_80,15.269960802910171,0.999504504519482,0.2,0.6,40,0.8236508230785751,0.44591966795810667,0.44591966795810667,0.9998610736882284
N500_plus_0.01pct_phi60,500,1.2027299618659357,field_r20,joint_powerlaw_80,15.269960802910171,0.999504504519482,0.2,0.6,40,0.8236508230785751,0.46586729154707535,0.46586729154707535,0.9983135095365119
N500_plus_0.01pct_phi60,500,1.2027299618659357,mean_r2_signed_R8,joint_powerlaw_80,15.269960802910171,0.999504504519482,0.2,0.6,40,0.8236508230785751,0.02371890679199686,0.01185945339599843,0.7954817571911347
N500_plus_0.01pct_phi60,500,1.2027299618659357,rms_signed_R4,joint_powerlaw_80,15.269960802910171,0.999504504519482,0.4,1.0,60,0.8236508230785751,0.040889437359238424,0.040889437359238424,0.9934724506031049
N500_plus_0.01pct_phi60,500,1.2027299618659357,rms_signed_R8,joint_powerlaw_80,15.269960802910171,0.999504504519482,0.4,1.0,60,0.8236508230785751,0.02407102042384556,0.02407102042384556,0.9979769377374444
N500_plus_0.01pct_phi60,500,1.2027299618659357,rms_signed_R12,joint_powerlaw_80,15.269960802910171,0.999504504519482,0.4,1.0,60,0.8236508230785751,0.03942862637745061,0.03942862637745061,0.993710084240547
N500_plus_0.01pct_phi60,500,1.2027299618659357,rms_absrho_R8,joint_powerlaw_80,15.269960802910171,0.999504504519482,0.4,1.0,60,0.8236508230785751,0.205595685409365,0.205595685409365,0.9851110434840735
N500_plus_0.01pct_phi60,500,1.2027299618659357,rms_positive_rho_R8,joint_powerlaw_80,15.269960802910171,0.999504504519482,0.4,1.0,60,0.8236508230785751,0.1275900770035012,0.1275900770035012,0.9832437680486217
N500_plus_0.01pct_phi60,500,1.2027299618659357,rms_gradient_R8,joint_powerlaw_80,15.269960802910171,0.999504504519482,0.4,1.0,60,0.8236508230785751,0.34517475142128734,0.34517475142128734,0.9938466015705707
N500_plus_0.01pct_phi60,500,1.2027299618659357,field_r50,joint_powerlaw_80,15.269960802910171,0.999504504519482,0.4,1.0,60,0.8236508230785751,0.49261525226360536,0.49261525226360536,0.9989826216627825
N500_plus_0.01pct_phi60,500,1.2027299618659357,field_r20,joint_powerlaw_80,15.269960802910171,0.999504504519482,0.4,1.0,60,0.8236508230785751,0.5493662154283044,0.5493662154283044,0.9984625769912259
N500_plus_0.01pct_phi60,500,1.2027299618659357,mean_r2_signed_R8,joint_powerlaw_80,15.269960802910171,0.999504504519482,0.4,1.0,60,0.8236508230785751,0.04814204084769112,0.02407102042384556,0.9979769377374447
N500_plus_0.01pct_phi60,500,1.2027299618659357,rms_signed_R4,joint_powerlaw_80,15.269960802910171,0.999504504519482,0.8,1.6,80,0.8236508230785751,-0.05056436746394231,-0.05056436746394231,0.6509659020228495
N500_plus_0.01pct_phi60,500,1.2027299618659357,rms_signed_R8,joint_powerlaw_80,15.269960802910171,0.999504504519482,0.8,1.6,80,0.8236508230785751,-0.01164900563522734,-0.01164900563522734,0.33951281876114237
N500_plus_0.01pct_phi60,500,1.2027299618659357,rms_signed_R12,joint_powerlaw_80,15.269960802910171,0.999504504519482,0.8,1.6,80,0.8236508230785751,0.008970898213726196,0.008970898213726196,0.2202861133309194
N500_plus_0.01pct_phi60,500,1.2027299618659357,rms_absrho_R8,joint_powerlaw_80,15.269960802910171,0.999504504519482,0.8,1.6,80,0.8236508230785751,0.08151819797403974,0.08151819797403974,0.9182872231909108
N500_plus_0.01pct_phi60,500,1.2027299618659357,rms_positive_rho_R8,joint_powerlaw_80,15.269960802910171,0.999504504519482,0.8,1.6,80,0.8236508230785751,0.03755130626988107,0.03755130626988107,0.7642184252317452
N500_plus_0.01pct_phi60,500,1.2027299618659357,rms_gradient_R8,joint_powerlaw_80,15.269960802910171,0.999504504519482,0.8,1.6,80,0.8236508230785751,0.1551280587553449,0.1551280587553449,0.9296021687677137
N500_plus_0.01pct_phi60,500,1.2027299618659357,field_r50,joint_powerlaw_80,15.269960802910171,0.999504504519482,0.8,1.6,80,0.8236508230785751,0.5197435561997432,0.5197435561997432,0.994848781007105
N500_plus_0.01pct_phi60,500,1.2027299618659357,field_r20,joint_powerlaw_80,15.269960802910171,0.999504504519482,0.8,1.6,80,0.8236508230785751,0.1450114101088524,0.1450114101088524,0.6980755198698256
N500_plus_0.01pct_phi60,500,1.2027299618659357,mean_r2_signed_R8,joint_powerlaw_80,15.269960802910171,0.999504504519482,0.8,1.6,80,0.8236508230785751,-0.023298011270455932,-0.011649005635227966,0.3395128187611418
N500_plus_0.01pct_phi80,500,1.2027299618659357,rms_signed_R4,field_2_4,15.671541771757484,0.9969105143548326,0.1,0.3,0,1.0,nan,nan,nan
N500_plus_0.01pct_phi80,500,1.2027299618659357,rms_signed_R8,field_2_4,15.671541771757484,0.9969105143548326,0.1,0.3,0,1.0,nan,nan,nan
N500_plus_0.01pct_phi80,500,1.2027299618659357,rms_signed_R12,field_2_4,15.671541771757484,0.9969105143548326,0.1,0.3,0,1.0,nan,nan,nan
N500_plus_0.01pct_phi80,500,1.2027299618659357,rms_absrho_R8,field_2_4,15.671541771757484,0.9969105143548326,0.1,0.3,0,1.0,nan,nan,nan
N500_plus_0.01pct_phi80,500,1.2027299618659357,rms_positive_rho_R8,field_2_4,15.671541771757484,0.9969105143548326,0.1,0.3,0,1.0,nan,nan,nan
N500_plus_0.01pct_phi80,500,1.2027299618659357,rms_gradient_R8,field_2_4,15.671541771757484,0.9969105143548326,0.1,0.3,0,1.0,nan,nan,nan
N500_plus_0.01pct_phi80,500,1.2027299618659357,field_r50,field_2_4,15.671541771757484,0.9969105143548326,0.1,0.3,0,1.0,nan,nan,nan
N500_plus_0.01pct_phi80,500,1.2027299618659357,field_r20,field_2_4,15.671541771757484,0.9969105143548326,0.1,0.3,0,1.0,nan,nan,nan
N500_plus_0.01pct_phi80,500,1.2027299618659357,mean_r2_signed_R8,field_2_4,15.671541771757484,0.9969105143548326,0.1,0.3,0,1.0,nan,nan,nan
N500_plus_0.01pct_phi80,500,1.2027299618659357,rms_signed_R4,field_2_4,15.671541771757484,0.9969105143548326,0.2,0.6,19,1.0,-0.8317672754788437,-0.8317672754788437,0.8938324313122034
N500_plus_0.01pct_phi80,500,1.2027299618659357,rms_signed_R8,field_2_4,15.671541771757484,0.9969105143548326,0.2,0.6,19,1.0,-0.46218471777337455,-0.46218471777337455,0.8614829859798379
N500_plus_0.01pct_phi80,500,1.2027299618659357,rms_signed_R12,field_2_4,15.671541771757484,0.9969105143548326,0.2,0.6,19,1.0,-0.29425689705617647,-0.29425689705617647,0.8626381686550472
N500_plus_0.01pct_phi80,500,1.2027299618659357,rms_absrho_R8,field_2_4,15.671541771757484,0.9969105143548326,0.2,0.6,19,1.0,3.2220954576497136,3.2220954576497136,0.9216315974887243
N500_plus_0.01pct_phi80,500,1.2027299618659357,rms_positive_rho_R8,field_2_4,15.671541771757484,0.9969105143548326,0.2,0.6,19,1.0,2.8426284198644916,2.8426284198644916,0.8979396375919624
N500_plus_0.01pct_phi80,500,1.2027299618659357,rms_gradient_R8,field_2_4,15.671541771757484,0.9969105143548326,0.2,0.6,19,1.0,2.7668463484527224,2.7668463484527224,0.9321666397990883
N500_plus_0.01pct_phi80,500,1.2027299618659357,field_r50,field_2_4,15.671541771757484,0.9969105143548326,0.2,0.6,19,1.0,2.773495966384289,2.773495966384289,0.9263462770384403
N500_plus_0.01pct_phi80,500,1.2027299618659357,field_r20,field_2_4,15.671541771757484,0.9969105143548326,0.2,0.6,19,1.0,2.669603985369145,2.669603985369145,0.9234986520161845
N500_plus_0.01pct_phi80,500,1.2027299618659357,mean_r2_signed_R8,field_2_4,15.671541771757484,0.9969105143548326,0.2,0.6,19,1.0,-0.9243694355467497,-0.46218471777337483,0.8614829859798382
N500_plus_0.01pct_phi80,500,1.2027299618659357,rms_signed_R4,field_2_4,15.671541771757484,0.9969105143548326,0.4,1.0,59,1.0,-0.22658141635453524,-0.22658141635453524,0.5649505216515935
N500_plus_0.01pct_phi80,500,1.2027299618659357,rms_signed_R8,field_2_4,15.671541771757484,0.9969105143548326,0.4,1.0,59,1.0,-0.10236639062856148,-0.10236639062856148,0.4349160916329352
N500_plus_0.01pct_phi80,500,1.2027299618659357,rms_signed_R12,field_2_4,15.671541771757484,0.9969105143548326,0.4,1.0,59,1.0,-0.06143002126034756,-0.06143002126034756,0.3839083239438117
N500_plus_0.01pct_phi80,500,1.2027299618659357,rms_absrho_R8,field_2_4,15.671541771757484,0.9969105143548326,0.4,1.0,59,1.0,1.4162746909631854,1.4162746909631854,0.8442207155306967
N500_plus_0.01pct_phi80,500,1.2027299618659357,rms_positive_rho_R8,field_2_4,15.671541771757484,0.9969105143548326,0.4,1.0,59,1.0,1.1073820404935772,1.1073820404935772,0.7857868735863376
N500_plus_0.01pct_phi80,500,1.2027299618659357,rms_gradient_R8,field_2_4,15.671541771757484,0.9969105143548326,0.4,1.0,59,1.0,1.4262456439173663,1.4262456439173663,0.90805942861494
N500_plus_0.01pct_phi80,500,1.2027299618659357,field_r50,field_2_4,15.671541771757484,0.9969105143548326,0.4,1.0,59,1.0,1.4241348466156856,1.4241348466156856,0.9093347499154533
N500_plus_0.01pct_phi80,500,1.2027299618659357,field_r20,field_2_4,15.671541771757484,0.9969105143548326,0.4,1.0,59,1.0,1.4057670145141878,1.4057670145141878,0.9188418911295196
N500_plus_0.01pct_phi80,500,1.2027299618659357,mean_r2_signed_R8,field_2_4,15.671541771757484,0.9969105143548326,0.4,1.0,59,1.0,-0.2047327812571244,-0.1023663906285622,0.4349160916329351
N500_plus_0.01pct_phi80,500,1.2027299618659357,rms_signed_R4,field_2_4,15.671541771757484,0.9969105143548326,0.8,1.6,80,1.0,0.05372401402982871,0.05372401402982871,0.9347915102526287
N500_plus_0.01pct_phi80,500,1.2027299618659357,rms_signed_R8,field_2_4,15.671541771757484,0.9969105143548326,0.8,1.6,80,1.0,0.03378018473832705,0.03378018473832705,0.9695071664794787
N500_plus_0.01pct_phi80,500,1.2027299618659357,rms_signed_R12,field_2_4,15.671541771757484,0.9969105143548326,0.8,1.6,80,1.0,0.06055526100084017,0.06055526100084017,0.9952131065415571
N500_plus_0.01pct_phi80,500,1.2027299618659357,rms_absrho_R8,field_2_4,15.671541771757484,0.9969105143548326,0.8,1.6,80,1.0,0.2904708440022553,0.2904708440022553,0.9560418946833615
N500_plus_0.01pct_phi80,500,1.2027299618659357,rms_positive_rho_R8,field_2_4,15.671541771757484,0.9969105143548326,0.8,1.6,80,1.0,0.17871260804388217,0.17871260804388217,0.950478014174049
N500_plus_0.01pct_phi80,500,1.2027299618659357,rms_gradient_R8,field_2_4,15.671541771757484,0.9969105143548326,0.8,1.6,80,1.0,0.49701413186158366,0.49701413186158366,0.9723694661124882
N500_plus_0.01pct_phi80,500,1.2027299618659357,field_r50,field_2_4,15.671541771757484,0.9969105143548326,0.8,1.6,80,1.0,0.7916995091212139,0.7916995091212139,0.999843948006588
N500_plus_0.01pct_phi80,500,1.2027299618659357,field_r20,field_2_4,15.671541771757484,0.9969105143548326,0.8,1.6,80,1.0,0.7833828895087032,0.7833828895087032,0.9771201373017715
N500_plus_0.01pct_phi80,500,1.2027299618659357,mean_r2_signed_R8,field_2_4,15.671541771757484,0.9969105143548326,0.8,1.6,80,1.0,0.06756036947665348,0.03378018473832674,0.969507166479479
N500_plus_0.01pct_phi80,500,1.2027299618659357,rms_signed_R4,field_4_8,15.369289197725951,0.9974622207204971,0.1,0.3,20,1.0,-0.31223879040783137,-0.31223879040783137,0.9318532896836323
N500_plus_0.01pct_phi80,500,1.2027299618659357,rms_signed_R8,field_4_8,15.369289197725951,0.9974622207204971,0.1,0.3,20,1.0,-0.17306164553814302,-0.17306164553814302,0.9014130883509668
N500_plus_0.01pct_phi80,500,1.2027299618659357,rms_signed_R12,field_4_8,15.369289197725951,0.9974622207204971,0.1,0.3,20,1.0,-0.11000394433916813,-0.11000394433916813,0.8965316174644518
N500_plus_0.01pct_phi80,500,1.2027299618659357,rms_absrho_R8,field_4_8,15.369289197725951,0.9974622207204971,0.1,0.3,20,1.0,1.2171506790746953,1.2171506790746953,0.957388780076654
N500_plus_0.01pct_phi80,500,1.2027299618659357,rms_positive_rho_R8,field_4_8,15.369289197725951,0.9974622207204971,0.1,0.3,20,1.0,1.0724833503555358,1.0724833503555358,0.9382555809757936
N500_plus_0.01pct_phi80,500,1.2027299618659357,rms_gradient_R8,field_4_8,15.369289197725951,0.9974622207204971,0.1,0.3,20,1.0,1.0470501048680503,1.0470501048680503,0.9656710187198833
N500_plus_0.01pct_phi80,500,1.2027299618659357,field_r50,field_4_8,15.369289197725951,0.9974622207204971,0.1,0.3,20,1.0,1.049171594814152,1.049171594814152,0.9612896046591107
N500_plus_0.01pct_phi80,500,1.2027299618659357,field_r20,field_4_8,15.369289197725951,0.9974622207204971,0.1,0.3,20,1.0,1.0099787062705956,1.0099787062705956,0.9591654102276166
N500_plus_0.01pct_phi80,500,1.2027299618659357,mean_r2_signed_R8,field_4_8,15.369289197725951,0.9974622207204971,0.1,0.3,20,1.0,-0.3461232910762864,-0.1730616455381432,0.9014130883509668
N500_plus_0.01pct_phi80,500,1.2027299618659357,rms_signed_R4,field_4_8,15.369289197725951,0.9974622207204971,0.2,0.6,40,1.0,-0.04968662048609616,-0.04968662048609616,0.6997411686561239
N500_plus_0.01pct_phi80,500,1.2027299618659357,rms_signed_R8,field_4_8,15.369289197725951,0.9974622207204971,0.2,0.6,40,1.0,-0.01032581892479532,-0.01032581892479532,0.27051643994363805
N500_plus_0.01pct_phi80,500,1.2027299618659357,rms_signed_R12,field_4_8,15.369289197725951,0.9974622207204971,0.2,0.6,40,1.0,-0.005026514382831302,-0.005026514382831302,0.11673043149419893
N500_plus_0.01pct_phi80,500,1.2027299618659357,rms_absrho_R8,field_4_8,15.369289197725951,0.9974622207204971,0.2,0.6,40,1.0,0.5621814960700794,0.5621814960700794,0.9800293405064442
N500_plus_0.01pct_phi80,500,1.2027299618659357,rms_positive_rho_R8,field_4_8,15.369289197725951,0.9974622207204971,0.2,0.6,40,1.0,0.3965327015674769,0.3965327015674769,0.9678154978440889
N500_plus_0.01pct_phi80,500,1.2027299618659357,rms_gradient_R8,field_4_8,15.369289197725951,0.9974622207204971,0.2,0.6,40,1.0,0.6241825835668282,0.6241825835668282,0.9954758904362403
N500_plus_0.01pct_phi80,500,1.2027299618659357,field_r50,field_4_8,15.369289197725951,0.9974622207204971,0.2,0.6,40,1.0,0.6150630418924576,0.6150630418924576,0.9971374726775794
N500_plus_0.01pct_phi80,500,1.2027299618659357,field_r20,field_4_8,15.369289197725951,0.9974622207204971,0.2,0.6,40,1.0,0.6107483257364842,0.6107483257364842,0.9987771213824431
N500_plus_0.01pct_phi80,500,1.2027299618659357,mean_r2_signed_R8,field_4_8,15.369289197725951,0.9974622207204971,0.2,0.6,40,1.0,-0.02065163784959064,-0.01032581892479532,0.2705164399436366
N500_plus_0.01pct_phi80,500,1.2027299618659357,rms_signed_R4,field_4_8,15.369289197725951,0.9974622207204971,0.4,1.0,60,1.0,0.04054257809591124,0.04054257809591124,0.9542942827122456
N500_plus_0.01pct_phi80,500,1.2027299618659357,rms_signed_R8,field_4_8,15.369289197725951,0.9974622207204971,0.4,1.0,60,1.0,0.02697578812124106,0.02697578812124106,0.9941853920055469
N500_plus_0.01pct_phi80,500,1.2027299618659357,rms_signed_R12,field_4_8,15.369289197725951,0.9974622207204971,0.4,1.0,60,1.0,0.03940056147500048,0.03940056147500048,0.9769631621518323
N500_plus_0.01pct_phi80,500,1.2027299618659357,rms_absrho_R8,field_4_8,15.369289197725951,0.9974622207204971,0.4,1.0,60,1.0,0.2902176117860674,0.2902176117860674,0.977961784834602
N500_plus_0.01pct_phi80,500,1.2027299618659357,rms_positive_rho_R8,field_4_8,15.369289197725951,0.9974622207204971,0.4,1.0,60,1.0,0.18277964747133146,0.18277964747133146,0.9747660123454666
N500_plus_0.01pct_phi80,500,1.2027299618659357,rms_gradient_R8,field_4_8,15.369289197725951,0.9974622207204971,0.4,1.0,60,1.0,0.4496485960552191,0.4496485960552191,0.9924945797466758
N500_plus_0.01pct_phi80,500,1.2027299618659357,field_r50,field_4_8,15.369289197725951,0.9974622207204971,0.4,1.0,60,1.0,0.5607697389602713,0.5607697389602713,0.9999110729375137
N500_plus_0.01pct_phi80,500,1.2027299618659357,field_r20,field_4_8,15.369289197725951,0.9974622207204971,0.4,1.0,60,1.0,0.6346377475338675,0.6346377475338675,0.99915623833608
N500_plus_0.01pct_phi80,500,1.2027299618659357,mean_r2_signed_R8,field_4_8,15.369289197725951,0.9974622207204971,0.4,1.0,60,1.0,0.05395157624248297,0.026975788121241486,0.9941853920055471
N500_plus_0.01pct_phi80,500,1.2027299618659357,rms_signed_R4,field_4_8,15.369289197725951,0.9974622207204971,0.8,1.6,80,1.0,-0.02022768788017729,-0.02022768788017729,0.26894017193475284
N500_plus_0.01pct_phi80,500,1.2027299618659357,rms_signed_R8,field_4_8,15.369289197725951,0.9974622207204971,0.8,1.6,80,1.0,0.0018854916357395847,0.0018854916357395847,0.020972414068297973
N500_plus_0.01pct_phi80,500,1.2027299618659357,rms_signed_R12,field_4_8,15.369289197725951,0.9974622207204971,0.8,1.6,80,1.0,0.02494490001871552,0.02494490001871552,0.7599360577131978
N500_plus_0.01pct_phi80,500,1.2027299618659357,rms_absrho_R8,field_4_8,15.369289197725951,0.9974622207204971,0.8,1.6,80,1.0,0.11526061171093842,0.11526061171093842,0.9519293305989747
N500_plus_0.01pct_phi80,500,1.2027299618659357,rms_positive_rho_R8,field_4_8,15.369289197725951,0.9974622207204971,0.8,1.6,80,1.0,0.06237916352577336,0.06237916352577336,0.9039577669710274
N500_plus_0.01pct_phi80,500,1.2027299618659357,rms_gradient_R8,field_4_8,15.369289197725951,0.9974622207204971,0.8,1.6,80,1.0,0.21541955695806106,0.21541955695806106,0.9549895395628143
N500_plus_0.01pct_phi80,500,1.2027299618659357,field_r50,field_4_8,15.369289197725951,0.9974622207204971,0.8,1.6,80,1.0,0.5905680637920929,0.5905680637920929,0.9989406092473043
N500_plus_0.01pct_phi80,500,1.2027299618659357,field_r20,field_4_8,15.369289197725951,0.9974622207204971,0.8,1.6,80,1.0,0.2720057217717218,0.2720057217717218,0.826557162206614
N500_plus_0.01pct_phi80,500,1.2027299618659357,mean_r2_signed_R8,field_4_8,15.369289197725951,0.9974622207204971,0.8,1.6,80,1.0,0.0037709832714773977,0.0018854916357386989,0.020972414068301748
N500_plus_0.01pct_phi80,500,1.2027299618659357,rms_signed_R4,field_8_12,15.298079933244539,0.9998448078671981,0.1,0.3,20,1.0,-0.10161798296729403,-0.10161798296729403,0.9607581507024311
N500_plus_0.01pct_phi80,500,1.2027299618659357,rms_signed_R8,field_8_12,15.298079933244539,0.9998448078671981,0.1,0.3,20,1.0,-0.04424124044146021,-0.04424124044146021,0.916056796547186
N500_plus_0.01pct_phi80,500,1.2027299618659357,rms_signed_R12,field_8_12,15.298079933244539,0.9998448078671981,0.1,0.3,20,1.0,-0.031071138783664614,-0.031071138783664614,0.9259316811127875
N500_plus_0.01pct_phi80,500,1.2027299618659357,rms_absrho_R8,field_8_12,15.298079933244539,0.9998448078671981,0.1,0.3,20,1.0,0.5603084619734122,0.5603084619734122,0.9965209631162988
N500_plus_0.01pct_phi80,500,1.2027299618659357,rms_positive_rho_R8,field_8_12,15.298079933244539,0.9998448078671981,0.1,0.3,20,1.0,0.43418969864371915,0.43418969864371915,0.9914262870870185
N500_plus_0.01pct_phi80,500,1.2027299618659357,rms_gradient_R8,field_8_12,15.298079933244539,0.9998448078671981,0.1,0.3,20,1.0,0.5321963345411751,0.5321963345411751,0.9996056902535806
N500_plus_0.01pct_phi80,500,1.2027299618659357,field_r50,field_8_12,15.298079933244539,0.9998448078671981,0.1,0.3,20,1.0,0.5173908375879599,0.5173908375879599,0.999340268384075
N500_plus_0.01pct_phi80,500,1.2027299618659357,field_r20,field_8_12,15.298079933244539,0.9998448078671981,0.1,0.3,20,1.0,0.49598490635392445,0.49598490635392445,0.9994882613190645
N500_plus_0.01pct_phi80,500,1.2027299618659357,mean_r2_signed_R8,field_8_12,15.298079933244539,0.9998448078671981,0.1,0.3,20,1.0,-0.08848248088292042,-0.04424124044146021,0.9160567965471851
N500_plus_0.01pct_phi80,500,1.2027299618659357,rms_signed_R4,field_8_12,15.298079933244539,0.9998448078671981,0.2,0.6,40,1.0,-0.0077556463412059755,-0.0077556463412059755,0.16428195580315752
N500_plus_0.01pct_phi80,500,1.2027299618659357,rms_signed_R8,field_8_12,15.298079933244539,0.9998448078671981,0.2,0.6,40,1.0,0.008087702446056116,0.008087702446056116,0.5113711882181365
N500_plus_0.01pct_phi80,500,1.2027299618659357,rms_signed_R12,field_8_12,15.298079933244539,0.9998448078671981,0.2,0.6,40,1.0,0.01047104925870144,0.01047104925870144,0.6095971951895374
N500_plus_0.01pct_phi80,500,1.2027299618659357,rms_absrho_R8,field_8_12,15.298079933244539,0.9998448078671981,0.2,0.6,40,1.0,0.38330351260736906,0.38330351260736906,0.9898234147303863
N500_plus_0.01pct_phi80,500,1.2027299618659357,rms_positive_rho_R8,field_8_12,15.298079933244539,0.9998448078671981,0.2,0.6,40,1.0,0.2560957800487224,0.2560957800487224,0.9843604900939016
N500_plus_0.01pct_phi80,500,1.2027299618659357,rms_gradient_R8,field_8_12,15.298079933244539,0.9998448078671981,0.2,0.6,40,1.0,0.4744419553432441,0.4744419553432441,0.9989052313180282
N500_plus_0.01pct_phi80,500,1.2027299618659357,field_r50,field_8_12,15.298079933244539,0.9998448078671981,0.2,0.6,40,1.0,0.48168493658708017,0.48168493658708017,0.9999751937069752
N500_plus_0.01pct_phi80,500,1.2027299618659357,field_r20,field_8_12,15.298079933244539,0.9998448078671981,0.2,0.6,40,1.0,0.49486487748640035,0.49486487748640035,0.9993260440140717
N500_plus_0.01pct_phi80,500,1.2027299618659357,mean_r2_signed_R8,field_8_12,15.298079933244539,0.9998448078671981,0.2,0.6,40,1.0,0.01617540489211304,0.00808770244605652,0.5113711882181398
N500_plus_0.01pct_phi80,500,1.2027299618659357,rms_signed_R4,field_8_12,15.298079933244539,0.9998448078671981,0.4,1.0,60,1.0,0.04171472895896936,0.04171472895896936,0.9897678825101202
N500_plus_0.01pct_phi80,500,1.2027299618659357,rms_signed_R8,field_8_12,15.298079933244539,0.9998448078671981,0.4,1.0,60,1.0,0.02514276462873492,0.02514276462873492,0.9983410192650479
N500_plus_0.01pct_phi80,500,1.2027299618659357,rms_signed_R12,field_8_12,15.298079933244539,0.9998448078671981,0.4,1.0,60,1.0,0.03974233506708047,0.03974233506708047,0.9904917989677539
N500_plus_0.01pct_phi80,500,1.2027299618659357,rms_absrho_R8,field_8_12,15.298079933244539,0.9998448078671981,0.4,1.0,60,1.0,0.22644356049107714,0.22644356049107714,0.9834105031718268
N500_plus_0.01pct_phi80,500,1.2027299618659357,rms_positive_rho_R8,field_8_12,15.298079933244539,0.9998448078671981,0.4,1.0,60,1.0,0.14106326683575612,0.14106326683575612,0.9813515685007658
N500_plus_0.01pct_phi80,500,1.2027299618659357,rms_gradient_R8,field_8_12,15.298079933244539,0.9998448078671981,0.4,1.0,60,1.0,0.37217685130086564,0.37217685130086564,0.9936250018032037
N500_plus_0.01pct_phi80,500,1.2027299618659357,field_r50,field_8_12,15.298079933244539,0.9998448078671981,0.4,1.0,60,1.0,0.5089618246514369,0.5089618246514369,0.9993199225156382
N500_plus_0.01pct_phi80,500,1.2027299618659357,field_r20,field_8_12,15.298079933244539,0.9998448078671981,0.4,1.0,60,1.0,0.5741388834927708,0.5741388834927708,0.9988939678479283
N500_plus_0.01pct_phi80,500,1.2027299618659357,mean_r2_signed_R8,field_8_12,15.298079933244539,0.9998448078671981,0.4,1.0,60,1.0,0.05028552925746984,0.02514276462873492,0.9983410192650483
N500_plus_0.01pct_phi80,500,1.2027299618659357,rms_signed_R4,field_8_12,15.298079933244539,0.9998448078671981,0.8,1.6,80,1.0,-0.04128159438858364,-0.04128159438858364,0.5682505108630783
N500_plus_0.01pct_phi80,500,1.2027299618659357,rms_signed_R8,field_8_12,15.298079933244539,0.9998448078671981,0.8,1.6,80,1.0,-0.007364161519902689,-0.007364161519902689,0.191172599810164
N500_plus_0.01pct_phi80,500,1.2027299618659357,rms_signed_R12,field_8_12,15.298079933244539,0.9998448078671981,0.8,1.6,80,1.0,0.013899961229448993,0.013899961229448993,0.4296260068589053
N500_plus_0.01pct_phi80,500,1.2027299618659357,rms_absrho_R8,field_8_12,15.298079933244539,0.9998448078671981,0.8,1.6,80,1.0,0.09100196063622987,0.09100196063622987,0.932568739453596
N500_plus_0.01pct_phi80,500,1.2027299618659357,rms_positive_rho_R8,field_8_12,15.298079933244539,0.9998448078671981,0.8,1.6,80,1.0,0.04473103777014576,0.04473103777014576,0.8268454245107256
N500_plus_0.01pct_phi80,500,1.2027299618659357,rms_gradient_R8,field_8_12,15.298079933244539,0.9998448078671981,0.8,1.6,80,1.0,0.1719810337235067,0.1719810337235067,0.939660948902902
N500_plus_0.01pct_phi80,500,1.2027299618659357,field_r50,field_8_12,15.298079933244539,0.9998448078671981,0.8,1.6,80,1.0,0.5413674814479307,0.5413674814479307,0.9966952240033274
N500_plus_0.01pct_phi80,500,1.2027299618659357,field_r20,field_8_12,15.298079933244539,0.9998448078671981,0.8,1.6,80,1.0,0.17930802384704125,0.17930802384704125,0.7482505367415735
N500_plus_0.01pct_phi80,500,1.2027299618659357,mean_r2_signed_R8,field_8_12,15.298079933244539,0.9998448078671981,0.8,1.6,80,1.0,-0.014728323039805378,-0.007364161519902689,0.19117259981016343
N500_plus_0.01pct_phi80,500,1.2027299618659357,rms_signed_R4,field_12_20,15.284473773787095,0.9998964862196487,0.1,0.3,20,1.0,-0.08647031764283568,-0.08647031764283568,0.9630452147088818
N500_plus_0.01pct_phi80,500,1.2027299618659357,rms_signed_R8,field_12_20,15.284473773787095,0.9998964862196487,0.1,0.3,20,1.0,-0.0359351749261149,-0.0359351749261149,0.9141707657872582
N500_plus_0.01pct_phi80,500,1.2027299618659357,rms_signed_R12,field_12_20,15.284473773787095,0.9998964862196487,0.1,0.3,20,1.0,-0.025461611438249314,-0.025461611438249314,0.923736534767886
N500_plus_0.01pct_phi80,500,1.2027299618659357,rms_absrho_R8,field_12_20,15.284473773787095,0.9998964862196487,0.1,0.3,20,1.0,0.5073402239714786,0.5073402239714786,0.9977396344826767
N500_plus_0.01pct_phi80,500,1.2027299618659357,rms_positive_rho_R8,field_12_20,15.284473773787095,0.9998964862196487,0.1,0.3,20,1.0,0.38753644679692534,0.38753644679692534,0.9936795564024098
N500_plus_0.01pct_phi80,500,1.2027299618659357,rms_gradient_R8,field_12_20,15.284473773787095,0.9998964862196487,0.1,0.3,20,1.0,0.4897297444845058,0.4897297444845058,0.9999383496142182
N500_plus_0.01pct_phi80,500,1.2027299618659357,field_r50,field_12_20,15.284473773787095,0.9998964862196487,0.1,0.3,20,1.0,0.47501321525626383,0.47501321525626383,0.9998458568175354
N500_plus_0.01pct_phi80,500,1.2027299618659357,field_r20,field_12_20,15.284473773787095,0.9998964862196487,0.1,0.3,20,1.0,0.4559898710104437,0.4559898710104437,0.9999248195435528
N500_plus_0.01pct_phi80,500,1.2027299618659357,mean_r2_signed_R8,field_12_20,15.284473773787095,0.9998964862196487,0.1,0.3,20,1.0,-0.0718703498522298,-0.0359351749261149,0.9141707657872571
N500_plus_0.01pct_phi80,500,1.2027299618659357,rms_signed_R4,field_12_20,15.284473773787095,0.9998964862196487,0.2,0.6,40,1.0,-0.003960056162851227,-0.003960056162851227,0.05723434905834568
N500_plus_0.01pct_phi80,500,1.2027299618659357,rms_signed_R8,field_12_20,15.284473773787095,0.9998964862196487,0.2,0.6,40,1.0,0.009399021670122857,0.009399021670122857,0.6347183151740314
N500_plus_0.01pct_phi80,500,1.2027299618659357,rms_signed_R12,field_12_20,15.284473773787095,0.9998964862196487,0.2,0.6,40,1.0,0.011748326596903735,0.011748326596903735,0.6900697649589433
N500_plus_0.01pct_phi80,500,1.2027299618659357,rms_absrho_R8,field_12_20,15.284473773787095,0.9998964862196487,0.2,0.6,40,1.0,0.361268029430549,0.361268029430549,0.9909588750246016
N500_plus_0.01pct_phi80,500,1.2027299618659357,rms_positive_rho_R8,field_12_20,15.284473773787095,0.9998964862196487,0.2,0.6,40,1.0,0.23999449672399897,0.23999449672399897,0.9861561083623289
N500_plus_0.01pct_phi80,500,1.2027299618659357,rms_gradient_R8,field_12_20,15.284473773787095,0.9998964862196487,0.2,0.6,40,1.0,0.4536426478473057,0.4536426478473057,0.9991880036811825
N500_plus_0.01pct_phi80,500,1.2027299618659357,field_r50,field_12_20,15.284473773787095,0.9998964862196487,0.2,0.6,40,1.0,0.4633207631353748,0.4633207631353748,0.9999717614698898
N500_plus_0.01pct_phi80,500,1.2027299618659357,field_r20,field_12_20,15.284473773787095,0.9998964862196487,0.2,0.6,40,1.0,0.4785916111395065,0.4785916111395065,0.9989228332815847
N500_plus_0.01pct_phi80,500,1.2027299618659357,mean_r2_signed_R8,field_12_20,15.284473773787095,0.9998964862196487,0.2,0.6,40,1.0,0.018798043340245714,0.009399021670122857,0.6347183151740318
N500_plus_0.01pct_phi80,500,1.2027299618659357,rms_signed_R4,field_12_20,15.284473773787095,0.9998964862196487,0.4,1.0,60,1.0,0.04124787732106454,0.04124787732106454,0.991432799520775
N500_plus_0.01pct_phi80,500,1.2027299618659357,rms_signed_R8,field_12_20,15.284473773787095,0.9998964862196487,0.4,1.0,60,1.0,0.024640978437588012,0.024640978437588012,0.9983248938524361
N500_plus_0.01pct_phi80,500,1.2027299618659357,rms_signed_R12,field_12_20,15.284473773787095,0.9998964862196487,0.4,1.0,60,1.0,0.03940858458131501,0.03940858458131501,0.9915503378240975
N500_plus_0.01pct_phi80,500,1.2027299618659357,rms_absrho_R8,field_12_20,15.284473773787095,0.9998964862196487,0.4,1.0,60,1.0,0.2177623611071805,0.2177623611071805,0.9842046866642886
N500_plus_0.01pct_phi80,500,1.2027299618659357,rms_positive_rho_R8,field_12_20,15.284473773787095,0.9998964862196487,0.4,1.0,60,1.0,0.1354795639700823,0.1354795639700823,0.9822369919481394
N500_plus_0.01pct_phi80,500,1.2027299618659357,rms_gradient_R8,field_12_20,15.284473773787095,0.9998964862196487,0.4,1.0,60,1.0,0.360536624681809,0.360536624681809,0.993831683213152
N500_plus_0.01pct_phi80,500,1.2027299618659357,field_r50,field_12_20,15.284473773787095,0.9998964862196487,0.4,1.0,60,1.0,0.499967006175133,0.499967006175133,0.9991663466917815
N500_plus_0.01pct_phi80,500,1.2027299618659357,field_r20,field_12_20,15.284473773787095,0.9998964862196487,0.4,1.0,60,1.0,0.5622690323368582,0.5622690323368582,0.9987794070369628
N500_plus_0.01pct_phi80,500,1.2027299618659357,mean_r2_signed_R8,field_12_20,15.284473773787095,0.9998964862196487,0.4,1.0,60,1.0,0.049281956875176024,0.024640978437588012,0.9983248938524364
N500_plus_0.01pct_phi80,500,1.2027299618659357,rms_signed_R4,field_12_20,15.284473773787095,0.9998964862196487,0.8,1.6,80,1.0,-0.04418834656500924,-0.04418834656500924,0.5981320494006491
N500_plus_0.01pct_phi80,500,1.2027299618659357,rms_signed_R8,field_12_20,15.284473773787095,0.9998964862196487,0.8,1.6,80,1.0,-0.008732292914371508,-0.008732292914371508,0.24203951502414112
N500_plus_0.01pct_phi80,500,1.2027299618659357,rms_signed_R12,field_12_20,15.284473773787095,0.9998964862196487,0.8,1.6,80,1.0,0.012231989622601764,0.012231989622601764,0.3619542960756227
N500_plus_0.01pct_phi80,500,1.2027299618659357,rms_absrho_R8,field_12_20,15.284473773787095,0.9998964862196487,0.8,1.6,80,1.0,0.08748583148583537,0.08748583148583537,0.9284997073055139
N500_plus_0.01pct_phi80,500,1.2027299618659357,rms_positive_rho_R8,field_12_20,15.284473773787095,0.9998964862196487,0.8,1.6,80,1.0,0.04217570542773834,0.04217570542773834,0.8090034577893378
N500_plus_0.01pct_phi80,500,1.2027299618659357,rms_gradient_R8,field_12_20,15.284473773787095,0.9998964862196487,0.8,1.6,80,1.0,0.16567998381801372,0.16567998381801372,0.9367598177780011
N500_plus_0.01pct_phi80,500,1.2027299618659357,field_r50,field_12_20,15.284473773787095,0.9998964862196487,0.8,1.6,80,1.0,0.53231471302012,0.53231471302012,0.9961866277189451
N500_plus_0.01pct_phi80,500,1.2027299618659357,field_r20,field_12_20,15.284473773787095,0.9998964862196487,0.8,1.6,80,1.0,0.1669522218777296,0.1669522218777296,0.7333799815213184
N500_plus_0.01pct_phi80,500,1.2027299618659357,mean_r2_signed_R8,field_12_20,15.284473773787095,0.9998964862196487,0.8,1.6,80,1.0,-0.017464585828743016,-0.008732292914371508,0.24203951502414167
N500_plus_0.01pct_phi80,500,1.2027299618659357,rms_signed_R4,current_last40_rule,15.301144057350385,0.9946343468834236,0.1,0.3,20,1.0,-0.11298854414862672,-0.11298854414862672,0.9608798683474289
N500_plus_0.01pct_phi80,500,1.2027299618659357,rms_signed_R8,current_last40_rule,15.301144057350385,0.9946343468834236,0.1,0.3,20,1.0,-0.05140876450054478,-0.05140876450054478,0.9202835865484532
N500_plus_0.01pct_phi80,500,1.2027299618659357,rms_signed_R12,current_last40_rule,15.301144057350385,0.9946343468834236,0.1,0.3,20,1.0,-0.03578201059606812,-0.03578201059606812,0.929933488347807
N500_plus_0.01pct_phi80,500,1.2027299618659357,rms_absrho_R8,current_last40_rule,15.301144057350385,0.9946343468834236,0.1,0.3,20,1.0,0.5856176569332083,0.5856176569332083,0.9959924540583911
N500_plus_0.01pct_phi80,500,1.2027299618659357,rms_positive_rho_R8,current_last40_rule,15.301144057350385,0.9946343468834236,0.1,0.3,20,1.0,0.4608915636632481,0.4608915636632481,0.9902897861285127
N500_plus_0.01pct_phi80,500,1.2027299618659357,rms_gradient_R8,current_last40_rule,15.301144057350385,0.9946343468834236,0.1,0.3,20,1.0,0.5472433315058854,0.5472433315058854,0.9993778090798109
N500_plus_0.01pct_phi80,500,1.2027299618659357,field_r50,current_last40_rule,15.301144057350385,0.9946343468834236,0.1,0.3,20,1.0,0.5335468414540622,0.5335468414540622,0.9989781677900778
N500_plus_0.01pct_phi80,500,1.2027299618659357,field_r20,current_last40_rule,15.301144057350385,0.9946343468834236,0.1,0.3,20,1.0,0.5109544194774762,0.5109544194774762,0.9991115985387086
N500_plus_0.01pct_phi80,500,1.2027299618659357,mean_r2_signed_R8,current_last40_rule,15.301144057350385,0.9946343468834236,0.1,0.3,20,1.0,-0.10281752900108956,-0.05140876450054478,0.9202835865484524
N500_plus_0.01pct_phi80,500,1.2027299618659357,rms_signed_R4,current_last40_rule,15.301144057350385,0.9946343468834236,0.2,0.6,40,1.0,-0.01176615520992397,-0.01176615520992397,0.2883132296077785
N500_plus_0.01pct_phi80,500,1.2027299618659357,rms_signed_R8,current_last40_rule,15.301144057350385,0.9946343468834236,0.2,0.6,40,1.0,0.006298878599039925,0.006298878599039925,0.35107359654815007
N500_plus_0.01pct_phi80,500,1.2027299618659357,rms_signed_R12,current_last40_rule,15.301144057350385,0.9946343468834236,0.2,0.6,40,1.0,0.008711160903427523,0.008711160903427523,0.4991448784236534
N500_plus_0.01pct_phi80,500,1.2027299618659357,rms_absrho_R8,current_last40_rule,15.301144057350385,0.9946343468834236,0.2,0.6,40,1.0,0.3952291039604399,0.3952291039604399,0.9894602349011987
N500_plus_0.01pct_phi80,500,1.2027299618659357,rms_positive_rho_R8,current_last40_rule,15.301144057350385,0.9946343468834236,0.2,0.6,40,1.0,0.2657243271748655,0.2657243271748655,0.9834788899553694
N500_plus_0.01pct_phi80,500,1.2027299618659357,rms_gradient_R8,current_last40_rule,15.301144057350385,0.9946343468834236,0.2,0.6,40,1.0,0.4819456954128242,0.4819456954128242,0.9988585097945595
N500_plus_0.01pct_phi80,500,1.2027299618659357,field_r50,current_last40_rule,15.301144057350385,0.9946343468834236,0.2,0.6,40,1.0,0.4865356672040642,0.4865356672040642,0.9999497676080785
N500_plus_0.01pct_phi80,500,1.2027299618659357,field_r20,current_last40_rule,15.301144057350385,0.9946343468834236,0.2,0.6,40,1.0,0.4971445286058806,0.4971445286058806,0.9994790778830126
N500_plus_0.01pct_phi80,500,1.2027299618659357,mean_r2_signed_R8,current_last40_rule,15.301144057350385,0.9946343468834236,0.2,0.6,40,1.0,0.01259775719807985,0.006298878599039925,0.3510735965481565
N500_plus_0.01pct_phi80,500,1.2027299618659357,rms_signed_R4,current_last40_rule,15.301144057350385,0.9946343468834236,0.4,1.0,60,1.0,0.04139780319575899,0.04139780319575899,0.9872118284141919
N500_plus_0.01pct_phi80,500,1.2027299618659357,rms_signed_R8,current_last40_rule,15.301144057350385,0.9946343468834236,0.4,1.0,60,1.0,0.025207381585448902,0.025207381585448902,0.9982340463328458
N500_plus_0.01pct_phi80,500,1.2027299618659357,rms_signed_R12,current_last40_rule,15.301144057350385,0.9946343468834236,0.4,1.0,60,1.0,0.039376168017585575,0.039376168017585575,0.9889079203865216
N500_plus_0.01pct_phi80,500,1.2027299618659357,rms_absrho_R8,current_last40_rule,15.301144057350385,0.9946343468834236,0.4,1.0,60,1.0,0.2317539819388776,0.2317539819388776,0.9830912640104059
N500_plus_0.01pct_phi80,500,1.2027299618659357,rms_positive_rho_R8,current_last40_rule,15.301144057350385,0.9946343468834236,0.4,1.0,60,1.0,0.14456768940407888,0.14456768940407888,0.9809545710073864
N500_plus_0.01pct_phi80,500,1.2027299618659357,rms_gradient_R8,current_last40_rule,15.301144057350385,0.9946343468834236,0.4,1.0,60,1.0,0.37799245110568314,0.37799245110568314,0.9937151994948485
N500_plus_0.01pct_phi80,500,1.2027299618659357,field_r50,current_last40_rule,15.301144057350385,0.9946343468834236,0.4,1.0,60,1.0,0.5097550413437169,0.5097550413437169,0.9993695459816397
N500_plus_0.01pct_phi80,500,1.2027299618659357,field_r20,current_last40_rule,15.301144057350385,0.9946343468834236,0.4,1.0,60,1.0,0.5764004393116328,0.5764004393116328,0.998925212570009
N500_plus_0.01pct_phi80,500,1.2027299618659357,mean_r2_signed_R8,current_last40_rule,15.301144057350385,0.9946343468834236,0.4,1.0,60,1.0,0.050414763170897915,0.025207381585448958,0.9982340463328461
N500_plus_0.01pct_phi80,500,1.2027299618659357,rms_signed_R4,current_last40_rule,15.301144057350385,0.9946343468834236,0.8,1.6,80,1.0,-0.03798177700015095,-0.03798177700015095,0.5346193850755283
N500_plus_0.01pct_phi80,500,1.2027299618659357,rms_signed_R8,current_last40_rule,15.301144057350385,0.9946343468834236,0.8,1.6,80,1.0,-0.005940561851728894,-0.005940561851728894,0.14014544255846373
N500_plus_0.01pct_phi80,500,1.2027299618659357,rms_signed_R12,current_last40_rule,15.301144057350385,0.9946343468834236,0.8,1.6,80,1.0,0.0154331579439905,0.0154331579439905,0.4936505157270148
N500_plus_0.01pct_phi80,500,1.2027299618659357,rms_absrho_R8,current_last40_rule,15.301144057350385,0.9946343468834236,0.8,1.6,80,1.0,0.09373018409491668,0.09373018409491668,0.9366055217232411
N500_plus_0.01pct_phi80,500,1.2027299618659357,rms_positive_rho_R8,current_last40_rule,15.301144057350385,0.9946343468834236,0.8,1.6,80,1.0,0.04689849267029449,0.04689849267029449,0.8430182353834015
N500_plus_0.01pct_phi80,500,1.2027299618659357,rms_gradient_R8,current_last40_rule,15.301144057350385,0.9946343468834236,0.8,1.6,80,1.0,0.17679899253588874,0.17679899253588874,0.9427002474562126
N500_plus_0.01pct_phi80,500,1.2027299618659357,field_r50,current_last40_rule,15.301144057350385,0.9946343468834236,0.8,1.6,80,1.0,0.5452913395370005,0.5452913395370005,0.997205734535844
N500_plus_0.01pct_phi80,500,1.2027299618659357,field_r20,current_last40_rule,15.301144057350385,0.9946343468834236,0.8,1.6,80,1.0,0.19040283723474352,0.19040283723474352,0.7625620275575784
N500_plus_0.01pct_phi80,500,1.2027299618659357,mean_r2_signed_R8,current_last40_rule,15.301144057350385,0.9946343468834236,0.8,1.6,80,1.0,-0.011881123703459319,-0.0059405618517296595,0.14014544255846073
N500_plus_0.01pct_phi80,500,1.2027299618659357,rms_signed_R4,joint_powerlaw_20,15.274857911309667,0.9999364267139648,0.1,0.3,20,0.9059732452566006,-0.0753566120915019,-0.0753566120915019,0.9633187822829723
N500_plus_0.01pct_phi80,500,1.2027299618659357,rms_signed_R8,joint_powerlaw_20,15.274857911309667,0.9999364267139648,0.1,0.3,20,0.9059732452566006,-0.029751289120108614,-0.029751289120108614,0.9078250803619325
N500_plus_0.01pct_phi80,500,1.2027299618659357,rms_signed_R12,joint_powerlaw_20,15.274857911309667,0.9999364267139648,0.1,0.3,20,0.9059732452566006,-0.021261757527087952,-0.021261757527087952,0.9168100810454524
N500_plus_0.01pct_phi80,500,1.2027299618659357,rms_absrho_R8,joint_powerlaw_20,15.274857911309667,0.9999364267139648,0.1,0.3,20,0.9059732452566006,0.47160485274035346,0.47160485274035346,0.9983676032074528
N500_plus_0.01pct_phi80,500,1.2027299618659357,rms_positive_rho_R8,joint_powerlaw_20,15.274857911309667,0.9999364267139648,0.1,0.3,20,0.9059732452566006,0.3553497475757214,0.3553497475757214,0.994999844983775
N500_plus_0.01pct_phi80,500,1.2027299618659357,rms_gradient_R8,joint_powerlaw_20,15.274857911309667,0.9999364267139648,0.1,0.3,20,0.9059732452566006,0.4627420187660862,0.4627420187660862,0.9999982525182837
N500_plus_0.01pct_phi80,500,1.2027299618659357,field_r50,joint_powerlaw_20,15.274857911309667,0.9999364267139648,0.1,0.3,20,0.9059732452566006,0.44803705409155314,0.44803705409155314,0.9999869945756233
N500_plus_0.01pct_phi80,500,1.2027299618659357,field_r20,joint_powerlaw_20,15.274857911309667,0.9999364267139648,0.1,0.3,20,0.9059732452566006,0.43083462728551536,0.43083462728551536,0.9999936279388939
N500_plus_0.01pct_phi80,500,1.2027299618659357,mean_r2_signed_R8,joint_powerlaw_20,15.274857911309667,0.9999364267139648,0.1,0.3,20,0.9059732452566006,-0.05950257824021703,-0.029751289120108514,0.9078250803619323
N500_plus_0.01pct_phi80,500,1.2027299618659357,rms_signed_R4,joint_powerlaw_20,15.274857911309667,0.9999364267139648,0.2,0.6,40,0.9059732452566006,-0.0005820774301304402,-0.0005820774301304402,0.0015067841963477546
N500_plus_0.01pct_phi80,500,1.2027299618659357,rms_signed_R8,joint_powerlaw_20,15.274857911309667,0.9999364267139648,0.2,0.6,40,0.9059732452566006,0.010627192343770063,0.010627192343770063,0.7271782005861231
N500_plus_0.01pct_phi80,500,1.2027299618659357,rms_signed_R12,joint_powerlaw_20,15.274857911309667,0.9999364267139648,0.2,0.6,40,0.9059732452566006,0.013027740482026257,0.013027740482026257,0.7516573061935715
N500_plus_0.01pct_phi80,500,1.2027299618659357,rms_absrho_R8,joint_powerlaw_20,15.274857911309667,0.9999364267139648,0.2,0.6,40,0.9059732452566006,0.34468388311549386,0.34468388311549386,0.991696078594221
N500_plus_0.01pct_phi80,500,1.2027299618659357,rms_positive_rho_R8,joint_powerlaw_20,15.274857911309667,0.9999364267139648,0.2,0.6,40,0.9059732452566006,0.2277516753161632,0.2277516753161632,0.9874133635879482
N500_plus_0.01pct_phi80,500,1.2027299618659357,rms_gradient_R8,joint_powerlaw_20,15.274857911309667,0.9999364267139648,0.2,0.6,40,0.9059732452566006,0.4390153576598381,0.4390153576598381,0.9993359434465243
N500_plus_0.01pct_phi80,500,1.2027299618659357,field_r50,joint_powerlaw_20,15.274857911309667,0.9999364267139648,0.2,0.6,40,0.9059732452566006,0.45126284934491834,0.45126284934491834,0.999913160758009
N500_plus_0.01pct_phi80,500,1.2027299618659357,field_r20,joint_powerlaw_20,15.274857911309667,0.9999364267139648,0.2,0.6,40,0.9059732452566006,0.46874797627775244,0.46874797627775244,0.9985570818568882
N500_plus_0.01pct_phi80,500,1.2027299618659357,mean_r2_signed_R8,joint_powerlaw_20,15.274857911309667,0.9999364267139648,0.2,0.6,40,0.9059732452566006,0.021254384687539967,0.010627192343769984,0.7271782005861236
N500_plus_0.01pct_phi80,500,1.2027299618659357,rms_signed_R4,joint_powerlaw_20,15.274857911309667,0.9999364267139648,0.4,1.0,60,0.9059732452566006,0.04095820646435542,0.04095820646435542,0.9926725728332381
N500_plus_0.01pct_phi80,500,1.2027299618659357,rms_signed_R8,joint_powerlaw_20,15.274857911309667,0.9999364267139648,0.4,1.0,60,0.9059732452566006,0.024276513107029423,0.024276513107029423,0.9982122135930556
N500_plus_0.01pct_phi80,500,1.2027299618659357,rms_signed_R12,joint_powerlaw_20,15.274857911309667,0.9999364267139648,0.4,1.0,60,0.9059732452566006,0.03928955676088136,0.03928955676088136,0.9926217036311541
N500_plus_0.01pct_phi80,500,1.2027299618659357,rms_absrho_R8,joint_powerlaw_20,15.274857911309667,0.9999364267139648,0.4,1.0,60,0.9059732452566006,0.21078687833785237,0.21078687833785237,0.984777028397395
N500_plus_0.01pct_phi80,500,1.2027299618659357,rms_positive_rho_R8,joint_powerlaw_20,15.274857911309667,0.9999364267139648,0.4,1.0,60,0.9059732452566006,0.1309741349973632,0.1309741349973632,0.9828732518736051
N500_plus_0.01pct_phi80,500,1.2027299618659357,rms_gradient_R8,joint_powerlaw_20,15.274857911309667,0.9999364267139648,0.4,1.0,60,0.9059732452566006,0.35146836015703825,0.35146836015703825,0.9939112866090838
N500_plus_0.01pct_phi80,500,1.2027299618659357,field_r50,joint_powerlaw_20,15.274857911309667,0.9999364267139648,0.4,1.0,60,0.9059732452566006,0.4943722160692917,0.4943722160692917,0.9990477841201105
N500_plus_0.01pct_phi80,500,1.2027299618659357,field_r20,joint_powerlaw_20,15.274857911309667,0.9999364267139648,0.4,1.0,60,0.9059732452566006,0.5538636362744385,0.5538636362744385,0.9986444051249463
N500_plus_0.01pct_phi80,500,1.2027299618659357,mean_r2_signed_R8,joint_powerlaw_20,15.274857911309667,0.9999364267139648,0.4,1.0,60,0.9059732452566006,0.048553026214058846,0.024276513107029423,0.9982122135930559
N500_plus_0.01pct_phi80,500,1.2027299618659357,rms_signed_R4,joint_powerlaw_20,15.274857911309667,0.9999364267139648,0.8,1.6,80,0.9059732452566006,-0.04726069243891744,-0.04726069243891744,0.6256098515715888
N500_plus_0.01pct_phi80,500,1.2027299618659357,rms_signed_R8,joint_powerlaw_20,15.274857911309667,0.9999364267139648,0.8,1.6,80,0.9059732452566006,-0.010152580661468992,-0.010152580661468992,0.2918249846851678
N500_plus_0.01pct_phi80,500,1.2027299618659357,rms_signed_R12,joint_powerlaw_20,15.274857911309667,0.9999364267139648,0.8,1.6,80,0.9059732452566006,0.010593113653366083,0.010593113653366083,0.2912857594679513
N500_plus_0.01pct_phi80,500,1.2027299618659357,rms_absrho_R8,joint_powerlaw_20,15.274857911309667,0.9999364267139648,0.8,1.6,80,0.9059732452566006,0.08431965568056297,0.08431965568056297,0.923775625162159
N500_plus_0.01pct_phi80,500,1.2027299618659357,rms_positive_rho_R8,joint_powerlaw_20,15.274857911309667,0.9999364267139648,0.8,1.6,80,0.9059732452566006,0.03978387145727349,0.03978387145727349,0.7882886185367608
N500_plus_0.01pct_phi80,500,1.2027299618659357,rms_gradient_R8,joint_powerlaw_20,15.274857911309667,0.9999364267139648,0.8,1.6,80,0.9059732452566006,0.16005091380868747,0.16005091380868747,0.9334301990255297
N500_plus_0.01pct_phi80,500,1.2027299618659357,field_r50,joint_powerlaw_20,15.274857911309667,0.9999364267139648,0.8,1.6,80,0.9059732452566006,0.5250245753528912,0.5250245753528912,0.9955787537159234
N500_plus_0.01pct_phi80,500,1.2027299618659357,field_r20,joint_powerlaw_20,15.274857911309667,0.9999364267139648,0.8,1.6,80,0.9059732452566006,0.1555309420855821,0.1555309420855821,0.7167551622930262
N500_plus_0.01pct_phi80,500,1.2027299618659357,mean_r2_signed_R8,joint_powerlaw_20,15.274857911309667,0.9999364267139648,0.8,1.6,80,0.9059732452566006,-0.020305161322937984,-0.010152580661468992,0.2918249846851684
N500_plus_0.01pct_phi80,500,1.2027299618659357,rms_signed_R4,joint_powerlaw_40,15.272486298259057,0.9995670780008564,0.1,0.3,20,0.8529825110680977,-0.07436267425447182,-0.07436267425447182,0.9640475659559916
N500_plus_0.01pct_phi80,500,1.2027299618659357,rms_signed_R8,joint_powerlaw_40,15.272486298259057,0.9995670780008564,0.1,0.3,20,0.8529825110680977,-0.02936600346645629,-0.02936600346645629,0.9089530614391205
N500_plus_0.01pct_phi80,500,1.2027299618659357,rms_signed_R12,joint_powerlaw_40,15.272486298259057,0.9995670780008564,0.1,0.3,20,0.8529825110680977,-0.02098566036751949,-0.02098566036751949,0.9178833735170748
N500_plus_0.01pct_phi80,500,1.2027299618659357,rms_absrho_R8,joint_powerlaw_40,15.272486298259057,0.9995670780008564,0.1,0.3,20,0.8529825110680977,0.4652438576782214,0.4652438576782214,0.998519178721213
N500_plus_0.01pct_phi80,500,1.2027299618659357,rms_positive_rho_R8,joint_powerlaw_40,15.272486298259057,0.9995670780008564,0.1,0.3,20,0.8529825110680977,0.35057790427245256,0.35057790427245256,0.9952707411196399
N500_plus_0.01pct_phi80,500,1.2027299618659357,rms_gradient_R8,joint_powerlaw_40,15.272486298259057,0.9995670780008564,0.1,0.3,20,0.8529825110680977,0.45646518185806634,0.45646518185806634,0.9999950375519316
N500_plus_0.01pct_phi80,500,1.2027299618659357,field_r50,joint_powerlaw_40,15.272486298259057,0.9995670780008564,0.1,0.3,20,0.8529825110680977,0.4419626640968832,0.4419626640968832,0.9999972752033974
N500_plus_0.01pct_phi80,500,1.2027299618659357,field_r20,joint_powerlaw_40,15.272486298259057,0.9995670780008564,0.1,0.3,20,0.8529825110680977,0.4249894675897516,0.4249894675897516,0.9999851012874695
N500_plus_0.01pct_phi80,500,1.2027299618659357,mean_r2_signed_R8,joint_powerlaw_40,15.272486298259057,0.9995670780008564,0.1,0.3,20,0.8529825110680977,-0.058732006932912376,-0.029366003466456188,0.9089530614391189
N500_plus_0.01pct_phi80,500,1.2027299618659357,rms_signed_R4,joint_powerlaw_40,15.272486298259057,0.9995670780008564,0.2,0.6,40,0.8529825110680977,-0.0005926976225055203,-0.0005926976225055203,0.0015836741863740622
N500_plus_0.01pct_phi80,500,1.2027299618659357,rms_signed_R8,joint_powerlaw_40,15.272486298259057,0.9995670780008564,0.2,0.6,40,0.8529825110680977,0.010548787823841865,0.010548787823841865,0.7263046325477556
N500_plus_0.01pct_phi80,500,1.2027299618659357,rms_signed_R12,joint_powerlaw_40,15.272486298259057,0.9995670780008564,0.2,0.6,40,0.8529825110680977,0.012932136489121131,0.012932136489121131,0.7508136785331907
N500_plus_0.01pct_phi80,500,1.2027299618659357,rms_absrho_R8,joint_powerlaw_40,15.272486298259057,0.9995670780008564,0.2,0.6,40,0.8529825110680977,0.3423769062663823,0.3423769062663823,0.9918717010252991
N500_plus_0.01pct_phi80,500,1.2027299618659357,rms_positive_rho_R8,joint_powerlaw_40,15.272486298259057,0.9995670780008564,0.2,0.6,40,0.8529825110680977,0.22623217067775084,0.22623217067775084,0.9876305063624116
N500_plus_0.01pct_phi80,500,1.2027299618659357,rms_gradient_R8,joint_powerlaw_40,15.272486298259057,0.9995670780008564,0.2,0.6,40,0.8529825110680977,0.4360486812238357,0.4360486812238357,0.9993830233499861
N500_plus_0.01pct_phi80,500,1.2027299618659357,field_r50,joint_powerlaw_40,15.272486298259057,0.9995670780008564,0.2,0.6,40,0.8529825110680977,0.4481989392566974,0.4481989392566974,0.9998957022839471
N500_plus_0.01pct_phi80,500,1.2027299618659357,field_r20,joint_powerlaw_40,15.272486298259057,0.9995670780008564,0.2,0.6,40,0.8529825110680977,0.4655527229389329,0.4655527229389329,0.9984854892064524
N500_plus_0.01pct_phi80,500,1.2027299618659357,mean_r2_signed_R8,joint_powerlaw_40,15.272486298259057,0.9995670780008564,0.2,0.6,40,0.8529825110680977,0.02109757564768427,0.010548787823842136,0.7263046325477507
N500_plus_0.01pct_phi80,500,1.2027299618659357,rms_signed_R4,joint_powerlaw_40,15.272486298259057,0.9995670780008564,0.4,1.0,60,0.8529825110680977,0.04080487229059988,0.04080487229059988,0.9926346870763554
N500_plus_0.01pct_phi80,500,1.2027299618659357,rms_signed_R8,joint_powerlaw_40,15.272486298259057,0.9995670780008564,0.4,1.0,60,0.8529825110680977,0.024186213850549955,0.024186213850549955,0.998222329809236
N500_plus_0.01pct_phi80,500,1.2027299618659357,rms_signed_R12,joint_powerlaw_40,15.272486298259057,0.9995670780008564,0.4,1.0,60,0.8529825110680977,0.03914176692364689,0.03914176692364689,0.9925481895863273
N500_plus_0.01pct_phi80,500,1.2027299618659357,rms_absrho_R8,joint_powerlaw_40,15.272486298259057,0.9995670780008564,0.4,1.0,60,0.8529825110680977,0.21001338737355124,0.21001338737355124,0.9848860027064209
N500_plus_0.01pct_phi80,500,1.2027299618659357,rms_positive_rho_R8,joint_powerlaw_40,15.272486298259057,0.9995670780008564,0.4,1.0,60,0.8529825110680977,0.13049396873353247,0.13049396873353247,0.9829887741805916
N500_plus_0.01pct_phi80,500,1.2027299618659357,rms_gradient_R8,joint_powerlaw_40,15.272486298259057,0.9995670780008564,0.4,1.0,60,0.8529825110680977,0.35017125313648756,0.35017125313648756,0.9939793760711944
N500_plus_0.01pct_phi80,500,1.2027299618659357,field_r50,joint_powerlaw_40,15.272486298259057,0.9995670780008564,0.4,1.0,60,0.8529825110680977,0.4925241519912791,0.4925241519912791,0.9990206258476768
N500_plus_0.01pct_phi80,500,1.2027299618659357,field_r20,joint_powerlaw_40,15.272486298259057,0.9995670780008564,0.4,1.0,60,0.8529825110680977,0.5517994199385302,0.5517994199385302,0.9986398394726146
N500_plus_0.01pct_phi80,500,1.2027299618659357,mean_r2_signed_R8,joint_powerlaw_40,15.272486298259057,0.9995670780008564,0.4,1.0,60,0.8529825110680977,0.04837242770109991,0.024186213850549955,0.9982223298092363
N500_plus_0.01pct_phi80,500,1.2027299618659357,rms_signed_R4,joint_powerlaw_40,15.272486298259057,0.9995670780008564,0.8,1.6,80,0.8529825110680977,-0.04715531666131555,-0.04715531666131555,0.6254324063512202
N500_plus_0.01pct_phi80,500,1.2027299618659357,rms_signed_R8,joint_powerlaw_40,15.272486298259057,0.9995670780008564,0.8,1.6,80,0.8529825110680977,-0.010128564926504333,-0.010128564926504333,0.29166279791513283
N500_plus_0.01pct_phi80,500,1.2027299618659357,rms_signed_R12,joint_powerlaw_40,15.272486298259057,0.9995670780008564,0.8,1.6,80,0.8529825110680977,0.010573965759128117,0.010573965759128117,0.2914495704820953
N500_plus_0.01pct_phi80,500,1.2027299618659357,rms_absrho_R8,joint_powerlaw_40,15.272486298259057,0.9995670780008564,0.8,1.6,80,0.8529825110680977,0.084148059936894,0.084148059936894,0.9238738949512137
N500_plus_0.01pct_phi80,500,1.2027299618659357,rms_positive_rho_R8,joint_powerlaw_40,15.272486298259057,0.9995670780008564,0.8,1.6,80,0.8529825110680977,0.03970457114925119,0.03970457114925119,0.7884384944904288
N500_plus_0.01pct_phi80,500,1.2027299618659357,rms_gradient_R8,joint_powerlaw_40,15.272486298259057,0.9995670780008564,0.8,1.6,80,0.8529825110680977,0.15972464720422552,0.15972464720422552,0.9335230312681466
N500_plus_0.01pct_phi80,500,1.2027299618659357,field_r50,joint_powerlaw_40,15.272486298259057,0.9995670780008564,0.8,1.6,80,0.8529825110680977,0.523933218109797,0.523933218109797,0.9955976306264076
N500_plus_0.01pct_phi80,500,1.2027299618659357,field_r20,joint_powerlaw_40,15.272486298259057,0.9995670780008564,0.8,1.6,80,0.8529825110680977,0.15522452966161845,0.15522452966161845,0.7169247279636258
N500_plus_0.01pct_phi80,500,1.2027299618659357,mean_r2_signed_R8,joint_powerlaw_40,15.272486298259057,0.9995670780008564,0.8,1.6,80,0.8529825110680977,-0.020257129853010192,-0.010128564926505096,0.29166279791513006
N500_plus_0.01pct_phi80,500,1.2027299618659357,rms_signed_R4,joint_powerlaw_80,15.271729153052808,0.9993491182215183,0.1,0.3,20,0.8373268250918118,-0.07404487791158569,-0.07404487791158569,0.9642833213089673
N500_plus_0.01pct_phi80,500,1.2027299618659357,rms_signed_R8,joint_powerlaw_80,15.271729153052808,0.9993491182215183,0.1,0.3,20,0.8373268250918118,-0.02924281536184103,-0.02924281536184103,0.9093190272539633
N500_plus_0.01pct_phi80,500,1.2027299618659357,rms_signed_R12,joint_powerlaw_80,15.271729153052808,0.9993491182215183,0.1,0.3,20,0.8373268250918118,-0.020897382827022123,-0.020897382827022123,0.9182314635074695
N500_plus_0.01pct_phi80,500,1.2027299618659357,rms_absrho_R8,joint_powerlaw_80,15.271729153052808,0.9993491182215183,0.1,0.3,20,0.8373268250918118,0.4632100173596671,0.4632100173596671,0.9985668614486868
N500_plus_0.01pct_phi80,500,1.2027299618659357,rms_positive_rho_R8,joint_powerlaw_80,15.271729153052808,0.9993491182215183,0.1,0.3,20,0.8373268250918118,0.3490521763983816,0.3490521763983816,0.9953572989082584
N500_plus_0.01pct_phi80,500,1.2027299618659357,rms_gradient_R8,joint_powerlaw_80,15.271729153052808,0.9993491182215183,0.1,0.3,20,0.8373268250918118,0.4544582500138589,0.4544582500138589,0.9999923215696334
N500_plus_0.01pct_phi80,500,1.2027299618659357,field_r50,joint_powerlaw_80,15.271729153052808,0.9993491182215183,0.1,0.3,20,0.8373268250918118,0.44002046363381536,0.44002046363381536,0.9999989609790471
N500_plus_0.01pct_phi80,500,1.2027299618659357,field_r20,joint_powerlaw_80,15.271729153052808,0.9993491182215183,0.1,0.3,20,0.8373268250918118,0.4231205614482313,0.4231205614482313,0.9999806696560422
N500_plus_0.01pct_phi80,500,1.2027299618659357,mean_r2_signed_R8,joint_powerlaw_80,15.271729153052808,0.9993491182215183,0.1,0.3,20,0.8373268250918118,-0.05848563072368206,-0.02924281536184103,0.909319027253962
N500_plus_0.01pct_phi80,500,1.2027299618659357,rms_signed_R4,joint_powerlaw_80,15.271729153052808,0.9993491182215183,0.2,0.6,40,0.8373268250918118,-0.0005960916613282792,-0.0005960916613282792,0.0016088741336294232
N500_plus_0.01pct_phi80,500,1.2027299618659357,rms_signed_R8,joint_powerlaw_80,15.271729153052808,0.9993491182215183,0.2,0.6,40,0.8373268250918118,0.010523737443897231,0.010523737443897231,0.7260227297926585
N500_plus_0.01pct_phi80,500,1.2027299618659357,rms_signed_R12,joint_powerlaw_80,15.271729153052808,0.9993491182215183,0.2,0.6,40,0.8373268250918118,0.012901591399672318,0.012901591399672318,0.750541468301883
N500_plus_0.01pct_phi80,500,1.2027299618659357,rms_absrho_R8,joint_powerlaw_80,15.271729153052808,0.9993491182215183,0.2,0.6,40,0.8373268250918118,0.34163984507038847,0.34163984507038847,0.9919279192557889
N500_plus_0.01pct_phi80,500,1.2027299618659357,rms_positive_rho_R8,joint_powerlaw_80,15.271729153052808,0.9993491182215183,0.2,0.6,40,0.8373268250918118,0.22574670164321517,0.22574670164321517,0.9877001211685627
N500_plus_0.01pct_phi80,500,1.2027299618659357,rms_gradient_R8,joint_powerlaw_80,15.271729153052808,0.9993491182215183,0.2,0.6,40,0.8373268250918118,0.4351008491736142,0.4351008491736142,0.999397787374349
N500_plus_0.01pct_phi80,500,1.2027299618659357,field_r50,joint_powerlaw_80,15.271729153052808,0.9993491182215183,0.2,0.6,40,0.8373268250918118,0.447220043159347,0.447220043159347,0.9998896665133034
N500_plus_0.01pct_phi80,500,1.2027299618659357,field_r20,joint_powerlaw_80,15.271729153052808,0.9993491182215183,0.2,0.6,40,0.8373268250918118,0.46453186438668015,0.46453186438668015,0.9984620060212737
N500_plus_0.01pct_phi80,500,1.2027299618659357,mean_r2_signed_R8,joint_powerlaw_80,15.271729153052808,0.9993491182215183,0.2,0.6,40,0.8373268250918118,0.021047474887794463,0.010523737443897231,0.7260227297926556
N500_plus_0.01pct_phi80,500,1.2027299618659357,rms_signed_R4,joint_powerlaw_80,15.271729153052808,0.9993491182215183,0.4,1.0,60,0.8373268250918118,0.040755905676418715,0.040755905676418715,0.9926224277981879
N500_plus_0.01pct_phi80,500,1.2027299618659357,rms_signed_R8,joint_powerlaw_80,15.271729153052808,0.9993491182215183,0.4,1.0,60,0.8373268250918118,0.02415737727307882,0.02415737727307882,0.9982254834079827
N500_plus_0.01pct_phi80,500,1.2027299618659357,rms_signed_R12,joint_powerlaw_80,15.271729153052808,0.9993491182215183,0.4,1.0,60,0.8373268250918118,0.03909457105863281,0.03909457105863281,0.9925245064066797
N500_plus_0.01pct_phi80,500,1.2027299618659357,rms_absrho_R8,joint_powerlaw_80,15.271729153052808,0.9993491182215183,0.4,1.0,60,0.8373268250918118,0.20976637840939416,0.20976637840939416,0.9849208955652813
N500_plus_0.01pct_phi80,500,1.2027299618659357,rms_positive_rho_R8,joint_powerlaw_80,15.271729153052808,0.9993491182215183,0.4,1.0,60,0.8373268250918118,0.13034063099779475,0.13034063099779475,0.9830257690975862
N500_plus_0.01pct_phi80,500,1.2027299618659357,rms_gradient_R8,joint_powerlaw_80,15.271729153052808,0.9993491182215183,0.4,1.0,60,0.8373268250918118,0.34975703043914347,0.34975703043914347,0.9940011433141414
N500_plus_0.01pct_phi80,500,1.2027299618659357,field_r50,joint_powerlaw_80,15.271729153052808,0.9993491182215183,0.4,1.0,60,0.8373268250918118,0.49193398496903273,0.49193398496903273,0.9990118262314356
N500_plus_0.01pct_phi80,500,1.2027299618659357,field_r20,joint_powerlaw_80,15.271729153052808,0.9993491182215183,0.4,1.0,60,0.8373268250918118,0.5511402240788762,0.5511402240788762,0.9986382828317845
N500_plus_0.01pct_phi80,500,1.2027299618659357,mean_r2_signed_R8,joint_powerlaw_80,15.271729153052808,0.9993491182215183,0.4,1.0,60,0.8373268250918118,0.04831475454615764,0.02415737727307882,0.9982254834079829
N500_plus_0.01pct_phi80,500,1.2027299618659357,rms_signed_R4,joint_powerlaw_80,15.271729153052808,0.9993491182215183,0.8,1.6,80,0.8373268250918118,-0.04712167216848385,-0.04712167216848385,0.6253755929134961
N500_plus_0.01pct_phi80,500,1.2027299618659357,rms_signed_R8,joint_powerlaw_80,15.271729153052808,0.9993491182215183,0.8,1.6,80,0.8373268250918118,-0.010120897199644955,-0.010120897199644955,0.29161088028367277
N500_plus_0.01pct_phi80,500,1.2027299618659357,rms_signed_R12,joint_powerlaw_80,15.271729153052808,0.9993491182215183,0.8,1.6,80,0.8373268250918118,0.010567852127719017,0.010567852127719017,0.29150201911622176
N500_plus_0.01pct_phi80,500,1.2027299618659357,rms_absrho_R8,joint_powerlaw_80,15.271729153052808,0.9993491182215183,0.8,1.6,80,0.8373268250918118,0.08409327250118415,0.08409327250118415,0.923905344041627
N500_plus_0.01pct_phi80,500,1.2027299618659357,rms_positive_rho_R8,joint_powerlaw_80,15.271729153052808,0.9993491182215183,0.8,1.6,80,0.8373268250918118,0.03967925195781262,0.03967925195781262,0.788486468896519
N500_plus_0.01pct_phi80,500,1.2027299618659357,rms_gradient_R8,joint_powerlaw_80,15.271729153052808,0.9993491182215183,0.8,1.6,80,0.8373268250918118,0.15962047617200914,0.15962047617200914,0.9335527395039693
N500_plus_0.01pct_phi80,500,1.2027299618659357,field_r50,joint_powerlaw_80,15.271729153052808,0.9993491182215183,0.8,1.6,80,0.8373268250918118,0.5235847671816559,0.5235847671816559,0.9956036580892814
N500_plus_0.01pct_phi80,500,1.2027299618659357,field_r20,joint_powerlaw_80,15.271729153052808,0.9993491182215183,0.8,1.6,80,0.8373268250918118,0.155126698008979,0.155126698008979,0.7169790128090849
N500_plus_0.01pct_phi80,500,1.2027299618659357,mean_r2_signed_R8,joint_powerlaw_80,15.271729153052808,0.9993491182215183,0.8,1.6,80,0.8373268250918118,-0.020241794399289015,-0.010120897199644508,0.2916108802836723
N1000_plus_0.01pct_phi80,1000,1.2027299618659357,rms_signed_R4,field_2_4,15.687779705617219,0.9969359893148398,0.1,0.3,0,1.0,nan,nan,nan
N1000_plus_0.01pct_phi80,1000,1.2027299618659357,rms_signed_R8,field_2_4,15.687779705617219,0.9969359893148398,0.1,0.3,0,1.0,nan,nan,nan
N1000_plus_0.01pct_phi80,1000,1.2027299618659357,rms_signed_R12,field_2_4,15.687779705617219,0.9969359893148398,0.1,0.3,0,1.0,nan,nan,nan
N1000_plus_0.01pct_phi80,1000,1.2027299618659357,rms_absrho_R8,field_2_4,15.687779705617219,0.9969359893148398,0.1,0.3,0,1.0,nan,nan,nan
N1000_plus_0.01pct_phi80,1000,1.2027299618659357,rms_positive_rho_R8,field_2_4,15.687779705617219,0.9969359893148398,0.1,0.3,0,1.0,nan,nan,nan
N1000_plus_0.01pct_phi80,1000,1.2027299618659357,rms_gradient_R8,field_2_4,15.687779705617219,0.9969359893148398,0.1,0.3,0,1.0,nan,nan,nan
N1000_plus_0.01pct_phi80,1000,1.2027299618659357,field_r50,field_2_4,15.687779705617219,0.9969359893148398,0.1,0.3,0,1.0,nan,nan,nan
N1000_plus_0.01pct_phi80,1000,1.2027299618659357,field_r20,field_2_4,15.687779705617219,0.9969359893148398,0.1,0.3,0,1.0,nan,nan,nan
N1000_plus_0.01pct_phi80,1000,1.2027299618659357,mean_r2_signed_R8,field_2_4,15.687779705617219,0.9969359893148398,0.1,0.3,0,1.0,nan,nan,nan
N1000_plus_0.01pct_phi80,1000,1.2027299618659357,rms_signed_R4,field_2_4,15.687779705617219,0.9969359893148398,0.2,0.6,20,1.0,-0.7994472738802454,-0.7994472738802454,0.8117657363320665
N1000_plus_0.01pct_phi80,1000,1.2027299618659357,rms_signed_R8,field_2_4,15.687779705617219,0.9969359893148398,0.2,0.6,20,1.0,-0.4179558870249631,-0.4179558870249631,0.6329915965745919
N1000_plus_0.01pct_phi80,1000,1.2027299618659357,rms_signed_R12,field_2_4,15.687779705617219,0.9969359893148398,0.2,0.6,20,1.0,-0.2379895241354843,-0.2379895241354843,0.3939496310064987
N1000_plus_0.01pct_phi80,1000,1.2027299618659357,rms_absrho_R8,field_2_4,15.687779705617219,0.9969359893148398,0.2,0.6,20,1.0,3.37669837103953,3.37669837103953,0.919738687153324
N1000_plus_0.01pct_phi80,1000,1.2027299618659357,rms_positive_rho_R8,field_2_4,15.687779705617219,0.9969359893148398,0.2,0.6,20,1.0,2.9978479735514476,2.9978479735514476,0.8963931506986762
N1000_plus_0.01pct_phi80,1000,1.2027299618659357,rms_gradient_R8,field_2_4,15.687779705617219,0.9969359893148398,0.2,0.6,20,1.0,2.8932216355692075,2.8932216355692075,0.9298021235906228
N1000_plus_0.01pct_phi80,1000,1.2027299618659357,field_r50,field_2_4,15.687779705617219,0.9969359893148398,0.2,0.6,20,1.0,2.902732558722388,2.902732558722388,0.9239594842020367
N1000_plus_0.01pct_phi80,1000,1.2027299618659357,field_r20,field_2_4,15.687779705617219,0.9969359893148398,0.2,0.6,20,1.0,2.7954737989405154,2.7954737989405154,0.9210536499720718
N1000_plus_0.01pct_phi80,1000,1.2027299618659357,mean_r2_signed_R8,field_2_4,15.687779705617219,0.9969359893148398,0.2,0.6,20,1.0,-0.8359117740499257,-0.41795588702496284,0.6329915965745916
N1000_plus_0.01pct_phi80,1000,1.2027299618659357,rms_signed_R4,field_2_4,15.687779705617219,0.9969359893148398,0.4,1.0,60,1.0,-0.2300452404516303,-0.2300452404516303,0.5496100097604895
N1000_plus_0.01pct_phi80,1000,1.2027299618659357,rms_signed_R8,field_2_4,15.687779705617219,0.9969359893148398,0.4,1.0,60,1.0,-0.0993915834941859,-0.0993915834941859,0.37093101949832863
N1000_plus_0.01pct_phi80,1000,1.2027299618659357,rms_signed_R12,field_2_4,15.687779705617219,0.9969359893148398,0.4,1.0,60,1.0,-0.05495843071963929,-0.05495843071963929,0.2406848289295218
N1000_plus_0.01pct_phi80,1000,1.2027299618659357,rms_absrho_R8,field_2_4,15.687779705617219,0.9969359893148398,0.4,1.0,60,1.0,1.4836072731341563,1.4836072731341563,0.8357537526271118
N1000_plus_0.01pct_phi80,1000,1.2027299618659357,rms_positive_rho_R8,field_2_4,15.687779705617219,0.9969359893148398,0.4,1.0,60,1.0,1.1723711404637769,1.1723711404637769,0.7767944309840089
N1000_plus_0.01pct_phi80,1000,1.2027299618659357,rms_gradient_R8,field_2_4,15.687779705617219,0.9969359893148398,0.4,1.0,60,1.0,1.4810887409059033,1.4810887409059033,0.9002730240414711
N1000_plus_0.01pct_phi80,1000,1.2027299618659357,field_r50,field_2_4,15.687779705617219,0.9969359893148398,0.4,1.0,60,1.0,1.4774043976071403,1.4774043976071403,0.900532174685391
N1000_plus_0.01pct_phi80,1000,1.2027299618659357,field_r20,field_2_4,15.687779705617219,0.9969359893148398,0.4,1.0,60,1.0,1.4553471981143764,1.4553471981143764,0.9096554668284184
N1000_plus_0.01pct_phi80,1000,1.2027299618659357,mean_r2_signed_R8,field_2_4,15.687779705617219,0.9969359893148398,0.4,1.0,60,1.0,-0.1987831669883718,-0.0993915834941859,0.37093101949832863
N1000_plus_0.01pct_phi80,1000,1.2027299618659357,rms_signed_R4,field_2_4,15.687779705617219,0.9969359893148398,0.8,1.6,80,1.0,0.05923451344459944,0.05923451344459944,0.9477457345412631
N1000_plus_0.01pct_phi80,1000,1.2027299618659357,rms_signed_R8,field_2_4,15.687779705617219,0.9969359893148398,0.8,1.6,80,1.0,0.036416365284756766,0.036416365284756766,0.974391856902414
N1000_plus_0.01pct_phi80,1000,1.2027299618659357,rms_signed_R12,field_2_4,15.687779705617219,0.9969359893148398,0.8,1.6,80,1.0,0.06066159461510729,0.06066159461510729,0.9951729486004949
N1000_plus_0.01pct_phi80,1000,1.2027299618659357,rms_absrho_R8,field_2_4,15.687779705617219,0.9969359893148398,0.8,1.6,80,1.0,0.2918029608462732,0.2918029608462732,0.9570550294793091
N1000_plus_0.01pct_phi80,1000,1.2027299618659357,rms_positive_rho_R8,field_2_4,15.687779705617219,0.9969359893148398,0.8,1.6,80,1.0,0.1805176572266128,0.1805176572266128,0.952251817045615
N1000_plus_0.01pct_phi80,1000,1.2027299618659357,rms_gradient_R8,field_2_4,15.687779705617219,0.9969359893148398,0.8,1.6,80,1.0,0.50278490669509,0.50278490669509,0.9732846426326561
N1000_plus_0.01pct_phi80,1000,1.2027299618659357,field_r50,field_2_4,15.687779705617219,0.9969359893148398,0.8,1.6,80,1.0,0.7947804014463764,0.7947804014463764,0.9998592210996984
N1000_plus_0.01pct_phi80,1000,1.2027299618659357,field_r20,field_2_4,15.687779705617219,0.9969359893148398,0.8,1.6,80,1.0,0.7952893307136298,0.7952893307136298,0.9791654705155761
N1000_plus_0.01pct_phi80,1000,1.2027299618659357,mean_r2_signed_R8,field_2_4,15.687779705617219,0.9969359893148398,0.8,1.6,80,1.0,0.07283273056951353,0.036416365284756766,0.9743918569024141
N1000_plus_0.01pct_phi80,1000,1.2027299618659357,rms_signed_R4,field_4_8,15.383482903983982,0.9974438910658491,0.1,0.3,20,1.0,-0.3066072265352245,-0.3066072265352245,0.8416415659548006
N1000_plus_0.01pct_phi80,1000,1.2027299618659357,rms_signed_R8,field_4_8,15.383482903983982,0.9974438910658491,0.1,0.3,20,1.0,-0.16013500183490387,-0.16013500183490387,0.654969274340875
N1000_plus_0.01pct_phi80,1000,1.2027299618659357,rms_signed_R12,field_4_8,15.383482903983982,0.9974438910658491,0.1,0.3,20,1.0,-0.08998306562085961,-0.08998306562085961,0.3969702169632654
N1000_plus_0.01pct_phi80,1000,1.2027299618659357,rms_absrho_R8,field_4_8,15.383482903983982,0.9974438910658491,0.1,0.3,20,1.0,1.2976427429289894,1.2976427429289894,0.9574178948249168
N1000_plus_0.01pct_phi80,1000,1.2027299618659357,rms_positive_rho_R8,field_4_8,15.383482903983982,0.9974438910658491,0.1,0.3,20,1.0,1.1560324233333592,1.1560324233333592,0.9395733432243343
N1000_plus_0.01pct_phi80,1000,1.2027299618659357,rms_gradient_R8,field_4_8,15.383482903983982,0.9974438910658491,0.1,0.3,20,1.0,1.1098965252830661,1.1098965252830661,0.964502698268098
N1000_plus_0.01pct_phi80,1000,1.2027299618659357,field_r50,field_4_8,15.383482903983982,0.9974438910658491,0.1,0.3,20,1.0,1.1146087066241177,1.1146087066241177,0.9602737992874145
N1000_plus_0.01pct_phi80,1000,1.2027299618659357,field_r20,field_4_8,15.383482903983982,0.9974438910658491,0.1,0.3,20,1.0,1.0738815852726966,1.0738815852726966,0.9580721237985195
N1000_plus_0.01pct_phi80,1000,1.2027299618659357,mean_r2_signed_R8,field_4_8,15.383482903983982,0.9974438910658491,0.1,0.3,20,1.0,-0.32027000366980773,-0.16013500183490387,0.6549692743408748
N1000_plus_0.01pct_phi80,1000,1.2027299618659357,rms_signed_R4,field_4_8,15.383482903983982,0.9974438910658491,0.2,0.6,40,1.0,-0.054143003655708684,-0.054143003655708684,0.7082205626520202
N1000_plus_0.01pct_phi80,1000,1.2027299618659357,rms_signed_R8,field_4_8,15.383482903983982,0.9974438910658491,0.2,0.6,40,1.0,-0.012164188024084383,-0.012164188024084383,0.30520892661863397
N1000_plus_0.01pct_phi80,1000,1.2027299618659357,rms_signed_R12,field_4_8,15.383482903983982,0.9974438910658491,0.2,0.6,40,1.0,-0.0068862393688178085,-0.0068862393688178085,0.1863109222974486
N1000_plus_0.01pct_phi80,1000,1.2027299618659357,rms_absrho_R8,field_4_8,15.383482903983982,0.9974438910658491,0.2,0.6,40,1.0,0.5804773074948353,0.5804773074948353,0.9789805063766982
N1000_plus_0.01pct_phi80,1000,1.2027299618659357,rms_positive_rho_R8,field_4_8,15.383482903983982,0.9974438910658491,0.2,0.6,40,1.0,0.4129626550378964,0.4129626550378964,0.9659196807197074
N1000_plus_0.01pct_phi80,1000,1.2027299618659357,rms_gradient_R8,field_4_8,15.383482903983982,0.9974438910658491,0.2,0.6,40,1.0,0.6365116489334394,0.6365116489334394,0.995098847383766
N1000_plus_0.01pct_phi80,1000,1.2027299618659357,field_r50,field_4_8,15.383482903983982,0.9974438910658491,0.2,0.6,40,1.0,0.6245365109248651,0.6245365109248651,0.996547793259084
N1000_plus_0.01pct_phi80,1000,1.2027299618659357,field_r20,field_4_8,15.383482903983982,0.9974438910658491,0.2,0.6,40,1.0,0.6171278745563159,0.6171278745563159,0.9983015801612973
N1000_plus_0.01pct_phi80,1000,1.2027299618659357,mean_r2_signed_R8,field_4_8,15.383482903983982,0.9974438910658491,0.2,0.6,40,1.0,-0.024328376048168766,-0.012164188024084383,0.3052089266186331
N1000_plus_0.01pct_phi80,1000,1.2027299618659357,rms_signed_R4,field_4_8,15.383482903983982,0.9974438910658491,0.4,1.0,60,1.0,0.042626134154080605,0.042626134154080605,0.9490736080506343
N1000_plus_0.01pct_phi80,1000,1.2027299618659357,rms_signed_R8,field_4_8,15.383482903983982,0.9974438910658491,0.4,1.0,60,1.0,0.02843490966955876,0.02843490966955876,0.9932262749421173
N1000_plus_0.01pct_phi80,1000,1.2027299618659357,rms_signed_R12,field_4_8,15.383482903983982,0.9974438910658491,0.4,1.0,60,1.0,0.03883509917582215,0.03883509917582215,0.9748936311671016
N1000_plus_0.01pct_phi80,1000,1.2027299618659357,rms_absrho_R8,field_4_8,15.383482903983982,0.9974438910658491,0.4,1.0,60,1.0,0.29682539096978855,0.29682539096978855,0.9778457955110756
N1000_plus_0.01pct_phi80,1000,1.2027299618659357,rms_positive_rho_R8,field_4_8,15.383482903983982,0.9974438910658491,0.4,1.0,60,1.0,0.1878287712722861,0.1878287712722861,0.974756433255569
N1000_plus_0.01pct_phi80,1000,1.2027299618659357,rms_gradient_R8,field_4_8,15.383482903983982,0.9974438910658491,0.4,1.0,60,1.0,0.4582819057038936,0.4582819057038936,0.9928407726206355
N1000_plus_0.01pct_phi80,1000,1.2027299618659357,field_r50,field_4_8,15.383482903983982,0.9974438910658491,0.4,1.0,60,1.0,0.5619672199619501,0.5619672199619501,0.9999217218977355
N1000_plus_0.01pct_phi80,1000,1.2027299618659357,field_r20,field_4_8,15.383482903983982,0.9974438910658491,0.4,1.0,60,1.0,0.6359234132503707,0.6359234132503707,0.9989780948774123
N1000_plus_0.01pct_phi80,1000,1.2027299618659357,mean_r2_signed_R8,field_4_8,15.383482903983982,0.9974438910658491,0.4,1.0,60,1.0,0.05686981933911752,0.02843490966955876,0.9932262749421175
N1000_plus_0.01pct_phi80,1000,1.2027299618659357,rms_signed_R4,field_4_8,15.383482903983982,0.9974438910658491,0.8,1.6,80,1.0,-0.012013598810835358,-0.012013598810835358,0.12133827869631975
N1000_plus_0.01pct_phi80,1000,1.2027299618659357,rms_signed_R8,field_4_8,15.383482903983982,0.9974438910658491,0.8,1.6,80,1.0,0.005510534541893152,0.005510534541893152,0.16780817629708145
N1000_plus_0.01pct_phi80,1000,1.2027299618659357,rms_signed_R12,field_4_8,15.383482903983982,0.9974438910658491,0.8,1.6,80,1.0,0.026095528295749043,0.026095528295749043,0.7853830627394798
N1000_plus_0.01pct_phi80,1000,1.2027299618659357,rms_absrho_R8,field_4_8,15.383482903983982,0.9974438910658491,0.8,1.6,80,1.0,0.11989980157783062,0.11989980157783062,0.9564372601264948
N1000_plus_0.01pct_phi80,1000,1.2027299618659357,rms_positive_rho_R8,field_4_8,15.383482903983982,0.9974438910658491,0.8,1.6,80,1.0,0.06661184648033656,0.06661184648033656,0.9180703846444026
N1000_plus_0.01pct_phi80,1000,1.2027299618659357,rms_gradient_R8,field_4_8,15.383482903983982,0.9974438910658491,0.8,1.6,80,1.0,0.22505898916048603,0.22505898916048603,0.9587104539681445
N1000_plus_0.01pct_phi80,1000,1.2027299618659357,field_r50,field_4_8,15.383482903983982,0.9974438910658491,0.8,1.6,80,1.0,0.597184806992031,0.597184806992031,0.9993004779106748
N1000_plus_0.01pct_phi80,1000,1.2027299618659357,field_r20,field_4_8,15.383482903983982,0.9974438910658491,0.8,1.6,80,1.0,0.29673903226303694,0.29673903226303694,0.8438554256822794
N1000_plus_0.01pct_phi80,1000,1.2027299618659357,mean_r2_signed_R8,field_4_8,15.383482903983982,0.9974438910658491,0.8,1.6,80,1.0,0.011021069083786304,0.005510534541893152,0.16780817629708078
N1000_plus_0.01pct_phi80,1000,1.2027299618659357,rms_signed_R4,field_8_12,15.309575240187483,0.9997906422958197,0.1,0.3,20,1.0,-0.09806758090589743,-0.09806758090589743,0.9594803075061433
N1000_plus_0.01pct_phi80,1000,1.2027299618659357,rms_signed_R8,field_8_12,15.309575240187483,0.9997906422958197,0.1,0.3,20,1.0,-0.041686255917382314,-0.041686255917382314,0.9104847923821796
N1000_plus_0.01pct_phi80,1000,1.2027299618659357,rms_signed_R12,field_8_12,15.309575240187483,0.9997906422958197,0.1,0.3,20,1.0,-0.02922810707313761,-0.02922810707313761,0.922245659805011
N1000_plus_0.01pct_phi80,1000,1.2027299618659357,rms_absrho_R8,field_8_12,15.309575240187483,0.9997906422958197,0.1,0.3,20,1.0,0.5554914923776961,0.5554914923776961,0.9966137156823499
N1000_plus_0.01pct_phi80,1000,1.2027299618659357,rms_positive_rho_R8,field_8_12,15.309575240187483,0.9997906422958197,0.1,0.3,20,1.0,0.4290722028976524,0.4290722028976524,0.9916583326164008
N1000_plus_0.01pct_phi80,1000,1.2027299618659357,rms_gradient_R8,field_8_12,15.309575240187483,0.9997906422958197,0.1,0.3,20,1.0,0.529395829322947,0.529395829322947,0.9996481727306007
N1000_plus_0.01pct_phi80,1000,1.2027299618659357,field_r50,field_8_12,15.309575240187483,0.9997906422958197,0.1,0.3,20,1.0,0.5136892964596621,0.5136892964596621,0.999398147086279
N1000_plus_0.01pct_phi80,1000,1.2027299618659357,field_r20,field_8_12,15.309575240187483,0.9997906422958197,0.1,0.3,20,1.0,0.4921027805238746,0.4921027805238746,0.9995403994675537
N1000_plus_0.01pct_phi80,1000,1.2027299618659357,mean_r2_signed_R8,field_8_12,15.309575240187483,0.9997906422958197,0.1,0.3,20,1.0,-0.08337251183476463,-0.041686255917382314,0.9104847923821798
N1000_plus_0.01pct_phi80,1000,1.2027299618659357,rms_signed_R4,field_8_12,15.309575240187483,0.9997906422958197,0.2,0.6,40,1.0,-0.005204587026284358,-0.005204587026284358,0.08167921982645299
N1000_plus_0.01pct_phi80,1000,1.2027299618659357,rms_signed_R8,field_8_12,15.309575240187483,0.9997906422958197,0.2,0.6,40,1.0,0.009668373166542732,0.009668373166542732,0.6055523231621408
N1000_plus_0.01pct_phi80,1000,1.2027299618659357,rms_signed_R12,field_8_12,15.309575240187483,0.9997906422958197,0.2,0.6,40,1.0,0.011164102433856729,0.011164102433856729,0.6505015286054673
N1000_plus_0.01pct_phi80,1000,1.2027299618659357,rms_absrho_R8,field_8_12,15.309575240187483,0.9997906422958197,0.2,0.6,40,1.0,0.3810871244774858,0.3810871244774858,0.9899336528484367
N1000_plus_0.01pct_phi80,1000,1.2027299618659357,rms_positive_rho_R8,field_8_12,15.309575240187483,0.9997906422958197,0.2,0.6,40,1.0,0.25459657797578844,0.25459657797578844,0.984687558878213
N1000_plus_0.01pct_phi80,1000,1.2027299618659357,rms_gradient_R8,field_8_12,15.309575240187483,0.9997906422958197,0.2,0.6,40,1.0,0.4739442222089504,0.4739442222089504,0.9989641725791334
N1000_plus_0.01pct_phi80,1000,1.2027299618659357,field_r50,field_8_12,15.309575240187483,0.9997906422958197,0.2,0.6,40,1.0,0.48015410203200837,0.48015410203200837,0.9999783322730312
N1000_plus_0.01pct_phi80,1000,1.2027299618659357,field_r20,field_8_12,15.309575240187483,0.9997906422958197,0.2,0.6,40,1.0,0.49279717144246654,0.49279717144246654,0.9993054192112226
N1000_plus_0.01pct_phi80,1000,1.2027299618659357,mean_r2_signed_R8,field_8_12,15.309575240187483,0.9997906422958197,0.2,0.6,40,1.0,0.019336746333084978,0.009668373166542489,0.6055523231621407
N1000_plus_0.01pct_phi80,1000,1.2027299618659357,rms_signed_R4,field_8_12,15.309575240187483,0.9997906422958197,0.4,1.0,60,1.0,0.04483601385895327,0.04483601385895327,0.990465088317607
N1000_plus_0.01pct_phi80,1000,1.2027299618659357,rms_signed_R8,field_8_12,15.309575240187483,0.9997906422958197,0.4,1.0,60,1.0,0.02667196541606826,0.02667196541606826,0.9986010938712311
N1000_plus_0.01pct_phi80,1000,1.2027299618659357,rms_signed_R12,field_8_12,15.309575240187483,0.9997906422958197,0.4,1.0,60,1.0,0.03974643208610028,0.03974643208610028,0.9909534483547799
N1000_plus_0.01pct_phi80,1000,1.2027299618659357,rms_absrho_R8,field_8_12,15.309575240187483,0.9997906422958197,0.4,1.0,60,1.0,0.22616777395968965,0.22616777395968965,0.9838310478486415
N1000_plus_0.01pct_phi80,1000,1.2027299618659357,rms_positive_rho_R8,field_8_12,15.309575240187483,0.9997906422958197,0.4,1.0,60,1.0,0.1414572736194735,0.1414572736194735,0.9820768887864206
N1000_plus_0.01pct_phi80,1000,1.2027299618659357,rms_gradient_R8,field_8_12,15.309575240187483,0.9997906422958197,0.4,1.0,60,1.0,0.37418737372541083,0.37418737372541083,0.993956803623934
N1000_plus_0.01pct_phi80,1000,1.2027299618659357,field_r50,field_8_12,15.309575240187483,0.9997906422958197,0.4,1.0,60,1.0,0.5086410559517471,0.5086410559517471,0.9992892354046446
N1000_plus_0.01pct_phi80,1000,1.2027299618659357,field_r20,field_8_12,15.309575240187483,0.9997906422958197,0.4,1.0,60,1.0,0.5766962940418134,0.5766962940418134,0.9988876101211533
N1000_plus_0.01pct_phi80,1000,1.2027299618659357,mean_r2_signed_R8,field_8_12,15.309575240187483,0.9997906422958197,0.4,1.0,60,1.0,0.05334393083213652,0.02667196541606826,0.9986010938712311
N1000_plus_0.01pct_phi80,1000,1.2027299618659357,rms_signed_R4,field_8_12,15.309575240187483,0.9997906422958197,0.8,1.6,80,1.0,-0.03617540637178884,-0.03617540637178884,0.5078462907367215
N1000_plus_0.01pct_phi80,1000,1.2027299618659357,rms_signed_R8,field_8_12,15.309575240187483,0.9997906422958197,0.8,1.6,80,1.0,-0.004943884094424588,-0.004943884094424588,0.09913695305039538
N1000_plus_0.01pct_phi80,1000,1.2027299618659357,rms_signed_R12,field_8_12,15.309575240187483,0.9997906422958197,0.8,1.6,80,1.0,0.013692150221753756,0.013692150221753756,0.42101793455751235
N1000_plus_0.01pct_phi80,1000,1.2027299618659357,rms_absrho_R8,field_8_12,15.309575240187483,0.9997906422958197,0.8,1.6,80,1.0,0.09288637200172971,0.09288637200172971,0.9368301316099977
N1000_plus_0.01pct_phi80,1000,1.2027299618659357,rms_positive_rho_R8,field_8_12,15.309575240187483,0.9997906422958197,0.8,1.6,80,1.0,0.04686716736729254,0.04686716736729254,0.8438127491706964
N1000_plus_0.01pct_phi80,1000,1.2027299618659357,rms_gradient_R8,field_8_12,15.309575240187483,0.9997906422958197,0.8,1.6,80,1.0,0.17626688825179093,0.17626688825179093,0.9425529977996752
N1000_plus_0.01pct_phi80,1000,1.2027299618659357,field_r50,field_8_12,15.309575240187483,0.9997906422958197,0.8,1.6,80,1.0,0.5467985015282132,0.5467985015282132,0.9972454277588155
N1000_plus_0.01pct_phi80,1000,1.2027299618659357,field_r20,field_8_12,15.309575240187483,0.9997906422958197,0.8,1.6,80,1.0,0.18984901391641684,0.18984901391641684,0.7623239759624003
N1000_plus_0.01pct_phi80,1000,1.2027299618659357,mean_r2_signed_R8,field_8_12,15.309575240187483,0.9997906422958197,0.8,1.6,80,1.0,-0.009887768188849176,-0.004943884094424588,0.0991369530503956
N1000_plus_0.01pct_phi80,1000,1.2027299618659357,rms_signed_R4,current_last40_rule,15.311198213623637,0.9946846803310037,0.1,0.3,20,1.0,-0.10825118361436188,-0.10825118361436188,0.9603558817149079
N1000_plus_0.01pct_phi80,1000,1.2027299618659357,rms_signed_R8,current_last40_rule,15.311198213623637,0.9946846803310037,0.1,0.3,20,1.0,-0.048230491025624246,-0.048230491025624246,0.9166195650650336
N1000_plus_0.01pct_phi80,1000,1.2027299618659357,rms_signed_R12,current_last40_rule,15.311198213623637,0.9946846803310037,0.1,0.3,20,1.0,-0.03346799920484271,-0.03346799920484271,0.9277798992434432
N1000_plus_0.01pct_phi80,1000,1.2027299618659357,rms_absrho_R8,current_last40_rule,15.311198213623637,0.9946846803310037,0.1,0.3,20,1.0,0.5753857335333237,0.5753857335333237,0.996269476428864
N1000_plus_0.01pct_phi80,1000,1.2027299618659357,rms_positive_rho_R8,current_last40_rule,15.311198213623637,0.9946846803310037,0.1,0.3,20,1.0,0.45129355789596154,0.45129355789596154,0.9908116406554002
N1000_plus_0.01pct_phi80,1000,1.2027299618659357,rms_gradient_R8,current_last40_rule,15.311198213623637,0.9946846803310037,0.1,0.3,20,1.0,0.539405231103357,0.539405231103357,0.9995002596248734
N1000_plus_0.01pct_phi80,1000,1.2027299618659357,field_r50,current_last40_rule,15.311198213623637,0.9946846803310037,0.1,0.3,20,1.0,0.5248962270482735,0.5248962270482735,0.9991395589614105
N1000_plus_0.01pct_phi80,1000,1.2027299618659357,field_r20,current_last40_rule,15.311198213623637,0.9946846803310037,0.1,0.3,20,1.0,0.5023141720140425,0.5023141720140425,0.9992645249287145
N1000_plus_0.01pct_phi80,1000,1.2027299618659357,mean_r2_signed_R8,current_last40_rule,15.311198213623637,0.9946846803310037,0.1,0.3,20,1.0,-0.09646098205124849,-0.048230491025624246,0.9166195650650338
N1000_plus_0.01pct_phi80,1000,1.2027299618659357,rms_signed_R4,current_last40_rule,15.311198213623637,0.9946846803310037,0.2,0.6,40,1.0,-0.009146784868753154,-0.009146784868753154,0.19919819967067942
N1000_plus_0.01pct_phi80,1000,1.2027299618659357,rms_signed_R8,current_last40_rule,15.311198213623637,0.9946846803310037,0.2,0.6,40,1.0,0.007882702948589216,0.007882702948589216,0.46736892597161783
N1000_plus_0.01pct_phi80,1000,1.2027299618659357,rms_signed_R12,current_last40_rule,15.311198213623637,0.9946846803310037,0.2,0.6,40,1.0,0.009411468117394637,0.009411468117394637,0.5514338886833237
N1000_plus_0.01pct_phi80,1000,1.2027299618659357,rms_absrho_R8,current_last40_rule,15.311198213623637,0.9946846803310037,0.2,0.6,40,1.0,0.39126346424616976,0.39126346424616976,0.9896968316428356
N1000_plus_0.01pct_phi80,1000,1.2027299618659357,rms_positive_rho_R8,current_last40_rule,15.311198213623637,0.9946846803310037,0.2,0.6,40,1.0,0.26299316652862237,0.26299316652862237,0.9839735281014268
N1000_plus_0.01pct_phi80,1000,1.2027299618659357,rms_gradient_R8,current_last40_rule,15.311198213623637,0.9946846803310037,0.2,0.6,40,1.0,0.47933487627691884,0.47933487627691884,0.9989576469447748
N1000_plus_0.01pct_phi80,1000,1.2027299618659357,field_r50,current_last40_rule,15.311198213623637,0.9946846803310037,0.2,0.6,40,1.0,0.48288866774528305,0.48288866774528305,0.999962778489581
N1000_plus_0.01pct_phi80,1000,1.2027299618659357,field_r20,current_last40_rule,15.311198213623637,0.9946846803310037,0.2,0.6,40,1.0,0.492935437511208,0.492935437511208,0.999435248914511
N1000_plus_0.01pct_phi80,1000,1.2027299618659357,mean_r2_signed_R8,current_last40_rule,15.311198213623637,0.9946846803310037,0.2,0.6,40,1.0,0.015765405897179067,0.007882702948589533,0.4673689259716106
N1000_plus_0.01pct_phi80,1000,1.2027299618659357,rms_signed_R4,current_last40_rule,15.311198213623637,0.9946846803310037,0.4,1.0,60,1.0,0.04439523008999431,0.04439523008999431,0.9880212058758486
N1000_plus_0.01pct_phi80,1000,1.2027299618659357,rms_signed_R8,current_last40_rule,15.311198213623637,0.9946846803310037,0.4,1.0,60,1.0,0.02667389955958723,0.02667389955958723,0.9984607174194425
N1000_plus_0.01pct_phi80,1000,1.2027299618659357,rms_signed_R12,current_last40_rule,15.311198213623637,0.9946846803310037,0.4,1.0,60,1.0,0.039303728770871064,0.039303728770871064,0.9893942286092945
N1000_plus_0.01pct_phi80,1000,1.2027299618659357,rms_absrho_R8,current_last40_rule,15.311198213623637,0.9946846803310037,0.4,1.0,60,1.0,0.23089831673536473,0.23089831673536473,0.9835730725768512
N1000_plus_0.01pct_phi80,1000,1.2027299618659357,rms_positive_rho_R8,current_last40_rule,15.311198213623637,0.9946846803310037,0.4,1.0,60,1.0,0.14459004509655624,0.14459004509655624,0.9817447228355426
N1000_plus_0.01pct_phi80,1000,1.2027299618659357,rms_gradient_R8,current_last40_rule,15.311198213623637,0.9946846803310037,0.4,1.0,60,1.0,0.37906568379554567,0.37906568379554567,0.9940819117442414
N1000_plus_0.01pct_phi80,1000,1.2027299618659357,field_r50,current_last40_rule,15.311198213623637,0.9946846803310037,0.4,1.0,60,1.0,0.508225815171163,0.508225815171163,0.9993262105359259
N1000_plus_0.01pct_phi80,1000,1.2027299618659357,field_r20,current_last40_rule,15.311198213623637,0.9946846803310037,0.4,1.0,60,1.0,0.5773051356719882,0.5773051356719882,0.998860719508568
N1000_plus_0.01pct_phi80,1000,1.2027299618659357,mean_r2_signed_R8,current_last40_rule,15.311198213623637,0.9946846803310037,0.4,1.0,60,1.0,0.0533477991191739,0.02667389955958695,0.9984607174194426
N1000_plus_0.01pct_phi80,1000,1.2027299618659357,rms_signed_R4,current_last40_rule,15.311198213623637,0.9946846803310037,0.8,1.6,80,1.0,-0.0328537867835634,-0.0328537867835634,0.4681008739064907
N1000_plus_0.01pct_phi80,1000,1.2027299618659357,rms_signed_R8,current_last40_rule,15.311198213623637,0.9946846803310037,0.8,1.6,80,1.0,-0.0035318504783610565,-0.0035318504783610565,0.05634094936994927
N1000_plus_0.01pct_phi80,1000,1.2027299618659357,rms_signed_R12,current_last40_rule,15.311198213623637,0.9946846803310037,0.8,1.6,80,1.0,0.015210734013138326,0.015210734013138326,0.485873967887792
N1000_plus_0.01pct_phi80,1000,1.2027299618659357,rms_absrho_R8,current_last40_rule,15.311198213623637,0.9946846803310037,0.8,1.6,80,1.0,0.09546546636362727,0.09546546636362727,0.9406030799458613
N1000_plus_0.01pct_phi80,1000,1.2027299618659357,rms_positive_rho_R8,current_last40_rule,15.311198213623637,0.9946846803310037,0.8,1.6,80,1.0,0.048949452899968174,0.048949452899968174,0.8581731271419476
N1000_plus_0.01pct_phi80,1000,1.2027299618659357,rms_gradient_R8,current_last40_rule,15.311198213623637,0.9946846803310037,0.8,1.6,80,1.0,0.18085980172782876,0.18085980172782876,0.9454727816097709
N1000_plus_0.01pct_phi80,1000,1.2027299618659357,field_r50,current_last40_rule,15.311198213623637,0.9946846803310037,0.8,1.6,80,1.0,0.5497910121562684,0.5497910121562684,0.9976914951834425
N1000_plus_0.01pct_phi80,1000,1.2027299618659357,field_r20,current_last40_rule,15.311198213623637,0.9946846803310037,0.8,1.6,80,1.0,0.20086535370437672,0.20086535370437672,0.7756243233475932
N1000_plus_0.01pct_phi80,1000,1.2027299618659357,mean_r2_signed_R8,current_last40_rule,15.311198213623637,0.9946846803310037,0.8,1.6,80,1.0,-0.00706370095672301,-0.003531850478361505,0.05634094936994616
N1000_plus_0.01pct_phi80,1000,1.2027299618659357,rms_signed_R4,joint_powerlaw_20,15.287159562731468,0.9999538581591206,0.1,0.3,20,0.9078904012067025,-0.07289899446127597,-0.07289899446127597,0.9611649268699333
N1000_plus_0.01pct_phi80,1000,1.2027299618659357,rms_signed_R8,joint_powerlaw_20,15.287159562731468,0.9999538581591206,0.1,0.3,20,0.9078904012067025,-0.02787601675164409,-0.02787601675164409,0.8982578297806225
N1000_plus_0.01pct_phi80,1000,1.2027299618659357,rms_signed_R12,joint_powerlaw_20,15.287159562731468,0.9999538581591206,0.1,0.3,20,0.9078904012067025,-0.019957717912548353,-0.019957717912548353,0.9100836501198768
N1000_plus_0.01pct_phi80,1000,1.2027299618659357,rms_absrho_R8,joint_powerlaw_20,15.287159562731468,0.9999538581591206,0.1,0.3,20,0.9078904012067025,0.47052357163009506,0.47052357163009506,0.9983399537361339
N1000_plus_0.01pct_phi80,1000,1.2027299618659357,rms_positive_rho_R8,joint_powerlaw_20,15.287159562731468,0.9999538581591206,0.1,0.3,20,0.9078904012067025,0.3535464729797144,0.3535464729797144,0.9950186159803774
N1000_plus_0.01pct_phi80,1000,1.2027299618659357,rms_gradient_R8,joint_powerlaw_20,15.287159562731468,0.9999538581591206,0.1,0.3,20,0.9078904012067025,0.46333031446013995,0.46333031446013995,0.9999982489881303
N1000_plus_0.01pct_phi80,1000,1.2027299618659357,field_r50,joint_powerlaw_20,15.287159562731468,0.9999538581591206,0.1,0.3,20,0.9078904012067025,0.4477711354141058,0.4477711354141058,0.9999866131946873
N1000_plus_0.01pct_phi80,1000,1.2027299618659357,field_r20,joint_powerlaw_20,15.287159562731468,0.9999538581591206,0.1,0.3,20,0.9078904012067025,0.43029863244402855,0.43029863244402855,0.9999937850552352
N1000_plus_0.01pct_phi80,1000,1.2027299618659357,mean_r2_signed_R8,joint_powerlaw_20,15.287159562731468,0.9999538581591206,0.1,0.3,20,0.9078904012067025,-0.05575203350328818,-0.02787601675164409,0.8982578297806216
N1000_plus_0.01pct_phi80,1000,1.2027299618659357,rms_signed_R4,joint_powerlaw_20,15.287159562731468,0.9999538581591206,0.2,0.6,40,0.9078904012067025,0.0018003251921279331,0.0018003251921279331,0.014134840651221392
N1000_plus_0.01pct_phi80,1000,1.2027299618659357,rms_signed_R8,joint_powerlaw_20,15.287159562731468,0.9999538581591206,0.2,0.6,40,0.9078904012067025,0.012101842872187773,0.012101842872187773,0.7783631860700195
N1000_plus_0.01pct_phi80,1000,1.2027299618659357,rms_signed_R12,joint_powerlaw_20,15.287159562731468,0.9999538581591206,0.2,0.6,40,0.9078904012067025,0.013638103522768232,0.013638103522768232,0.7755643704000015
N1000_plus_0.01pct_phi80,1000,1.2027299618659357,rms_absrho_R8,joint_powerlaw_20,15.287159562731468,0.9999538581591206,0.2,0.6,40,0.9078904012067025,0.34366101970547075,0.34366101970547075,0.9917246287951292
N1000_plus_0.01pct_phi80,1000,1.2027299618659357,rms_positive_rho_R8,joint_powerlaw_20,15.287159562731468,0.9999538581591206,0.2,0.6,40,0.9078904012067025,0.22713931087849412,0.22713931087849412,0.9876143358720422
N1000_plus_0.01pct_phi80,1000,1.2027299618659357,rms_gradient_R8,joint_powerlaw_20,15.287159562731468,0.9999538581591206,0.2,0.6,40,0.9078904012067025,0.43985741796748523,0.43985741796748523,0.9993629287748631
N1000_plus_0.01pct_phi80,1000,1.2027299618659357,field_r50,joint_powerlaw_20,15.287159562731468,0.9999538581591206,0.2,0.6,40,0.9078904012067025,0.45110929188146354,0.45110929188146354,0.9999104529730475
N1000_plus_0.01pct_phi80,1000,1.2027299618659357,field_r20,joint_powerlaw_20,15.287159562731468,0.9999538581591206,0.2,0.6,40,0.9078904012067025,0.4680954151780739,0.4680954151780739,0.9985578973061089
N1000_plus_0.01pct_phi80,1000,1.2027299618659357,mean_r2_signed_R8,joint_powerlaw_20,15.287159562731468,0.9999538581591206,0.2,0.6,40,0.9078904012067025,0.024203685744375387,0.012101842872187693,0.7783631860700232
N1000_plus_0.01pct_phi80,1000,1.2027299618659357,rms_signed_R4,joint_powerlaw_20,15.287159562731468,0.9999538581591206,0.4,1.0,60,0.9078904012067025,0.04410085919853566,0.04410085919853566,0.9933073306799538
N1000_plus_0.01pct_phi80,1000,1.2027299618659357,rms_signed_R8,joint_powerlaw_20,15.287159562731468,0.9999538581591206,0.4,1.0,60,0.9078904012067025,0.025805576428453044,0.025805576428453044,0.9985601933358991
N1000_plus_0.01pct_phi80,1000,1.2027299618659357,rms_signed_R12,joint_powerlaw_20,15.287159562731468,0.9999538581591206,0.4,1.0,60,0.9078904012067025,0.039321770950625806,0.039321770950625806,0.992994047273322
N1000_plus_0.01pct_phi80,1000,1.2027299618659357,rms_absrho_R8,joint_powerlaw_20,15.287159562731468,0.9999538581591206,0.4,1.0,60,0.9078904012067025,0.21091206092731055,0.21091206092731055,0.9851607373772661
N1000_plus_0.01pct_phi80,1000,1.2027299618659357,rms_positive_rho_R8,joint_powerlaw_20,15.287159562731468,0.9999538581591206,0.4,1.0,60,0.9078904012067025,0.13161914757162205,0.13161914757162205,0.9835549859500655
N1000_plus_0.01pct_phi80,1000,1.2027299618659357,rms_gradient_R8,joint_powerlaw_20,15.287159562731468,0.9999538581591206,0.4,1.0,60,0.9078904012067025,0.35404471158116163,0.35404471158116163,0.9942185665271108
N1000_plus_0.01pct_phi80,1000,1.2027299618659357,field_r50,joint_powerlaw_20,15.287159562731468,0.9999538581591206,0.4,1.0,60,0.9078904012067025,0.4948105280110716,0.4948105280110716,0.9990216281228246
N1000_plus_0.01pct_phi80,1000,1.2027299618659357,field_r20,joint_powerlaw_20,15.287159562731468,0.9999538581591206,0.4,1.0,60,0.9078904012067025,0.5577674719867608,0.5577674719867608,0.9987252265433403
N1000_plus_0.01pct_phi80,1000,1.2027299618659357,mean_r2_signed_R8,joint_powerlaw_20,15.287159562731468,0.9999538581591206,0.4,1.0,60,0.9078904012067025,0.05161115285690609,0.025805576428453044,0.9985601933358991
N1000_plus_0.01pct_phi80,1000,1.2027299618659357,rms_signed_R4,joint_powerlaw_20,15.287159562731468,0.9999538581591206,0.8,1.6,80,0.9078904012067025,-0.04221779976038071,-0.04221779976038071,0.5760330859853513
N1000_plus_0.01pct_phi80,1000,1.2027299618659357,rms_signed_R8,joint_powerlaw_20,15.287159562731468,0.9999538581591206,0.8,1.6,80,0.9078904012067025,-0.007739912878529915,-0.007739912878529915,0.19795947022412763
N1000_plus_0.01pct_phi80,1000,1.2027299618659357,rms_signed_R12,joint_powerlaw_20,15.287159562731468,0.9999538581591206,0.8,1.6,80,0.9078904012067025,0.01038828627641848,0.01038828627641848,0.2818396960713573
N1000_plus_0.01pct_phi80,1000,1.2027299618659357,rms_absrho_R8,joint_powerlaw_20,15.287159562731468,0.9999538581591206,0.8,1.6,80,0.9078904012067025,0.08629692741770428,0.08629692741770428,0.9287344522089561
N1000_plus_0.01pct_phi80,1000,1.2027299618659357,rms_positive_rho_R8,joint_powerlaw_20,15.287159562731468,0.9999538581591206,0.8,1.6,80,0.9078904012067025,0.04196685814379008,0.04196685814379008,0.8098681246234765
N1000_plus_0.01pct_phi80,1000,1.2027299618659357,rms_gradient_R8,joint_powerlaw_20,15.287159562731468,0.9999538581591206,0.8,1.6,80,0.9078904012067025,0.16438543591647134,0.16438543591647134,0.9366730183936494
N1000_plus_0.01pct_phi80,1000,1.2027299618659357,field_r50,joint_powerlaw_20,15.287159562731468,0.9999538581591206,0.8,1.6,80,0.9078904012067025,0.5312295847517425,0.5312295847517425,0.9962755566640362
N1000_plus_0.01pct_phi80,1000,1.2027299618659357,field_r20,joint_powerlaw_20,15.287159562731468,0.9999538581591206,0.8,1.6,80,0.9078904012067025,0.16567796879219762,0.16567796879219762,0.7335117101014252
N1000_plus_0.01pct_phi80,1000,1.2027299618659357,mean_r2_signed_R8,joint_powerlaw_20,15.287159562731468,0.9999538581591206,0.8,1.6,80,0.9078904012067025,-0.015479825757060979,-0.0077399128785304895,0.19795947022412463
N1000_plus_0.01pct_phi80,1000,1.2027299618659357,rms_signed_R4,joint_powerlaw_40,15.284881288350086,0.9996408211494676,0.1,0.3,20,0.8547768997683485,-0.07198946186923784,-0.07198946186923784,0.9618638648175576
N1000_plus_0.01pct_phi80,1000,1.2027299618659357,rms_signed_R8,joint_powerlaw_40,15.284881288350086,0.9996408211494676,0.1,0.3,20,0.8547768997683485,-0.02753505514998155,-0.02753505514998155,0.8993575713725146
N1000_plus_0.01pct_phi80,1000,1.2027299618659357,rms_signed_R12,joint_powerlaw_40,15.284881288350086,0.9996408211494676,0.1,0.3,20,0.8547768997683485,-0.019712774702931167,-0.019712774702931167,0.9111208502709691
N1000_plus_0.01pct_phi80,1000,1.2027299618659357,rms_absrho_R8,joint_powerlaw_40,15.284881288350086,0.9996408211494676,0.1,0.3,20,0.8547768997683485,0.4645174275134782,0.4645174275134782,0.9984828793825785
N1000_plus_0.01pct_phi80,1000,1.2027299618659357,rms_positive_rho_R8,joint_powerlaw_40,15.284881288350086,0.9996408211494676,0.1,0.3,20,0.8547768997683485,0.34905280911365283,0.34905280911365283,0.9952710668549289
N1000_plus_0.01pct_phi80,1000,1.2027299618659357,rms_gradient_R8,joint_powerlaw_40,15.284881288350086,0.9996408211494676,0.1,0.3,20,0.8547768997683485,0.4573827174345347,0.4573827174345347,0.999995912244876
N1000_plus_0.01pct_phi80,1000,1.2027299618659357,field_r50,joint_powerlaw_40,15.284881288350086,0.9996408211494676,0.1,0.3,20,0.8547768997683485,0.44202599685683636,0.44202599685683636,0.9999966337601458
N1000_plus_0.01pct_phi80,1000,1.2027299618659357,field_r20,joint_powerlaw_40,15.284881288350086,0.9996408211494676,0.1,0.3,20,0.8547768997683485,0.4247739447241341,0.4247739447241341,0.9999862410255993
N1000_plus_0.01pct_phi80,1000,1.2027299618659357,mean_r2_signed_R8,joint_powerlaw_40,15.284881288350086,0.9996408211494676,0.1,0.3,20,0.8547768997683485,-0.055070110299963115,-0.027535055149981558,0.8993575713725138
N1000_plus_0.01pct_phi80,1000,1.2027299618659357,rms_signed_R4,joint_powerlaw_40,15.284881288350086,0.9996408211494676,0.2,0.6,40,0.8547768997683485,0.0017748477405903885,0.0017748477405903885,0.013916983396660587
N1000_plus_0.01pct_phi80,1000,1.2027299618659357,rms_signed_R8,joint_powerlaw_40,15.284881288350086,0.9996408211494676,0.2,0.6,40,0.8547768997683485,0.01201764463089969,0.01201764463089969,0.7775921863821815
N1000_plus_0.01pct_phi80,1000,1.2027299618659357,rms_signed_R12,joint_powerlaw_40,15.284881288350086,0.9996408211494676,0.2,0.6,40,0.8547768997683485,0.013543191748285341,0.013543191748285341,0.7747932778265745
N1000_plus_0.01pct_phi80,1000,1.2027299618659357,rms_absrho_R8,joint_powerlaw_40,15.284881288350086,0.9996408211494676,0.2,0.6,40,0.8547768997683485,0.34146773115188317,0.34146773115188317,0.9918906430205753
N1000_plus_0.01pct_phi80,1000,1.2027299618659357,rms_positive_rho_R8,joint_powerlaw_40,15.284881288350086,0.9996408211494676,0.2,0.6,40,0.8547768997683485,0.22569408908838154,0.22569408908838154,0.9878182678883771
N1000_plus_0.01pct_phi80,1000,1.2027299618659357,rms_gradient_R8,joint_powerlaw_40,15.284881288350086,0.9996408211494676,0.2,0.6,40,0.8547768997683485,0.4370231722724833,0.4370231722724833,0.9994066390266415
N1000_plus_0.01pct_phi80,1000,1.2027299618659357,field_r50,joint_powerlaw_40,15.284881288350086,0.9996408211494676,0.2,0.6,40,0.8547768997683485,0.4481889910166538,0.4481889910166538,0.9998937133092051
N1000_plus_0.01pct_phi80,1000,1.2027299618659357,field_r20,joint_powerlaw_40,15.284881288350086,0.9996408211494676,0.2,0.6,40,0.8547768997683485,0.46505327969197396,0.46505327969197396,0.9984901947819613
N1000_plus_0.01pct_phi80,1000,1.2027299618659357,mean_r2_signed_R8,joint_powerlaw_40,15.284881288350086,0.9996408211494676,0.2,0.6,40,0.8547768997683485,0.02403528926179938,0.01201764463089969,0.7775921863821826
N1000_plus_0.01pct_phi80,1000,1.2027299618659357,rms_signed_R4,joint_powerlaw_40,15.284881288350086,0.9996408211494676,0.4,1.0,60,0.8547768997683485,0.0439428258644725,0.0439428258644725,0.9932683083490982
N1000_plus_0.01pct_phi80,1000,1.2027299618659357,rms_signed_R8,joint_powerlaw_40,15.284881288350086,0.9996408211494676,0.4,1.0,60,0.8547768997683485,0.025713691507505836,0.025713691507505836,0.9985666435506899
N1000_plus_0.01pct_phi80,1000,1.2027299618659357,rms_signed_R12,joint_powerlaw_40,15.284881288350086,0.9996408211494676,0.4,1.0,60,0.8547768997683485,0.039180287805315926,0.039180287805315926,0.9929258705229906
N1000_plus_0.01pct_phi80,1000,1.2027299618659357,rms_absrho_R8,joint_powerlaw_40,15.284881288350086,0.9996408211494676,0.4,1.0,60,0.8547768997683485,0.21017133612995884,0.21017133612995884,0.9852633099319563
N1000_plus_0.01pct_phi80,1000,1.2027299618659357,rms_positive_rho_R8,joint_powerlaw_40,15.284881288350086,0.9996408211494676,0.4,1.0,60,0.8547768997683485,0.13115726851915255,0.13115726851915255,0.9836629174695677
N1000_plus_0.01pct_phi80,1000,1.2027299618659357,rms_gradient_R8,joint_powerlaw_40,15.284881288350086,0.9996408211494676,0.4,1.0,60,0.8547768997683485,0.3527941580658776,0.3527941580658776,0.9942818040138008
N1000_plus_0.01pct_phi80,1000,1.2027299618659357,field_r50,joint_powerlaw_40,15.284881288350086,0.9996408211494676,0.4,1.0,60,0.8547768997683485,0.4930406124059376,0.4930406124059376,0.9989954073221634
N1000_plus_0.01pct_phi80,1000,1.2027299618659357,field_r20,joint_powerlaw_40,15.284881288350086,0.9996408211494676,0.4,1.0,60,0.8547768997683485,0.5557772516052419,0.5557772516052419,0.9987165858875281
N1000_plus_0.01pct_phi80,1000,1.2027299618659357,mean_r2_signed_R8,joint_powerlaw_40,15.284881288350086,0.9996408211494676,0.4,1.0,60,0.8547768997683485,0.05142738301501167,0.025713691507505836,0.9985666435506899
N1000_plus_0.01pct_phi80,1000,1.2027299618659357,rms_signed_R4,joint_powerlaw_40,15.284881288350086,0.9996408211494676,0.8,1.6,80,0.8547768997683485,-0.04212695756281117,-0.04212695756281117,0.5758598443313834
N1000_plus_0.01pct_phi80,1000,1.2027299618659357,rms_signed_R8,joint_powerlaw_40,15.284881288350086,0.9996408211494676,0.8,1.6,80,0.8547768997683485,-0.0077217689590196965,-0.0077217689590196965,0.19782360507038144
N1000_plus_0.01pct_phi80,1000,1.2027299618659357,rms_signed_R12,joint_powerlaw_40,15.284881288350086,0.9996408211494676,0.8,1.6,80,0.8547768997683485,0.010370345063756531,0.010370345063756531,0.28199481662774717
N1000_plus_0.01pct_phi80,1000,1.2027299618659357,rms_absrho_R8,joint_powerlaw_40,15.284881288350086,0.9996408211494676,0.8,1.6,80,0.8547768997683485,0.08612841388046055,0.08612841388046055,0.9288255569090237
N1000_plus_0.01pct_phi80,1000,1.2027299618659357,rms_positive_rho_R8,joint_powerlaw_40,15.284881288350086,0.9996408211494676,0.8,1.6,80,0.8547768997683485,0.04188641359621672,0.04188641359621672,0.8100057711737696
N1000_plus_0.01pct_phi80,1000,1.2027299618659357,rms_gradient_R8,joint_powerlaw_40,15.284881288350086,0.9996408211494676,0.8,1.6,80,0.8547768997683485,0.16406398638394326,0.16406398638394326,0.9367597495664792
N1000_plus_0.01pct_phi80,1000,1.2027299618659357,field_r50,joint_powerlaw_40,15.284881288350086,0.9996408211494676,0.8,1.6,80,0.8547768997683485,0.5301705236667809,0.5301705236667809,0.9962916543411083
N1000_plus_0.01pct_phi80,1000,1.2027299618659357,field_r20,joint_powerlaw_40,15.284881288350086,0.9996408211494676,0.8,1.6,80,0.8547768997683485,0.16536427300017725,0.16536427300017725,0.73367085618396
N1000_plus_0.01pct_phi80,1000,1.2027299618659357,mean_r2_signed_R8,joint_powerlaw_40,15.284881288350086,0.9996408211494676,0.8,1.6,80,0.8547768997683485,-0.015443537918038501,-0.007721768959019251,0.19782360507037933
N1000_plus_0.01pct_phi80,1000,1.2027299618659357,rms_signed_R4,joint_powerlaw_80,15.284049456872959,0.9994185043308542,0.1,0.3,20,0.8368721059455949,-0.07165690212658497,-0.07165690212658497,0.9621224394410429
N1000_plus_0.01pct_phi80,1000,1.2027299618659357,rms_signed_R8,joint_powerlaw_80,15.284049456872959,0.9994185043308542,0.1,0.3,20,0.8368721059455949,-0.027410387705463897,-0.027410387705463897,0.8997655929220588
N1000_plus_0.01pct_phi80,1000,1.2027299618659357,rms_signed_R12,joint_powerlaw_80,15.284049456872959,0.9994185043308542,0.1,0.3,20,0.8368721059455949,-0.01962321442778589,-0.01962321442778589,0.9115055103561148
N1000_plus_0.01pct_phi80,1000,1.2027299618659357,rms_absrho_R8,joint_powerlaw_80,15.284049456872959,0.9994185043308542,0.1,0.3,20,0.8368721059455949,0.46232134207794223,0.46232134207794223,0.99853435920698
N1000_plus_0.01pct_phi80,1000,1.2027299618659357,rms_positive_rho_R8,joint_powerlaw_80,15.284049456872959,0.9994185043308542,0.1,0.3,20,0.8368721059455949,0.3474097498731645,0.3474097498731645,0.9953633372584408
N1000_plus_0.01pct_phi80,1000,1.2027299618659357,rms_gradient_R8,joint_powerlaw_80,15.284049456872959,0.9994185043308542,0.1,0.3,20,0.8368721059455949,0.455208039150042,0.455208039150042,0.9999933256330863
N1000_plus_0.01pct_phi80,1000,1.2027299618659357,field_r50,joint_powerlaw_80,15.284049456872959,0.9994185043308542,0.1,0.3,20,0.8368721059455949,0.4399253472758107,0.4399253472758107,0.9999986543911455
N1000_plus_0.01pct_phi80,1000,1.2027299618659357,field_r20,joint_powerlaw_80,15.284049456872959,0.9994185043308542,0.1,0.3,20,0.8368721059455949,0.4227539018502752,0.4227539018502752,0.9999817303392712
N1000_plus_0.01pct_phi80,1000,1.2027299618659357,mean_r2_signed_R8,joint_powerlaw_80,15.284049456872959,0.9994185043308542,0.1,0.3,20,0.8368721059455949,-0.054820775410927794,-0.027410387705463897,0.899765592922058
N1000_plus_0.01pct_phi80,1000,1.2027299618659357,rms_signed_R4,joint_powerlaw_80,15.284049456872959,0.9994185043308542,0.2,0.6,40,0.8368721059455949,0.001765537758149811,0.001765537758149811,0.013837078561998006
N1000_plus_0.01pct_phi80,1000,1.2027299618659357,rms_signed_R8,joint_powerlaw_80,15.284049456872959,0.9994185043308542,0.2,0.6,40,0.8368721059455949,0.011986879460116638,0.011986879460116638,0.7773076303914496
N1000_plus_0.01pct_phi80,1000,1.2027299618659357,rms_signed_R12,joint_powerlaw_80,15.284049456872959,0.9994185043308542,0.2,0.6,40,0.8368721059455949,0.01350851247284909,0.01350851247284909,0.7745087480008057
N1000_plus_0.01pct_phi80,1000,1.2027299618659357,rms_absrho_R8,joint_powerlaw_80,15.284049456872959,0.9994185043308542,0.2,0.6,40,0.8368721059455949,0.3406663465232503,0.3406663465232503,0.9919514194986073
N1000_plus_0.01pct_phi80,1000,1.2027299618659357,rms_positive_rho_R8,joint_powerlaw_80,15.284049456872959,0.9994185043308542,0.2,0.6,40,0.8368721059455949,0.22516603432128396,0.22516603432128396,0.9878930339272793
N1000_plus_0.01pct_phi80,1000,1.2027299618659357,rms_gradient_R8,joint_powerlaw_80,15.284049456872959,0.9994185043308542,0.2,0.6,40,0.8368721059455949,0.4359875923953787,0.4359875923953787,0.9994223140409492
N1000_plus_0.01pct_phi80,1000,1.2027299618659357,field_r50,joint_powerlaw_80,15.284049456872959,0.9994185043308542,0.2,0.6,40,0.8368721059455949,0.44712196968059886,0.44712196968059886,0.9998871105424625
N1000_plus_0.01pct_phi80,1000,1.2027299618659357,field_r20,joint_powerlaw_80,15.284049456872959,0.9994185043308542,0.2,0.6,40,0.8368721059455949,0.46394174310527836,0.46394174310527836,0.998464809756506
N1000_plus_0.01pct_phi80,1000,1.2027299618659357,mean_r2_signed_R8,joint_powerlaw_80,15.284049456872959,0.9994185043308542,0.2,0.6,40,0.8368721059455949,0.023973758920232093,0.011986879460116047,0.7773076303914513
N1000_plus_0.01pct_phi80,1000,1.2027299618659357,rms_signed_R4,joint_powerlaw_80,15.284049456872959,0.9994185043308542,0.4,1.0,60,0.8368721059455949,0.04388510918446263,0.04388510918446263,0.9932538799336834
N1000_plus_0.01pct_phi80,1000,1.2027299618659357,rms_signed_R8,joint_powerlaw_80,15.284049456872959,0.9994185043308542,0.4,1.0,60,0.8368721059455949,0.025680133555192886,0.025680133555192886,0.9985689115900075
N1000_plus_0.01pct_phi80,1000,1.2027299618659357,rms_signed_R12,joint_powerlaw_80,15.284049456872959,0.9994185043308542,0.4,1.0,60,0.8368721059455949,0.03912861573648826,0.03912861573648826,0.9929007517779695
N1000_plus_0.01pct_phi80,1000,1.2027299618659357,rms_absrho_R8,joint_powerlaw_80,15.284049456872959,0.9994185043308542,0.4,1.0,60,0.8368721059455949,0.2099008118967865,0.2099008118967865,0.9853008689974161
N1000_plus_0.01pct_phi80,1000,1.2027299618659357,rms_positive_rho_R8,joint_powerlaw_80,15.284049456872959,0.9994185043308542,0.4,1.0,60,0.8368721059455949,0.13098858311870484,0.13098858311870484,0.9837024439212759
N1000_plus_0.01pct_phi80,1000,1.2027299618659357,rms_gradient_R8,joint_powerlaw_80,15.284049456872959,0.9994185043308542,0.4,1.0,60,0.8368721059455949,0.35233743581061533,0.35233743581061533,0.9943049218609796
N1000_plus_0.01pct_phi80,1000,1.2027299618659357,field_r50,joint_powerlaw_80,15.284049456872959,0.9994185043308542,0.4,1.0,60,0.8368721059455949,0.4923942110159719,0.4923942110159719,0.998985694004445
N1000_plus_0.01pct_phi80,1000,1.2027299618659357,field_r20,joint_powerlaw_80,15.284049456872959,0.9994185043308542,0.4,1.0,60,0.8368721059455949,0.5550503892895482,0.5550503892895482,0.9987133168654598
N1000_plus_0.01pct_phi80,1000,1.2027299618659357,mean_r2_signed_R8,joint_powerlaw_80,15.284049456872959,0.9994185043308542,0.4,1.0,60,0.8368721059455949,0.05136026711038509,0.025680133555192546,0.9985689115900073
N1000_plus_0.01pct_phi80,1000,1.2027299618659357,rms_signed_R4,joint_powerlaw_80,15.284049456872959,0.9994185043308542,0.8,1.6,80,0.8368721059455949,-0.04209378689516977,-0.04209378689516977,0.5757964119297541
N1000_plus_0.01pct_phi80,1000,1.2027299618659357,rms_signed_R8,joint_powerlaw_80,15.284049456872959,0.9994185043308542,0.8,1.6,80,0.8368721059455949,-0.007715143827665351,-0.007715143827665351,0.19777387024653448
N1000_plus_0.01pct_phi80,1000,1.2027299618659357,rms_signed_R12,joint_powerlaw_80,15.284049456872959,0.9994185043308542,0.8,1.6,80,0.8368721059455949,0.010363793822437803,0.010363793822437803,0.282051616399561
N1000_plus_0.01pct_phi80,1000,1.2027299618659357,rms_absrho_R8,joint_powerlaw_80,15.284049456872959,0.9994185043308542,0.8,1.6,80,0.8368721059455949,0.08606688163682516,0.08606688163682516,0.9288589000646427
N1000_plus_0.01pct_phi80,1000,1.2027299618659357,rms_positive_rho_R8,joint_powerlaw_80,15.284049456872959,0.9994185043308542,0.8,1.6,80,0.8368721059455949,0.04185703946542494,0.04185703946542494,0.810056158151554
N1000_plus_0.01pct_phi80,1000,1.2027299618659357,rms_gradient_R8,joint_powerlaw_80,15.284049456872959,0.9994185043308542,0.8,1.6,80,0.8368721059455949,0.16394661002212227,0.16394661002212227,0.9367914914587097
N1000_plus_0.01pct_phi80,1000,1.2027299618659357,field_r50,joint_powerlaw_80,15.284049456872959,0.9994185043308542,0.8,1.6,80,0.8368721059455949,0.5297838103079379,0.5297838103079379,0.9962975309209761
N1000_plus_0.01pct_phi80,1000,1.2027299618659357,field_r20,joint_powerlaw_80,15.284049456872959,0.9994185043308542,0.8,1.6,80,0.8368721059455949,0.16524972822241166,0.16524972822241166,0.7337291222160038
N1000_plus_0.01pct_phi80,1000,1.2027299618659357,mean_r2_signed_R8,joint_powerlaw_80,15.284049456872959,0.9994185043308542,0.8,1.6,80,0.8368721059455949,-0.015430287655330702,-0.007715143827665351,0.1977738702465336
N250_fixed_A1.202729962,250,1.2027299618659357,rms_signed_R4,field_2_4,15.61648550879332,0.9968381993567624,0.1,0.3,0,1.0,nan,nan,nan
N250_fixed_A1.202729962,250,1.2027299618659357,rms_signed_R8,field_2_4,15.61648550879332,0.9968381993567624,0.1,0.3,0,1.0,nan,nan,nan
N250_fixed_A1.202729962,250,1.2027299618659357,rms_signed_R12,field_2_4,15.61648550879332,0.9968381993567624,0.1,0.3,0,1.0,nan,nan,nan
N250_fixed_A1.202729962,250,1.2027299618659357,rms_absrho_R8,field_2_4,15.61648550879332,0.9968381993567624,0.1,0.3,0,1.0,nan,nan,nan
N250_fixed_A1.202729962,250,1.2027299618659357,rms_positive_rho_R8,field_2_4,15.61648550879332,0.9968381993567624,0.1,0.3,0,1.0,nan,nan,nan
N250_fixed_A1.202729962,250,1.2027299618659357,rms_gradient_R8,field_2_4,15.61648550879332,0.9968381993567624,0.1,0.3,0,1.0,nan,nan,nan
N250_fixed_A1.202729962,250,1.2027299618659357,field_r50,field_2_4,15.61648550879332,0.9968381993567624,0.1,0.3,0,1.0,nan,nan,nan
N250_fixed_A1.202729962,250,1.2027299618659357,field_r20,field_2_4,15.61648550879332,0.9968381993567624,0.1,0.3,0,1.0,nan,nan,nan
N250_fixed_A1.202729962,250,1.2027299618659357,mean_r2_signed_R8,field_2_4,15.61648550879332,0.9968381993567624,0.1,0.3,0,1.0,nan,nan,nan
N250_fixed_A1.202729962,250,1.2027299618659357,rms_signed_R4,field_2_4,15.61648550879332,0.9968381993567624,0.2,0.6,15,1.0,-0.44632184837241995,-0.44632184837241995,0.9547389806936074
N250_fixed_A1.202729962,250,1.2027299618659357,rms_signed_R8,field_2_4,15.61648550879332,0.9968381993567624,0.2,0.6,15,1.0,-0.220862010490726,-0.220862010490726,0.9345551870129232
N250_fixed_A1.202729962,250,1.2027299618659357,rms_signed_R12,field_2_4,15.61648550879332,0.9968381993567624,0.2,0.6,15,1.0,-0.14737453086805138,-0.14737453086805138,0.9400580064616023
N250_fixed_A1.202729962,250,1.2027299618659357,rms_absrho_R8,field_2_4,15.61648550879332,0.9968381993567624,0.2,0.6,15,1.0,2.02344747664236,2.02344747664236,0.9821404067620383
N250_fixed_A1.202729962,250,1.2027299618659357,rms_positive_rho_R8,field_2_4,15.61648550879332,0.9968381993567624,0.2,0.6,15,1.0,1.6376137326632212,1.6376137326632212,0.9735086009080118
N250_fixed_A1.202729962,250,1.2027299618659357,rms_gradient_R8,field_2_4,15.61648550879332,0.9968381993567624,0.2,0.6,15,1.0,1.8350279090300765,1.8350279090300765,0.9884777422955378
N250_fixed_A1.202729962,250,1.2027299618659357,field_r50,field_2_4,15.61648550879332,0.9968381993567624,0.2,0.6,15,1.0,1.8062192998131577,1.8062192998131577,0.9870751413479193
N250_fixed_A1.202729962,250,1.2027299618659357,field_r20,field_2_4,15.61648550879332,0.9968381993567624,0.2,0.6,15,1.0,1.7305667218380776,1.7305667218380776,0.9872192655400814
N250_fixed_A1.202729962,250,1.2027299618659357,mean_r2_signed_R8,field_2_4,15.61648550879332,0.9968381993567624,0.2,0.6,15,1.0,-0.44172402098145286,-0.22086201049072643,0.9345551870129243
N250_fixed_A1.202729962,250,1.2027299618659357,rms_signed_R4,field_2_4,15.61648550879332,0.9968381993567624,0.4,1.0,55,1.0,-0.11276565212986799,-0.11276565212986799,0.5910404589128622
N250_fixed_A1.202729962,250,1.2027299618659357,rms_signed_R8,field_2_4,15.61648550879332,0.9968381993567624,0.4,1.0,55,1.0,-0.03845921696286017,-0.03845921696286017,0.3808531203740778
N250_fixed_A1.202729962,250,1.2027299618659357,rms_signed_R12,field_2_4,15.61648550879332,0.9968381993567624,0.4,1.0,55,1.0,-0.015533943977127743,-0.015533943977127743,0.14520091820177472
N250_fixed_A1.202729962,250,1.2027299618659357,rms_absrho_R8,field_2_4,15.61648550879332,0.9968381993567624,0.4,1.0,55,1.0,1.017240032716754,1.017240032716754,0.9217101741015793
N250_fixed_A1.202729962,250,1.2027299618659357,rms_positive_rho_R8,field_2_4,15.61648550879332,0.9968381993567624,0.4,1.0,55,1.0,0.7304509217759638,0.7304509217759638,0.8896163057009331
N250_fixed_A1.202729962,250,1.2027299618659357,rms_gradient_R8,field_2_4,15.61648550879332,0.9968381993567624,0.4,1.0,55,1.0,1.1183501202522463,1.1183501202522463,0.9646171587099719
N250_fixed_A1.202729962,250,1.2027299618659357,field_r50,field_2_4,15.61648550879332,0.9968381993567624,0.4,1.0,55,1.0,1.1316964520788777,1.1316964520788777,0.972909504303904
N250_fixed_A1.202729962,250,1.2027299618659357,field_r20,field_2_4,15.61648550879332,0.9968381993567624,0.4,1.0,55,1.0,1.1414060737129819,1.1414060737129819,0.9814597327559358
N250_fixed_A1.202729962,250,1.2027299618659357,mean_r2_signed_R8,field_2_4,15.61648550879332,0.9968381993567624,0.4,1.0,55,1.0,-0.07691843392572034,-0.03845921696286017,0.38085312037407837
N250_fixed_A1.202729962,250,1.2027299618659357,rms_signed_R4,field_2_4,15.61648550879332,0.9968381993567624,0.8,1.6,80,1.0,0.02900542715422284,0.02900542715422284,0.7318978707479745
N250_fixed_A1.202729962,250,1.2027299618659357,rms_signed_R8,field_2_4,15.61648550879332,0.9968381993567624,0.8,1.6,80,1.0,0.022435233900131395,0.022435233900131395,0.9172490593961029
N250_fixed_A1.202729962,250,1.2027299618659357,rms_signed_R12,field_2_4,15.61648550879332,0.9968381993567624,0.8,1.6,80,1.0,0.05356634487555073,0.05356634487555073,0.9907945412739282
N250_fixed_A1.202729962,250,1.2027299618659357,rms_absrho_R8,field_2_4,15.61648550879332,0.9968381993567624,0.8,1.6,80,1.0,0.2705862546807785,0.2705862546807785,0.9534866457911375
N250_fixed_A1.202729962,250,1.2027299618659357,rms_positive_rho_R8,field_2_4,15.61648550879332,0.9968381993567624,0.8,1.6,80,1.0,0.16194822459102742,0.16194822459102742,0.9443268779413158
N250_fixed_A1.202729962,250,1.2027299618659357,rms_gradient_R8,field_2_4,15.61648550879332,0.9968381993567624,0.8,1.6,80,1.0,0.4578970287961724,0.4578970287961724,0.968362043643105
N250_fixed_A1.202729962,250,1.2027299618659357,field_r50,field_2_4,15.61648550879332,0.9968381993567624,0.8,1.6,80,1.0,0.7795164386074463,0.7795164386074463,0.9998144481872451
N250_fixed_A1.202729962,250,1.2027299618659357,field_r20,field_2_4,15.61648550879332,0.9968381993567624,0.8,1.6,80,1.0,0.7134620064188447,0.7134620064188447,0.9612565132878347
N250_fixed_A1.202729962,250,1.2027299618659357,mean_r2_signed_R8,field_2_4,15.61648550879332,0.9968381993567624,0.8,1.6,80,1.0,0.04487046780026279,0.022435233900131395,0.9172490593961027
N250_fixed_A1.202729962,250,1.2027299618659357,rms_signed_R4,field_4_8,15.319689407881638,0.9975351045131339,0.1,0.3,15,1.0,-0.19270558181362568,-0.19270558181362568,0.9727492902928309
N250_fixed_A1.202729962,250,1.2027299618659357,rms_signed_R8,field_4_8,15.319689407881638,0.9975351045131339,0.1,0.3,15,1.0,-0.09557340818494864,-0.09557340818494864,0.956447265520425
N250_fixed_A1.202729962,250,1.2027299618659357,rms_signed_R12,field_4_8,15.319689407881638,0.9975351045131339,0.1,0.3,15,1.0,-0.06373352680019312,-0.06373352680019312,0.9608811144683114
N250_fixed_A1.202729962,250,1.2027299618659357,rms_absrho_R8,field_4_8,15.319689407881638,0.9975351045131339,0.1,0.3,15,1.0,0.8701680794367482,0.8701680794367482,0.9927044679055997
N250_fixed_A1.202729962,250,1.2027299618659357,rms_positive_rho_R8,field_4_8,15.319689407881638,0.9975351045131339,0.1,0.3,15,1.0,0.7052621630258378,0.7052621630258378,0.9868292018256727
N250_fixed_A1.202729962,250,1.2027299618659357,rms_gradient_R8,field_4_8,15.319689407881638,0.9975351045131339,0.1,0.3,15,1.0,0.7881110867871159,0.7881110867871159,0.9965070927674153
N250_fixed_A1.202729962,250,1.2027299618659357,field_r50,field_4_8,15.319689407881638,0.9975351045131339,0.1,0.3,15,1.0,0.7759785802561858,0.7759785802561858,0.9957096075803851
N250_fixed_A1.202729962,250,1.2027299618659357,field_r20,field_4_8,15.319689407881638,0.9975351045131339,0.1,0.3,15,1.0,0.7434512232365572,0.7434512232365572,0.9957856411893519
N250_fixed_A1.202729962,250,1.2027299618659357,mean_r2_signed_R8,field_4_8,15.319689407881638,0.9975351045131339,0.1,0.3,15,1.0,-0.1911468163698976,-0.0955734081849488,0.9564472655204255
N250_fixed_A1.202729962,250,1.2027299618659357,rms_signed_R4,field_4_8,15.319689407881638,0.9975351045131339,0.2,0.6,40,1.0,-0.0528348179957371,-0.0528348179957371,0.752306362459594
N250_fixed_A1.202729962,250,1.2027299618659357,rms_signed_R8,field_4_8,15.319689407881638,0.9975351045131339,0.2,0.6,40,1.0,-0.014382063918462525,-0.014382063918462525,0.4525756174354062
N250_fixed_A1.202729962,250,1.2027299618659357,rms_signed_R12,field_4_8,15.319689407881638,0.9975351045131339,0.2,0.6,40,1.0,-0.005343871379319315,-0.005343871379319315,0.14067412201501917
N250_fixed_A1.202729962,250,1.2027299618659357,rms_absrho_R8,field_4_8,15.319689407881638,0.9975351045131339,0.2,0.6,40,1.0,0.5424001742381971,0.5424001742381971,0.9808955091101859
N250_fixed_A1.202729962,250,1.2027299618659357,rms_positive_rho_R8,field_4_8,15.319689407881638,0.9975351045131339,0.2,0.6,40,1.0,0.37932994298640854,0.37932994298640854,0.9688243044814526
N250_fixed_A1.202729962,250,1.2027299618659357,rms_gradient_R8,field_4_8,15.319689407881638,0.9975351045131339,0.2,0.6,40,1.0,0.6059716906647664,0.6059716906647664,0.9956051940861417
N250_fixed_A1.202729962,250,1.2027299618659357,field_r50,field_4_8,15.319689407881638,0.9975351045131339,0.2,0.6,40,1.0,0.6046220078597649,0.6046220078597649,0.9976412951382609
N250_fixed_A1.202729962,250,1.2027299618659357,field_r20,field_4_8,15.319689407881638,0.9975351045131339,0.2,0.6,40,1.0,0.6056553564669688,0.6056553564669688,0.9991780864722511
N250_fixed_A1.202729962,250,1.2027299618659357,mean_r2_signed_R8,field_4_8,15.319689407881638,0.9975351045131339,0.2,0.6,40,1.0,-0.028764127836924887,-0.014382063918462444,0.45257561743540875
N250_fixed_A1.202729962,250,1.2027299618659357,rms_signed_R4,field_4_8,15.319689407881638,0.9975351045131339,0.4,1.0,60,1.0,0.02826468405462239,0.02826468405462239,0.9412528695349283
N250_fixed_A1.202729962,250,1.2027299618659357,rms_signed_R8,field_4_8,15.319689407881638,0.9975351045131339,0.4,1.0,60,1.0,0.02013901439015073,0.02013901439015073,0.9918811164858287
N250_fixed_A1.202729962,250,1.2027299618659357,rms_signed_R12,field_4_8,15.319689407881638,0.9975351045131339,0.4,1.0,60,1.0,0.03630968682034779,0.03630968682034779,0.9785224478631724
N250_fixed_A1.202729962,250,1.2027299618659357,rms_absrho_R8,field_4_8,15.319689407881638,0.9975351045131339,0.4,1.0,60,1.0,0.28088423608189417,0.28088423608189417,0.9773194808297664
N250_fixed_A1.202729962,250,1.2027299618659357,rms_positive_rho_R8,field_4_8,15.319689407881638,0.9975351045131339,0.4,1.0,60,1.0,0.1741810668844136,0.1741810668844136,0.9731062944193659
N250_fixed_A1.202729962,250,1.2027299618659357,rms_gradient_R8,field_4_8,15.319689407881638,0.9975351045131339,0.4,1.0,60,1.0,0.43126554304254533,0.43126554304254533,0.9913650155364206
N250_fixed_A1.202729962,250,1.2027299618659357,field_r50,field_4_8,15.319689407881638,0.9975351045131339,0.4,1.0,60,1.0,0.5576069769631439,0.5576069769631439,0.999910074007962
N250_fixed_A1.202729962,250,1.2027299618659357,field_r20,field_4_8,15.319689407881638,0.9975351045131339,0.4,1.0,60,1.0,0.6244810707965426,0.6244810707965426,0.9993597049840405
N250_fixed_A1.202729962,250,1.2027299618659357,mean_r2_signed_R8,field_4_8,15.319689407881638,0.9975351045131339,0.4,1.0,60,1.0,0.04027802878030261,0.020139014390151304,0.9918811164858291
N250_fixed_A1.202729962,250,1.2027299618659357,rms_signed_R4,field_4_8,15.319689407881638,0.9975351045131339,0.8,1.6,80,1.0,-0.04509663077641847,-0.04509663077641847,0.6153381031377829
N250_fixed_A1.202729962,250,1.2027299618659357,rms_signed_R8,field_4_8,15.319689407881638,0.9975351045131339,0.8,1.6,80,1.0,-0.00883008205987055,-0.00883008205987055,0.27532657955931383
N250_fixed_A1.202729962,250,1.2027299618659357,rms_signed_R12,field_4_8,15.319689407881638,0.9975351045131339,0.8,1.6,80,1.0,0.01709117645010984,0.01709117645010984,0.5610387069311886
N250_fixed_A1.202729962,250,1.2027299618659357,rms_absrho_R8,field_4_8,15.319689407881638,0.9975351045131339,0.8,1.6,80,1.0,0.1044422685174023,0.1044422685174023,0.9365327080137879
N250_fixed_A1.202729962,250,1.2027299618659357,rms_positive_rho_R8,field_4_8,15.319689407881638,0.9975351045131339,0.8,1.6,80,1.0,0.05153201883916757,0.05153201883916757,0.8495529211428035
N250_fixed_A1.202729962,250,1.2027299618659357,rms_gradient_R8,field_4_8,15.319689407881638,0.9975351045131339,0.8,1.6,80,1.0,0.19227576579680375,0.19227576579680375,0.9433736032143223
N250_fixed_A1.202729962,250,1.2027299618659357,field_r50,field_4_8,15.319689407881638,0.9975351045131339,0.8,1.6,80,1.0,0.5669302293671953,0.5669302293671953,0.9972011946416822
N250_fixed_A1.202729962,250,1.2027299618659357,field_r20,field_4_8,15.319689407881638,0.9975351045131339,0.8,1.6,80,1.0,0.21193337342875776,0.21193337342875776,0.7726465173133616
N250_fixed_A1.202729962,250,1.2027299618659357,mean_r2_signed_R8,field_4_8,15.319689407881638,0.9975351045131339,0.8,1.6,80,1.0,-0.0176601641197411,-0.00883008205987055,0.27532657955931783
N250_fixed_A1.202729962,250,1.2027299618659357,rms_signed_R4,field_8_12,15.25171413991589,0.999852650247216,0.1,0.3,20,1.0,-0.10964118850750293,-0.10964118850750293,0.9658540102842325
N250_fixed_A1.202729962,250,1.2027299618659357,rms_signed_R8,field_8_12,15.25171413991589,0.999852650247216,0.1,0.3,20,1.0,-0.05094462295357727,-0.05094462295357727,0.9338576357793673
N250_fixed_A1.202729962,250,1.2027299618659357,rms_signed_R12,field_8_12,15.25171413991589,0.999852650247216,0.1,0.3,20,1.0,-0.03430074543150297,-0.03430074543150297,0.9344251240085093
N250_fixed_A1.202729962,250,1.2027299618659357,rms_absrho_R8,field_8_12,15.25171413991589,0.999852650247216,0.1,0.3,20,1.0,0.5591668994268515,0.5591668994268515,0.9965999291496825
N250_fixed_A1.202729962,250,1.2027299618659357,rms_positive_rho_R8,field_8_12,15.25171413991589,0.999852650247216,0.1,0.3,20,1.0,0.43623677369914704,0.43623677369914704,0.991324762629376
N250_fixed_A1.202729962,250,1.2027299618659357,rms_gradient_R8,field_8_12,15.25171413991589,0.999852650247216,0.1,0.3,20,1.0,0.5277251809078335,0.5277251809078335,0.9995935840809338
N250_fixed_A1.202729962,250,1.2027299618659357,field_r50,field_8_12,15.25171413991589,0.999852650247216,0.1,0.3,20,1.0,0.5164162023386972,0.5164162023386972,0.9993519698999621
N250_fixed_A1.202729962,250,1.2027299618659357,field_r20,field_8_12,15.25171413991589,0.999852650247216,0.1,0.3,20,1.0,0.49652673794246566,0.49652673794246566,0.9995043045532245
N250_fixed_A1.202729962,250,1.2027299618659357,mean_r2_signed_R8,field_8_12,15.25171413991589,0.999852650247216,0.1,0.3,20,1.0,-0.10188924590715474,-0.05094462295357737,0.9338576357793674
N250_fixed_A1.202729962,250,1.2027299618659357,rms_signed_R4,field_8_12,15.25171413991589,0.999852650247216,0.2,0.6,40,1.0,-0.016536114085822277,-0.016536114085822277,0.4860025671496686
N250_fixed_A1.202729962,250,1.2027299618659357,rms_signed_R8,field_8_12,15.25171413991589,0.999852650247216,0.2,0.6,40,1.0,0.0019103356566909182,0.0019103356566909182,0.054602693080706755
N250_fixed_A1.202729962,250,1.2027299618659357,rms_signed_R12,field_8_12,15.25171413991589,0.999852650247216,0.2,0.6,40,1.0,0.007854239622542787,0.007854239622542787,0.47127723540474886
N250_fixed_A1.202729962,250,1.2027299618659357,rms_absrho_R8,field_8_12,15.25171413991589,0.999852650247216,0.2,0.6,40,1.0,0.38296933736984917,0.38296933736984917,0.9897331879564043
N250_fixed_A1.202729962,250,1.2027299618659357,rms_positive_rho_R8,field_8_12,15.25171413991589,0.999852650247216,0.2,0.6,40,1.0,0.2551837941882827,0.2551837941882827,0.9836103885910898
N250_fixed_A1.202729962,250,1.2027299618659357,rms_gradient_R8,field_8_12,15.25171413991589,0.999852650247216,0.2,0.6,40,1.0,0.4684399825693224,0.4684399825693224,0.9987688810934555
N250_fixed_A1.202729962,250,1.2027299618659357,field_r50,field_8_12,15.25171413991589,0.999852650247216,0.2,0.6,40,1.0,0.48121253961269433,0.48121253961269433,0.9999761536928881
N250_fixed_A1.202729962,250,1.2027299618659357,field_r20,field_8_12,15.25171413991589,0.999852650247216,0.2,0.6,40,1.0,0.49702677862745187,0.49702677862745187,0.999291537518427
N250_fixed_A1.202729962,250,1.2027299618659357,mean_r2_signed_R8,field_8_12,15.25171413991589,0.999852650247216,0.2,0.6,40,1.0,0.0038206713133815194,0.0019103356566907597,0.05460269308071297
N250_fixed_A1.202729962,250,1.2027299618659357,rms_signed_R4,field_8_12,15.25171413991589,0.999852650247216,0.4,1.0,60,1.0,0.028800862767795556,0.028800862767795556,0.9842552094605334
N250_fixed_A1.202729962,250,1.2027299618659357,rms_signed_R8,field_8_12,15.25171413991589,0.999852650247216,0.4,1.0,60,1.0,0.018775425420627212,0.018775425420627212,0.9965718669817097
N250_fixed_A1.202729962,250,1.2027299618659357,rms_signed_R12,field_8_12,15.25171413991589,0.999852650247216,0.4,1.0,60,1.0,0.03609005235939061,0.03609005235939061,0.9904328808583711
N250_fixed_A1.202729962,250,1.2027299618659357,rms_absrho_R8,field_8_12,15.25171413991589,0.999852650247216,0.4,1.0,60,1.0,0.22389248600784695,0.22389248600784695,0.98220167110755
N250_fixed_A1.202729962,250,1.2027299618659357,rms_positive_rho_R8,field_8_12,15.25171413991589,0.999852650247216,0.4,1.0,60,1.0,0.13712234486683827,0.13712234486683827,0.9789888632168968
N250_fixed_A1.202729962,250,1.2027299618659357,rms_gradient_R8,field_8_12,15.25171413991589,0.999852650247216,0.4,1.0,60,1.0,0.3607205538323554,0.3607205538323554,0.9925149110186694
N250_fixed_A1.202729962,250,1.2027299618659357,field_r50,field_8_12,15.25171413991589,0.999852650247216,0.4,1.0,60,1.0,0.5071407979068959,0.5071407979068959,0.9993864051446264
N250_fixed_A1.202729962,250,1.2027299618659357,field_r20,field_8_12,15.25171413991589,0.999852650247216,0.4,1.0,60,1.0,0.5586267510258587,0.5586267510258587,0.9983284898178496
N250_fixed_A1.202729962,250,1.2027299618659357,mean_r2_signed_R8,field_8_12,15.25171413991589,0.999852650247216,0.4,1.0,60,1.0,0.03755085084125554,0.01877542542062777,0.9965718669817097
N250_fixed_A1.202729962,250,1.2027299618659357,rms_signed_R4,field_8_12,15.25171413991589,0.999852650247216,0.8,1.6,80,1.0,-0.06273809866453547,-0.06273809866453547,0.7350937341236861
N250_fixed_A1.202729962,250,1.2027299618659357,rms_signed_R8,field_8_12,15.25171413991589,0.999852650247216,0.8,1.6,80,1.0,-0.016878579211542732,-0.016878579211542732,0.516742143458923
N250_fixed_A1.202729962,250,1.2027299618659357,rms_signed_R12,field_8_12,15.25171413991589,0.999852650247216,0.8,1.6,80,1.0,0.007395976892700892,0.007395976892700892,0.16290003650968643
N250_fixed_A1.202729962,250,1.2027299618659357,rms_absrho_R8,field_8_12,15.25171413991589,0.999852650247216,0.8,1.6,80,1.0,0.0828049511545606,0.0828049511545606,0.9113662616311209
N250_fixed_A1.202729962,250,1.2027299618659357,rms_positive_rho_R8,field_8_12,15.25171413991589,0.999852650247216,0.8,1.6,80,1.0,0.03589913482037511,0.03589913482037511,0.7314311760947807
N250_fixed_A1.202729962,250,1.2027299618659357,rms_gradient_R8,field_8_12,15.25171413991589,0.999852650247216,0.8,1.6,80,1.0,0.1548117125874989,0.1548117125874989,0.9255065154939406
N250_fixed_A1.202729962,250,1.2027299618659357,field_r50,field_8_12,15.25171413991589,0.999852650247216,0.8,1.6,80,1.0,0.5162591651792718,0.5162591651792718,0.993530355870326
N250_fixed_A1.202729962,250,1.2027299618659357,field_r20,field_8_12,15.25171413991589,0.999852650247216,0.8,1.6,80,1.0,0.13797928562023723,0.13797928562023723,0.675935544347131
N250_fixed_A1.202729962,250,1.2027299618659357,mean_r2_signed_R8,field_8_12,15.25171413991589,0.999852650247216,0.8,1.6,80,1.0,-0.033757158423085465,-0.016878579211542732,0.516742143458925
N250_fixed_A1.202729962,250,1.2027299618659357,rms_signed_R4,field_12_20,15.239081279476531,0.9999073336297873,0.1,0.3,20,1.0,-0.08694701706326526,-0.08694701706326526,0.9668547087552892
N250_fixed_A1.202729962,250,1.2027299618659357,rms_signed_R8,field_12_20,15.239081279476531,0.9999073336297873,0.1,0.3,20,1.0,-0.03747672484933884,-0.03747672484933884,0.9296266673336374
N250_fixed_A1.202729962,250,1.2027299618659357,rms_signed_R12,field_12_20,15.239081279476531,0.9999073336297873,0.1,0.3,20,1.0,-0.025200132819346088,-0.025200132819346088,0.9261350680941995
N250_fixed_A1.202729962,250,1.2027299618659357,rms_absrho_R8,field_12_20,15.239081279476531,0.9999073336297873,0.1,0.3,20,1.0,0.49774075341010204,0.49774075341010204,0.9977752589922533
N250_fixed_A1.202729962,250,1.2027299618659357,rms_positive_rho_R8,field_12_20,15.239081279476531,0.9999073336297873,0.1,0.3,20,1.0,0.3770288798195719,0.3770288798195719,0.9937864565698122
N250_fixed_A1.202729962,250,1.2027299618659357,rms_gradient_R8,field_12_20,15.239081279476531,0.9999073336297873,0.1,0.3,20,1.0,0.4851016700386978,0.4851016700386978,0.9999361909660801
N250_fixed_A1.202729962,250,1.2027299618659357,field_r50,field_12_20,15.239081279476531,0.9999073336297873,0.1,0.3,20,1.0,0.4729578782472412,0.4729578782472412,0.9998839896490904
N250_fixed_A1.202729962,250,1.2027299618659357,field_r20,field_12_20,15.239081279476531,0.9999073336297873,0.1,0.3,20,1.0,0.4562267576917127,0.4562267576917127,0.9999621501303633
N250_fixed_A1.202729962,250,1.2027299618659357,mean_r2_signed_R8,field_12_20,15.239081279476531,0.9999073336297873,0.1,0.3,20,1.0,-0.07495344969867788,-0.03747672484933894,0.9296266673336371
N250_fixed_A1.202729962,250,1.2027299618659357,rms_signed_R4,field_12_20,15.239081279476531,0.9999073336297873,0.2,0.6,40,1.0,-0.009191108960622623,-0.009191108960622623,0.2766432575295783
N250_fixed_A1.202729962,250,1.2027299618659357,rms_signed_R8,field_12_20,15.239081279476531,0.9999073336297873,0.2,0.6,40,1.0,0.005029515522942077,0.005029515522942077,0.363404650564802
N250_fixed_A1.202729962,250,1.2027299618659357,rms_signed_R12,field_12_20,15.239081279476531,0.9999073336297873,0.2,0.6,40,1.0,0.010903239931233712,0.010903239931233712,0.6757821351269113
N250_fixed_A1.202729962,250,1.2027299618659357,rms_absrho_R8,field_12_20,15.239081279476531,0.9999073336297873,0.2,0.6,40,1.0,0.3543050250839295,0.3543050250839295,0.9908300104507135
N250_fixed_A1.202729962,250,1.2027299618659357,rms_positive_rho_R8,field_12_20,15.239081279476531,0.9999073336297873,0.2,0.6,40,1.0,0.23318081350811845,0.23318081350811845,0.985760778958102
N250_fixed_A1.202729962,250,1.2027299618659357,rms_gradient_R8,field_12_20,15.239081279476531,0.9999073336297873,0.2,0.6,40,1.0,0.4458189251980742,0.4458189251980742,0.9989857681065587
N250_fixed_A1.202729962,250,1.2027299618659357,field_r50,field_12_20,15.239081279476531,0.9999073336297873,0.2,0.6,40,1.0,0.464123706184405,0.464123706184405,0.9999663103214825
N250_fixed_A1.202729962,250,1.2027299618659357,field_r20,field_12_20,15.239081279476531,0.9999073336297873,0.2,0.6,40,1.0,0.48487633609979036,0.48487633609979036,0.9987945616476629
N250_fixed_A1.202729962,250,1.2027299618659357,mean_r2_signed_R8,field_12_20,15.239081279476531,0.9999073336297873,0.2,0.6,40,1.0,0.01005903104588441,0.005029515522942205,0.3634046505648004
N250_fixed_A1.202729962,250,1.2027299618659357,rms_signed_R4,field_12_20,15.239081279476531,0.9999073336297873,0.4,1.0,60,1.0,0.028623246568601945,0.028623246568601945,0.9864387803243242
N250_fixed_A1.202729962,250,1.2027299618659357,rms_signed_R8,field_12_20,15.239081279476531,0.9999073336297873,0.4,1.0,60,1.0,0.018384636598311972,0.018384636598311972,0.9957783511308689
N250_fixed_A1.202729962,250,1.2027299618659357,rms_signed_R12,field_12_20,15.239081279476531,0.9999073336297873,0.4,1.0,60,1.0,0.03626110595377938,0.03626110595377938,0.9930718969879402
N250_fixed_A1.202729962,250,1.2027299618659357,rms_absrho_R8,field_12_20,15.239081279476531,0.9999073336297873,0.4,1.0,60,1.0,0.21149116931054768,0.21149116931054768,0.9830366763607378
N250_fixed_A1.202729962,250,1.2027299618659357,rms_positive_rho_R8,field_12_20,15.239081279476531,0.9999073336297873,0.4,1.0,60,1.0,0.12904497468823706,0.12904497468823706,0.9799405348909216
N250_fixed_A1.202729962,250,1.2027299618659357,rms_gradient_R8,field_12_20,15.239081279476531,0.9999073336297873,0.4,1.0,60,1.0,0.3455456906756078,0.3455456906756078,0.9924649623573831
N250_fixed_A1.202729962,250,1.2027299618659357,field_r50,field_12_20,15.239081279476531,0.9999073336297873,0.4,1.0,60,1.0,0.5005295111157305,0.5005295111157305,0.999239599772575
N250_fixed_A1.202729962,250,1.2027299618659357,field_r20,field_12_20,15.239081279476531,0.9999073336297873,0.4,1.0,60,1.0,0.5449531706731663,0.5449531706731663,0.9975642192081067
N250_fixed_A1.202729962,250,1.2027299618659357,mean_r2_signed_R8,field_12_20,15.239081279476531,0.9999073336297873,0.4,1.0,60,1.0,0.036769273196623944,0.018384636598311972,0.9957783511308688
N250_fixed_A1.202729962,250,1.2027299618659357,rms_signed_R4,field_12_20,15.239081279476531,0.9999073336297873,0.8,1.6,80,1.0,-0.06928190822990102,-0.06928190822990102,0.7637626947005961
N250_fixed_A1.202729962,250,1.2027299618659357,rms_signed_R8,field_12_20,15.239081279476531,0.9999073336297873,0.8,1.6,80,1.0,-0.01989493478016014,-0.01989493478016014,0.5731756907799401
N250_fixed_A1.202729962,250,1.2027299618659357,rms_signed_R12,field_12_20,15.239081279476531,0.9999073336297873,0.8,1.6,80,1.0,0.004098442240557806,0.004098442240557806,0.05226762692783071
N250_fixed_A1.202729962,250,1.2027299618659357,rms_absrho_R8,field_12_20,15.239081279476531,0.9999073336297873,0.8,1.6,80,1.0,0.07671489726265963,0.07671489726265963,0.8978548878172347
N250_fixed_A1.202729962,250,1.2027299618659357,rms_positive_rho_R8,field_12_20,15.239081279476531,0.9999073336297873,0.8,1.6,80,1.0,0.031153937857090256,0.031153937857090256,0.6643193755687848
N250_fixed_A1.202729962,250,1.2027299618659357,rms_gradient_R8,field_12_20,15.239081279476531,0.9999073336297873,0.8,1.6,80,1.0,0.14444217003013493,0.14444217003013493,0.9166130042395473
N250_fixed_A1.202729962,250,1.2027299618659357,field_r50,field_12_20,15.239081279476531,0.9999073336297873,0.8,1.6,80,1.0,0.5029608196344146,0.5029608196344146,0.9914770273871625
N250_fixed_A1.202729962,250,1.2027299618659357,field_r20,field_12_20,15.239081279476531,0.9999073336297873,0.8,1.6,80,1.0,0.11736794966667793,0.11736794966667793,0.6274805944818223
N250_fixed_A1.202729962,250,1.2027299618659357,mean_r2_signed_R8,field_12_20,15.239081279476531,0.9999073336297873,0.8,1.6,80,1.0,-0.03978986956032028,-0.01989493478016014,0.5731756907799413
N250_fixed_A1.202729962,250,1.2027299618659357,rms_signed_R4,current_last40_rule,15.277326706319664,0.9948627090845342,0.1,0.3,19,1.0,-0.13940053288274598,-0.13940053288274598,0.9660018703661842
N250_fixed_A1.202729962,250,1.2027299618659357,rms_signed_R8,current_last40_rule,15.277326706319664,0.9948627090845342,0.1,0.3,19,1.0,-0.0669437683606826,-0.0669437683606826,0.9407654759269962
N250_fixed_A1.202729962,250,1.2027299618659357,rms_signed_R12,current_last40_rule,15.277326706319664,0.9948627090845342,0.1,0.3,19,1.0,-0.044738342701671915,-0.044738342701671915,0.9447935752961598
N250_fixed_A1.202729962,250,1.2027299618659357,rms_absrho_R8,current_last40_rule,15.277326706319664,0.9948627090845342,0.1,0.3,19,1.0,0.6699007110393661,0.6699007110393661,0.9941021589599648
N250_fixed_A1.202729962,250,1.2027299618659357,rms_positive_rho_R8,current_last40_rule,15.277326706319664,0.9948627090845342,0.1,0.3,19,1.0,0.5327803466740215,0.5327803466740215,0.9875368786182513
N250_fixed_A1.202729962,250,1.2027299618659357,rms_gradient_R8,current_last40_rule,15.277326706319664,0.9948627090845342,0.1,0.3,19,1.0,0.6198069645552777,0.6198069645552777,0.9982261901499143
N250_fixed_A1.202729962,250,1.2027299618659357,field_r50,current_last40_rule,15.277326706319664,0.9948627090845342,0.1,0.3,19,1.0,0.6083367217373937,0.6083367217373937,0.9976391327984233
N250_fixed_A1.202729962,250,1.2027299618659357,field_r20,current_last40_rule,15.277326706319664,0.9948627090845342,0.1,0.3,19,1.0,0.5839017451999238,0.5839017451999238,0.9978251721263761
N250_fixed_A1.202729962,250,1.2027299618659357,mean_r2_signed_R8,current_last40_rule,15.277326706319664,0.9948627090845342,0.1,0.3,19,1.0,-0.13388753672136564,-0.06694376836068282,0.9407654759269967
N250_fixed_A1.202729962,250,1.2027299618659357,rms_signed_R4,current_last40_rule,15.277326706319664,0.9948627090845342,0.2,0.6,40,1.0,-0.026154835949367735,-0.026154835949367735,0.6191222108109966
N250_fixed_A1.202729962,250,1.2027299618659357,rms_signed_R8,current_last40_rule,15.277326706319664,0.9948627090845342,0.2,0.6,40,1.0,-0.0020394215296161834,-0.0020394215296161834,0.04042161881949313
N250_fixed_A1.202729962,250,1.2027299618659357,rms_signed_R12,current_last40_rule,15.277326706319664,0.9948627090845342,0.2,0.6,40,1.0,0.004502112166859824,0.004502112166859824,0.18056807491660043
N250_fixed_A1.202729962,250,1.2027299618659357,rms_absrho_R8,current_last40_rule,15.277326706319664,0.9948627090845342,0.2,0.6,40,1.0,0.4312986680810118,0.4312986680810118,0.9871674349465829
N250_fixed_A1.202729962,250,1.2027299618659357,rms_positive_rho_R8,current_last40_rule,15.277326706319664,0.9948627090845342,0.2,0.6,40,1.0,0.2914352157581488,0.2914352157581488,0.9794107131146131
N250_fixed_A1.202729962,250,1.2027299618659357,rms_gradient_R8,current_last40_rule,15.277326706319664,0.9948627090845342,0.2,0.6,40,1.0,0.5124338957464091,0.5124338957464091,0.9979905697958957
N250_fixed_A1.202729962,250,1.2027299618659357,field_r50,current_last40_rule,15.277326706319664,0.9948627090845342,0.2,0.6,40,1.0,0.5203939521054112,0.5203939521054112,0.9996826099363331
N250_fixed_A1.202729962,250,1.2027299618659357,field_r20,current_last40_rule,15.277326706319664,0.9948627090845342,0.2,0.6,40,1.0,0.5317192291005122,0.5317192291005122,0.9998031026647448
N250_fixed_A1.202729962,250,1.2027299618659357,mean_r2_signed_R8,current_last40_rule,15.277326706319664,0.9948627090845342,0.2,0.6,40,1.0,-0.004078843059232367,-0.0020394215296161834,0.040421618819494354
N250_fixed_A1.202729962,250,1.2027299618659357,rms_signed_R4,current_last40_rule,15.277326706319664,0.9948627090845342,0.4,1.0,60,1.0,0.029198436870689046,0.029198436870689046,0.9773931835686581
N250_fixed_A1.202729962,250,1.2027299618659357,rms_signed_R8,current_last40_rule,15.277326706319664,0.9948627090845342,0.4,1.0,60,1.0,0.019448230372810307,0.019448230372810307,0.9963782899368091
N250_fixed_A1.202729962,250,1.2027299618659357,rms_signed_R12,current_last40_rule,15.277326706319664,0.9948627090845342,0.4,1.0,60,1.0,0.03651160860539078,0.03651160860539078,0.987551443801897
N250_fixed_A1.202729962,250,1.2027299618659357,rms_absrho_R8,current_last40_rule,15.277326706319664,0.9948627090845342,0.4,1.0,60,1.0,0.24218531055869424,0.24218531055869424,0.9805830508713442
N250_fixed_A1.202729962,250,1.2027299618659357,rms_positive_rho_R8,current_last40_rule,15.277326706319664,0.9948627090845342,0.4,1.0,60,1.0,0.14890055438356994,0.14890055438356994,0.9771188373431561
N250_fixed_A1.202729962,250,1.2027299618659357,rms_gradient_R8,current_last40_rule,15.277326706319664,0.9948627090845342,0.4,1.0,60,1.0,0.3844001757824226,0.3844001757824226,0.9920982009499606
N250_fixed_A1.202729962,250,1.2027299618659357,field_r50,current_last40_rule,15.277326706319664,0.9948627090845342,0.4,1.0,60,1.0,0.5251127477362405,0.5251127477362405,0.999629167860925
N250_fixed_A1.202729962,250,1.2027299618659357,field_r20,current_last40_rule,15.277326706319664,0.9948627090845342,0.4,1.0,60,1.0,0.5832999221659083,0.5832999221659083,0.9988079625883797
N250_fixed_A1.202729962,250,1.2027299618659357,mean_r2_signed_R8,current_last40_rule,15.277326706319664,0.9948627090845342,0.4,1.0,60,1.0,0.03889646074562147,0.019448230372810734,0.9963782899368089
N250_fixed_A1.202729962,250,1.2027299618659357,rms_signed_R4,current_last40_rule,15.277326706319664,0.9948627090845342,0.8,1.6,80,1.0,-0.05699509832485242,-0.05699509832485242,0.7021623671880527
N250_fixed_A1.202729962,250,1.2027299618659357,rms_signed_R8,current_last40_rule,15.277326706319664,0.9948627090845342,0.8,1.6,80,1.0,-0.014164592574225822,-0.014164592574225822,0.4496145929730645
N250_fixed_A1.202729962,250,1.2027299618659357,rms_signed_R12,current_last40_rule,15.277326706319664,0.9948627090845342,0.8,1.6,80,1.0,0.010698547450801362,0.010698547450801362,0.30184138314563314
N250_fixed_A1.202729962,250,1.2027299618659357,rms_absrho_R8,current_last40_rule,15.277326706319664,0.9948627090845342,0.8,1.6,80,1.0,0.0899933123131012,0.0899933123131012,0.921591727297127
N250_fixed_A1.202729962,250,1.2027299618659357,rms_positive_rho_R8,current_last40_rule,15.277326706319664,0.9948627090845342,0.8,1.6,80,1.0,0.04109592233926813,0.04109592233926813,0.7817235446993653
N250_fixed_A1.202729962,250,1.2027299618659357,rms_gradient_R8,current_last40_rule,15.277326706319664,0.9948627090845342,0.8,1.6,80,1.0,0.16726302080467378,0.16726302080467378,0.9324280180154191
N250_fixed_A1.202729962,250,1.2027299618659357,field_r50,current_last40_rule,15.277326706319664,0.9948627090845342,0.8,1.6,80,1.0,0.5349163130846087,0.5349163130846087,0.9950355644144729
N250_fixed_A1.202729962,250,1.2027299618659357,field_r20,current_last40_rule,15.277326706319664,0.9948627090845342,0.8,1.6,80,1.0,0.16146864995948418,0.16146864995948418,0.714215905726415
N250_fixed_A1.202729962,250,1.2027299618659357,mean_r2_signed_R8,current_last40_rule,15.277326706319664,0.9948627090845342,0.8,1.6,80,1.0,-0.028329185148451643,-0.014164592574225822,0.4496145929730665
N250_fixed_A1.202729962,250,1.2027299618659357,rms_signed_R4,joint_powerlaw_20,15.219885673558863,0.9999799734260918,0.1,0.3,20,0.817338637117418,-0.0670042266600757,-0.0670042266600757,0.9672939673152854
N250_fixed_A1.202729962,250,1.2027299618659357,rms_signed_R8,joint_powerlaw_20,15.219885673558863,0.9999799734260918,0.1,0.3,20,0.817338637117418,-0.026502044070408855,-0.026502044070408855,0.9211536079446447
N250_fixed_A1.202729962,250,1.2027299618659357,rms_signed_R12,joint_powerlaw_20,15.219885673558863,0.9999799734260918,0.1,0.3,20,0.817338637117418,-0.01763091673196048,-0.01763091673196048,0.9089103091954966
N250_fixed_A1.202729962,250,1.2027299618659357,rms_absrho_R8,joint_powerlaw_20,15.219885673558863,0.9999799734260918,0.1,0.3,20,0.817338637117418,0.4329990215574958,0.4329990215574958,0.9987975945950758
N250_fixed_A1.202729962,250,1.2027299618659357,rms_positive_rho_R8,joint_powerlaw_20,15.219885673558863,0.9999799734260918,0.1,0.3,20,0.817338637117418,0.3194950348952136,0.3194950348952136,0.9960098365365165
N250_fixed_A1.202729962,250,1.2027299618659357,rms_gradient_R8,joint_powerlaw_20,15.219885673558863,0.9999799734260918,0.1,0.3,20,0.817338637117418,0.4358123870427826,0.4358123870427826,0.999970073619856
N250_fixed_A1.202729962,250,1.2027299618659357,field_r50,joint_powerlaw_20,15.219885673558863,0.9999799734260918,0.1,0.3,20,0.817338637117418,0.4242340616331113,0.4242340616331113,0.9999765809141158
N250_fixed_A1.202729962,250,1.2027299618659357,field_r20,joint_powerlaw_20,15.219885673558863,0.9999799734260918,0.1,0.3,20,0.817338637117418,0.41114583622809087,0.41114583622809087,0.9998625662260281
N250_fixed_A1.202729962,250,1.2027299618659357,mean_r2_signed_R8,joint_powerlaw_20,15.219885673558863,0.9999799734260918,0.1,0.3,20,0.817338637117418,-0.05300408814081791,-0.026502044070408955,0.9211536079446453
N250_fixed_A1.202729962,250,1.2027299618659357,rms_signed_R4,joint_powerlaw_20,15.219885673558863,0.9999799734260918,0.2,0.6,40,0.817338637117418,-0.002974216910668365,-0.002974216910668365,0.051065039824736314
N250_fixed_A1.202729962,250,1.2027299618659357,rms_signed_R8,joint_powerlaw_20,15.219885673558863,0.9999799734260918,0.2,0.6,40,0.817338637117418,0.007361722469285479,0.007361722469285479,0.640241561426286
N250_fixed_A1.202729962,250,1.2027299618659357,rms_signed_R12,joint_powerlaw_20,15.219885673558863,0.9999799734260918,0.2,0.6,40,0.817338637117418,0.013270656604938995,0.013270656604938995,0.7911540367050165
N250_fixed_A1.202729962,250,1.2027299618659357,rms_absrho_R8,joint_powerlaw_20,15.219885673558863,0.9999799734260918,0.2,0.6,40,0.817338637117418,0.3230406165043002,0.3230406165043002,0.992189649864424
N250_fixed_A1.202729962,250,1.2027299618659357,rms_positive_rho_R8,joint_powerlaw_20,15.219885673558863,0.9999799734260918,0.2,0.6,40,0.817338637117418,0.21032696929016748,0.21032696929016748,0.9880839856528606
N250_fixed_A1.202729962,250,1.2027299618659357,rms_gradient_R8,joint_powerlaw_20,15.219885673558863,0.9999799734260918,0.2,0.6,40,0.817338637117418,0.41761404445424966,0.41761404445424966,0.9992692554886724
N250_fixed_A1.202729962,250,1.2027299618659357,field_r50,joint_powerlaw_20,15.219885673558863,0.9999799734260918,0.2,0.6,40,0.817338637117418,0.4412679538107153,0.4412679538107153,0.9998052379057691
N250_fixed_A1.202729962,250,1.2027299618659357,field_r20,joint_powerlaw_20,15.219885673558863,0.9999799734260918,0.2,0.6,40,0.817338637117418,0.4664315094294129,0.4664315094294129,0.9980463915525415
N250_fixed_A1.202729962,250,1.2027299618659357,mean_r2_signed_R8,joint_powerlaw_20,15.219885673558863,0.9999799734260918,0.2,0.6,40,0.817338637117418,0.014723444938570958,0.007361722469285479,0.6402415614262837
N250_fixed_A1.202729962,250,1.2027299618659357,rms_signed_R4,joint_powerlaw_20,15.219885673558863,0.9999799734260918,0.4,1.0,60,0.817338637117418,0.027811757242827587,0.027811757242827587,0.9841943002497666
N250_fixed_A1.202729962,250,1.2027299618659357,rms_signed_R8,joint_powerlaw_20,15.219885673558863,0.9999799734260918,0.4,1.0,60,0.817338637117418,0.01771536673055971,0.01771536673055971,0.9941842696250068
N250_fixed_A1.202729962,250,1.2027299618659357,rms_signed_R12,joint_powerlaw_20,15.219885673558863,0.9999799734260918,0.4,1.0,60,0.817338637117418,0.03591350889417758,0.03591350889417758,0.9949302044966369
N250_fixed_A1.202729962,250,1.2027299618659357,rms_absrho_R8,joint_powerlaw_20,15.219885673558863,0.9999799734260918,0.4,1.0,60,0.817338637117418,0.19802639948179102,0.19802639948179102,0.9840890090159364
N250_fixed_A1.202729962,250,1.2027299618659357,rms_positive_rho_R8,joint_powerlaw_20,15.219885673558863,0.9999799734260918,0.4,1.0,60,0.817338637117418,0.12039190351648409,0.12039190351648409,0.9810673383984045
N250_fixed_A1.202729962,250,1.2027299618659357,rms_gradient_R8,joint_powerlaw_20,15.219885673558863,0.9999799734260918,0.4,1.0,60,0.817338637117418,0.32776570541928407,0.32776570541928407,0.9925795400954269
N250_fixed_A1.202729962,250,1.2027299618659357,field_r50,joint_powerlaw_20,15.219885673558863,0.9999799734260918,0.4,1.0,60,0.817338637117418,0.4894893707609814,0.4894893707609814,0.9990253033849489
N250_fixed_A1.202729962,250,1.2027299618659357,field_r20,joint_powerlaw_20,15.219885673558863,0.9999799734260918,0.4,1.0,60,0.817338637117418,0.5249991181229675,0.5249991181229675,0.9965168542920824
N250_fixed_A1.202729962,250,1.2027299618659357,mean_r2_signed_R8,joint_powerlaw_20,15.219885673558863,0.9999799734260918,0.4,1.0,60,0.817338637117418,0.035430733461118726,0.017715366730559363,0.9941842696250064
N250_fixed_A1.202729962,250,1.2027299618659357,rms_signed_R4,joint_powerlaw_20,15.219885673558863,0.9999799734260918,0.8,1.6,80,0.817338637117418,-0.07547699436034318,-0.07547699436034318,0.7877927685362462
N250_fixed_A1.202729962,250,1.2027299618659357,rms_signed_R8,joint_powerlaw_20,15.219885673558863,0.9999799734260918,0.8,1.6,80,0.817338637117418,-0.02290075107486284,-0.02290075107486284,0.6194276284722867
N250_fixed_A1.202729962,250,1.2027299618659357,rms_signed_R12,joint_powerlaw_20,15.219885673558863,0.9999799734260918,0.8,1.6,80,0.817338637117418,0.0007066559646339909,0.0007066559646339909,0.0015339106580932738
N250_fixed_A1.202729962,250,1.2027299618659357,rms_absrho_R8,joint_powerlaw_20,15.219885673558863,0.9999799734260918,0.8,1.6,80,0.817338637117418,0.07030427898588666,0.07030427898588666,0.8811454801225052
N250_fixed_A1.202729962,250,1.2027299618659357,rms_positive_rho_R8,joint_powerlaw_20,15.219885673558863,0.9999799734260918,0.8,1.6,80,0.817338637117418,0.026255366267907556,0.026255366267907556,0.5775563904547389
N250_fixed_A1.202729962,250,1.2027299618659357,rms_gradient_R8,joint_powerlaw_20,15.219885673558863,0.9999799734260918,0.8,1.6,80,0.817338637117418,0.13352954692111188,0.13352954692111188,0.9062044193315142
N250_fixed_A1.202729962,250,1.2027299618659357,field_r50,joint_powerlaw_20,15.219885673558863,0.9999799734260918,0.8,1.6,80,0.817338637117418,0.4861354386665773,0.4861354386665773,0.9889871012256167
N250_fixed_A1.202729962,250,1.2027299618659357,field_r20,joint_powerlaw_20,15.219885673558863,0.9999799734260918,0.8,1.6,80,0.817338637117418,0.097374340265935,0.097374340265935,0.5672338873253031
N250_fixed_A1.202729962,250,1.2027299618659357,mean_r2_signed_R8,joint_powerlaw_20,15.219885673558863,0.9999799734260918,0.8,1.6,80,0.817338637117418,-0.04580150214972718,-0.02290075107486359,0.619427628472287
N250_fixed_A1.202729962,250,1.2027299618659357,rms_signed_R4,joint_powerlaw_40,15.211100213574838,0.9998363962032377,0.1,0.3,20,0.7544428679459978,-0.06381723798462731,-0.06381723798462731,0.969751801198225
N250_fixed_A1.202729962,250,1.2027299618659357,rms_signed_R8,joint_powerlaw_40,15.211100213574838,0.9998363962032377,0.1,0.3,20,0.7544428679459978,-0.025261015983299082,-0.025261015983299082,0.9249227185617381
N250_fixed_A1.202729962,250,1.2027299618659357,rms_signed_R12,joint_powerlaw_40,15.211100213574838,0.9998363962032377,0.1,0.3,20,0.7544428679459978,-0.01680799785843874,-0.01680799785843874,0.9129220877175999
N250_fixed_A1.202729962,250,1.2027299618659357,rms_absrho_R8,joint_powerlaw_40,15.211100213574838,0.9998363962032377,0.1,0.3,20,0.7544428679459978,0.4119692169869976,0.4119692169869976,0.9992259307601414
N250_fixed_A1.202729962,250,1.2027299618659357,rms_positive_rho_R8,joint_powerlaw_40,15.211100213574838,0.9998363962032377,0.1,0.3,20,0.7544428679459978,0.3040402646611524,0.3040402646611524,0.9968460915866512
N250_fixed_A1.202729962,250,1.2027299618659357,rms_gradient_R8,joint_powerlaw_40,15.211100213574838,0.9998363962032377,0.1,0.3,20,0.7544428679459978,0.41453118858814564,0.41453118858814564,0.9998452603159461
N250_fixed_A1.202729962,250,1.2027299618659357,field_r50,joint_powerlaw_40,15.211100213574838,0.9998363962032377,0.1,0.3,20,0.7544428679459978,0.4035194034667922,0.4035194034667922,0.9998575050617632
N250_fixed_A1.202729962,250,1.2027299618659357,field_r20,joint_powerlaw_40,15.211100213574838,0.9998363962032377,0.1,0.3,20,0.7544428679459978,0.39105207032514633,0.39105207032514633,0.9996505315203541
N250_fixed_A1.202729962,250,1.2027299618659357,mean_r2_signed_R8,joint_powerlaw_40,15.211100213574838,0.9998363962032377,0.1,0.3,20,0.7544428679459978,-0.05052203196659785,-0.025261015983298926,0.9249227185617379
N250_fixed_A1.202729962,250,1.2027299618659357,rms_signed_R4,joint_powerlaw_40,15.211100213574838,0.9998363962032377,0.2,0.6,40,0.7544428679459978,-0.0029454424369359895,-0.0029454424369359895,0.05265550849539147
N250_fixed_A1.202729962,250,1.2027299618659357,rms_signed_R8,joint_powerlaw_40,15.211100213574838,0.9998363962032377,0.2,0.6,40,0.7544428679459978,0.007160190247762827,0.007160190247762827,0.6367932316872236
N250_fixed_A1.202729962,250,1.2027299618659357,rms_signed_R12,joint_powerlaw_40,15.211100213574838,0.9998363962032377,0.2,0.6,40,0.7544428679459978,0.012918411260924589,0.012918411260924589,0.7882405486855757
N250_fixed_A1.202729962,250,1.2027299618659357,rms_absrho_R8,joint_powerlaw_40,15.211100213574838,0.9998363962032377,0.2,0.6,40,0.7544428679459978,0.31514413863185625,0.31514413863185625,0.9928033492946304
N250_fixed_A1.202729962,250,1.2027299618659357,rms_positive_rho_R8,joint_powerlaw_40,15.211100213574838,0.9998363962032377,0.2,0.6,40,0.7544428679459978,0.20520154909821567,0.20520154909821567,0.9888479936487222
N250_fixed_A1.202729962,250,1.2027299618659357,rms_gradient_R8,joint_powerlaw_40,15.211100213574838,0.9998363962032377,0.2,0.6,40,0.7544428679459978,0.40731450869922703,0.40731450869922703,0.9994393131615458
N250_fixed_A1.202729962,250,1.2027299618659357,field_r50,joint_powerlaw_40,15.211100213574838,0.9998363962032377,0.2,0.6,40,0.7544428679459978,0.4303250196951548,0.4303250196951548,0.9996964699030547
N250_fixed_A1.202729962,250,1.2027299618659357,field_r20,joint_powerlaw_40,15.211100213574838,0.9998363962032377,0.2,0.6,40,0.7544428679459978,0.45481683208472773,0.45481683208472773,0.9977284545432056
N250_fixed_A1.202729962,250,1.2027299618659357,mean_r2_signed_R8,joint_powerlaw_40,15.211100213574838,0.9998363962032377,0.2,0.6,40,0.7544428679459978,0.014320380495525812,0.007160190247762906,0.6367932316872202
N250_fixed_A1.202729962,250,1.2027299618659357,rms_signed_R4,joint_powerlaw_40,15.211100213574838,0.9998363962032377,0.4,1.0,60,0.7544428679459978,0.027432494776291262,0.027432494776291262,0.9842922005560019
N250_fixed_A1.202729962,250,1.2027299618659357,rms_signed_R8,joint_powerlaw_40,15.211100213574838,0.9998363962032377,0.4,1.0,60,0.7544428679459978,0.017474263230684125,0.017474263230684125,0.9943374297906777
N250_fixed_A1.202729962,250,1.2027299618659357,rms_signed_R12,joint_powerlaw_40,15.211100213574838,0.9998363962032377,0.4,1.0,60,0.7544428679459978,0.035418196421887406,0.035418196421887406,0.9947163777542712
N250_fixed_A1.202729962,250,1.2027299618659357,rms_absrho_R8,joint_powerlaw_40,15.211100213574838,0.9998363962032377,0.4,1.0,60,0.7544428679459978,0.19535672372657864,0.19535672372657864,0.9844969458589955
N250_fixed_A1.202729962,250,1.2027299618659357,rms_positive_rho_R8,joint_powerlaw_40,15.211100213574838,0.9998363962032377,0.4,1.0,60,0.7544428679459978,0.1187711466219663,0.1187711466219663,0.9815119721803993
N250_fixed_A1.202729962,250,1.2027299618659357,rms_gradient_R8,joint_powerlaw_40,15.211100213574838,0.9998363962032377,0.4,1.0,60,0.7544428679459978,0.3233247171236747,0.3233247171236747,0.9928543837827041
N250_fixed_A1.202729962,250,1.2027299618659357,field_r50,joint_powerlaw_40,15.211100213574838,0.9998363962032377,0.4,1.0,60,0.7544428679459978,0.48276526112154383,0.48276526112154383,0.9989216548353045
N250_fixed_A1.202729962,250,1.2027299618659357,field_r20,joint_powerlaw_40,15.211100213574838,0.9998363962032377,0.4,1.0,60,0.7544428679459978,0.5178398555855162,0.5178398555855162,0.9966160895150359
N250_fixed_A1.202729962,250,1.2027299618659357,mean_r2_signed_R8,joint_powerlaw_40,15.211100213574838,0.9998363962032377,0.4,1.0,60,0.7544428679459978,0.03494852646136825,0.017474263230684125,0.9943374297906774
N250_fixed_A1.202729962,250,1.2027299618659357,rms_signed_R4,joint_powerlaw_40,15.211100213574838,0.9998363962032377,0.8,1.6,80,0.7544428679459978,-0.07486938146278728,-0.07486938146278728,0.787237550863069
N250_fixed_A1.202729962,250,1.2027299618659357,rms_signed_R8,joint_powerlaw_40,15.211100213574838,0.9998363962032377,0.8,1.6,80,0.7544428679459978,-0.022712628567471516,-0.022712628567471516,0.6187859349416927
N250_fixed_A1.202729962,250,1.2027299618659357,rms_signed_R12,joint_powerlaw_40,15.211100213574838,0.9998363962032377,0.8,1.6,80,0.7544428679459978,0.0007131593543690202,0.0007131593543690202,0.0015866154875837646
N250_fixed_A1.202729962,250,1.2027299618659357,rms_absrho_R8,joint_powerlaw_40,15.211100213574838,0.9998363962032377,0.8,1.6,80,0.7544428679459978,0.06978038109261131,0.06978038109261131,0.8815872295062646
N250_fixed_A1.202729962,250,1.2027299618659357,rms_positive_rho_R8,joint_powerlaw_40,15.211100213574838,0.9998363962032377,0.8,1.6,80,0.7544428679459978,0.026068259649566213,0.026068259649566213,0.5782249448626899
N250_fixed_A1.202729962,250,1.2027299618659357,rms_gradient_R8,joint_powerlaw_40,15.211100213574838,0.9998363962032377,0.8,1.6,80,0.7544428679459978,0.13253058154193567,0.13253058154193567,0.9066050801943245
N250_fixed_A1.202729962,250,1.2027299618659357,field_r50,joint_powerlaw_40,15.211100213574838,0.9998363962032377,0.8,1.6,80,0.7544428679459978,0.48242155228379646,0.48242155228379646,0.9891086125006822
N250_fixed_A1.202729962,250,1.2027299618659357,field_r20,joint_powerlaw_40,15.211100213574838,0.9998363962032377,0.8,1.6,80,0.7544428679459978,0.09668312195966915,0.09668312195966915,0.5679223484485068
N250_fixed_A1.202729962,250,1.2027299618659357,mean_r2_signed_R8,joint_powerlaw_40,15.211100213574838,0.9998363962032377,0.8,1.6,80,0.7544428679459978,-0.04542525713494483,-0.022712628567472415,0.6187859349416922
N250_fixed_A1.202729962,250,1.2027299618659357,rms_signed_R4,joint_powerlaw_80,15.210698910199795,0.9998248477868728,0.1,0.3,20,0.7518170222226377,-0.06367102628289971,-0.06367102628289971,0.9698682396724316
N250_fixed_A1.202729962,250,1.2027299618659357,rms_signed_R8,joint_powerlaw_80,15.210698910199795,0.9998248477868728,0.1,0.3,20,0.7518170222226377,-0.025204081582588217,-0.025204081582588217,0.9251028600465798
N250_fixed_A1.202729962,250,1.2027299618659357,rms_signed_R12,joint_powerlaw_80,15.210698910199795,0.9998248477868728,0.1,0.3,20,0.7518170222226377,-0.01677024445731663,-0.01677024445731663,0.9131139626033917
N250_fixed_A1.202729962,250,1.2027299618659357,rms_absrho_R8,joint_powerlaw_80,15.210698910199795,0.9998248477868728,0.1,0.3,20,0.7518170222226377,0.41100440783317643,0.41100440783317643,0.9992440552795836
N250_fixed_A1.202729962,250,1.2027299618659357,rms_positive_rho_R8,joint_powerlaw_80,15.210698910199795,0.9998248477868728,0.1,0.3,20,0.7518170222226377,0.30333123146200813,0.30333123146200813,0.9968839724679562
N250_fixed_A1.202729962,250,1.2027299618659357,rms_gradient_R8,joint_powerlaw_80,15.210698910199795,0.9998248477868728,0.1,0.3,20,0.7518170222226377,0.41355484635747036,0.41355484635747036,0.999836641629962
N250_fixed_A1.202729962,250,1.2027299618659357,field_r50,joint_powerlaw_80,15.210698910199795,0.9998248477868728,0.1,0.3,20,0.7518170222226377,0.40256905566192003,0.40256905566192003,0.9998491766117067
N250_fixed_A1.202729962,250,1.2027299618659357,field_r20,joint_powerlaw_80,15.210698910199795,0.9998248477868728,0.1,0.3,20,0.7518170222226377,0.3901302096537009,0.3901302096537009,0.9996377193086142
N250_fixed_A1.202729962,250,1.2027299618659357,mean_r2_signed_R8,joint_powerlaw_80,15.210698910199795,0.9998248477868728,0.1,0.3,20,0.7518170222226377,-0.050408163165176434,-0.025204081582588217,0.9251028600465796
N250_fixed_A1.202729962,250,1.2027299618659357,rms_signed_R4,joint_powerlaw_80,15.210698910199795,0.9998248477868728,0.2,0.6,40,0.7518170222226377,-0.002944126537892231,-0.002944126537892231,0.05273086549609918
N250_fixed_A1.202729962,250,1.2027299618659357,rms_signed_R8,joint_powerlaw_80,15.210698910199795,0.9998248477868728,0.2,0.6,40,0.7518170222226377,0.007150963583419423,0.007150963583419423,0.6366308384508914
N250_fixed_A1.202729962,250,1.2027299618659357,rms_signed_R12,joint_powerlaw_80,15.210698910199795,0.9998248477868728,0.2,0.6,40,0.7518170222226377,0.01290228574559016,0.01290228574559016,0.7881032081746959
N250_fixed_A1.202729962,250,1.2027299618659357,rms_absrho_R8,joint_powerlaw_80,15.210698910199795,0.9998248477868728,0.2,0.6,40,0.7518170222226377,0.31478265510833003,0.31478265510833003,0.9928315689386282
N250_fixed_A1.202729962,250,1.2027299618659357,rms_positive_rho_R8,joint_powerlaw_80,15.210698910199795,0.9998248477868728,0.2,0.6,40,0.7518170222226377,0.2049669197038906,0.2049669197038906,0.9888832931255116
N250_fixed_A1.202729962,250,1.2027299618659357,rms_gradient_R8,joint_powerlaw_80,15.210698910199795,0.9998248477868728,0.2,0.6,40,0.7518170222226377,0.4068430157177811,0.4068430157177811,0.9994466625200155
N250_fixed_A1.202729962,250,1.2027299618659357,field_r50,joint_powerlaw_80,15.210698910199795,0.9998248477868728,0.2,0.6,40,0.7518170222226377,0.429824075313856,0.429824075313856,0.9996907256628802
N250_fixed_A1.202729962,250,1.2027299618659357,field_r20,joint_powerlaw_80,15.210698910199795,0.9998248477868728,0.2,0.6,40,0.7518170222226377,0.4542851377539478,0.4542851377539478,0.997712887508098
N250_fixed_A1.202729962,250,1.2027299618659357,mean_r2_signed_R8,joint_powerlaw_80,15.210698910199795,0.9998248477868728,0.2,0.6,40,0.7518170222226377,0.014301927166839161,0.007150963583419581,0.6366308384508945
N250_fixed_A1.202729962,250,1.2027299618659357,rms_signed_R4,joint_powerlaw_80,15.210698910199795,0.9998248477868728,0.4,1.0,60,0.7518170222226377,0.027415155931779425,0.027415155931779425,0.9842965734720016
N250_fixed_A1.202729962,250,1.2027299618659357,rms_signed_R8,joint_powerlaw_80,15.210698910199795,0.9998248477868728,0.4,1.0,60,0.7518170222226377,0.017463240823250913,0.017463240823250913,0.9943443853893591
N250_fixed_A1.202729962,250,1.2027299618659357,rms_signed_R12,joint_powerlaw_80,15.210698910199795,0.9998248477868728,0.4,1.0,60,0.7518170222226377,0.035395552556960384,0.035395552556960384,0.9947063174661056
N250_fixed_A1.202729962,250,1.2027299618659357,rms_absrho_R8,joint_powerlaw_80,15.210698910199795,0.9998248477868728,0.4,1.0,60,0.7518170222226377,0.19523467761387409,0.19523467761387409,0.9845157425893238
N250_fixed_A1.202729962,250,1.2027299618659357,rms_positive_rho_R8,joint_powerlaw_80,15.210698910199795,0.9998248477868728,0.4,1.0,60,0.7518170222226377,0.11869705260818725,0.11869705260818725,0.9815324722030336
N250_fixed_A1.202729962,250,1.2027299618659357,rms_gradient_R8,joint_powerlaw_80,15.210698910199795,0.9998248477868728,0.4,1.0,60,0.7518170222226377,0.3231216934189467,0.3231216934189467,0.9928670006897337
N250_fixed_A1.202729962,250,1.2027299618659357,field_r50,joint_powerlaw_80,15.210698910199795,0.9998248477868728,0.4,1.0,60,0.7518170222226377,0.4824578628004082,0.4824578628004082,0.998916717030363
N250_fixed_A1.202729962,250,1.2027299618659357,field_r20,joint_powerlaw_80,15.210698910199795,0.9998248477868728,0.4,1.0,60,0.7518170222226377,0.517512560075655,0.517512560075655,0.9966205470000408
N250_fixed_A1.202729962,250,1.2027299618659357,mean_r2_signed_R8,joint_powerlaw_80,15.210698910199795,0.9998248477868728,0.4,1.0,60,0.7518170222226377,0.03492648164650183,0.017463240823250913,0.9943443853893588
N250_fixed_A1.202729962,250,1.2027299618659357,rms_signed_R4,joint_powerlaw_80,15.210698910199795,0.9998248477868728,0.8,1.6,80,0.7518170222226377,-0.07484161968119989,-0.07484161968119989,0.7872119659113974
N250_fixed_A1.202729962,250,1.2027299618659357,rms_signed_R8,joint_powerlaw_80,15.210698910199795,0.9998248477868728,0.8,1.6,80,0.7518170222226377,-0.022704033332542332,-0.022704033332542332,0.6187563771584169
N250_fixed_A1.202729962,250,1.2027299618659357,rms_signed_R12,joint_powerlaw_80,15.210698910199795,0.9998248477868728,0.8,1.6,80,0.7518170222226377,0.0007134564060034409,0.0007134564060034409,0.0015890641391227422
N250_fixed_A1.202729962,250,1.2027299618659357,rms_absrho_R8,joint_powerlaw_80,15.210698910199795,0.9998248477868728,0.8,1.6,80,0.7518170222226377,0.0697564440868165,0.0697564440868165,0.8816075577830766
N250_fixed_A1.202729962,250,1.2027299618659357,rms_positive_rho_R8,joint_powerlaw_80,15.210698910199795,0.9998248477868728,0.8,1.6,80,0.7518170222226377,0.02605971065358441,0.02605971065358441,0.5782557317653141
N250_fixed_A1.202729962,250,1.2027299618659357,rms_gradient_R8,joint_powerlaw_80,15.210698910199795,0.9998248477868728,0.8,1.6,80,0.7518170222226377,0.13248493866263011,0.13248493866263011,0.906623515563766
N250_fixed_A1.202729962,250,1.2027299618659357,field_r50,joint_powerlaw_80,15.210698910199795,0.9998248477868728,0.8,1.6,80,0.7518170222226377,0.4822518637381128,0.4822518637381128,0.9891141839122733
N250_fixed_A1.202729962,250,1.2027299618659357,field_r20,joint_powerlaw_80,15.210698910199795,0.9998248477868728,0.8,1.6,80,0.7518170222226377,0.09665154048568075,0.09665154048568075,0.5679540608475414
N250_fixed_A1.202729962,250,1.2027299618659357,mean_r2_signed_R8,joint_powerlaw_80,15.210698910199795,0.9998248477868728,0.8,1.6,80,0.7518170222226377,-0.0454080666650862,-0.0227040333325431,0.6187563771584168
N1000_fixed_A1.202729962,1000,1.2027299618659357,rms_signed_R4,field_2_4,15.687779705617219,0.9969359893148398,0.1,0.3,0,1.0,nan,nan,nan
N1000_fixed_A1.202729962,1000,1.2027299618659357,rms_signed_R8,field_2_4,15.687779705617219,0.9969359893148398,0.1,0.3,0,1.0,nan,nan,nan
N1000_fixed_A1.202729962,1000,1.2027299618659357,rms_signed_R12,field_2_4,15.687779705617219,0.9969359893148398,0.1,0.3,0,1.0,nan,nan,nan
N1000_fixed_A1.202729962,1000,1.2027299618659357,rms_absrho_R8,field_2_4,15.687779705617219,0.9969359893148398,0.1,0.3,0,1.0,nan,nan,nan
N1000_fixed_A1.202729962,1000,1.2027299618659357,rms_positive_rho_R8,field_2_4,15.687779705617219,0.9969359893148398,0.1,0.3,0,1.0,nan,nan,nan
N1000_fixed_A1.202729962,1000,1.2027299618659357,rms_gradient_R8,field_2_4,15.687779705617219,0.9969359893148398,0.1,0.3,0,1.0,nan,nan,nan
N1000_fixed_A1.202729962,1000,1.2027299618659357,field_r50,field_2_4,15.687779705617219,0.9969359893148398,0.1,0.3,0,1.0,nan,nan,nan
N1000_fixed_A1.202729962,1000,1.2027299618659357,field_r20,field_2_4,15.687779705617219,0.9969359893148398,0.1,0.3,0,1.0,nan,nan,nan
N1000_fixed_A1.202729962,1000,1.2027299618659357,mean_r2_signed_R8,field_2_4,15.687779705617219,0.9969359893148398,0.1,0.3,0,1.0,nan,nan,nan
N1000_fixed_A1.202729962,1000,1.2027299618659357,rms_signed_R4,field_2_4,15.687779705617219,0.9969359893148398,0.2,0.6,14,1.0,-0.4776633450903818,-0.4776633450903818,0.9553382855400937
N1000_fixed_A1.202729962,1000,1.2027299618659357,rms_signed_R8,field_2_4,15.687779705617219,0.9969359893148398,0.2,0.6,14,1.0,-0.23372876268060008,-0.23372876268060008,0.9304947747556521
N1000_fixed_A1.202729962,1000,1.2027299618659357,rms_signed_R12,field_2_4,15.687779705617219,0.9969359893148398,0.2,0.6,14,1.0,-0.15882359356635892,-0.15882359356635892,0.9375232195783811
N1000_fixed_A1.202729962,1000,1.2027299618659357,rms_absrho_R8,field_2_4,15.687779705617219,0.9969359893148398,0.2,0.6,14,1.0,2.1834415848087274,2.1834415848087274,0.9841388771704546
N1000_fixed_A1.202729962,1000,1.2027299618659357,rms_positive_rho_R8,field_2_4,15.687779705617219,0.9969359893148398,0.2,0.6,14,1.0,1.782006129503341,1.782006129503341,0.9768358360408799
N1000_fixed_A1.202729962,1000,1.2027299618659357,rms_gradient_R8,field_2_4,15.687779705617219,0.9969359893148398,0.2,0.6,14,1.0,1.957039300399808,1.957039300399808,0.9896013091114363
N1000_fixed_A1.202729962,1000,1.2027299618659357,field_r50,field_2_4,15.687779705617219,0.9969359893148398,0.2,0.6,14,1.0,1.9204741378635428,1.9204741378635428,0.988149361956133
N1000_fixed_A1.202729962,1000,1.2027299618659357,field_r20,field_2_4,15.687779705617219,0.9969359893148398,0.2,0.6,14,1.0,1.8329956637288354,1.8329956637288354,0.9880903247219016
N1000_fixed_A1.202729962,1000,1.2027299618659357,mean_r2_signed_R8,field_2_4,15.687779705617219,0.9969359893148398,0.2,0.6,14,1.0,-0.46745752536120017,-0.23372876268060008,0.9304947747556523
N1000_fixed_A1.202729962,1000,1.2027299618659357,rms_signed_R4,field_2_4,15.687779705617219,0.9969359893148398,0.4,1.0,54,1.0,-0.10543061412657481,-0.10543061412657481,0.529585999146315
N1000_fixed_A1.202729962,1000,1.2027299618659357,rms_signed_R8,field_2_4,15.687779705617219,0.9969359893148398,0.4,1.0,54,1.0,-0.029371308967205172,-0.029371308967205172,0.24457120251855358
N1000_fixed_A1.202729962,1000,1.2027299618659357,rms_signed_R12,field_2_4,15.687779705617219,0.9969359893148398,0.4,1.0,54,1.0,-0.014220923212366222,-0.014220923212366222,0.11725500742437023
N1000_fixed_A1.202729962,1000,1.2027299618659357,rms_absrho_R8,field_2_4,15.687779705617219,0.9969359893148398,0.4,1.0,54,1.0,1.071400059373218,1.071400059373218,0.9221405521729786
N1000_fixed_A1.202729962,1000,1.2027299618659357,rms_positive_rho_R8,field_2_4,15.687779705617219,0.9969359893148398,0.4,1.0,54,1.0,0.7753635015618922,0.7753635015618922,0.8915481404913892
N1000_fixed_A1.202729962,1000,1.2027299618659357,rms_gradient_R8,field_2_4,15.687779705617219,0.9969359893148398,0.4,1.0,54,1.0,1.1724154171452348,1.1724154171452348,0.9654553957278817
N1000_fixed_A1.202729962,1000,1.2027299618659357,field_r50,field_2_4,15.687779705617219,0.9969359893148398,0.4,1.0,54,1.0,1.1672220576897414,1.1672220576897414,0.9714991099108883
N1000_fixed_A1.202729962,1000,1.2027299618659357,field_r20,field_2_4,15.687779705617219,0.9969359893148398,0.4,1.0,54,1.0,1.164372116585098,1.164372116585098,0.9793561012237048
N1000_fixed_A1.202729962,1000,1.2027299618659357,mean_r2_signed_R8,field_2_4,15.687779705617219,0.9969359893148398,0.4,1.0,54,1.0,-0.05874261793441208,-0.02937130896720604,0.2445712025185539
N1000_fixed_A1.202729962,1000,1.2027299618659357,rms_signed_R4,field_2_4,15.687779705617219,0.9969359893148398,0.8,1.6,80,1.0,0.05923451344459944,0.05923451344459944,0.9477457345412631
N1000_fixed_A1.202729962,1000,1.2027299618659357,rms_signed_R8,field_2_4,15.687779705617219,0.9969359893148398,0.8,1.6,80,1.0,0.036416365284756766,0.036416365284756766,0.974391856902414
N1000_fixed_A1.202729962,1000,1.2027299618659357,rms_signed_R12,field_2_4,15.687779705617219,0.9969359893148398,0.8,1.6,80,1.0,0.06066159461510729,0.06066159461510729,0.9951729486004949
N1000_fixed_A1.202729962,1000,1.2027299618659357,rms_absrho_R8,field_2_4,15.687779705617219,0.9969359893148398,0.8,1.6,80,1.0,0.2918029608462732,0.2918029608462732,0.9570550294793091
N1000_fixed_A1.202729962,1000,1.2027299618659357,rms_positive_rho_R8,field_2_4,15.687779705617219,0.9969359893148398,0.8,1.6,80,1.0,0.1805176572266128,0.1805176572266128,0.952251817045615
N1000_fixed_A1.202729962,1000,1.2027299618659357,rms_gradient_R8,field_2_4,15.687779705617219,0.9969359893148398,0.8,1.6,80,1.0,0.50278490669509,0.50278490669509,0.9732846426326561
N1000_fixed_A1.202729962,1000,1.2027299618659357,field_r50,field_2_4,15.687779705617219,0.9969359893148398,0.8,1.6,80,1.0,0.7947804014463764,0.7947804014463764,0.9998592210996984
N1000_fixed_A1.202729962,1000,1.2027299618659357,field_r20,field_2_4,15.687779705617219,0.9969359893148398,0.8,1.6,80,1.0,0.7952893307136298,0.7952893307136298,0.9791654705155761
N1000_fixed_A1.202729962,1000,1.2027299618659357,mean_r2_signed_R8,field_2_4,15.687779705617219,0.9969359893148398,0.8,1.6,80,1.0,0.07283273056951353,0.036416365284756766,0.9743918569024141
N1000_fixed_A1.202729962,1000,1.2027299618659357,rms_signed_R4,field_4_8,15.383482903983982,0.9974438910658491,0.1,0.3,14,1.0,-0.20362900652116825,-0.20362900652116825,0.9716810783884211
N1000_fixed_A1.202729962,1000,1.2027299618659357,rms_signed_R8,field_4_8,15.383482903983982,0.9974438910658491,0.1,0.3,14,1.0,-0.09988474526460173,-0.09988474526460173,0.9510844062740498
N1000_fixed_A1.202729962,1000,1.2027299618659357,rms_signed_R12,field_4_8,15.383482903983982,0.9974438910658491,0.1,0.3,14,1.0,-0.0678294412119489,-0.0678294412119489,0.9570168504955455
N1000_fixed_A1.202729962,1000,1.2027299618659357,rms_absrho_R8,field_4_8,15.383482903983982,0.9974438910658491,0.1,0.3,14,1.0,0.9271976200608475,0.9271976200608475,0.9932280125851076
N1000_fixed_A1.202729962,1000,1.2027299618659357,rms_positive_rho_R8,field_4_8,15.383482903983982,0.9974438910658491,0.1,0.3,14,1.0,0.7576191296074638,0.7576191296074638,0.9881802510300232
N1000_fixed_A1.202729962,1000,1.2027299618659357,rms_gradient_R8,field_4_8,15.383482903983982,0.9974438910658491,0.1,0.3,14,1.0,0.8301648200624899,0.8301648200624899,0.9966001022307621
N1000_fixed_A1.202729962,1000,1.2027299618659357,field_r50,field_4_8,15.383482903983982,0.9974438910658491,0.1,0.3,14,1.0,0.8149023486016354,0.8149023486016354,0.995744501786569
N1000_fixed_A1.202729962,1000,1.2027299618659357,field_r20,field_4_8,15.383482903983982,0.9974438910658491,0.1,0.3,14,1.0,0.7777905850277821,0.7777905850277821,0.9957039843466948
N1000_fixed_A1.202729962,1000,1.2027299618659357,mean_r2_signed_R8,field_4_8,15.383482903983982,0.9974438910658491,0.1,0.3,14,1.0,-0.19976949052920345,-0.09988474526460173,0.9510844062740501
N1000_fixed_A1.202729962,1000,1.2027299618659357,rms_signed_R4,field_4_8,15.383482903983982,0.9974438910658491,0.2,0.6,40,1.0,-0.054143003655708684,-0.054143003655708684,0.7082205626520202
N1000_fixed_A1.202729962,1000,1.2027299618659357,rms_signed_R8,field_4_8,15.383482903983982,0.9974438910658491,0.2,0.6,40,1.0,-0.012164188024084383,-0.012164188024084383,0.30520892661863397
N1000_fixed_A1.202729962,1000,1.2027299618659357,rms_signed_R12,field_4_8,15.383482903983982,0.9974438910658491,0.2,0.6,40,1.0,-0.0068862393688178085,-0.0068862393688178085,0.1863109222974486
N1000_fixed_A1.202729962,1000,1.2027299618659357,rms_absrho_R8,field_4_8,15.383482903983982,0.9974438910658491,0.2,0.6,40,1.0,0.5804773074948353,0.5804773074948353,0.9789805063766982
N1000_fixed_A1.202729962,1000,1.2027299618659357,rms_positive_rho_R8,field_4_8,15.383482903983982,0.9974438910658491,0.2,0.6,40,1.0,0.4129626550378964,0.4129626550378964,0.9659196807197074
N1000_fixed_A1.202729962,1000,1.2027299618659357,rms_gradient_R8,field_4_8,15.383482903983982,0.9974438910658491,0.2,0.6,40,1.0,0.6365116489334394,0.6365116489334394,0.995098847383766
N1000_fixed_A1.202729962,1000,1.2027299618659357,field_r50,field_4_8,15.383482903983982,0.9974438910658491,0.2,0.6,40,1.0,0.6245365109248651,0.6245365109248651,0.996547793259084
N1000_fixed_A1.202729962,1000,1.2027299618659357,field_r20,field_4_8,15.383482903983982,0.9974438910658491,0.2,0.6,40,1.0,0.6171278745563159,0.6171278745563159,0.9983015801612973
N1000_fixed_A1.202729962,1000,1.2027299618659357,mean_r2_signed_R8,field_4_8,15.383482903983982,0.9974438910658491,0.2,0.6,40,1.0,-0.024328376048168766,-0.012164188024084383,0.3052089266186331
N1000_fixed_A1.202729962,1000,1.2027299618659357,rms_signed_R4,field_4_8,15.383482903983982,0.9974438910658491,0.4,1.0,60,1.0,0.042626134154080605,0.042626134154080605,0.9490736080506343
N1000_fixed_A1.202729962,1000,1.2027299618659357,rms_signed_R8,field_4_8,15.383482903983982,0.9974438910658491,0.4,1.0,60,1.0,0.02843490966955876,0.02843490966955876,0.9932262749421173
N1000_fixed_A1.202729962,1000,1.2027299618659357,rms_signed_R12,field_4_8,15.383482903983982,0.9974438910658491,0.4,1.0,60,1.0,0.03883509917582215,0.03883509917582215,0.9748936311671016
N1000_fixed_A1.202729962,1000,1.2027299618659357,rms_absrho_R8,field_4_8,15.383482903983982,0.9974438910658491,0.4,1.0,60,1.0,0.29682539096978855,0.29682539096978855,0.9778457955110756
N1000_fixed_A1.202729962,1000,1.2027299618659357,rms_positive_rho_R8,field_4_8,15.383482903983982,0.9974438910658491,0.4,1.0,60,1.0,0.1878287712722861,0.1878287712722861,0.974756433255569
N1000_fixed_A1.202729962,1000,1.2027299618659357,rms_gradient_R8,field_4_8,15.383482903983982,0.9974438910658491,0.4,1.0,60,1.0,0.4582819057038936,0.4582819057038936,0.9928407726206355
N1000_fixed_A1.202729962,1000,1.2027299618659357,field_r50,field_4_8,15.383482903983982,0.9974438910658491,0.4,1.0,60,1.0,0.5619672199619501,0.5619672199619501,0.9999217218977355
N1000_fixed_A1.202729962,1000,1.2027299618659357,field_r20,field_4_8,15.383482903983982,0.9974438910658491,0.4,1.0,60,1.0,0.6359234132503707,0.6359234132503707,0.9989780948774123
N1000_fixed_A1.202729962,1000,1.2027299618659357,mean_r2_signed_R8,field_4_8,15.383482903983982,0.9974438910658491,0.4,1.0,60,1.0,0.05686981933911752,0.02843490966955876,0.9932262749421175
N1000_fixed_A1.202729962,1000,1.2027299618659357,rms_signed_R4,field_4_8,15.383482903983982,0.9974438910658491,0.8,1.6,80,1.0,-0.012013598810835358,-0.012013598810835358,0.12133827869631975
N1000_fixed_A1.202729962,1000,1.2027299618659357,rms_signed_R8,field_4_8,15.383482903983982,0.9974438910658491,0.8,1.6,80,1.0,0.005510534541893152,0.005510534541893152,0.16780817629708145
N1000_fixed_A1.202729962,1000,1.2027299618659357,rms_signed_R12,field_4_8,15.383482903983982,0.9974438910658491,0.8,1.6,80,1.0,0.026095528295749043,0.026095528295749043,0.7853830627394798
N1000_fixed_A1.202729962,1000,1.2027299618659357,rms_absrho_R8,field_4_8,15.383482903983982,0.9974438910658491,0.8,1.6,80,1.0,0.11989980157783062,0.11989980157783062,0.9564372601264948
N1000_fixed_A1.202729962,1000,1.2027299618659357,rms_positive_rho_R8,field_4_8,15.383482903983982,0.9974438910658491,0.8,1.6,80,1.0,0.06661184648033656,0.06661184648033656,0.9180703846444026
N1000_fixed_A1.202729962,1000,1.2027299618659357,rms_gradient_R8,field_4_8,15.383482903983982,0.9974438910658491,0.8,1.6,80,1.0,0.22505898916048603,0.22505898916048603,0.9587104539681445
N1000_fixed_A1.202729962,1000,1.2027299618659357,field_r50,field_4_8,15.383482903983982,0.9974438910658491,0.8,1.6,80,1.0,0.597184806992031,0.597184806992031,0.9993004779106748
N1000_fixed_A1.202729962,1000,1.2027299618659357,field_r20,field_4_8,15.383482903983982,0.9974438910658491,0.8,1.6,80,1.0,0.29673903226303694,0.29673903226303694,0.8438554256822794
N1000_fixed_A1.202729962,1000,1.2027299618659357,mean_r2_signed_R8,field_4_8,15.383482903983982,0.9974438910658491,0.8,1.6,80,1.0,0.011021069083786304,0.005510534541893152,0.16780817629708078
N1000_fixed_A1.202729962,1000,1.2027299618659357,rms_signed_R4,field_8_12,15.309575240187483,0.9997906422958197,0.1,0.3,20,1.0,-0.09806758090589743,-0.09806758090589743,0.9594803075061433
N1000_fixed_A1.202729962,1000,1.2027299618659357,rms_signed_R8,field_8_12,15.309575240187483,0.9997906422958197,0.1,0.3,20,1.0,-0.041686255917382314,-0.041686255917382314,0.9104847923821796
N1000_fixed_A1.202729962,1000,1.2027299618659357,rms_signed_R12,field_8_12,15.309575240187483,0.9997906422958197,0.1,0.3,20,1.0,-0.02922810707313761,-0.02922810707313761,0.922245659805011
N1000_fixed_A1.202729962,1000,1.2027299618659357,rms_absrho_R8,field_8_12,15.309575240187483,0.9997906422958197,0.1,0.3,20,1.0,0.5554914923776961,0.5554914923776961,0.9966137156823499
N1000_fixed_A1.202729962,1000,1.2027299618659357,rms_positive_rho_R8,field_8_12,15.309575240187483,0.9997906422958197,0.1,0.3,20,1.0,0.4290722028976524,0.4290722028976524,0.9916583326164008
N1000_fixed_A1.202729962,1000,1.2027299618659357,rms_gradient_R8,field_8_12,15.309575240187483,0.9997906422958197,0.1,0.3,20,1.0,0.529395829322947,0.529395829322947,0.9996481727306007
N1000_fixed_A1.202729962,1000,1.2027299618659357,field_r50,field_8_12,15.309575240187483,0.9997906422958197,0.1,0.3,20,1.0,0.5136892964596621,0.5136892964596621,0.999398147086279
N1000_fixed_A1.202729962,1000,1.2027299618659357,field_r20,field_8_12,15.309575240187483,0.9997906422958197,0.1,0.3,20,1.0,0.4921027805238746,0.4921027805238746,0.9995403994675537
N1000_fixed_A1.202729962,1000,1.2027299618659357,mean_r2_signed_R8,field_8_12,15.309575240187483,0.9997906422958197,0.1,0.3,20,1.0,-0.08337251183476463,-0.041686255917382314,0.9104847923821798
N1000_fixed_A1.202729962,1000,1.2027299618659357,rms_signed_R4,field_8_12,15.309575240187483,0.9997906422958197,0.2,0.6,40,1.0,-0.005204587026284358,-0.005204587026284358,0.08167921982645299
N1000_fixed_A1.202729962,1000,1.2027299618659357,rms_signed_R8,field_8_12,15.309575240187483,0.9997906422958197,0.2,0.6,40,1.0,0.009668373166542732,0.009668373166542732,0.6055523231621408
N1000_fixed_A1.202729962,1000,1.2027299618659357,rms_signed_R12,field_8_12,15.309575240187483,0.9997906422958197,0.2,0.6,40,1.0,0.011164102433856729,0.011164102433856729,0.6505015286054673
N1000_fixed_A1.202729962,1000,1.2027299618659357,rms_absrho_R8,field_8_12,15.309575240187483,0.9997906422958197,0.2,0.6,40,1.0,0.3810871244774858,0.3810871244774858,0.9899336528484367
N1000_fixed_A1.202729962,1000,1.2027299618659357,rms_positive_rho_R8,field_8_12,15.309575240187483,0.9997906422958197,0.2,0.6,40,1.0,0.25459657797578844,0.25459657797578844,0.984687558878213
N1000_fixed_A1.202729962,1000,1.2027299618659357,rms_gradient_R8,field_8_12,15.309575240187483,0.9997906422958197,0.2,0.6,40,1.0,0.4739442222089504,0.4739442222089504,0.9989641725791334
N1000_fixed_A1.202729962,1000,1.2027299618659357,field_r50,field_8_12,15.309575240187483,0.9997906422958197,0.2,0.6,40,1.0,0.48015410203200837,0.48015410203200837,0.9999783322730312
N1000_fixed_A1.202729962,1000,1.2027299618659357,field_r20,field_8_12,15.309575240187483,0.9997906422958197,0.2,0.6,40,1.0,0.49279717144246654,0.49279717144246654,0.9993054192112226
N1000_fixed_A1.202729962,1000,1.2027299618659357,mean_r2_signed_R8,field_8_12,15.309575240187483,0.9997906422958197,0.2,0.6,40,1.0,0.019336746333084978,0.009668373166542489,0.6055523231621407
N1000_fixed_A1.202729962,1000,1.2027299618659357,rms_signed_R4,field_8_12,15.309575240187483,0.9997906422958197,0.4,1.0,60,1.0,0.04483601385895327,0.04483601385895327,0.990465088317607
N1000_fixed_A1.202729962,1000,1.2027299618659357,rms_signed_R8,field_8_12,15.309575240187483,0.9997906422958197,0.4,1.0,60,1.0,0.02667196541606826,0.02667196541606826,0.9986010938712311
N1000_fixed_A1.202729962,1000,1.2027299618659357,rms_signed_R12,field_8_12,15.309575240187483,0.9997906422958197,0.4,1.0,60,1.0,0.03974643208610028,0.03974643208610028,0.9909534483547799
N1000_fixed_A1.202729962,1000,1.2027299618659357,rms_absrho_R8,field_8_12,15.309575240187483,0.9997906422958197,0.4,1.0,60,1.0,0.22616777395968965,0.22616777395968965,0.9838310478486415
N1000_fixed_A1.202729962,1000,1.2027299618659357,rms_positive_rho_R8,field_8_12,15.309575240187483,0.9997906422958197,0.4,1.0,60,1.0,0.1414572736194735,0.1414572736194735,0.9820768887864206
N1000_fixed_A1.202729962,1000,1.2027299618659357,rms_gradient_R8,field_8_12,15.309575240187483,0.9997906422958197,0.4,1.0,60,1.0,0.37418737372541083,0.37418737372541083,0.993956803623934
N1000_fixed_A1.202729962,1000,1.2027299618659357,field_r50,field_8_12,15.309575240187483,0.9997906422958197,0.4,1.0,60,1.0,0.5086410559517471,0.5086410559517471,0.9992892354046446
N1000_fixed_A1.202729962,1000,1.2027299618659357,field_r20,field_8_12,15.309575240187483,0.9997906422958197,0.4,1.0,60,1.0,0.5766962940418134,0.5766962940418134,0.9988876101211533
N1000_fixed_A1.202729962,1000,1.2027299618659357,mean_r2_signed_R8,field_8_12,15.309575240187483,0.9997906422958197,0.4,1.0,60,1.0,0.05334393083213652,0.02667196541606826,0.9986010938712311
N1000_fixed_A1.202729962,1000,1.2027299618659357,rms_signed_R4,field_8_12,15.309575240187483,0.9997906422958197,0.8,1.6,80,1.0,-0.03617540637178884,-0.03617540637178884,0.5078462907367215
N1000_fixed_A1.202729962,1000,1.2027299618659357,rms_signed_R8,field_8_12,15.309575240187483,0.9997906422958197,0.8,1.6,80,1.0,-0.004943884094424588,-0.004943884094424588,0.09913695305039538
N1000_fixed_A1.202729962,1000,1.2027299618659357,rms_signed_R12,field_8_12,15.309575240187483,0.9997906422958197,0.8,1.6,80,1.0,0.013692150221753756,0.013692150221753756,0.42101793455751235
N1000_fixed_A1.202729962,1000,1.2027299618659357,rms_absrho_R8,field_8_12,15.309575240187483,0.9997906422958197,0.8,1.6,80,1.0,0.09288637200172971,0.09288637200172971,0.9368301316099977
N1000_fixed_A1.202729962,1000,1.2027299618659357,rms_positive_rho_R8,field_8_12,15.309575240187483,0.9997906422958197,0.8,1.6,80,1.0,0.04686716736729254,0.04686716736729254,0.8438127491706964
N1000_fixed_A1.202729962,1000,1.2027299618659357,rms_gradient_R8,field_8_12,15.309575240187483,0.9997906422958197,0.8,1.6,80,1.0,0.17626688825179093,0.17626688825179093,0.9425529977996752
N1000_fixed_A1.202729962,1000,1.2027299618659357,field_r50,field_8_12,15.309575240187483,0.9997906422958197,0.8,1.6,80,1.0,0.5467985015282132,0.5467985015282132,0.9972454277588155
N1000_fixed_A1.202729962,1000,1.2027299618659357,field_r20,field_8_12,15.309575240187483,0.9997906422958197,0.8,1.6,80,1.0,0.18984901391641684,0.18984901391641684,0.7623239759624003
N1000_fixed_A1.202729962,1000,1.2027299618659357,mean_r2_signed_R8,field_8_12,15.309575240187483,0.9997906422958197,0.8,1.6,80,1.0,-0.009887768188849176,-0.004943884094424588,0.0991369530503956
N1000_fixed_A1.202729962,1000,1.2027299618659357,rms_signed_R4,field_12_20,15.295876604975286,0.9999216172096324,0.1,0.3,20,1.0,-0.08334807091189073,-0.08334807091189073,0.9614948946290919
N1000_fixed_A1.202729962,1000,1.2027299618659357,rms_signed_R8,field_12_20,15.295876604975286,0.9999216172096324,0.1,0.3,20,1.0,-0.033701406751026154,-0.033701406751026154,0.9071145563212538
N1000_fixed_A1.202729962,1000,1.2027299618659357,rms_signed_R12,field_12_20,15.295876604975286,0.9999216172096324,0.1,0.3,20,1.0,-0.02387656677599736,-0.02387656677599736,0.9189585715724066
N1000_fixed_A1.202729962,1000,1.2027299618659357,rms_absrho_R8,field_12_20,15.295876604975286,0.9999216172096324,0.1,0.3,20,1.0,0.5032594077021594,0.5032594077021594,0.9977914775581341
N1000_fixed_A1.202729962,1000,1.2027299618659357,rms_positive_rho_R8,field_12_20,15.295876604975286,0.9999216172096324,0.1,0.3,20,1.0,0.38327021077641565,0.38327021077641565,0.9938415062112202
N1000_fixed_A1.202729962,1000,1.2027299618659357,rms_gradient_R8,field_12_20,15.295876604975286,0.9999216172096324,0.1,0.3,20,1.0,0.4874683235000316,0.4874683235000316,0.999950575487257
N1000_fixed_A1.202729962,1000,1.2027299618659357,field_r50,field_12_20,15.295876604975286,0.9999216172096324,0.1,0.3,20,1.0,0.4719331093638399,0.4719331093638399,0.9998670652695097
N1000_fixed_A1.202729962,1000,1.2027299618659357,field_r20,field_12_20,15.295876604975286,0.9999216172096324,0.1,0.3,20,1.0,0.45272732317877834,0.45272732317877834,0.9999393860159765
N1000_fixed_A1.202729962,1000,1.2027299618659357,mean_r2_signed_R8,field_12_20,15.295876604975286,0.9999216172096324,0.1,0.3,20,1.0,-0.06740281350205272,-0.03370140675102636,0.9071145563212538
N1000_fixed_A1.202729962,1000,1.2027299618659357,rms_signed_R4,field_12_20,15.295876604975286,0.9999216172096324,0.2,0.6,40,1.0,-0.0015169072747818326,-0.0015169072747818326,0.008841588040040316
N1000_fixed_A1.202729962,1000,1.2027299618659357,rms_signed_R8,field_12_20,15.295876604975286,0.9999216172096324,0.2,0.6,40,1.0,0.010897027985192133,0.010897027985192133,0.7049629468298046
N1000_fixed_A1.202729962,1000,1.2027299618659357,rms_signed_R12,field_12_20,15.295876604975286,0.9999216172096324,0.2,0.6,40,1.0,0.012373725883081832,0.012373725883081832,0.7211532285220095
N1000_fixed_A1.202729962,1000,1.2027299618659357,rms_absrho_R8,field_12_20,15.295876604975286,0.9999216172096324,0.2,0.6,40,1.0,0.35919854397167306,0.35919854397167306,0.9910616041957826
N1000_fixed_A1.202729962,1000,1.2027299618659357,rms_positive_rho_R8,field_12_20,15.295876604975286,0.9999216172096324,0.2,0.6,40,1.0,0.23864579198583452,0.23864579198583452,0.9864596194715783
N1000_fixed_A1.202729962,1000,1.2027299618659357,rms_gradient_R8,field_12_20,15.295876604975286,0.9999216172096324,0.2,0.6,40,1.0,0.45321680077998244,0.45321680077998244,0.9992383284852638
N1000_fixed_A1.202729962,1000,1.2027299618659357,field_r50,field_12_20,15.295876604975286,0.9999216172096324,0.2,0.6,40,1.0,0.4618701339563946,0.4618701339563946,0.9999670912708104
N1000_fixed_A1.202729962,1000,1.2027299618659357,field_r20,field_12_20,15.295876604975286,0.9999216172096324,0.2,0.6,40,1.0,0.47659804439335707,0.47659804439335707,0.9988977616417449
N1000_fixed_A1.202729962,1000,1.2027299618659357,mean_r2_signed_R8,field_12_20,15.295876604975286,0.9999216172096324,0.2,0.6,40,1.0,0.021794055970383783,0.010897027985191892,0.7049629468298073
N1000_fixed_A1.202729962,1000,1.2027299618659357,rms_signed_R4,field_12_20,15.295876604975286,0.9999216172096324,0.4,1.0,60,1.0,0.04433543588794346,0.04433543588794346,0.9920507341061237
N1000_fixed_A1.202729962,1000,1.2027299618659357,rms_signed_R8,field_12_20,15.295876604975286,0.9999216172096324,0.4,1.0,60,1.0,0.026145013054131434,0.026145013054131434,0.9986200168226586
N1000_fixed_A1.202729962,1000,1.2027299618659357,rms_signed_R12,field_12_20,15.295876604975286,0.9999216172096324,0.4,1.0,60,1.0,0.039395763423214755,0.039395763423214755,0.9919504757554826
N1000_fixed_A1.202729962,1000,1.2027299618659357,rms_absrho_R8,field_12_20,15.295876604975286,0.9999216172096324,0.4,1.0,60,1.0,0.21752964831044,0.21752964831044,0.9846264623183333
N1000_fixed_A1.202729962,1000,1.2027299618659357,rms_positive_rho_R8,field_12_20,15.295876604975286,0.9999216172096324,0.4,1.0,60,1.0,0.13589937480869388,0.13589937480869388,0.9829601653997299
N1000_fixed_A1.202729962,1000,1.2027299618659357,rms_gradient_R8,field_12_20,15.295876604975286,0.9999216172096324,0.4,1.0,60,1.0,0.36255491611667434,0.36255491611667434,0.9941630535294125
N1000_fixed_A1.202729962,1000,1.2027299618659357,field_r50,field_12_20,15.295876604975286,0.9999216172096324,0.4,1.0,60,1.0,0.49964603336437563,0.49964603336437563,0.9991319525818046
N1000_fixed_A1.202729962,1000,1.2027299618659357,field_r20,field_12_20,15.295876604975286,0.9999216172096324,0.4,1.0,60,1.0,0.5650599425221045,0.5650599425221045,0.9988076758315265
N1000_fixed_A1.202729962,1000,1.2027299618659357,mean_r2_signed_R8,field_12_20,15.295876604975286,0.9999216172096324,0.4,1.0,60,1.0,0.05229002610826287,0.026145013054131434,0.9986200168226584
N1000_fixed_A1.202729962,1000,1.2027299618659357,rms_signed_R4,field_12_20,15.295876604975286,0.9999216172096324,0.8,1.6,80,1.0,-0.03910323581903346,-0.03910323581903346,0.5433266769400725
N1000_fixed_A1.202729962,1000,1.2027299618659357,rms_signed_R8,field_12_20,15.295876604975286,0.9999216172096324,0.8,1.6,80,1.0,-0.006316338022124058,-0.006316338022124058,0.14715111771168254
N1000_fixed_A1.202729962,1000,1.2027299618659357,rms_signed_R12,field_12_20,15.295876604975286,0.9999216172096324,0.8,1.6,80,1.0,0.012022143530237233,0.012022143530237233,0.3528081846886205
N1000_fixed_A1.202729962,1000,1.2027299618659357,rms_absrho_R8,field_12_20,15.295876604975286,0.9999216172096324,0.8,1.6,80,1.0,0.08937680377910526,0.08937680377910526,0.9331041286547865
N1000_fixed_A1.202729962,1000,1.2027299618659357,rms_positive_rho_R8,field_12_20,15.295876604975286,0.9999216172096324,0.8,1.6,80,1.0,0.044313983575310835,0.044313983575310835,0.8281306551649119
N1000_fixed_A1.202729962,1000,1.2027299618659357,rms_gradient_R8,field_12_20,15.295876604975286,0.9999216172096324,0.8,1.6,80,1.0,0.1699132474631334,0.1699132474631334,0.9398341100926997
N1000_fixed_A1.202729962,1000,1.2027299618659357,field_r50,field_12_20,15.295876604975286,0.9999216172096324,0.8,1.6,80,1.0,0.5378917571490587,0.5378917571490587,0.99680803868621
N1000_fixed_A1.202729962,1000,1.2027299618659357,field_r20,field_12_20,15.295876604975286,0.9999216172096324,0.8,1.6,80,1.0,0.17721124001643807,0.17721124001643807,0.7487245437402951
N1000_fixed_A1.202729962,1000,1.2027299618659357,mean_r2_signed_R8,field_12_20,15.295876604975286,0.9999216172096324,0.8,1.6,80,1.0,-0.012632676044248116,-0.006316338022124058,0.14715111771168188
N1000_fixed_A1.202729962,1000,1.2027299618659357,rms_signed_R4,current_last40_rule,15.334326570271624,0.9946361122491346,0.1,0.3,19,1.0,-0.13665162505883718,-0.13665162505883718,0.960934246277466
N1000_fixed_A1.202729962,1000,1.2027299618659357,rms_signed_R8,current_last40_rule,15.334326570271624,0.9946361122491346,0.1,0.3,19,1.0,-0.06368711632395657,-0.06368711632395657,0.9251828716298617
N1000_fixed_A1.202729962,1000,1.2027299618659357,rms_signed_R12,current_last40_rule,15.334326570271624,0.9946361122491346,0.1,0.3,19,1.0,-0.04376211041183071,-0.04376211041183071,0.934873098011603
N1000_fixed_A1.202729962,1000,1.2027299618659357,rms_absrho_R8,current_last40_rule,15.334326570271624,0.9946361122491346,0.1,0.3,19,1.0,0.6789561508920228,0.6789561508920228,0.9942484389358697
N1000_fixed_A1.202729962,1000,1.2027299618659357,rms_positive_rho_R8,current_last40_rule,15.334326570271624,0.9946361122491346,0.1,0.3,19,1.0,0.5417492325285304,0.5417492325285304,0.988039862592349
N1000_fixed_A1.202729962,1000,1.2027299618659357,rms_gradient_R8,current_last40_rule,15.334326570271624,0.9946361122491346,0.1,0.3,19,1.0,0.6246291598398541,0.6246291598398541,0.9983029962301124
N1000_fixed_A1.202729962,1000,1.2027299618659357,field_r50,current_last40_rule,15.334326570271624,0.9946361122491346,0.1,0.3,19,1.0,0.6099026994918741,0.6099026994918741,0.9976161971841332
N1000_fixed_A1.202729962,1000,1.2027299618659357,field_r20,current_last40_rule,15.334326570271624,0.9946361122491346,0.1,0.3,19,1.0,0.5830014408305204,0.5830014408305204,0.9977259475794987
N1000_fixed_A1.202729962,1000,1.2027299618659357,mean_r2_signed_R8,current_last40_rule,15.334326570271624,0.9946361122491346,0.1,0.3,19,1.0,-0.12737423264791314,-0.06368711632395657,0.925182871629862
N1000_fixed_A1.202729962,1000,1.2027299618659357,rms_signed_R4,current_last40_rule,15.334326570271624,0.9946361122491346,0.2,0.6,40,1.0,-0.018689624072757965,-0.018689624072757965,0.4255009951349885
N1000_fixed_A1.202729962,1000,1.2027299618659357,rms_signed_R8,current_last40_rule,15.334326570271624,0.9946361122491346,0.2,0.6,40,1.0,0.00412330251807112,0.00412330251807112,0.13664470687641228
N1000_fixed_A1.202729962,1000,1.2027299618659357,rms_signed_R12,current_last40_rule,15.334326570271624,0.9946361122491346,0.2,0.6,40,1.0,0.006056978754588778,0.006056978754588778,0.281455774333071
N1000_fixed_A1.202729962,1000,1.2027299618659357,rms_absrho_R8,current_last40_rule,15.334326570271624,0.9946361122491346,0.2,0.6,40,1.0,0.43774140484062346,0.43774140484062346,0.9872755934132528
N1000_fixed_A1.202729962,1000,1.2027299618659357,rms_positive_rho_R8,current_last40_rule,15.334326570271624,0.9946361122491346,0.2,0.6,40,1.0,0.29819766260315916,0.29819766260315916,0.9799632846870308
N1000_fixed_A1.202729962,1000,1.2027299618659357,rms_gradient_R8,current_last40_rule,15.334326570271624,0.9946361122491346,0.2,0.6,40,1.0,0.5202595850035459,0.5202595850035459,0.9982769166624201
N1000_fixed_A1.202729962,1000,1.2027299618659357,field_r50,current_last40_rule,15.334326570271624,0.9946361122491346,0.2,0.6,40,1.0,0.5190163262048877,0.5190163262048877,0.9996479788009913
N1000_fixed_A1.202729962,1000,1.2027299618659357,field_r20,current_last40_rule,15.334326570271624,0.9946361122491346,0.2,0.6,40,1.0,0.5244653479029608,0.5244653479029608,0.9998418742607924
N1000_fixed_A1.202729962,1000,1.2027299618659357,mean_r2_signed_R8,current_last40_rule,15.334326570271624,0.9946361122491346,0.2,0.6,40,1.0,0.00824660503614192,0.00412330251807096,0.13664470687641594
N1000_fixed_A1.202729962,1000,1.2027299618659357,rms_signed_R4,current_last40_rule,15.334326570271624,0.9946361122491346,0.4,1.0,60,1.0,0.044631813967330396,0.044631813967330396,0.9819154674670942
N1000_fixed_A1.202729962,1000,1.2027299618659357,rms_signed_R8,current_last40_rule,15.334326570271624,0.9946361122491346,0.4,1.0,60,1.0,0.027440472685478445,0.027440472685478445,0.9979051757953216
N1000_fixed_A1.202729962,1000,1.2027299618659357,rms_signed_R12,current_last40_rule,15.334326570271624,0.9946361122491346,0.4,1.0,60,1.0,0.03954935037848539,0.03954935037848539,0.9865191965547138
N1000_fixed_A1.202729962,1000,1.2027299618659357,rms_absrho_R8,current_last40_rule,15.334326570271624,0.9946361122491346,0.4,1.0,60,1.0,0.24847410102262085,0.24847410102262085,0.9820128680399386
N1000_fixed_A1.202729962,1000,1.2027299618659357,rms_positive_rho_R8,current_last40_rule,15.334326570271624,0.9946361122491346,0.4,1.0,60,1.0,0.15599495297474042,0.15599495297474042,0.9799316850772096
N1000_fixed_A1.202729962,1000,1.2027299618659357,rms_gradient_R8,current_last40_rule,15.334326570271624,0.9946361122491346,0.4,1.0,60,1.0,0.40139737190195823,0.40139737190195823,0.9937300384623483
N1000_fixed_A1.202729962,1000,1.2027299618659357,field_r50,current_last40_rule,15.334326570271624,0.9946361122491346,0.4,1.0,60,1.0,0.5240677342537804,0.5240677342537804,0.9995716245045962
N1000_fixed_A1.202729962,1000,1.2027299618659357,field_r20,current_last40_rule,15.334326570271624,0.9946361122491346,0.4,1.0,60,1.0,0.5963560372189927,0.5963560372189927,0.9989081743485865
N1000_fixed_A1.202729962,1000,1.2027299618659357,mean_r2_signed_R8,current_last40_rule,15.334326570271624,0.9946361122491346,0.4,1.0,60,1.0,0.054880945370956044,0.027440472685478022,0.9979051757953217
N1000_fixed_A1.202729962,1000,1.2027299618659357,rms_signed_R4,current_last40_rule,15.334326570271624,0.9946361122491346,0.8,1.6,80,1.0,-0.02690258322212288,-0.02690258322212288,0.3798573139143253
N1000_fixed_A1.202729962,1000,1.2027299618659357,rms_signed_R8,current_last40_rule,15.334326570271624,0.9946361122491346,0.8,1.6,80,1.0,-0.0008637576192856591,-0.0008637576192856591,0.003887161356748714
N1000_fixed_A1.202729962,1000,1.2027299618659357,rms_signed_R12,current_last40_rule,15.334326570271624,0.9946361122491346,0.8,1.6,80,1.0,0.018432036849241544,0.018432036849241544,0.59775084148463
N1000_fixed_A1.202729962,1000,1.2027299618659357,rms_absrho_R8,current_last40_rule,15.334326570271624,0.9946361122491346,0.8,1.6,80,1.0,0.1023746395574712,0.1023746395574712,0.9463589880738823
N1000_fixed_A1.202729962,1000,1.2027299618659357,rms_positive_rho_R8,current_last40_rule,15.334326570271624,0.9946361122491346,0.8,1.6,80,1.0,0.05397760582910774,0.05397760582910774,0.8808755278434987
N1000_fixed_A1.202729962,1000,1.2027299618659357,rms_gradient_R8,current_last40_rule,15.334326570271624,0.9946361122491346,0.8,1.6,80,1.0,0.19337733839930557,0.19337733839930557,0.9499769963149169
N1000_fixed_A1.202729962,1000,1.2027299618659357,field_r50,current_last40_rule,15.334326570271624,0.9946361122491346,0.8,1.6,80,1.0,0.5650122813547539,0.5650122813547539,0.9983244643492106
N1000_fixed_A1.202729962,1000,1.2027299618659357,field_r20,current_last40_rule,15.334326570271624,0.9946361122491346,0.8,1.6,80,1.0,0.2271389897619311,0.2271389897619311,0.7981587148023183
N1000_fixed_A1.202729962,1000,1.2027299618659357,mean_r2_signed_R8,current_last40_rule,15.334326570271624,0.9946361122491346,0.8,1.6,80,1.0,-0.0017275152385713183,-0.0008637576192856591,0.003887161356748714
N1000_fixed_A1.202729962,1000,1.2027299618659357,rms_signed_R4,joint_powerlaw_20,15.27656939366318,0.9999806296481173,0.1,0.3,20,0.8138058705003218,-0.06313460122409043,-0.06313460122409043,0.9606057213593886
N1000_fixed_A1.202729962,1000,1.2027299618659357,rms_signed_R8,joint_powerlaw_20,15.27656939366318,0.9999806296481173,0.1,0.3,20,0.8138058705003218,-0.02267275319945505,-0.02267275319945505,0.886088917269413
N1000_fixed_A1.202729962,1000,1.2027299618659357,rms_signed_R12,joint_powerlaw_20,15.27656939366318,0.9999806296481173,0.1,0.3,20,0.8138058705003218,-0.016398106042999926,-0.016398106042999926,0.8974395537285366
N1000_fixed_A1.202729962,1000,1.2027299618659357,rms_absrho_R8,joint_powerlaw_20,15.27656939366318,0.9999806296481173,0.1,0.3,20,0.8138058705003218,0.43670955441380044,0.43670955441380044,0.9988514158184385
N1000_fixed_A1.202729962,1000,1.2027299618659357,rms_positive_rho_R8,joint_powerlaw_20,15.27656939366318,0.9999806296481173,0.1,0.3,20,0.8138058705003218,0.32401259929931275,0.32401259929931275,0.9961465927143779
N1000_fixed_A1.202729962,1000,1.2027299618659357,rms_gradient_R8,joint_powerlaw_20,15.27656939366318,0.9999806296481173,0.1,0.3,20,0.8138058705003218,0.4371665559869533,0.4371665559869533,0.9999505368427732
N1000_fixed_A1.202729962,1000,1.2027299618659357,field_r50,joint_powerlaw_20,15.27656939366318,0.9999806296481173,0.1,0.3,20,0.8138058705003218,0.4219590661518017,0.4219590661518017,0.9999773959959833
N1000_fixed_A1.202729962,1000,1.2027299618659357,field_r20,joint_powerlaw_20,15.27656939366318,0.9999806296481173,0.1,0.3,20,0.8138058705003218,0.40632825410522105,0.40632825410522105,0.9998884931992903
N1000_fixed_A1.202729962,1000,1.2027299618659357,mean_r2_signed_R8,joint_powerlaw_20,15.27656939366318,0.9999806296481173,0.1,0.3,20,0.8138058705003218,-0.0453455063989101,-0.02267275319945505,0.8860889172694116
N1000_fixed_A1.202729962,1000,1.2027299618659357,rms_signed_R4,joint_powerlaw_20,15.27656939366318,0.9999806296481173,0.2,0.6,40,0.8138058705003218,0.004782954595938568,0.004782954595938568,0.10407125828913888
N1000_fixed_A1.202729962,1000,1.2027299618659357,rms_signed_R8,joint_powerlaw_20,15.27656939366318,0.9999806296481173,0.2,0.6,40,0.8138058705003218,0.013078029215921971,0.013078029215921971,0.8306032920686579
N1000_fixed_A1.202729962,1000,1.2027299618659357,rms_signed_R12,joint_powerlaw_20,15.27656939366318,0.9999806296481173,0.2,0.6,40,0.8138058705003218,0.01471274299895317,0.01471274299895317,0.8160493385398131
N1000_fixed_A1.202729962,1000,1.2027299618659357,rms_absrho_R8,joint_powerlaw_20,15.27656939366318,0.9999806296481173,0.2,0.6,40,0.8138058705003218,0.3273836289371793,0.3273836289371793,0.9924575650141867
N1000_fixed_A1.202729962,1000,1.2027299618659357,rms_positive_rho_R8,joint_powerlaw_20,15.27656939366318,0.9999806296481173,0.2,0.6,40,0.8138058705003218,0.2153425984242615,0.2153425984242615,0.9888157098156917
N1000_fixed_A1.202729962,1000,1.2027299618659357,rms_gradient_R8,joint_powerlaw_20,15.27656939366318,0.9999806296481173,0.2,0.6,40,0.8138058705003218,0.4249211061727562,0.4249211061727562,0.9994975772752878
N1000_fixed_A1.202729962,1000,1.2027299618659357,field_r50,joint_powerlaw_20,15.27656939366318,0.9999806296481173,0.2,0.6,40,0.8138058705003218,0.4387211925181441,0.4387211925181441,0.9998021895084671
N1000_fixed_A1.202729962,1000,1.2027299618659357,field_r20,joint_powerlaw_20,15.27656939366318,0.9999806296481173,0.2,0.6,40,0.8138058705003218,0.4578242434833221,0.4578242434833221,0.9981326807573513
N1000_fixed_A1.202729962,1000,1.2027299618659357,mean_r2_signed_R8,joint_powerlaw_20,15.27656939366318,0.9999806296481173,0.2,0.6,40,0.8138058705003218,0.026156058431843942,0.013078029215921971,0.8306032920686588
N1000_fixed_A1.202729962,1000,1.2027299618659357,rms_signed_R4,joint_powerlaw_20,15.27656939366318,0.9999806296481173,0.4,1.0,60,0.8138058705003218,0.04365683704365936,0.04365683704365936,0.9941164970966663
N1000_fixed_A1.202729962,1000,1.2027299618659357,rms_signed_R8,joint_powerlaw_20,15.27656939366318,0.9999806296481173,0.4,1.0,60,0.8138058705003218,0.025374024783182438,0.025374024783182438,0.9984309884884642
N1000_fixed_A1.202729962,1000,1.2027299618659357,rms_signed_R12,joint_powerlaw_20,15.27656939366318,0.9999806296481173,0.4,1.0,60,0.8138058705003218,0.03909826431171579,0.03909826431171579,0.9938735938064255
N1000_fixed_A1.202729962,1000,1.2027299618659357,rms_absrho_R8,joint_powerlaw_20,15.27656939366318,0.9999806296481173,0.4,1.0,60,0.8138058705003218,0.2039801602794676,0.2039801602794676,0.9857504689710475
N1000_fixed_A1.202729962,1000,1.2027299618659357,rms_positive_rho_R8,joint_powerlaw_20,15.27656939366318,0.9999806296481173,0.4,1.0,60,0.8138058705003218,0.12715653661490417,0.12715653661490417,0.9841954503248271
N1000_fixed_A1.202729962,1000,1.2027299618659357,rms_gradient_R8,joint_powerlaw_20,15.27656939366318,0.9999806296481173,0.4,1.0,60,0.8138058705003218,0.3447656453407146,0.3447656453407146,0.9943159776160844
N1000_fixed_A1.202729962,1000,1.2027299618659357,field_r50,joint_powerlaw_20,15.27656939366318,0.9999806296481173,0.4,1.0,60,0.8138058705003218,0.4887235982337181,0.4887235982337181,0.9988876816933899
N1000_fixed_A1.202729962,1000,1.2027299618659357,field_r20,joint_powerlaw_20,15.27656939366318,0.9999806296481173,0.4,1.0,60,0.8138058705003218,0.5487094155253738,0.5487094155253738,0.9985960210009525
N1000_fixed_A1.202729962,1000,1.2027299618659357,mean_r2_signed_R8,joint_powerlaw_20,15.27656939366318,0.9999806296481173,0.4,1.0,60,0.8138058705003218,0.050748049566364875,0.025374024783182438,0.9984309884884642
N1000_fixed_A1.202729962,1000,1.2027299618659357,rms_signed_R4,joint_powerlaw_20,15.27656939366318,0.9999806296481173,0.8,1.6,80,0.8138058705003218,-0.045266671692773736,-0.045266671692773736,0.6056687163584382
N1000_fixed_A1.202729962,1000,1.2027299618659357,rms_signed_R8,joint_powerlaw_20,15.27656939366318,0.9999806296481173,0.8,1.6,80,0.8138058705003218,-0.00917063369204622,-0.00917063369204622,0.248821445975848
N1000_fixed_A1.202729962,1000,1.2027299618659357,rms_signed_R12,joint_powerlaw_20,15.27656939366318,0.9999806296481173,0.8,1.6,80,0.8138058705003218,0.008725112610358446,0.008725112610358446,0.21139907381392997
N1000_fixed_A1.202729962,1000,1.2027299618659357,rms_absrho_R8,joint_powerlaw_20,15.27656939366318,0.9999806296481173,0.8,1.6,80,0.8138058705003218,0.08311462120323272,0.08311462120323272,0.9239260294487761
N1000_fixed_A1.202729962,1000,1.2027299618659357,rms_positive_rho_R8,joint_powerlaw_20,15.27656939366318,0.9999806296481173,0.8,1.6,80,0.8138058705003218,0.039564964421189036,0.039564964421189036,0.7890576980338044
N1000_fixed_A1.202729962,1000,1.2027299618659357,rms_gradient_R8,joint_powerlaw_20,15.27656939366318,0.9999806296481173,0.8,1.6,80,0.8138058705003218,0.1586729432144473,0.1586729432144473,0.9332955137602339
N1000_fixed_A1.202729962,1000,1.2027299618659357,field_r50,joint_powerlaw_20,15.27656939366318,0.9999806296481173,0.8,1.6,80,0.8138058705003218,0.5235697369959578,0.5235697369959578,0.9956838952132867
N1000_fixed_A1.202729962,1000,1.2027299618659357,field_r20,joint_powerlaw_20,15.27656939366318,0.9999806296481173,0.8,1.6,80,0.8138058705003218,0.1542231068685697,0.1542231068685697,0.7169525694960363
N1000_fixed_A1.202729962,1000,1.2027299618659357,mean_r2_signed_R8,joint_powerlaw_20,15.27656939366318,0.9999806296481173,0.8,1.6,80,0.8138058705003218,-0.01834126738409244,-0.00917063369204622,0.2488214459758472
N1000_fixed_A1.202729962,1000,1.2027299618659357,rms_signed_R4,joint_powerlaw_40,15.267782184082453,0.9998370514762825,0.1,0.3,20,0.7502081559266283,-0.05518789800747219,-0.05518789800747219,0.958643317723004
N1000_fixed_A1.202729962,1000,1.2027299618659357,rms_signed_R8,joint_powerlaw_40,15.267782184082453,0.9998370514762825,0.1,0.3,20,0.7502081559266283,-0.01842943415410517,-0.01842943415410517,0.8671210548866302
N1000_fixed_A1.202729962,1000,1.2027299618659357,rms_signed_R12,joint_powerlaw_40,15.267782184082453,0.9998370514762825,0.1,0.3,20,0.7502081559266283,-0.013456037776433883,-0.013456037776433883,0.8773078470840688
N1000_fixed_A1.202729962,1000,1.2027299618659357,rms_absrho_R8,joint_powerlaw_40,15.267782184082453,0.9998370514762825,0.1,0.3,20,0.7502081559266283,0.4105954319567275,0.4105954319567275,0.9991508484590803
N1000_fixed_A1.202729962,1000,1.2027299618659357,rms_positive_rho_R8,joint_powerlaw_40,15.267782184082453,0.9998370514762825,0.1,0.3,20,0.7502081559266283,0.3010143611977838,0.3010143611977838,0.9968961685098109
N1000_fixed_A1.202729962,1000,1.2027299618659357,rms_gradient_R8,joint_powerlaw_40,15.267782184082453,0.9998370514762825,0.1,0.3,20,0.7502081559266283,0.4178630465142165,0.4178630465142165,0.999857964644053
N1000_fixed_A1.202729962,1000,1.2027299618659357,field_r50,joint_powerlaw_40,15.267782184082453,0.9998370514762825,0.1,0.3,20,0.7502081559266283,0.4030299169539981,0.4030299169539981,0.9998809737137079
N1000_fixed_A1.202729962,1000,1.2027299618659357,field_r20,joint_powerlaw_40,15.267782184082453,0.9998370514762825,0.1,0.3,20,0.7502081559266283,0.3890169642575574,0.3890169642575574,0.9996996586092217
N1000_fixed_A1.202729962,1000,1.2027299618659357,mean_r2_signed_R8,joint_powerlaw_40,15.267782184082453,0.9998370514762825,0.1,0.3,20,0.7502081559266283,-0.03685886830821034,-0.01842943415410517,0.8671210548866297
N1000_fixed_A1.202729962,1000,1.2027299618659357,rms_signed_R4,joint_powerlaw_40,15.267782184082453,0.9998370514762825,0.2,0.6,40,0.7502081559266283,0.007516643195575973,0.007516643195575973,0.24517487690240214
N1000_fixed_A1.202729962,1000,1.2027299618659357,rms_signed_R8,joint_powerlaw_40,15.267782184082453,0.9998370514762825,0.2,0.6,40,0.7502081559266283,0.013984308578980583,0.013984308578980583,0.8689040932555274
N1000_fixed_A1.202729962,1000,1.2027299618659357,rms_signed_R12,joint_powerlaw_40,15.267782184082453,0.9998370514762825,0.2,0.6,40,0.7502081559266283,0.01576671821588983,0.01576671821588983,0.8474466023697445
N1000_fixed_A1.202729962,1000,1.2027299618659357,rms_absrho_R8,joint_powerlaw_40,15.267782184082453,0.9998370514762825,0.2,0.6,40,0.7502081559266283,0.3137382657925763,0.3137382657925763,0.9930060469505172
N1000_fixed_A1.202729962,1000,1.2027299618659357,rms_positive_rho_R8,joint_powerlaw_40,15.267782184082453,0.9998370514762825,0.2,0.6,40,0.7502081559266283,0.2054450454107358,0.2054450454107358,0.9897560381647507
N1000_fixed_A1.202729962,1000,1.2027299618659357,rms_gradient_R8,joint_powerlaw_40,15.267782184082453,0.9998370514762825,0.2,0.6,40,0.7502081559266283,0.4128474516064295,0.4128474516064295,0.9995794329668625
N1000_fixed_A1.202729962,1000,1.2027299618659357,field_r50,joint_powerlaw_40,15.267782184082453,0.9998370514762825,0.2,0.6,40,0.7502081559266283,0.4292907742737039,0.4292907742737039,0.9996812755791786
N1000_fixed_A1.202729962,1000,1.2027299618659357,field_r20,joint_powerlaw_40,15.267782184082453,0.9998370514762825,0.2,0.6,40,0.7502081559266283,0.4505773305461136,0.4505773305461136,0.997744904368796
N1000_fixed_A1.202729962,1000,1.2027299618659357,mean_r2_signed_R8,joint_powerlaw_40,15.267782184082453,0.9998370514762825,0.2,0.6,40,0.7502081559266283,0.027968617157961166,0.013984308578980583,0.8689040932555281
N1000_fixed_A1.202729962,1000,1.2027299618659357,rms_signed_R4,joint_powerlaw_40,15.267782184082453,0.9998370514762825,0.4,1.0,60,0.7502081559266283,0.04326106657288129,0.04326106657288129,0.9945590694357893
N1000_fixed_A1.202729962,1000,1.2027299618659357,rms_signed_R8,joint_powerlaw_40,15.267782184082453,0.9998370514762825,0.4,1.0,60,0.7502081559266283,0.024999072952288686,0.024999072952288686,0.9982230859460233
N1000_fixed_A1.202729962,1000,1.2027299618659357,rms_signed_R12,joint_powerlaw_40,15.267782184082453,0.9998370514762825,0.4,1.0,60,0.7502081559266283,0.038954289670858754,0.038954289670858754,0.9947046747088858
N1000_fixed_A1.202729962,1000,1.2027299618659357,rms_absrho_R8,joint_powerlaw_40,15.267782184082453,0.9998370514762825,0.4,1.0,60,0.7502081559266283,0.19789478878719136,0.19789478878719136,0.9862328512115593
N1000_fixed_A1.202729962,1000,1.2027299618659357,rms_positive_rho_R8,joint_powerlaw_40,15.267782184082453,0.9998370514762825,0.4,1.0,60,0.7502081559266283,0.12323309554682241,0.12323309554682241,0.9847110816356944
N1000_fixed_A1.202729962,1000,1.2027299618659357,rms_gradient_R8,joint_powerlaw_40,15.267782184082453,0.9998370514762825,0.4,1.0,60,0.7502081559266283,0.3367001670128044,0.3367001670128044,0.9943541041059518
N1000_fixed_A1.202729962,1000,1.2027299618659357,field_r50,joint_powerlaw_40,15.267782184082453,0.9998370514762825,0.4,1.0,60,0.7502081559266283,0.4842138694361412,0.4842138694361412,0.9987742601113588
N1000_fixed_A1.202729962,1000,1.2027299618659357,field_r20,joint_powerlaw_40,15.267782184082453,0.9998370514762825,0.4,1.0,60,0.7502081559266283,0.5410617817882493,0.5410617817882493,0.9984227513542498
N1000_fixed_A1.202729962,1000,1.2027299618659357,mean_r2_signed_R8,joint_powerlaw_40,15.267782184082453,0.9998370514762825,0.4,1.0,60,0.7502081559266283,0.04999814590457737,0.024999072952288686,0.9982230859460232
N1000_fixed_A1.202729962,1000,1.2027299618659357,rms_signed_R4,joint_powerlaw_40,15.267782184082453,0.9998370514762825,0.8,1.6,80,0.7502081559266283,-0.04840005185490236,-0.04840005185490236,0.632754632898705
N1000_fixed_A1.202729962,1000,1.2027299618659357,rms_signed_R8,joint_powerlaw_40,15.267782184082453,0.9998370514762825,0.8,1.6,80,0.7502081559266283,-0.010640423967955889,-0.010640423967955889,0.2983113640243049
N1000_fixed_A1.202729962,1000,1.2027299618659357,rms_signed_R12,joint_powerlaw_40,15.267782184082453,0.9998370514762825,0.8,1.6,80,0.7502081559266283,0.007059331895155724,0.007059331895155724,0.14492632197704913
N1000_fixed_A1.202729962,1000,1.2027299618659357,rms_absrho_R8,joint_powerlaw_40,15.267782184082453,0.9998370514762825,0.8,1.6,80,0.7502081559266283,0.08009457704299341,0.08009457704299341,0.9184639262902471
N1000_fixed_A1.202729962,1000,1.2027299618659357,rms_positive_rho_R8,joint_powerlaw_40,15.267782184082453,0.9998370514762825,0.8,1.6,80,0.7502081559266283,0.037232805740534086,0.037232805740534086,0.7650641093091167
N1000_fixed_A1.202729962,1000,1.2027299618659357,rms_gradient_R8,joint_powerlaw_40,15.267782184082453,0.9998370514762825,0.8,1.6,80,0.7502081559266283,0.1532833406236271,0.1532833406236271,0.9295287204643786
N1000_fixed_A1.202729962,1000,1.2027299618659357,field_r50,joint_powerlaw_40,15.267782184082453,0.9998370514762825,0.8,1.6,80,0.7502081559266283,0.5166055355987409,0.5166055355987409,0.9949979963325974
N1000_fixed_A1.202729962,1000,1.2027299618659357,field_r20,joint_powerlaw_40,15.267782184082453,0.9998370514762825,0.8,1.6,80,0.7502081559266283,0.1433373726451717,0.1433373726451717,0.6985460582431127
N1000_fixed_A1.202729962,1000,1.2027299618659357,mean_r2_signed_R8,joint_powerlaw_40,15.267782184082453,0.9998370514762825,0.8,1.6,80,0.7502081559266283,-0.021280847935911777,-0.010640423967955889,0.29831136402430414
N1000_fixed_A1.202729962,1000,1.2027299618659357,rms_signed_R4,joint_powerlaw_80,15.266989608096255,0.9998135358137733,0.1,0.3,20,0.7449776217344665,-0.054949651815574846,-0.054949651815574846,0.9588895838627441
N1000_fixed_A1.202729962,1000,1.2027299618659357,rms_signed_R8,joint_powerlaw_80,15.266989608096255,0.9998135358137733,0.1,0.3,20,0.7449776217344665,-0.01835198390433457,-0.01835198390433457,0.8675432531021768
N1000_fixed_A1.202729962,1000,1.2027299618659357,rms_signed_R12,joint_powerlaw_80,15.266989608096255,0.9998135358137733,0.1,0.3,20,0.7449776217344665,-0.013399327734793185,-0.013399327734793185,0.8777139599468722
N1000_fixed_A1.202729962,1000,1.2027299618659357,rms_absrho_R8,joint_powerlaw_80,15.266989608096255,0.9998135358137733,0.1,0.3,20,0.7449776217344665,0.4087774802540413,0.4087774802540413,0.9991855098899869
N1000_fixed_A1.202729962,1000,1.2027299618659357,rms_positive_rho_R8,joint_powerlaw_80,15.266989608096255,0.9998135358137733,0.1,0.3,20,0.7449776217344665,0.2996866607770513,0.2996866607770513,0.996964486077905
N1000_fixed_A1.202729962,1000,1.2027299618659357,rms_gradient_R8,joint_powerlaw_80,15.266989608096255,0.9998135358137733,0.1,0.3,20,0.7449776217344665,0.4160025361544612,0.4160025361544612,0.9998427515096503
N1000_fixed_A1.202729962,1000,1.2027299618659357,field_r50,joint_powerlaw_80,15.266989608096255,0.9998135358137733,0.1,0.3,20,0.7449776217344665,0.4012356881736369,0.4012356881736369,0.9998669461685045
N1000_fixed_A1.202729962,1000,1.2027299618659357,field_r20,joint_powerlaw_80,15.266989608096255,0.9998135358137733,0.1,0.3,20,0.7449776217344665,0.3872836172927426,0.3872836172927426,0.9996778807952339
N1000_fixed_A1.202729962,1000,1.2027299618659357,mean_r2_signed_R8,joint_powerlaw_80,15.266989608096255,0.9998135358137733,0.1,0.3,20,0.7449776217344665,-0.03670396780866914,-0.01835198390433457,0.8675432531021763
N1000_fixed_A1.202729962,1000,1.2027299618659357,rms_signed_R4,joint_powerlaw_80,15.266989608096255,0.9998135358137733,0.2,0.6,40,0.7449776217344665,0.007495573151119543,0.007495573151119543,0.24490015571480916
N1000_fixed_A1.202729962,1000,1.2027299618659357,rms_signed_R8,joint_powerlaw_80,15.266989608096255,0.9998135358137733,0.2,0.6,40,0.7449776217344665,0.013951193869454509,0.013951193869454509,0.8686880873883271
N1000_fixed_A1.202729962,1000,1.2027299618659357,rms_signed_R12,joint_powerlaw_80,15.266989608096255,0.9998135358137733,0.2,0.6,40,0.7449776217344665,0.015729212749398567,0.015729212749398567,0.8472176143243452
N1000_fixed_A1.202729962,1000,1.2027299618659357,rms_absrho_R8,joint_powerlaw_80,15.266989608096255,0.9998135358137733,0.2,0.6,40,0.7449776217344665,0.31304255895900596,0.31304255895900596,0.9930587726019957
N1000_fixed_A1.202729962,1000,1.2027299618659357,rms_positive_rho_R8,joint_powerlaw_80,15.266989608096255,0.9998135358137733,0.2,0.6,40,0.7449776217344665,0.20499067293923548,0.20499067293923548,0.9898201492509173
N1000_fixed_A1.202729962,1000,1.2027299618659357,rms_gradient_R8,joint_powerlaw_80,15.266989608096255,0.9998135358137733,0.2,0.6,40,0.7449776217344665,0.4119235001486846,0.4119235001486846,0.9995913879494175
N1000_fixed_A1.202729962,1000,1.2027299618659357,field_r50,joint_powerlaw_80,15.266989608096255,0.9998135358137733,0.2,0.6,40,0.7449776217344665,0.4283250647976835,0.4283250647976835,0.9996700890737591
N1000_fixed_A1.202729962,1000,1.2027299618659357,field_r20,joint_powerlaw_80,15.266989608096255,0.9998135358137733,0.2,0.6,40,0.7449776217344665,0.44955962849526077,0.44955962849526077,0.9977155078410771
N1000_fixed_A1.202729962,1000,1.2027299618659357,mean_r2_signed_R8,joint_powerlaw_80,15.266989608096255,0.9998135358137733,0.2,0.6,40,0.7449776217344665,0.027902387738909018,0.013951193869454509,0.8686880873883278
N1000_fixed_A1.202729962,1000,1.2027299618659357,rms_signed_R4,joint_powerlaw_80,15.266989608096255,0.9998135358137733,0.4,1.0,60,0.7449776217344665,0.04320736937431829,0.04320736937431829,0.9945533205770996
N1000_fixed_A1.202729962,1000,1.2027299618659357,rms_signed_R8,joint_powerlaw_80,15.266989608096255,0.9998135358137733,0.4,1.0,60,0.7449776217344665,0.024968185475004873,0.024968185475004873,0.9982286922011229
N1000_fixed_A1.202729962,1000,1.2027299618659357,rms_signed_R12,joint_powerlaw_80,15.266989608096255,0.9998135358137733,0.4,1.0,60,0.7449776217344665,0.03890565892475033,0.03890565892475033,0.9946846447638731
N1000_fixed_A1.202729962,1000,1.2027299618659357,rms_absrho_R8,joint_powerlaw_80,15.266989608096255,0.9998135358137733,0.4,1.0,60,0.7449776217344665,0.19765315822590881,0.19765315822590881,0.9862671050985823
N1000_fixed_A1.202729962,1000,1.2027299618659357,rms_positive_rho_R8,joint_powerlaw_80,15.266989608096255,0.9998135358137733,0.4,1.0,60,0.7449776217344665,0.12308274447692476,0.12308274447692476,0.9847471576705034
N1000_fixed_A1.202729962,1000,1.2027299618659357,rms_gradient_R8,joint_powerlaw_80,15.266989608096255,0.9998135358137733,0.4,1.0,60,0.7449776217344665,0.3362868746702356,0.3362868746702356,0.9943757496142734
N1000_fixed_A1.202729962,1000,1.2027299618659357,field_r50,joint_powerlaw_80,15.266989608096255,0.9998135358137733,0.4,1.0,60,0.7449776217344665,0.483611783049689,0.483611783049689,0.9987640977135029
N1000_fixed_A1.202729962,1000,1.2027299618659357,field_r20,joint_powerlaw_80,15.266989608096255,0.9998135358137733,0.4,1.0,60,0.7449776217344665,0.5403916723575737,0.5403916723575737,0.9984224342334761
N1000_fixed_A1.202729962,1000,1.2027299618659357,mean_r2_signed_R8,joint_powerlaw_80,15.266989608096255,0.9998135358137733,0.4,1.0,60,0.7449776217344665,0.049936370950009745,0.024968185475004873,0.9982286922011228
N1000_fixed_A1.202729962,1000,1.2027299618659357,rms_signed_R4,joint_powerlaw_80,15.266989608096255,0.9998135358137733,0.8,1.6,80,0.7449776217344665,-0.04836412505007256,-0.04836412505007256,0.632695914139979
N1000_fixed_A1.202729962,1000,1.2027299618659357,rms_signed_R8,joint_powerlaw_80,15.266989608096255,0.9998135358137733,0.8,1.6,80,0.7449776217344665,-0.010632053328090352,-0.010632053328090352,0.2982571778261369
N1000_fixed_A1.202729962,1000,1.2027299618659357,rms_signed_R12,joint_powerlaw_80,15.266989608096255,0.9998135358137733,0.8,1.6,80,0.7449776217344665,0.007055446212464014,0.007055446212464014,0.14496852461091525
N1000_fixed_A1.202729962,1000,1.2027299618659357,rms_absrho_R8,joint_powerlaw_80,15.266989608096255,0.9998135358137733,0.8,1.6,80,0.7449776217344665,0.0800403004070401,0.0800403004070401,0.9184974989660023
N1000_fixed_A1.202729962,1000,1.2027299618659357,rms_positive_rho_R8,joint_powerlaw_80,15.266989608096255,0.9998135358137733,0.8,1.6,80,0.7449776217344665,0.03720814738936633,0.03720814738936633,0.7651156281179157
N1000_fixed_A1.202729962,1000,1.2027299618659357,rms_gradient_R8,joint_powerlaw_80,15.266989608096255,0.9998135358137733,0.8,1.6,80,0.7449776217344665,0.153179272501913,0.153179272501913,0.9295603354919467
N1000_fixed_A1.202729962,1000,1.2027299618659357,field_r50,joint_powerlaw_80,15.266989608096255,0.9998135358137733,0.8,1.6,80,0.7449776217344665,0.5162477709418948,0.5162477709418948,0.995004748725148
N1000_fixed_A1.202729962,1000,1.2027299618659357,field_r20,joint_powerlaw_80,15.266989608096255,0.9998135358137733,0.8,1.6,80,0.7449776217344665,0.14324349834968592,0.14324349834968592,0.6986033828473275
N1000_fixed_A1.202729962,1000,1.2027299618659357,mean_r2_signed_R8,joint_powerlaw_80,15.266989608096255,0.9998135358137733,0.8,1.6,80,0.7449776217344665,-0.021264106656180705,-0.010632053328090352,0.29825717782613625
