time,phi_center,abs_phi_center,mean_r2_signed_R4,rms_signed_R4,signed_energy_den_R4,mean_r2_signed_R8,rms_signed_R8,signed_energy_den_R8,mean_r2_signed_R12,rms_signed_R12,signed_energy_den_R12,rms_absrho_R8,rms_positive_rho_R8,rms_gradient_R8,signed_cancellation_ratio_R8,field_r50,field_r20,total_energy
0.0,1.2027299618659357,1.2027299618659357,6.600723217506603,2.5691872678936045,2.5729293696540108,8.02562498639434,2.832953403498607,2.869685677103346,8.025805431204043,2.8329852507918294,2.8696944003781955,2.832953403498607,2.832953403498607,3.1624295922199304,1.0,2.3548643845140256,3.588644680944906,36.061643385104915
0.01,1.2027117039615816,1.2027117039615816,6.600545526625073,2.569152686514578,2.5729467267517423,8.025391925366394,2.8329122692675104,2.8696857072849573,8.0255724293418,2.832944127465595,2.869694433355038,2.8329122692675104,2.8329122692675104,3.162408451193396,1.0,2.354801758136756,3.5886120362733633,36.061643799504154
0.02,1.2026569104533427,1.2026569104533427,6.600012522833605,2.5690489529850544,2.5729987915451087,8.024692815331756,2.832788875883933,2.869685797801048,8.024873496840174,2.832820766804736,2.8696945322583898,2.832788875883933,2.832788875883933,3.1623450237321054,1.0,2.3546138833162673,3.5885140988024893,36.06164504236032
0.03,1.2025655381656621,1.2025655381656621,6.59912441266116,2.5688760991260673,2.5730855445357768,8.02352787543366,2.832583251280297,2.869685948565417,8.023708852950136,2.8326151967660795,2.8696946970067483,2.832583251280297,2.832583251280297,3.1622392966943633,1.0,2.3543007501002786,3.588350843088076,36.061647112649275
0.04,1.2024375078086733,1.2024375078086733,6.597881540221407,2.5686341779672337,2.573206953230322,8.021897470896254,2.8322954420215867,2.8696861594344862,8.022078863075423,2.832327463955293,2.8696949274643724,2.8322954420215867,2.8322954420215867,3.16209124818857,1.0,2.3538623522199096,3.588122233523331,36.0616500086652
0.05,1.202272710635329,1.202272710635329,6.5962843870609165,2.568323263738604,2.573362972145946,8.019802113002713,2.83192551332176,2.8696864302074347,8.019984038750648,2.8319576336433157,2.869695223441409,2.83192551332176,2.83192551332176,3.1619008475900863,1.0,2.3532986776520923,3.587828218126187,36.061653728022335
0.060000000000000005,1.2020710090526132,1.2020710090526132,6.594333571946805,2.567943451859251,2.5735535428184693,8.017242459064434,2.8314735490667107,2.8696867606263927,8.017425037610549,2.831505789789339,2.8696955846940924,2.8314735490667107,2.8314735490667107,3.1616680555648675,1.0,2.3526097076936408,3.5874687279336737,36.06165826765745
0.07,1.2018322291097598,1.2018322291097598,6.592029850594066,2.5674948589226165,2.573778593812635,8.014219312381258,2.830939651843758,2.8696871503766808,8.014402663350243,2.8309720350703294,2.869696010924981,2.830939651843758,2.830939651843758,3.1613928240999174,1.0,2.351795427499767,3.5870436839562974,36.06166362383279
0.08,1.2015561731246227,1.2015561731246227,6.589374115332776,2.5669776226786194,2.574038040734713,8.010733622192516,2.830323942977644,2.8696875990871082,8.010917865676308,2.8303564909170555,2.8696965017832654,2.830323942977644,2.830323942977644,3.1610750965405847,1.0,2.350855808146337,3.5865529853610454,36.06166979213993
0.09,1.2012426047267852,1.2012426047267852,6.586367394715504,2.5663919020125325,2.574331786247428,8.006786483618724,2.8296265625730057,2.869688106330326,8.006971740248565,2.8296592975566095,2.8696970568651072,2.8296265625730057,2.8296265625730057,3.160714807634785,1.0,2.349790827666803,3.585996523353168,36.06167676750411
0.09999999999999999,1.2008912629727069,1.2008912629727069,6.583010853065268,2.5657378769206467,2.5746597200872174,8.002379137593728,2.8288476695633027,2.869688671623228,8.002565528612246,2.8288806140613723,2.8696976757140575,2.8288476695633027,2.8288476695633027,3.160311883584168,1.0,2.3486004509620653,3.585374167936872,36.061684544189404
0.10999999999999999,1.2005018519694342,1.2005018519694342,6.579305789964431,2.5650157484827325,2.575021719083849,7.997512970787005,2.8279874417661413,2.869689294427408,7.997700618120398,2.828020618404399,2.8696983578215054,2.8279874417661413,2.8279874417661413,3.1598662421023507,1.0,2.347284644339629,3.584685777518522,36.061693115804424
0.11999999999999998,1.2000740454954548,1.2000740454954548,6.5752536396850045,2.564225738831315,2.5754176471823933,7.99218951551583,2.827046075944966,2.86968997414967,7.992378541846134,2.8270795075211685,2.869699102627191,2.827046075944966,2.827046075944966,3.1593777924802504,1.0,2.3458433688182767,3.583931194502884,36.061702475308756
0.12999999999999998,1.1996074889099257,1.1996074889099257,6.57085597056084,2.5633680911177854,2.5758473554675905,7.98641044964704,2.826023787877066,2.869690710142584,7.986600978484442,2.826057497377653,2.869699909519771,2.826023787877066,2.826023787877066,3.1588464356586434,1.0,2.3442765772365726,3.5831102433928272,36.06171261501999
0.13999999999999999,1.199101791341124,1.199101791341124,6.566114484302263,2.5624430694753517,2.5763106821906305,7.980177596487936,2.8249208124278344,2.869691501705102,7.980369752243243,2.8249548230446524,2.8697007778374233,2.8249208124278344,2.8249208124278344,3.1582720643080293,1.0,2.3425842251552593,3.5822227380092677,36.06172352662147
0.15,1.1985565376068081,1.1985565376068081,6.561031015253778,2.5614509589788708,2.57680745279836,7.973492924666027,2.8237374036312275,2.8696923480832184,7.973686832723193,2.82377173877833,2.869701706868522,2.8237374036312275,2.8237374036312275,3.1576545629159054,1.0,2.340766253713735,3.581268470168252,36.061735201170606
0.16,1.1979712748163573,1.1979712748163573,6.555607529595423,2.56039206560156,2.577337479964953,7.966358547997137,2.822473834776354,2.8696932484706754,7.966554334785902,2.822508518106881,2.869702695852337,2.822473834776354,2.822473834776354,3.156993807881594,1.0,2.3388226084581007,3.5802472221478254,36.06174762910781
0.17,1.197345524457968,1.197345524457968,6.549846124488558,2.559266716168629,2.577900563626071,7.958776725341397,2.8211303985001113,2.869694202009735,7.958974518410062,2.821165453923265,2.869703743979811,2.8211303985001113,2.8211303985001113,3.156289667618708,1.0,2.336753221902238,3.579158755157975,36.06176080026618
0.18000000000000002,1.1966787741233478,1.1966787741233478,6.543749027166728,2.558075258307841,2.578496491015531,7.950749860446696,2.8197074068858097,2.8696952077919797,7.95094978853498,2.8197428585839135,2.869704850394367,2.8197074068858097,2.8197074068858097,3.1555420026654337,1.0,2.334558025058068,3.5780028169835028,36.061774703881575
0.19000000000000003,1.1959704804381035,1.1959704804381035,6.537318593972399,2.556818060397024,2.579125036704539,7.942280501778984,2.8182051915676727,2.86969626485917,7.942482694891055,2.818241064013342,2.8697060141927544,2.8182051915676727,2.8182051915676727,3.1547506658027333,1.0,2.33223694299888,3.5767791390559767,36.06178932860351
0.20000000000000004,1.1952200719682977,1.1952200719682977,6.5305573093404785,2.555495511508576,2.579785962643484,7.933371342338924,2.8166241038411433,2.8696973722041506,7.933575931816512,2.816660421814549,2.869707234425977,2.8166241038411433,2.8166241038411433,3.1539155021806433,1.0,2.329789890406581,3.5754874334995823,36.061804662506496
0.21000000000000005,1.1944269413492181,1.1944269413492181,6.52346778472931,2.554108021350959,2.580479018206367,7.924025219464268,2.8149645147788753,2.8696985287717953,7.924232338059934,2.8150013033851216,2.8697085101002244,2.8149645147788753,2.8149645147788753,3.1530363494528277,1.0,2.327216782551057,3.5741274004269803,36.06182069310194
0.22000000000000006,1.1935904564159112,1.1935904564159112,6.516052757500176,2.5526560202072224,2.5812039402378706,7.914245114617351,2.813226815352319,2.869699733460004,7.91445489656789,2.813264100038937,2.8697098401778787,2.813226815352319,2.813226815352319,3.152113037919537,1.0,2.3245315259642396,3.572698717119664,36.06183740735077
0.23000000000000007,1.1927099483304615,1.1927099483304615,6.5083150897461755,2.551139958870578,2.581960453103128,7.904034153157009,2.8114114165587734,2.869700985120739,7.904246734256992,2.811449223133328,2.8697112235785514,2.8114114165587734,2.8114114165587734,3.151145390679164,1.0,2.321729882055124,3.5712010491416355,36.06185479167643
0.24000000000000007,1.1917847218352946,1.1917847218352946,6.500257767071439,2.5495603085770373,2.582748268740213,7.893395604094291,2.80951874955379,2.869702282561103,7.893611121769727,2.809557104201608,2.8697126591801694,2.80951874955379,2.80951874955379,3.150133223788588,1.0,2.3188035742671524,3.569634040290219,36.0618728319785
0.25000000000000006,1.1908140488264998,1.1908140488264998,6.491883897321688,2.5479175609351428,2.5835670867154135,7.882332879831155,2.807549265788787,2.8697036245444654,7.882551473213345,2.807588195090823,2.8697141458200908,2.807549265788787,2.807549265788787,3.149076346432467,1.0,2.315752567378388,3.567997318497368,36.06189151364683
0.26000000000000006,1.1897971699097993,1.1897971699097993,6.483196709267168,2.5462122278528097,2.584416594281305,7.870849535881494,2.8055034371537477,2.8697050097916215,7.871071345880976,2.805542968104566,2.86971568229628,2.8055034371537477,2.8055034371537477,3.1479745611017256,1.0,2.312576821852667,3.566290494078963,36.06191082157615
0.2700000000000001,1.188733298054476,1.188733298054476,6.474199551238982,2.5444448414612926,2.585296466437695,7.858949270573613,2.803381756124844,2.8697064369819922,7.859174439954287,2.80342191615074,2.869717267368502,2.803381756124844,2.803381756124844,3.146827663781408,1.0,2.309276288190001,3.5645131558964365,36.06193074018126
0.2800000000000001,1.1876216108625541,1.1876216108625541,6.4648958897199105,2.542615954036297,2.586206365995459,7.846635924733394,2.801184735916822,2.8697079047548675,7.846864598186756,2.801225552894082,2.8697188997595733,2.801184735916822,2.801184735916822,3.145635444148132,1.0,2.305850917647599,3.562664878558649,36.06195125341255
0.2900000000000001,1.1864612608683944,1.1864612608683944,6.4552893078908555,2.5407261379162565,2.587145943643327,7.833913481347285,2.7989129106400013,2.8697094117106787,7.834145805566843,2.798954412913301,2.8697205781566275,2.7989129106400013,2.7989129106400013,3.1443976857773768,1.0,2.302300646982472,3.5607452120706804,36.06197234477211
0.3000000000000001,1.185251365142889,1.185251365142889,6.4453835041339405,2.5387759854177645,2.5881148380176726,7.820786065204217,2.7965668354616913,2.869710956412314,7.821022188960023,2.7966090518626343,2.869722301212442,2.7965668354616913,2.7965668354616913,3.1431141663608204,1.0,2.2986254130247556,3.5587536916315834,36.06199399733019
0.3100000000000001,1.183991013914754,1.183991013914754,6.435182290493508,2.5367661087482047,2.589112675775335,7.807257942515594,2.794147086771846,2.8697125373864605,7.8074980167289,2.794190046637648,2.869724067546779,2.794147086771846,2.794147086771846,3.141784657933988,1.0,2.2948251397748596,3.556699500915165,36.06201619374224
0.3200000000000001,1.1826792657647958,1.1826792657647958,6.424689591096091,2.5346971399155542,2.5901390716695407,7.79333352051232,2.7916542623527576,2.869714153124984,7.793577698330407,2.791697995545078,2.8697258757477635,2.7916542623527576,2.7916542623527576,3.140408927114458,1.0,2.2908997448992254,3.5546530975102106,36.06203891626609
0.3300000000000001,1.1813151480978483,1.1813151480978483,6.413909440530576,2.532569730635383,2.5911936286289614,7.779017347018007,2.7890889815525797,2.8697158020863385,7.779265783889106,2.789133518476501,2.8697277243732935,2.7890889815525797,2.7890889815525797,3.138986735350896,1.0,2.286849138598418,3.552536298124523,36.06206214677978
0.34000000000000014,1.179897661343357,1.179897661343357,6.402845982189689,2.530384552235033,2.5922759378399736,7.764314109997267,2.7864518854624545,2.8697174826970038,7.764566963745611,2.786497257085607,2.8697296119524855,2.7864518854624545,2.7864518854624545,3.1375178391831757,1.0,2.2826732169857653,3.5503485612853645,36.062085866799634
0.35000000000000014,1.1784257715318494,1.1784257715318494,6.391503466574063,2.528142295554992,2.5933855788321494,7.749228637078137,2.7837436370970186,2.8697191933529522,7.749486067979132,2.7837898749688583,2.8697315369871363,2.7837436370970186,2.7837436370970186,3.136001990513905,1.0,2.2783818216102296,3.5480893278887993,36.062110057498664
0.36000000000000015,1.1768984197628038,1.1768984197628038,6.379886249560005,2.525843670847427,2.5945221195670554,7.733765895047519,2.7809649215780334,2.8697209324211466,7.734028065903042,2.7810120578492716,2.8697334979532187,2.7809649215780334,2.7809649215780334,3.1344389368916206,1.0,2.2739957346705144,3.5457580116290623,36.0621346997254
0.37000000000000016,1.175314513229967,1.175314513229967,6.367998790632226,2.52348940767189,2.5956851165303894,7.717930989318617,2.778116446320891,2.8697226982410506,7.718198065532371,2.7781645137630657,2.869735493302399,2.778116446320891,2.778116446320891,3.1328284218059914,1.0,2.269486680349845,3.5433540070981375,36.0621597740229
0.38000000000000017,1.1736729324179522,1.1736729324179522,6.355845651082704,2.521080254788154,2.5968741148275254,7.701729163369196,2.7751989412237092,2.86972448912618,7.702001313022188,2.775247973248911,2.8697375214635827,2.7751989412237092,2.7751989412237092,3.1311701849953484,1.0,2.264854638768598,3.5408766822814832,36.0621852606482
0.3900000000000002,1.1719725277201922,1.1719725277201922,6.3434314921768715,2.5186169800461666,2.5980886482825043,7.685165798149587,2.772213158858746,2.8697263033656566,7.685443192075672,2.772263189539491,2.869739580844468,2.772213158858746,2.772213158858746,3.129463962766888,1.0,2.260099581226716,3.5383253812189306,36.06221113959185
0.4000000000000002,1.1702121190926253,1.1702121190926253,6.3307610732883655,2.516100370273087,2.599328239540539,7.668246411459215,2.769159874665819,2.869728139225802,7.668529223320718,2.7692109387550667,2.8697416698331386,2.769159874665819,2.769159874665819,3.1277094883299137,1.0,2.2552214701862425,3.5356994237281634,36.06223739059791
0.4100000000000002,1.1683905006475004,1.1683905006475004,6.317839250003497,2.5135312311573728,2.6005924001740643,7.650976657290547,2.7660398871474263,2.8697299949517276,7.651265063653923,2.766092020098739,2.8697437867996514,2.7660398871474263,2.7660398871474263,3.1259064921425073,1.0,2.2502202519245813,3.5329981001900608,36.06226399318392
0.4200000000000002,1.1665064336789492,1.1665064336789492,6.3046709721966305,2.5109103871298615,2.601880630792421,7.633362325139148,2.762854018065223,2.8697318687689624,7.633656505550687,2.762907256053067,2.8697459300976624,2.762854018065223,2.762854018065223,3.1240547022720278,1.0,2.245095866281209,3.530220677713982,36.06229092666131
0.4300000000000002,1.1645586553316063,1.1645586553316063,6.291261282077653,2.5082386812418096,2.603192421155181,7.615409339278681,2.7596031126375187,2.869733758885081,7.615709476340242,2.7596574925777007,2.8697480980660517,2.7596031126375187,2.7596031126375187,3.122153844769885,1.0,2.2398482332214393,3.5273663907551795,36.06231817015581
0.4400000000000002,1.1625458709916774,1.1625458709916774,6.277615312212715,2.505516975039825,2.6045272502892027,7.59712375799958,2.7562880397374254,2.86973566349135,7.597430037444337,2.7563435993076655,2.869750289030563,2.7562880397374254,2.7562880397374254,3.1202036440610548,1.0,2.234477263547743,3.5244344478607834,36.06234570262814
0.45000000000000023,1.1604667602694598,1.1604667602694598,6.263738283519316,2.502746148437615,2.6058845866094584,7.578511772810094,2.752909692091278,2.869737580764383,7.578824383578246,2.752966469751901,2.8697525013054586,2.752909692091278,2.752909692091278,3.1182038233488276,1.0,2.2290294700434625,3.521424024793947,36.062373502894665
0.46000000000000024,1.158319974872899,1.158319974872899,6.249635503236987,2.4999270995845033,2.607263888043665,7.559579707598417,2.749468986476919,2.869739508867809,7.5598988419129,2.7495270214916783,2.869754733195181,2.749468986476919,2.749468986476919,3.1161541050353385,1.0,2.2234696820840214,3.518334265694587,36.06240154964839
0.47000000000000025,1.1561041376888757,1.1561041376888757,6.235312362874518,2.497060744730596,2.6086646021608124,7.540334017754558,2.745966863921442,2.869741445953945,7.540659871196692,2.746026196378449,2.8697569829960163,2.745966863921442,2.745966863921442,3.1140542111584657,1.0,2.2177899777555656,3.515164283013794,36.062429821479824
0.48000000000000026,1.1538178476596614,1.1538178476596614,6.220774336134986,2.4941480180885387,2.6100861663035886,7.520781289250678,2.7424042898979497,2.869743390165472,7.521114060835732,2.7424649607307168,2.8697592489977697,2.7424042898979497,2.7424042898979497,3.1119038638457304,1.0,2.2119903526695253,3.5119131514033377,36.06245829689799
0.49000000000000027,1.1514596733789046,1.1514596733789046,6.206026976819491,2.4911898716917364,2.6115280077247967,7.500928237678406,2.7387822545208675,2.8697453396371193,7.501268129931086,2.7388443055294482,2.869761529485434,2.7387822545208675,2.7387822545208675,3.1097027857858817,1.0,2.206070791223208,3.5085799131306565,36.062486954351506
0.5000000000000002,1.149028161023436,1.149028161023436,6.19107591671077,2.4881872752489453,2.6129895437277724,7.480781707241884,2.7351017727393407,2.869747292497347,7.481128926271694,2.7351652466115635,2.8697638227408717,2.7351017727393407,2.7351017727393407,3.1074507007189442,1.0,2.2000312540134845,3.505163568591364,36.06251577224961
0.5100000000000002,1.14652182805715,1.14652182805715,6.17592686343758,2.485141215995095,2.6144701818108875,7.46034866970508,2.7313638845282187,2.8697492468700294,7.460703425281516,2.7314288248609953,2.869766127044485,2.7313638845282187,2.7313638845282187,3.105147333945552,1.0,2.1938716866639667,3.5016630814855914,36.06254472898321
0.5200000000000002,1.1439391682105802,1.1439391682105802,6.1605855983209175,2.4820526985382316,2.6159693198161547,7.439636223291924,2.727569655076094,2.8697512008761374,7.439998728919542,2.7276361063968086,2.869768440676887,2.727569655076094,2.727569655076094,3.1027924128564797,1.0,2.187604387368629,3.498077372136811,36.062573802945835
0.5300000000000002,1.141278650473315,1.141278650473315,6.1450579742029445,2.478922744702413,2.6174863460819924,7.418651591537956,2.7237201749698805,2.8697531526354103,7.4190220645311875,2.7237881827578274,2.8697707619205626,2.7237201749698805,2.7237201749698805,3.100385667483398,1.0,2.1812747729115265,3.4944053169294085,36.06260297255458
0.5400000000000003,1.1385387178285642,1.1385387178285642,6.1293499132595946,2.475752393366428,2.6190206396001945,7.397402122091902,2.719816560375332,2.869755100268033,7.397780783649665,2.7198861710832065,2.8697730890615336,2.719816560375332,2.719816560375332,3.0979268310719785,1.0,2.174829434578563,3.4906457479642934,36.06263221627095
0.5500000000000003,1.1357177923390627,1.1357177923390627,6.1134674047976985,2.472542700298156,2.620571570177142,7.375895285465837,2.715859953212948,2.8697570418962934,7.376282360745866,2.715931214288364,2.869775420391006,2.715859953212948,2.715859953212948,3.095415640678584,1.0,2.1682683969900003,3.4867974457152973,36.06266151262159
0.5600000000000003,1.1328142694205023,1.1328142694205023,6.097416503037441,2.469294737984399,2.622138498599297,7.354138673732415,2.7118515213286316,2.869758975646237,7.354534391925297,2.7119244812356587,2.869777754207003,2.7118515213286316,2.7118515213286316,3.092851837791955,1.0,2.1615916661663452,3.4829786278799126,36.06269084021884
0.5700000000000003,1.1298265251212414,1.1298265251212414,6.081203324881017,2.4660095954559904,2.6237207768030184,7.332139999167712,2.7077924586584756,2.8697608996493096,7.332544593570616,2.7078671668991845,2.8697800888159914,2.7077924586584756,2.7077924586584756,3.090235168981432,1.0,2.154799217649757,3.479107792203906,36.06272017778114
0.5800000000000003,1.1267529110908936,1.1267529110908936,6.0648340476681515,2.462688378107988,2.625317748048741,7.309907092838235,2.703683985387019,2.8697628120439767,7.310320800928212,2.703760492522999,2.8697824225344934,2.703683985387019,2.703683985387019,3.087565386573458,1.0,2.1478910034660177,3.475147644740227,36.062749504153295
0.5900000000000003,1.1235917587683537,1.1235917587683537,6.048314906919281,2.4593322075147315,2.6269287470995377,7.287447903130504,2.699527348098275,2.8697647109773423,7.287870966637427,2.6996057057721274,2.8697847536906766,2.699527348098275,2.699527348098275,3.084842249358301,1.0,2.140911912382927,3.4710967841512548,36.062778798326434
0.6000000000000003,1.1203413793806305,1.1203413793806305,6.031652194066987,2.4559422212395363,2.628553100404121,7.264770494221873,2.6953238199188374,2.869766594606739,7.265203159200919,2.695404080875615,2.869787080625928,2.6953238199188374,2.6953238199188374,3.082065523329185,1.0,2.133858311594489,3.4669537465183096,36.06280803945779
0.6100000000000003,1.1170000625387264,1.1170000625387264,6.014852254176383,2.452519572638796,2.6301901262842797,7.241883044490972,2.6910747006523197,2.869768461101299,7.242325561394596,2.6911569187608877,2.8697894016964023,2.6910747006523197,2.6910747006523197,3.0792349824562666,1.0,2.1266941199547635,3.462717003950426,36.06283720689022
0.6200000000000003,1.1135660814949095,1.1135660814949095,5.997921483654943,2.4490654306602226,2.63183913512682,7.218793844866327,2.68678131690436,2.8697703086435093,7.219246468615715,2.6868655471786664,2.869791715274556,2.68678131690436,2.68678131690436,3.076350409498225,1.0,2.1194193462689057,3.4583849556200588,36.0628662801714
0.6300000000000003,1.110037688181029,1.110037688181029,5.980866327952411,2.4455809796349848,2.6334994295799947,7.195511297111663,2.68244502219741,2.8697721354307393,7.195974287167618,2.6825313208176373,2.869794019750646,2.68244502219741,2.68244502219741,3.073411596854546,1.0,2.1120339699742456,3.453955929753615,36.062895239072716
0.6400000000000003,1.1064131199412373,1.1064131199412373,5.9636932792511494,2.4420674190634357,2.6351703047544768,7.172043912046402,2.6780671970744874,2.8697739396767448,7.172517532479581,2.678155621408058,2.8697963135342137,2.6780671970744874,2.6780671970744874,3.0704183474619966,1.0,2.104537929745824,3.4494281723549034,36.06292406360788
0.6500000000000004,1.102690595722416,1.102690595722416,5.946408874147479,2.4385259633941727,2.636851048428871,7.148400307699862,2.6736492491910493,2.869775719613143,7.148884827260351,2.673739857813462,2.8697985950555283,2.6736492491910493,2.6736492491910493,3.0673704757392173,1.0,2.0969892942034685,3.4447998473165957,36.06295273405103
0.6600000000000004,1.0988683196712243,1.0988683196712243,5.929019691324311,2.434957841796098,2.638540941259799,7.124589207397688,2.6691926133941117,2.869777473490863,7.125084899583866,2.6692854661095855,2.8698008627670046,2.6691926133941117,2.6691926133941117,3.0642678085838506,1.0,2.089372444477444,3.4400690278555346,36.062981230954705
0.6700000000000004,1.0949444820550402,1.0949444820550402,5.911532349215427,2.4313642979231695,2.640239256996564,7.10061943777904,2.6646987517877214,2.869779199581562,7.10112658090565,2.6647939096496094,2.8698031151445953,2.6646987517877214,2.6646987517877214,3.061110186427217,1.0,2.081650760307874,3.4352336904796843,36.06300953516712
0.6800000000000004,1.0909172579034336,1.0909172579034336,5.893953503661757,2.427746589671533,2.641945262700391,7.07649992674311,2.6601691537838548,2.8697808961790083,7.077018804008522,2.6602666791148066,2.8698053506891346,2.6601691537838548,2.6601691537838548,3.0578974643521626,1.0,2.07382420943151,3.4302917111894993,36.0630376278492
0.6900000000000004,1.08678481242115,1.08678481242115,5.8762898455597625,2.424105988928653,2.6436582189682927,7.052239701323488,2.655605336137787,2.8697825616004393,7.052770600876049,2.6557052925496176,2.8698075679276616,2.655605336137787,2.655605336137787,3.0546295132804397,1.0,2.0658927093910306,3.4252408532155525,36.06306549049119
0.7000000000000004,1.0825452968689664,1.0825452968689664,5.858548098502241,2.4204437813141295,2.645377380161506,7.027847885488983,2.651008842966953,2.8697841941878703,7.028391100492472,2.6511112953801983,2.869809765414696,2.651008842966953,2.651008842966953,3.0513062212368194,1.0,2.0578745119372144,3.4200787654068234,36.06309310492866
0.7100000000000004,1.0781968548562721,1.0781968548562721,5.84073501641161,2.4167612659118007,2.6471019946385517,7.003333697869485,2.646381245752298,2.8697857923093792,7.003889526567534,2.6464862604154087,2.86981194173348,2.646381245752298,2.646381245752298,3.047927494698046,1.0,2.0498441193262598,3.4148576603837406,36.0631204533581
0.7200000000000004,1.0737376197132957,1.0737376197132957,5.822857381165784,2.4130597549927737,2.648831304992879,6.978706449405515,2.641724143321084,2.869787354360344,6.979275195184988,2.6418317878292306,2.869814095497176,2.641724143321084,2.641724143321084,3.0444932600358103,1.0,2.041715020216357,3.409667687483396,36.06314751835199
0.7300000000000004,1.0691657176877145,1.0691657176877145,5.804922000216683,2.4093405737289784,2.650564548295111,6.953975540920056,2.637039161810089,2.869788878764646,6.954557512373315,2.6371495051235367,2.869816225350025,2.637039161810089,2.637039161810089,3.041003465064104,1.0,2.0334871162471386,3.4043629623538076,36.06317428287336
0.7400000000000004,1.064479269711144,1.064479269711144,5.78693570420136,2.405605059896857,2.65230095633987,6.9291504606114085,2.6323279546081277,2.86979036397583,6.929745971597385,2.6324410670701415,2.8698183299684614,2.6323279546081277,2.6323279546081277,3.037458080702714,1.0,2.0251602488569183,3.398940671787179,36.063200730289836
0.7500000000000004,1.0596763902501294,1.0596763902501294,5.768905344545694,2.4018545635707618,2.6540397558971605,6.904240781465724,2.627592202276777,2.869791808478218,6.904850151169749,2.627708155631015,2.8698204080621834,2.627592202276777,2.627592202276777,3.033857102770083,1.0,2.0167485319224094,3.3933978423271243,36.063226844386946
0.7600000000000005,1.0547551928726975,1.0547551928726975,5.750837791060557,2.398090446805657,2.65578016896831,6.879256158588004,2.6228336124481864,2.869793210787985,6.8798797115803305,2.622952479855541,2.869822458375173,2.6228336124481864,2.6228336124481864,3.030200553920576,1.0,2.0083465959791518,3.38773132249606,36.06325260938114
0.7700000000000005,1.049713787021755,1.049713787021755,5.732739929530282,2.3943140833086796,2.657521413046433,6.854206326450333,2.6180539196988155,2.869794569454186,6.854844392743267,2.6181757757536577,2.8698244796866708,2.6180539196988155,2.6180539196988155,3.0264884857431396,1.0,1.9998521264805595,3.381937774664335,36.06327800993191
0.7800000000000005,1.0445502839774068,1.0445502839774068,5.714618659293285,2.3905268580991272,2.659262701381389,6.829101096056163,2.6132548853979327,2.869795883059739,6.829754011159757,2.613379806143714,2.869826470812107,2.6132548853979327,2.6132548853979327,3.022720981040582,1.0,1.9912648877085817,3.3760136542557153,36.06330303115352
0.7900000000000005,1.0392627953621891,1.0392627953621891,5.696480890814582,2.3867301671564345,2.661003243249212,6.8039503520195606,2.608438297529685,2.8697971502223587,6.8046184569957635,2.608566360473845,2.8698284306039756,2.608438297529685,2.608438297529685,3.018898156311281,1.0,1.982584570407878,3.3699551968192734,36.06332765862595
0.8000000000000005,1.0338494360988502,1.0338494360988502,5.6783335432499475,2.382925417055672,2.662742244225971,6.778764049558334,2.6036059704875343,2.86979836959544,6.779447691073563,2.603737254615673,2.86983035795266,2.6036059704875343,2.6036059704875343,3.015020164457993,1.0,1.973859681991362,3.363758397924128,36.06335187840539
0.8100000000000005,1.028308326955154,1.028308326955154,5.6601835420014,2.3791140245901206,2.6644789064660235,6.753552211399993,2.5987597448398327,2.8697995398688985,6.754251741776026,2.59889433062909,2.8698322517872077,2.5987597448398327,2.5987597448398327,3.0110871977517855,1.0,1.9651290107969601,3.357418991682105,36.06337567703385
0.8200000000000005,1.022637593729503,1.022637593729503,5.642037816263697,2.375297416380462,2.666212428984613,6.728324924599652,2.593901487065315,2.869800659769955,6.729040701862782,2.5940394564969096,2.8698341110760515,2.593901487065315,2.593901487065315,3.0070994910828084,1.0,1.9563115795348174,3.3509324317448264,36.063399041548266
0.8300000000000005,1.0168353729651771,1.0168353729651771,5.623903296561454,2.3714770284701165,2.6679420079447658,6.70309233726894,2.58903308925725,2.8698017280638717,6.703824725197287,2.589174525828123,2.8698359348276776,2.58903308925725,2.58903308925725,3.0030573255339523,1.0,1.947406923729176,3.3444294017801846,36.06342195948893
0.8400000000000005,1.0108998096410855,1.0108998096410855,5.605786912276495,2.3676543059062687,2.669666836948435,6.677864655215112,2.584156468795013,2.8698027435546365,6.678614023384057,2.584301457528525,2.8698377220912388,2.584156468795013,2.584156468795013,2.9989610323182783,1.0,1.9384144855546523,3.3378816107724423,36.0634444189071
0.8500000000000005,1.0048290628896424,1.0048290628896424,5.587695589165,2.3638307023061107,2.6713861073318292,6.652652138489648,2.579273567981816,2.869803705085594,6.653418862315261,2.579422195437432,2.869839471957108,2.579273567981816,2.579273567981816,2.9948109971266756,1.0,1.9294583799111034,3.3311774323324084,36.06346640837212
0.8600000000000005,0.998621305564854,0.998621305564854,5.569636246864047,2.3600076794078544,2.673099008464861,6.627465097845631,2.574386353647337,2.869804611540026,6.628249558626047,2.574538707929257,2.8698411835573885,2.574386353647337,2.574386353647337,2.990607664938553,1.0,1.9204398726055298,3.324311176454195,36.06348791697768
0.8700000000000006,0.99227472708957,0.99227472708957,5.551615796387024,2.3561867066060413,2.674804728054648,6.602313891103353,2.569496816713995,2.8698054618416786,6.603116476057995,2.5696529874786584,2.8698428560663545,2.569496816713995,2.569496816713995,2.9863515453555936,1.0,1.9113394166174178,3.3172767377475356,36.06350893434739
0.8800000000000006,0.9857875366943493,0.9857875366943493,5.533641137607474,2.3523692604707014,2.676502452453005,6.577208919423698,2.5646069717256283,2.869806254955232,6.578030021730251,2.5647670501880384,2.8698444887008474,2.5646069717256283,2.5646069717256283,2.9820432185269263,1.0,1.9021562014574294,3.310067554387616,36.06352945063979
0.8900000000000006,0.9791579630125793,0.9791579630125793,5.515719156730894,2.348556824249925,2.678191366967819,6.552160623488832,2.559718856337319,2.8698069898867216,6.553000642317942,2.559882935276131,2.869846080720598,2.559718856337319,2.559718856337319,2.977683341743507,1.0,1.892974768175798,3.3026765678372287,36.06354945655241
0.9000000000000006,0.9723842599207394,0.9723842599207394,5.497856723753944,2.344750887355402,2.6798706561782626,6.5271794795899885,2.554834530765151,2.869807665683906,6.5280388201375,2.555002704526455,2.869847631428517,2.554834530765151,2.554834530765151,2.973272656790411,1.0,1.8837816907297944,3.2950961686083904,36.063568943325336
0.9100000000000006,0.9654647051210948,0.9654647051210948,5.480060689910639,2.3409529448305104,2.6815395042537253,6.502275995622167,2.5499560771946967,2.8698082814365726,6.503155069138908,2.550128441694439,2.869849140170902,2.5499560771946967,2.5499560771946967,2.9688119981581558,1.0,1.8745109709894348,3.2873181467999597,36.06358790274394
0.9200000000000006,0.9583976056632997,0.9583976056632997,5.46233788510495,2.337164496800546,2.6831970952763817,6.477460706985609,2.5450855991470327,2.869808836276801,6.478359930804569,2.5452622518720087,2.8698506063376077,2.5450855991470327,2.5450855991470327,2.9643023022285035,1.0,1.8651614519001434,3.279398311592228,36.06360632714089
0.9300000000000006,0.9511812984730182,0.9511812984730182,5.444695115329427,2.3333870479047034,2.6848426135673003,6.452744172394207,2.5402252208011413,2.8698093293791667,6.453663969955059,2.5404062608085067,2.869852029362146,2.5402252208011413,2.5402252208011413,2.9597446175665927,1.0,1.8558001188779145,3.271496494567349,36.06362420939752
0.9400000000000006,0.9438141531543606,0.9438141531543606,5.427139160069272,2.3296221067094276,2.6864752440159836,6.428136969590956,2.535377086271578,2.8698097599608894,6.429077770461811,2.5355626141868024,2.869853408721738,2.535377086271578,2.535377086271578,2.9551401164701554,1.0,1.8464545913736967,3.2633781155967534,36.0636415429444
0.9500000000000006,0.936294575806749,0.936294575806749,5.4096767696914885,2.325871185102797,2.68809417241323,6.403649690970823,2.530543358840315,2.869810127281933,6.40461193086711,2.530733476853521,2.869854743937309,2.530543358840315,2.530543358840315,2.9504901079483288,1.0,1.8370343066662318,3.255032454928026,36.063658321761274
0.9600000000000006,0.9286210090427912,0.9286210090427912,5.3923146628186425,2.3221357976696027,2.6896985857872044,6.379292939111443,2.5257262201417325,2.8698104306450527,6.380277059911867,2.5259210320023597,2.869856034573416,2.5257262201417325,2.5257262201417325,2.9457960523276023,1.0,1.8275376448868896,3.2464478558814385,36.06367454037624
0.9700000000000006,0.9207919378851713,0.9207919378851713,5.375059523686839,2.318417461046832,2.691287672742594,6.355077322212266,2.5209278692997676,2.869810669395785,6.356083771971708,2.521127480309496,2.8698572802381355,2.5209278692997676,2.5209278692997676,2.9410595777114,1.0,1.8180362747570709,3.2376116148230234,36.06369019386423
0.9800000000000006,0.9128058891566486,0.9128058891566486,5.357917999487557,2.314717693259279,2.692860623802739,6.331013449442932,2.5161505220163067,2.869810842922395,6.332042682402221,2.516355039020174,2.8698584805828866,2.5161505220163067,2.5161505220163067,2.936282498553133,1.0,1.8085540162922464,3.228509867363755,36.06370527784489
0.9900000000000007,0.9046614367954466,0.9046614367954466,5.340896697693044,2.3110380130350614,2.6944166317545717,6.307111926201763,2.511396409609953,2.869810950655763,6.308164402794213,2.51160594098561,2.8698596353022054,2.511396409609953,2.511396409609953,2.9314668366411665,1.0,1.7989979371026452,3.2191274487395436,36.06371978847962
1.0000000000000007,0.8963572031811556,0.8963572031811556,5.32400218336495,2.30737993910083,2.6959548919962795,6.283383349285453,2.5066677780043873,2.8698109920692305,6.28445953614007,2.506882433649426,2.869860744133459,2.5066677780043873,2.5066677780043873,2.926614844838809,1.0,1.7893658039493157,3.209674753960653,36.06373372246807
1.0100000000000007,0.887891861888437,0.887891861888437,5.307240976446047,2.3037449894565256,2.6974746028874965,6.259838301971249,2.5019668866656186,2.8698109666783935,6.2609386719125455,2.50218677798292,2.8698618068565103,2.5019668866656186,2.5019668866656186,2.921729033974084,1.0,1.7797564638763679,3.200055325408774,36.06374707704399
1.0200000000000007,0.8792641419089845,0.8792641419089845,5.290619549034824,2.300134680629555,2.698974966101922,6.236487349013027,2.497296007487504,2.8698108740408466,6.237612381057274,2.497521247368533,2.8698628232933414,2.497296007487504,2.497296007487504,2.9168122033340262,1.0,1.7701444883693702,3.190117338762423,36.06375984997029
1.0300000000000007,0.8704728280201308,0.8704728280201308,5.274144322642925,2.2965505269083293,2.700455186982179,6.213341031552888,2.492657423625013,2.869810713755882,6.214491210900788,2.4928881264310254,2.869863793307605,2.492657423625013,2.492657423625013,2.9118674752877394,1.0,1.7604570411313476,3.1798400453628477,36.0637720395336
1.0400000000000007,0.8615167666121789,0.8615167666121789,5.257821665435363,2.2929940395551323,2.7019144748967876,6.19040986195011,2.4880534282748252,2.869810485464146,6.1915856799757565,2.4882897098159122,2.8698647168041482,2.4880534282748252,2.4880534282748252,2.906898334643181,1.0,1.7506910893065648,3.169200525321804,36.063783644538205
1.0500000000000007,0.8523948657172083,0.8523948657172083,5.241657889453634,2.2894667259983565,2.7033520435990557,6.167704318529458,2.4834863234029414,2.8698101888472443,6.168906272765494,2.4837283009148754,2.86986559372847,2.4834863234029414,2.4834863234029414,2.901908673436445,1.0,1.7409955862979343,3.158173405267631,36.06379466429926
1.0600000000000007,0.8431061000297387,0.8431061000297387,5.2256592478218575,2.285970089004197,2.7047671115877585,6.145234840251074,2.47895841841913,2.8698098236273144,6.146463434369935,2.4792062105379484,2.86986642406615,2.47895841841913,2.47895841841913,2.8969028419613276,1.0,1.731249488952129,3.1469075563594058,36.063805098635534
1.0700000000000007,0.8336495127985087,0.8336495127985087,5.209831931936217,2.2825056258279446,2.706158902469394,6.123011821304384,2.4744720287981403,2.8698093895665497,6.124267565095569,2.4747257555324325,2.869867207842219,2.4744720287981403,2.4744720287981403,2.8918857069738317,1.0,1.7214228882318545,3.1354880360357433,36.06381494786159
1.0800000000000007,0.824024218429984,0.824024218429984,5.194182068638056,2.2790748273450907,2.707526645321869,6.101045605628683,2.4700294746477587,2.869808886466681,6.102329014971907,2.470289257348602,2.869867945120486,2.4700294746477587,2.4700294746477587,2.8868627181538318,1.0,1.7115532441023031,3.1236146343980353,36.06382421277928
1.0900000000000007,0.8142294068756893,0.8142294068756893,5.178715717371055,2.2756791771625138,2.7088695750594183,6.07934648136325,2.4656330792239243,2.869808314168431,6.080658078197444,2.46589904055244,2.8698686360028334,2.4656330792239243,2.4656330792239243,2.8818399840778897,1.0,1.7017388097317752,3.1112511024751877,36.06383289466892
1.1000000000000008,0.8042643441856789,0.8042643441856789,5.163438867323176,2.272320150710101,2.710186932798569,6.057924675230115,2.4612851673932696,2.869807672550926,6.059264987518129,2.461557431285756,2.869869280628459,2.4612851673932696,2.4612851673932696,2.8768243591571796,1.0,1.6918394375165646,3.0983568073753043,36.06384099527974
1.1100000000000008,0.7941283780556054,0.7941283780556054,5.148357434553929,2.2689992143132023,2.7114779662249635,6.0367903468528175,2.45698806404362,2.8698069615310686,6.038159908541751,2.457266755674229,2.869869879173091,2.45698806404362,2.45698806404362,2.871823543227039,1.0,1.6818501314680188,3.08502665896389,36.06384851682001
1.1200000000000008,0.7838209382428281,0.7838209382428281,5.133477259107958,2.2657178242464258,2.712741929960834,6.01595358301473,2.4527440924431416,2.869806181062886,6.01735293399179,2.4530293381840726,2.869870431848158,2.4527440924431416,2.4527440924431416,2.8668461957452394,1.0,1.6718999219537194,3.071526320396866,36.063855461946616
1.1300000000000008,0.7733415411122166,0.7733415411122166,5.118804102115753,2.2624774257693163,2.7139780859329443,5.995424391860721,2.4485555725489916,2.869805331136843,5.996854077904553,2.4488474999281915,2.8698709388999237,2.4485555725489916,2.4485555725489916,2.8619020668703423,1.0,1.6619075489351685,3.057385696463476,36.06386183375424
1.1400000000000008,0.7626897917785165,0.7626897917785165,5.104343642882735,2.2592794521445847,2.7151857037407647,5.97521269704632,2.444424819266553,2.8698044117791284,5.976673269773661,2.4447235569228805,2.869871400608597,2.444424819266553,2.444424819266553,2.8570021480561993,1.0,1.6518167198749658,3.0425441717234167,36.063867635764076
1.1500000000000008,0.7518653863653355,0.7518653863653355,5.0901014759678445,2.2561253236395897,2.7163640610247075,5.9553283318385875,2.4403541406604465,2.8698034230509104,5.956820348646196,2.440659818296314,2.8698718172874003,2.4403541406604465,2.4403541406604465,2.8521588452209374,1.0,1.6416828408000634,3.0269327291712798,36.063872871912245
1.1600000000000008,0.7408681162371167,0.7408681162371167,5.07608310825315,2.253016446511909,2.717512443834166,5.9357810331733205,2.4363458361187806,2.8698023650475735,5.9373050571750765,2.436658584450246,2.869872189281618,2.4363458361187806,2.4363458361187806,2.8473861780365115,1.0,1.6315674771697783,3.0112066555922934,36.063877546537704
1.1700000000000008,0.7296978684760719,0.7296978684760719,5.062293956005939,2.249954211979866,2.718630146995169,5.9165804356733975,2.432402194472246,2.8698012378979256,5.918137035632497,2.432722145176571,2.8698725169676105,2.432402194472246,2.432402194472246,2.842700009446203,1.0,1.6213412640202436,2.9946327503873778,36.06388166436996
1.1800000000000008,0.7183546308617781,0.7183546308617781,5.048739341935071,2.2469399951790145,2.71971647447741,5.897736065633312,2.4285254920698924,2.8698000417633915,5.899325815889454,2.4288527777305595,2.869872800751807,2.4285254920698924,2.4285254920698924,2.8381183101604313,1.0,1.6110074587667915,2.977096996233626,36.06388523051638
1.1900000000000008,0.7068384923314864,0.7068384923314864,5.035424492243442,2.2439751541056427,2.720770739760437,5.87925733497524,2.4247179908136203,2.869798776837183,5.880880815366751,2.425052744862831,2.869873041069678,2.4247179908136203,2.4247179908136203,2.8336614636132182,1.0,1.6007272301570816,2.9588596328657517,36.06388825044924
1.2000000000000008,0.6951496467876019,0.6951496467876019,5.022354533678644,2.241061028548452,2.7217922661987557,5.861153535182232,2.420981936153641,2.8697974433434528,5.862811330963007,2.4213242928123044,2.86987323838468,2.420981936153641,2.420981936153641,2.8293526176881567,1.0,1.5903189661864483,2.9400667148438124,36.06389072999255
1.2100000000000009,0.6832883951041719,0.6832883951041719,5.009534490584,2.238198939009667,2.722780387385627,5.843433831214313,2.417319555047349,2.8697960415364383,5.845126532965521,2.4176696492625953,2.8698733931871896,2.417319555047349,2.417319555047349,2.8252180904457846,1.0,1.579772490222307,2.9200472619637092,36.06389267530857
1.2200000000000009,0.6712551467568687,0.6712551467568687,4.996969281952382,2.235390185616905,2.723734447515308,5.826107255413623,2.413733053884299,2.8697945716995905,5.827835458950107,2.4140910212645474,2.8698735059934153,2.413733053884299,2.413733053884299,2.821287838099956,1.0,1.5692551211465344,2.899076684807234,36.0638940928842
1.2300000000000009,0.6590504235166013,0.6590504235166013,4.9846637184854155,2.232636047027239,2.7246538017435,5.809182701404891,2.4102246163801606,2.869793034144694,5.810947007676151,2.410590593127782,2.8698735773443,2.4102246163801606,2.4102246163801606,2.817595994585294,1.0,1.5586022207239885,2.877399772575608,36.06389498951714
1.2400000000000009,0.6466748595087718,0.6466748595087718,4.97262249966073,2.2299377793249593,2.7255378165457675,5.792668917997849,2.406796401442766,2.8697914292109763,5.794469932983564,2.4071705242843855,2.869873607804411,2.406796401442766,2.406796401442766,2.8141814932023363,1.0,1.5477854012976633,2.854123362795096,36.06389537230196
1.2500000000000009,0.6341292052766969,0.6341292052766969,4.960850210810254,2.227296614914649,2.7263858700736585,5.776574503098344,2.403450541013554,2.8697897572642184,5.778412837698357,2.4038329471280564,2.8698735979608134,2.403450541013554,2.403450541013554,2.811088781969289,1.0,1.5369697539473783,2.8301739056416113,36.06389524861599
1.260000000000001,0.6214143278838669,0.6214143278838669,4.9493513202125925,2.22471376141125,2.7271973525083015,5.760907897635228,2.400189137887935,2.8697880186958584,5.762784167553925,2.4005799648322332,2.8698735484219497,2.400189137887935,2.400189137887935,2.808368645362901,1.0,1.525989458183228,2.8046869523477542,36.063894626105146
1.270000000000001,0.608531213657822,0.608531213657822,4.938130176202767,2.2221904005288944,2.7279716664112006,5.745677379510273,2.3970142635183196,2.869786213922093,5.747592205135274,2.39741364915095,2.869873459816501,2.3970142635183196,2.3970142635183196,2.806079145958661,1.0,1.5148197108599164,2.7779682087247615,36.0638935126697
1.280000000000001,0.5954809696317782,0.5954809696317782,4.927191004302749,2.219727686970352,2.7287082270719982,5.730891057578584,2.393927955803721,2.8697843433829835,5.732845063853711,2.3943360382063563,2.869873332792255,2.393927955803721,2.393927955803721,2.8042866998721934,1.0,1.5036262214960467,2.7498759386509577,36.06389191645002
1.290000000000001,0.5822648242100303,0.5822648242100303,4.916537904376376,2.217326747319027,2.729406462852931,5.716556865667216,2.3909322168700675,2.8697824075415608,5.718550681959648,2.3913491342670246,2.8698731680149656,2.3909322168700675,2.3909322168700675,2.8030672995454338,1.0,1.4922096507982425,2.7203531235175995,36.063889845812234
1.300000000000001,0.5688841299120244,0.5688841299120244,4.906174847812433,2.2149886789355,2.7300658155297226,5.702682556639807,2.3880290108455147,2.869780406882944,5.704716816601405,2.388454901521359,2.8698729661672218,2.3880290108455147,2.3880290108455147,2.802507895853081,1.0,1.480615563050434,2.689187516617872,36.063887309334035
1.310000000000001,0.5553403626381851,0.5553403626381851,4.896105674739789,2.212714548860695,2.7306857406286564,5.689275696515377,2.38522026163526,2.869778341913455,5.691351037938069,2.3856552638505986,2.869872727947312,2.38522026163526,2.38522026163526,2.802707948065829,1.0,1.468896648670405,2.656862618924197,36.0638843157904
1.320000000000001,0.5416351244485238,0.5416351244485238,4.886334091278688,2.210505392727801,2.7312657077595595,5.676343658649426,2.382507850700481,2.869776213159755,5.6784607233146644,2.3829521026060645,2.8698724540680987,2.382507850700481,2.382507850700481,2.8037811439619826,1.0,1.456900307527183,2.622425428430039,36.063880874139464
1.330000000000001,0.5277701428958218,0.5277701428958218,4.876863666832376,2.20836221368515,2.73180520094445,5.663893617985778,2.3798936148462135,2.8697740211679794,5.666053051507966,2.380347254395452,2.8698721452558997,2.3798936148462135,2.3798936148462135,2.8058572820298666,1.0,1.4447586890097264,2.5869756792534924,36.06387699350845
1.340000000000001,0.5137472723749988,0.5137472723749988,4.867697831423463,2.2062859813323077,2.732303718941551,5.651932545387624,2.377379344023083,2.869771766502901,5.654134997051497,2.3778425088831048,2.869871802249384,2.377379344023083,2.377379344023083,2.8090842914810064,1.0,1.4323421440365698,2.549914951840118,36.063872683179746
1.350000000000001,0.499568494578192,0.499568494578192,4.8588398730794395,2.204277630671654,2.7327607755644436,5.640467202056463,2.374966779147966,2.869769449747092,5.642713324648387,2.375439606609351,2.869871425798464,2.374966779147966,2.374966779147966,2.813630341343886,1.0,1.4196533307401942,2.5110628682677656,36.06386795257708
1.360000000000001,0.4852359178727318,0.4852359178727318,4.8502929352719875,2.2023380610778145,2.733175899996066,5.629504134047604,2.372657609948727,2.8697670715001187,5.631794583680738,2.373140236834043,2.8698710166632195,2.372657609948727,2.372657609948727,2.8196859541852115,1.0,1.4067160246817458,2.4706016290461132,36.06386281125193
1.370000000000001,0.4707517787181231,0.4707517787181231,4.842060014414764,2.200468135287299,2.733548637097303,5.619049666891107,2.3704534728382893,2.869764632377745,5.62138510282441,2.370946035409581,2.869870575612824,2.3704534728382893,2.3704534728382893,2.8274659892215364,1.0,1.3934018172607543,2.4292271977372453,36.063857268870066
1.380000000000001,0.4561184397930293,0.4561184397930293,4.83414395742447,2.198668678410749,2.7338785477099,5.609109900327002,2.368355948823361,2.869762133011155,5.611490984778038,2.3688585826887256,2.8698701034244953,2.368355948823361,2.368355948823361,2.8372112892803187,1.0,1.3798219640184146,2.3865125789305153,36.06385133519828
1.390000000000001,0.44133839117546536,0.44133839117546536,4.826547459350057,2.1969404769702017,2.7341652089534354,5.599690703163713,2.366366561453173,2.8697595740462076,5.602118101115252,2.366879401472591,2.8698696008824536,2.366366561453173,2.366366561453173,2.8491896914474446,1.0,1.3657794533709533,2.342485420708197,36.06384502009148
1.400000000000001,0.42641424855101806,0.42641424855101806,4.819273061075025,2.195284277963796,2.734408214516082,5.590797708268602,2.3644867748136384,2.869756956142704,5.593272087268987,2.365009955004204,2.869869068776915,2.3644867748136384,2.3644867748136384,2.863695977952118,1.0,1.3514080263049184,2.297278684319929,36.06383833347982
1.410000000000001,0.41134875290304795,0.41134875290304795,4.812323147097832,2.1937007879603434,2.734607174938898,5.582436307699603,2.362717991572334,2.8697542799736833,5.584958337656839,2.36325164501304,2.869868507903095,2.362717991572334,2.362717991572334,2.88105018955902,1.0,1.336502656512821,2.2509991193042818,36.063831285356315
1.420000000000001,0.396144769655933,0.396144769655933,4.805699943395391,2.192190672226162,2.734761717893388,5.5746116479867505,2.361061551079673,2.869751546224748,5.577182000956353,2.36160580981593,2.869867919060237,2.361061551079673,2.361061551079673,2.901593540889541,1.0,1.3211551900501015,2.20372424723491,36.06382388576462
1.430000000000001,0.38080528652588125,0.38080528652588125,4.799405515374765,2.190754553886575,2.734871488452062,5.567328625572518,2.3595187275316376,2.8697487555934087,5.569947975539064,2.3600737224796737,2.86986730305067,2.3595187275316376,2.3595187275316376,2.925680977262549,1.0,1.3052112567812812,2.1555004216555504,36.06381614478711
1.440000000000001,0.3653334133429736,0.3653334133429736,4.7934417659180735,2.189393013124431,2.7349361493517423,5.56059188241966,2.3580907281993326,2.869745908788464,5.563260905072072,2.3586565890506552,2.8698666606788787,2.3580907281993326,2.3580907281993326,2.953669223003772,1.0,1.2886564843491866,2.106341560359547,36.06380807253331
1.450000000000001,0.34973237881311664,0.34973237881311664,4.7878104335256815,2.1881065864179656,2.7349553812493577,5.554405801795194,2.3567786917305567,2.869743006529406,5.557125174295734,2.357355546856633,2.8698659927506176,2.3567786917305567,2.3567786917305567,2.985899042880672,1.0,1.2714438823228962,2.056429493650601,36.063799679128685
1.460000000000001,0.3340055299134459,0.3340055299134459,4.782513090562646,2.1868957658202746,2.7349288829699723,5.548774504239037,2.355583686528466,2.869740049545858,5.551544904986015,2.3561716628857954,2.8698653000720404,2.355583686528466,2.355583686528466,3.0226704556714363,1.0,1.2534400569411674,2.005928730845618,36.063790974703714
1.470000000000001,0.3181563287639507,0.3181563287639507,4.777551141613399,2.185760998282612,2.734856371746785,5.543701843725584,2.3545067092122682,2.8697370385770387,5.546523952109809,2.355105932248019,2.86986458344886,2.3545067092122682,2.3545067092122682,3.0642099257476323,1.0,1.2346030681289533,1.9544138138202498,36.0637819693833
1.480000000000001,0.302188350545955,0.302188350545955,4.772925821949542,2.184702685023649,2.734737583452877,5.539191404026393,2.353548683164721,2.8697339743712647,5.542065900181363,2.354159276723086,2.869863843685538,2.353548683164721,2.353548683164721,3.1106292750320494,1.0,1.2148492258456633,1.9017525521673802,36.06377267327671
1.490000000000001,0.28610528117182665,0.28610528117182665,4.768638196115549,2.1837211809467685,2.734572272824426,5.535246495281843,2.3527104571710145,2.8697308576854765,5.538174059827684,2.353332543400461,2.869863081584508,2.3527104571710145,2.3527104571710145,3.161877375142617,1.0,1.1940272187520529,1.8484364549646695,36.06376309646764
1.500000000000001,0.2699109135394597,0.2699109135394597,4.76468915663703,2.1828167941073366,2.7343602136751737,5.531870150789433,2.3519928041534124,2.869727689284807,5.534851464570647,2.352626503414991,2.86986229794542,2.3519928041534124,2.3519928041534124,3.217687718710959,1.0,1.1720157525693398,1.793861550112508,36.06375324900488
1.5100000000000011,0.25360914568452536,0.25360914568452536,4.761079422856156,2.181989785231855,2.7341011991018958,5.529065124016088,2.351396420005799,2.8697244699421742,5.5321008678330665,2.3520418507826486,2.8698614935644304,2.351396420005799,2.351396420005799,3.2775276888967144,1.0,1.1486672660788677,1.7381172107246001,36.06374314089328
1.5200000000000011,0.23720397613733463,0.23720397613733463,4.757809539898584,2.1812403672907266,2.733795041680641,5.526833885841508,2.35092192253199,2.869721200437912,5.52992474017593,2.351579201340225,2.8698606692335074,2.35092192253199,2.35092192253199,3.3405583910473626,1.0,1.123802987258281,1.6808093236501853,36.063732782085076
1.5300000000000011,0.22069950155289908,0.22069950155289908,4.754879877776139,2.1805687051262885,2.7334415736535096,5.525178622039303,2.35056985049143,2.8697178815594304,5.528325266773374,2.3512390917925328,2.8698598257397805,2.35056985049143,2.35056985049143,3.4056164648465677,1.0,1.0972066513357617,1.6221247168278567,36.06372218247168
1.5400000000000011,0.20409991225041263,0.20409991225041263,4.752290630629292,2.1799749151376244,2.7330406471057542,5.524101231002238,2.3503406627555585,2.8697145141009166,5.527304345131869,2.351021978870438,2.8698589638649157,2.3503406627555585,2.3503406627555585,3.4712300675106484,1.0,1.0686164778908451,1.5614244179478867,36.063711351875895
1.5500000000000012,0.18740948845863678,0.18740948845863678,4.750041816113216,2.1794590650235244,2.732592134132972,5.523603321717577,2.3502347375778396,2.8697110988630596,5.526863583059504,2.350928238602681,2.869858084384527,2.3502347375778396,2.3502347375778396,3.535678720404993,1.0,1.0377278994382695,1.4984530828584706,36.063700300044424
1.5600000000000012,0.1706325965838821,0.1706325965838821,4.748133274931056,2.1790211735848404,2.732095926998179,5.523686211998043,2.3502523719800905,2.869707636652814,5.527004296890977,2.3509581657041405,2.8698571880676162,2.3502523719800905,2.3502523719800905,3.5970999469908698,1.0,1.0041507890797727,1.4327803680947033,36.06368903664091
1.5700000000000012,0.15377368402554403,0.15377368402554403,4.7465646705177225,2.1786612105873004,2.731551938278564,5.5243509269735105,2.350393781257411,2.8697041282831983,5.52772750997334,2.351111973082809,2.8698562756760473,2.350393781257411,2.350393781257411,3.6536350529257415,1.0,0.9673927975754691,1.3638575268371445,36.063677571239296
1.5800000000000012,0.13683727582211103,0.13683727582211103,4.745335488877289,2.178379096685719,2.730960101001712,5.525598197848055,2.3506590986036353,2.8697005745731197,5.529033951417181,2.3513897914674167,2.869855347964055,2.3506590986036353,2.3506590986036353,3.703594590359386,1.0,0.9268265143535266,1.291050379778685,36.063665913317685
1.5900000000000012,0.11982796880540299,0.11982796880540299,4.744445038576768,2.1781747034103507,2.7303203687711113,5.527428460926524,2.351048374858868,2.8696969763472353,5.530924055117387,2.351791669157238,2.8698544056777826,2.351048374858868,2.351048374858868,3.7456153347164407,1.0,0.8816250165231164,1.2133034114373735,36.06365407225245
1.6000000000000012,0.10275042772685122,0.10275042772685122,4.7438924508988,2.178047853215994,2.7296327158807396,5.529841856914256,2.3515615783802595,2.869693334435844,5.533397959047111,2.3523175718952385,2.869853449554852,2.3515615783802595,2.3515615783802595,3.7787792485950935,1.0,0.8306371305594846,1.129316322158621,36.06364205731291
1.6100000000000012,0.08560937971309329,0.08560937971309329,4.743676680155336,2.1779983195942405,2.7288971374185675,5.532838230493045,2.352198595036789,2.869689649674813,5.536455504828091,2.3529673828653235,2.8698524803239667,2.352198595036789,2.352198595036789,3.8026726265586968,1.0,0.772254558448564,1.0371958096231861,36.06362987765633
1.6200000000000012,0.06840960918268234,0.06840960918268234,4.743796504164262,2.1780258272491313,2.728113649358785,5.536417130175965,2.3529592283284395,2.8696859229055263,5.540096237579876,2.353740902814045,2.8698514987045445,2.3529592283284395,2.3529592283284395,3.8173780985087653,1.0,0.7039544616637927,0.9339814052199762,36.063617542323264
1.6300000000000012,0.051155953032620056,0.051155953032620056,4.744250524890342,2.178130052336256,2.727282288642607,5.540577808443024,2.3538431996297087,2.8696821549748703,5.544319406049975,2.3546378502967236,2.869850505406383,2.3538431996297087,2.3538431996297087,3.8234079881195404,1.0,0.6215951650375734,0.8146961281087968,36.0636050602334
1.6400000000000012,0.03385329441057153,0.03385329441057153,4.745037169251733,2.1783106227652045,2.7264031132474713,5.545319222159086,2.354850148557034,2.869678346735246,5.549123963026384,2.3556578620475395,2.8698495011293494,2.354850148557034,2.354850148557034,3.821598989128444,1.0,0.5171587465942206,0.6696120662593626,36.063592440181644
1.6500000000000012,0.01650655826415436,0.01650655826415436,4.746154690092724,2.178567118565027,2.7254762022445065,5.550640033274937,2.355979633459283,2.8696744990446073,5.55450856603331,2.3568004934727314,2.86984848656311,2.355979633459283,2.355979633459283,3.8129921323599496,1.0,0.3700352431973292,0.4733725726312858,36.063579690834686
1.6600000000000013,-0.0008792952756835723,0.0008792952756835723,4.747601167323223,2.178899072312259,2.724501655844102,5.5565386098117235,2.357231132030061,2.8696706127665292,5.5604715783104135,2.358065219265662,2.8698474623868777,2.357231132030061,2.357231132030061,3.798719021544535,1.0,nan,nan,36.0635668207279
1.6700000000000013,-0.018299275778351293,0.018299275778351293,4.749374509224877,2.179305969620805,2.7234795954294673,5.56301302712844,2.358604042040215,2.8696666887703004,5.567011070075168,2.3594514341420907,2.8698464292691956,2.358604042040215,2.358604042040215,3.7799082067813123,1.0,3.595128104462037,3.704320066735076,36.06355383826254
1.6800000000000013,-0.03574836866569488,0.03574836866569488,4.751472453923539,2.1797872496928545,2.722410163578047,5.570061069471511,2.360097682188496,2.869662727931037,5.574124820067448,2.3609584536936365,2.8698453878677417,2.360097682188496,2.360097682188496,3.7576176946570183,1.0,3.4812973831928775,3.6784282626498177,36.06354075170335
1.6900000000000013,-0.053221541072059356,0.053221541072059356,4.7538925710272775,2.1803423059298,2.721293524070668,5.5776802318049095,2.3617112930679967,2.8696587311298267,5.581810317374752,2.3625855153570106,2.8698443388291626,2.3617112930679967,2.3617112930679967,3.732793308048779,1.0,3.3814661290997203,3.654375311121781,36.06352756917651
1.7000000000000013,-0.0707137472065771,0.0707137472065771,4.756632263428768,2.180970486601955,2.7201298618883265,5.585867721918641,2.363444038245594,2.86965469925389,5.59006476353592,2.3643317794962533,2.8698432827889384,2.363444038245594,2.363444038245594,3.706248810389479,1.0,3.291415742216057,3.631916368381236,36.06351429866777
1.7100000000000013,-0.0882199350371755,0.0882199350371755,4.759688769270492,2.181671095575704,2.7189193831965195,5.594620462812848,2.3652950054512965,2.8696506331967653,5.598885074920593,2.366196330594863,2.8698422203712615,2.3652950054512965,2.3652950054512965,3.678662204640437,1.0,3.209360241065687,3.611780566355427,36.06350094802113
1.7200000000000013,-0.10573505124320083,0.10573505124320083,4.76305916407082,2.1824433930965585,2.7176623153170105,5.603935095354145,2.3672632078740516,2.8696465338585107,5.608267885381045,2.3681781785543596,2.8698411521889464,2.3672632078740516,2.3672632078740516,3.6505827014863894,1.0,3.133818446560865,3.592982956660358,36.06348752493757
1.7300000000000013,-0.12325404799774264,0.12325404799774264,4.766740363008585,2.1832865966264223,2.7163589066869855,5.613807981200224,2.369347585560258,2.869642402145928,5.6182095491724,2.370276260095519,2.869840078843361,2.369347585560258,2.369347585560258,3.622443772405148,1.0,3.06363292676532,3.5752895446740194,36.06347403697427
1.7400000000000013,-0.14077188821263142,0.14077188821263142,4.770729123363449,2.184199881733228,2.7150094268055125,5.62423520598821,2.371547006910934,2.869638238972799,5.628706144136756,2.3724894402582186,2.869839000924381,2.371547006910934,2.371547006910934,3.594578893354747,1.0,2.9980712937760194,3.558603429277883,36.06346049154395
1.7500000000000013,-0.15828355167678676,0.15828355167678676,4.77502204710891,2.1851823830309702,2.713614166167249,5.635212582781621,2.373860270273215,2.869634045260142,5.639753475146066,2.374816513995569,2.869837919010358,2.373860270273215,2.373860270273215,3.567237707729437,1.0,2.9365692156626606,3.5434127097500094,36.063446895914566
1.7600000000000013,-0.17578404101329342,0.17578404101329342,4.7796155836545005,2.186233195168004,2.7121734361833596,5.646735655770296,2.3762861056216056,2.86962982193648,5.651347077798129,2.377256207857733,2.869836833668116,2.3762861056216056,2.3762861056216056,3.5406012436414134,1.0,2.8786889742926944,3.5290968250003196,36.06343325720921
1.7700000000000014,-0.1932683869453295,0.1932683869453295,4.784506032733237,2.187351373861373,2.7106875690896186,5.658799704217054,2.3788231763241785,2.8696255699381226,5.663482222359467,2.3798071817606288,2.8698357454529675,2.3788231763241785,2.3788231763241785,3.5147954791134493,1.0,2.8240887641338905,3.5155243322119687,36.0634195824063
1.7800000000000014,-0.21073165475639133,0.21073165475639133,4.789689547430228,2.188535936974814,2.7091569178416375,5.671399746644378,2.381470080988711,2.869621290209455,5.676153917948406,2.382468030834497,2.8698346549087335,2.381470080988711,2.381470080988711,3.4899029875521093,1.0,2.7724994613490663,3.502639779355947,36.06340587833988
1.7900000000000014,-0.22816894906876817,0.22816894906876817,4.795162137347778,2.1897858656379574,2.7075818559972524,5.684530545253897,2.3842253553835673,2.869616983703247,5.689356916951113,2.3852372873471337,2.8698335625677993,2.3842253553835673,2.3842253553835673,3.4659726641500854,1.0,2.7237066997022783,3.4903937502259375,36.06339215170025
1.8000000000000014,-0.24557542012924777,0.24557542012924777,4.800919671902167,2.1911001054041703,2.7059627775860378,5.698186610570951,2.3870874744279797,2.869612651380954,5.703085719662905,2.38811342269644,2.8698324689511656,2.3870874744279797,2.3870874744279797,3.4430276812706015,1.0,2.6775367683839733,3.478990791225022,36.06337840903475
1.8100000000000014,-0.26294626872306764,0.26294626872306764,4.806957883746917,2.192477567444401,2.704300096965971,5.712362206306093,2.390054854246256,2.869608294213041,5.717334579146656,2.3910948494667994,2.8698313745685375,2.390054854246256,2.390054854246256,3.4210718886359173,1.0,2.6337877318456733,3.468278348846066,36.06336465674867
1.8200000000000014,-0.28027675165259835,0.28027675165259835,4.813272372317053,2.1939171297742885,2.702594248667259,5.727051354424961,2.3931258542803304,2.869603913179301,5.732097506299784,2.394179923543714,2.8698302799184017,2.3931258542803304,2.3931258542803304,3.4000948930233372,1.0,2.592346544123339,3.4580648647689785,36.06335090110642
1.8300000000000014,-0.29756218711214305,0.29756218711214305,4.819858607488587,2.195417638511768,2.700845687223374,5.742247840417522,2.396298779455,2.869599509269185,5.747368275120802,2.397366946281024,2.8698291854881397,2.396298779455,2.396298779455,3.380076043427356,1.0,2.553134436824684,3.4483194299466775,36.06333714823278
1.8400000000000014,-0.3147979592194333,0.3147979592194333,4.826711933347272,2.1969779091623276,2.699054886989326,5.757945218757404,2.3995718823901493,2.869595083482123,5.763140428166147,2.400654166715012,2.8698280917541292,2.3995718823901493,2.3995718823901493,3.3609875251002803,1.0,2.516056913388885,3.4390140473610185,36.06332340411435
1.8500000000000014,-0.3319795236074026,0.3319795236074026,4.833827572060282,2.1985967279290404,2.697222341947255,5.774136818541551,2.4029433656542034,2.8695906368278576,5.77940728218755,2.4040397838196332,2.86982699918188,2.4029433656542034,2.4029433656542034,3.3427967380121193,1.0,2.4809534077112554,3.430123281442922,36.06330967460112
1.8600000000000014,-0.34910241140274884,0.34910241140274884,4.841200627844484,2.2002728530444773,2.695348565499371,5.790815749300338,2.4064113840530963,2.8695861703267704,5.7961619339400645,2.4075219487971578,2.86982590822616,2.4064113840530963,2.4064113840530963,3.325468106934689,1.0,2.447748775730194,3.4216239587211623,36.0632959654081
1.8700000000000014,-0.36616223442064494,0.36616223442064494,4.848826091024525,2.202005016121563,2.6934340902483647,5.807974906967771,2.409974046949006,2.869581685010206,5.813397266150442,2.4110987673984745,2.869824819331139,2.409974046949006,2.409974046949006,3.308964444094437,1.0,2.416411892201715,3.4135787122488845,36.06328228211714
1.8800000000000014,-0.3831546891444648,0.3831546891444648,4.856698842174012,2.203791923520461,2.6914794677653497,5.825606980001409,2.4136294206032147,2.869577181920794,5.831105953635402,2.414768302267404,2.8698237329305396,2.4136294206032147,2.4136294206032147,3.2932479622746893,1.0,2.386778399837818,3.406036111859297,36.063268630178804
1.8900000000000015,-0.40007556099895936,0.40007556099895936,4.864813656332763,2.205632257728555,2.689485268345451,5.843704455641225,2.4173755305374516,2.869572662112766,5.849280469559126,2.4185285753034065,2.8698226494477894,2.4173755305374516,2.4173755305374516,3.2782810166814267,1.0,2.358809249853097,3.398816378497447,36.06325501491434
1.9000000000000015,-0.41692072858295603,0.41692072858295603,4.873165207293055,2.207524678750626,2.687452080751163,5.862259626296597,2.4212103639082243,2.8695681266522644,5.867913091819095,2.4223775700371517,2.869821569296189,2.4212103639082243,2.4212103639082243,3.264026637677289,1.0,2.3324267368126796,3.3919035900530696,36.063241441517675
1.9100000000000015,-0.43368616696384815,0.43368616696384815,4.881748071947711,2.2094678255063394,2.685380511943579,5.881264596050424,2.425131871888707,2.8695635766176437,5.886995909549303,2.4263132340135525,2.869820492879076,2.425131871888707,2.425131871888707,3.2504489032871104,1.0,2.307514072757562,3.3852830447789404,36.06322791505759
1.9200000000000015,-0.45036795191211393,0.45036795191211393,4.890556734692719,2.2114603172321945,2.6832711868016608,5.90071128726929,2.429137972052903,2.869559013099762,5.906520829729812,2.430333481176979,2.869819420589992,2.429137972052903,2.429137972052903,3.2375131897605467,1.0,2.2840361568389804,3.3789411310127027,36.06321444047977
1.9300000000000015,-0.46696226261421725,0.46696226261421725,4.899585591877125,2.2135007548851493,2.681124747829676,5.920591447308483,2.4332265507569333,2.8695544372022637,5.9264795838913775,2.434436194253482,2.869818352812866,2.4332265507569333,2.4332265507569333,3.225186330017895,1.0,2.2618790130199797,3.372865214821558,36.06320102260909
1.9400000000000015,-0.4834653853592065,0.4834653853592065,4.908828956292813,2.215587722545152,2.6789418548529733,5.9408966553007465,2.437395465512469,2.8695498500418473,5.946863734904113,2.438619227125078,2.8698172899221808,2.437395465512469,2.437395465512469,3.213436703113937,1.0,2.240995136281,3.3670435387470645,36.06318766615181
1.9500000000000015,-0.4998737161735098,0.4998737161735098,4.918281061696899,2.217719788813929,2.676723184702268,5.961618329017535,2.441642547347489,2.8695452527485212,5.967664683838932,2.442880407191259,2.8698162322831626,2.441642547347489,2.441642547347489,3.2022342725915434,1.0,2.221299986050925,3.36146513368315,36.063174375697784
1.9600000000000015,-0.5161837635399222,0.5161837635399222,4.927936067359357,2.2198955082073923,2.6744694308866226,5.982747731791631,2.4459656031497317,2.8695406464658455,5.9888736768906385,2.4472175377131142,2.869815180251955,2.4459656031497317,2.4459656031497317,3.1915505874758265,1.0,2.2027302163129385,3.356119740246175,36.063161155722796
1.9700000000000015,-0.5323921511470499,0.5323921511470499,4.937788062628677,2.222113422539155,2.6721813032553072,6.004275979490083,2.4503624179884254,2.8695360323511574,6.010481812351656,2.4516284001356436,2.869814134175801,2.4503624179884254,2.4503624179884254,3.181358756444522,1.0,2.1852115904433456,3.3509977385021283,36.06314801059077
1.9800000000000015,-0.5484956196591795,0.5484956196591795,4.947831071508273,2.224372062292699,2.6698595276487698,6.026194047526473,2.4548307574100647,2.8695314115757764,6.032480047625356,2.4561107563840348,2.8698130943932245,2.4548307574100647,2.4548307574100647,3.1716334032097664,1.0,2.1687029816796395,3.3461425770436075,36.063134944556104
1.9900000000000015,-0.5644910293277815,0.5644910293277815,4.9580590572366,2.2266699479798526,2.667504845538902,6.048492777901666,2.459368369704235,2.869526785325196,6.0548592062682225,2.4606623511299195,2.869812061234212,2.459368369704235,2.459368369704235,3.1623506092069387,1.0,2.153115547707338,3.3415694327050383,36.0631219617659
2.0000000000000013,-0.5803753612133454,0.5803753612133454,4.968465926863928,2.229005591483325,2.665118013658854,6.071162886262354,2.463972988135697,2.8695221547992547,6.077609985050118,2.465280914023819,2.8698110350203905,2.463972988135697,2.463972988135697,3.1534878481856863,1.0,2.1384101805027225,3.3371891108707676,36.063109066262214
2.010000000000001,-0.5961457191840154,0.5961457191840154,4.979045535818898,2.231377497381135,2.6626998036226244,6.094194968966944,2.468642333139198,2.8695175212122837,6.100722961022246,2.469964161890258,2.869810016065204,2.468642333139198,2.468642333139198,3.1450239161401816,1.0,2.1245472410422606,3.3329941651686372,36.06309626198433
2.020000000000001,-0.6117993310345068,0.6117993310345068,4.989791692458149,2.233784164250913,2.6602510015346756,6.11757951014846,2.4733741144736796,2.8695128857932377,6.124188598582427,2.4747098008822017,2.8698090046740936,2.4733741144736796,2.4733741144736796,3.1369388591242546,1.0,2.111440446498944,3.3289775319692847,36.06308355277095
2.0300000000000007,-0.6273335495512282,0.6273335495512282,5.0006981625924265,2.236224085952127,2.6577724075898317,6.141306888764468,2.478166033332809,2.8695082497857944,6.147997256527811,2.4795155285917874,2.8698080011446687,2.478166033332809,2.478166033332809,3.1292139008128417,1.0,2.099053815030195,3.3251324954479866,36.06307094236236
2.0400000000000005,-0.6427458536801904,0.6427458536801904,5.0117586739828255,2.238695752884439,2.6552648356637287,6.16536738562421,2.4830157844089937,2.869503614448442,6.172139195085118,2.4843790361144813,2.8698070057668765,2.4830157844089937,2.4830157844089937,3.12183137114776,1.0,2.087391010563947,3.321452655731146,36.06305843440259
2.0500000000000003,-0.6580338487300217,0.6580338487300217,5.022966920800934,2.2411976532204685,2.652729112894097,6.1897511903834905,2.487921057908287,2.869498981054532,6.196604582909026,2.4892980100640876,2.8698060188231693,2.487921057908287,2.487921057908287,3.1147746370069362,1.0,2.0763523418127683,3.3179319013711845,36.063046032441534
2.06,-0.6731952673490087,0.6731952673490087,5.034316568046939,2.2437282741114037,2.650166079253167,6.214448408498125,2.4928795415138145,2.869494350892312,6.221383504039486,2.494270134536251,2.869805040588675,2.4928795415138145,2.4928795415138145,3.108028035533697,1.0,2.065897022749314,3.314564383138566,36.063033739937
2.07,-0.688227969263248,0.688227969263248,5.045801255919942,2.2462861028640013,2.647576587111468,6.239449068127066,2.4978889222955982,2.869489725264929,6.2464659648091505,2.499293093018334,2.869804071331348,2.4978889222955982,2.4978889222955982,3.101576810534608,1.0,2.056015056648122,3.311344491895702,36.063021560256715
2.0799999999999996,-0.7031299416506874,0.7031299416506874,5.057414604134976,2.248869628087626,2.6449615007933693,6.264743126976759,2.502946888564909,2.8694851054904054,6.271841900692368,2.504364570243791,2.8698031113121334,2.502946888564909,2.502946888564909,3.0954070521836448,1.0,2.046703054130945,3.3082668374547826,36.06300949668032
2.0899999999999994,-0.7178992988153137,0.7178992988153137,5.069150216181446,2.251477340810128,2.6423216961246423,6.290320479078447,2.508051131671451,2.86948049290159,6.2975011830876,2.509482253989376,2.869802160785116,2.508051131671451,2.508051131671451,3.0895056401439116,1.0,2.037876026417422,3.30532623019809,36.062997552401285
2.099999999999999,-0.7325342817186538,0.7325342817186538,5.081001683518005,2.2541077355614583,2.63965805997237,6.316170961490775,2.5131993477419923,2.86947588884607,6.323433626025536,2.5146438368137813,2.8698012199976675,2.5131993477419923,2.5131993477419923,3.08386019012544,1.0,2.029504017470103,3.3025176644130343,36.06298573052872
2.109999999999999,-0.7470332576994355,0.7470332576994355,5.09296258969914,2.256759311424047,2.6369714897775522,6.342284360920136,2.5183892393591853,2.8694712946860705,6.3496289927954,2.5198470177364736,2.8698002891905925,2.5183892393591853,2.5183892393591853,3.078459003830928,1.0,2.0215594063668125,3.2998363027072797,36.06297403408924
2.1199999999999988,-0.7613947192833469,0.7613947192833469,5.105026514428953,2.259430573049093,2.6342628930807206,6.368650420251848,2.523618517179617,2.8694667117983004,6.3760770024825035,2.5250895038557553,2.869799368598266,2.523618517179617,2.523618517179617,3.073291022194306,1.0,2.0140559902249495,3.2972774629100003,36.06296246602866
2.1299999999999986,-0.7756172837183648,0.7756172837183648,5.117187037538022,2.2621200316380254,2.6315331870409215,6.395258844985462,2.528884901490272,2.869462141573786,6.402767336410442,2.5303690119052678,2.869798458448768,2.528884901490272,2.528884901490272,3.0683457817851587,1.0,2.0069712997568767,3.294836605001789,36.06295102921373
2.1399999999999983,-0.7896996914435797,0.7896996914435797,5.1294377428793725,2.2648262058885162,2.6287832979484067,6.422099309567993,2.5341861237028334,2.869457585417659,6.429689644481622,2.5356832697483376,2.8697975589640086,2.5341861237028334,2.5341861237028334,3.0636133742314384,1.0,2.0002442680452814,3.292509320479292,36.06293972643372
2.149999999999998,-0.803640805089817,0.803640805089817,5.141772222139956,2.2675476229045235,2.62601416073141,6.449161463619246,2.5395199277854164,2.869453044748923,6.456833551410418,2.5410300178097893,2.86979667035986,2.5395199277854164,2.5395199277854164,3.0590844085008593,1.0,1.9938539856418027,3.2902913218077097,36.06292856040198
2.159999999999998,-0.817439607958062,0.817439607958062,5.154184078564347,2.2702828190699824,2.6232267184573357,6.476434938043866,2.5448840716315284,2.8694485210001703,6.484188662843515,2.546407010445014,2.869795792846267,2.5448840716315284,2.5448840716315284,3.054749975875621,1.0,1.9877809917846836,3.2881784333395507,36.06291753375746
2.1699999999999977,-0.8310952023136647,0.8310952023136647,5.1666669305875255,2.273030340885824,2.620421921828775,6.503909351025037,2.55027632836621,2.869444015617281,6.511744571362392,2.5518120172462533,2.8697949266273706,2.55027632836621,2.55027632836621,3.05060161745395,1.0,1.9820071369873595,3.2861665831361013,36.06290664906612
2.1799999999999975,-0.8446068079491476,0.8446068079491476,5.179214415374072,2.27578874577015,2.617600728674681,6.531574313895289,2.555694487589487,2.8694395300590756,6.539490862363486,2.557242824286244,2.869794071901606,2.555694487589487,2.555694487589487,3.0466312940142157,1.0,1.9765223913574064,3.284251795020867,36.062895908822355
2.1899999999999973,-0.8579737599192094,0.8579737599192094,5.191820192261254,2.278556602821456,2.6147641034371056,6.559419436880241,2.5611363565574248,2.8694350657969325,6.567417119811738,2.5626972352995074,2.8697932288618184,2.5611363565574248,2.5611363565574248,3.042831358081853,1.0,1.9713634143073722,3.282430182262216,36.06288531545022
2.199999999999997,-0.87119550696922,0.87119550696922,5.204477946103813,2.281332493544905,2.6119130166538795,6.587434334711428,2.56659976130121,2.8694306243143743,6.595512931863842,2.5681730728017227,2.8697923976953503,2.56659976130121,2.56659976130121,3.0391945280456008,1.0,1.966455564524258,3.2807090590100434,36.06287487130474
2.209999999999997,-0.8842716090704147,0.8842716090704147,5.217181390518569,2.2841150125417435,2.609048444437615,6.615608632104921,2.572082547684837,2.869426207106611,6.623767896357771,2.5736681791477647,2.869791578584146,2.572082547684837,2.572082547684837,3.0357138641766563,1.0,1.9617846473496734,3.279106578423121,36.062864578673086
2.2199999999999966,-0.8972017354120209,0.8972017354120209,5.229924271027163,2.2869027681620318,2.6061713679514287,6.643931969102663,2.577582582402097,2.8694218156800497,6.652171626165632,2.5791804175291095,2.8697907717048365,2.577582582402097,2.577582582402097,3.0323827464122233,1.0,1.9573373203084146,3.277584193079766,36.0628544397757
2.2299999999999964,-0.909985662039437,0.909985662039437,5.242700368095635,2.2896943831209517,2.603282772881769,6.672394006274016,2.5830977539137026,2.869417451551759,6.680713754407264,2.5847076729114384,2.869789977228821,2.5830977539137026,2.5830977539137026,3.0291948537730202,1.0,1.9531010205943817,3.276138392711566,36.062844456767294
2.239999999999996,-0.9226232692905464,0.9226232692905464,5.255503500069643,2.292488495079014,2.6003836489087653,6.700984429775191,2.588625973325461,2.869413116248905,6.709383939522349,2.590247852913375,2.8697891953223524,2.588625973325461,2.588625973325461,3.0261441452924718,1.0,1.9490639003019223,3.2747657302668434,36.06283463173796
2.249999999999996,-0.9351145395731686,0.9351145395731686,5.268327526004562,2.295283757186584,2.5974749891744744,6.729692956264778,2.5941651752085444,2.8694088113081366,6.738171870199181,2.5957988886273875,2.86978842614661,2.5941651752085444,2.5941651752085444,3.0232248423433874,1.0,1.9452147674790126,3.27346281777311,36.062824966714
2.259999999999996,-0.9474595544120605,0.9474595544120605,5.281166348389821,2.298078838593189,2.594557789749438,6.7585093376738765,2.599713318362984,2.869404538274937,6.767067270158673,2.6013587353840055,2.869787669857765,2.599713318362984,2.599713318362984,3.0204314122557663,1.0,1.9415430343159217,3.2722263233498565,36.06281546365892
2.2699999999999956,-0.959658492157178,0.959658492157178,5.294013915767115,2.300872424922146,2.5916330490979536,6.787423365829636,2.6052683865255872,2.8694002987029323,6.7960599027923925,2.6069253734605433,2.869786926607052,2.6052683865255872,2.6052683865255872,3.0177585531268933,1.0,1.938038669133038,3.271052967644742,36.06280612447415
2.2799999999999954,-0.9717116249670984,0.9717116249670984,5.306864225242401,2.3036632187111032,2.588701767542458,6.816424876931433,2.6108283890235744,2.86939609415316,6.825139575653838,2.6124968087356275,2.869786196540831,2.6108283890235744,2.6108283890235744,3.015201179732098,1.0,1.9347282228834701,3.2699395213612803,36.06279695099989
2.289999999999995,-0.9836193161902762,0.9836193161902762,5.31971132489172,2.306449939819141,2.5857649467274335,6.845503755879181,2.6163913613752783,2.869391926193293,6.854296144802556,2.6180710732908983,2.8697854798006373,2.6163913613752783,2.6163913613752783,3.0127544104513317,1.0,1.9315776010471888,3.2688828024971643,36.062787945015785
2.299999999999995,-0.9953820175360787,0.9953820175360787,5.332549316061228,2.3092313258011266,2.5828235890832314,6.874649940453616,2.6219553658393226,2.8693877963968255,6.8835195190008145,2.6236462259612696,2.8697847765232414,2.6219553658393226,2.6219553658393226,3.0104135551330913,1.0,1.928566252171006,3.2678796740152456,36.06277910824163
2.3099999999999947,-1.007000266047149,1.007000266047149,5.3453723555618975,2.3120061322500636,2.5798786972902237,6.903853425348651,2.6275184919137393,2.8693837063422114,6.912799663763081,2.6292203528352434,2.8697840868406947,2.6275184919137393,2.6275184919137393,3.00817410382326,1.0,1.9256859666564943,3.266927041910562,36.0627704423379
2.3199999999999945,-1.0184746814687673,1.0184746814687673,5.358174657759593,2.3147731331082086,2.5769312737436927,6.933104266056234,2.633078856786525,2.8693796576119626,6.942126605258651,2.634791567706761,2.8697834108803724,2.633078856786525,2.633078856786525,3.006031716291965,1.0,1.9229289234036258,3.2660218529631555,36.062761948906406
2.3299999999999943,-1.0298059629801735,1.0298059629801735,5.370950496561483,2.3175311209477822,2.5739823200198346,6.962392582604376,2.6386346057391834,2.8693756517917035,6.971490434068155,2.640358012480155,2.8697827487650147,2.6386346057391834,2.6386346057391834,3.0039822122968105,1.0,1.9202876631281247,3.2651610933791786,36.06275362949075
2.339999999999994,-1.0409948865575305,1.0409948865575305,5.383694207299761,2.3202789072220953,2.5710328363433153,6.9917085631492935,2.644183912504819,2.869371690469178,7.000881308794852,2.6459178575297555,2.869782100612766,2.644183912504819,2.644183912504819,3.0020215625256146,1.0,1.917755063001672,3.264341786827338,36.06274548557677
2.349999999999994,-1.052042301761388,1.052042301761388,5.396400188513957,2.323015322487985,2.568083821056743,7.021042467422822,2.6497249795823756,2.869367775233218,7.030289459531962,2.6514693020157636,2.869781466537204,2.6497249795823756,2.6497249795823756,3.0001458801663157,1.0,1.9153243144372987,3.2635609932678293,36.062737518593
2.3599999999999937,-1.0629491288676505,1.0629491288676505,5.40906290363325,2.3257392166004447,2.5651362700924625,7.050384630036538,2.655256038508629,2.8693639076726605,7.059705191187394,2.657010574157994,2.869780846647371,2.655256038508629,2.655256038508629,2.9983514130557944,1.0,1.9129889022429714,3.2628158074999183,36.06272972991102
2.3699999999999934,-1.073716355913555,1.073716355913555,5.421676882560193,2.3284494588803497,2.562191176447083,7.07972546364419,2.6607753500895543,2.869360089375224,7.089118886667523,2.6625399314691083,2.8697802410477995,2.6607753500895543,2.6607753500895543,2.9966345363632083,1.0,1.9107425856860312,3.262103357920449,36.062722120845756
2.3799999999999932,-1.0843450355468374,1.0843450355468374,5.434236723157632,2.331144938256228,2.5592495296590956,7.109055461964257,2.666281204592692,2.8693563219263356,7.1185210099218725,2.668055660948975,2.869779649838534,2.666281204592692,2.666281204592692,2.994991745766958,1.0,1.9085793814660084,3.2614208056095575,36.06271469265579
2.389999999999993,-1.0948362823086606,1.0948362823086606,5.446737092640491,2.333824563380995,2.5563123152899974,7.138365202664639,2.671771921902137,2.869352606907916,7.147902108850647,2.673556079241774,2.86977907311515,2.671771921902137,2.671771921902137,2.993419651087646,1.0,1.906493547437287,3.2607653430272094,36.0627074465436
2.399999999999993,-1.1051912693688297,1.1051912693688297,5.459172728874361,2.336487262724614,2.5533805144092803,7.167645350111688,2.6772458516377773,2.869348945897114,7.1772528180774104,2.679039532757479,2.8697785109687692,2.6772458516377773,2.6772458516377773,2.9919149703423873,1.0,1.904479568518854,3.260134193423316,36.062700383655724
2.4099999999999926,-1.1154112258498021,1.1154112258498021,5.4715384415828465,2.33913198464363,2.550455103083667,7.196886657985832,2.682701373240382,2.8693453404649976,7.206563861589119,2.684504397759318,2.8697779634860714,2.682701373240382,2.682701373240382,2.990474524188591,1.0,1.9025321428683242,3.25952460967998,36.062693505082954
2.4199999999999924,-1.1254974337053336,1.1254974337053336,5.483829113465734,2.341757697428522,2.5475370518709832,7.226079971766384,2.688136896024156,2.869341792175196,7.235826055246121,2.689949080418832,2.8697774307493074,2.688136896024156,2.688136896024156,2.989095230727847,1.0,1.900646169848181,3.2589338737422486,36.06268681186045
2.429999999999992,-1.1354512248915865,1.1354512248915865,5.496039701230159,2.3443633893298537,2.5446273253190044,7.255216231088017,2.6935508591983215,2.8693383025824963,7.26503030916465,2.6953720168400968,2.8697769128363024,2.6935508591983215,2.6935508591983215,2.9877741006429246,1.0,1.8988167385319503,3.2583592958093113,36.062680304967806
2.439999999999992,-1.1452739785476829,1.1452739785476829,5.508165236536965,2.346948068564144,2.5417268814696494,7.284286471971742,2.698941731859312,2.869334873231388,7.294167629974593,2.700771673054683,2.869776409820458,2.698941731859312,2.698941731859312,2.986508232642992,1.0,1.8970560877701472,3.257798213602062,36.06267398532911
2.4499999999999917,-1.154967117985492,1.154967117985492,5.520200826864526,2.3495107633004206,2.538836671368895,7.313281828933112,2.704308012955091,2.869331505654567,7.323229122955348,2.7061465449888975,2.8697759217707555,2.704308012955091,2.704308012955091,2.985294809194168,1.0,1.8953535699618735,3.2572479919218074,36.062667853812926
2.4599999999999915,-1.1645321081275508,1.1645321081275508,5.532141656292402,2.3520505216283945,2.5359576385827185,7.342193536970672,2.7096482312231367,2.869328201371387,7.352205994052706,2.7114951584048064,2.869775448751753,2.7096482312231367,2.7096482312231367,2.9841310925143274,1.0,1.8936935099377985,3.256706021799559,36.06266191123231
2.4699999999999913,-1.1739704524744605,1.1739704524744605,5.543982986207151,2.354566411509166,2.5330907187194476,7.371012933437552,2.7149609451035484,2.8693249618862615,7.3810895517797315,2.716816068816535,2.8697749908235846,2.7149609451035484,2.7149609451035484,2.983014420812738,1.0,1.8920716997416471,3.256169720237929,36.062656158344744
2.479999999999991,-1.1832836906144266,1.1832836906144266,5.55572015593276,2.3570575207094033,2.5302368389588246,7.399731459799375,2.7202447426287537,2.8693217886870226,7.409871209004818,2.72210786138331,2.869774548041945,2.7202447426287537,2.7202447426287537,2.9819422047566517,1.0,1.890484076572093,3.255636529440754,36.062650595852034
2.489999999999991,-1.1924733953908921,1.1924733953908921,5.567348583288042,2.3595229567198626,2.527396917588136,7.4283406632814915,2.7254982412912123,2.8693186832432267,7.438542484629898,2.7273691507806377,2.8697741204580884,2.7254982412912123,2.7254982412912123,2.980911924148396,1.0,1.8889267156323999,3.2551039164903783,36.062645224400185
2.4999999999999907,-1.2015411703127286,1.2015411703127286,5.578863765073584,2.361961846659167,2.5245718635456966,7.4568321984088275,2.730720087890523,2.869315647004413,7.467095005162126,2.7325985810510343,2.8697737081188066,2.730720087890523,2.730720087890523,2.9799211247977815,1.0,1.8873958232137835,3.2545693728369267,36.062640044579254
2.5099999999999905,-1.2104886470442644,1.2104886470442644,5.590261277490573,2.3643733371636917,2.521762575972026,7.485197828441439,2.7359089583612684,2.8693126813983163,7.4955205061821495,2.737794825435637,2.8697733110664254,2.7359089583612684,2.7359089583612684,2.978967415575861,1.0,1.8858877302117838,3.254030413776978,36.06263505692317
2.5199999999999902,-1.2193174827047528,1.2193174827047528,5.6015367764940605,2.366756594264408,2.5189699437690027,7.513429426709115,2.7410635575829163,2.869309787829028,7.523810833712269,2.742956586188026,2.86977292933878,2.7410635575829163,2.7410635575829163,2.9780484656371673,1.0,1.8843988864089636,3.253484578208112,36.06263026190955
2.52999999999999,-1.2280293576156924,1.2280293576156924,5.612685998083113,2.3691108032515307,2.516194845167289,7.541518977848178,2.7461826191730547,2.869306967675107,7.551957945487712,2.7480825943715215,2.869772562969197,2.7461826191730547,2.7461826191730547,2.9771620017985585,1.0,1.8829258546077938,3.252929427977681,36.06262565995939
2.53999999999999,-1.2366259726412245,1.2366259726412245,5.62370475853028,2.371435168527759,2.5134381473023293,7.569458578943823,2.7512649052651805,2.86930422228765,7.579953912134301,2.753171609641197,2.869772211986475,2.7512649052651805,2.7512649052651805,2.9763058060637566,1.0,1.8814653057603068,3.252362547735261,36.06262125143686
2.5499999999999896,-1.2451090470151454,1.2451090470151454,5.63458895455286,2.3737289134509147,2.510700705799168,7.597240440581214,2.7563092062722596,2.8693015529883037,7.607790918255747,2.7582224200117995,2.869771876414861,2.7563092062722596,2.7563092062722596,2.9754777132834964,1.0,1.8800140138422294,3.2517815443383102,36.062617036648994
2.5599999999999894,-1.253480315911807,1.253480315911807,5.645334563428395,2.375991280166742,2.5079833643663783,7.624856887808585,2.7613143406371874,2.8692989610672353,7.635461263433915,2.7632338416127427,2.8697715562740225,2.7613143406371874,2.7613143406371874,2.974675608941998,1.0,1.8785688514593057,3.251184046598228,36.062613015845365
2.569999999999989,-1.2617415282081053,1.2617415282081053,5.655937643056762,2.3782215294326057,2.505286954399339,7.652300361015616,2.7662791545712837,2.8692964477810525,7.662957363145169,2.768204718431274,2.86977125157902,2.7662791545712837,2.7662791545712837,2.9738974270612286,1.0,1.8771267855535676,3.2505677048918646,36.062609189217746
2.579999999999989,-1.2698944443720002,1.2698944443720002,5.666394331971289,2.3804189404328158,2.502612294593121,7.6795634167302715,2.7712025217818836,2.8692940143506753,7.690271749596124,2.773133922044899,2.8697709623402816,2.7712025217818836,2.7712025217818836,2.9731411482150443,1.0,1.875684873281969,3.249930190707775,36.06260555689972
2.5899999999999888,-1.277940834160763,1.277940834160763,5.676700849301194,2.382582810586275,2.499960190565207,7.7066387283373,2.77608334319006,2.869291661959162,7.71739707248198,2.778020351344097,2.869770688563566,2.77608334319006,2.77608334319006,2.972404797645975,1.0,1.8742402584619648,3.249269196457221,36.06260211896631
2.5999999999999885,-1.285882474749827,1.285882474749827,5.686853494687678,2.3847124553471173,2.4973314344882773,7.73351908672156,2.7809205466394684,2.869289391749488,7.744326099670524,2.7828629322463088,2.8697704302499343,2.7809205466394684,2.7809205466394684,2.9716864434779393,1.0,1.8727901677528962,3.248582434900131,36.062598875433565
2.6099999999999883,-1.2937211485084448,1.2937211485084448,5.696848648155968,2.3868072079989973,2.494726804733267,7.76019740083926,2.785713086597265,2.8692872048222724,7.771051717815022,2.787660617402165,2.8697701873957095,2.785713086597265,2.785713086597265,2.970984195018731,1.0,1.8713319075800556,3.247867639003423,36.06259582625809
2.619999999999988,-1.3014586412029896,1.3014586412029896,5.70668276994547,2.3888664194436386,2.4921470655229174,7.786666698220232,2.790459943848009,2.869285102233466,7.79756693289899,2.792412385894854,2.8697699599924436,2.790459943848009,2.790459943848009,2.9702962011465996,1.0,1.8698628607715368,3.2471225614168757,36.06259297133663
2.629999999999988,-1.3090967400099809,1.3090967400099809,5.7163524003002815,2.3908894579842626,2.4895929665959917,7.8129201254042,2.7951601251814178,2.8692830849919866,7.8238648707159095,2.797117242933501,2.869769748026879,2.7951601251814178,2.7951601251814178,2.9696206487756798,1.0,1.8683804836940872,3.2463449742089128,36.062590310505534
2.6399999999999877,-1.3166372316705874,1.3166372316705874,5.725854159222144,2.392875709104454,2.4870652428823603,7.838950948314082,2.799812663074814,2.8692811540573144,7.849938777286847,2.8017742195414046,2.8697695514809083,2.799812663074814,2.799812663074814,2.968955761395467,1.0,1.8668823034453976,3.2455326685159536,36.06258784354035
2.6499999999999875,-1.3240819008000573,1.3240819008000573,5.735184746187966,2.3948245752430313,2.4845646141891127,7.86475255256918,2.8044166153710437,2.8692793103370384,7.875782019218891,2.8063823722399075,2.869769370331532,2.8044166153710437,2.8044166153710437,2.968299797679894,1.0,1.8653659150790882,3.244683454091768,36.06258557015517
2.6599999999999873,-1.3314325280064108,1.3314325280064108,5.744340939833906,2.396735475565442,2.4820917848978565,7.890318443741157,2.808971064952638,2.8692775546843565,7.901388084007269,2.8109407827286703,2.869769204550813,2.808971064952638,2.808971064952638,2.9676510501619324,1.0,1.8638289792836231,3.243795159111721,36.06258349000222
2.669999999999987,-1.338690888412393,1.338690888412393,5.753319597608034,2.3986078457321933,2.4796474436733664,7.9156422475555726,2.813475119412925,2.8692758878955402,7.926750580283896,2.8154485575630566,2.8697690541058414,2.813475119412925,2.813475119412925,2.9670078439699528,1.0,1.8622692197620028,3.242865629619194,36.06258160267126
2.679999999999987,-1.3458587498670433,1.3458587498670433,5.7621176553934275,2.400441137664789,2.4772322631837085,7.9407177100416995,2.8179279107247757,2.8692743107073437,7.951863238015143,2.8199048278293266,2.8697689189586777,2.8179279107247757,2.8179279107247757,2.9663685356224123,1.0,1.8606844211921902,3.2418927293472164,36.06257990768898
2.6899999999999866,-1.352937871525154,1.352937871525154,5.770732127103684,2.4022348193096534,2.4748468998319693,7.965538697633289,2.822328594907632,2.8692728237943874,7.976719908651411,2.824308748818268,2.8697687990663163,2.822328594907632,2.822328594907632,2.9657315118776753,1.0,1.8590840519344516,3.240874339217161,36.0625784045185
2.6999999999999864,-1.3599300022886052,1.3599300022886052,5.779160104252528,2.403988374400452,2.472491993499708,7.990099197222885,2.826676351693431,2.86927142776648,8.001314565231137,2.8286594996978933,2.8697686943806318,2.826676351693431,2.826676351693431,2.965095188636065,1.0,1.8574700978699303,3.2398083570328686,36.06257709255867
2.709999999999986,-1.3668368793406782,1.3668368793406782,5.787398755499372,2.4057013022192453,2.4701681673022415,8.014393316172177,2.8309703841919958,2.8692701231659203,8.02564130244174,2.832956283185771,2.8697686048483324,2.8309703841919958,2.8309703841919958,2.9644580098914726,1.0,1.8558254629279292,3.2386926971315506,36.06257597114359
2.719999999999986,-1.373660226852428,1.373660226852428,5.79544532617246,2.4073731173568547,2.4678760273558393,8.038415282280866,2.835209918556449,2.869268910464741,8.04969433663992,2.8371983252215416,2.8697685304109095,2.835209918556449,2.835209918556449,2.9638184467300683,1.0,1.8541481919128424,3.2375252899101437,36.06257503954187
2.7299999999999858,-1.3804017544955465,1.3804017544955465,5.803297137771294,2.4090033494728256,2.4656161625569237,8.06215944371639,2.83939420364915,2.869267790061931,8.073468005833693,2.8413848746401276,2.869768471004593,2.83939420364915,2.83939420364915,2.9631749963738723,1.0,1.8524363809724762,3.236304081598483,36.0625742969561
2.7399999999999856,-1.3870631563231108,1.3870631563231108,5.810951587449848,2.410591543055324,2.463389144373347,8.085620268906828,2.8435225107086506,2.8692667622806085,8.09695676962847,2.845515202846133,2.869768426560292,2.8435225107086506,2.8435225107086506,2.9625261812671266,1.0,1.8506881757710831,3.235027033705813,36.06257374252217
2.7499999999999853,-1.3936461093801606,1.3936461093801606,5.818406147482178,2.412137257181311,2.4611955266477876,8.108792346399191,2.847594133018115,2.869265827365162,8.12015520913931,2.8495886034898636,2.869768397003551,2.847594133018115,2.847594133018115,2.9618705482035956,1.0,1.8489017701207613,3.233692122789146,36.06257337530862
2.759999999999985,-1.4001522726197433,1.4001522726197433,5.825658364711817,2.413640065277302,2.4590358454133403,8.13167038468526,2.8516083855756316,2.8692649854783543,8.143058026871612,2.8536043921454164,2.8697683822544953,2.8516083855756316,2.8516083855756316,2.961206667493078,1.0,1.84707540438917,3.2322973399561854,36.062573194316016
2.769999999999985,-1.4065832857226719,1.4065832857226719,5.832705859986439,2.415099554881007,2.456910618721306,8.15424921199699,2.8555646047668035,2.869264236698402,8.165660046572173,2.85756190599122,2.869768382227782,2.8555646047668035,2.8555646047668035,2.960533132165571,1.0,1.8452073641485705,3.2308406905101266,36.06257319847637
2.7799999999999847,-1.4129407679672576,1.4129407679672576,5.839546327579099,2.416515327404132,2.454820346481227,8.176523776073592,2.8594621480400106,2.869263581016007,8.187956213052683,2.8614605034933964,2.869768396832545,2.8594621480400106,2.8594621480400106,2.959848557211664,1.0,1.843295978888216,3.2293201935859526,36.062573386652396
2.7899999999999845,-1.4192263172752013,1.4192263172752013,5.846177534597351,2.417886997896583,2.452765510313187,8.19848914390205,2.8633003935846566,2.8692630183313725,8.209941591987509,2.865299564092297,2.8697684259723464,2.8633003935846566,2.8633003935846566,2.9591515788578824,1.0,1.8413396206418997,3.2277338816490877,36.06257375763689
2.7999999999999843,-1.4254415090645465,1.4254415090645465,5.852597320381516,2.4192141948123393,2.4507465734123555,8.220140501433075,2.867078740012746,2.86926254845118,8.231611369687633,2.8690784878925206,2.869768469545123,2.867078740012746,2.867078740012746,2.9584408538758087,1.0,1.8393367029476901,3.2260798002289257,36.06257431015213
2.809999999999984,-1.4315878954322767,1.4315878954322767,5.858803595893296,2.4204965597772072,2.4487639804257917,8.241473153274157,2.870796606044071,2.8692621710855444,8.252960852852459,2.8727966953567146,2.8697685274431417,2.870796606044071,2.870796606044071,2.9577150589239243,1.0,1.837285679538584,3.224356007356298,36.062575042849225
2.819999999999984,-1.4376670040982218,1.4376670040982218,5.864794343095827,2.4217337473586618,2.446818157341481,8.262482522361447,2.874453430195286,2.869261885844941,8.273985468301225,2.8764536270034364,2.869768599552941,2.874453430195286,2.874453430195286,2.956972889921252,1.0,1.8351850434065196,3.2225605732789595,36.0625759543075
2.8299999999999836,-1.443680337599044,1.443680337599044,5.870567614326339,2.422925424837987,2.444909511389574,8.283164149612134,2.878048670473127,2.8692616922371044,8.29468076268555,2.880048743109316,2.8697686857552873,2.878048670473127,2.878048670473127,2.95621306145191,1.0,1.8330333256804534,3.220691579958677,36.06257704303385
2.8399999999999834,-1.4496293724178841,1.4496293724178841,5.876121531662403,2.424071271984882,2.4430384309557924,8.30351369355877,2.8815818040719874,2.8692615896639193,8.315042402184694,2.8835815234157494,2.8697687859251273,2.8815818040719874,2.8815818040719874,2.955434306199864,1.0,1.8308290946708792,3.218747120666664,36.062578307462175
2.849999999999983,-1.455515558123403,1.455515558123403,5.881454286282778,2.4251709808347077,2.4412052855069564,8.323526929967143,2.8850523270760866,2.8692615774182686,8.335066172184995,2.8870514668403464,2.8697688999315387,2.8850523270760866,2.8850523270760866,2.9546353744131744,1.0,1.8285709549918452,3.2167252996010784,36.0625797459528
2.859999999999983,-1.4613403166857655,1.4613403166857655,5.88656413782382,2.4262242554685294,2.439410425528562,8.343199751438995,2.8884597541663957,2.8692616546808885,8.354747976944823,2.8904580911933015,2.8697690276376884,2.8884597541663957,2.8884597541663957,2.953815033397173,1.0,1.826257546571119,3.2146569480455556,36.06258135679189
2.869999999999983,-1.4671050416008653,1.4671050416008653,5.8914494137323565,2.4272308117961003,2.4376541824743505,8.362528167001042,2.8918036183325175,2.869261820517184,8.37408383924644,2.893800932898882,2.869769168900784,2.8918036183325175,2.8918036183325175,2.9529720670360335,1.0,1.8238875439542055,3.212553390494901,36.062583138190874
2.8799999999999826,-1.472811097302382,1.472811097302382,5.8961085086158445,2.4281903773419096,2.435936868727795,8.38150830168144,2.8950834705896544,2.8692620738740486,8.393069900035927,2.897079546722169,2.869769323572036,2.8950834705896544,2.8950834705896544,2.952105275342297,1.0,1.8214717007972225,3.2103707429511195,36.06258508828605
2.8899999999999824,-1.4784598183667077,1.4784598183667077,5.900539883590694,2.429102691034427,2.4342587775753897,8.400136396075041,2.898298879700822,2.8692624135766605,8.411702418052458,2.900293505501203,2.8697694914966156,2.898298879700822,2.898298879700822,2.951213474033969,1.0,1.8190257086045478,3.208107275486717,36.062587205137895
2.899999999999982,-1.4840525089157075,1.4840525089157075,5.904742065629464,2.429967502998644,2.4326201831916903,8.418408805898487,2.901449431904421,2.8692628383252776,8.429977769447921,2.9034423998846477,2.869769672513624,2.901449431904421,2.901449431904421,2.9502954941388633,1.0,1.8165206178012783,3.2057612684309356,36.06258948673079
2.909999999999982,-1.4895904419763317,1.4895904419763317,5.908713646907737,2.430784574352021,2.431021340635944,8.436322001536267,2.90453473064728,2.869263346692019,8.447892447398091,2.906525838075088,2.869769866456049,2.90453473064728,2.90453473064728,2.949350181625921,1.0,1.8139552760579067,3.2033310119188734,36.0625919309725
2.9199999999999817,-1.4950748588216558,1.4950748588216558,5.912453284151292,2.431553677003922,2.42946248586024,8.453872567578752,2.907554396323266,2.8692639371176467,8.46544306170618,2.909543445578048,2.8697700731507365,2.907554396323266,2.907554396323266,2.9483763970633032,1.0,1.8113285630682505,3.2008148054770222,36.062594535693776
2.9299999999999815,-1.5005069684806835,1.5005069684806835,5.915959697984327,2.4322745934586267,2.427943835729028,8.471057202353187,2.9105080660175444,2.8692646079083417,8.482626338399799,2.912494864956812,2.8697702924183672,2.9105080660175444,2.9105080660175444,2.947373015303069,1.0,1.8086393898852253,3.1982109574609376,36.06259729864804
2.9399999999999813,-1.5058879470577748,1.5058879470577748,5.919231672279273,2.432947116621994,2.4264655880498807,8.487872717448502,2.9133953932565526,2.8692653572324813,8.499439119322192,2.9153797555931185,2.8697705240734246,2.913394402907172,2.913394898081736,2.9463389251923364,0.9999993198270632,1.805886698515208,3.195517784693834,36.06260021751101
2.949999999999981,-1.5112189373049143,1.5112189373049143,5.922268053508839,2.433571049611833,2.4250279216153707,8.504316037234817,2.9162160477637484,2.869266183117426,8.515878361718482,2.9181977934537753,2.869770767924178,2.9162059931182016,2.9162110204279545,2.9452730293108345,0.9999930962921363,1.803069461296871,3.192733611872153,36.06260328988054
2.959999999999981,-1.5165010480091625,1.5165010480091625,5.925067750100859,2.4341462055720604,2.423630996255887,8.520384198378464,2.918969715221188,2.8692670834463057,8.531941137817808,2.920948670863254,2.869771023772661,2.9189376704672765,2.9189536927119866,2.944174243734813,0.9999780035172486,1.8001866805260136,3.1898567711636687,36.06260651327629
2.9699999999999807,-1.5217353535333364,1.5217353535333364,5.927629731796425,2.434672407490672,2.422274952903261,8.536074349353218,2.921656097036956,2.869268055954812,8.54762463441192,2.92363209628228,2.8697712914146614,2.9215864602079273,2.9216212779979482,2.9430414978273003,0.9999522121896325,1.7972373879656138,3.1868856016666665,36.06260988513966
2.9799999999999804,-1.5269228933320231,1.5269228933320231,5.929953029011853,2.4351494880215983,2.4209599136650204,8.551383749948439,2.9242749101184793,2.8692690982280156,8.56292615243095,2.9262477940924536,2.869771570639715,2.9241502574745155,2.9242125817955396,2.941873734054738,0.9999144806937493,1.7942206444269408,3.1838184489022954,36.06261340283358
2.9899999999999802,-1.5320646714220805,1.5320646714220805,5.932036732204911,2.435577289310465,2.419685981909113,8.566309770774787,2.926825886651747,2.8692702076971877,8.577843106517005,2.928795504386915,2.8697718612310954,2.9266282957540346,2.9267270861754633,2.940669907830059,0.9998644784093141,1.7911355394399282,3.1806536643591787,36.06261706364258
2.99999999999998,-1.5371616560127546,1.5371616560127546,5.93387999124583,2.4359556628243113,2.4184532423589027,8.580849892768104,2.9293087738864445,2.8692713816366404,8.592373024595998,2.931274982767055,2.8697721629658175,2.929018792051596,2.9291637721412744,2.9394289873822848,0.9998011631153914,1.7879811907964553,3.177389604887991,36.06262086477273
3.00999999999998,-1.542214778950562,1.542214778950562,5.935482014793389,2.4362844691852774,2.4172617611982834,8.59500170669196,2.9317233339269855,2.8692726171605947,8.606513547448344,2.9336860001452685,2.8697724756146465,2.931322008576306,2.931522650513508,2.93814995365277,0.9997248913546136,1.7847663501550994,3.174024632282163,36.06262480335175
3.0199999999999796,-1.5472249353800906,1.5472249353800906,5.936842069676616,2.4365635780083013,2.416111586186691,8.608762912639449,2.934069343529469,2.8692739112200685,8.620262428278902,2.936028342553747,2.8697727989421065,2.933537324469753,2.9338032975568207,2.9368318002182257,0.9996353998132373,1.781524908952385,3.1705571126503247,36.062628876429144
3.0299999999999794,-1.5521929832434092,1.5521929832434092,5.937959480282369,2.436792867742839,2.4150027467838306,8.622131319534613,2.9363465939045095,2.8692752605997947,8.633617532286625,2.938301810959287,2.8697731327064986,2.9356651214794827,2.936005797901554,2.9354735332406783,0.9995331061237589,1.7782134731264174,3.1669854159488255,36.062633080976475
3.039999999999979,-1.5571197428920205,1.5571197428920205,5.938833627949204,2.436972225518626,2.4139352542839116,8.635104844633977,2.9385548905259498,2.8692766619151677,8.64657683623419,2.9405062210840827,2.8697734766599288,2.937704149729184,2.938129426949353,2.9340741714445526,0.9994172900226117,1.7748313266871665,3.163307915404331,36.06263741388761
3.049999999999979,-1.5620059966863673,1.5620059966863673,5.939463950367833,2.437101546995495,2.4129091019591917,8.64768151302854,2.940694052945416,2.86927811160923,8.659138428018109,2.942641403232495,2.8697738305483336,2.93965660934027,2.9401751925860196,2.932632746121073,0.9992896029468281,1.7713777818909422,3.159522986947562,36.062641871979174
3.0599999999999787,-1.5668524885326742,1.5668524885326742,5.9398499409884895,2.4371807362172566,2.4119242652126007,8.659859457146586,2.942763914612687,2.869279605949692,8.671300506239392,2.9447072021237344,2.8697741941115202,2.94151995351508,2.942141734858031,2.9311483011601904,0.9991484054730185,1.7678521790727708,3.1556290087064904,36.06264645199095
3.0699999999999785,-1.5716599235652586,1.5716599235652586,5.939991148435513,2.437209705469661,2.4109807017392333,8.671636916257613,2.944764322701838,2.8692811410259984,8.683061379775197,2.9467034767304288,2.8697745670832115,2.943296964184712,2.9440303662720773,2.9296198931102757,0.9989957304206735,1.7642538863529176,3.1516243603524545,36.06265115058651
3.0799999999999783,-1.5764289676502514,1.5764289676502514,5.939887175929364,2.437188375142423,2.4100783516965,8.683012235977642,2.946695137943123,2.8692827127464375,8.694419467351587,2.948630100123036,2.8697749491910924,2.9449876355023887,2.945841011416031,2.9280465912658,0.9988316726169694,1.7605822995419356,3.1476597903082633,36.062655964353844
3.089999999999978,-1.5811602470733341,1.5811602470733341,5.93953768071643,2.437116673595343,2.4092171378826763,8.693983867776184,2.948556234460551,2.869284316835303,8.705373297117575,2.950486959320033,2.8697753401568757,2.9465922183866016,2.947573729894946,2.9264274777832746,0.9986564934986935,1.756836841877659,3.1436024598701713,36.06266088980606
3.099999999999978,-1.5858543480842207,1.5858543480842207,5.9389423735067375,2.4369945370284967,2.40839696592366,8.70455036848505,2.9503474996150962,2.8692859488301012,8.715921506220644,2.9522739551438386,2.869775739696364,2.948111261166458,2.9492287366903924,2.924761647825684,0.9984706494994652,1.7530169639210056,3.1394362219079524,36.06266592338229
3.1099999999999777,-1.590511816519628,1.590511816519628,5.938101017919877,2.436821909356504,2.407617724467671,8.714710399809169,2.952068833853501,2.8692876040788318,8.72606284038384,2.9539910020824096,2.869776147519528,2.9495456544605654,2.950806424675342,2.9230482097356902,0.9982748235217085,1.7491237579564607,3.135159600504177,36.06267106144861
3.1199999999999775,-1.5951331574256047,1.5951331574256047,5.937013429939375,2.4365987420868818,2.406879285387654,8.724462727839606,2.9537201505626096,2.8692892777373125,8.735796153484504,2.9556380281564425,2.869776563330588,2.9508966805099845,2.95230738939917,2.921286285237876,0.9980699596906553,1.745218436270627,3.1307711191677,36.06267630029912
3.1299999999999772,-1.599718834599519,1.599718834599519,5.935679477375594,2.4363249942024554,2.4061815039911676,8.733806222568909,2.9553013759291806,2.8692909647665736,8.745120407134738,2.9572149747921164,2.8697769868281036,2.9521660355972,2.953732440436357,2.9194750096702933,0.997857279701561,1.7412393591927011,3.126269300242686,36.062681636157
3.139999999999977,-1.604269270264969,1.604269270264969,5.934099079337464,2.4360006320478376,2.4055242192374946,8.742739857408814,2.9568124488051004,2.869292659930334,8.754034670263627,2.9587217966993156,2.869777417705077,2.9533479028306733,2.955078630787822,2.917613532245588,0.9976327857230489,1.737186153177647,3.121652664178504,36.06268706517595
3.149999999999977,-1.6087848445780228,1.6087848445780228,5.932272205713163,2.4356256292199676,2.404907253961723,8.751262708710495,2.958253320577955,2.869294357792534,8.762538118701162,2.9601584617552423,2.869777855649065,2.954450050220835,2.9563498234537624,2.915701016341977,0.9974018855197804,1.733058472664498,3.1169197289474906,36.062692583441404
3.1599999999999766,-1.61326589528527,1.61326589528527,5.930198876659912,2.435199966462695,2.404330415105554,8.759373955287352,2.9596239550468826,2.869296052714949,8.770630034763984,2.961524950893371,2.8697783003422868,2.9554753742838176,2.9575474492603,2.913736639824349,0.9971666055181887,1.7288559998800914,3.1120690093031698,36.062698186972085
3.1699999999999764,-1.6177127172566326,1.6177127172566326,5.927879162103022,2.4347236315654026,2.4037934939545993,8.767072877940366,2.9609243283036406,2.8692977388548986,8.778309806842753,2.962821257997646,2.869778751461768,2.956412892979623,2.958665990612017,2.9117195953957373,0.9969193318880049,1.7245784447655625,3.1070990161430285,36.062703871721645
3.179999999999976,-1.6221255620667756,1.6221255620667756,5.9253131812443725,2.434196619265661,2.403296266381881,8.77435885898609,2.9621544286188204,2.8692994101630225,8.785576928991214,2.964047389801859,2.8697792086794607,2.957277082779885,2.959712693337214,2.909649090979443,0.996670100681895,1.720225544855263,3.102008255808479,36.062709633580376
3.189999999999976,-1.6265046375851382,1.6265046375851382,5.922501102080417,2.4336189311559067,2.4028384930973066,8.781231381787235,2.9633142563331405,2.8693010603811575,8.792431000516773,2.9652033657941193,2.869779671662405,2.9580586501452224,2.9606828972549506,2.907524350132043,0.9964124516914792,1.7157970651461842,3.096795229359042,36.06271546837704
3.1999999999999758,-1.6308501074732835,1.6308501074732835,5.919443140929828,2.432990575594124,2.402419919902851,8.787690030285843,2.9644038237537482,2.8693026830403086,8.79887172557259,2.966289218126343,2.8697801400728755,2.958766489629688,2.961581065191576,2.9053446124875277,0.9961525296933673,1.7113340415598444,3.0914584319177587,36.0627213718809
3.2099999999999755,-1.6351620908016116,1.6351620908016116,5.91613956197094,2.432311567618536,2.402040277953185,8.793734488539046,2.9654231550554546,2.869304271458715,8.804898912750964,2.9673049915286707,2.869780613568555,2.959393012512817,2.9624034018728063,2.9031091342328077,0.9958850371369574,1.7068301088608022,3.0860942224372137,36.06272733980372
3.2199999999999753,-1.6394406615070978,1.6394406615070978,5.912590676789054,2.431581928866279,2.4016992840214995,8.799364540257331,2.9663722861868385,2.8693058187400227,8.81051247467799,2.9682507432287437,2.8697810918027082,2.9599507228988218,2.9631561947984264,2.900817188614781,0.9956186095377857,1.7022526498159924,3.080749365352768,36.062733367802124
3.229999999999975,-1.643685847975205,1.643685847975205,5.908796843933713,2.4308016874960643,2.4013966407702516,8.80458006834528,2.9672512647811407,2.8693073177715593,8.815712427609265,2.9691265428757436,2.869781574424369,2.9604235147197993,2.963831386412533,2.8984680664791846,0.995342011752281,1.697601614033777,3.075284127954691,36.06273945147985
3.239999999999975,-1.6478976325136703,1.6478976325136703,5.904758468486044,2.4299708781148066,2.401132037026599,8.809381054444696,2.9680601500718775,2.869308761222728,8.820498891026542,2.9699324724691203,2.8697820610785367,2.9608294382035716,2.9644380607085568,2.896061076841402,0.9950677200373892,1.692876978884552,3.0696971073880004,36.062745586390264
3.2499999999999747,-1.6520759508475509,1.6520759508475509,5.9004760016362505,2.42908954170822,2.4009051480622303,8.813767578480073,2.968799012813106,2.8693101415435156,8.824872087235091,2.9706686262919146,2.8697825514063866,2.961159759265198,2.9649718694463623,2.8935955474893893,0.994789593849399,1.6880787493618261,3.063986891408265,36.06275176803901
3.2599999999999745,-1.6562206916312885,1.6562206916312885,5.895949940271327,2.4281577255753644,2.4007156358773556,8.817739818206308,2.9694679352042694,2.8693114509631137,8.82883234096172,2.9713351108486097,2.8697830450454838,2.9614144842887815,2.9654328549297952,2.891070825618881,0.9945075638909756,1.6832069579181852,3.05815205758458,36.06275799188665
3.2699999999999743,-1.660331695860085,1.660331695860085,5.891180826573078,2.4271754832671406,2.4005631494885917,8.821298048758546,2.9700670108195446,2.8693126814886765,8.832380078953099,2.9719320448074007,2.8697835416300146,2.961603334880044,2.9658259441582824,2.888486278500971,0.9942282967226266,1.6782751393612,3.0521911725759248,36.062764253351666
3.279999999999974,-1.6644087563858305,1.6644087563858305,5.886169247626499,2.4261428745287237,2.400447325220484,8.824442642204083,2.970596344541628,2.8693138249042045,8.835515829574348,2.972459558946824,2.8697840407910244,2.9617195876728166,2.9661478132677725,2.885841294182193,0.9939470215349897,1.6733408326944579,3.0461027912880847,36.062770547813386
3.289999999999974,-1.6684516172870953,1.6684516172870953,5.880915835038599,2.4250599652459317,2.400367787000398,8.827174067096243,2.9710560524998924,2.869314872769554,8.838240222407613,2.972917796106649,2.8697845421566632,2.9617606071761773,2.9663971948979797,2.883135282217169,0.9936618064757111,1.6683361456893817,3.0398854561457607,36.06277687061511
3.2999999999999736,-1.6724599733354877,1.6724599733354877,5.875421264567715,2.423926827395521,2.4003241466565424,8.829492888030071,2.971446262012839,2.8693158164195998,8.840553987850406,2.973306911142946,2.8697850453524505,2.9617370072121205,2.9665794843418514,2.880367674433859,0.9933799181428926,1.6632612955365496,3.033537696251787,36.06278321706736
3.3099999999999734,-1.6764334693714689,1.6764334693714689,5.869686255763355,2.422743538999404,2.4003160042188627,8.831399765199786,2.9717671115347826,2.8693166469635307,8.842457956713579,2.9736270708872654,2.869785550001538,2.9616491004047796,2.966694909105955,2.877537925731452,0.9931014529491686,1.6581165262961726,3.0270580266089473,36.0627895824514
3.319999999999973,-1.6803716996821616,1.6803716996821616,5.86371157161669,2.421510184082795,2.4003429482225305,8.832895453957853,2.9720187506067073,2.869317355284291,8.843953059818645,2.9738784541098253,2.869786055724993,2.9614889408533225,2.966739550233258,2.874645514910876,0.9928207555671618,1.6529021087077373,3.0207183746792525,36.062795962022506
3.329999999999973,-1.6842742073959065,1.6842742073959065,5.857498018221658,2.4202268526362682,2.4004045560138185,8.833980804375587,2.9722013398112157,2.8693179320381854,8.845040327594258,2.9740612514866367,2.8697865621420853,2.96125871903248,2.96671458798641,2.8716899455378884,0.992539217148392,1.647618339973918,3.014277926025859,36.06280235101382
3.3399999999999728,-1.6881404837763154,1.6881404837763154,5.851046444446806,2.4188936405817447,2.4005003940580707,8.834656760805155,2.972315050731526,2.8693183676546266,8.845720889671652,2.9741756655704874,2.8697870688705875,2.9609658009203286,2.966623812107027,2.868670746838682,0.9922618184410243,1.6423123851495969,3.007709700792232,36.06280874464001
3.3499999999999726,-1.691969967608001,1.691969967608001,5.844357741617842,2.4175106497423835,2.4006300182495615,8.834924361442894,2.9723600659144402,2.8693186523360565,8.845995974478816,2.9742219107657073,2.8697875755270856,2.960610593366935,2.9664675198572676,2.8655874746278878,0.9919886913946057,1.6369846235449244,3.001012266450778,36.062815138101165
3.3599999999999723,-1.6957620444465304,1.6957620444465304,5.837432843211077,2.4160779878164274,2.4007929742229406,8.834784737893846,2.9723365788372362,2.8693187760580163,8.845866908833198,2.974200213306629,2.869788081727287,2.960193524562442,2.966246024726834,2.8624397122688525,0.9917199757294537,1.631591789496573,2.994184172621426,36.0628215265868
3.369999999999972,-1.6995160459443663,1.6995160459443663,5.830272724557607,2.414595768354945,2.4009887976661024,8.834239114737365,2.972244793878419,2.869318728569407,8.845335117532704,2.974110811239673,2.869788587086362,2.959712895403936,2.9659585750388664,2.859227071665999,0.9914543228719028,1.6261343550297396,2.9872239502479516,36.06282790527997
3.379999999999972,-1.7032312491003758,1.7032312491003758,5.822878402558474,2.413064110743532,2.401217014634159,8.83328880909375,2.9720849262922737,2.8693184993929064,8.844402122944832,2.9739539544089837,2.8697890912192663,2.9591621399617343,2.96560197379102,2.8559491942890802,0.9911869890687562,1.620612817004281,2.980130110825536,36.062834269361495
3.3899999999999717,-1.706906875496147,1.706906875496147,5.815250935410757,2.411483140187954,2.401477141864337,8.831935230191844,2.971857202187185,2.869318077825568,8.843069544593705,2.9737299044455443,2.8697895937410967,2.9585516038396715,2.9651815414308635,2.8526057522290613,0.9909249985787666,1.6150276968940493,2.972901145622104,36.06284061401432
3.3999999999999715,-1.7105420905520068,1.7105420905520068,5.8073914223446295,2.4098529877037373,2.4017686870915393,8.830179878937393,2.971561858507642,2.869317452939609,8.841339098744836,2.9734389347596895,2.869790094267433,2.957881818350127,2.964697665457959,2.849196449285373,0.9906685344114731,1.6094185976021251,2.9655545145584266,36.062846934427846
3.4099999999999713,-1.7141360026838166,1.7141360026838166,5.7993010033715215,2.408173790109742,2.4020911493643506,8.828024347482245,2.9711991430199096,2.8693166135833805,8.839212597987412,2.9730813305369588,2.8697905924147085,2.9571533378089354,2.9641507503914983,2.845721022084188,0.9904177888306717,1.6038086308308284,2.958397198091665,36.06285322580263
3.419999999999971,-1.7176876625384847,1.7176876625384847,5.790980859043337,2.4064456900257145,2.4024440193612526,8.825470318794244,2.9707693143013048,2.869315548382522,8.836691950813972,2.9726573887372174,2.869791087800572,2.9563667397933733,2.963541217894947,2.8421792412274085,0.9901729635877295,1.598140209871864,2.9511089225391216,36.06285948335486
3.429999999999971,-1.721196062108086,1.721196062108086,5.782432210222862,2.4046688358738426,2.4028267797068414,8.82251956622776,2.970272641733038,2.8693142457413208,8.833779161197223,2.9721674180969724,2.8697915800442653,2.955522625403257,2.962869506903537,2.8385709124719343,0.9899342701578515,1.5924140131212356,2.943688195469717,36.06286570232124
3.4399999999999706,-1.7246601339048295,1.7246601339048295,5.773656317865414,2.402843381884349,2.4032389052878065,8.819173953094856,2.9697094054965807,2.869312693844266,8.830476328163924,2.971611739134829,2.869792068767009,2.9546216195247283,2.962136073754307,2.8348958779388256,0.9897019299791331,1.586630741124359,2.936133501217235,36.06287187796365
3.4499999999999704,-1.7280787500695087,1.7280787500695087,5.764654482811742,2.400969488105116,2.403679863568472,8.81543543223703,2.969079896573521,2.8693108806578,8.826785645365685,2.9709906841600304,2.869792553592381,2.953664371096255,2.961341392318394,2.8311540173518774,0.9894761746942217,1.5807911163697725,2.928443300213155,36.06287800557411
3.45999999999997,-1.731450721458104,1.731450721458104,5.75542804559235,2.399047320415408,2.404149114905689,8.811306045597538,2.9683844167488713,2.8693087939322837,8.822709400646453,2.970304597283998,2.869793034146726,2.9526515533763558,2.96048595413524,2.827345249305135,0.9892572463943764,1.5749669420931698,2.9206160283303397,36.06288408047975
3.46999999999997,-1.7347747967552072,1.7347747967552072,5.745978386243231,2.397077050543689,2.4046461128628587,8.80678792379428,2.967623278617803,2.8693064212041683,8.818249975606706,2.9695538344348478,2.86979351005954,2.9515838642125147,2.959570268548375,2.823469532558821,0.9890453978657014,1.5691247757330142,2.912650096194309,36.06289009804778
3.47999999999997,-1.7380496614882286,1.7380496614882286,5.736306924133132,2.3950588560895807,2.4051703045229083,8.801883285693261,2.966796805595769,2.8693037497983815,8.81340984516413,2.968738763374799,2.869793980963888,2.9504620263107477,2.9585948628424186,2.8195268673631264,0.9888408928373031,1.563232088214424,2.904639298154593,36.062896053690665
3.4899999999999696,-1.7412739371150017,1.7412739371150017,5.726415117802482,2.392992920550013,2.405721130799983,8.796594437982659,2.9659053319319986,2.8693007668309285,8.808191577110767,2.9678597637204436,2.869794446496806,2.949286787505208,2.957560282380913,2.815517296809306,0.9886440062310904,1.5572897344672043,2.896774912525966,36.0629019428712
3.4999999999999694,-1.7444461800042366,1.7444461800042366,5.716304464814004,2.390879433349579,2.4062980267497074,8.790923774747574,2.9649492027263427,2.8692974592117193,8.802597831666537,2.9669172269658177,2.8697949062997137,2.9480589210272226,2.9564670907445976,2.8114409082074627,0.9884550244129178,1.5512985885611121,2.8887758065922946,36.06290776110774
3.509999999999969,-1.7475648804621795,1.7475648804621795,5.7059765016152015,2.388718589875166,2.406900421877785,8.784873777045453,2.9639287739494438,2.869293813647611,8.796631361029052,2.965911556508227,2.8697953600188333,2.946779225773087,2.9553158698696893,2.8072978344904134,0.9882742454447374,1.545287179017746,2.880640387419601,36.06291350397941
3.519999999999969,-1.7506284617145293,1.7506284617145293,5.695432803412775,2.386510591514895,2.407527740446782,8.778447012482335,2.9628444124662257,2.8692898166456913,8.790295008919733,2.9648431676767886,2.8697958073056076,2.9454485265699257,2.954107220185739,2.8030882556430075,0.9881019793374006,1.5393127124627715,2.872367035800851,36.06291916713138
3.5299999999999687,-1.7536352788579084,1.7536352788579084,5.684674984059144,2.38425564570143,2.408179401780896,8.771646134789968,2.961696496062682,2.8692854545167785,8.78359171012617,2.9637124877636447,2.8697962478171197,2.9440676744388723,2.9528417607525914,2.7988124001562418,0.9879385483037133,1.5332957167460792,2.863954105844018,36.06292474628016
3.5399999999999685,-1.756583617843185,1.756583617843185,5.67370469595121,2.381953965959714,2.4088548205685476,8.764473883403967,2.960485413475967,2.8692807133791622,8.776524490040774,2.962519956057811,2.8697966812165134,2.942637546854798,2.9515201293959628,2.7944705465055395,0.9877842870113213,1.5272371733164851,2.855399924540558,36.06293023721885
3.5499999999999683,-1.7594716943724409,1.7594716943724409,5.662523629941464,2.379605771959184,2.4095534071626203,8.756933083043084,2.959211564427776,2.8692755791625832,8.76909646419567,2.9612660238816217,2.8697971071734183,2.9411590480017558,2.9501429828411228,2.7900630246525218,0.9876395428349668,1.521138080008885,2.846782548694002,36.06293563582255
3.559999999999968,-1.762297652862321,1.762297652862321,5.65113351526169,2.377211289570553,2.410274567878183,8.749026643289795,2.957875359661018,2.869270037612446,8.761310837793973,2.959951154629747,2.869797525364368,2.939633109023282,2.9487109968441385,2.7855902175696343,0.9875046761076135,1.5150051757356704,2.838350772486281,36.062940938053565
3.569999999999968,-1.76505956532244,1.76505956532244,5.639536119459366,2.374770750927206,2.411017705287537,8.740757558172403,2.9564772209797936,2.869264074294274,8.75317090523739,2.9585758238107385,2.869797935473226,2.9380606882666305,2.9472248663201253,2.781052562786996,0.9873800603699083,1.5089428571923953,2.829781392374126,36.062946139966726
3.5799999999999677,-1.7677554302745213,1.7677554302745213,5.627733248346999,2.3722843944913095,2.41178221851244,8.73212890574875,2.955017581292665,2.869257674598421,8.744680049650398,2.957140519091103,2.8697983371916025,2.9364427715199803,2.945685305467898,2.776450553960841,0.9872660826174013,1.5028465324956972,2.821072736885899,36.062951237714735
3.5899999999999674,-1.7703831716398932,1.7703831716398932,5.615726745964593,2.3697524651247,2.412567503513344,8.723143847691935,2.953496884659257,2.8692508237450083,8.735841742400948,2.9556457403418546,2.8697987302192685,2.934780372241611,2.944093047890422,2.7717847424629722,0.9871631435449028,1.4967172817066174,2.8122231092847096,36.0629562275533
3.5999999999999672,-1.7729406376056749,1.7729406376056749,5.6035184945554475,2.3671752141646483,2.413372953375521,8.713805628878095,2.951915586340181,2.869243506789133,8.726659542617908,2.9540919996875363,2.869799114264579,2.933074531779962,2.9424488467103953,2.767055738990675,0.9870716577873148,1.4905561990182499,2.8032307875430815,36.06296110584642
3.609999999999967,-1.775425599532846,1.775425599532846,5.591110414555566,2.3645528995045906,2.4141979585919238,8.704117576976659,2.9502741528503176,2.869235708626312,8.717137096705446,2.9524798215577097,2.869799489044871,2.9313263195834725,2.9407534746803017,2.7622642151965624,0.9869920541562216,1.4843658738785284,2.7940940243143997,36.062965869071505
3.619999999999967,-1.7778357507905362,1.7778357507905362,5.5785044645968975,2.3618857856799296,2.4150419073426606,8.694083102043297,2.948573062015472,2.8692274139981864,8.707278137854447,2.950809742740871,2.8697998542868794,2.9295368333990104,2.9390077242862125,2.7574109053379208,0.9869247758714749,1.478261887643635,2.7851137195524593,36.062970513824496
3.6299999999999666,-1.7801687056636266,1.7801687056636266,5.565702641524685,2.359174143959001,2.4159041857709487,8.683705696115897,2.9468128030324383,2.869218607498479,8.69708648555123,2.949082312440809,2.8698002097271336,2.927707199457658,2.937212407844601,2.7524966079451456,0.9868702807869599,1.4721327472808767,2.776117534575712,36.06297503682486
3.6399999999999664,-1.7824219981964193,1.7824219981964193,5.55270698042921,2.356418252439327,2.4167841782554325,8.672988932813881,2.944993876532493,2.8692092735792087,8.686566045083813,2.9472980923353873,2.8698005551123464,2.925838572646557,2.935368357591398,2.7475221875089777,0.9868290416096693,1.4659796065681037,2.7669804515946734,36.06297943492059
3.649999999999966,-1.7845930810825967,1.7845930810825967,5.539519554692261,2.35361839614927,2.4176812676787414,8.661936466941286,2.9431167946483683,2.8691993965571605,8.675720807045925,2.9454576566377466,2.8698008901998096,2.923932136665445,2.9334764257624752,2.742488576186301,0.9868015461111517,1.4598036320504937,2.7577007594460397,36.062983705093025
3.659999999999966,-1.7866793245496988,1.7866793245496988,5.526142476048589,2.350774867155209,2.4185948356921876,8.650552034093913,2.941182081084732,2.869188960620617,8.664554846839138,2.943561592159936,2.8698012147577634,2.9219821648210305,2.9315339795791178,2.7373967755244126,0.9867834210721682,1.4536167674634655,2.748276727418104,36.062987844461574
3.6699999999999657,-1.7886780152306447,1.7886780152306447,5.5125778946627575,2.34788796467437,2.4195242629764926,8.638839450270984,2.939190271192218,2.86917794983635,8.653072324173337,2.941610498378964,2.869801528565772,2.9199878101401335,2.9295408564270513,2.7322478582037455,0.9867737055009157,1.4475178328743683,2.7387066057785403,36.06299185028847
3.6799999999999655,-1.7905863550968208,1.7905863550968208,5.498827999221673,2.3449579951934476,2.4204689294984507,8.626802611491756,2.937141912045068,2.8691663481568725,8.641277482565934,2.939604987505283,2.869801831415086,2.917958064296265,2.9275018689217123,2.7270429697992102,0.9867783521022915,1.4414027467842436,2.7292846450876858,36.062995719983206
3.6899999999999653,-1.792401460344708,1.792401460344708,5.484895017043239,2.341985272593156,2.421428214763417,8.614445493417517,2.9350375625224148,2.8691541394279474,8.62917464884019,2.937545684553721,2.869802123108982,2.9158941981739646,2.9254179354419905,2.7217833305604495,0.9867978870550296,1.4352727172653965,2.719867278559336,36.06299945110693
3.699999999999965,-1.7941203603655365,1.7941203603655365,5.470781214201452,2.338970118278866,2.4224014980635658,8.601772150979402,2.932877793393274,2.869141307396368,8.616768232622944,2.9354332274168566,2.8698024034631135,2.913797511534907,2.9232899944538295,2.71647023721146,0.9868328519637579,1.4291289649553978,2.7103075749730485,36.06300304137675
3.709999999999965,-1.7957399966856527,1.7957399966856527,5.456488895668416,2.33591286131748,2.4233881587218056,8.58878671801261,2.930663187405303,2.8691278357179932,8.604062725842294,2.93326826694087,2.869802672305828,2.9116693330584202,2.9211190045298587,2.711105064770266,0.9868838039979827,1.4230018398458946,2.700603880516603,36.06300648866984
3.7199999999999647,-1.7972572219684106,1.7972572219684106,5.442020405473611,2.332813838580698,2.424387576331291,8.575493406897444,2.9283943393773733,2.869113707966043,8.59106270222555,2.931051467003872,2.869802929478484,2.9095097449801837,2.918905300245302,2.705689268389499,0.9869504171767046,1.4169541871818883,2.6907545323872135,36.063009791027305
3.7299999999999645,-1.7986687990412404,1.7986687990412404,5.4273781268809556,2.3296733948948627,2.4253991309904612,8.561896508207713,2.926071856296033,2.8690989076396667,8.577772816797934,2.928783504596735,2.8698031748357558,2.9073007769923747,2.916640105192903,2.7002243852190047,0.9870196235669533,1.4108993957179092,2.680757859943784,36.06301294665802
3.7399999999999642,-1.7999713999389886,1.7999713999389886,5.412564482584014,2.3264918831975354,2.4264222035335306,8.548000390367122,2.9236963574159205,2.8690834181727554,8.564197805382607,2.9264650699064574,2.8698034082459074,2.90506304580033,2.9143341365627924,2.694712036291839,0.9871055443345873,1.4048387154291913,2.6710668771074086,36.06301595394217
3.749999999999964,-1.8011616050357946,1.8011616050357946,5.397581934919873,2.323269664700995,2.4274561757563875,8.533809499314074,2.921268474364189,2.8690672229430354,8.550342484102336,2.924096866402058,2.8698036295910727,2.9027979639889776,2.9119884179181943,2.689153928435302,0.9872087733631926,1.3987734099322633,2.66123689321524,36.06301881143465
3.759999999999964,-1.8022359021649996,1.8022359021649996,5.382432986102138,2.320007109062845,2.4285004306378366,8.519328358175596,2.918788851249024,2.8690503052814034,8.53621174888349,2.9216796109230545,2.869803838767504,2.9005069724395085,2.9096039926773596,2.68355185620898,0.9873299199704785,1.3927566076088396,2.651264044375883,36.06302151786831
3.7699999999999636,-1.8031906858516022,1.8031906858516022,5.367120178473562,2.316704594563917,2.429554352556131,8.504561566950855,2.9162581447723133,2.8690326484815314,8.521810574962768,2.919214033770523,2.869804035685812,2.8981852318391836,2.907178739393383,2.677907703872083,0.9874651499692076,1.3868052060356422,2.641146843472422,36.06302407215678
3.7799999999999634,-1.8040222565596606,1.8040222565596606,5.351646094778743,2.313362508293662,2.430617327500776,8.48951380220495,2.9136770243465473,2.8690142358097224,8.50714401639729,2.916700878800788,2.8698042202711815,2.895819956779577,2.9047065326632557,2.672223447382765,0.9876049842277648,1.38085559372329,2.6308838103313366,36.06302647339741
3.789999999999963,-1.804726820028964,1.804726820028964,5.336013358457433,2.3099812463432325,2.431688743279549,8.474189816773501,2.911046172216013,2.8689950505150303,8.492217205578545,2.914140903521747,2.8698043924635765,2.8934317284854583,2.9021980970307686,2.6665011564324836,0.9877635296649526,1.3749090577360086,2.6207647185589105,36.06302872087364
3.799999999999963,-1.8053004866858333,1.8053004866858333,5.320224633958974,2.306561214006464,2.4327679897206957,8.458594439478711,2.9083662835823674,2.868975075839619,8.47703535275081,2.9115348791918687,2.869804552217916,2.8910220659786794,2.899654538552003,2.660742996518924,0.9879414284026058,1.3689669011022676,2.6106800797926195,36.063030814057356
3.8099999999999627,-1.805739271109684,1.805739271109684,5.304282627078295,2.3031028259889514,2.433854458870317,8.442732574857432,2.905638066734643,2.86895429502939,8.461603745534543,2.908883590921875,2.8698046995042445,2.888584231152253,2.897072802662774,2.654951231061466,0.988133467107694,1.3631046490375387,2.6004551244556637,36.063032752610916
3.8199999999999625,-1.8060390916297138,1.8060390916297138,5.288190085314057,2.2996065066254396,2.434947545184869,8.426609202901908,2.90286224318377,2.8689326913448423,8.445927748455418,2.9061878377791444,2.8698048343078657,2.886105686454123,2.89444691736003,2.649128223563686,0.9883302875822562,1.3572927203687593,2.5900886515072172,36.06303453638888
3.8299999999999623,-1.8061957699653224,1.8061957699653224,5.271949798249373,2.296072690105732,2.4360466457188226,8.410229378813717,2.9000395478016703,2.8689102480721957,8.430012802479496,2.903448432894839,2.869804956629466,2.883608813592323,2.891788534883029,2.6432764398279653,0.9885472808123882,1.351491377013651,2.579579485618759,36.06303616543956
3.839999999999962,-1.806205031019021,1.806205031019021,5.255564597955595,2.2925018207093304,2.4371511603074225,8.393598232771572,2.897170728964997,2.868886948534739,8.413864424555143,2.900666203573783,2.8698050664852106,2.8810952025565264,2.88909882090972,2.637398450227848,0.9887851163109743,1.345701945537253,2.5691674237406144,36.06303764000622
3.849999999999962,-1.8060625027452495,1.8060625027452495,5.239037359419707,2.2888943530490233,2.438260491744575,8.376720969713462,2.8942565487035634,2.8688627761044354,8.397488207162208,2.89784199140709,2.869805163906827,2.878537181839325,2.8863641927705794,2.6314969320444543,0.9890236625942885,1.339925771877072,2.5588535514751145,36.063038960528075
3.8599999999999617,-1.8057637161578526,1.8057637161578526,5.222371000995683,2.2852507523236225,2.439374045955846,8.359602869133786,2.8912977828535382,2.8688377142137496,8.380889817869116,2.8949766523875655,2.8698052489416486,2.8759602762980245,2.8835979026411036,2.625574671873968,0.9892805358731184,1.3342557470566947,2.5484040453709786,36.06304012764089
3.8699999999999615,-1.8053041054731462,1.8053041054731462,5.205568484880284,2.281571494580059,2.4404912321665986,8.342249284895887,2.8882952212154294,2.8688117463677205,8.364074998898271,2.8920710570278647,2.8698053216526507,2.873369859406356,2.880803042941214,2.619634568113953,0.9895590721230408,1.3286245615308168,2.537818115999688,36.063041142177376
3.8799999999999613,-1.8046790083664241,1.8046790083664241,5.1886328176137155,2.277857066985046,2.44161146306525,8.324665645060596,2.88524966771692,2.8687848561562515,8.347049566700356,2.889126090481403,2.8698053821184564,2.870735260138321,2.877964547696931,2.6136796335370804,0.9898369400190706,1.3230126216497171,2.527095021711582,36.063042005167276
3.889999999999961,-1.8038836664211306,1.8038836664211306,5.171567050605477,2.2741079681065006,2.4427341549616965,8.306857451731151,2.882161940580569,2.8687570272666276,8.329819411538049,2.88614265266602,2.8698054304333103,2.8680856020207104,2.8750974954890256,2.6077129979617437,0.9901343267503848,1.3174213020838146,2.5165237583443036,36.063042717837085
3.899999999999961,-1.802913225691861,1.802913225691861,5.154374280685743,2.2703247082049174,2.443858727940906,8.288830280914937,2.879032872496411,2.8687282434962635,8.312390497079434,2.8831216583903347,2.8698054667070494,2.865416007721659,2.8721998337780708,2.601737911029955,0.9904472458570119,1.3118520011309778,2.5060197025447297,36.06304328160952
3.9099999999999606,-1.8017627374814227,1.8017627374814227,5.137057650682548,2.2665078095348687,2.4449846060117206,8.27058978240246,2.875863310799465,2.8686984887656415,8.294768860001748,2.8800640374828035,2.8698054910650184,2.8627095161406726,2.869263434895898,2.595757745103981,0.9907630508166971,1.3064055698818062,2.495387535945729,36.063043698102625
3.9199999999999604,-1.800427159273148,1.800427159273148,5.1196203500250155,2.262657806656812,2.4461112172508876,8.252141679663769,2.8726541176521354,2.868667747131483,8.276960609605569,2.876970734923379,2.8698055036479873,2.8599944305931153,2.866302973975996,2.589775998294264,0.991101375489385,1.3009944924282015,2.4846270110182616,36.0630439691286
3.92999999999996,-1.798901355866661,1.798901355866661,5.102065615372772,2.258775246759352,2.447237993942362,8.233491769762633,2.869406170231505,2.8686360028001103,8.25897192743995,2.873842710977751,2.8698055046120254,2.857237863364204,2.8633023230315207,2.5837962976323543,0.9914381837672613,1.2956112180436548,2.4737379520448584,36.06304409669226
3.93999999999996,-1.797180100732694,1.797180100732694,5.084396731271631,2.2548606899920958,2.4483643727119255,8.214645923288648,2.8661203609214754,2.868603240141002,8.240809066938573,2.8706809413340544,2.8698054941283573,2.854469942280178,2.860277085162001,2.5778224024039083,0.991794401677489,1.290257182890129,2.463144069101186,36.06304408298919
3.9499999999999598,-1.7952580775573812,1.7952580775573812,5.066617030835602,2.250914709809237,2.4494897946571546,8.195610084307308,2.8627975975096995,2.8685694437005527,8.222478353067213,2.8674864172419743,2.8698054723831863,2.851667338496151,2.857215966229109,2.571858207658157,0.9921527750211604,1.2849338515867486,2.452505705509463,36.06304393040353
3.9599999999999596,-1.7931298820592485,1.7931298820592485,5.048729896455069,2.24693789332395,2.4506137054728057,8.176390270328094,2.859438803389241,2.868534598216007,8.20398618198248,2.864260145654106,2.869805439577501,2.8488488965000607,2.8541289004316726,2.565907747911788,0.9925261653191053,1.2797366767638447,2.4417502026403928,36.06304364150555
3.9699999999999593,-1.790790024009944,1.790790024009944,5.03073876053103,2.242930841673686,2.4517355555716436,8.156992572290447,2.8560449177648533,2.8684986886295674,8.185339020701882,2.861003149369445,2.8698053959268433,2.8459950671995653,2.8510065185533207,2.5599752010667847,0.9928999692879047,1.2745834170587373,2.4308779759243055,36.06304321904863
3.979999999999959,-1.7882329295466148,1.7882329295466148,5.012647106235062,2.2388941703964176,2.452854800200817,8.137423154567397,2.8526168958637608,2.8684617001026904,8.166543406785118,2.8577164671788413,2.8698053416610585,2.84312836784154,2.8478606121918917,2.5540648925635443,0.9932896745617209,1.2694664757402487,2.420008741618571,36.063042665966236
3.989999999999959,-1.785452943735538,1.785452943735538,4.994458468294621,2.2348285098178384,2.453970899553786,8.117688254986591,2.8491557091507986,2.8684236180305165,8.14760594802629,2.8544011540122196,2.869805277024013,2.8402186098937627,2.844676488065762,2.548181299792507,0.9936729968800423,1.2643873671455028,2.4094140872371472,36.063041985368265
3.9999999999999587,-1.782444333424249,1.782444333424249,4.97617643380314,2.230734505449526,2.4550833188779166,8.097794184868116,2.845662345547714,2.868384428056484,8.128533322156791,2.851058281087356,2.869805202273292,2.8372919973054826,2.8414678035258203,2.5423290567895513,0.9940680591315553,1.2593476392137153,2.3987160627852067,36.06304118053725
4.009999999999959,-1.7792012904094696,1.7792012904094696,4.957804643054211,2.2266128183979834,2.4561915285777918,8.077747329078646,2.842137809656429,2.868344116087068,8.109332276558293,2.8476889360599573,2.86980511767986,2.8343359720836467,2.8382287461801714,2.536512959242718,0.9944651691880081,1.2544205796975427,2.3879157287796873,36.06304025492407
4.019999999999959,-1.7757179348863275,1.7757179348863275,4.939346790399045,2.222464125784496,2.457295004314303,8.057554146101065,2.83858312298602,2.8683026683066677,8.090009627985301,2.8442942231747583,2.8698050235277024,2.8313449333396608,2.8349570124521155,2.53073796984019,0.9948596050907627,1.2495615968150284,2.377014259292822,36.06303921214348
4.0299999999999585,-1.7719883192630645,1.7719883192630645,4.920806625126166,2.218289121175634,2.458393227099628,8.037221168118657,2.834999324183104,2.8682600711926165,8.07057226229638,2.8408752634173116,2.86980492011344,2.8283283015509264,2.831657849094734,2.525009223992126,0.9952574162934991,1.244747486309707,2.366378048801452,36.06303805596916
4.039999999999958,-1.7680064322812006,1.7680064322812006,4.902187952362139,2.2140885150242164,2.459485683388153,8.01675500111273,2.83138746926533,2.868216311530319,8.051027134193204,2.8374331946661235,2.8698048077459166,2.8252821463416513,2.828329808909355,2.5193320359618094,0.9956550432561702,1.239979859424212,2.3557992863767434,36.06303679032857
4.049999999999958,-1.7637662035182455,1.7637662035182455,4.883494633991992,2.2098630351205006,2.460571865163426,7.996162324972402,2.8277486318575775,2.8681713764284873,8.03138126696627,2.8339691718447235,2.8698046867457503,2.8221995243789832,2.824969945494142,2.513711905444699,0.9960467329806827,1.2352603662698187,2.345135165085951,36.063035419297336
4.059999999999958,-1.7592615082460201,1.7592615082460201,4.86473058959765,2.2056134270532652,2.4616512700212385,7.97544989361501,2.8240839034304575,2.868125253334483,8.01164175224586,2.830484367073215,2.8698045574448794,2.819079808026256,2.821578492509484,2.5081545246373538,0.996431254313939,1.2306206097959271,2.334387541662753,36.06303394709337
4.069999999999958,-1.7544861726685852,1.7544861726685852,4.845899797412615,2.201340454680424,2.462723401248925,7.954624535115399,2.8203943935406266,2.8680779300497563,7.9918157497568565,2.826979969818827,2.869804420186064,2.815924908091774,2.818156965844885,2.5026657858419132,0.9968091849653443,1.226091631382304,2.3236833170988627,36.06303237807077
4.079999999999957,-1.749433979574874,1.749433979574874,4.8270062952908015,2.197044900608725,2.463787767900967,7.933693151842178,2.8166812300724016,2.868029394745344,7.971910487075534,2.823457187044906,2.869804275322372,2.8127323638147956,2.8147046995173115,2.497251789655884,0.9971779323910307,1.2216162131825927,2.3132933341796496,36.06303071671322
4.089999999999957,-1.7440986743731461,1.7440986743731461,4.808054181687189,2.1927275666820054,2.4648438848709984,7.912662720598648,2.8129455594800707,2.8679796359774543,7.951933259386404,2.819917243357756,2.869804123216637,2.8095001668718154,2.811221265338399,2.4919188538013537,0.9975352067386343,1.2171960834428022,2.3028372175872747,36.06302896762715
4.099999999999957,-1.7384739715782824,1.7384739715782824,4.789047616647736,2.1883892744774034,2.4658912729603246,7.891540292766024,2.809188547030267,2.8679286427030997,7.931891429236835,2.816361381150657,2.8698039642408935,2.8062258756309655,2.8077060290206304,2.4866735226526298,0.9978783815837038,1.2128330146029644,2.292317490429411,36.06302713553467
4.109999999999957,-1.732553561702055,1.732553561702055,4.769990822805661,2.1840308658088285,2.466929458943041,7.870332994446113,2.8054113770436793,2.8678764042957767,7.911792426286961,2.8127908607443537,2.8698037987757843,2.8029027497229695,2.8041562150816115,2.4815225775265346,0.9982016985740167,1.2085288248705481,2.281736813366174,36.06302522526611
4.119999999999957,-1.726331118614515,1.726331118614515,4.750888086380921,2.1796532032369096,2.4679579756278636,7.849048026600515,2.8016152531353256,2.867822910561174,7.891643747052111,2.8092069605232206,2.8698036272099534,2.7995351479627892,2.800574616897042,2.476473047805443,0.9985073928530561,1.204332056035263,2.2715021862719214,36.06302324175226
4.129999999999956,-1.719800307348156,1.719800307348156,4.73174375817941,2.175257170584529,2.468976361916784,7.827692665182917,2.797801398452527,2.867768151752908,7.871452954634677,2.805610977066257,2.869803449939405,2.7961187734811213,2.796959703796133,2.4715322229694126,0.99879142483221,1.200231182299124,2.261330744973528,36.063021190016435
4.139999999999956,-1.7129547923641502,1.7129547923641502,4.712562254588091,2.170843673456956,2.4699841628606394,7.8062742612609135,2.793971055909655,2.8677121185882632,7.85122767844207,2.8020042252719874,2.869803267366853,2.792650552002843,2.793310568420434,2.4667076656207865,0.999050609432521,1.196194665933472,2.2511173622810037,36.06301907516611
4.149999999999956,-1.705788246310398,1.705788246310398,4.6933480585618605,2.1664136397654676,2.4709809297117333,7.784800241123378,2.7901254884186444,2.8676548022639228,7.830975613887135,2.7983880384762823,2.8698030799010374,2.7891272123131876,2.7896262156645837,2.4620072255922687,0.999281595890723,1.1922244237173778,2.2408653122070317,36.06301690238444
4.159999999999956,-1.698294359234531,1.698294359234531,4.674105720597745,2.161968020253247,2.471966219973594,7.7632781063690315,2.7862659791141677,2.867596194471691,7.81070452206693,2.79476376856201,2.869802887956026,2.7855490266919403,2.785907433379071,2.457439055237854,0.9994835723724406,1.188322423802781,2.23072923212898,36.06301467692138
4.1699999999999555,-1.6904668483148813,1.6904668483148813,4.654839859691477,2.1575077890222034,2.4729395974480113,7.741715433971662,2.782393831572314,2.86753628741417,7.790422229415664,2.791132786059392,2.869802691950501,2.781912450634257,2.7821531097406846,2.4530116260152983,0.9996529426784941,1.1844906873473708,2.220920859470868,36.06301240408469
4.179999999999955,-1.6822994680559957,1.6822994680559957,4.635555164271324,2.1530339440592487,2.4739006322794372,7.720119876316913,2.778510370021482,2.8674750738204007,7.770136627327106,2.7874964802358235,2.869802492307013,2.7782182124860055,2.778364279694291,2.448733746478925,0.9997891816896407,1.1807518164439665,2.211093367466154,36.06301008923057
4.189999999999955,-1.6737860210004518,1.6737860210004518,4.61625639310345,2.1485475077604055,2.474848900996909,7.698499161205325,2.7746169395441465,2.8674125469614427,7.7498556717413605,2.783856259173839,2.869802289451236,2.77446490707188,2.7745409201758737,2.44461458181284,0.9998902011437895,1.1771358911005458,2.2012505486651306,36.06300773775422
4.199999999999955,-1.6649203689279435,1.6649203689279435,4.596948376162964,2.144049527451025,2.475783986553561,7.67686109181594,2.770714906268045,2.867348700665869,7.72958738269082,2.780213549835843,2.8698020838111855,2.770655465484683,2.7706851853973054,2.4406636750469524,0.999957036495672,1.1735958748055346,2.1913963266656986,36.063005355080016
4.209999999999955,-1.6556964445458395,1.6556964445458395,4.577636015464128,2.1395410759001865,2.4767054783639,7.655213546624311,2.766805657545233,2.867283529335186,7.709339843799425,2.7765697981141093,2.8698018758164388,2.7667938316346876,2.7667997445709878,2.436890970111869,0.9999914455758224,1.1701339128159352,2.181896161533666,36.06300294665162
4.2199999999999545,-1.6461082636906128,1.6461082636906128,4.558324285843044,2.1350232518272594,2.47761297233892,7.633564479268513,2.762890602117375,2.8672170279591316,7.689121201729274,2.7729264688644872,2.8698016658973238,2.7628905954986775,2.7628905988080263,2.4333068369037885,0.9999999952086923,1.1667522101915004,2.172531715789914,36.06300051792183
4.229999999999954,-1.636149937993027,1.636149937993027,4.539018235685613,2.130497180398419,2.4785060709192015,7.611921918356291,2.7589711702655197,2.8671491921308636,7.668939665568043,2.7692850459221496,2.8698014544841093,2.7589711702655197,2.7589711702655197,2.429922098547168,1.0,1.163453033776392,2.1631755982752896,36.06299807434229
4.239999999999954,-1.6258156880502719,1.6258156880502719,4.519722987593154,2.1259640137107576,2.479384383106119,7.59029396720614,2.7550488139425298,2.867080018062011,7.648803506150565,2.7656470320976547,2.8698012420061643,2.7550488139425298,2.7550488139425298,2.4267480610613483,1.0,1.160238714255986,2.153832112672315,36.062995621352975
4.249999999999954,-1.615099857045674,1.615099857045674,4.5004437389778,2.121424931261486,2.480247524491257,7.56868880351473,2.751125006886225,2.8670095025975657,7.628721055307236,2.7620139491514584,2.86980102889113,2.751125006886225,2.751125006886225,2.4237965456576758,1.0,1.1571167931041682,2.1445165450975425,36.062993164371605
4.259999999999954,-1.6039969248433656,1.6039969248433656,4.481185762579213,2.1168811403995296,2.4810951172841915,7.547114678942786,2.7472012447112037,2.8669376432306084,7.608700705031977,2.758387337745005,2.8698008155640524,2.7472012447112037,2.7472012447112037,2.4210799239161926,1.0,1.154134918900231,2.135686572971056,36.06299070878285
4.269999999999953,-1.592501522517891,1.592501522517891,4.461954406894003,2.1123338767567033,2.4819267903387163,7.525579918611077,2.7432790449772106,2.866864438116849,7.588750906561751,2.7547687573663513,2.869800602446525,2.7432790449772106,2.7432790449772106,2.4186111561159254,1.0,1.151243982922734,2.1268881309220906,36.06298825992747
4.279999999999953,-1.5806084473015198,1.5806084473015198,4.442755096508631,2.1077844046554266,2.482742179177688,7.504092920497917,2.7393599472318195,2.8667898860889705,7.568880169359579,2.75115978622827,2.8698003899558238,2.7393599472318195,2.7393599472318195,2.4164038330204156,1.0,1.1484464871345912,2.1181257527433965,36.06298582309135
4.289999999999953,-1.5683126779508803,1.5683126779508803,4.423593332326494,2.1032340174898496,2.4835409260165573,7.482662154729295,2.735445513025126,2.866713986670733,7.549097059992611,2.747562021136668,2.8698001785040157,2.735445513025126,2.735445513025126,2.4144722214508008,1.0,1.1457450084734166,2.1094040625366217,36.062983403494314
4.299999999999953,-1.555609390465253,1.555609390465253,4.404474691679293,2.0986840380770264,2.484322679785755,7.461296162752289,2.7315373258940263,2.8666367400908674,7.529410200896454,2.743977077327078,2.8697999684970905,2.7315373258940263,2.7315373258940263,2.412831314012648,1.0,1.1431422020196391,2.1007703115778926,36.062981006279124
4.3099999999999525,-1.5424939741745127,1.5424939741745127,4.385404828312748,2.0941358189746784,2.4850870961520224,7.440003556382367,2.7276369913136107,2.866558147296688,7.509828269016886,2.7404065882669464,2.869799760334057,2.7276369913136107,2.7276369913136107,2.4114968833804147,1.0,1.1406408044285785,2.0925911503327854,36.06297863650013
4.319999999999952,-1.5289620481231674,1.5289620481231674,4.366389472236197,2.0895907427618923,2.485833837538823,7.4187930167147105,2.723746136613086,2.866478209967457,7.4903599943196095,2.7368522054213322,2.869799554406061,2.723746136613086,2.723746136613086,2.410485541585116,1.0,1.1382436376957334,2.0844701331576405,36.06297629911209
4.329999999999952,-1.515009477743883,1.515009477743883,4.34743442942564,2.085050222278984,2.4865625731459415,7.397673292889728,2.7198664108536152,2.8663969305274355,7.471014158158701,2.7333155979796224,2.8697993510954904,2.7198664108536152,2.7198664108536152,2.4098148047970454,1.0,1.1359536132839743,2.076411924140902,36.062973998958874
4.339999999999952,-1.50063239176524,1.50063239176524,4.328545581369337,2.0805157008225956,2.4872729789684,7.376653200702514,2.7159994846653626,2.86631431215864,7.451799591494212,2.729798452540812,2.869799150775077,2.7159994846653626,2.7159994846653626,2.4095031641466975,1.0,1.1337737366777558,2.0684212428916156,36.0629717407622
4.349999999999952,-1.4858271993079084,1.4858271993079084,4.309728884445139,2.075988652291996,2.4879647378147935,7.355741621046013,2.712147050040984,2.866230358813268,7.432725172949156,2.72630247275484,2.869798953807008,2.712147050040984,2.712147050040984,2.4095701631838615,1.0,1.1317372729656456,2.060502858350082,36.06296952911032
4.3599999999999515,-1.4705906071403807,1.4705906071403807,4.290990369118435,2.071470581282398,2.488637539325176,7.334947498177597,2.708310820082805,2.8661450752257744,7.413799826696177,2.722829378917485,2.8697987605420336,2.708310820082805,2.708310820082805,2.410036482637904,1.0,1.129821469220128,2.0530054197569005,36.06296736844681
4.369999999999951,-1.4549196370078155,1.4549196370078155,4.272336138949726,2.066963023121054,2.489291079988589,7.314279837798584,2.7044925287008255,2.866058466924593,7.395032520164102,2.7193809075162862,2.8697985713185825,2.7044925287008255,2.7044925287008255,2.4109240332119346,1.0,1.128023336723156,2.045656507388991,36.062965263059404
4.379999999999951,-1.4388116430236964,1.4388116430236964,4.253772369400675,2.062467543841763,2.4899250631603547,7.29374770493642,2.7006939302587436,2.8659705402434605,7.376432261554676,2.715958810724985,2.8697983864618815,2.7006939302587436,2.7006939302587436,2.4122560572208007,1.0,1.1263462139776454,2.0383948887988024,36.06296321706886
4.389999999999951,-1.4222643290198889,1.4222643290198889,4.2353053064276915,2.0579857400933785,2.4905391990792407,7.273360221619218,2.696916799165154,2.86588130233235,7.3580080971597654,2.7125648558439606,2.869798206283082,2.696916799165154,2.696916799165154,2.4140572399681073,1.0,1.12479356615541,2.0312251321670485,36.06296123441793
4.399999999999951,-1.4052757658227626,1.4052757658227626,4.216941264852149,2.0535192389778456,2.4911332048845996,7.2531265643325105,2.6931629294070776,2.8657907611679825,7.339769108469619,2.709200824684213,2.8697980310783984,2.6931629294070776,2.6931629294070776,2.416353831851631,1.0,1.123368994186989,2.024151809979015,36.06295931886047
4.40999999999995,-1.3878444083797252,1.3878444083797252,4.198686626496665,2.049069697813294,2.491706804633567,7.233055961248373,2.689434134023061,2.865698925563895,7.321724409062939,2.7058685128924758,2.8697978611282537,2.689434134023061,2.689434134023061,2.419173782290236,1.0,1.1220762449874448,2.017209424426556,36.062957473950696
4.41999999999995,-1.3699691126521878,1.3699691126521878,4.1805478380769365,2.044638803817666,2.492259729318467,7.213157689217266,2.68573224451308,2.86560580518005,7.303883141269756,2.702569729215096,2.869797696696442,2.68573224451308,2.68573224451308,2.4225468866794295,1.0,1.1209192229936655,2.010705578745158,36.062955703032515
4.42999999999995,-1.3516491522327645,1.3516491522327645,4.162531408839377,2.0402282737084536,2.4927917168844536,7.193441070513395,2.682059110182584,2.865511410531976,7.28625447259865,2.699306294698445,2.8697975380293053,2.682059110182584,2.682059110182584,2.4265049477077274,1.0,1.1199020031817233,2.0043100693430285,36.062954009229195
4.43999999999995,-1.3328842345697143,1.3328842345697143,4.144643907934834,2.035839853214106,2.4933025122475354,7.173915469324804,2.6784165974181096,2.8654157529993967,7.268847591920154,2.6960800418237127,2.8697973853549206,2.6784165974181096,2.6784165974181096,2.4310819525025535,1.0,1.1190288458131854,1.9980270556963882,36.06295239543305
4.4499999999999496,-1.313674516757539,1.313674516757539,4.126891961519558,2.0314753164928088,2.493791867313044,7.154590287979946,2.6748065888919794,2.8653188448343627,7.251671705398847,2.6928928135740655,2.8697972388823145,2.6748065888919794,2.6748065888919794,2.436314267222907,1.0,1.1183042131373973,1.9918606501110612,36.062950864295544
4.459999999999949,-1.2940206207837897,1.2940206207837897,4.109282249575031,2.027136465454418,2.494259540994637,7.135474962903183,2.671230982693781,2.8652206991688334,7.234736032167177,2.6897464624323195,2.8697970988006962,2.671230982693781,2.671230982693781,2.4422408508766043,1.0,1.1177327883648052,1.9858149069827333,36.062949418217556
4.469999999999949,-1.273923648163015,1.273923648163015,4.091821502439118,2.022825128981524,2.494705299233929,7.11657896029225,2.667691691386441,2.865121330021719,7.218049799734917,2.6866428493074617,2.869796965278707,2.667691691386441,2.667691691386441,2.4489034903122726,1.0,1.1173194972430152,1.9798938115179932,36.0629480593399
4.479999999999949,-1.2533851938722256,1.2533851938722256,4.07451649704179,2.0185431620457837,2.4951289150208016,7.0979117715116695,2.6641906409849256,2.865020752305341,7.201622239128787,2.68358384238853,2.8697968384637056,2.6641906409849256,2.6641906409849256,2.4563470585195204,1.0,1.1170695326341111,1.9742588701544976,36.062946789534266
4.489999999999949,-1.2324073594885971,1.2324073594885971,4.05737405283961,2.014292444715913,2.495530168414492,7.079482908196892,2.660729769855799,2.8649189818313134,7.18546257975788,2.6805713159246256,2.8697967184810693,2.660729769855799,2.660729769855799,2.464619798563142,1.0,1.1169883825684124,1.9689009055924502,36.062945610394465
4.4999999999999485,-1.2109927654630952,1.2109927654630952,4.040401027444188,2.010074881053984,2.4959088465655226,7.061301897065004,2.6573110275361076,2.8648160353158043,7.169580044001318,2.6776071489300515,2.8697966054335384,2.6573110275361076,2.6573110275361076,2.473773635675852,1.0,1.1170818623037788,1.9636747048867507,36.06294452322796
4.509999999999948,-1.1891445624154973,1.1891445624154973,4.023604311941042,2.005892397897016,2.4962647437385117,7.043378274428861,2.6539363734703327,2.864711930384184,7.153983841515866,2.6746932238138763,2.869796499400581,2.6539363734703327,2.6539363734703327,2.4838645202342167,1.0,1.1173561510521088,1.958583541134723,36.062943529047935
4.519999999999948,-1.166866441394874,1.166866441394874,4.006990825896339,2.001746943521168,2.4965976613359677,7.025721580412777,2.6506077756644375,2.8646066855750174,7.1386831632622085,2.671831424933506,2.8697964004377976,2.6506077756644375,2.6506077756644375,2.494952804537268,1.0,1.117817834103964,1.9536305580768982,36.06294262856574
4.529999999999948,-1.1441626429916123,1.1441626429916123,3.9905675120505317,1.9976404861862735,2.496907407923083,7.0083413528690075,2.647327209256349,2.8645003203434065,7.123687175249976,2.669023637072174,2.869796308576363,2.647327209256349,2.647327209256349,2.5071036564864095,1.0,1.1184739512669608,1.948818756336455,36.06294182218378
4.539999999999948,-1.121037965233648,1.121037965233648,3.97434133069913,1.9935750125588778,2.497193799253596,6.9912471209958,2.6440966550025737,2.864392855063641,7.109005012002895,2.666271743840619,2.869796223822508,2.6440966550025737,2.6440966550025737,2.5203875134142026,1.0,1.119332052665861,1.94415097901088,36.06294110998894
4.549999999999947,-1.0974977701813287,1.0974977701813287,3.958319253762451,1.9895525260124325,2.497456658296765,6.97444839865898,2.64091809768099,2.8642843110311658,7.094645769746848,2.6635776260035766,2.8697961461570443,2.64091809768099,2.64091809768099,2.5348805794077194,1.0,1.12040026317243,1.939629896572369,36.06294049174653
4.559999999999947,-1.0735479891320425,1.0735479891320425,3.9425082585477216,1.9855750448038274,2.4976958152654842,6.957954677420776,2.637793524410274,2.864174710463824,7.0806184993251575,2.6609431597321196,2.869796075534929,2.637793524410274,2.637793524410274,2.5506653694906714,1.0,1.1216873569886545,1.9353611966699307,36.0629399668948
4.569999999999947,-1.0491951263825394,1.0491951263825394,3.926915321208527,1.9816446001259982,2.4979111076455887,6.9417754192809,2.6347249228868086,2.864064076502379,7.066932198846891,2.658370214783278,2.8697960118848864,2.6347249228868086,2.6347249228868086,2.5678313039275533,1.0,1.12320284418517,1.9313665269387963,36.06293953454006
4.579999999999947,-1.0244462614480512,1.0244462614480512,3.9115474099083793,1.9777632340369713,2.498102380226361,6.925920049136719,2.631714279540376,2.863952433210281,7.053595806075635,2.655860652608799,2.86979595510907,2.631714279540376,2.631714279540376,2.586475355637797,1.0,1.1249570714213128,1.9275189549986136,36.06293919345238
4.589999999999947,-0.999309049700362,0.999309049700362,3.8964114776968186,1.9739329972663253,2.498269485132278,6.910397946970863,2.628763577610368,2.8638398055726824,7.040618190567761,2.653416324395356,2.8697959050827873,2.628763577610368,2.628763577610368,2.606702753183184,1.0,1.1269613394933946,1.9238200757259905,36.062938942062054
4.599999999999946,-0.9737917213444274,0.9737917213444274,3.881514455108371,1.970155946900745,2.498412281856,6.895218439776426,2.625874795144739,2.863726219494664,7.028008145571087,2.6510390690389847,2.86979586165427,2.625874795144739,2.625874795144739,2.628627740915122,1.0,1.129228040987093,1.9202712373171358,36.06293877845668
4.609999999999946,-0.9479030786930123,0.9479030786930123,3.8668632424964295,1.9664341439510324,2.4985306372926237,6.88039079323154,2.6230499029243686,2.8636117017986775,7.015774379696192,2.648730711056938,2.869795824644512,2.6230499029243686,2.6230499029243686,2.6523743965003783,1.0,1.1317708220173308,1.9168735217650206,36.062938700379
4.619999999999946,-0.92165249169107,0.92165249169107,3.8524647021160283,1.9627696508036871,2.498624425775192,6.865924203136919,2.6202908623160366,2.8634962802211708,7.00392550837474,2.646493058440687,2.8697957938471603,2.6202908623160366,2.6202908623160366,2.6780775039956066,1.0,1.134622098359874,1.913627723928318,36.06293870522549
4.629999999999946,-0.8950498916421091,0.8950498916421091,3.838325649971256,1.9591645285609007,2.4986935291114767,6.851827786631681,2.6175996230576746,2.863379983408395,6.9924700451206485,2.6443279004542246,2.8697957690284763,2.6175996230576746,2.6175996230576746,2.7058834776569918,1.0,1.137808466225183,1.910534328970113,36.06293879004574
4.6399999999999455,-0.8681057631273034,0.8681057631273034,3.8244528474449972,1.9556208342736066,2.498737836621994,6.838110573204463,2.614978120980071,2.8632628409113745,6.981416392611697,2.642237005382314,2.869795749927351,2.614978120980071,2.614978120980071,2.7359513274068843,1.0,1.141323654795679,1.9075934878643668,36.06293895154271
4.649999999999945,-0.8408311340698047,0.8408311340698047,3.8108529927303594,1.9521406180729808,2.498757245179278,6.824781495518586,2.6124282756697044,2.8631448831800226,6.97077283361087,2.6402221182337806,2.8697957362554014,2.6124282756697044,2.6124282756697044,2.768453650871347,1.0,1.1451882432391733,1.9048049906467734,36.06293918607372
4.659999999999945,-0.8132375639599331,0.8132375639599331,3.7975327120850295,1.9487259202065923,2.4987516592483585,6.811849380071654,2.609951988077875,2.863026141556393,6.960547521748344,2.6382849584054306,2.869795727697126,2.609951988077875,2.609951988077875,2.8035776285301384,1.0,1.149425363743703,1.9021682369571826,36.06293948965242
4.669999999999945,-0.7853371302192858,0.7853371302192858,3.7844985509314566,1.9453787679861874,2.498720990928422,6.7993229377115885,2.6075511380817806,2.8629066482670495,6.950748472186619,2.636427217312592,2.8697957239101357,2.6075511380817806,2.6075511380817806,2.841525986955701,1.0,1.1540611458522445,1.8996822033662306,36.06293985795158
4.679999999999945,-0.7571424127244053,0.7571424127244053,3.7717569648273837,1.9421011726548603,2.4986651599956304,6.787210754032639,2.6052275820036606,2.8627864364145514,6.9413835521927325,2.634650555992717,2.8697957245254537,2.6052275820036606,2.6052275820036606,2.8825178792612793,1.0,1.1591483665487448,1.8973857598841337,36.0629402863068
4.689999999999944,-0.7286664765101809,0.7286664765101809,3.7593143103328077,1.9388951261821274,2.4985840939470476,6.775521279676315,2.6029831500945826,2.8626655399680274,6.93246047164299,2.632956602688884,2.8697957291478975,2.6029831500945826,2.6029831500945826,2.926789610282536,1.0,1.1647446117176532,1.8953132296975437,36.06294076972124
4.699999999999944,-0.6999228526694956,0.6999228526694956,3.7471768358008983,1.9357625979961743,2.4984777280456116,6.764262820563615,2.600819643989874,2.862543993752834,6.9239867734868925,2.631346950420429,2.8697957373565197,2.600819643989874,2.600819643989874,2.9745951047931762,1.0,1.1708416303238027,1.8933782580521534,36.06294130287108
4.709999999999944,-0.6709255175151229,0.6709255175151229,3.735350672121647,1.9327055316632296,2.4983460053661233,6.753443528086021,2.598738834143597,2.8624218334392895,6.915969824198122,2.6298231545482524,2.8697957487051458,2.598738834143597,2.598738834143597,3.026205977771303,1.0,1.177483061135604,1.8915777952694262,36.06294188011222
4.719999999999944,-0.6416888700279904,0.6416888700279904,3.7238418234483097,1.9297258415247254,2.4981888768421583,6.743071389283974,2.596742457249847,2.8622990955304637,6.90841680424159,2.6283867303427,2.8697957627229647,2.596742457249847,2.596742457249847,3.081911013316548,1.0,1.184754853184136,1.8899081675408687,36.062942495487626
4.729999999999944,-0.6122277076782306,0.6122277076782306,3.7126561579375688,1.9268254093034918,2.4980063013138505,6.733154217042364,2.5948322136589805,2.8621758173490193,6.901334698586303,2.62703915056215,2.869795778915214,2.5948322136589805,2.5948322136589805,3.142014789488871,1.0,1.1927342795061036,1.888365008468409,36.06294314273583
4.739999999999943,-0.5825572006793156,0.5825572006793156,3.701799398535347,1.924006080690845,2.497798245576455,6.7236996403334395,2.5930097647971633,2.86205203702309,6.894730287294728,2.6257818430506994,2.8697957967639303,2.5930097647971633,2.5930097647971633,3.2068350956374085,1.0,1.2014321106942223,1.8869431784177026,36.062943815300365
4.749999999999943,-0.5526928647629606,0.5526928647629606,3.6912771138407687,1.9212696619269167,2.497564684429615,6.714715094538179,2.591276730597907,2.861927793471189,6.888610136219783,2.6246161883635066,2.8697958157287746,2.591276730597907,2.591276730597907,3.2766986717915514,1.0,1.2109747027438575,1.8856366687165804,36.06294450634001
4.759999999999943,-0.522650532571999,0.522650532571999,3.681094709081305,1.9186179163870292,2.497305600727226,6.706207811877523,2.589634686954421,2.8618031263861305,6.882980587841065,2.6235435174284922,2.8697958352479356,2.589634686954421,2.589634686954421,3.35193465162387,1.0,1.2214657983458015,1.8844384869037347,36.0629452087401
4.769999999999943,-0.49244632376422587,0.49244632376422587,3.6712574172323964,1.9160525611872958,2.497020985427814,6.698184811985235,2.58808516320179,2.8616780762179665,6.877847752272102,2.622565109253172,2.8697958547391047,2.58808516320179,2.58808516320179,3.432864908045853,1.0,1.2329575675961548,1.8833405181571545,36.06294591512466
4.7799999999999425,-0.4620966139597143,0.4620966139597143,3.6617702903149563,1.9135752638229195,2.4967108376453,6.690652892654188,2.586629639638073,2.8615526841559182,6.873217498470435,2.6216821886854316,2.869795873600511,2.586629639638073,2.586629639638073,3.5197902843015236,1.0,1.2456868063229203,1.8823333565391343,36.06294661786944
4.789999999999942,-0.4316180026251337,0.4316180026251337,3.652638190903984,1.9111876388528637,2.4963751647000527,6.683618620787678,2.585269545093447,2.8614269921093034,6.869095445682213,2.620895924237018,2.8697958912120396,2.585269545093447,2.585269545093447,3.6129714525356884,1.0,1.2596947310108837,1.881406097793437,36.06294730911582
4.799999999999942,-0.401027280045052,0.401027280045052,3.6438657838812367,1.9088912446447117,2.496013982170093,6.677088323587203,2.5840062545565177,2.8613010426874403,6.865486955152518,2.6202074259784314,2.8697959069364023,2.5840062545565177,2.5840062545565177,3.7126029011375477,1.0,1.275271954711052,1.88054608270636,36.06294798078549
4.809999999999942,-0.37034139350639034,0.37034139350639034,3.635457528464245,1.9066875801935264,2.4956273139423364,6.671068080007389,2.5828410868668223,2.861174879178537,6.862397122132128,2.6196177435137606,2.8697959201203744,2.5828410868668223,2.5828410868668223,3.8187783640537,1.0,1.2925715877760466,1.8797385764172947,36.06294862459594
4.819999999999942,-0.33957741283207027,0.33957741283207027,3.627417670543302,1.904578082028485,2.4952151922637156,6.665563712508217,2.5817753024824253,2.861048545527544,6.859830768210616,2.619127864043796,2.869795930096091,2.5817753024824253,2.5817753024824253,3.931445966188302,1.0,1.311859053306564,1.878966363964367,36.06294923207665
4.8299999999999415,-0.3087524954167739,0.3087524954167739,3.619750235356928,1.9025641212208666,2.4947776577920746,6.66058077913364,2.580810101331293,2.8609220863129674,6.857792434004697,2.6187387105254882,2.8697959361823946,2.580810101331293,2.580810101331293,4.050351630598155,1.0,1.3335293645201562,1.8782092351503918,36.06294979458599
4.839999999999941,-0.27788385090642154,0.27788385090642154,3.6124590205352463,1.9006470005067344,2.4943147596466413,6.656124565944591,2.579946620754893,2.86079554672265,6.856286372229562,2.618451139935508,2.8697959376862308,2.579946620754893,2.579946620754893,4.174970123016519,1.0,1.3579248742937051,1.8774433215711261,36.06295030332872
4.849999999999941,-0.24698870567820594,0.24698870567820594,3.6055475895391815,1.8988279515372586,2.4938265554579697,6.652200079833102,2.5791859335521163,2.8606689725284955,6.855316541179568,2.6182659416452654,2.8697959339040957,2.5791859335521163,2.5791859335521163,4.304424837920401,1.0,1.3855334372838906,1.8766402337406547,36.0629507493741
4.859999999999941,-0.21608426726405008,0.21608426726405008,3.599019265521879,1.8971081322691858,2.493313111417152,6.6488120417426595,2.5785290461312744,2.860542410060149,6.854886598643141,2.6181838359143423,2.8697959241235154,2.5785290461312744,2.5785290461312744,4.437400456880296,1.0,1.416958085573096,1.875765924322813,36.06295112367444
4.869999999999941,-0.18518768888527007,0.18518768888527007,3.5928771256369285,1.895488624507393,2.492774502324161,6.645964880318406,2.5779768967774723,2.8604159061776198,6.854999896275003,2.618205472508795,2.869795907624567,2.5779768967774723,2.5779768967774723,4.572057267644657,1.0,1.4529433685994788,1.874779170493536,36.062951417084115
4.87999999999994,-0.15431603423415635,0.15431603423415635,3.5871239958160483,1.8939704316108128,2.492210811635136,6.643662726008821,2.577530354042183,2.8602895082428508,6.8556594744469805,2.618331429450248,2.869795883681422,2.577530354042183,2.577530354042183,4.7059622159646235,1.0,1.4945502289842303,1.873629518098277,36.06295162037901
4.88999999999994,-0.12348624266299536,0.12348624266299536,3.5817624460367683,1.8925544763722835,2.49162213150844,6.641909405638687,2.5771902152613198,2.8601632640902315,6.856868057596694,2.6185622119011596,2.869795851563922,2.5771902152613198,2.5771902152613198,4.836058872722287,1.0,1.5429359623842949,1.8722544513999109,36.06295172427617
4.89999999999994,-0.09271509492778705,0.09271509492778705,3.576794786098448,1.891241599082055,2.491008562849305,6.640708437470959,2.5769572052075214,2.860037221996052,6.858628050091198,2.6188982511909846,2.869795810539163,2.5769572052075214,2.5769572052075214,4.958704296164785,1.0,1.6000114395757117,1.8705754260133731,36.06295171945372
4.90999999999994,-0.062019179618732254,0.062019179618732254,3.5722230619225765,1.8900325557837825,2.4903702153528773,6.640063026773037,2.576831974881761,2.859911430646905,6.860941532620546,2.6193399039873664,2.8697957598730994,2.576831974881761,2.576831974881761,5.069801478713276,1.0,1.6682770151348016,1.868492195119877,36.062951596571004
4.9199999999999395,-0.0314148604329719,0.0314148604329719,3.568049052390878,1.888928016730886,2.4897072075454743,6.6399760619005885,2.576815100448728,2.8597859391070326,6.863810259133769,2.619887451615769,2.8697956988321502,2.576815100448728,2.576815100448728,5.1650469185674375,1.0,1.7518748281084835,1.8658745074477683,36.06295134628865
4.929999999999939,-0.0009182444047837407,0.0009182444047837407,3.5642742667321925,1.8879285650501167,2.489019666823861,6.640450110909756,2.5769070823197633,2.8596607967846213,6.867235654327515,2.620541099530308,2.8697956266848035,2.5769070823197633,2.5769070823197633,5.24029035714259,1.0,1.8586733860293398,nan,36.0629509592888
4.939999999999939,0.029454848770709252,0.029454848770709252,3.5608999424665306,1.8870346956181094,2.4883077294923286,6.641487418706131,2.5771083443864233,2.859536053397057,6.871218811695026,2.6213009769377926,2.869795542703221,2.5771083443864233,2.5771083443864233,5.291969440447918,1.0,0.26487234705867846,0.3440301929243369,36.06295042629514
4.949999999999939,0.05968891620557102,0.05968891620557102,3.5579270439120325,1.8862468141555686,2.4875715407974095,6.643089904736457,2.577419233407025,2.859411758935137,6.875760492140685,2.6221671365762873,2.869795446164824,2.577419233407025,2.577419233407025,5.317545795674843,1.0,0.37359219483290496,0.5000215452918384,36.062949738092875
4.959999999999939,0.08976879997456053,0.08976879997456053,3.555356261257972,1.8855652365426054,2.4868112549599766,6.645259161226513,2.5778400185477985,2.8592879636262554,6.88086112316291,2.623139554648763,2.869795336353865,2.5778400185477985,2.5778400185477985,5.315847541560911,1.0,0.453476365231156,0.6271685750930336,36.062948885548444
4.9699999999999385,0.11967971384958077,0.11967971384958077,3.553188010204203,1.8849901883575424,2.486027035204573,6.647996451966243,2.578370891079529,2.8591647178965593,6.886520798605604,2.6242181309116823,2.8697952125629778,2.578370891079529,2.578370891079529,5.287232231962112,1.0,0.5177677969328797,0.7422567210166482,36.06294785962894
4.979999999999938,0.14940726853079808,0.14940726853079808,3.5514224321649586,1.8845218046403598,2.4852190537857117,6.651302711640626,2.5790119642298337,2.8590420723321044,6.892739278975967,2.6254026889176387,2.869795074094694,2.5790119642298337,2.5790119642298337,5.233526738866308,1.0,0.571641876350959,0.8525152295132725,36.062946651421214
4.989999999999938,0.17893749528905847,0.17893749528905847,3.550059395032187,1.8841601298807347,2.4843874920109754,6.655178545702564,2.5797632731905003,2.8589200776390027,6.899515992324022,2.6266929764104563,2.869794920262931,2.5797632731905003,2.5797632731905003,5.157761490078476,1.0,0.6178147164579989,0.9627607528822697,36.062945252150485
4.999999999999938,0.20825686795312126,0.20825686795312126,3.5490984944912087,1.8839051182294742,2.483532540260681,6.659624230781576,2.5806247752785714,2.8587987846025897,6.9068500356768725,2.6280886658704787,2.869794750394437,2.5806247752785714,2.5806247752785714,5.063769634044164,1.0,0.6580055547531662,1.0782351147584541,36.06294365319856
5.009999999999938,0.23735232317853164,0.23735232317853164,3.548539055878985,1.8837566339309824,2.4826543980039024,6.664639715619877,2.5815963502491783,2.858678244045622,6.914740177018364,2.6295893552070755,2.869794563830195,2.5815963502491783,2.5815963502491783,4.955745781765164,1.0,0.6933669722099265,1.2070998972451386,36.06294184612145
5.019999999999937,0.26621127895608865,0.26621127895608865,3.548380136572949,1.8837144519732678,2.4817532738106483,6.670224622525292,2.582677800757441,2.8585585067855233,6.923184857802777,2.6311945685948004,2.86979435992678,2.582677800757441,2.582677800757441,4.837849403448998,1.0,0.7247639575230609,1.3804267946288191,36.062939822666394
5.029999999999937,0.2948216513179712,0.2948216513179712,3.54862052889619,1.8837782589509282,2.4808293853599714,6.6763782493283435,2.583868852966099,2.858439623590696,6.9321821959888865,2.6329037574489664,2.869794138057661,2.583868852966099,2.583868852966099,4.713906277651422,1.0,0.7528591339450647,2.685165685285198,36.06293757478831
5.039999999999937,0.3231718692133891,0.3231718692133891,3.549258763522587,1.8839476541354823,2.4798829594438017,6.683099571828947,2.585169157294924,2.858321645135926,6.941729989578987,2.6347163015358954,2.8697938976144544,2.585169157294924,2.585169157294924,4.587225058708123,1.0,0.7782154886946714,2.599064335686345,36.06293509466545
5.049999999999937,0.3512508875469913,0.3512508875469913,3.550293113363651,1.8842221507464694,2.4789142319662933,6.690387246716294,2.58657828930738,2.858204621956891,6.951825720645539,2.636631510212517,2.869793638008109,2.58657828930738,2.58657828930738,4.460518176309912,1.0,0.8012022227142008,2.5165655736599613,36.06293237471443
5.0599999999999365,0.3790481983612751,0.3790481983612751,3.5517215979169228,1.8846011774157743,2.4779234479384913,6.69823961494392,2.588095750729466,2.8580886044038136,6.962466559826393,2.6386486237895324,2.8697933586700453,2.588095750729466,2.588095750729466,4.335901699729017,1.0,0.8221843309896633,2.4383172351795945,36.06292940760446
5.069999999999936,0.40655384018276836,0.40655384018276836,3.5535419880542545,1.8850840798368265,2.4769108614680797,6.706654705540371,2.5897209705951667,2.857973642594267,6.973649371268143,2.6407668150119092,2.8697930590532135,2.5897209705951667,2.5897209705951667,4.214945715902537,1.0,0.8414765445149192,2.368886236875577,36.062926186270765
5.079999999999936,0.4337584055350514,0.4337584055350514,3.5557518112266835,1.8856701225894956,2.4758767357440536,6.715630239834518,2.59145330651249,2.857859786365181,6.985370717995635,2.642985190650079,2.8697927386331052,2.59145330651249,2.59145330651249,4.098750688545749,1.0,0.8593281148649302,2.310155306803432,36.06292270392725
5.089999999999936,0.46065304664603973,0.46065304664603973,3.5583483570614938,1.8863584911308597,2.4748213430160684,6.725163636073453,2.593292046043687,2.8577470852240587,6.99762686768461,2.6453027931948756,2.8697923969086814,2.593292046043687,2.593292046043687,3.9880319225073175,1.0,0.8759376405356949,2.2642316249887378,36.06291895407824
5.099999999999936,0.4872294793890958,0.4872294793890958,3.5613286833257503,1.8871482939413506,2.473744964568322,6.735252014409784,2.595236408192861,2.857635588299453,7.010413798813286,2.6477186026489457,2.8697920334032436,2.595236408192861,2.595236408192861,3.8832008693292974,1.0,0.8914639183378511,2.229862677013539,36.06291493052954
5.1099999999999355,0.5134799854855648,0.5134799854855648,3.5646896222298254,1.888038564815302,2.4726478906877243,6.745892202234349,2.597285544993917,2.8575253442907247,7.023727207167901,2.650231538407145,2.8697916476652345,2.597285544993917,2.597285544993917,3.784437281051654,1.0,0.9060339929653659,2.204506490895103,36.06291062739843
5.119999999999935,0.5393974130321619,0.5393974130321619,3.568427787043553,1.8890282652844432,2.4715304206262245,6.757080739829622,2.599438543191514,2.8574164014171246,7.037562512676501,2.6528404612182204,2.8697912392689666,2.599438543191514,2.599438543191514,3.6917498593192177,1.0,0.9197491965468246,2.1862878294890016,36.062906039122986
5.129999999999935,0.5649751753975628,0.5649751753975628,3.5725395789971337,1.8901162871625474,2.470392862557074,6.768813886318584,2.601694426007517,2.857308807366231,7.051914866544741,2.6555441752199758,2.869790807815284,2.601694426007517,2.601694426007517,3.605025268962628,1.0,0.932790766565125,2.173204594171408,36.062901160470425
5.139999999999935,0.5902072485574168,0.5902072485574168,3.577021194438498,1.89130145519917,2.46923553352487,6.781087625883485,2.604052154985281,2.8572026092417877,7.066779158667039,2.6583414300399864,2.8697903529321565,2.604052154985281,2.604052154985281,3.5240665646192237,1.0,0.9452092385287607,2.1639652080170237,36.062895986544646
5.149999999999935,0.6150881669303846,0.6150881669303846,3.581868632218568,1.8925825298302232,2.468058759389221,6.793897674228664,2.6065106319040146,2.857097853510978,7.0821500252862934,2.661230922953943,2.8697898742752046,2.6065106319040146,2.6065106319040146,3.4486225759364113,1.0,0.9570073728207708,2.157584354988899,36.06289051279293
5.159999999999934,0.6396130177901416,0.6396130177901416,3.587077701275875,1.89395821001306,2.4668628747618504,6.8072394852615785,2.6090687007554205,2.8569945859511785,7.098021856875291,2.6642113010936823,2.869789371528155,2.6090687007554205,2.6090687007554205,3.3784098911890386,1.0,0.9684262218588592,2.1533888401297703,36.0628847350118
5.169999999999934,0.6637774343332259,0.6637774343332259,3.5926440283919785,1.8954271361336945,2.4656482229370136,6.8211082579662765,2.611725149774814,2.856892851596242,7.114388806212889,2.6672811636970124,2.869788844403237,2.611725149774814,2.611725149774814,3.3131289625484563,1.0,0.9793190904106648,2.150902376345346,36.06287864935196
5.179999999999934,0.6875775874728299,0.6875775874728299,3.5985630660894534,1.8969878929738728,2.4644151558150647,6.835498943443782,2.614478713518965,2.8567926946823405,7.131244796628538,2.6704390643915725,2.8697882926415073,2.614478713518965,2.614478713518965,3.2524756485514534,1.0,0.9899162037615592,2.1497779169367646,36.062872252322684
5.189999999999934,0.7110101764553112,0.7110101764553112,3.604830100644587,1.8986390127258492,2.4631640338190506,6.850406252094191,2.617328074982995,2.8566941585934327,7.1485835303888186,2.6736835135050705,2.8697877160131133,2.617328074982995,2.617328074982995,3.1961492790801853,1.0,1.0000889562821615,2.1497561172026396,36.062865540795116
5.199999999999934,0.7340724183701998,0.7340724183701998,3.61144026018741,1.9003789780429086,2.461895225804201,6.865824660915859,2.620271867748814,2.856597285806394,7.1663984972002925,2.6770129803944345,2.8697871143175,2.620271867748814,2.620271867748814,3.143858110713151,1.0,1.0100512288663615,2.1506388669416645,36.062858512005064
5.209999999999933,0.7567620366525007,0.7567620366525007,3.618388522862374,1.902206225113979,2.4606091089602,6.88174842089749,2.623308678157698,2.8565021178358583,7.184682982803502,2.6804258957866196,2.8697864873835552,2.623308678157698,2.623308678157698,3.0953228510113244,1.0,1.0196448435843837,2.152271879103398,36.06285116355486
5.219999999999933,0.7790772486571618,0.7790772486571618,3.6256697250237164,1.9041191467509895,2.4593060687061348,6.898171564479836,2.6264370474998704,2.8564086951788292,7.2034300776337075,2.6839206541240572,2.869785835069691,2.6264370474998704,2.6264370474998704,3.0502787733997394,1.0,1.0291038925516234,2.154532915183475,36.062843493414704
5.229999999999933,0.8010167523909782,0.8010167523909782,3.6332785694404373,1.906116095478037,2.4579864985780286,6.915087913064336,2.629655474214129,2.8563170572591092,7.222632685524614,2.6874956159079804,2.869785157263882,2.629655474214129,2.629655474214129,3.0084768183790724,1.0,1.0382692428664961,2.157323627873621,36.06283549992316
5.239999999999933,0.8225797125010241,0.8225797125010241,3.641209633486725,1.9081953866118442,2.4566508001088656,6.932491084547037,2.6329624160908636,2.8562272423715944,7.242283532432369,2.6911491100331784,2.8697844538836454,2.6329624160908636,2.6329624160908636,2.969683977985327,1.0,1.0472761669540154,2.1605637879854256,36.06282718178714
5.2499999999999325,0.8437657455901073,0.8437657455901073,3.6494573772947403,1.9103553013234842,2.4552993827010394,6.950374500856945,2.6363562924720445,2.856139287626507,7.262375175157968,2.694879436108036,2.8697837248759654,2.6363562924720445,2.6363562924720445,2.933683184128852,1.0,1.056107727923629,2.164187120657115,36.062818538081146
5.259999999999932,0.864574904956628,0.864574904956628,3.6580161518476904,1.9125940896718494,2.4539326634911838,6.968731395479117,2.6398354864421223,2.8560532288936007,7.282900010047151,2.698684866754018,2.869782970217183,2.6398354864421223,2.6398354864421223,2.900272863270126,1.0,1.0647185941048776,2.168138250851799,36.062809568246
5.269999999999932,0.8850076648344523,0.8850076648344523,3.666880206992415,1.9149099735999118,2.452551067207293,6.9875548209437355,2.6433983470040485,2.8559691007464125,7.3038502816481135,2.70256364987915,2.8697821899128257,2.6433983470040485,2.6433983470040485,2.86926627595198,1.0,1.0732896694606662,2.1723704281211105,36.062800272087024
5.279999999999932,0.9050649042180224,0.9050649042180224,3.676043699351747,1.917301149885366,2.4511550260181463,7.00683765626358,2.6470431912350016,2.855886936406609,7.325218091308219,2.706514010920361,2.869781383997405,2.6470431912350016,2.6470431912350016,2.8404907267810264,1.0,1.0816589147646818,2.176843808175944,36.06279064977162
5.289999999999932,0.924747890347858,0.924747890347858,3.685500700118253,1.919765793037852,2.449744979374979,7.026572614303424,2.650768306416731,2.855806767688493,7.34699540569222,2.7105341550499267,2.86978055253417,2.650768306416731,2.650768306416731,2.8137867059405988,1.0,1.089911549936436,2.18152413850745,36.0627807018264
5.299999999999931,0.9440582619319681,0.9440582619319681,3.6952452027122114,1.9223020581355603,2.4483213738454053,7.046752249066027,2.6545719521357913,2.855728624943725,7.369174065205568,2.714622269341642,2.8697796956148176,2.6545719521357913,2.6545719521357913,2.7890070051838194,1.0,1.098100566825907,2.186381741347017,36.062770429133856
5.309999999999931,0.9629980121825948,0.9629980121825948,3.7052711302879233,1.9249080835946228,2.4468846629396,7.06736896288057,2.6584523623492995,2.855652537006325,7.391745792307493,2.7187765248926756,2.8697788133591775,2.6584523623492995,2.6584523623492995,2.7660158379200843,1.0,1.1061272425368753,2.191518249267356,36.06275983292857
5.319999999999931,0.9815694717231784,0.9815694717231784,3.715572343073812,1.9275819938653225,2.4454353069287413,7.0884150134805965,2.6624077474122174,2.855578531138014,7.414702199699918,2.7229950788974846,2.86977790591485,2.6624077474122174,2.6624077474122174,2.7446879832639346,1.0,1.1140934067614117,2.1969111410597857,36.062748914792984
5.329999999999931,0.9997752914447615,0.9997752914447615,3.7261426455329754,1.9303219020497528,2.443973772655775,7.10988252095961,2.66643629606252,2.8555066329739573,7.438034798379105,2.727276076670476,2.869776973456826,2.66643629606252,2.66643629606252,2.724907966845858,1.0,1.1219943329083826,2.202426662956748,36.062737676652866
5.339999999999931,1.017618425366275,1.017618425366275,3.73697579333224,1.9331259124361868,2.442500533338512,7.131763474593714,2.670536177360965,2.855436866468975,7.461735005538489,2.731617653614519,2.8697760161870667,2.670536177360965,2.670536177360965,2.7065692860996298,1.0,1.1297598858211502,2.2080454932801112,36.062726120772304
5.34999999999993,1.0351021135582181,1.0351021135582181,3.748065500108936,1.9359921229459938,2.44101606836515,7.154049739521799,2.6747055425825472,2.855369253844279,7.485794152311957,2.736017937132715,2.8697750343340607,2.6747055425825472,2.6747055425825472,2.6895736841223443,1.0,1.1374844984995118,2.2137503355086596,36.0627142497485
5.35999999999993,1.052229865184477,1.052229865184477,3.7594054440259166,1.9389186274895387,2.439520863082288,7.176733063274909,2.678942527057068,2.8553038155348087,7.510203491348143,2.7404750484812195,2.8697740281523583,2.678942527057068,2.678942527057068,2.6738304736640504,1.0,1.145161484524835,2.219525642974559,36.06270206650619
5.36999999999993,1.0690054417099728,1.0690054417099728,3.7709892741066047,1.9419035182280824,2.438015408575508,7.1998050821475434,2.6832452519565826,2.8552405701372203,7.534954204207413,2.744987104561224,2.869772997922072,2.6832452519565826,2.6832452519565826,2.659255911055493,1.0,1.1527214790293137,2.2253573914442404,36.0626895742917
5.37999999999993,1.0854328403259181,1.0854328403259181,3.782810616342917,1.9449448877392175,2.4365002014426547,7.22325732740464,2.6876118260278288,2.855179534358602,7.560037408574135,2.7495522196485256,2.8697719439483675,2.6876118260278288,2.6876118260278288,2.6457726187104567,1.0,1.1602306389086234,2.2312328899781595,36.06267677666691
5.3899999999999295,1.1015162776276826,1.1015162776276826,3.7948630795702254,1.9480408310839445,2.4349757435599173,7.247081231319131,2.6920403472680587,2.85512072296598,7.58544416527803,2.754168507059441,2.869770866560928,2.6920403472680587,2.6920403472680587,2.6333090540847017,1.0,1.1677273574357787,2.237321355850316,36.06266367750282
5.399999999999929,1.1172601735905003,1.1172601735905003,3.807140261104497,1.9511894477739717,2.4334425418408516,7.271268133035859,2.6965289045429977,2.855064148736675,7.611165485119327,2.7588340807521075,2.8697697661133974,2.6965289045429977,2.6965289045429977,2.621799022519014,1.0,1.1751194309748079,2.2435653557561666,36.06265028097303
5.409999999999929,1.132669135872857,1.132669135872857,3.8196357521379163,1.9543888436383166,2.431901107988506,7.295809284258625,2.7010755791459493,2.855009822409587,7.637192335493328,2.7635470568624894,2.86976864298281,2.7010755791459493,2.7010755791459493,2.611181231152727,1.0,1.1824255723497155,2.249829676920966,36.06263659154689
5.419999999999929,1.1477479444826402,1.1477479444826402,3.8323431428902612,1.9576371325887394,2.4303519582407933,7.320695854758068,2.705678446297355,2.8549577526374623,7.663515646811019,2.7683055551746847,2.8697674975690073,2.705678446297355,2.705678446297355,2.601398881002667,1.0,1.1897713342068852,2.256104574226474,36.062622613982555
5.429999999999929,1.1625015368296623,1.1625015368296623,3.845256027514302,1.9609324382839666,2.4287956131093162,7.345918937698873,2.7103355765843595,2.854907945940213,7.690126318713168,2.7731077005253812,2.8697663302940297,2.7103355765843595,2.7103355765843595,2.592399294313997,1.0,1.1970204688283224,2.262381116164239,36.06260835331984
5.4399999999999284,1.1769349931903303,1.1769349931903303,3.8583680087544376,1.96427289569307,2.4272325971118125,7.371469554785679,2.7150450373402055,2.854860406659366,7.7170152260761125,2.7779516241425286,2.869765141601507,2.7150450373402055,2.7150450373402055,2.5841335743700964,1.0,1.2041784576212242,2.268651108815962,36.06259381487291
5.449999999999928,1.1910535226093144,1.1910535226093144,3.8716727023585897,1.9676566525587207,2.4256634384984603,7.397338661227768,2.7198048939634933,2.8548151369136883,7.744173224808341,2.7828354649185316,2.8697639319560277,2.7198048939634933,2.7198048939634933,2.576556295073583,1.0,1.2113396432333579,2.274907029759677,36.06257900422284
5.459999999999928,1.20486244924625,1.20486244924625,3.885163741244289,1.9710818707614073,2.4240886689722423,7.4235171505233595,2.7246132111775716,2.85477213655607,7.771591157437539,2.787757370618458,2.8697627018424976,2.7246132111775716,2.7246132111775716,2.569625217762348,1.0,1.218461762638367,2.281232258499882,36.06256392721005
5.469999999999928,1.2183671991914462,1.2183671991914462,3.8988347794205764,1.9745467275859987,2.422508823403614,7.449995859064976,2.7294680542305265,2.854731403131731,7.799259858488545,2.792715499023942,2.8697614517654975,2.7294680542305265,2.7294680542305265,2.563301032890273,1.0,1.2254966103163076,2.2877808273843594,36.062548589926635
5.479999999999928,1.2315732877560384,1.2315732877560384,3.9126794956681,1.9780494168923335,2.420924439539739,7.476765570567938,2.7343674900363957,2.8546929318378034,7.82717015965327,2.797708019013648,2.8697601822486147,2.7343674900363957,2.7343674900363957,2.5575471243734373,1.0,1.232454093901056,2.2943010411423677,36.06253299870856
5.489999999999927,1.2444863072485526,1.2444863072485526,3.9266915969804304,1.9815881501917674,2.4193360577085357,7.5038170203246795,2.73930958825845,2.8546567154843734,7.855312894754115,2.8027331115812855,2.8697588938337817,2.73930958825845,2.73930958825845,2.552329354572873,1.0,1.2394585813201886,2.3007867428912654,36.06251716012776
5.499999999999927,1.257111915244043,1.257111915244043,3.9408648217702638,1.9851611576318593,2.417744220517823,7.531140899287961,2.7442924223354845,2.854622744457033,7.883678904503137,2.807788970792345,2.869757587080595,2.7442924223354845,2.7442924223354845,2.5476158680503533,1.0,1.2463775888289175,2.3072322641639746,36.06250108098423
5.509999999999927,1.2694558233474627,1.2694558233474627,3.9551929428446555,1.9887666888915492,2.41614947254987,7.558727857986684,2.7493140704522436,2.8545910066810185,7.912259041059425,2.8128738046807973,2.8697562625656357,2.7493140704522436,2.7493140704522436,2.5433769123915777,1.0,1.2532145514589192,2.313632390351238,36.0624847682979
5.519999999999927,1.281523786456773,1.281523786456773,3.969669770154084,1.9924030139894098,2.4145523600516117,7.586568510278246,2.7543726164551967,2.854561487586986,7.941044172387871,2.8179858360871637,2.869754920881772,2.7543726164551967,2.7543726164551967,2.5395846745399266,1.0,1.2600096556055782,2.319982329543399,36.0624682293006
5.5299999999999265,1.2933215925202184,1.2933215925202184,3.9842891533204257,1.9960684240076605,2.412953430620898,7.614653436941919,2.759466150715011,2.8545341700785034,7.970025186422672,2.8231233034394143,2.869753562637472,2.759466150715011,2.759466150715011,2.5362131312228646,1.0,1.2668159089940947,2.3262815410318085,36.06245147142782
5.539999999999926,1.3048550527927163,1.3048550527927163,3.9990449839495046,1.999761231734805,2.4113532328890415,7.642973189117936,2.764592770937148,2.8545090345013056,7.999192995039397,2.8282844614782645,2.869752188456089,2.764592770937148,2.764592770937148,2.533237912181766,1.0,1.2735398511615963,2.332871733247532,36.0624345023105
5.549999999999926,1.3161299925808687,1.3161299925808687,4.013931197734123,2.003479772229838,2.409752316200054,7.671518291597313,2.7697505829221,2.854486058614394,8.028538537839701,2.833467581928493,2.8697507989751623,2.7697505829221,2.7697505829221,2.530636175034489,1.0,1.2801841747700555,2.3394019278141958,36.06241732976675
5.559999999999926,1.3271522424753381,1.3271522424753381,4.028941776353864,2.007222403311069,2.4081512302868804,7.700279245967695,2.7749377012768583,2.854465217563016,8.058052785753024,2.8386709541179695,2.8697493948457,2.7749377012768583,2.7749377012768583,2.5283864907087543,1.0,1.286794522025687,2.3458681171889344,36.0623999617935
5.569999999999926,1.3379276300617102,1.3379276300617102,4.044070749178262,2.0109875059726905,2.406550524944999,7.729246533620664,2.7801522500792406,2.854446483853614,8.0877267444599,2.843892885546131,2.8697479767314586,2.7801522500792406,2.7801522500792406,2.526468738483675,1.0,1.293404433573654,2.352266632421506,36.06238240655817
5.5799999999999255,1.3484619721009694,1.3484619721009694,4.05931219478011,2.014773484732244,2.4049507497037435,7.7584106186261845,2.785392363496781,2.8544298273307787,8.117551457641614,2.849131702403666,2.8697465453082267,2.785392363496781,2.785392363496781,2.524864009767294,1.0,1.2999330624215695,2.358594123185658,36.06236467239023
5.589999999999925,1.3587610671763977,1.3587610671763977,4.074660242265934,2.0185787679122,2.403352453495725,7.78776195047997,2.790656186361905,2.854415215156276,8.147518010061253,2.854385750045227,2.869745101263094,2.790656186361905,2.790656186361905,2.523554519820256,1.0,1.3063825671678693,2.3648475392643284,36.06234676777278
5.599999999999925,1.368830688786943,1.368830688786943,4.090109072430821,2.022401807858869,2.40175618432473,7.8172909667296135,2.7959418747051257,2.85440261179021,8.1776175304811,2.859653393416954,2.8697436452937235,2.7959418747051257,2.7959418747051257,2.522523526710309,1.0,1.3127801742868184,2.3710241133397894,36.06232870133411
5.609999999999925,1.378676578884232,1.378676578884232,4.105652918744901,2.0262410811018765,2.4001624889324757,7.846988095485531,2.8012475962480594,2.8543919789743604,8.207841194421707,2.864933017440671,2.8697421781076207,2.8012475962480594,2.8012475962480594,2.5217552568500112,1.0,1.3191894663084927,2.3773107642168,36.06231048183919
5.619999999999925,1.3883044418372705,1.3883044418372705,4.12128606817894,2.0300950884574203,2.3985719124646123,7.876843757822633,2.806571530858003,2.8543832757177667,8.2381802267678,2.8702230273565505,2.869740700421392,2.806571530858003,2.806571530858003,2.521234836531166,1.0,1.3255170137757564,2.3836818099503816,36.062292118181176
5.629999999999924,1.3977199388141246,1.3977199388141246,4.137002861876493,2.0339623550785038,2.396984998136375,7.906848370078827,2.8119118709658784,2.8543764582846047,8.268625904226427,2.8755218490260908,2.869739212960013,2.8119118709658784,2.8119118709658784,2.520948228924857,1.0,1.3317645813273347,2.3899691146430024,36.06227361937292
5.639999999999924,1.4069286825676612,1.4069286825676612,4.152797695680189,2.037841430455321,2.395402286898278,7.936992346056358,2.8172668219493087,2.8543714801843993,8.299169557642603,2.8808279291971957,2.8697377164560836,2.8172668219493087,2.8172668219493087,2.520882176065983,1.0,1.3379337849415167,2.396170391790899,36.06225499453841
5.649999999999924,1.415936232609841,1.415936232609841,4.168665020519702,2.041730888368911,2.3938243171022515,7.967266099131959,2.822634602482574,2.85436829216464,8.329802574177913,2.886139735733167,2.8697362116490845,2.822634602482574,2.822634602482574,2.5210241453863165,1.0,1.344117544454428,2.402283593075962,36.062236252904235
5.659999999999924,1.424748090765421,1.424748090765421,4.184599342668951,2.0456293268011563,2.392251624168644,7.997660044281818,2.8280134448552077,2.854366842205828,8.360516399357332,2.8914557578073596,2.8697346992846366,2.8280134448552077,2.8280134448552077,2.521362280400962,1.0,1.3502345968247345,2.4083068955184284,36.0622174037911
5.6699999999999235,1.4333696970841072,1.4333696970841072,4.200595223880055,2.049535367804141,2.390684740254473,8.028164600027205,2.8334015952609337,2.8543670755190202,8.39130253898964,2.8967745060652614,2.8697331801137502,2.8334015952609337,2.8334015952609337,2.5218853551898808,1.0,1.3562698595541263,2.414238689332648,36.062198456605216
5.679999999999923,1.4418064261058603,1.4418064261058603,4.21664728140153,2.0534476573318177,2.389124193923351,8.058770190306566,2.838797314058643,2.854368934545899,8.422152560966683,2.9020945127556894,2.8697316548920746,2.838797314058643,2.838797314058643,2.5225827323494316,1.0,1.3622246716621225,2.420077566419228,36.06217942082976
5.689999999999923,1.450063583458445,1.450063583458445,4.232750187888124,2.057364865036857,2.3875705098174898,8.089467246279835,2.844198876007062,2.8543723589614176,8.453058096946648,2.9074143318327796,2.8697301243791555,2.844198876007062,2.844198876007062,2.5234443241188984,1.0,1.3681222219464404,2.426022916306559,36.06216030601639
5.699999999999923,1.4581464027738047,1.4581464027738047,4.2488986712096235,2.061285684035482,2.3860242083321865,8.120246208070505,2.849604570474736,2.8543772856790603,8.484010843926567,2.912732539030415,2.869728589337683,2.849604570474736,2.849604570474736,2.5244605564141067,1.0,1.3740170010799921,2.432017708706133,36.062141121776655
5.709999999999923,1.4660600429146171,1.4660600429146171,4.265087514165815,2.065208830642997,2.3844858052932185,8.151097526450929,2.8550127016268996,2.854383648858758,8.515002565709091,2.9180477319106846,2.8697270505327355,2.8550127016268996,2.8550127016268996,2.5256223355247203,1.0,1.3798275002356044,2.4379145590707436,36.062121877773514
5.7199999999999225,1.47380958548964,1.47380958548964,4.281311554114778,2.0691330440826605,2.3829558116375096,8.182011664476224,2.860421588590784,2.8543913799174914,8.546025094268398,2.923358529887909,2.869725508731034,2.860421588590784,2.860421588590784,2.5269210172539536,1.0,1.3855548421324322,2.443712373779794,36.062102583712786
5.729999999999922,1.4814000326496264,1.4814000326496264,4.297565682521385,2.0730570861704183,2.3814347330975205,8.212979099071925,2.8658295656008446,2.854400407542614,8.577070331020227,2.928663574229759,2.86972396470019,2.8658295656008446,2.8658295656008446,2.5283483782994356,1.0,1.3912000399474918,2.449410232004399,36.062083249334705
5.739999999999922,1.4888363051457492,1.4888363051457492,4.313844844432913,2.0769797409779693,2.379923069889721,8.243990322580414,2.8712349821253595,2.854410657707937,8.60813024800071,2.933961528036915,2.869722419207951,2.8712349821253595,2.8712349821253595,2.52989658969207,1.0,1.3967871122016957,2.455007376402413,36.06206388440541
5.749999999999922,1.4961232406396587,1.4961232406396587,4.330144037888435,2.080899814476525,2.378421316407556,8.275035844271033,2.8766362029758006,2.8544220536925895,8.639196888958617,2.9392510762026807,2.8697208730214516,2.8766362029758006,2.8766362029758006,2.531558192126059,1.0,1.4023590907451442,2.460503204226788,36.062044498708495
5.759999999999922,1.5032655922536236,1.5032655922536236,4.3464583132684425,2.0848161341635003,2.376929960919289,8.30610619181853,2.882031608400319,2.8544345161026965,8.670262370365561,2.944530925353911,2.8697193269064645,2.882031608400319,2.882031608400319,2.5333260730281224,1.0,1.4078447573139217,2.465897258820687,36.062025102036586
5.769999999999921,1.5102680273438347,1.5102680273438347,4.3627827725911486,2.0887275486743473,2.375449485271099,8.337191912754408,2.887419594162651,2.854447962895887,8.701318882348524,2.9497998037745754,2.8697177816266493,2.887419594162651,2.887419594162651,2.535193445227308,1.0,1.4132449616902758,2.4711892214805475,36.06200570418299
5.779999999999921,1.5171351264851547,1.5171351264851547,4.379112568761515,2.0926329273815596,2.373980364595811,8.3682835758955,2.8927985716076914,2.854462309408653,8.73235868954894,2.955056461313208,2.869716237942802,2.8927985716076914,2.8927985716076914,2.537153827098941,1.0,1.4185604560150795,2.476647039103297,36.06198631493323
5.789999999999921,1.5238713826577646,1.5238713826577646,4.395442904779132,2.0965311599828733,2.37252306702762,8.399371772753936,2.898166967714927,2.854477468386598,8.76337413191244,2.960299669275467,2.8697146966121165,2.898166967714927,2.898166967714927,2.53920102406729,1.0,1.423791896903168,2.482057045163502,36.061966944056806
5.799999999999921,1.530481200621555,1.530481200621555,4.411769032910569,2.1004211560805057,2.3710780534231746,8.430447118932529,2.9035232251408853,2.854493350017555,8.794357625413294,2.965528220302969,2.869713158387431,2.9035232251408853,2.9035232251408853,2.5413291113614758,1.0,1.4290097047081038,2.4873613024617587,36.061947601298904
5.809999999999921,1.5369688964651234,1.5369688964651234,4.428086253831954,2.1043018447532553,2.369645777089357,8.461500255509321,2.908865802251682,2.8545098619676232,8.825301662717301,2.9707409282395023,2.8697116240164906,2.908865531279693,2.9088656667656783,2.5435324179282244,0.9999998136525793,1.4341497628320474,2.4925596851613765,36.0619282963721
5.81999999999992,1.5433386973245198,1.5433386973245198,4.444389915747073,2.1081721741231365,2.3682266835181043,8.492521850414953,2.9141931731467206,2.854526909420111,8.85619881378687,2.9759366279856954,2.869710094241206,2.9141853945844445,2.9141892838577883,2.5458055114132843,0.999994657272677,1.4392013644590016,2.497652185651712,36.0619090389482
5.82999999999992,1.5495947412507833,1.5495947412507833,4.460675413486232,2.1120311109181684,2.366821210128601,8.523502599806257,2.9195038276745344,2.8545443951174008,8.887041726431908,2.9811141753431567,2.8697085697969165,2.9194733929905254,2.9194886102133313,2.5481431841307796,0.9999791217575915,1.4441650449907828,2.5026389076872366,36.0618898386501
5.83999999999992,1.5557410772240763,1.5557410772240763,4.476938187590857,2.1158776400328203,2.365429786017153,8.55443322943936,2.924796271441715,2.854562219405734,8.91782312680983,2.986272446849053,2.869707051411659,2.9247240497755014,2.9247601599380837,2.5505404399465794,0.99995051759537,1.449041252284381,2.5075200597928897,36.0618707050437
5.84999999999992,1.561781665305135,1.561781665305135,4.4931737233886295,2.119710764087551,2.3640528317150507,8.58530449604528,2.930069025815822,2.8545802802829274,8.948535819878071,2.9914103396020533,2.8697055398054316,2.929933069447829,2.9300010452581176,2.552992482007916,0.9999069662477374,1.4538303482223631,2.5122959489229006,36.061851647629844
5.8599999999999195,1.5677203769053794,1.5677203769053794,4.509377550063724,2.123529502988768,2.3626907589547175,8.616107188710997,2.9353206279231228,2.854598473449009,8.979172689802217,2.9965267710805152,2.869704035689476,2.935097553272326,2.9352090842140206,2.555494701257099,0.9998475442545572,1.458597167042826,2.516966974369813,36.06183267583642
5.869999999999919,1.5735609951750795,1.5735609951750795,4.525545239726536,2.12733289349047,2.3613439704444112,8.646832130268578,2.9405496306419616,2.854616692359767,9.009726700322794,3.0016206789537536,2.8697025397655462,2.9402142478366855,2.940381924824782,2.558042665672313,0.9997710782437452,1.4632772634908584,2.521533621904944,36.061813799010395
5.879999999999919,1.5793072154970123,1.5793072154970123,4.5416724064870335,2.1311199887587358,2.3600128596517598,8.677470178694978,2.9457546025925136,2.854634828283218,9.040190895083544,3.006691020887172,2.869701052725205,2.9452818224576753,2.945518183911029,2.5606321101830996,0.9996777058457703,1.4678657324280522,2.526210891615655,36.06179502641006
5.889999999999919,1.5849626460789863,1.5849626460789863,4.557754705535715,2.1348898579401503,2.3586978105963783,8.70801222852478,2.950934128123632,2.8546527703589604,9.070558397924074,3.01173677434202,2.8696995752490966,2.9502975057087113,2.9506157650876044,2.5632589272124164,0.9995665672294218,1.4723628438415244,2.5308573086168686,36.06177636719725
5.899999999999919,1.590530808634035,1.590530808634035,4.573787832235934,2.1386415857351913,2.35739919765179,8.738449212278065,2.9560868072974555,2.854670405660416,9.10082241313936,3.0167569363704727,2.8696981080062525,2.95525942339199,2.955673027893401,2.565919157800996,0.9994374081738668,1.476768788213092,2.5353966349958625,36.0617578304297
5.909999999999918,1.5960151391433905,1.5960151391433905,4.589767521231081,2.14237427197749,2.3561173853569035,8.768772101905403,2.961211255872401,2.8546876192599377,9.130976225708729,3.0217505234067104,2.869696651653388,2.960166943451361,2.960688960487739,2.5686089832733106,0.9992908137710543,1.481083678020642,2.53982945743771,36.06173942505349
5.919999999999918,1.6014189886950914,1.6014189886950914,4.605689545570018,2.1460870312198472,2.3548527282372294,8.798971910251815,2.9663061052851263,2.854704294296744,9.161013201496642,3.026716571054621,2.8696952068342054,2.965019438194713,2.965662560696355,2.571324717407628,0.9991273597637275,1.4853197068446036,2.5441564354712707,36.06172115989552
5.929999999999918,1.6067456243873228,1.6067456243873228,4.62154971585387,2.1497789923277857,2.3536055706360486,8.829039692541283,2.9713700026319985,2.8547203120476867,9.190926787427593,3.0316541338727268,2.869693774178715,2.969813304545198,2.97059134498729,2.57406279907564,0.9989455742513519,1.4895086828870063,2.5483782964158657,36.06170304365616
5.939999999999918,1.6119982302947953,1.6119982302947953,4.637343879407154,2.153449298081372,2.352376246555685,8.85896654788341,2.9764016106505875,2.854735552000795,9.220710511637266,3.0365622851568954,2.8696923543025488,2.9745496075693185,2.9754751727746136,2.576819785319808,0.9987471667159856,1.4936020446893492,2.5524958305093524,36.06168508490199
5.949999999999918,1.6171799084896625,1.6171799084896625,4.653067919475914,2.157097104785947,2.351165079509078,8.888743620803515,2.981399607701644,2.854749891931575,9.250357983601946,3.0414401167213447,2.8696909478062946,2.979228253747313,2.980313331563053,2.5795923448390705,0.9985330377885939,1.497599835755216,2.556509886212584,36.061667292058615
5.959999999999917,1.622293680110501,1.622293680110501,4.668717754455502,2.1607215818923784,2.3499723823817655,8.91836210279734,2.9863626877519986,2.854763207982025,9.27986289424822,3.0462867386784556,2.869689555274828,2.9838476710577404,2.9851043764136667,2.5823772518557977,0.9983030654952852,1.50150202782169,2.5604213656839754,36.061649673403565
5.969999999999917,1.627342486473018,1.627342486473018,4.684289337150279,2.164321911627353,2.34879845730444,8.94781323391144,2.9912895603587826,2.8547753747423417,9.309219016044688,3.0511012792178316,2.8696881772766654,2.9884048372934346,2.9898461434908628,2.5851713803389553,0.9980561280185893,1.5053085225556189,2.5642312204183266,36.061632237059406
5.979999999999917,1.6323291902192225,1.6323291902192225,4.69977865406748,2.1678972886341916,2.347643595536161,8.977088304350126,2.9961789506553385,2.854786265335245,9.338420203077526,3.0558828843850554,2.8696868143633125,2.99290135809057,2.9945387934109458,2.5879716985603602,0.9977942454797317,1.509019153332163,2.567940447041995,36.06161499098691
5.989999999999917,1.63725657650073,1.63725657650073,4.715181724747171,2.171446919624602,2.346508077358338,9.006178656109745,3.0010295993391574,2.8547957515029085,9.36746039111143,3.0606307178605245,2.8696854670686327,2.9973370417823766,2.999181594942076,2.5907752639626174,0.9975181964477127,1.5126336871037114,2.5715500832580527,36.06159794297835
5.9999999999999165,1.6421273541878587,1.6421273541878587,4.7304946011301565,2.174970023041733,2.345392171979563,9.035075684640844,3.0058402626621468,2.8548037036964207,9.39633359763755,3.065343960738754,2.8696841359082224,3.0017098520967442,3.003772900456049,2.593579218318963,0.9972274906187925,1.5161625606393432,2.5751107906262933,36.061581100650955
6.009999999999916,1.6469441571020482,1.6469441571020482,4.745713366965409,2.178465828734848,2.344296137451356,9.063770840538789,3.010609712423513,2.8548099911677367,9.425033921909835,3.0700218113084854,2.869682821378799,3.006018298744951,3.0083113429918362,2.5963807831666954,0.9969219970965706,1.5196261708190122,2.5787574632512102,36.06156447144048
6.019999999999916,1.651709545268779,1.651709545268779,4.760834137258558,2.181933577645882,2.3432202205948607,9.092255631263129,3.015336735965509,2.854814482064057,9.453555544971161,3.074663484833936,2.8696815239575924,3.0102638798281993,3.012797060896284,2.599177255497225,0.9966036012225461,1.522989154473099,2.5823024143485225,36.061548062594944
6.029999999999916,1.6564260061845086,1.6564260061845086,4.775853057762688,2.185372521508104,2.342164656938531,9.120521622885942,3.0200201361722643,2.8548170435245783,9.481892729670497,3.079268213337464,2.8696802441017613,3.014447348012075,3.0172298274869167,2.6019660036870227,0.9962736644730708,1.5262512390878555,2.5857467082469228,36.06153188116849
6.039999999999916,1.6610959560956877,1.6610959560956877,4.790766304512552,2.1887819225570535,2.3411296706668314,9.1485604418693,3.024658731471916,2.8548175417795516,9.510039820672333,3.0838352453839573,2.869678982247807,3.018569979303793,3.021609687040943,2.6047444636548955,0.9959338867737396,1.529412092868245,2.5890914412974007,36.061515934015446
6.0499999999999154,1.6657217412860892,1.6657217412860892,4.805570083403245,2.192161053253899,2.3401154745799255,9.176363776871817,3.029251355842202,2.8548158422515715,9.53799124445943,3.088363845867166,2.8696777388110215,3.022624704682399,3.0259325060921642,2.607510135232068,0.9955802999122307,1.5324713269791987,2.5923377383028043,36.06150022778447
6.059999999999915,1.6703056393682096,1.6703056393682096,4.820260629814114,2.1955091960213045,2.3391222700643546,9.203923380584174,3.0337968588196826,2.854811809659042,9.565741509330078,3.0928532957982466,2.869676514184915,3.026612752928312,3.0301983194875275,2.610260578732525,0.9952145451964372,1.5354284979018242,2.595486749069885,36.06148476891291
6.069999999999915,1.674849860576898,1.674849860576898,4.834834208278574,2.198825642991862,2.3381502470746764,9.231231071593387,3.038294105512728,2.8548053081217306,9.593285205390579,3.0973028920966996,2.8696753087406996,3.030542337741312,3.0344106771086348,2.6129934117119573,0.9948429726306341,1.5382831099065903,2.598539645078591,36.061469563621394
6.079999999999915,1.6793565490626494,1.6793565490626494,4.849287112200387,2.2021096957691246,2.337199584125987,9.258278736275487,3.0427419766183736,2.8547962012683388,9.620617004544183,3.1017119473839254,2.8696741228267446,3.0344004388648758,3.0385624799050994,2.615706305904513,0.9944575584187055,1.5410346176453005,2.601497616264321,36.061454617908424
6.089999999999915,1.6838277841804603,1.6838277841804603,4.863615663616783,2.2053606652012236,2.3362704482973013,9.285058330716199,3.047139368443163,2.854784352346013,9.647731660477,3.106079789779554,2.869672956768084,3.0381944768479174,3.0426568961163487,2.618396984327262,0.9940640781315104,1.5436824288640243,2.6043618679103915,36.061439937545366
6.099999999999914,1.6882655817721668,1.6882655817721668,4.877816213008697,2.2085778711670314,2.335362995245671,9.311561882659047,3.051485192928035,2.8547696243316993,9.674624008641882,3.1104057627007253,2.8696718108659134,3.0419265775870694,3.04669444660061,2.6210632185430742,0.9936647180631508,1.5462259072369395,2.607133617646546,36.061425528071425
6.109999999999914,1.6926718954432542,1.6926718954432542,4.8918851391582185,2.211760642374807,2.3344773692309913,9.33778149348032,3.055778377677334,2.854751880045272,9.701288966240911,3.1146892246644624,2.8696706853971166,3.0455846813406744,3.0506685324066147,2.623702826073178,0.9932520759830242,1.5486850260998517,2.6098140925472295,36.061411394788976
6.119999999999914,1.6970486178267812,1.6970486178267812,4.905818849053324,2.214908316173228,2.333613703151336,9.363709340190148,3.060017865991986,2.8547309822643263,9.727721532207136,3.118929549093268,2.8696695806137997,3.0491860173328424,3.0545872801473433,2.626313667951337,0.9928384866175075,1.5510424384277448,2.612404526330236,36.06139754275898
6.129999999999914,1.7013975818348177,1.7013975818348177,4.919613777839739,2.218020238374695,2.3327721185887453,9.389337677458919,3.0642026169068712,2.8547067938405633,9.753916787186167,3.123126124124059,2.8696684967428583,3.0527090208350907,3.0584393261111895,2.6288936464121075,0.9924101330728473,1.553291194414523,2.614906156650308,36.06138397679665
6.1399999999999135,1.7057205618979936,1.7057205618979936,4.933266388819734,2.221095763090762,2.331952725865298,9.414658839668148,3.068331605232418,2.8546791778176455,9.779869893518278,3.1272783524205643,2.86966743398553,3.056175067048216,3.0622349028859075,2.6314407027061932,0.9919820930014304,1.55543066512879,2.6173202224824585,36.061370701467325
6.149999999999913,1.7100192751880554,1.7100192751880554,4.9467731734975064,2.2241342525795305,2.331155624109342,9.43966524298485,3.0724038216004175,2.8546479975504524,9.805576095221292,3.131385650989238,2.869666392517007,3.0595651658914607,3.0659639520797684,2.6339528150363427,0.9915422720911283,1.5574601866758249,2.619647961594419,36.06135772108252
6.159999999999913,1.7142953828236704,1.7142953828236704,4.960130651670769,2.2271350771048373,2.3303809013316896,9.464349387458395,3.07641827251406,2.8546131168256084,9.831030717974981,3.1354474509988175,2.869665372486037,3.0628916611623773,3.0696321849961854,2.6364279966077557,0.9910996359300402,1.5593790633825466,2.6218906081036106,36.061345039696285
6.169999999999913,1.7185504910577893,1.7185504910577893,4.973335371568005,2.2300976148070304,2.3296286345116335,9.488703859138736,3.0803739804021744,2.8545743999831914,9.8562291691072,3.1394631976035647,2.8696643740145467,3.0661525620576193,3.0732381110561864,2.638864293787312,0.9906534813835693,1.5611865710848936,2.6240493901157373,36.06133266110159
6.179999999999913,1.7227861524445023,1.7227861524445023,4.986383910030711,2.2330212515851056,2.3288988896925855,9.512721332214856,3.0842699836776375,2.854531712039514,9.881166937582154,3.143432349770256,2.869663397197299,3.069335535873956,3.0767750369987863,2.6412597843663765,0.9901961951078876,1.562881960513211,2.626125527442517,36.0613205888272
6.1899999999999125,1.727003866986335,1.727003866986335,4.999272872740076,2.2359053809900087,2.328191722087121,9.536394571172186,3.0881053367999263,2.85448491881086,9.90583959399118,3.14735438010898,2.8696624421015575,3.0724635189613587,3.0802540431235585,2.643612575922253,0.9897437486091916,1.5644644607682614,2.628200233624115,36.06130882613456
6.199999999999912,1.7312050832590684,1.7312050832590684,5.0119988944871725,2.238749404128826,2.3275071761912534,9.559716432967717,3.091879110341754,2.854433887038076,9.930242790546322,3.151228774707784,2.8696615087667743,3.075508416400026,3.083660508402561,2.645920804273736,0.9892779502069853,1.5659332828824712,2.6302500977059977,36.06129737601501
6.209999999999912,1.7353911995123403,1.7353911995123403,5.024558639485886,2.241552729579629,2.326845285907686,9.582679869221467,3.0955903910597518,2.854378484511882,9.954372261076843,3.155055032971191,2.869660597204301,3.0784874584119675,3.0870026581857832,2.648182632026481,0.9888109313817572,1.5672876234593982,2.6322152468713473,36.06128624118725
6.219999999999912,1.7395635647484244,1.7395635647484244,5.036948801727671,2.244314773316718,2.3262060746778226,9.605277928422836,3.0992382819691096,2.8543185801988096,9.978223821029058,3.1588326674626273,2.8696597073971173,3.0814085569713043,3.0902840379237086,2.650396247204236,0.9883485338290386,1.5685266683806218,2.6340968531561564,36.06127542409496
6.229999999999912,1.7437234797756307,1.7437234797756307,5.049166105377077,2.247034958645966,2.3255895556223036,9.6275037581505,3.102821902422132,2.854254044367623,10.001793367469537,3.162561203750773,2.8696588392995857,3.0842411167395385,3.0934887738390087,2.6525598619622386,0.9878709163851743,1.5696495965728405,2.6358960748844704,36.06126492690478
6.239999999999911,1.747872198236201,1.747872198236201,5.061207305207081,2.249712716150016,2.324995731689809,9.64935060730417,3.1063403881906066,2.854184748716127,10.025076879091845,3.166240180259837,2.8696579928372294,3.087008445733415,3.096628192196235,2.65467171137932,0.9873941920387426,1.570655583824745,2.637614054578024,36.06125475150447
6.249999999999911,1.7520109276090898,1.7520109276090898,5.073069187073049,2.252347483643021,2.324424595813867,9.670811828346862,3.1097928915519217,2.854110566498202,10.048070416227048,3.169869148123791,2.8696571679065226,3.089715082095861,3.099704165521927,2.6567300523255377,0.986921902651586,1.5715438066421845,2.6392519169297333,36.06124489950133
6.259999999999911,1.7561408301862533,1.7561408301862533,5.084748568424221,2.2549387061346526,2.323876131077412,9.691880879555884,3.113178581378827,2.8540313726509847,10.070770120857897,3.1734476710445216,2.8696563643747166,3.09234205084184,3.1027066988045644,2.658733162402322,0.9864419426988219,1.5723134461307868,2.6408107668391834,36.06123537222086
6.269999999999911,1.7602630240204555,1.7602630240204555,5.096242298851502,2.257485835803074,2.3233503108848033,9.712551327281007,3.116496643232751,2.8539470439220302,10.093172216636896,3.1769753251539266,2.8696555820796825,3.094890739297976,3.105636083395976,2.660679338952374,0.9859557731888702,1.5729636918950616,2.64229168750872,36.06122617070572
6.2799999999999105,1.7643785838477875,1.7643785838477875,5.107547260670311,2.259988331976586,2.322847099141047,9.732816848208131,3.11974627946058,2.8538574589963446,10.115273008908243,3.1804516988799314,2.869654820829779,3.0973762027357297,3.1084995312598425,2.6625668981367365,0.9854738910482753,1.5734937459387035,2.6436957385949897,36.06121729571494
6.28999999999991,1.768488541982163,1.768488541982163,5.11866036953722,2.262445661123648,2.3223664504378996,9.752671231626643,3.122926709294767,2.8537624986231522,10.137068884733626,3.1838763928164084,2.8696540804037434,3.0997974169686247,3.1112961415370695,2.6643941740766097,0.9849960843272587,1.5739028265546622,2.6450239544152905,36.06120874772335
6.29999999999991,1.7725938891790702,1.7725938891790702,5.129578575099033,2.264857296850959,2.321908310246598,9.772108381698807,3.126037168956698,2.853662045742271,10.158556312921903,3.1872490195969787,2.8696533605506116,3.1021317906345263,3.114014108605214,2.666159518057711,0.9845078504158367,1.5741901721931846,2.64627734220803,36.06120052692132
6.30999999999991,1.776695575475511,1.776695575475511,5.140298861673041,2.267222719909326,2.3214726151168734,9.791122319729327,3.1290769117631685,2.8535559856099533,10.179731844062633,3.19056920377268,2.8696526609896553,3.1043903156859907,3.1166586182264147,2.6678612977950706,0.9840169583155375,1.5743550452886057,2.6474568804396568,36.061192633214795
6.31999999999991,1.7807945109978407,1.7807945109978407,5.150818248956974,2.2695414182069853,2.321059292881992,9.80970718643329,3.1320452082358723,2.8534442059240654,10.200592110563358,3.193836581693459,2.869651981410351,3.1065823614032477,3.1192340518550585,2.669497896756358,0.9835300527268579,1.5743967360366202,2.6485635171615662,36.06118506622548
6.3299999999999095,1.7848915667406402,1.7848915667406402,5.161133792767346,2.2718128868301073,2.3206682628694715,9.827857244200604,3.13494134621377,2.853326596948473,10.221133826690595,3.197050801393465,2.869651321472373,3.1087070028026558,3.1217395923710005,2.67106771354194,0.9830469426804986,1.5743145661052542,2.6495981684121497,36.06117782529144
6.339999999999909,1.788987575319597,1.788987575319597,5.171242585804748,2.27403662807017,2.320299436117183,9.8455668793551,3.1377646309682152,2.8532030516364877,10.241353788614468,3.2002115224801106,2.869650680805607,3.1107616187207223,3.1241735714784187,2.672569161320018,0.9825663069415443,1.5741078922627774,2.6505617166594413,36.06117090946788
6.349999999999909,1.7930833316915111,1.7930833316915111,5.181141758444655,2.2762121514579117,2.319952715594521,9.862830604406357,3.1405143853207163,2.853073465753242,10.261248874456777,3.2033184160268515,2.8696500590102016,3.1127200102316714,3.126522375124092,2.674000667315305,0.9820712723432576,1.573776109913152,2.6514550092868197,36.06116431752823
6.359999999999909,1.7971795938469788,1.7971795938469788,5.190828479552331,2.2783389738035758,2.319627996428309,9.879643060292286,3.1431899497631837,2.8529377379968652,10.280816044342505,3.206371164469657,2.8696494556566297,3.1146090928342676,3.128799315402896,2.6753606723498162,0.981580014058989,1.5733186565205695,2.6522788571154092,36.0611580479655
6.369999999999909,1.8012770834739738,1.8012770834739738,5.200299957320365,2.2804166192431516,2.3193251661331336,9.895999018610627,3.1457906825805537,2.8527957701183073,10.300052340454469,3.209369461507115,2.869648870285789,3.1164280455257276,3.131003662380065,2.676647630434471,0.9810923636015919,1.572735014910279,2.653034032962102,36.061152098993865
6.379999999999908,1.8053764865905952,1.8053764865905952,5.20955344012739,2.2824446192903323,2.31904410484578,9.911893383837267,3.148315959975629,2.852647467039688,10.318954887091087,3.2123130120041363,2.8696483024091273,3.1181760763523276,3.133134709506136,2.677860008410271,0.9806081606714742,1.5720247164332533,2.6537212702320283,36.06114646855066
6.389999999999908,1.8094784541483504,1.8094784541483504,5.218586217416552,2.2844225128939155,2.3187846855634215,9.927321195529457,3.1507651761960074,2.852492736971017,10.337520890726958,3.2152015318991993,2.869647751508787,3.119852422443104,3.1351917737099146,2.6789962856379566,0.9801272530318371,1.571187343980384,2.654341261542198,36.06114115429844
6.399999999999908,1.8135836026063794,1.8135836026063794,5.227395620592235,2.2863498465003635,2.318546774385267,9.942277630511906,3.1531377436629544,2.852331491525172,10.355747640076205,3.218034748115098,2.869647217037786,3.121451237788445,3.1371715988652564,2.6800549537350733,0.9796461371151501,1.5702225348331567,2.6548946573737195,36.061136153627494
6.409999999999908,1.8176925144765432,1.8176925144765432,5.235979023933604,2.288226174121257,2.318330230757329,9.956758005043742,3.155433093102077,2.8521636458309767,10.37363250615821,3.2208123984731256,2.8696466984202207,3.122957604698183,3.139066324387703,2.6810345163595275,0.9791553568927045,1.569129983338769,2.655382064750377,36.06113146365854
6.419999999999908,1.821805738836448,1.821805738836448,5.244333845523532,2.290051057405387,2.3181349077199562,9.97075777696424,3.1576506736756427,2.85198911864425,10.391172942365667,3.2235342316106506,2.869646195051496,3.124390895031207,3.140885517320379,2.681933489038729,0.9786679676707744,1.5679094434005532,2.6558040459432655,36.061127081245765
6.429999999999907,1.825923791814573,1.825923791814573,5.252457548191422,2.2918240657152156,2.3179606521578493,9.98427254781538,3.159789953116406,2.851807832456692,10.408366484534673,3.2262000069020322,2.869645706298581,3.1257504571563133,3.1426285871686024,2.6827503990435178,0.9781838418826969,1.5665607307700722,2.656161117196384,36.06112300297992
6.439999999999907,1.8300471570454961,1.8300471570454961,5.260347640468524,2.293544776207459,2.317807305052195,9.997298064939041,3.1618504178627806,2.8516197136024806,10.425210751016518,3.228809494382801,2.869645231500302,3.1270356695476385,3.1442949678092376,2.6834837853061324,0.9777028600886952,1.5650837251328122,2.6564537474723227,36.06111922519206
6.449999999999907,1.8341762860947435,1.8341762860947435,5.268001677554315,2.2952127739175543,2.317674701734597,10.009830223546901,3.1638315731952136,2.85142469236242,10.441703442751134,3.2313624746770726,2.8696447699676426,3.1282459408794683,3.145884117618628,2.684132198381533,0.9772249108993963,1.5634783719792475,2.6566823572161113,36.061115743957195
6.459999999999907,1.838311598852875,1.838311598852875,5.275417262292478,2.296827651847756,2.3175626721425058,10.021865068760821,3.165732943373591,2.8512227030655435,10.457842343341682,3.2338587389281064,2.869644320984099,3.129380710132167,3.1473955196063974,2.684694200451445,0.9767498909090003,1.5617446842540699,2.656847317135255,36.06111255509838
6.4699999999999065,1.842453483901194,1.842453483901194,5.282592046155158,2.29838901105865,2.3174710410757684,10.033398797621773,3.1675540717755353,2.851013684188001,10.473625319130262,3.236298088731979,2.8696438838060296,3.130439446708899,3.148828681554917,2.685168365370555,0.9762777046379364,1.5598827437754073,2.6569489469921805,36.061109654190965
6.479999999999906,1.8466022988487794,1.8466022988487794,5.289523730233994,2.2998964607638306,2.3173996284540452,10.044427761065096,3.169294521035414,2.8507975784491464,10.489050319274206,3.238680336074279,2.869643457663065,3.1314216505627734,3.150183136164188,2.6855532787543064,0.975808264484848,1.5578927024190592,2.656987514407134,36.061107036567265
6.489999999999906,1.8507583706345216,1.8507583706345216,5.296210066236661,2.301349618427557,2.3173482495747,10.054948465860086,3.170953873183917,2.8505743329046505,10.504115375822895,3.2410053032697888,2.869643041758518,3.1323115480264563,3.1514506415724086,2.685847538107822,0.9753314950343135,1.5557747830686008,2.656963233673443,36.0611046973213
6.499999999999906,1.85492199580456,1.85492199580456,5.302648857487461,2.302748109865137,2.3173167153709078,10.064957576511732,3.1725317297880147,2.850343899036553,10.518818603794614,3.2432728229050687,2.869642635269838,3.1331221651134147,3.1526376367464652,2.686049752995485,0.9748561346711275,1.5535292803207783,2.6568762645762356,36.0611026313139
6.509999999999906,1.8590934407584148,1.8590934407584148,5.3088379599306785,2.304091569345862,2.3173048326696253,10.074451917122623,3.174027712091157,2.8501062328401012,10.53315820125328,3.2454827377839,2.869642237349082,3.1338556942058315,3.1537450550595985,2.6861585452507626,0.9743838164983092,1.5511565609498694,2.656726711216863,36.061100833177974
6.519999999999905,1.8632729419621397,1.8632729419621397,5.3147752831353525,2.305379639698276,2.3173124044491273,10.083428473212791,3.175441461153518,2.849861294907277,10.547132449384588,3.2476349008754952,2.869641847123419,3.1345117586053868,3.1547725307376977,2.686172549225872,0.9739144818463495,1.5486570641322093,2.6565146208419477,36.06109929732411
6.529999999999905,1.8674607061354207,1.8674607061354207,5.320458791300126,2.3066119724175818,2.3173392300957993,10.091884393495507,3.176772637992135,2.8496090505068707,10.560739712571415,3.249729175265443,2.869641463695654,3.1350900135573183,3.155719724029399,2.6860904120809335,0.9734480803098359,1.5460402010284378,2.6562399826705456,36.06109801794631
6.539999999999905,1.8716569104062946,1.8716569104062946,5.325886504256913,2.307788227775008,2.317385105659884,10.099816991606868,3.1780209237207466,2.8493494696610098,10.573978438467966,3.251765434109288,2.869641086144786,3.135590146424455,3.156586321375266,2.6859107941122438,0.972984569745496,1.5433219184714433,2.6559027267214157,36.061096989028044
6.549999999999905,1.8758617024360844,1.8758617024360844,5.33105649847209,2.3089080749289455,2.317449824109871,10.107223747787144,3.179186019689182,2.8490825272180045,10.586847158072462,3.253743560588705,2.8696407135265876,3.1360118768695084,3.1573720355808117,2.685632369119361,0.9725239162790339,1.5404815699223813,2.6555027226367027,36.06109620434848
6.559999999999905,1.8800752005148313,1.8800752005148313,5.3359669080439405,2.3099711920376715,2.317533175585238,10.114102310511763,3.1802676476220935,2.8488082029214166,10.599344485798012,3.2556634478701896,2.869640344874209,3.1363549570452514,3.1580766059931005,2.685253824810668,0.9720660943206387,1.5375200270052087,2.655039778499876,36.061095657488934
6.569999999999904,1.8842974936254733,1.8842974936254733,5.340615925695119,2.310977266373497,2.317634947647261,10.120450498069884,3.1812655497568705,2.8485264814752362,10.611469119541226,3.257524999066197,2.869639979198809,3.136619171792231,3.1586997986806677,2.684773863247114,0.9716110865890542,1.5344382306987108,2.6545136396470648,36.06109534183951
6.579999999999904,1.8885286414776208,1.8885286414776208,5.345001803758912,2.311925994438168,2.317754925527592,10.126266300088458,3.182179488980541,2.8482373526050693,10.623219840748343,3.2593281271986627,2.869639615490212,3.136804338843654,3.1592414066165095,2.6841912013238383,0.9711588841441031,1.531237189636846,2.653923987469341,36.06109525060604
6.589999999999904,1.8927686745121528,1.8927686745121528,5.34912285515809,2.312817082079361,2.3178928923743163,10.131547878999813,3.1830092489654835,2.8479408111152167,10.634595514478402,3.2610727551648404,2.869639252717588,3.1369103090370967,3.159701249863875,2.6835045712893604,0.970709486427571,1.5279179782173515,2.6532704382033345,36.06109537681708
6.599999999999904,1.8970175938733473,1.8970175938733473,5.352977454375137,2.3136502446081035,2.318048629495242,10.136293571450599,3.183754634303749,2.847636856941575,10.64559508946318,3.262758815705381,2.8696388898301604,3.136936966532685,3.160079175764592,2.6827127213020545,0.9702629013123609,1.5244817345330712,2.6525525417103917,36.06109571333125
6.6099999999999035,1.9012753713512942,1.9012753713512942,5.356564038412717,2.3144252069169826,2.3182219165981106,10.140501889650166,3.1844154706398107,2.847325495200242,10.656217598163474,3.264386251374594,2.869638525757931,3.1368842290373955,3.160375059129673,2.6818144160235953,0.9698191451598359,1.52092965813662,2.6517697802408313,36.06109625284464
6.619999999999903,1.9055419492941563,1.9055419492941563,5.359881107743211,2.315141703598985,2.318412532027488,10.144171522656315,3.184991604801544,2.847006736231738,10.666462156821387,3.2659550145128127,2.869638159412434,3.1367520480351287,3.160588802431928,2.6808084372490564,0.9693782428852733,1.5172630076520652,2.65092156718187,36.061096987898395
6.629999999999903,1.9098172404876086,1.9098172404876086,5.362927227246171,2.3157994790668237,2.3186202529980684,10.147301337596426,3.1854829049292395,2.8466805956407897,10.676327965508218,3.2674650672207988,2.869637789687516,3.1365404090222104,3.160720336000305,2.6796935845733385,0.9689402280313637,1.5135092973521487,2.6500072457892245,36.06109791088663
6.639999999999903,1.914101128004579,1.914101128004579,5.365701027132578,2.3163982876726052,2.3188448558241226,10.149890380822026,3.18588926060245,2.84634709433153,10.685814308167608,3.268916381336116,2.869637415460123,3.136249331747983,3.1607696182157086,2.6784686760935865,0.9685051428496954,1.5096750295784018,2.649026087898922,36.06109901406421
6.649999999999903,1.9183934650217604,1.9183934650217604,5.3682012038548015,2.3169378938277134,2.3190861161448724,10.151937878994783,3.186210582964469,2.8460062585381105,10.694920552653548,3.2703089384114077,2.869637035591133,3.1358788704601386,3.160736635707997,2.6771325491472275,0.9680730383901658,1.5057343679541884,2.6479772926199994,36.061100289555036
6.659999999999902,1.9226940746059291,1.9226940746059291,5.370426521001178,2.317418072122762,2.319343809145502,10.153443240102028,3.186446804844234,2.8456581198506017,10.703646150762868,3.271642729694498,2.869636648926187,3.135429114154458,3.1606214035538964,2.675684061085249,0.9676439745982771,1.50168889179267,2.646859985004846,36.06110172936016
6.669999999999902,1.9270027494695712,1.9270027494695712,5.372375810174102,2.317838607447486,2.319617709773623,10.154406054399914,3.1865978808754507,2.845302715236126,10.71199063826181,3.2729177561102585,2.8696362542965583,3.134900186828627,3.1604239654755535,2.6741220900803047,0.967218020420271,1.4975402203325945,2.6456732146962256,36.061103325366226
6.679999999999902,1.9313192516917856,1.9313192516917856,5.374047971850586,2.3181992951104498,2.31990759295091,10.154826095282258,3.186663787612722,2.844940087055173,10.719953634906325,3.274134028244159,2.869635850520033,3.1342922477397748,3.160144394039429,2.6724455359692056,0.9667952539160694,1.4932900095229464,2.6444159545521897,36.06110506935397
6.689999999999902,1.9356433124076078,1.9356433124076078,5.375441976224246,2.3184999409584304,2.320213233779732,10.154703320073319,3.1866445236444743,2.844570283073013,10.72753484445573,3.2752915663274513,2.869635436401808,3.13360549166543,3.1597827908552656,2.670653321129315,0.9663757623799911,1.488939948790856,2.64308709924591,36.06110695300681
6.699999999999902,1.9399746314651096,1.9399746314651096,5.3765568640276875,2.318740361495372,2.320534407744517,10.154037870742554,3.186540109702458,2.844193356466183,10.734734054679258,3.2763904002238893,2.86963501073542,3.132840149167529,3.159339286774827,2.6687443913883526,0.9659596424692248,1.4844917578077235,2.641685463839838,36.061108967919616
6.709999999999901,1.944312877050796,1.944312877050796,5.377391747334223,2.318920384000758,2.3208708909076883,10.152830074539674,3.1863505887676067,2.8438093658239727,10.741551137355197,3.2774305694179393,2.8696345723036805,3.1319964868591788,3.158814042090124,2.666717716967034,0.9655470003400377,1.4800218026542329,2.6402097823330446,36.06111110560754
6.719999999999901,1.948657685279301,1.948657685279301,5.377945810337989,2.3190398466473123,2.3212224600999205,10.151080444548194,3.1860760261720364,2.8434183751448714,10.747986048262204,3.278412123004398,2.869634119879635,3.131074807673826,3.1582072467308278,2.664572293453968,0.9651379517917101,1.475462488633108,2.638658706183414,36.06111335751485
6.729999999999901,1.953008659750919,1.953008659750919,5.378218310111411,2.319098598617879,2.3215888931045567,10.148789680155762,3.185716509696957,2.843020453827945,10.754038827162427,3.2793351196793576,2.8696336522275354,3.130075451136507,3.157519120460585,2.6623071428121623,0.9647326224181907,1.4708148877960632,2.6370308028019913,36.061115715024
6.739999999999901,1.9573653710767158,1.9573653710767158,5.378208577339041,2.3190965002213773,2.321969968835996,10.145958667439528,3.1852721496662615,2.8426156766591117,10.759709597775998,3.280199627732434,2.8696331681038347,3.12899879363685,3.156749913071899,2.659921314416447,0.9643311477674691,1.4660808641445027,2.6353245540192383,36.06111816946469
6.7499999999999005,1.9617273563646447,1.9617273563646447,5.377916017026862,2.319033423007711,2.322365467511839,10.14258847946507,3.184743079035587,2.8422041237922584,10.764998567746586,3.2810057250402025,2.8696326662581932,3.1278452487035238,3.1558999045793206,2.6574138861210774,0.9639336735086729,1.4612622900392842,2.633538354526825,36.06112071212285
6.7599999999999,1.966094118676604,1.966094118676604,5.377340109185982,2.3189092498815005,2.3227751708186726,10.138680376497074,3.1841294534765816,2.8417858807252214,10.769906028597632,3.2817534990607737,2.8696321454344975,3.126615267279772,3.1549694054105872,2.654783965356714,0.9635403556068984,1.4563610433012772,2.6316705102889704,36.061123334249935
6.7699999999999,1.9704651264488011,1.9704651264488011,5.37648040948994,2.318723875214541,2.323198862071275,10.13423580612037,3.1834314514561752,2.841361038270574,10.774432355678803,3.2824430468294197,2.869631604371896,3.125309337999742,3.1539587565954306,2.652030690255921,0.9631513605057843,1.451429670641491,2.629719236927956,36.06112602707201
6.7799999999999,1.9748398128741507,1.9748398128741507,5.375336549904526,2.31847720495685,2.323636326365133,10.129256403269787,3.1826492743105996,2.8409296925212315,10.778578008102407,3.2830744749552068,2.869631041805857,3.1239279874652732,3.152868329951722,2.6491532308062755,0.9627668653178537,1.4464628237913533,2.6276826580848436,36.06112878179902
6.7899999999999,1.9792175752515204,1.9792175752515204,5.373908239289333,2.318169156746188,2.324087350722091,10.123743990167318,3.1817831463139217,2.840491944810856,10.782343528669337,3.283647899618553,2.8696304564692183,3.122471780522808,3.151698528268627,2.6461507900300942,0.9623870580226395,1.4414234481620853,2.6256229752892715,36.061131589633966
6.7999999999998995,1.983597774297716,1.983597774297716,5.372195263970072,2.317799660015954,2.324551724229008,10.117700576165285,3.1808333147408536,2.840047901669074,10.785729543784226,3.2841634465696474,2.869629847093271,3.120941320540129,3.1504497854864493,2.643022605189746,0.9620121376726266,1.4363134304263205,2.623506759660458,36.0611344417822
6.809999999999899,1.987979733424608,1.987979733424608,5.370197488280788,2.3173686561013094,2.325029238169291,10.111128357494144,3.1798000499236023,2.839597674771487,10.788736763359406,3.2846212511276556,2.8696292124088356,3.1193372496825833,3.1491225668728284,2.639767949017428,0.9616423146070374,1.431134644869176,2.6213001859215006,36.06113732946053
6.819999999999899,1.9923627379767048,1.9923627379767048,5.367914855075091,2.3168760983434336,2.3255196861471883,10.10402971691358,3.1786836453024985,2.8391413808845254,10.79136598070735,3.2850214581806543,2.8696285511473674,3.1176602491884764,3.1477173691949547,2.636386130968224,0.9612778106734968,1.425888951420277,2.619000893380076,36.06114024390649
6.829999999999899,1.996746034432401,1.996746034432401,5.365347386205574,2.3163219521917875,2.326022864204716,10.096407223265809,3.17748441747018,2.838679141805118,10.793618072421296,3.2853642221862245,2.8696278620420514,3.1159110396433194,3.146234720887454,2.6328764984951962,0.9609188594576152,1.4206542799062498,2.61660642193448,36.06114317638754
6.839999999999899,2.0011288295668646,2.0011288295668646,5.362495182970563,2.315706195304267,2.3265385709311337,10.088263630929832,3.176202706209072,2.8382110842952337,10.795493998243643,3.285649707172638,2.86962714382892,3.1140903812526,3.144675182215599,2.62923843834518,0.9605657065205261,1.4153873841166855,2.6141142105597743,36.06114611821003
6.849999999999898,2.005510289577078,2.005510289577078,5.359358426527375,2.3150288176451226,2.3270666075648694,10.079601879175618,3.174838874521921,2.8377373400113113,10.796994800921828,3.285878086740564,2.8696263952479724,3.112199074112768,3.1430393454334946,2.6254713778738803,0.960218609644432,1.4100633049418172,2.611521595803325,36.061149060728454
6.859999999999898,2.009889539167806,2.009889539167806,5.355937378271317,2.3142898215805463,2.3276067780878043,10.070425091417192,3.173393308655136,2.837258045428611,10.798121606051417,3.286049544065247,2.8696256150443036,3.1102379584801074,3.141327834936875,2.6215747863788024,0.9598778390861957,1.4046838113109374,2.6088258102943516,36.06115199535433
6.869999999999898,2.014265660596301,2.014265660596301,5.3522323801796166,2.3134892219717855,2.3281588893118608,10.060736574363712,3.17186641811469,2.8367733417605296,10.798875621906001,3.2861642718990787,2.8696248019692367,3.1082079150371835,3.139541307410151,2.617548176448451,0.9595436778390364,1.399250646738134,2.60602398127302,36.061154913565204
6.879999999999898,2.0186376926812253,2.0186376926812253,5.348243855119564,2.3126270462656886,2.3287227509578066,10.050539817067703,3.1702586356743363,2.836283374872923,10.799258139253688,3.286222472574504,2.869623954781458,3.1061098651565398,3.137680451967343,2.613391105326191,0.9592164219023778,1.3937982974336862,2.6031131291405805,36.061157806913414
6.8899999999998975,2.0230046297671627,2.0230046297671627,5.343972307120111,2.3117033345825564,2.329298175726255,10.039838489869602,3.168570417375887,2.835788295193502,10.799270531159875,3.2862243580072064,2.869623072248168,3.1039447711613275,3.1357459902865115,2.6091031762870482,0.9588963805599062,1.3883768611658551,2.6000901660404545,36.06116066703495
6.899999999999897,2.027365420648838,2.027365420648838,5.339418321606229,2.310718139801181,2.3298849793607896,10.028636443238057,3.166802242521319,2.835288257616336,10.79891425277603,3.2861701496994993,2.869622153146218,3.1017136365825513,3.1337386767373165,2.6046840400256843,0.9585838766658931,1.382910706592118,2.5969518944733094,36.06116348565798
6.909999999999897,2.031718967456065,2.031718967456065,5.334582565595391,2.3096715276409743,2.3304829807032066,10.016937706505283,3.1649546136564553,2.834783421401549,10.798190841114206,3.2860600787438754,2.8696211962632616,3.0994175064126157,3.1316592985013196,2.600133396053683,0.9582792469398459,1.3774014355539976,2.5936950059512744,36.06116625461145
6.919999999999897,2.036064124495679,2.036064124495679,5.329465787855494,2.3085635767410637,2.3310920017408376,10.004746486497016,3.1630280565459765,2.8342739500702674,10.797101914807072,3.285894385826646,2.869620200398909,3.0970574673548454,3.129508675684621,2.5954509941042225,0.9579828422695444,1.371850619474346,2.590316079699597,36.06116896583349
6.929999999999897,2.0403996970515843,2.0403996970515843,5.3240688190236405,2.307394378736249,2.331711867645961,9.992067166056684,3.1610231201395353,2.833760011294897,10.79564917385324,3.2856733212316223,2.8696191643658704,3.094613985666607,3.1272769844642068,2.590636635542136,0.9576815995839459,1.3662718660609334,2.586811581411647,36.06117161137961
6.9399999999998965,2.0447244401402918,2.0447244401402918,5.318392571685211,2.3061640383297135,2.3323424068072973,9.978904302463437,3.158940376528724,2.8332417767848126,10.793834399347599,3.2853971448437704,2.869618086991113,3.092106392656713,3.1249744900666587,2.5856901747772842,0.9573876847087808,1.3607614237383037,2.5831778620657615,36.061174183430914
6.949999999999896,2.0490370572255636,2.0490370572255636,5.312438040412708,2.304872673362394,2.332983450853602,9.965262625743888,3.1567804208946635,2.8327194221675454,10.791659453196601,3.2850661261528056,2.8696169671170026,3.089537168613695,3.1226027663241025,2.5806115206790934,0.9571023130278995,1.3552174427734827,2.5794111568092384,36.06117667430195
6.959999999999896,2.0533361988893124,2.0533361988893124,5.306206301763857,2.3035204148788995,2.333634834669395,9.951147036877426,3.1545438714459855,2.832193126865555,10.789126277818132,3.2846805442566454,2.869615803602457,3.0869075491731826,3.120162755348405,2.5754006379900622,0.9568258790396564,1.3496413333678365,2.5755075839189447,36.06117907644858
6.969999999999896,2.057620461456382,2.057620461456382,5.299698514238567,2.302107407189892,2.3342963964028636,9.936562605895151,3.1522313693469823,2.8316630739686977,10.786236895825992,3.284240687864699,2.869614595324086,3.084218812532652,3.117655432478327,2.5700575487359583,0.9565587926424068,1.344034475364167,2.5715493276168337,36.06118138247558
6.979999999999896,2.0618883855772423,2.0618883855772423,5.292915918194352,2.300633807930839,2.3349679774659813,9.921514569872521,3.149843578635695,2.8311294501024777,10.782993409698728,3.2837468553009272,2.869613341177331,3.081472279676513,3.1150818063445755,2.5645823336303764,0.9563014794869614,1.3384077041285054,2.5674818710934715,36.061183585144086
6.989999999999895,2.066138454765847,2.066138454765847,5.285859835719833,2.299099788117043,2.335649422526936,9.906008330815997,3.1473811861317333,2.830592445292204,10.779398001432712,3.283199354506624,2.869612040077608,3.078669314594853,3.112442918924471,2.5589751334712645,0.9560543813376247,1.3328652100697684,2.5632650197893843,36.061185677378795
6.999999999999895,2.070369093891274,2.070369093891274,5.278531670466142,2.2975055321948936,2.336340579494912,9.890049453443993,3.144844901333608,2.830052252823157,10.775452932179483,3.2825985030428995,2.8696106909614203,3.075811324495512,3.109739845585783,2.5532361505270025,0.955817956441867,1.3272989952437075,2.5588944339930553,36.061187652274995
7.009999999999895,2.0745786676248765,2.0745786676248765,5.270932907435898,2.2958512380892406,2.3370412994973524,9.873643662862685,3.142235456305381,2.8295090690968885,10.77116054186704,3.2819446280927775,2.869609292787504,3.0728997600091374,3.1069736951192772,2.547365649909517,0.9555926799086669,1.3217102825462064,2.554365667728652,36.061189503105496
7.019999999999895,2.078765478842481,2.078765478842481,5.263065112729695,2.294137117246852,2.3377514368497887,9.856796842137214,3.1395536055524222,2.8289630934837793,10.766523248805358,3.2812380664629255,2.8696078445379256,3.069936115386869,3.104145609759513,2.5413639609319394,0.9553790440955634,1.3161002682217795,2.5496741694925777,36.06119122332712
7.0299999999998946,2.0829277669809785,2.0829277669809785,5.254929933249959,2.2923633946758875,2.3384708490183677,9.83951502975909,3.136800125886106,2.8284145281719764,10.761543549275807,3.280479164584925,2.8696063452191947,3.0669219286903133,3.1012567651934226,2.5352314784482286,0.9551775590044521,1.3104899223379947,2.5448152831879938,36.06119280658713
7.039999999999894,2.0870637063473865,2.0870637063473865,5.246529096362203,2.290530308981351,2.339199396575201,9.821804417010622,3.1339758162772444,2.8278635780128587,10.756224017104671,3.2796682785160867,2.869604793863366,3.06384147531321,3.098299408770823,2.5289686641721842,0.9549774382219375,1.3049637739231426,2.539784249270243,36.06119424672938
7.049999999999894,2.091171404385231,2.091171404385231,5.237864409513724,2.2886381123964803,2.339936943146706,9.80367134522742,3.1310814976981067,2.827310450363152,10.750567303220723,3.2788057739397622,2.8696031895291245,3.0606973930514805,3.09527530292612,2.522576047973236,0.9547798587772979,1.2994224395804541,2.5345762061123946,36.06119553780023
7.059999999999894,2.095248899894752,2.095248899894752,5.228937759809891,2.2866870708100597,2.3406833553550728,9.785122302960081,3.128118012952849,2.826755354923843,10.74457613519695,3.2778920261651314,2.8696015313028598,3.0575062267891333,3.092193424871654,2.516054229146395,0.9545950969380613,1.2938669785309582,2.5291861916052745,36.061196674054194
7.069999999999894,2.0992941612051492,2.0992941612051492,5.219751113548267,2.284677463789641,2.341438502753065,9.766163923036373,3.1250862264962183,2.826198503576049,10.738253316776472,3.2769274201264316,2.8695998182997373,3.054269667510052,3.0890550717516034,2.509403877653742,0.9544237167087073,1.2882984293399753,2.5236091450056324,36.06119764995934
7.0799999999998935,2.1033050843036616,2.1033050843036616,5.210306515710895,2.2826095846006815,2.34220225775232,9.746802979525343,3.1219870242403864,2.8256401102139717,10.731601727382879,3.2759123503816276,2.8695980496647473,3.0509894505470863,3.0858615739354254,2.5026257353348256,0.9542663013998461,1.2827556351225802,2.51795221514345,36.06119846020244
7.089999999999893,2.107279490920293,2.107279490920293,5.20060608941512,2.2804837402216047,2.3429744955453824,9.727046384604892,3.118821313349787,2.8250803905751263,10.724624321615032,3.27484722111048,2.8695962245737445,3.0476673557220995,3.0826142949511235,2.495720617083376,0.9541234540710349,1.2772864665250832,2.5121198661732995,36.06119909969387
7.099999999999893,2.111215126567233,2.111215126567233,5.190652035323543,2.2783002513548434,2.343755094021658,9.706901185334639,3.11559002202386,2.8245195620679517,10.717324128726633,3.2737324461120263,2.8695943422344716,3.044305207475325,3.079314631402917,2.4886894119877403,0.9539957979818869,1.2718095371567801,2.5060861209219008,36.061199563572146
7.109999999999893,2.11510965853357,2.11510965853357,5.180446631013622,2.276059452433882,2.3445439336775644,9.686374560335812,3.1122940992675825,2.823957843597034,10.709704252090699,3.2725684488014455,2.8695924018875743,3.040904874983554,3.075964012872699,2.481533084432486,0.953883977051407,1.2663257771004914,2.499845860663298,36.06119984720835
7.119999999999893,2.1189606738385964,2.1189606738385964,5.169992230307729,2.2737616916263956,2.345340897521098,9.665473816380345,3.1089345146497287,2.823395455386044,10.701767868649297,3.271355662206312,2.869590402807592,3.037468272266706,3.0725639018047493,2.474252675158677,0.953788656325451,1.2608361029883395,2.4933939135644425,36.061199946210124
7.129999999999892,2.1227656771416314,2.1227656771416314,5.159291262564462,2.2714073308335654,2.3461458709710845,9.644206384891271,3.1055122580487864,2.822832618798595,10.693518228348813,3.270094528962246,2.8695883443039314,3.0339630075717485,3.0690979882109763,2.4668493022803593,0.9536879024583329,1.255400285863655,2.486725059778927,36.06119985642541
7.139999999999892,2.126522088610153,2.126522088610153,5.148346231932128,2.2689967456856626,2.3469587417514126,9.62257981835677,3.1020283393864685,2.822269556157195,10.684958653561091,3.268785501307954,2.869586225721832,3.0304170934436954,3.065581278510781,2.4593241622548763,0.9535994902097027,1.2500221805339038,2.4798340368866785,36.06119957394594
7.149999999999892,2.1302272417485155,2.1302272417485155,5.13715971656551,2.266530325534055,2.3477793997805234,9.600601786660443,3.098483788348818,2.8217064905604476,10.676092538490861,3.267429041079678,2.8695840464433053,3.026839323851147,3.062018829501386,2.451678530804705,0.9535285806653891,1.2446428491139117,2.472715545686958,36.06119909511043
7.159999999999892,2.1338783811885897,2.1338783811885897,5.125734367807078,2.26400847343977,2.3486077370564686,9.578280073330356,3.094879654094866,2.8211436456987076,10.666923348569918,3.2660256197050748,2.869581805888057,3.0232317659000434,3.0584122204216877,2.443913763788599,0.9534759034737367,1.2392631317755678,2.46550765850344,36.06119841650744
7.169999999999892,2.137472660441263,2.137472660441263,5.1140729093339425,2.261431606158794,2.349443647537844,9.55562257170986,3.091217004952881,2.820581245668338,10.657454619838477,3.2645757181965434,2.8695795035143856,3.019596531599424,3.0547630625072486,2.436031298019928,0.9534422113492853,1.2338838629188673,2.4580794899225484,36.0611975349779
7.179999999999891,2.1410071396121357,2.1410071396121357,5.102178136271989,2.258800154124306,2.3502870270209684,9.532637281052942,3.0874969281042115,2.820019514784799,10.647689958314313,3.26307982714403,2.8695771388200675,3.015935777887105,3.051072998770696,2.428032652030224,0.9534282805751757,1.22858478589398,2.450413462490382,36.06119644761751
7.189999999999891,2.1444787830870364,2.1444787830870364,5.090052914278733,2.2561145614260667,2.3511377730135985,9.509332302547504,3.0837205292548,2.8194586773947075,10.637633039350145,3.2615384467073425,2.8695747113432177,3.012251706639071,3.047343703760923,2.4199194267760658,0.9534349115115553,1.2233266445756472,2.442504869275592,36.061195151778584
7.199999999999891,2.1478844571817,2.1478844571817,5.0777001785966505,2.2533752857872233,2.351995784605575,9.485715835269719,3.079888932294429,2.8188989576870846,10.627287606980085,3.2599520866080356,2.8695722206631236,3.008518760962223,3.0435624692695544,2.4116933062875963,0.9534444948472044,1.2180731527771964,2.434349042788412,36.061193645071725
7.209999999999891,2.1512209277650958,2.1512209277650958,5.065122933078685,2.2505827985387885,2.3528609623367545,9.461796172073011,3.0760032789438005,2.818340579503977,10.616657473255614,3.2583212661208862,2.869569666401064,3.00474510658471,3.0397340782384155,2.4033560582571134,0.9534617033272414,1.2128251006765935,2.4259413638072616,36.06119192536727
7.2199999999998905,2.154484857857444,2.154484857857444,5.052324249188003,2.247737584592117,2.3537332080625997,9.437581695415293,3.072064728389572,2.817783766150632,10.605746517572019,3.2566465140650465,2.869567048221096,3.0009532626801714,3.035870762725264,2.3949095345663496,0.95350076753961,1.2075832803899214,2.417396381784814,36.06118999079622
7.22999999999989,2.1576728052023495,2.1576728052023495,5.039307264973994,2.244840142409698,2.3546124248178155,9.413080873128305,3.068074456907509,2.8172287402054303,10.594558685985923,3.2549283687949147,2.869564365830823,2.997145580816608,3.0319743067020917,2.3863556717512684,0.9535625610195564,1.2024431242509361,2.4086782078946563,36.06118783975104
7.23999999999989,2.1607812198219074,2.1607812198219074,5.026075184026772,2.2418909839746384,2.3554985166784266,9.38830225413297,3.0640336574739138,2.816675723329764,10.583097990524854,3.253167378190808,2.869561618982138,2.9933244569622692,3.0280465241483348,2.377696491403375,0.9536479833978221,1.1973300197513363,2.3997059117609028,36.06118547088603
7.24999999999989,2.1638064415539784,2.1638064415539784,5.012631274412497,2.2388906347592097,2.356391388622707,9.363254464104964,3.059943539365549,2.816124936078061,10.571368508489712,3.251364099649517,2.8695588074719325,2.9894923313746617,3.0240892586758448,2.368934100506787,0.9537579609192622,1.1922270048264163,2.390476102320137,36.06118288311748
7.25999999999989,2.1667446975793165,2.1667446975793165,4.998978867592014,2.235839633692903,2.357290946391342,9.337946201094733,3.0558053277482733,2.8155765977081444,10.559374381751072,3.2495191000748207,2.8695559311427967,2.985635906701076,3.020096204536035,2.3600706917105514,0.9538829129048293,1.1871348580374632,2.3809855214901816,36.06118007562348
7.269999999999889,2.16959209993977,2.16959209993977,4.98512135732538,2.23273853313042,2.3581970963472654,9.3123862311065,3.05162026325467,2.815030925992118,10.547119816040418,3.247632955868076,2.8695529898836662,2.9817333902510117,3.016056663476073,2.3511085435359225,0.9540075115597882,1.1820543674055395,2.3713004078759994,36.061177047843316
7.279999999999889,2.1723446430560616,2.1723446430560616,4.971062198565021,2.2295878988200983,2.359109745335563,9.286583383640801,3.0473896015509405,2.814488137027994,10.534609080237304,3.2457062529189704,2.8695499836304643,2.9778255684736,3.011992373137096,2.342050020518609,0.95415822459987,1.1770896410887888,2.3615471708638123,36.06117379947678
7.289999999999889,2.1749982012466567,2.1749982012466567,4.9568049063403405,2.2263883098732666,2.360028800543879,9.260546547205356,3.0431146128934015,2.813948445052236,10.52184650565356,3.2437395865965506,2.869546912366709,2.973915024630265,3.007905276835149,2.3328975732862833,0.9543360580278262,1.1721440685469315,2.3515409933623235,36.06117033048293
7.299999999999889,2.177548526254905,2.177548526254905,4.942353054636772,2.2231403587350873,2.3609541693637155,9.234284664799189,3.0387965816749216,2.813412062253421,10.508836485315893,3.2417335617406766,2.86954377612408,2.9700043849636923,3.0037973452644775,2.3236537385719362,0.9545420463513289,1.167213795768264,2.3412802849278074,36.061166641078756
7.309999999999889,2.1799912447950685,2.1799912447950685,4.927710275272254,2.2198446511574303,2.361885759253078,9.207806729375083,3.0344368059617066,2.812879198587225,10.495583473247958,3.239688792654004,2.8695405749829668,2.9660963184124918,2.999670575954008,2.3143211391640026,0.9547772530707955,1.1622996255538667,2.3307636572466377,36.06116273173739
7.319999999999888,2.1823218561153497,2.1823218561153497,4.912880256774419,2.2165018061744095,2.3628234776008266,9.181121779285572,3.03003659702083,2.8123500615929076,10.48209198375332,3.237605903094649,2.8695373090729848,2.9621485134071097,2.9955036818884806,2.304902483794514,0.9550124848831607,1.157402377415987,2.320181970490823,36.06115860318608
7.329999999999888,2.184535729593462,2.184535729593462,4.897866743261608,2.2131124560811655,2.3637672315932,9.154238893717837,3.0255972788389793,2.8118248562115076,10.468366590700702,3.2354855262696978,2.869533978573456,2.958190888406857,2.9913127892319404,2.2954005669668813,0.955267012646583,1.1526255710980118,2.309500926838919,36.06115425640388
7.339999999999888,2.186628102368525,2.186628102368525,4.882673533331175,2.2096772464165837,2.364716928082853,9.127167188122987,3.02112018763289,2.8113037846059292,10.454411926812899,3.2333283048296995,2.8695305837138605,2.9542420446226334,2.98710816080579,2.285818268725327,0.9555525926955828,1.1478685570061318,2.2985826973881434,36.061149692619054
7.349999999999888,2.1885940770181183,2.1885940770181183,4.867304478958417,2.2061968359505952,2.3656724734608288,9.099915809645408,3.0166066713520023,2.81078704598311,10.440232682960927,3.2311348908643427,2.869527124774252,2.950304782440867,2.9828918802126596,2.276158554368328,0.9558703730838133,1.143132007643876,2.2874277298056187,36.06114491330609
7.3599999999998875,2.190428619292345,2.190428619292345,4.851763484409634,2.202671896676769,2.366633773531844,9.07249393255782,3.0120580891738826,2.8102748364184746,10.425833607464966,3.228905945899472,2.8695236020856454,2.946381942502936,2.978666054711912,2.2664244741089044,0.9562215323194285,1.1384167831733956,2.276158833187957,36.061139920182576
7.369999999999887,2.192126555910666,2.192126555910666,4.836054505172864,2.1991031138109154,2.367600733393219,9.044910753708075,3.007475810993012,2.80976734868283,10.4112195054037,3.2266421408956556,2.8695200160303624,2.9424245624941467,2.974406006221678,2.2566191626849896,0.956572163686323,1.133723767448468,2.2649552256615433,36.06113471520568
7.379999999999887,2.1936825724346076,2.1936825724346076,4.820181546909832,2.195491185796434,2.3685732573178275,9.017175487983527,3.00286121690356,2.8092647720719284,10.39639523793376,3.224344156248486,2.8695163670423516,2.938470572760364,2.9701320105877613,2.2467458389235904,0.9569470706119644,1.1291447399779098,2.2535415972677746,36.06112930056841
7.389999999999887,2.195091211228218,2.195091211228218,4.80414866443271,2.191836824317155,2.369551248641377,8.989297363799166,2.9982156966768025,2.808767292238843,10.381365721621028,3.222012681790844,2.869512655607465,2.934537563126618,2.9658538137486317,2.2368078052629325,0.9573574048610941,1.1245968072286103,2.2419200891785573,36.061123678695616
7.399999999999887,2.196346869518438,2.196346869518438,4.787959960709302,2.188140754318447,2.370534609654317,8.961285618615687,2.9935406492338945,2.808275091029356,10.366135927785617,3.21964841679734,2.869508882263702,2.930628490263383,2.961573593784503,2.2268084472372953,0.9578044301719991,1.1200746232965753,2.2302359768553504,36.06111785223962
7.4099999999998865,2.1974437975642025,2.1974437975642025,4.771619585900223,2.184403714037362,2.3715232414986613,8.933149494493744,2.988837482114701,2.8077883463205353,10.350710881862334,3.217252069991149,2.869505047601418,2.926723882706034,2.9572819473662144,2.2167512329297527,0.9582741385264164,1.1155791362978618,2.218697930408529,36.061111824075724
7.419999999999886,2.198376096952141,2.198376096952141,4.755131736431626,2.180626455042593,2.37251704406997,8.904898233690792,2.984107610943478,2.8073072318626653,10.33509566277858,3.2148243595535013,2.869501152263494,2.9227987671437856,2.9529666491650644,2.206639712398636,0.9587486538309586,1.1111113247866464,2.206984160547106,36.06110559729742
7.429999999999886,2.1991377190348653,2.1991377190348653,4.738500654107003,2.1768097422850263,2.3735159159246995,8.876541074306918,2.9793524588921865,2.806831917124711,10.319295402351656,3.2123660131360587,2.8694971969454643,2.9189043473247547,2.94865480666395,2.196477517084077,0.9592620495810844,1.1067384620838985,2.195098176153384,36.06109917521125
7.439999999999886,2.1997224635214,2.1997224635214,4.721730625261498,2.1729543541596765,2.37451975419312,8.84808724598617,2.97457345614227,2.8063625671434775,10.303315284707399,3.209877767876434,2.869493182395616,2.9150436781519313,2.94434865338069,2.186268359201646,0.9598156714396283,1.1024204673579867,2.1832953158630577,36.061092561331556
7.449999999999886,2.200123977239693,2.200123977239693,4.704825979962082,2.1690610825797605,2.375528454497933,8.819545965679895,2.9697720393457634,2.805899342376632,10.287160545722287,3.2073603704171263,2.8694891094150377,2.9111983517645736,2.9400393567850047,2.176016031130732,0.9603961637997416,1.0981337715528325,2.1716264462606736,36.06108575937493
7.459999999999885,2.2003357530906404,2.2003357530906404,4.687791091256843,2.165130733063674,2.3765419108787005,8.790926433478724,2.9649496510866293,2.805442398559746,10.27083647249103,3.2048145769281304,2.8694849788576353,2.907336716071279,2.935711278952897,2.16572440480601,0.9609809636027091,1.0938794392163707,2.1598200060623354,36.06107877325449
7.469999999999885,2.2003511292071436,2.2003511292071436,4.670630374476467,2.1611641248356097,2.37756001572216,8.762237828519725,2.9601077393432362,2.8049918865675103,10.254348402821718,3.202241153133492,2.8694807916301057,2.903515715584691,2.9313944487143186,2.1553974311210724,0.9616082893237613,1.089658571893386,2.147880473914332,36.061071607073764
7.479999999999885,2.2001632883392417,2.2001632883392417,4.653348286590897,2.157162090940525,2.3785826596984214,8.733489304975366,2.955247756952937,2.8045479522792833,10.237701724760738,3.1996408743421094,2.8694765486918663,2.8997384799553716,2.927091136445916,2.1450391393540498,0.9622795610644137,1.0854997766058063,2.1362354385516458,36.0610642651206
7.489999999999885,2.199765257487069,2.199765257487069,4.635949325623875,2.1531254783741414,2.3796097317030522,8.70468998813092,2.9503711610797243,2.8041107364491116,10.220901876149508,3.1970145254830338,2.86947225105495,2.89595730989608,2.922777458255426,2.134653636625899,0.9629611448106273,1.0814336462359773,2.1246350778422554,36.0610567518607
7.4999999999998845,2.199149907801037,2.199149907801037,4.6184380301279635,2.1490551482286264,2.380641118804934,8.675848970556812,2.945479412685957,2.8036803745803662,10.20395434421527,3.1943629011455896,2.8694678997838476,2.892193880743746,2.9184652588684665,2.124245107402889,0.9636670792922278,1.0774047642938218,2.1129361217060167,36.061049071930995
7.509999999999884,2.198309954771045,2.198309954771045,4.600818978722321,2.144951975854546,2.3816767061997797,8.646975308382551,2.9405739760091993,2.803256996805133,10.186864665197914,3.191686805624561,2.8694634959953182,2.8884811315932963,2.9141721498344637,2.1138178130557295,0.9644193239275185,1.0734143386455768,2.101164035555183,36.061041230132844
7.519999999999884,2.1972379587291893,2.1972379587291893,4.583096789695252,2.1408168510396335,2.3827163771691224,8.618078017678608,2.9356563180451842,2.802840727768495,10.169638424015233,3.188987052970776,2.8694590408581444,2.8847962102090743,2.9098870493426747,2.1033760914888053,0.9652013203722101,1.069463620582443,2.089878756995113,36.06103323142502
7.529999999999884,2.1959263256900603,2.1959263256900603,4.565276120673303,2.1366506782048633,2.383760013044526,8.589166070952787,2.930727908037999,2.802431686517822,10.152281253968372,3.186264467047325,2.8694545355928565,2.8811077531853075,2.905594536073613,2.0929243568540152,0.9659904520345178,1.0655539065300361,2.0785271628436783,36.06102508091658
7.539999999999884,2.194367308552391,2.194367308552391,4.547361668358292,2.132454376618241,2.3848074931767065,8.560248393767273,2.92579021697853,2.802029986397198,10.134798836489889,3.1835198815917405,2.869449981471396,2.8774768086378724,2.9013266337680577,2.082467099364873,0.9668282370459044,1.0617366024875075,2.0671145164001348,36.061016783859436
7.5499999999998835,2.1925530086870855,2.1925530086870855,4.529358168333327,2.1282288806266414,2.3858586949092055,8.531333861482628,2.920844717112265,2.801635734947104,10.11719690093614,3.1807541402843666,2.86944537981675,2.8738812098949573,2.897072629911936,2.0720088852277216,0.9676985274708413,1.0579897204779638,2.055831201654636,36.061008345640886
7.559999999999883,2.190475377943685,2.190475377943685,4.511270394938491,2.123975139905948,2.3869134935561873,8.502431296134775,2.9158928814575433,2.8012490338094658,10.099481224426182,3.1779680968232173,2.869440732002525,2.8702843892515117,2.892814465683116,2.06155435670827,0.968574975950488,1.0542879375834464,2.044913103548293,36.060999771776
7.569999999999883,2.188126221100254,2.188126221100254,4.493103161216439,2.119694119729646,2.387971762383858,8.473549463450873,2.9109361833353327,2.8008699786381572,10.081657631728891,3.175162615005551,2.869436039452483,2.866751749837319,2.8885863324418204,2.051108232353048,0.9695023486572398,1.0506326807418123,2.0339633216455986,36.060991067899714
7.579999999999883,2.1854971987806127,2.1854971987806127,4.474861318927735,2.115386801255916,2.389033372594947,8.444697070009747,2.905976095911621,2.800498659015089,10.063731995200225,3.1723385688164223,2.8694313036400274,2.8632371095706777,2.88436525101175,2.040675307386939,0.9704476149022802,1.0470254284269964,2.022987271243175,36.060982239758964
7.589999999999883,2.1825798308764908,2.1825798308764908,4.456549758635232,2.1110541818331505,2.39009819331565,8.415882760552437,2.901014091753509,2.800135158371942,10.045710234772146,3.169496842524401,2.869426526087641,2.8597475931278593,2.88015555722344,2.030260454309632,0.9714148527298847,1.043467712399393,2.012294429127147,36.06097329320455
7.599999999999882,2.1793655005029233,2.1793655005029233,4.438173409856381,2.106697275323719,2.391166091584316,8.38711511544806,2.8960516424000557,2.7997795539176558,10.02759831799489,3.166638330784697,2.86942170836627,2.8563264576463716,2.875980030402612,2.0198686237156296,0.9724335966297897,1.0400010054878508,2.0018703545473,36.060964234182975
7.609999999999882,2.175845458511963,2.175845458511963,4.419737241281724,2.102317112445628,2.392236932341139,8.358402648320006,2.8910902179489324,2.7994319165717396,10.009402260133825,3.163763938749828,2.869416852094669,2.8528849747732417,2.871794028767631,2.0095048453644595,0.9734406924313268,1.036615214564962,1.9914460370284626,36.06095506872812
7.619999999999882,2.172010828602715,2.172010828602715,4.401246261057368,2.097914741131624,2.393310578418058,8.329753803837129,2.8861312866598996,2.799092310903493,9.991128124322167,3.1608745821880007,2.8694119589386884,2.8495171500993344,2.8676462284235624,1.9991742295298947,0.9745013398384527,1.03328346617279,1.981026941026202,36.06094580295283
7.629999999999882,2.1678526130612887,2.1678526130612887,4.382705517128588,2.0934912269050923,2.394386890527951,8.30117695567432,2.8811763145761002,2.798760795077184,9.972782021770563,3.157971187609311,2.869407030610511,2.8461540649330117,2.863502147150998,1.9888819686593624,0.9755661905565938,1.030007447033017,1.9709638013558584,36.060936443040376
7.6399999999998816,2.1633616991535134,2.1633616991535134,4.364120097641116,2.089047653271968,2.39546572725223,8.272680404646449,2.8762267651641187,2.7984374208032587,9.954370112034303,3.1550546923998484,2.869402068867834,2.8428413680504376,2.8593857369004065,1.9786333393773219,0.9766665340108072,1.0267889037313693,1.96113315149921,36.06092699523585
7.649999999999881,2.1585288662105278,2.1585288662105278,4.345495131396102,2.0845851221276863,2.396546945025812,8.244272377019232,2.8712840989737036,2.798122233295647,9.935898603338613,3.152126044963718,2.869397075513013,2.8395442863579907,2.855279970403961,1.9684337048692393,0.9777769554087101,1.0236296445426392,1.9513304539146608,36.06091746583751
7.659999999999881,2.1533447934405263,2.1533447934405263,4.326835788353974,2.0801047541780133,2.3976303981184435,8.215961023000286,2.866349773318024,2.797815271235182,9.917373752962373,3.1491862048729944,2.8693920523921372,2.8362900365847388,2.8511993805695544,1.9582885176859408,0.9789157997300597,1.0205315412770912,1.941561177400229,36.06090786118797
7.669999999999881,2.1478000684929075,2.1478000684929075,4.308147280181889,2.0756076893724136,2.398715938611275,8.187754415412993,2.861425241975228,2.7975165667392,9.898801867680197,3.1462361430255354,2.869387001394052,2.833044317473357,2.8471272208093454,1.9482033230115705,0.9800578631061694,1.0175488059478852,1.9321189392030906,36.060898187665344
7.679999999999881,2.14188519681282,2.14188519681282,4.289434860838686,2.071095087348402,2.3998034163675532,8.159660548555415,2.8565119549120417,2.797226145337344,9.88018930426234,3.1432768418105237,2.869381924449338,2.829851087212902,2.8430865017331666,1.9381837624421707,0.9812334362676742,1.014636331795972,1.9229573509975724,36.06088845167438
7.6899999999998805,2.1355906118135817,2.1355906118135817,4.270703827190576,2.0665681278851116,2.4008926789962657,8.131687337245939,2.8516113580300417,2.7969440259536014,9.861542470031797,3.1403092952815648,2.869376823529226,2.82664211988655,2.83904330317372,1.9282355783261516,0.9823930582598546,1.0117901600419894,1.9138489231345266,36.060878659637446
7.69999999999988,2.1289066858991235,2.1289066858991235,4.251959519650197,2.0620280113641027,2.4019835718075027,8.103842616056713,2.8467248929351627,2.7966702208945806,9.842867823477368,3.137334509337085,2.869371700644455,2.8234762664985644,2.8350281700744877,1.9183646187225076,0.9835776716633959,1.0090123501532522,1.9047991142060385,36.060868817985565
7.70999999999988,2.1218237423664514,2.1218237423664514,4.2332073228307765,2.0574759592351928,2.4030759377583486,8.076134138735345,2.841853996730892,2.7964047358440673,9.824171874921056,3.134353501907699,2.8693665578440752,2.820324993718357,2.8310273365145866,1.908576843037809,0.9847659761229931,1.0063050325903031,1.8959359610184312,36.06085893314926
7.71999999999988,2.114332068213976,2.114332068213976,4.2144526662066095,2.052913214484872,2.4041696173880087,8.04856957781472,2.8370001018355144,2.796147569863838,9.80546118723772,3.1313673031501303,2.869361397214196,2.817168046589781,2.8270312733016913,1.898878328408676,0.9859424855246584,1.0036704108735783,1.8874997581826916,36.06084901154954
7.72999999999988,2.1064219278860024,2.1064219278860024,4.195701024770228,2.048341042104617,2.405264448740952,8.02115652441002,2.8321646358236348,2.7958987154007393,9.786742376624467,3.128376955647204,2.869356220876664,2.8140283060775655,2.8230522688413417,1.8892752769027321,0.9871225395411117,1.0011107637049264,1.879139311846303,36.06083905958858
7.739999999999879,2.098083577975322,2.098083577975322,4.176957919675991,2.0437607295561757,2.406360267276788,7.993902488201335,2.8273490212920893,2.7956581583000344,9.768022113416482,3.125383514613284,2.8693510309876995,2.8108942274071524,2.819085202983127,1.8797740236180265,0.9882968374296542,0.9986325862768552,1.870860064635197,36.060829083640684
7.749999999999879,2.0893072829038424,2.0893072829038424,4.158228918859112,2.0391735872306485,2.4074569057656428,7.9668148975995114,2.8225546757502347,2.7954258778249783,9.749307122945845,3.1223880481045025,2.869345829736451,2.8077552939347497,2.815125494723611,1.8703810457686871,0.9894567610107989,0.9962750589476069,1.8626675675196493,36.0608190900429
7.759999999999879,2.0800833316049934,2.0800833316049934,4.139519637618468,2.0345809488979465,2.4085541941678015,7.939901100092001,2.8177830115344227,2.7952018466826223,9.7306041864388,3.1193916372329396,2.8693406193435007,2.8046009249980552,2.8111685492541088,1.8611029728531308,0.9905935922639822,0.9939984944405993,1.8548445183500222,36.06080908508579
7.769999999999879,2.0704020552234352,2.0704020552234352,4.120835739150858,2.02998417214294,2.4096519594964314,7.913168362764701,2.813035435746358,2.794986031055796,9.711920141946617,3.1163953763838466,2.8693354020593036,2.8014253593737752,2.8072122142379747,1.851946598010768,0.991702034549882,0.9918054040867422,1.8472710559134282,36.060799075004134
7.779999999999879,2.0602538458415744,2.0602538458415744,4.102182935023758,2.025384638784386,2.4107500256622307,7.886623872994832,2.8083133502148283,2.7947783906412456,9.693261885304498,3.113400373434888,2.8693301801625553,2.798219788510118,2.8032528135173367,1.8429188906837557,0.9927745556836558,0.9896983847040841,1.8397991170438626,36.060789065967455
7.789999999999878,2.0496291762431946,2.0496291762431946,4.083566985573027,2.0207837552724506,2.4118482132989048,7.860274739308998,2.8036181514801544,2.794578878693875,9.674636371111964,3.110407749976193,2.8693249559585094,2.794977072107542,2.7992875210930146,1.8340270107121721,0.9938047841182335,0.9876801213959261,1.8324342175363497,36.06077906407068
7.799999999999878,2.038518620722006,2.038518620722006,4.064993700211415,2.0161829530604147,2.4129463395684567,7.834127992399637,2.7989512308005007,2.7943874420770443,9.6560506137279,3.1074186415299594,2.8693197317772143,2.7916925179419723,2.7953147478179337,1.8252783240041754,0.9947880826433405,0.9857533905113618,1.8251819720670757,36.06076907532471
7.809999999999878,2.0269128769303792,2.0269128769303792,4.046468937633271,2.011583688945919,2.4140442179453294,7.8081905862920875,2.794313974179009,2.7942040213188553,9.63751168827229,3.104434197768136,2.8693145099716797,2.788361821807843,2.7913331021504377,1.816680419937354,0.9957200683607056,0.9839210627943099,1.8182663324484873,36.06075910564683
7.819999999999878,2.0148027887612705,2.0148027887612705,4.027998605900246,2.0069874453768377,2.41514165797858,7.782469399653453,2.7897077624105098,2.7940285506743683,9.61902673162595,3.101455582726593,2.8693092929159882,2.7849510310417034,2.7873263312912493,1.8082411306637973,0.9965748339836125,0.9821861067494632,1.8116274943271602,36.06074916085115
7.8299999999998775,2.0021793702560413,2.0021793702560413,4.00958866239255,2.002395730716721,2.4162384650313236,7.756971237233456,2.785133971146353,2.793860958193685,9.600602943418956,3.098483975014064,2.869304083003325,2.781470185972014,2.783300258546007,1.7999685525096156,0.997358291732816,0.9805515922553175,1.8051139851647282,36.06073924663905
7.839999999999877,1.989033830518403,1.989033830518403,3.991245113609807,1.9978100794644638,2.4173344399968473,7.731702831426411,2.7805939709757,2.7937011657957966,9.582247586997385,3.095520568013946,2.8692988826439323,2.7778997149844433,2.779245858015809,1.7918710696799067,0.9980548668748944,0.9790206944619395,1.7987313434310763,36.06072936858941
7.849999999999877,1.9753575996089483,1.9753575996089483,3.9729740148053545,1.9932320524227365,2.418429378990914,7.706670843942405,2.7760891275213777,2.7935490893481276,9.56396799035727,3.092566570076911,2.8692936942630025,2.7742292699772944,2.775158729053419,1.7839573805027522,0.9986556379889783,0.9776018431063056,1.79248518949667,36.06071953214887
7.859999999999877,1.961142355387983,1.961142355387983,3.9547814694375902,1.988663236809488,2.419523073019934,7.6818818675746465,2.7716208015481927,2.793404638751685,9.545771547033818,3.0896232047021233,2.8692885202984826,2.770447471452831,2.771033949432749,1.776236526471039,0.9991509144818144,0.976311788389385,1.7863812224000122,36.060709742622
7.869999999999877,1.946380051269085,1.946380051269085,3.936673628421886,1.984105246306729,2.420615307624845,7.65734242804897,2.767190349081351,2.7932677180316965,9.52766571693304,3.086691710704689,2.8692833631988144,2.7665472874820303,2.766868762054401,1.7687179243689677,0.999534153617912,0.9751334689330585,1.7806810385717147,36.060700005161344
7.879999999999876,1.931062944830586,1.931062944830586,3.918656689166487,1.9795597210406375,2.4217058625007217,7.6330589859403455,2.762799121532426,2.793138225433649,9.50965802709212,3.0837733423668023,2.869278225420583,2.762523721501963,2.7626614111982923,1.7614114018014524,0.9998003015858671,0.9740704419983978,1.7751816888185794,36.06069032475732
7.889999999999876,1.9151836272348124,1.9151836272348124,3.9007368943759757,1.9750283274869693,2.4227945110923352,7.609037938640205,2.758448465830059,2.793016053524617,9.491756072354011,3.0808693695698963,2.8692731094261013,2.7583796940293155,2.7584140792858536,1.7543272364795284,0.9999500879043373,0.9731263969619922,1.7698350334639001,36.06068070622821
7.899999999999876,1.8987350533878073,1.8987350533878073,3.8829205306059653,1.9705127582956588,2.4238810201660623,7.585285622357466,2.754139724552381,2.7929010892997432,9.47396751594092,3.0779810779049503,2.8692680176809042,2.7541383297686304,2.7541390271602406,1.7474761996538337,0.9999989869238307,0.972305162469976,1.7646466110753043,36.06067115420978
7.909999999999876,1.881710572759008,1.881710572759008,3.8652139265530097,1.9660147320284784,2.4249651493587994,7.561808314134969,2.7498742360578907,2.7927932142937735,9.456300089910577,3.075109768757951,2.8692629526511624,2.7498742360578907,2.7498742360578907,1.740869604131619,1.0,0.9716107143827244,1.7596220132240912,36.06066167314494
7.919999999999876,1.8641039607847365,1.8641039607847365,3.8476234510641385,1.961535992803634,2.426046650704734,7.538612233862299,2.745653334611327,2.7926923046974963,9.438761595478407,3.072256759367356,2.8692579168010157,2.745653334611327,2.745653334611327,1.7345193573611226,1.0,0.9710471846200747,1.754766879207432,36.060652267273234
7.929999999999875,1.8459094507576563,1.8459094507576563,3.830155510850912,1.9570783098412061,2.4271252681410633,7.515703546264896,2.741478350500856,2.7925982314789666,9.421359903188007,3.069423382850272,2.8692529125898227,2.741478350500856,2.741478350500856,1.7284380201210094,1.0,0.970618871038761,1.7500868904163696,36.06064294062018
7.939999999999875,1.8271217660965247,1.8271217660965247,3.812816547893575,1.952643476903445,2.428200736994023,7.493088362848644,2.737350610142706,2.7925108605093665,9.404102952911744,3.0666109881939287,2.8692479424693245,2.737350610142706,2.737350610142706,1.7226388714125276,1.0,0.9703302484917765,1.745773444464462,36.06063369698643
7.949999999999875,1.807736152884467,1.807736152884467,3.7956130365217,1.9482333116240724,2.4292727834467964,7.470772743778332,2.73327143616918,2.792430052693355,9.386998753662686,3.0638209402089225,2.8692430088807273,2.73327143616918,2.73327143616918,1.7171359802187598,1.0,0.9701859812393936,1.7416818905816447,36.060624539936896
7.959999999999875,1.7877484125540684,1.7877484125540684,3.778551480158619,1.9438496547209145,2.430341123991181,7.448762699667683,2.729242147495836,2.792355664103765,9.370055383198553,3.0610546194405863,2.86923811425169,2.729242147495836,2.729242147495836,1.7119442848694446,1.0,0.9701909369067193,1.7377734544024164,36.06061547278959
7.9699999999998745,1.767154934577315,1.767154934577315,3.761638407718028,1.939494369086445,2.4314054648651156,7.427064193258171,2.725264059363454,2.7922875461204826,9.353280987398003,3.0583134220347663,2.8692332609932425,2.725264059363454,2.725264059363454,1.7070796808321183,1.0,0.9703502022168838,1.7340535272260915,36.06060649860442
7.979999999999874,1.7459527290226198,1.7459527290226198,3.7448803696424315,1.935169338751116,2.432465501478437,7.4056831409632675,2.721338483350292,2.7922255455733627,9.33668377938934,3.0555987595542287,2.8692284514966016,2.721338483350292,2.721338483350292,1.7025591178415225,1.0,0.9706691007564319,1.7305275113287497,36.06059762017175
7.989999999999874,1.7241394588278858,1.7241394588278858,3.728283933574425,1.9308764677147072,2.433520917829532,7.384625414254595,2.717466727350051,2.7921695048889994,9.320272038411403,3.05291205874185,2.8692236881299196,2.717466727350051,2.717466727350051,1.69840070738007,1.0,0.9711532130708729,1.7272008135178,36.060588840000946
7.999999999999874,1.701713471619604,1.701713471619604,3.7118556796533615,1.926617678641344,2.4345713859157665,7.363896840866123,2.7136500955108644,2.7921192622411954,9.304054108386532,3.0502547612267623,2.869218973234932,2.7136500955108644,2.7136500955108644,1.6946238416335686,1.0,0.9718083994396388,1.724078838622331,36.0605801603086
8.009999999999874,1.6786738309116254,1.6786738309116254,3.6956021954317175,1.922394911414332,2.4356165651408546,7.343503205792601,2.7098898881306233,2.792074651704956,9.288038396185444,3.047628323169583,2.869214309123536,2.7098898881306233,2.7098898881306233,1.691249325168996,1.0,0.9726408257282991,1.7211669829792031,36.06057158300686
8.019999999999873,1.6550203465052948,1.6550203465052948,3.6795300704071954,1.9182101215474794,2.436656101722594,7.323450252058523,2.706187401503917,2.792035503413835,9.272233369564235,3.045034214842952,2.869209698074286,2.706187401503917,2.706187401503917,1.6882995207157447,1.0,0.9736569927819047,1.7184706279850317,36.06056310969154
8.029999999999873,1.6307536039051884,1.6307536039051884,3.6636458901687265,1.9140652784502221,2.4376896281045997,7.303743681234246,2.7025439277159298,2.792001643720439,9.256647554754029,3.0424739201436104,2.869205142328806,2.7025439277159298,2.7025439277159298,1.6857985105789088,1.0,0.9748637698991953,1.7159951337932344,36.06055474163015
8.039999999999873,1.6058749925555122,1.6058749925555122,3.647956230156606,1.9099623635445295,2.4387167623759285,7.284389153676321,2.6989607543786778,2.791972895359934,9.241289533684494,3.0399489360323955,2.869200644088135,2.6989607543786778,2.6989607543786778,1.6837722753733328,1.0,0.9762684330187188,1.7137486019200907,36.06054647974994
8.049999999999873,1.5803867327072394,1.5803867327072394,3.6324676490393117,1.9059033682323225,2.4397371077026913,7.265392288469842,2.695439164305112,2.7919490776163443,9.226167940823172,3.037460771898655,2.86919620550899,2.695439164305112,2.695439164305112,1.6822488919404057,1.0,0.9778787083494113,1.7118315440391014,36.06053832462592
8.059999999999873,1.554291900708684,1.554291900708684,3.617186681711998,1.9018902917129574,2.440750251775942,7.246758663051472,2.6919804351167698,2.7919300064914694,9.211291459613452,3.035010948845729,2.869191828699977,2.6919804351167698,2.6919804351167698,1.6812587524956446,1.0,0.9797325482775149,1.7101394264681258,36.06053027646892
8.069999999999872,1.527594452518384,1.527594452518384,3.6021198319241363,1.8979251386511893,2.4417557662803397,7.228493812492887,2.6885858387808423,2.791915494876233,9.196668818495429,3.032600998894419,2.869187515717724,2.6885858387808423,2.6885858387808423,1.6808348072531123,1.0,0.9818118246761117,1.708677170138034,36.06052233511375
8.079999999999872,1.5002992452470425,1.5002992452470425,3.587273564546564,1.8940099166969966,2.4427532063881863,7.210603228425764,2.685256641072835,2.7919053527242577,9.182308786495012,3.03023246410156,2.8691832685629617,2.685256641072835,2.685256641072835,1.6810128329808987,1.0,0.9841257751767877,1.7074496592705157,36.06051450000751
8.089999999999872,1.4724120565087302,1.4724120565087302,3.5726542974908186,1.8901466338596111,2.443742110283646,7.193092357590872,2.6819941009612367,2.791899387227489,9.16822016836833,3.0279068955911326,2.8691790891765616,2.6819941009612367,2.6819941009612367,1.6818317301573933,1.0,0.9866843690825756,1.7064617391937305,36.06050677019807
8.099999999999872,1.4439396013939172,1.4439396013939172,3.558268393296604,1.8863372957391804,2.444721998721997,7.175966599995646,2.6787994699110356,2.7918974029936594,9.154411799290362,3.025625852495705,2.8691749794355133,2.6787994699110356,2.6787994699110356,1.6833338516163772,1.0,0.9894983281710392,1.705718215188757,36.06049914432286
8.109999999999872,1.4148895468685463,1.4148895468685463,3.5441221504060696,1.882583902620563,2.445692374628887,7.159231306666594,2.675673991103287,2.791899202225405,9.14089253907857,3.0233909008063398,2.869170941148876,2.675673991103287,2.675673991103287,1.685565365783501,1.0,0.9925792226490474,1.7052238525465007,36.06049162059804
8.119999999999871,1.3852705234008869,1.3852705234008869,3.5302217941466263,1.8788884464349198,2.446652722744585,7.142891776984967,2.6726188985683996,2.7919045849008404,9.127671265944567,3.021203612129538,2.8691669760536973,2.6726188985683996,2.6726188985683996,1.688576657807875,1.0,0.9959395822868821,1.7049833780384898,36.060484196808076
8.129999999999871,1.3550921336477864,1.3550921336477864,3.51657346744689,1.8752529075959035,2.4476025093182723,7.126953255596701,2.669635416231344,2.791913348955375,9.114756869769383,3.019065562350275,2.869163085810907,2.669635416231344,2.669635416231344,1.6924227720669536,1.0,0.9996044899270543,1.7050014830149052,36.06047687029581
8.139999999999871,1.3243649580176435,1.3243649580176435,3.5031832213134892,1.8716792517184906,2.448541181857344,7.111420928889987,2.6667247568674926,2.7919252904646004,9.102158244900213,3.016978330200635,2.8691592720012062,2.6667247568674926,2.6667247568674926,1.6971638996519367,1.0,1.0036252797220069,1.70528282838019,36.06046963795324
8.14999999999987,1.2931005569588712,1.2931005569588712,3.4900570050993065,1.8681694262296733,2.4494681689366917,7.096299921036795,2.6638881209684455,2.7919402038280268,9.089884282469576,3.0149434957341366,2.8691555361209433,2.6638881209684455,2.6638881209684455,1.7028659144990161,1.0,1.007971935361071,1.7058320517137153,36.060462496212985
8.15999999999987,1.2613114698303212,1.2613114698303212,3.477200656596685,1.864725356881459,2.450382880072809,7.081595289597486,2.6611266955178,2.7919578819534774,9.077943862240504,3.012962638706379,2.869151879578008,2.6611266955178,2.6611266955178,1.7096009617840606,1.0,1.0126618802914782,1.706653776837522,36.06045544104052
8.16999999999987,1.2290112102212323,1.2290112102212323,3.4646198919919966,1.86134894417785,2.451284705667444,7.067312020690771,2.6584416526775176,2.7919781164419453,9.06634584398463,3.011037336863266,2.8691483036877394,2.6584416526775176,2.6584416526775176,1.717448101997559,1.0,1.017714308468743,1.7077526261720126,36.06044846792748
8.17999999999987,1.1962142576157968,1.1962142576157968,3.452320295720596,1.8580420597286262,2.4521730170253515,7.0534550237344975,2.655834148386246,2.792000697772705,9.05509905840307,3.0091691641386777,2.8691448096688568,2.655834148386246,2.655834148386246,1.7264940136991094,1.0,1.0231928687266247,1.7091332362569047,36.06044157188585
8.18999999999987,1.1629360453088236,1.1629360453088236,3.4403073102638717,1.8548065425439582,2.4530471664504816,7.040029125766019,2.6533053208716892,2.7920254154884936,9.044212297603371,3.007359688764111,2.86914139863944,2.6533053208716892,2.6533053208716892,1.736833757230793,1.0,1.0291165166895646,1.7108002768681962,36.06043474744349
8.19999999999987,1.1291929445114335,1.1291929445114335,3.428586225932382,1.8516441952849316,2.453906487424703,7.0270390653543275,2.6508562890798752,2.792052058380545,9.033694305149137,3.0056104712935,2.8691380716129533,2.6508562890798752,2.6508562890798752,1.7485716005315477,1.0,1.0354732684365748,1.7127584742127593,36.06042798864075
8.20999999999987,1.0950022445956489,1.0950022445956489,3.4171621706813515,1.8485567804861585,2.4547502948728503,7.014489486119506,2.64848815102494,2.7920804146732987,9.023553765702246,3.003923062547083,2.8691348294943326,2.64848815102494,2.64848815102494,1.761821906486153,1.0,1.042295670673764,1.71507502734691,36.060421289028625
8.21999999999987,1.0603821294640459,1.0603821294640459,3.40604010000668,1.8455460167675797,2.455577885517578,7.002384929878596,2.64620198206384,2.792110272208573,9.013799294281093,3.002299001478882,2.8691316730761462,2.64620198206384,2.64620198206384,1.776710078756997,1.0,1.049705750330643,1.7177610675796764,36.060414641668295
8.229999999999869,1.02535165005066,1.02535165005066,3.3952247869713177,1.8426135750534667,2.4563885383271273,6.990729829440255,2.6439988331011524,2.7921414186290168,9.004439425161559,3.000739812973054,2.869128603034838,2.6439988331011524,2.6439988331011524,1.7933735595094564,1.0,1.0576428616943168,1.720767812850271,36.0604080391323
8.239999999999869,0.9899306929803992,0.9899306929803992,3.384720812413226,1.8397610748173867,2.4571815150586946,6.979528501074121,2.6418797287299287,2.7921736415606366,8.99548260045082,2.999247005575036,2.8691256199270647,2.6418797287299287,2.6418797287299287,1.8119628674861332,1.0,1.0661722930252069,1.7241005171542938,36.06040147350736
8.249999999999869,0.954139945459479,0.954139945459479,3.374532555387166,1.836990080372555,2.457956060899682,6.968785136683876,2.6398456653152804,2.7922067287942163,8.986937158367207,2.99782206916408,2.8691227241861315,2.6398456653152804,2.6398456653152804,1.832642658023878,1.0,1.0754006108148924,1.7277646583359658,36.06039493639905
8.259999999999868,0.9180008564801597,0.9180008564801597,3.364664183893216,1.834302097227503,2.458711405208615,6.958503795716374,2.637897609028139,2.7922404684654296,8.97881132126249,2.996466472574404,2.869119916118551,2.637897609028139,2.637897609028139,1.855592777194177,1.0,1.0852846727268308,1.731765998535747,36.06038841893822
8.269999999999868,0.8815355944525293,0.8815355944525293,3.3551196459452424,1.831698568527377,2.4594467623570306,6.948688396841957,2.6360364938372833,2.792274649233456,8.971113183425974,2.99518166117282,2.869117195900711,2.6360364938372833,2.6360364938372833,1.8810092694290526,1.0,1.0959921753260429,1.736110654629345,36.06038191178938
8.279999999999868,0.8447670014176243,0.8447670014176243,3.3459026610324085,1.8291808716013866,2.4601613326730782,6.9393427094439994,2.634263219468396,2.792309060457921,8.963850698712259,2.9939690544012407,2.869114563575674,2.634263219468396,2.634263219468396,1.909105280653001,1.0,1.1074868306150631,1.7408051801675761,36.06037540516109
8.289999999999868,0.8077185440118334,0.8077185440118334,3.3370167120262195,1.8267503146369566,2.4608543034870807,6.930470344958267,2.6325786493395156,2.7923434923739636,8.957031668037297,2.9928300432930195,2.8691120190501156,2.6325786493395156,2.6325786493395156,1.9401117756253607,1.0,1.1199375080009477,1.7458566606189878,36.06036888881831
8.299999999999867,0.7704142613768865,0.7704142613768865,3.3284650375847242,1.8244081335010334,2.4615248502786677,6.922074748104827,2.630983608482734,2.7923777362652524,8.950663726789356,2.9917659879725482,2.869109562091401,2.630983608482734,2.630983608482734,1.974277957049259,1.0,1.133325534749046,1.7513794703418846,36.06036235209679
8.309999999999867,0.7328787102476495,0.7328787102476495,3.3202506251039536,1.8221554887286522,2.462172137924539,6.914159188057377,2.6294788814625183,2.792411584634764,8.94475433220361,2.9907782151479587,2.8691071923247975,2.6294788814625183,2.6294788814625183,2.0118712326937023,1.0,1.1478732262836997,1.7574674927524114,36.06035578391954
8.319999999999867,0.695136907462593,0.695136907462593,3.3123762042648663,1.8199934626983874,2.4627953220453227,6.906726749596367,2.628065210301367,2.792444831373156,8.939310750750458,2.98986801560712,2.869104909230849,2.628065210301367,2.628065210301367,2.0531765224708973,1.0,1.1635778783411748,1.7639540295669576,36.0603491728153
8.329999999999867,0.657214270163586,0.657214270163586,3.304844241221747,1.8179230570136204,2.4633935504493336,6.899780324293676,2.6267432924238476,2.792477271924536,8.934340045589131,2.9890366417274197,2.869102712142883,2.6267432924238476,2.6267432924238476,2.09849462682386,1.0,1.1805847570287802,1.770849283418016,36.06034250693901
8.339999999999867,0.6191365539840585,0.6191365539840585,3.2976569334751824,1.8159451901076702,2.4639659646704986,6.893322601777449,2.6255137786302796,2.792508703449478,8.92984906413879,2.9882853050100135,2.8691006002446837,2.6255137786302796,2.6255137786302796,2.148139287389743,1.0,1.199091509096375,1.7781646981094272,36.060335774094284
8.349999999999866,0.5809297895283634,0.5809297895283634,3.290816205469634,1.814060695089785,2.464511701597006,6.887356061126253,2.6243772711114257,2.7925389249850934,8.925844425819996,2.987615173649377,2.869098572568294,2.6243772711114257,2.6243772711114257,2.2024324575047194,1.0,1.2191890171450903,1.785943322799963,36.06032896175774
8.359999999999866,0.542620217463311,0.542620217463311,3.2843237049519125,1.81227031784773,2.465029895186735,6.8818829624418365,2.6233343215156233,2.7925677376020026,8.922332510019324,2.987027370149012,2.8690966279919787,2.6233343215156233,2.6233343215156233,2.261697161928883,1.0,1.2410605526948313,1.794572568230798,36.060322057105154
8.369999999999866,0.5042342225644283,0.5042342225644283,3.2781808001229553,1.8105747154213094,2.4655196782648168,6.87690533864945,2.622385429079686,2.792594944558034,8.91931944432964,2.986522968994151,2.8690947652383247,2.622385429079686,2.622385429079686,2.326247163913406,1.0,1.26491298215935,1.8036839249258192,36.060315047039346
8.379999999999866,0.46579826705717015,0.46579826705717015,3.272388577610917,1.8089744546595778,2.4659801843981786,6.872424987574002,2.6215310388347497,2.7926203514484964,8.916811093117836,2.9861029943921618,2.8690929828724725,2.6215310388347497,2.6215310388347497,2.396372482184351,1.0,1.2909802215236608,1.8132960957467859,36.060307918219635
8.389999999999866,0.4273388236026476,0.4273388236026476,3.2669478412888857,1.807470011172768,2.4664105498413162,6.868443464339194,2.6207715398979734,2.792643766352868,8.914813046470519,2.9857684180911486,2.8690912793004895,2.6207715398979734,2.6207715398979734,2.472319632151273,1.0,1.3195274158541999,1.8234986225717102,36.0603006570928
8.399999999999865,0.3888823082869164,0.3888823082869164,3.261859111955613,1.8060617685881104,2.466809915547006,6.864962074135271,2.6201072638606364,2.7926649999777364,8.913330609566762,2.9855201572869614,2.869089652767851,2.6201072638606364,2.6201072638606364,2.5542653476249515,1.0,1.3508560392100095,1.834762045132801,36.06029324992527
8.409999999999865,0.35045501396548484,0.35045501396548484,3.257122627892438,1.804750018116758,2.4671774292351643,6.861981865399056,2.6195384832827053,2.7926838657958686,8.912368792524859,2.9853590726284267,2.869088101358059,2.6195384832827053,2.6195384832827053,2.642282547553085,1.0,1.3853101701153179,1.8466221721096059,36.0602856828366
8.419999999999865,0.31208304431367695,0.31208304431367695,3.2527383463041257,1.8035349584369376,2.4675122475125937,6.859503623447731,2.619065410303403,2.7927001801812428,8.91193230076791,2.9852859663301787,2.8690866229913423,2.619065410303403,2.619065410303403,2.736297569262815,1.0,1.4232842778631025,1.8591119658775224,36.06027794183375
8.429999999999865,0.27379224892795573,0.27379224892795573,3.2487059456458955,1.8024166958963446,2.46781353803589,6.857527864605144,2.6186881953766745,2.7927137625399174,8.912025525950138,2.9853015804019094,2.8690852154234756,2.6186881953766745,2.6186881953766745,2.836038375013956,1.0,1.4654390032791655,1.8729818044924307,36.06027001284633
8.439999999999864,0.2356081598112334,0.2356081598112334,3.2450248288331833,1.801395245034577,2.4680804817094137,6.856054830856412,2.6184069261397114,2.7927244354366065,8.912652537483035,2.985406595002268,2.8690838762446678,2.6184069261397114,2.6184069261397114,2.9409747855797095,1.0,1.5122193678664646,1.887629382331199,36.06026188176231
8.449999999999864,0.19755592956989484,0.19755592956989484,3.2416941273250517,1.800470529424198,2.4683122749098687,6.855084485063482,2.6182216264219274,2.7927320247168312,8.91381707469702,2.9856016269249688,2.8690826028785414,2.6182216264219274,2.6182216264219274,3.050254051962445,1.0,1.564667311516185,1.903369564010935,36.06025353446421
8.459999999999864,0.15966027162383656,0.15966027162383656,3.238712706066523,1.7996423828268002,2.468508131728713,6.85461650677062,2.618132255400903,2.7927363596245343,8.91552253967069,2.9858872282239144,2.8690813925811627,2.618132255400903,2.618132255400903,3.1626384053228183,1.0,1.6237346637114582,1.9206384814911093,36.06024495686548
8.469999999999864,0.12194540272130172,0.12194540272130172,3.2360791692694693,1.7989105506582226,2.4686672862234076,6.854650288625256,2.6181387069109334,2.792737272915039,8.91777199075607,2.9862638849833867,2.869080242440139,2.6181387069109334,2.6181387069109334,3.2764554999719433,1.0,1.6910637039592888,1.9389803953567144,36.06023613494683
8.479999999999864,0.08443498802971813,0.08443498802971813,3.2337918670063077,1.7982746917549353,2.468788994668258,6.855184933435524,2.6182408089088223,2.792734600963251,8.920568136824167,2.9867320162385123,2.869079149373753,2.6182408089088223,2.6182408089088223,3.3895771796333736,1.0,1.7690556385654859,1.9595045087108922,36.06022705479238
8.489999999999863,0.04715208904555743,0.04715208904555743,3.2318489025854134,1.7977343804314956,2.4688725377955234,6.856219251881931,2.618438323100609,2.7927281838670073,8.923913332251052,2.98729197305035,2.8690781101301344,2.618438323100609,2.618438323100609,3.499445178643168,1.0,1.8614290182924236,1.9815312116786818,36.060217702625465
8.499999999999863,0.010119114552483644,0.010119114552483644,3.2302481406722015,1.7972891088169987,2.4689172230173257,6.857751760896376,2.61873094473189,2.7927178655454767,8.927809572660511,2.987944037739079,2.8690771212864505,2.61873094473189,2.61873094473189,3.6031617424932487,1.0,1.975980386174994,2.006209181215068,36.06020806484375
8.509999999999863,-0.026642225180405512,0.026642225180405512,3.2289872161149917,1.7969382894565389,2.468922386618893,6.859780682717525,2.6191183025433435,2.7927034938325344,8.932258491434899,2.9886884232778264,2.869076179248123,2.6191183025433435,2.6191183025433435,3.6976559636071937,1.0,0.1689051768916195,0.21599903038367804,36.060198128053614
8.519999999999863,-0.06311096078500776,0.06311096078500776,3.228063543430432,1.7966812581619567,2.4688873959136997,6.8623039446274126,2.619599958892085,2.792684920565031,8.937261357001683,2.9895252728487987,2.8690752802480404,2.619599958892085,2.619599958892085,3.779921403222098,1.0,0.2582101036446124,0.3353026490780607,36.06018787910358
8.529999999999863,-0.09926690262345182,0.09926690262345182,3.2274743268991393,1.7965172770945286,2.4688116513511384,6.8653191793698545,2.620175410038392,2.792662001665895,8.942819070898679,2.990454659562435,2.869074420345777,2.620175410038392,2.620175410038392,3.8472992318021673,1.0,0.32162199201494973,0.4241618250033038,36.060177305116596
8.539999999999862,-0.13509067594355442,0.13509067594355442,3.227216571218607,1.7964455380608138,2.4686945885675287,6.86882372624727,2.620844086596391,2.7926345972220115,8.948932166616949,2.9914765863394197,2.869073595426805,2.620844086596391,2.620844086596391,3.8977602478776143,1.0,0.3726055944288781,0.4991002931621663,36.06016639352106
8.549999999999862,-0.17056375226928527,0.17056375226928527,3.2272870926572015,1.7964651660016127,2.4685356803714575,6.872814632888384,2.621605354146269,2.792602571556821,8.955600809216072,2.992590985954491,2.8690728012016966,2.621605354146269,2.621605354146269,3.9301284056241808,1.0,0.41578890369295457,0.5656811757926063,36.06015513208043
8.559999999999862,-0.2056684769727785,0.2056684769727785,3.2276825306503585,1.7965752226529115,2.4683344386546926,6.877288657675552,2.6224585140046646,2.792565793297605,8.962824795702598,2.9937977212401305,2.869072033205307,2.6224585140046646,2.6224585140046646,3.9441957159290104,1.0,0.45344787433556466,0.6265505762776514,36.06014350892129
8.569999999999862,-0.24038809299123817,0.24038809299123817,3.2283993597777565,1.7967747103567984,2.4680904162202726,6.882242272816643,2.623402804148963,2.792524135437432,8.97060355615858,2.995096585447384,2.8690712867959514,2.623402804148963,2.623402804148963,3.9407038051879355,1.0,0.4869135554542721,0.6832190113583528,36.060131512559806
8.579999999999862,-0.2747067606831082,0.2747067606831082,3.229433902058585,1.7970625759996743,2.4678032085196753,6.887671668043116,2.624437400290416,2.7924774753917223,8.978936155603604,2.9964873027602845,2.8690705571545507,2.624437400290416,2.624437400290416,3.921201826444293,1.0,0.5170666035385644,0.7365757988917498,36.06011913192636
8.589999999999861,-0.3086095738436737,0.3086095738436737,3.230782339500662,1.797437715054589,2.467472455291437,6.893572754912508,2.6255614170901636,2.7924256950494404,8.987821296570228,2.997969528959597,2.869069839283772,2.6255614170901636,2.6255614170901636,3.887819819628066,1.0,0.5445187222578504,0.7873113481576189,36.060106356388495
8.599999999999861,-0.34208257192759045,0.34208257192759045,3.232440726838487,1.7978989757042767,2.467097842094023,6.899941171690701,2.6267739095115705,2.7923686808189023,8.997257322369634,2.9995428522309253,2.869069128007145,2.6267739095115705,2.6267739095115705,3.8430102728999382,1.0,0.5697246200888868,0.8359027797228906,36.0600931757719
8.60999999999986,-0.3751127485459833,0.3751127485459833,3.234405004395031,1.7984451630213891,2.466679101726256,6.906772288786636,2.6280738743016028,2.792306323668196,9.00724222102148,3.0012067941115754,2.8690684179681742,2.6280738743016028,2.6280738743016028,3.7893064704247874,1.0,0.5930300558631433,0.8825128362446524,36.06007958037952
8.61999999999986,-0.40768805632441907,0.40768805632441907,3.236671011002316,1.799075043182556,2.466216015529159,6.914061214709659,2.629460251593406,2.7922385191602364,9.017773629819274,3.002960810570007,2.8690677036294367,2.629460251593406,2.629460251593406,3.729130083122037,1.0,0.6147096323911764,0.9275104164743085,36.06006556100876
8.62999999999986,-0.4397974082369397,0.4397974082369397,3.239234496916575,1.7997873476932142,2.465708414563628,6.921802802517647,2.6309319266217526,2.792165167482477,9.028848840500377,3.0048042932111865,2.869066979271686,2.6309319266217526,2.6309319266217526,3.66466115951548,1.0,0.6349982924488016,0.970918371101017,36.06005110896671
8.63999999999986,-0.47143067554187534,0.47143067554187534,3.242091136665004,1.800580777600662,2.465156180658956,6.929991656722251,2.63248773154259,2.792086173471302,9.040464804987709,3.0067365706007085,2.869066238992948,2.63248773154259,2.63248773154259,3.597768038014207,1.0,0.6540700691423397,1.012923640944963,36.060036216083454
8.64999999999986,-0.502578682462198,0.502578682462198,3.2452365417626825,1.8014540076734356,2.4645592473278684,6.938622140616073,2.634126447347597,2.7920014466311525,9.052618141668555,3.0087569097001765,2.8690654767076476,2.634126447347597,2.634126447347597,3.529985585515745,1.0,0.6720702059894719,1.0536061555930758,36.06002087472347
8.65999999999986,-0.5332331977727263,0.5332331977727263,3.24866627324037,1.802405690525962,2.463917600544352,6.947688383985498,2.635846805864388,2.7919109011484116,9.065305142174541,3.0108645174060125,2.8690646861457454,2.635846805864388,2.635846805864388,3.4625271213773074,1.0,0.6891351731208808,1.0929310167102846,36.06000507779513
8.66999999999986,-0.5633869234620944,0.5633869234620944,3.2523758539262366,1.803434460668376,2.463231279381258,6.957184291171919,2.637647491832811,2.7918144559001354,9.078521778625753,3.013058542183632,2.8690638608519077,2.637647491832811,2.637647491832811,3.3963163956077405,1.0,0.705379369614815,1.1309408938078283,36.05998881875842
8.67999999999986,-0.5930334806529954,0.5930334806529954,3.256360780427405,1.8045389384625106,2.4625003765052957,6.9671035494436815,2.639527145047704,2.7917120344576603,9.092263711301145,3.0153380757887076,2.8690629941847305,2.639527145047704,2.639527145047704,3.3320289278014035,1.0,0.7208989331238937,1.1679531844017896,36.05997209163076
8.68999999999986,-0.6221673929663323,0.6221673929663323,3.260616534760236,1.8057177339662576,2.461725038527742,6.977439637640625,2.641484362558413,2.791603565085187,9.106526296697071,3.017702155067175,2.869062079316005,2.641484362558413,2.641484362558413,3.2701353459058375,1.0,0.7357747440349113,1.2034440999349647,36.05995489099129
8.699999999999859,-0.6507840675250589,0.6507840675250589,3.265138595581667,1.8069694506498075,2.46090546620986,6.988185835053248,2.643517700915439,2.7914889807334013,9.121304595935367,3.0201497638255237,2.86906110923006,2.643517700915439,2.643517700915439,3.210942263961521,1.0,0.7500748083890943,1.237910835076534,36.05993721198333
8.709999999999859,-0.6788797738024107,0.6788797738024107,3.2699224489774927,1.8082926889686561,2.46004191452269,6.999335230498695,2.645625678454663,2.791368219028229,9.136593383482602,3.0226798347629544,2.8690600767231818,2.645625678454663,2.645625678454663,3.1546284099957207,1.0,0.7638561563038138,1.2711855086472748,36.05991905031539
8.719999999999859,-0.7064516205095918,0.7064516205095918,3.2749635987672527,1.8096860497796994,2.4591346925615687,7.010880731556316,2.6478067776097856,2.79124122225481,9.152387156142433,3.0252912514570283,2.869058974403125,2.6478067776097856,2.6478067776097856,3.1012751690693077,1.0,0.7771663583820411,1.3031101832791858,36.05990040226071
8.729999999999858,-0.7334975307273696,0.7334975307273696,3.2802575762893493,1.8111481375882397,2.458184163316364,7.022815073926251,2.6500594472438257,2.791107937336802,9.168680142283407,3.027982850394534,2.869057794688737,2.6500594472438257,2.6500594472438257,3.050891581933699,1.0,0.790044737560541,1.333796979672533,36.05988126465534
8.739999999999858,-0.7600162154873824,0.7600162154873824,3.2857999496340815,1.8126775636152397,2.4571907432990567,7.035130830875508,2.652382104990815,2.7909683158111056,9.185466311265463,3.03075342303947,2.8690565298096926,2.652382104990815,2.652382104990815,3.003434303154853,1.0,0.802575470140902,1.3633283973498171,36.05986163489496
8.749999999999858,-0.7860071459980105,0.7860071459980105,3.29158633229637,1.8142729486756866,2.456154902030947,7.047820422737005,2.654773139599127,2.7908223137981403,9.202739383029227,3.0336017179302273,2.869055171806375,2.654773139599127,2.654773139599127,2.958823218632003,1.0,0.814772011457013,1.3917609426499389,36.05984151093056
8.759999999999858,-0.8114705247095787,0.8114705247095787,3.2976123912241833,1.8159329258604744,2.4550771613923135,7.060876126428523,2.6572309132682697,2.7906698919677773,9.220492837813326,3.036526442798305,2.869053712529892,2.6572309132682697,2.6572309132682697,2.9169534597227824,1.0,0.8266347706168159,1.4191279090482198,36.05982089126293
8.769999999999857,-0.8364072554131702,0.8364072554131702,3.30387385424282,1.81765614301573,2.4539580948379585,7.0742900849597765,2.659753763971352,2.7905110155010577,9.23871992596622,3.0395262667011482,2.8690521436422642,2.659753763971352,2.659753763971352,2.877704503573403,1.0,0.8382357061564328,1.4454415308102044,36.05979977493615
8.779999999999857,-0.8608189125574355,0.8608189125574355,3.3103665168393412,1.8194412650149885,2.452798326482598,7.088054316897554,2.6623400077558754,2.7903456540478238,9.257413677820471,3.042599822162039,2.8690504566167814,2.6623400077558754,2.6623400077558754,2.8409469633168967,1.0,0.8495970539948428,1.4706946875252367,36.059778161530225
8.789999999999857,-0.8847077099568823,0.8847077099568823,3.3170862482955754,1.821286975821102,2.4515985300605454,7.1021607257604105,2.664987941015946,2.790173781680401,9.27656691359878,3.0457457073102443,2.869048642738549,2.664987941015946,2.664987941015946,2.806547574804384,1.0,0.8606835353707704,1.494862309134489,36.05975605115284
8.799999999999857,-0.9080764690632371,0.9080764690632371,3.324028997162102,1.8231919803361636,2.450359427764627,7.116601109316236,2.667695842729496,2.789995376843466,9.296172253322895,3.048962488015045,2.8690466931052314,2.667695842729496,2.667695842729496,2.7743727930795345,1.0,0.8716212268236903,1.5179026143392003,36.05973344443042
8.809999999999857,-0.9309285869641586,0.9309285869641586,3.331190796069462,1.8251550060390656,2.4490817889696848,7.131367168757861,2.6704619766545754,2.789810422300243,9.316222126697928,3.0522487000075746,2.869044598628016,2.6704619766545754,2.6704619766545754,2.7442913287165362,1.0,0.8823252574424836,1.540416262144154,36.059710342498484
8.819999999999856,-0.9532680042562294,0.9532680042562294,3.3385677658766744,1.827174804411629,2.447766428846423,7.1464505177336575,2.6732845934792757,2.789618905075179,9.336708782946594,3.0556028509848256,2.8690423500327906,2.6732845934792757,2.6732845934792757,2.716175883743228,1.0,0.8928701954372955,1.5621013533216004,36.05968674699149
8.829999999999856,-0.975099172938436,0.975099172938436,3.346156119160643,1.8292501521554243,2.4464142068716894,7.16184269121205,2.6761619329203623,2.7894208163932492,9.357624300569418,3.0590234226905517,2.8690399378615696,2.6761619329203623,2.6761619329203623,2.689904289082731,1.0,0.9032501872160029,1.5826402493244323,36.059662660032174
8.839999999999856,-0.9964270244572864,0.9964270244572864,3.353952163053469,1.8313798522025595,2.4450260252416145,7.177535154160776,2.6790922257661784,2.789216151616037,9.378960597008932,3.062508872968196,2.8690373524741517,2.6790922257661784,2.6790922257661784,2.6653601990409133,1.0,0.9134703973399768,1.6028333237181434,36.05963808422046
8.849999999999856,-1.0172569380269194,1.0172569380269194,3.3619523014379205,1.8335627345247614,2.4436028271942716,7.193519310023581,2.6820736958598994,2.7890049101747634,9.400709438197524,3.066057637781378,2.869034584050051,2.6820736958598994,2.6820736958598994,2.642433461687663,1.0,0.923570826502233,1.6222267401088981,36.05961302262201
8.859999999999856,-1.0375947093381537,1.0375947093381537,3.3701530365142336,1.8357976567460352,2.442145595248779,7.209786508978973,2.685104562019694,2.7887870955004086,9.422862447970472,3.069668133197866,2.869031622590682,2.685104562019694,2.685104562019694,2.621020255327974,1.0,0.9335202056003773,1.6407928362111739,36.059587478756534
8.869999999999855,-1.0574465197558185,1.0574465197558185,3.3785509697542886,1.8380835045650914,2.440655349367918,7.226328055967546,2.688183039892847,2.788562714951097,9.44541111732741,3.0733387573333677,2.869028457921825,2.688183039892847,2.688183039892847,2.601023059078064,1.0,0.9433745716550909,1.6591436157932127,36.059561456585854
8.879999999999855,-1.076818906102576,1.076818906102576,3.387142802261706,1.8404191919945048,2.43913314505149,7.243135218476105,2.691307343741347,2.7883317797369154,9.468346813527218,3.0770678922518457,2.8690250796963808,2.691307343741347,2.691307343741347,2.5823505085111553,1.0,0.9530960842939518,1.6764683536794303,36.05953496050179
8.889999999999855,-1.0957187311074672,1.0957187311074672,3.395925334558733,1.8428036614242802,2.4375800713677465,7.260199234068719,2.6944756881569223,2.7880943048423115,9.491660789003028,3.080853905819461,2.869021477397407,2.6944756881569223,2.6944756881569223,2.5649171743055548,1.0,0.9627290855517939,1.6938303088190605,36.05950799531391
8.899999999999855,-1.1141531545942915,1.1141531545942915,3.4048954658228716,1.845235883518113,2.4359972489302866,7.277511317656452,2.6976862897039107,2.78785030894627,9.515344190085619,3.0846951535096006,2.8690176403414673,2.6976862897039107,2.6976862897039107,2.5486432919152477,1.0,0.9722571618197328,1.7102046975535092,36.05948056623722
8.909999999999854,-1.132129605476653,1.132129605476653,3.4140501925980997,1.8477148569511745,2.4343858278277977,7.295062668499175,2.7009373684887947,2.7875998143404077,9.539388065525143,3.088589980156826,2.86901355768227,2.7009373684887947,2.7009373684887947,2.533454462776116,1.0,0.9816863083292521,1.7265949706216843,36.05945267887987
8.919999999999854,-1.1496557546105413,1.1496557546105413,3.42338660700708,1.850239607998672,2.4327469855140684,7.312844476934485,2.7042271496556065,2.787342846845175,9.563783374802542,3.092536721657892,2.869009218414638,2.7042271496556065,2.7042271496556065,2.519281341898749,1.0,0.9910486701653669,1.7422431335380835,36.05942433923073
8.929999999999854,-1.1667394885535833,1.1667394885535833,3.4329018944921845,1.8528091899848145,2.431081924665576,7.330847930830176,2.7075538648067883,2.7870794357243316,9.588520996223505,3.096533706618338,2.8690046113787813,2.7075538648067883,2.7075538648067883,2.5060593224458776,1.0,1.0002854844913756,1.757650284065812,36.05939555364711
8.939999999999854,-1.183388884271225,1.183388884271225,3.442593331114326,1.8554226826020874,2.4293918710139164,7.349064221758159,2.7109157533494392,2.786809613597864,9.613591734789217,3.10057925794346,2.8689997252648967,2.7109157533494392,2.7109157533494392,2.493728224712282,1.0,1.0095045567338496,1.772747939770959,36.05936632884244
8.949999999999854,-1.19961218481876,1.19961218481876,3.4524582804394535,1.8580791911109316,2.427678071160207,7.367484550889049,2.714311063767204,2.7865334163535156,9.638986329839412,3.104671694372758,2.8689945486180974,2.714311063767204,2.714311063767204,2.4822319945591524,1.0,1.0185830021487388,1.787137376855392,36.05933667187411
8.959999999999853,-1.2154177760245808,1.2154177760245808,3.462494190043406,1.8607778454300787,2.425941790378433,7.386100134607839,2.717738054818352,2.786250883057113,9.664695462464358,3.10880933195723,2.8689890698436677,2.717738054818352,2.717738054818352,2.4715184146053786,1.0,1.027649481974892,1.8018244441241582,36.05930659013136
8.969999999999853,-1.2308141641882206,1.2308141641882206,3.47269858766623,1.8635177991278298,2.4241843104145464,7.4049022098522785,2.721194996660893,2.78596205586184,9.690709762683813,3.1129904854791657,2.868983277212656,2.721194996660893,2.721194996660893,2.4615388301942005,1.0,1.0366088327737868,1.8157287582974908,36.05927609132324
8.979999999999853,-1.2458099548086694,1.2458099548086694,3.4830690770474293,1.8662982283245702,2.4224069272879354,7.42388203917658,2.7246801719057925,2.785666979916643,9.717019816391723,3.1172134698143026,2.8689771588677964,2.7246801719057925,2.7246801719057925,2.452247891220111,1.0,1.0455003532693168,1.8295315296256913,36.059245183466786
8.989999999999853,-1.2604138323477319,1.2604138323477319,3.4936033334737657,1.8691183305167616,2.4206109491016097,7.443030915544082,2.7281918765996065,2.7853657032739356,9.743616172066636,3.1214766012364463,2.868970702829776,2.7281918765996065,2.7281918765996065,2.443603310230493,1.0,1.05435358861292,1.8431981140029696,36.05921387487524
8.999999999999853,-1.274634541023633,1.274634541023633,3.504299099071162,1.8719773233325137,2.418797693867257,7.4623401668533855,2.7317284211380506,2.785058276796759,9.7704893472486,3.12577819866487,2.8689638970038347,2.7317284211380506,2.7317284211380506,2.435565636742977,1.0,1.0630860788068077,1.8562080645484675,36.059182174146414
9.009999999999852,-1.2884808666364027,1.2884808666364027,3.515154177872055,1.8748744432286806,2.416968487351033,7.481801160203205,2.735288131112188,2.784744754065582,9.797629834784146,3.130116584854971,2.868956729186708,2.735288131112188,2.735288131112188,2.428098047392725,1.0,1.0718253061651133,1.869399413369672,36.05915009015131
9.019999999999852,-1.3019616194090937,1.3019616194090937,3.5261664306892024,1.8778089441392067,2.4151246609456565,7.501405305902024,2.738869348089102,2.7844251912848805,9.82502810884175,3.1344900875328587,2.868949187073909,2.738869348089102,2.738869348089102,2.4211661513057923,1.0,1.0804639937097285,1.8822909571342774,36.059117632022684
9.029999999999852,-1.3150856178358663,1.3150856178358663,3.5373337698264304,1.8807800960841834,2.4132675495741185,7.521144061229123,2.742470430329035,2.7840996471896817,9.85267463070074,3.1388970404746854,2.8689412582673457,2.742470430329035,2.742470430329035,2.4147378099567915,1.0,1.0890268547786295,1.894615319823658,36.05908480914396
9.039999999999852,-1.327861673520799,1.327861673520799,3.548654153656208,1.8837871837487927,2.4113984896299727,7.5410089339542195,2.7460897534411033,2.78376818295222,9.880559854317285,3.143335784531663,2.8689329302832913,2.7460897534411033,2.7460897534411033,2.4087829706896593,1.0,1.0975794071465168,1.9071411549695436,36.05905163113815
9.049999999999851,-1.3402985769839952,1.3402985769839952,3.560125581093113,1.8868295050409596,2.4095188169589017,7.560991485623382,2.749725710979803,2.783430862088852,9.908674231671668,3.1478046686018604,2.868924190560671,2.749725710979803,2.749725710979803,2.4032735130431266,1.0,1.106021063522594,1.919431926236067,36.05901810785701
9.059999999999851,-1.3524050844149036,1.3524050844149036,3.571746085991547,1.8899063696362175,2.4076298648858754,7.58108333461931,2.753376714984586,2.7830877503674043,9.937008217901345,3.152302050549938,2.868915026469702,2.753376714984586,2.753376714984586,2.398183107015478,1.0,1.1144294259619472,1.9312206371355685,36.05898424937023
9.069999999999851,-1.3641899053481366,1.3641899053481366,3.5835137314949193,1.8930170975178537,2.4057329622919617,7.601276159004383,2.7570411964648596,2.782738915715086,9.96555227622489,3.1568262980761057,2.8689054253208623,2.7570411964648596,2.7570411964648596,2.393487082417082,1.0,1.122790316489267,1.9430035160250654,36.058950065954896
9.07999999999985,-1.3756616912330273,1.3756616912330273,3.5954266043626735,1.8961610175200505,2.403829431744448,7.621561699155212,2.7607176058328045,2.782384428127118,9.994296882662134,3.1613757895356467,2.8688953743741847,2.7607176058328045,2.7607176058328045,2.389162308487397,1.0,1.131045997427434,1.954820459408197,36.05891556808499
9.08999999999985,-1.386829024871225,1.386829024871225,3.607482809300279,1.8993374658812685,2.4019205876836747,7.641931760197569,2.764404413286444,2.782024359576227,10.023232530556134,3.1659489147104276,2.868884860848888,2.764404413286444,2.764404413286444,2.3851870829905915,1.0,1.1392922483959729,1.9661838589619463,36.05888076642104
9.09999999999985,-1.3977004106927153,1.3977004106927153,3.6196804633162634,1.9025457848147211,2.4000077346695794,7.662378214250805,2.768100109145405,2.781658783923125,10.052349734902899,3.1705440755338663,2.8688738719333218,2.768100109145405,2.768100109145405,2.381541030046926,1.0,1.1474696951890258,1.977126194966359,36.05884567179989
9.10999999999985,-1.408284265833497,1.408284265833497,3.6320176901290675,1.9057853211023186,2.39809216569069,7.682893002490897,2.771803204141827,2.781287776828135,10.081639036494813,3.1751596867708582,2.8688623947952427,2.771803204141827,2.771803204141827,2.3782050060030375,1.0,1.155545650745463,1.9885638645430253,36.05881029522461
9.11999999999985,-1.4185889119913595,1.4185889119913595,3.64449261464527,1.9090554247180123,2.396175160537951,7.703468137041413,2.7755122296688612,2.780911415664062,10.111091005884122,3.1797941766542253,2.8688504165923954,2.7755122296688612,2.7755122296688612,2.3751610126911475,1.0,1.1636189300222264,1.9995849211924765,36.05877464785452
9.12999999999985,-1.4286225680249387,1.4286225680249387,3.657103357529491,1.9123554474860291,2.3942579842454266,7.724095702701569,2.779225737989192,2.7805297794304598,10.140696247172606,3.184445987479236,2.868837924483408,2.779225737989192,2.779225737989192,2.372392117473903,1.0,1.1716171586740003,2.0102129925981327,36.058738740995274
9.13999999999985,-1.4383933432602816,1.4383933432602816,3.6698480298848812,1.915684741779002,2.3923418855996914,7.744767858520673,2.7829423024059756,2.7801429486693916,10.170445401633947,3.189113576157793,2.868824905638995,2.7829423024059756,2.7829423024059756,2.3698823795168353,1.0,1.1795160679528776,2.020700732519998,36.058702586089055
9.14999999999985,-1.4479092314765734,1.4479092314765734,3.682724728061834,1.9190426592605578,2.3904280957193333,7.765476839228024,2.7866605173985626,2.779751005382822,10.200329151175085,3.1937954147338687,2.868811347253449,2.7866605173985626,2.7866605173985626,2.367616781773928,1.0,1.1874029008852258,2.0314430232721494,36.05866619470493
9.15999999999985,-1.457178105537747,1.457178105537747,3.695731528611247,1.9224285496764886,2.388517826705754,7.78621495652739,2.7903789987253327,2.7793540329517255,10.230338221642974,3.1984899908617774,2.8687972365564387,2.7903789987253327,2.7903789987253327,2.3655811682129584,1.0,1.1952231812819392,2.041817379300456,36.05862957852919
9.169999999999849,-1.466207712634503,1.466207712634503,3.708866483397258,1.9258417596981476,2.386612270366145,7.806974600264897,2.7940963834959054,2.778952116057032,10.260463385983126,3.203195808248869,2.8687825608250757,2.7940963834959054,2.7940963834959054,2.3637621858460047,1.0,1.2029450859837068,2.051842246036858,36.058592749355896
9.179999999999849,-1.4750056701078835,1.4750056701078835,3.7221276148830875,1.9292816318213075,2.3847125970092797,7.8277482394791225,2.7978113302149454,2.7785453406025042,10.29069546725615,3.2079113870641986,2.8687673073962685,2.7978113302149454,2.7978113302149454,2.3621472311666296,1.0,1.2106297974363518,2.061728823409254,36.058555719077326
9.189999999999849,-1.4835794618254126,1.4835794618254126,3.7355129116023336,1.93274750332327,2.382819954314455,7.848528423341946,2.8015225187997235,2.7781337936396358,10.321025341518565,3.2126352643147285,2.8687514636793443,2.8015225187997235,2.8015225187997235,2.3607244006288384,1.0,1.218271232635265,2.0718938918643617,36.058518499674676
9.199999999999848,-1.4919364350717799,1.4919364350717799,3.749020323826699,1.9362387052806012,2.3809354662737148,7.869307781998459,2.805228650573507,2.777717563294658,10.35144394057397,3.217365994190585,2.868735017168926,2.805228650573507,2.805228650573507,2.359482444833908,1.0,1.2258142505651908,2.0817269683218766,36.05848110320874
9.209999999999848,-1.500083797928275,1.500083797928275,3.7626477594399237,1.939754561649469,2.3790602322072214,7.890079027314103,2.8089284482368186,2.777296738697742,10.38194225460048,3.2221021483808485,2.8687179554580697,2.8089284482368186,2.8089284482368186,2.358410726119786,1.0,1.233279206319192,2.0912429687487046,36.058443541810654
9.219999999999848,-1.5080286171142065,1.5080286171142065,3.776393080026418,1.9432943884101601,2.3771953258514373,7.910834953536863,2.8126206558184954,2.776871409914458,10.412511334660408,3.2268423163613695,2.8687002662516363,2.8126206558184954,2.8126206558184954,2.357499179274047,1.0,1.240739338214555,2.100455863161675,36.058405827672665
9.229999999999848,-1.5157778162560713,1.5157778162560713,3.7902540971818777,1.9468574927769824,2.3753417945195703,7.931568437882118,2.8163040386084237,2.7764416678795807,10.443142295097775,3.2315851056560114,2.8686819373798977,2.8163040386084237,2.8163040386084237,2.3567382751154318,1.0,1.2481002129145788,2.1100366974385882,36.0583679730391
9.239999999999847,-1.5233381745585322,1.5233381745585322,3.804228569051976,1.9504431724743934,2.373500658333537,7.952272441047513,2.8199773830737564,2.7760076043332775,10.473826315829184,3.2363291420727256,2.868662956812365,2.8199773830737564,2.8199773830737564,2.356118986711124,1.0,1.2553655001612856,2.1194056496948823,36.05832999019718
9.249999999999847,-1.53071632585263,1.53071632585263,3.8183141971041548,1.954050715079871,2.3716729095265108,7.972940007664824,2.823639496760311,2.7755693117597606,10.504554644533457,3.2410730699158043,2.8686433126718294,2.823639496760311,2.823639496760311,2.355632758016985,1.0,1.2626011981533638,2.1284825216977956,36.05829189146805
9.259999999999847,-1.5379187579947764,1.5379187579947764,3.8325086231363232,1.9576793974336868,2.3698595118149797,7.993564266695644,2.827289208180805,2.7751268833284346,10.535318598745176,3.245815552175628,2.8686229932485987,2.827289208180805,2.827289208180805,2.3552714747464383,1.0,1.2697757242351766,2.137279056324638,36.058253689197805
9.269999999999847,-1.544951812587233,1.544951812587233,3.846809426525332,1.9613284851154669,2.368061399839055,8.014138431777232,2.8309253666914698,2.774680412837596,10.566109567857113,3.250555270697164,2.868601987014925,2.8309253666914698,2.8309253666914698,2.3550274372904156,1.0,1.2768528716803857,2.1458977927481535,36.05821539574852
9.279999999999847,-1.551821685000868,1.551821685000868,3.861214121717038,1.9649972319871187,2.36627947866965,8.03465580152478,2.8345468423585416,2.77422999466071,10.596919015036363,3.255290926328454,2.8685802826396003,2.8345457634121067,2.8345463028851703,2.3548933355261386,0.9999992384537498,1.2838357468601553,2.1548609747175114,36.05817702348937
9.289999999999846,-1.5585344246787556,1.5585344246787556,3.875720155958805,1.9686848798014387,2.364514623381019,8.055109759795833,2.8381525258160165,2.773775723695302,10.627738479058737,3.2600212390502517,2.868557869002724,2.838139982434369,2.8381462541043785,2.3548622253663813,0.9999911527398507,1.2908103120178116,2.1635519856842262,36.05813858478781
9.299999999999846,-1.5650959356920262,1.5650959356920262,3.890324907274398,1.972390657875462,2.362767678687024,8.07549377592241,2.8417413281159862,2.773317695314494,10.65855957606583,3.264744948087956,2.86853473521061,2.8416997582011563,2.841720542930078,2.354927506913608,0.9999706998099337,1.2976939959737668,2.1719809229582543,36.05810009200074
9.309999999999846,-1.5715119775336936,1.5715119775336936,3.9050256826803604,1.9761137828273858,2.3610394586394117,8.095801404916022,2.8453121805728143,2.772856005321189,10.689374001248991,3.2694608120069266,2.8685108706108338,2.845220093343894,2.8452661358376266,2.355082904094913,0.9999351384361219,1.3044808787581355,2.1801574244190975,36.058061557465784
9.319999999999846,-1.5777881661250555,1.5777881661250555,3.919819716642208,1.979853458375697,2.3593307463862647,8.116026287650534,2.848864034602307,2.7723907499049263,10.720173530464093,3.2741676087922094,2.868486264807397,2.8486978067951747,2.848780917048759,2.3553224456642194,0.9998830007425422,1.311173584175102,2.1880907031248724,36.05802299349252
9.329999999999846,-1.5839299750204394,1.5839299750204394,3.9347041697678935,1.9836088751989123,2.3576422939887456,8.136162151027348,2.8523958615569733,2.7719220256014063,10.750950021781016,3.278864135913688,2.8684609076760017,2.852129422177169,2.8522626324942904,2.3556404474677852,0.9998125992546265,1.317855309199744,2.196382189992781,36.05798441235386
9.339999999999845,-1.5899427367919907,1.5899427367919907,3.9496761277354353,1.987379210854193,2.355974822294171,8.156202808127249,2.8559066525583865,2.7714499292546986,10.781695416971333,3.2835492103775956,2.868434789379407,2.8555139157883906,2.8557102638190224,2.356031495877782,0.9997239667162104,1.3244402021498125,2.2044823072860797,36.05794582627738
9.349999999999845,-1.5958316445716578,1.5958316445716578,3.9647326004508745,1.9911636297529327,2.354329020863387,8.176142158352922,2.859395418327609,2.7709745579820932,10.812401742937666,3.288221668765302,2.8684079003828638,2.8588481713110805,2.8591217553181267,2.356490432306674,0.9996156451514946,1.3309278085973573,2.2123439401614946,36.057907247436816
9.359999999999845,-1.6016017537429115,1.6016017537429115,3.979870521432114,1.9949612831912589,2.3527055479503893,8.195974187565671,2.862861189014527,2.7704960091416284,10.843061113087831,3.2928803672602247,2.8683802314696143,2.862131977748958,2.862496513278576,2.3570123387223463,0.9994882152792167,1.3373203330367875,2.2199752553115077,36.05786868794342
9.369999999999845,-1.6072579837598733,1.6072579837598733,3.995086747413688,1.9987713094332948,2.3511050305320933,8.215692968219873,2.866303014026932,2.7700143803022286,10.873665728656878,3.2975241816637038,2.868351773756423,2.8653643584170685,2.8658335701227733,2.357592524090554,0.9993417033195354,1.343677674078645,2.2273841147861435,36.05783015983759
9.379999999999844,-1.6128051200837734,1.6128051200837734,4.010378058166974,2.0025928338449064,2.349528064386114,8.235292659498144,2.869719961860067,2.769529769216456,10.90420787997974,3.302152007400589,2.8683225187091343,2.8685418941256375,2.8691307452025736,2.3582265116772594,0.9991743961463868,1.3499538200521992,2.234655486078906,36.057791675080374
9.389999999999844,-1.6182478162223355,1.6182478162223355,4.025741156529932,2.0064249690755775,2.3479752142144297,8.254767507450035,2.873111119927323,2.7690422737958444,10.934679947717225,3.3067627595152973,2.868292458158238,2.871668050963651,2.872389311303768,2.358910027148901,0.9989894290386411,1.3561313120700558,2.242231918936556,36.057753245545115
9.399999999999844,-1.6235905958588388,1.6235905958588388,4.04117266864,2.010266815285971,2.3464470138107725,8.27411184513679,2.876475594392692,2.7685519920887574,10.96507440403768,3.3113553726590084,2.868261584314425,2.8747378791067204,2.8756063394158033,2.3596389874136734,0.9987839800707626,1.3622119869353082,2.2495891256496443,36.05771488300915
9.409999999999844,-1.628837855059826,1.628837855059826,4.056669144363506,2.014117460418708,2.3449439662695784,8.293320092784441,2.8798125100055456,2.768059022260748,10.995383813756758,3.3159288010686776,2.8682298897841085,2.8777554818922773,2.8787834394421696,2.3604094901514263,0.9985616047510112,1.3682133487328452,2.2567341913349623,36.05767659914551
9.419999999999844,-1.6339938645474013,1.6339938645474013,4.072227057914559,2.0179759805098176,2.3434665442343787,8.312386757947149,2.8831210099382143,2.767563462577368,11.025600835437205,3.3204820185384536,2.868197367584905,2.880718049491993,2.8819187706521996,2.361217803983972,0.9983209619377442,1.3741692897668594,2.2636739735424376,36.05763840551481
9.429999999999843,-1.639062772034328,1.639062772034328,4.087842808656115,2.0218414400382922,2.342015190183476,8.331306435682594,2.886400255626824,2.7670654113893596,11.0557182224508,3.325014018384103,2.8681640111610323,2.883623392379103,2.8850108108024966,2.362060359241417,0.9980611356733788,1.3800244662544618,2.270415113345874,36.05760031355709
9.439999999999843,-1.644048604601572,1.644048604601572,4.1035127220757905,2.025712892311196,2.3405903167507844,8.350073808740854,2.889649426615771,2.7665649671201886,11.085728824004095,3.3295238134009635,2.8681298143986322,2.8864742894388926,2.8880605339515024,2.3629337392835676,0.997784701575435,1.38578039106324,2.276964045492582,36.0575623345837
9.449999999999843,-1.6489552711128537,1.6489552711128537,4.119233050928649,2.0295893798817164,2.339192307079781,8.368683647768012,2.8928677204061737,2.7660622282558487,11.115625586129564,3.3340104358159355,2.868094771640985,2.889270354150734,2.891067338410981,2.363834672338692,0.9974919854878991,1.391438383663875,2.2836541570858127,36.05752447976946
9.459999999999843,-1.6537865646666141,1.6537865646666141,4.134999976539175,2.033469934997608,2.3378215152084576,8.387130811525507,2.8960543523085867,2.765557293336858,11.145401552643769,3.3384729372339934,2.8680588777035885,2.8920115022676183,2.894030782575888,2.3647600238247968,0.9971835118938962,1.3970168657866715,2.2903612472697628,36.05748676014467
9.469999999999843,-1.658546165064454,1.658546165064454,4.150809610254451,2.037353580077462,2.3364782664832835,8.405410247126017,2.8992085553002247,2.7650502609523877,11.17504986607373,3.3429103885796474,2.868022127889092,2.894697990464106,2.8969506044252027,2.3657067891212593,0.9968600310263414,1.4025364829970868,2.2968776606865475,36.05744918658731
9.479999999999842,-1.6632376412941292,1.6632376412941292,4.1666579950405165,2.041239328212279,2.3351628580001837,8.423516990286386,2.9023295798868856,2.7645412297364413,11.204563768552712,3.3473218800337547,2.867984518002067,2.897330458308695,2.8998267427461046,2.366672086761085,0.9965225483975717,1.4079538164085266,2.3032093006446193,36.05741176981541
9.489999999999842,-1.6678644540259777,1.6678644540259777,4.18254110721385,2.0451261836898595,2.3338755590705706,8.441446165598036,2.905416693969737,2.7640302983659923,11.23393660268658,3.3517065209660855,2.867946044363571,2.8999077732358916,2.9026582567139645,2.367653152016311,0.996170805374923,1.4132699117771916,2.3093619064810986,36.057374520379305
9.499999999999842,-1.672429958110006,1.672429958110006,4.1984548582998675,2.049013142539566,2.3326166117105576,8.459192986814923,2.9084691827170737,2.763517565561009,11.263161812391528,3.356063439863962,2.867906703825515,2.9024256940402755,2.90544265425102,2.3686473308511173,0.9958023366120587,1.4184856377493615,2.3153410591598687,36.05733744865424
9.509999999999842,-1.676937405068372,1.676937405068372,4.21439509701037,2.0528991930950653,2.331386231151482,8.476752757159096,2.911486348441135,2.763003130086258,11.292232943704033,3.3603917842573106,2.8678664937847875,2.9048905174498203,2.9081827367788042,2.369652074219092,0.9954220915317576,1.423601690202138,2.321152186466998,36.057300564832836
9.519999999999841,-1.6813899455822297,1.6813899455822297,4.230357611331919,2.05678331657273,2.330184606369962,8.494120869643545,2.9144675104800095,2.762487090754807,11.321143645563724,3.364690720640416,2.8678254121971225,2.907304332784975,2.910879206287503,2.370664932682837,0.9950320383010727,1.4286570407959769,2.3268511511560526,36.057263878917865
9.529999999999841,-1.6857906319657323,1.6857906319657323,4.24633813071722,2.060664487663438,2.3290119006357055,8.511292807412024,2.9174120050846475,2.7619695464331193,11.349887670569744,3.3689594343906464,2.867783457590692,2.9096652139964414,2.9135307587377817,2.371683551335661,0.9946313028929844,1.4336161507567002,2.3328105301883317,36.05722740071506
9.539999999999841,-1.6901424206212885,1.6901424206212885,4.262332328371568,2.064541675135566,2.3278682520754392,8.528264144095223,2.920319185310952,2.7614505960476383,11.378458875711067,3.3731971296843986,2.8677406290793908,2.911963826904744,2.916132377011958,2.3727056650066136,0.9942137755241172,1.438470871050801,2.3386024032786503,36.05719113982598
9.54999999999984,-1.6944481744777007,1.6944481744777007,4.278335823626726,2.0684138424470877,2.3267537742512623,8.545030544182616,2.923188420916896,2.7609303385927633,11.406851223071113,3.377403029410484,2.867696926375803,2.91421584605164,2.918691610194549,2.3737290937314044,0.9937909484501857,1.4432216810848022,2.3442317980027134,36.057155105641144
9.55999999999984,-1.6987106654014898,1.6987106654014898,4.2943441843945465,2.0722799483647343,2.3256685567519013,8.561587763409111,2.9260190982645877,2.760408873140097,11.435058780506957,3.381576375081148,2.867652349803821,2.916413144633693,2.921204064940739,2.3747517384730283,0.9933575430350703,1.4478689038612658,2.3497036134961014,36.05711930733319
9.56999999999984,-1.7029325765797785,1.7029325765797785,4.31035292969291,2.0761389475882654,2.324612665795322,8.577931649155415,2.9288106202271624,2.759886298848868,11.46307572230332,3.3857164267409225,2.8676069003108853,2.9185524276128496,2.923667779898779,2.3757715770770442,0.9929116593052288,1.4524127106787412,2.3550226233191154,36.05708375385018
9.57999999999984,-1.7071165048780337,1.7071165048780337,4.326357532236725,2.079989791378007,2.323586144841262,8.594058140861117,2.9315624061003915,2.7593627149773994,11.49089632980139,3.3898224628734455,2.8675605794798478,2.920649950268011,2.926090631518614,2.3767866604474888,0.9924651512974163,1.456875034912164,2.3601934781583545,36.05704845390914
9.58999999999984,-1.7112649631619619,1.7112649631619619,4.342353421086886,2.0838314281838843,2.3225890152122597,8.609963270449034,2.934273891518826,2.75883822089552,11.518514992002558,3.3938937803064135,2.8675133895403984,2.9226782424459192,2.9284585191332155,2.3777951089304197,0.9919990916087169,1.4612441185866116,2.365220708384955,36.05701341598961
9.59999999999984,-1.7153803825820042,1.7153803825820042,4.358335984350268,2.0876628042742604,2.321621276721892,8.625643162759577,2.936944528376315,2.7583129160977933,11.545926206146907,3.397929694114772,2.8674653333800726,2.9246717685515335,2.930788499393435,2.378795108892914,0.9915381008294333,1.465504832946697,2.3701087264811997,36.05697864832746
9.60999999999984,-1.7194651148266962,1.7194651148266962,4.374300571924148,2.091482864363021,2.320682908308892,8.641094035993541,2.9395737847506975,2.7577869002174435,11.573124578266418,3.40192953752226,2.8674164145547807,2.9265932798692047,2.933061559371502,2.3797849094862347,0.9910563666209145,1.4696571877682143,2.374946121673884,36.05694415890887
9.61999999999984,-1.7235214343348375,1.7235214343348375,4.3902424982785515,2.095290552233401,2.319773868675962,8.656312202161772,2.9421611448324465,2.757260273040861,11.600104823712638,3.405892661801402,2.867366637298858,2.9284828112020915,2.9352975886903216,2.3807628195826003,0.9905823797320839,1.4737010585424901,2.3799639359678513,36.056909955464356
9.62999999999984,-1.7275515404648472,1.7275515404648472,4.406157045270295,2.099084811357153,2.31889409693213,8.671294067539936,2.944706108857034,2.7567331345225603,11.62686176765853,3.4098184361720096,2.8673160065346046,2.9302989745595935,2.9374754933088694,2.3817272048757214,0.9900874092672906,1.477636191800127,2.384842019074812,36.05687604546309
9.639999999999839,-1.7315575596284989,1.7315575596284989,4.422039464982792,2.1028645855077763,2.3180435132375203,8.686036133126693,2.9472081930407787,2.756205584800465,11.653390345574222,3.413706247698273,2.867264527881294,2.932080712508195,2.9396146430943286,2.3826764851359052,0.9895991406525311,1.4814622106317779,2.389584479374861,36.05684243610744
9.649999999999839,-1.735541547378291,1.735541547378291,4.43788498258583,2.1066288193665796,2.3172220194495265,8.700534995103288,2.9496669295198887,2.755677724211402,11.67968560367627,3.4175555011844754,2.8672122076636257,2.933798349794296,2.941699848779597,2.383609131611151,0.9890970493218516,1.4851836870331296,2.3941953204625914,36.05680913432747
9.659999999999838,-1.739505490450614,1.739505490450614,4.453688799209875,2.110376459120475,2.3164294997693817,8.71478734529271,2.952081866292449,2.755149653306665,11.705742699349972,3.4213656190693755,2.867159052919601,2.935470074588069,2.943740048522798,2.3845236645661987,0.9885942214519652,1.4888130880174097,2.398678442507966,36.05677614677593
9.669999999999838,-1.7434513087684569,1.7434513087684569,4.4694460948296335,2.1141064530504687,2.3156658213882158,8.728789971616333,2.9544525671630493,2.754621472867533,11.731556901544355,3.425136041319287,2.8671050714077917,2.9370961693872037,2.9457351676197474,2.385418650952043,0.9880911295594583,1.4923282921654817,2.403037643573075,36.056743479823176
9.679999999999838,-1.7473808573972698,1.7473808573972698,4.485152031151928,2.1178177521099233,2.3149308351316953,8.742539758545997,2.956778611689755,2.754093283920609,11.757123591139113,3.4288662253198376,2.867050271614002,2.9386559209474106,2.947674541201234,2.3862927021988734,0.9875735453506808,1.4957288278421854,2.407276620890959,36.05671113955251
9.689999999999838,-1.7512959284539613,1.7512959284539613,4.500801754503127,2.1215093104917373,2.3142243761024535,8.756033687549373,2.9590595951331182,2.7535651877528555,11.782438261283284,3.4325556457664725,2.8669946627572647,2.9401797035853665,2.9495732950575495,2.387144472125879,0.9870630273276549,1.4990141192045205,2.4113989721078073,36.056679131755565
9.699999999999838,-1.7551982529727859,1.7551982529727859,4.5163903987117076,2.125180086183688,2.3135462643195184,8.769268837526452,2.9612951284069022,2.753037285926193,11.807496517704761,3.4362037945536295,2.8669382547951816,2.9416451982097906,2.951419966515472,2.3879726549617466,0.9865441790048306,1.502183492431045,2.4154081964871614,36.05664746192795
9.709999999999837,-1.7590895027241567,1.7590895027241567,4.531913087981712,2.128829041511251,2.3128963053540184,8.782242385234877,2.9634848380301992,2.7525096802915496,11.832294078990126,3.4398101806626085,2.8668810584285818,2.9430545110831816,2.953215427705284,2.3887759834700937,0.9860187414593699,1.505236182162485,2.419307696079532,36.056616135265244
9.719999999999837,-1.7629712919872125,1.7629712919872125,4.547364939753145,2.1324551436673045,2.312274290960507,8.79495160570197,2.9656283660806135,2.751982473002214,11.856826776834279,3.443374330048111,2.866823085105453,2.9444261744702915,2.954968865597695,2.3895532271744173,0.9854999132785576,1.5081713381507238,2.4231514527613287,36.056585156659004
9.729999999999837,-1.766845179279,1.766845179279,4.562741067545641,2.1360573652282002,2.3116799997032533,8.807393872621041,2.967725370148161,2.7514557665263832,11.881090556259073,3.446895785523414,2.866764347024154,2.9457405070620095,2.9566701609732036,2.3903031906774848,0.9849741278003284,1.5109880321094002,2.4271549897515063,36.05655453069316
9.739999999999837,-1.7707126690325938,1.7707126690325938,4.578036583781929,2.1396346846557543,2.3111131975769377,8.81956665872976,2.969775523289557,2.750929663658774,11.90508147580027,3.4503741066441287,2.8667048571358724,2.946995725671586,2.958318243385955,2.3910247120704025,0.9844403679665961,1.5136852647634236,2.431047256849321,36.05652426164054
9.749999999999837,-1.7745752132330472,1.7745752132330472,4.593246602587865,2.1431860867847816,2.3105736386212152,8.831467536168208,2.971778513982529,2.750404267531182,11.92879570766219,3.4538088695905262,2.8666446291463146,2.948211807518576,2.959923064716578,2.3917166614268877,0.9839127983036888,1.516266938898338,2.434831408122263,36.05649435345978
9.759999999999836,-1.7784342130086241,1.7784342130086241,4.6083662425661345,2.1467105632958847,2.3100610655286204,8.843094176814303,2.973734046079828,2.7498796816218505,11.952229537839317,3.457199667048364,2.8665836775165947,2.9493872588726093,2.961483727292772,2.3923779393785503,0.9833905425938233,1.5187340671951821,2.4385105068452715,36.05646480979228
9.769999999999836,-1.7822910201717788,1.7822910201717788,4.623390629540823,2.1502071131732454,2.309575210245393,8.854444352594255,2.9756418387625643,2.749356009763546,11.975379366204084,3.460546108088156,2.8665220174633266,2.950485483492318,2.962981554903451,2.3930074757672197,0.9828482095537233,1.521076826772592,2.442087526194996,36.056435633959616
9.779999999999836,-1.7861469387198645,1.7861469387198645,4.638314899270385,2.1536747431472527,2.309115794564785,8.865515935765682,2.9775016264925336,2.7488333561502225,11.998241706560203,3.4638478180428485,2.866459664957879,2.95154328283068,2.9644350517692035,2.393604228370627,0.9823116893785183,1.5232942315748628,2.4455653499328602,36.05640682896102
9.789999999999836,-1.790003226290257,1.790003226290257,4.653134200126744,2.157112468121851,2.3086825307124683,8.876306899171084,2.979313158963167,2.7483118253421415,12.020813186660721,3.467104438383811,2.866396636724785,2.9525599646868135,2.9658437482719013,2.3941671816979295,0.9817806352812767,1.5253852460789357,2.4489467730784713,36.05637839747132
9.799999999999836,-1.793861095569227,1.793861095569227,4.667843695738437,2.1605193115865537,2.308275121923703,8.886815316459316,2.9810762010487615,2.747791522269361,12.043090548190131,3.4703156265950983,2.8663329502392947,2.9535343853843274,2.9672069528098652,2.3946953458518103,0.9812543763742954,1.5273487927323826,2.4522345025716823,36.056350341838915
9.809999999999835,-1.7977217156580658,1.7977217156580658,4.682438567595984,2.1638943060131157,2.307893263011936,8.897039362272805,2.982790532751639,2.7472725522334547,12.06507064670979,3.473481056045907,2.866268623724038,2.954432013299139,2.9685070356748127,2.395187755454053,0.9807089560438543,1.529183759502327,2.4554311579190062,36.05632266408422
9.819999999999835,-1.8015862133966691,1.8015862133966691,4.696914017617768,2.1672364932368984,2.307536640928576,8.906977312398174,2.984455949146875,2.746755020907384,12.086750451565889,3.4766004158611454,2.866203676144803,2.955287508136292,2.9697614757391393,2.3956434686316896,0.9801686881522564,1.5308890075140977,2.4585392718221755,36.05629536589826
9.829999999999835,-1.805455674643697,1.805455674643697,4.7112652706750815,2.1705449248230457,2.307204935313647,8.916627543878054,2.986072260324263,2.746239034333388,12.108127045759296,3.4796734107900553,2.86613812720539,2.956100277025153,2.970969882661362,2.396061566060962,0.9796332556314244,1.53246337875698,2.4615612907871975,36.05626844864158
9.839999999999835,-1.8093311455138013,1.8093311455138013,4.72548757707492,2.1738186624175713,2.306897819037155,8.925988535081828,2.9876392913271554,2.7457246989188206,12.129197625776607,3.48269976107281,2.866071997341558,2.9568697579978718,2.972131888767675,2.396441150066543,0.9791023538699102,1.5339057038315447,2.464499575711366,36.056241913343456
9.849999999999834,-1.813213633575659,1.813213633575659,4.739576214999576,2.177056778083561,2.3066149587309033,8.935058865733208,2.9891568820878587,2.7452121214298106,12.149959501381563,3.4856792023049916,2.8660053077140137,2.957588032670056,2.97324339355455,2.396781343773557,0.9785705456744213,1.5352148097090268,2.4673564024437793,36.0562157607013
9.859999999999834,-1.8171041090051818,1.8171041090051818,4.753526492902011,2.1802583546226835,2.3063560153106386,8.943837216892357,2.9906248873592216,2.744701408982676,12.170410095366359,3.4886114852998977,2.865938080200465,2.9582380692576313,2.9742956623246046,2.397081290310124,0.9780260589511484,1.5363895274778412,2.470133962320366,36.05618999108047
9.869999999999834,-1.8210035057010427,1.8210035057010427,4.767333751856297,2.1834224858822666,2.306120644488337,8.952322370890647,2.9920431766421163,2.744192669032974,12.19054694326201,3.4914963759485715,2.8658703373867036,2.9588441496016995,2.975300973467703,2.397340152058256,0.9774858757597674,1.5374287000424205,2.4728938736426564,36.056164604514265
9.879999999999834,-1.824912722361021,1.824912722361021,4.7809933678624645,2.1865482770482028,2.3059084972745407,8.960513211215853,2.993411634108455,2.7436860093621425,12.210367693007274,3.494333655077499,2.865802102556719,2.9594058087473836,2.9762590369805864,2.3975571099510624,0.9769497198073506,1.5383311897441254,2.4757335500610718,36.05613960070428
9.889999999999834,-1.8288326235150585,1.8288326235150585,4.7945007541054,2.1896348449240115,2.305719220470588,8.968408722345927,2.9947301585194497,2.743181538061601,12.22987010457544,3.497123118303878,2.865733399681822,2.959922611085256,2.9771695846280126,2.39773136281435,0.9764173261677397,1.5390958858749115,2.4784910011458026,36.056114979020926
9.899999999999833,-1.8327640405238834,1.8327640405238834,4.807851363167289,2.1926813181963514,2.3055524571507027,8.976007989529366,2.9959986631387814,2.7426793635142817,12.249052049558372,3.4998645758883833,2.8656642534087866,2.9603941498389847,2.9780323696599855,2.397862126750786,0.9758884409135709,1.5397217120450621,2.481168196510741,36.056090738504494
9.909999999999833,-1.8367077725378234,1.8367077725378234,4.821040689193607,2.19568683768738,2.3054078471338184,8.983310198510347,2.9972170756403926,2.7421795943734883,12.267911510707384,3.5025578525853622,2.865594689046983,2.9608138687420067,2.978844017962958,2.3979486345649255,0.9753585270793693,1.5402076333756014,2.48376702342559,36.056066877866144
9.919999999999833,-1.8406645874178573,1.8406645874178573,4.834064270012401,2.1986505565942944,2.305285027445129,8.990314635196865,2.9983853380105874,2.7416823395390337,12.286446581430255,3.505202787490369,2.8655247325545092,2.961167143312398,2.9795970432066357,2.397990135227468,0.9748174466848218,1.540552663480997,2.4862892870972377,36.05604339548958
9.929999999999833,-1.844635222620426,1.844635222620426,4.846917689206982,2.201571640716464,2.3051836327672883,8.997020685270167,2.999503406444168,2.74118770813058,12.30465546524398,3.50779923388497,2.8654544105233155,2.9614749081391825,2.980302091693034,2.397985893377225,0.9742797593751444,1.540755871208446,2.4887367109235683,36.056020289432695
9.939999999999833,-1.8486203860450021,1.8486203860450021,4.859596578142125,2.2044492686705506,2.305103295881254,9.00342783373385,3.000571251234313,2.740695809458137,12.322536475182815,3.510347059078748,2.865383750163298,2.96173685092778,2.980958992266947,2.397935188859346,0.9737452385754941,1.5408163871024008,2.4911109367171913,36.05599755742972
9.949999999999832,-1.852620756848059,1.852620756848059,4.872096617944003,2.207282632094042,2.30504364809675,9.009535664401136,3.001588856655944,2.740206752989663,12.340088033161111,3.512846144248437,2.865312779285387,2.961952686904498,2.9815675943973305,2.3978373162984457,0.9732136679603178,1.5407334095607848,2.493413524893887,36.05597519689352
9.959999999999832,-1.8566369862208187,1.8566369862208187,4.8844135414341565,2.2100709358376163,2.305004319672346,9.015343859318785,3.0025562208422985,2.739720648315729,12.35730866929062,3.5152963842741087,2.865241526283614,2.9621221583677118,2.982127767905411,2.3976915847053286,0.9726848411709521,1.5405062106549352,2.495645954624238,36.055953204918346
9.969999999999832,-1.8606696981323056,1.8606696981323056,4.896543135017862,2.2128133981467712,2.3049849402251703,9.020852198126446,3.003473355654491,2.739237605111181,12.374197021151929,3.51769768757236,2.86517002011614,2.9622450342522475,2.982639402695254,2.3974973171161023,0.9721585615505315,1.5401341415840877,2.497809623944503,36.055931578282696
9.979999999999832,-1.864719490038955,1.864719490038955,4.90848124052738,2.215509250833176,2.304985139130246,9.026060557350014,3.0043402865437887,2.738757733093815,12.390751833019625,3.5200499759264248,2.865098290285286,2.962321109705973,2.9831024084862237,2.3972538502625227,0.9716346418955272,1.5396166377372862,2.499905849823025,36.05591031345262
9.989999999999831,-1.8687869335603822,1.8687869335603822,4.920223757020556,2.2181577394361645,2.3050045459095054,9.030968909627978,3.005157052406409,2.7382811419799857,12.406971955041131,3.5223531843131703,2.865026366816522,2.96235020567768,2.9835167145468446,2.3969605342724716,0.971112904223273,1.5389532233389347,2.5019358681794275,36.055889406585194
9.999999999999831,-1.872872575123168,1.872872575123168,4.931766642535376,2.2207581233748477,2.305042790610486,9.035577322869662,3.0059237054306056,2.7378079414371563,12.422856342368734,3.524607260726893,2.864954280236455,2.96231497763271,2.983873474945554,2.396616732399542,0.9705812668824284,1.5381435156550676,2.5039008338526396,36.05586885353239
10.009999999999831,-1.8769769365720186,1.8769769365720186,4.943105915801034,2.2233096760912625,2.3050995041747564,9.039885959344357,3.006640310935839,2.7373382410333753,12.438404054244911,3.5268121659999006,2.864882061549793,2.962230477900792,2.9841804158639467,2.396221820780743,0.970050102490583,1.5371872287418427,2.505801820515221,36.05584864984513
10.01999999999983,-1.8811005157497507,1.8811005157497507,4.954237657906198,2.2258116851850245,2.305174318796114,9.04389507470062,3.007306947203863,2.73687215018365,12.453614253040628,3.5289678736197967,2.864809742215314,2.962099381494296,2.984438945256506,2.3957751882214025,0.9695211846755089,1.5360841767191633,2.5076398205303754,36.05582879077774
10.02999999999983,-1.885243787045132,1.885243787045132,4.965158013925131,2.2282634525399216,2.305266868268586,9.04760501691493,3.0079237053015375,2.7364097780932353,12.468486203246702,3.531074369543454,2.864737354120818,2.9619215997981465,2.984649063922883,2.3952762360063873,0.9689943626596613,1.5348342765571052,2.5094157447493757,36.05580927129253
10.03999999999983,-1.8894072019102675,1.8894072019102675,4.975863194502369,2.230664294442884,2.3053767883242973,9.051016225169118,3.0084906888952005,2.735951233697833,12.483019270418074,3.5331316520076173,2.8646649295571125,2.961697068912874,2.9848107912998025,2.3947243777368055,0.9684694946016558,1.5334375503641229,2.511130422245787,36.05579008606482
10.04999999999983,-1.8935911893484711,1.8935911893484711,4.986349477396698,2.2330135416957724,2.305503716961234,9.054129228656118,3.009008014056479,2.7354966256007023,12.497212920071224,3.5351397313361215,2.8645925011909865,2.96142574927233,2.984924165184704,2.3941190391913945,0.9679464474301105,1.5318941271698294,2.512784599983349,36.055771229488066
10.05999999999983,-1.8977961563705823,1.8977961563705823,4.996613208985071,2.235310539720392,2.30564729476099,9.056944645313616,3.009475809059381,2.735046062006722,12.511066716534565,3.537098629743672,2.8645201020372513,2.9611076252683186,2.9849892414582415,2.3934596582118517,0.9674250966906343,1.5302042442006296,2.514378942416019,36.055752695679416
10.06999999999983,-1.9020224884236296,1.9020224884236296,5.006650805727343,2.237554648657177,2.305807165196496,9.059463180485382,3.0098942141685616,2.7345996506533976,12.524580321752293,3.5390083811362034,2.8644477654297846,2.960742704881491,2.9850060938052865,2.392745684611383,0.966905326405481,1.5283682476456153,2.5159140310156474,36.05573447848542
10.07999999999983,-1.9062705497899408,1.9062705497899408,5.016458755592418,2.239745243457929,2.3059829749298344,9.06168562551018,3.0102633814186723,2.7341574987388704,12.537753494041546,3.5408690309077437,2.8643755249916696,2.9603310193179144,2.984974813434124,2.391976580105792,0.9663870289454266,1.5263865929176585,2.517390363725916,36.055716571488034
10.08999999999983,-1.9105406839557373,1.9105406839557373,5.026033619446594,2.2418817139730174,2.306174374100156,9.06361285623824,3.010583474384698,2.7337197128469413,12.550586086803527,3.5426806357338405,2.864303414604379,2.9598726226507566,2.984895508793577,2.391151818266468,0.9658701049134402,1.524259844417295,2.5188083543407043,36.055698968010894
10.09999999999983,-1.9148332139537925,1.9148332139537925,5.035372032404826,2.2439634650334273,2.3063810166017658,9.065245831475426,3.0108546679432115,2.733286398869173,12.563078047188592,3.5444432633614817,2.8642314683760612,2.9593675914665596,2.984768305287758,2.390270884494634,0.9653544630397456,1.5219886748062244,2.5201683318023926,36.055681661125774
10.109999999999829,-1.9191484426782615,1.9191484426782615,5.044470705145558,2.2459899165280235,2.306602560352426,9.066585591355365,3.0110771480245013,2.732857661924111,12.575229414715842,3.5461569923955487,2.8641597206089475,2.9588160245156447,2.984593344988256,2.3893332760162838,0.964840020087902,1.5195738638050085,2.5214705394190475,36.05566464365944
10.119999999999829,-1.9234866531686958,1.9234866531686958,5.053326425189834,2.247960503476392,2.306838667551906,9.067633255639972,3.0112511113555396,2.7324336062736694,12.587040319847748,3.5478219120817984,2.864088205765862,2.9582180423662097,2.9843707863435314,2.3883385018972296,0.9643267007715411,1.5170162965333538,2.5227152441595604,36.0556479082005
10.129999999999828,-1.9278481088682353,1.9278481088682353,5.061936058145287,2.2498746760976016,2.3070890049308503,9.068390021948836,3.0113767651937606,2.7320143352367663,12.598510982520141,3.5494381220863875,2.8640169584359096,2.9575737870617282,2.9841008038853483,2.387286083077721,0.9638144376814296,1.5143268991659398,2.523982450916528,36.055631447106734
10.139999999999828,-1.9322330538558175,1.9322330538558175,5.070296548915655,2.2517318998752174,2.3073532439899744,9.06885716391818,3.0114543270516623,2.73159995110026,12.60964171062832,3.5510057322719604,2.863946013299323,2.956883421781305,2.983783587932095,2.3861755524261112,0.9633031712225433,1.5115167254544974,2.5251859116147464,36.05561525251246
10.149999999999828,-1.9366417130504783,1.9366417130504783,5.078404922876323,2.2535316556188696,2.3076310612296487,9.069036029290139,3.0114840244122396,2.731190555027266,12.620432898469785,3.5525248624703227,2.8638754050915125,2.9561471305026714,2.983419344288864,2.385006454811067,0.9627928495608571,1.50857075676411,2.526325628484054,36.05559931633617
10.159999999999828,-1.9410742923881013,1.9410742923881013,5.086258287016515,2.2552734395226923,2.3079221383698907,9.068928037933334,3.0114660944352893,2.7307862469629525,12.630885025144412,3.553995642251748,2.8638051685663526,2.9553651176675597,2.9830082939442,2.3837783471918383,0.9622834285795792,1.5054904654814478,2.5274015154855665,36.055583630288524
10.169999999999828,-1.945530978971774,1.945530978971774,5.093853831048514,2.2569567632208893,2.3082261625607905,9.068534679795764,3.0114007836546373,2.7303871255378693,12.640998652912778,3.5554182106909415,2.8637353384587043,2.9545376078492143,2.9825506727634465,2.3824907987261237,0.9617748718445682,1.5022774094232827,2.5284133971986957,36.05556818588021
10.179999999999827,-1.950011941197008,1.950011941197008,5.101188828484398,2.2585811538407023,2.3085428265833987,9.067857512791207,3.011288347666362,2.7299932879689432,12.650774425513463,3.5567927161297246,2.8636659494462378,2.953663649433481,2.9820461148074955,2.381143390895059,0.9612663248972477,1.4989332271670994,2.5293610076157815,36.05555297443037
10.189999999999827,-1.9545173288483288,1.9545173288483288,5.108260637680647,2.2601461540530177,2.308871829041096,9.066898160620472,3.0111290508080972,2.729604829958213,12.660213066440289,3.5581193159364806,2.863597036110564,2.9527418586886798,2.9814940345725813,2.379735717644904,0.9607566298019061,1.495459633166519,2.530243988844133,36.055537987074956
10.199999999999827,-1.9590472731728232,1.9590472731728232,5.1150667028509265,2.2616513221208363,2.309212874541442,9.065658310528947,3.0109231658295346,2.72922184558942,12.669315377180451,3.5593981762624494,2.863528632897698,2.951776153931224,2.980896583942307,2.3782673855449836,0.9602482828454362,1.4918584126808692,2.531061889710805,36.0555232147753
10.209999999999827,-1.9636018869254375,1.9636018869254375,5.121604555047318,2.263096231945809,2.309565673868531,9.064139711002019,3.0106709735542374,2.728844427222581,12.678082235414463,3.560629471794905,2.8634607740779403,2.9507668403945146,2.980254057413112,2.3767380139614573,0.9597412801310924,1.4881314165560762,2.531814164271141,36.055508648327034
10.219999999999827,-1.9681812643862653,1.9681812643862653,5.1278718131101915,2.2644804731130255,2.309929944145829,9.06234416940009,3.010372762532921,2.7284726653866205,12.686514593179233,3.561813385507336,2.8633934937051273,2.949714242409524,2.9795667630856086,2.375147235246508,0.9592356258748952,1.484282789288564,2.5325001702195054,36.05549427836883
10.229999999999826,-1.972785481356536,1.972785481356536,5.133866184586789,2.2658036509342088,2.3103054089895183,9.060273549535015,3.010028828688359,2.728106648670249,12.694613474995187,3.562950108406682,2.8633268255753723,2.9486187030719617,2.978835022332787,2.373494694942531,0.958731332414143,1.4803660399168272,2.5331191671976385,36.05548009539167
10.239999999999826,-1.977414595124904,1.977414595124904,5.139585466618686,2.267065386489478,2.3106917986522952,9.057929769189947,3.009639474952099,2.7277464636111546,12.702379975958873,3.5640398392777364,2.8632608031852778,2.947480583911397,2.978059169465214,2.371780052000921,0.9582284202241769,1.4763343308376187,2.5336703150038935,36.055466089747924
10.249999999999826,-1.982068644409735,1.982068644409735,5.145027546797965,2.2682653166677755,2.311088850157649,9.055314797584648,3.0092050108931843,2.727392194583684,12.709815259802197,3.5650827844248156,2.8631954596896856,2.946300264562338,2.977239551393344,2.3700029790150463,0.957726917943246,1.472189830237474,2.5341526716997866,36.05545225166079
10.259999999999826,-1.9867476492738143,1.9867476492738143,5.150190403992132,2.2694030942060803,2.3114963074245596,9.052430652788525,3.008725752339107,2.7270439236851276,12.716920556919742,3.566079157410803,2.8631308278589906,2.9450781424373473,2.97637652728709,2.3681631624670194,0.9572268624053432,1.4679347349477716,2.534565191615193,36.05543857123365
10.269999999999825,-1.9914516110117815,1.9914516110117815,5.1550721091375635,2.270478387727477,2.3119139213826,9.04927939908364,3.0082020209892217,2.726701730620778,12.723697162365525,3.5670291787936814,2.863066940036081,2.943814632402281,2.9754704682328286,2.36626030298785,0.9567282986808797,1.4635712649982062,2.534906723251881,36.05542503845979
10.279999999999825,-1.9961805120157485,1.9961805120157485,5.159670826001227,2.271490881778139,2.3123414500774078,9.045863144280226,3.0076341440208822,2.726365692587881,12.730146433820662,3.5679330758606813,2.8630038280929244,2.94251016645378,2.974521756888025,2.3642941156305777,0.9562312801250995,1.4591016582834788,2.5351760070828715,36.05541164323193
10.289999999999825,-2.0009343156100585,2.0009343156100585,5.163984811910349,2.2724402768632554,2.3127786587664687,9.042184036987175,3.007022453688561,2.7260358841586663,12.736269789533639,3.568791082360193,2.8629415233868603,2.9411651933991783,2.973530787133709,2.362264330155991,0.955735868434132,1.454528165370723,2.5353716732525515,36.05539837535207
10.299999999999825,-2.005712965859848,2.005712965859848,5.168012418449693,2.273326289481933,2.313225320005171,9.038244263840273,3.0063672869162663,2.725712377162571,12.742068706234537,3.569603438231555,2.862880056716639,2.9397765503154445,2.9724960849157673,2.360170691330508,0.9552396313783234,1.4499255988024518,2.5354922391760972,36.05538522454123
10.309999999999825,-2.010516387354739,2.010516387354739,5.171752092125839,2.274148652161032,2.3136812137230804,9.034046046690818,3.0056689848835347,2.725395240567878,12.747544717025097,3.5703703893328904,2.8628194582782642,2.9383461602120886,2.9714188100624037,2.358012959235818,0.9547436415532373,1.4452346752937646,2.5355361070387747,36.055372180449474
10.319999999999824,-2.015344484964352,2.015344484964352,5.1752023749980465,2.2749071134879433,2.314146127290347,9.029591639757603,3.0049278926053455,2.7250845403628716,12.752699409246224,3.571092187167145,2.862759757620668,2.936875836709878,2.970300068839873,2.3557909095898517,0.9542488936414145,1.4404518881193729,2.535501561198371,36.05535923266572
10.329999999999824,-2.0201971435672674,2.0201971435672674,5.178361905274924,2.2756014381422167,2.314619855574212,9.024883326745211,3.0041443585062972,2.7247803394367236,12.757534422324804,3.5717690886064855,2.8627009836012856,2.9353660826854937,2.9691402907952242,2.353504334078674,0.9537554761845815,1.4355795144348282,2.535386765491989,36.05534637072786
10.339999999999824,-2.0250742277503364,2.0250742277503364,5.181229417876277,2.2762314069259912,2.315102200985497,9.019923417931626,3.003318733989389,2.724482697460265,12.762051445601536,3.5724013556152303,2.862643164341575,2.9338174157727637,2.9679399146762155,2.351153040698848,0.9532634860538094,1.4306198130586378,2.5351897604512095,36.05533358413264
10.349999999999824,-2.02997558148099,2.02997558148099,5.183803744959231,2.2767968167931083,2.315592973515047,9.014714247228405,3.0024513729998032,2.724191670766818,12.766252216141812,3.5729892549715023,2.8625863271825325,2.9322303680692796,2.9666993880804573,2.3487368541098395,0.9527730285540436,1.42557502081202,2.534908460427293,36.05532086234585
10.359999999999824,-2.03490102775414,2.03490102775414,5.1860838164078435,2.2772974808768054,2.316091990759982,9.0092581692166,3.001542631584066,2.7239073122332655,12.770138516531532,3.573533057987785,2.8625304986402553,2.93060548584718,2.9654191671045234,2.346255615996015,0.9522842175357213,1.4205230539055314,2.5345406506291237,36.05530819481224
10.369999999999823,-2.0398503682056592,2.0398503682056592,5.188068660285105,2.277733228515821,2.316599077939739,9.003557556161743,3.0005928674449893,2.7236296711615546,12.77371217265978,3.5740330402305713,2.862475704361609,2.928943329268496,2.964099715993386,2.3437091854377643,0.9517971755134848,1.415415289951147,2.53408398408175,36.0552955709657
10.379999999999823,-2.0448233827000193,2.0448233827000193,5.189757403246429,2.27810390527878,2.3171140679017217,8.997614795011366,2.999602439492835,2.723358793160782,12.776975051490524,3.5744894812393175,2.8624219690800494,2.927244472105461,2.962741506790614,2.341097439291295,0.9513120337920004,1.4102339678946567,2.5335359785063996,36.05528298023919
10.389999999999823,-2.049819828889474,2.049819828889474,5.191149270913347,2.278409372986634,2.3176368011165605,8.991432284378403,2.9985717073931055,2.7230947200300926,12.779929058825344,3.574902664244908,2.862369316571665,2.9255095014662227,2.9613450189897224,2.3384202725766032,0.9508289325989175,1.404981183691209,2.532894013128355,36.0552704120748
10.399999999999823,-2.0548394417381703,2.0548394417381703,5.192243588206319,2.2786495097329733,2.318167125662794,8.985012431514164,2.997501031111443,2.7228374896425303,12.782576137059353,3.5752728758878467,2.8623177696114754,2.9237390175263975,2.959910739187124,2.3356775988731453,0.950348021224993,1.3996589920937195,2.532155325421593,36.05525785593374
10.409999999999823,-2.059881933021191,2.059881933021191,5.193039779635338,2.27882420990197,2.31870489720092,8.978357649274354,2.9963907704560757,2.7225871358300635,12.784918262932548,3.5756004059363997,2.862267349930063,2.921933633266947,2.9584391607371296,2.332869350722702,0.9498694581714314,1.3942916163592656,2.531317007791725,36.0552453013062
10.419999999999822,-2.064946990791451,2.064946990791451,5.193537369546951,2.2789333841836954,2.3192499789367003,8.971470353081854,2.9952412846182948,2.7223436882699605,12.786957445278624,3.575885547004913,2.862218078170595,2.9200939742188576,2.956930783409448,2.3299954800389284,0.9493934113044971,1.3889472865779302,2.5303760042076524,36.055232737721305
10.429999999999822,-2.0700342788139268,2.0700342788139268,5.1937359823263485,2.2789769595865486,2.319802241573592,8.964352957889984,2.9940529317114595,2.7221071723727017,12.788695722773799,3.576128594272555,2.862169973846268,2.9182206782151257,2.955386113049673,2.3270559585230646,0.9489200580174547,1.3835440030927744,2.529329106789886,36.05522015475686
10.439999999999822,-2.0751434359682777,2.0751434359682777,5.193635342552944,2.278954879446485,2.3203615632542265,8.957007875149971,2.992826068309011,2.7218776091716212,12.79013516168765,3.5763298452027112,2.8621230552982717,2.9163143951505757,2.9538056612432286,2.3240507780852764,0.9484495853999182,1.3780835983406279,2.528172952363408,36.05520754204909
10.449999999999822,-2.0802740756188802,2.0802740756188802,5.193235275108022,2.278867103432761,2.320927829490802,8.94943750978644,2.991561048982026,2.7216550152144747,12.791277853638523,3.5764895992632946,2.8620773396542947,2.91437578675004,2.9521899449832687,2.320979951271087,0.9479821904146872,1.3725678546914888,2.5269040189846796,36.05519488930224
10.459999999999821,-2.0854257849531677,2.0854257849531677,5.192535705232714,2.27871360754982,2.3215009330843053,8.941644257184748,2.990258225836817,2.7214394024571216,12.792125913355699,3.5766081576482067,2.862032842787667,2.912405526345445,2.950539486343039,2.317843511692332,0.9475180800821645,1.3669985040410564,2.525518622452238,36.05518218629814
10.469999999999821,-2.0905981242832508,2.0905981242832508,5.191536658534766,2.278494384135007,2.32208077403244,8.933630500194061,2.988917948053118,2.7212307781595,12.79268147645082,3.5766858230002283,2.8619895792771612,2.910404298662378,2.948854812153208,2.3146415144620947,0.947057471672454,1.3614923956658338,2.524012912813957,36.05516942290559
10.479999999999821,-2.095790626314703,2.095790626314703,5.190238260942346,2.2782094418517245,2.322667259426166,8.925398606150006,2.9875405614233936,2.7210291447841053,12.792946697200977,3.576722899135601,2.8619475623675434,2.9083727996166924,2.947136453684681,2.311374036633031,0.946600592905253,1.3559433839785882,2.5223920158205257,36.05515658908966
10.48999999999982,-2.1010027953803028,2.1010027953803028,5.188640738603135,2.277858805677633,2.3232603033347585,8.916950923920886,2.9861264078938263,2.720834499897148,12.79292374634578,3.5767196907705503,2.8619068039309226,2.90631173612174,2.945384946337424,2.30804117763852,0.9461476821576582,1.3503496690412113,2.5206799924500305,36.055143674920856
10.49999999999982,-2.106234106637224,2.106234106637224,5.186744417726983,2.2774425168875245,2.323859826679275,8.908289780981294,2.9846758251075265,2.720646836072582,12.79261480890106,3.5766765032500576,2.8618673144289475,2.904221825906833,2.94360082933583,2.3046430597360397,0.9456989886800184,1.3447127310278502,2.518835012144779,36.05513067058411
10.50999999999982,-2.1114840052253054,2.1114840052253054,5.18454972437027,2.2769606330304155,2.3244657570943685,8.899417480517164,2.9831891459505484,2.7204661407991932,12.792022081991497,3.5765936422791307,2.8618291028759346,2.9021037973475208,2.9417846454311443,2.3011798284521845,0.9452547728199734,1.3390339998293834,2.516852325129968,36.05511756638764
10.51999999999982,-2.1167519053895067,2.1167519053895067,5.182057184160183,2.276413227900458,2.325078028778346,8.890336298566135,2.9816666981012707,2.7202923963909282,12.791147772704715,3.5764714136568623,2.8617921768029655,2.899958389308302,2.9399369406115077,2.2976516530287205,0.9448153062548285,1.3334347143103205,2.5147270054940276,36.055104352771714
10.52999999999982,-2.122037189565858,2.122037189565858,5.179267421957063,2.2758003915012104,2.3256965823314104,8.88104848119716,2.9801088035837147,2.7201255799006665,12.789994095969472,3.576310123013589,2.8617565422230236,2.897766804282502,2.9380480544126852,2.2940587268690855,0.9443673643214057,1.3278039960756731,2.5124539493732954,36.05509102031701
10.53999999999982,-2.1273392074225317,2.1273392074225317,5.176181161452985,2.2751222300028155,2.326321364582034,8.871556241733392,2.978515778325405,2.719965663037587,12.788563272460165,3.5761100755513895,2.8617222035972327,2.8955440697948003,2.936125982653576,2.2904012679847203,0.9439210901639619,1.3221390118900547,2.5100278733442054,36.055077559753144
10.54999999999982,-2.1326572748645694,2.1326572748645694,5.172799224704732,2.274378865691627,2.3269523284014033,8.861861758022144,2.97688793172033,2.7198126120883424,12.786857526530465,3.575871575788267,2.861689163802244,2.8932950848537895,2.9341734349911746,2.2866795194406406,0.9434796418036258,1.316440952234166,2.5074433130390603,36.05506396196674
10.55999999999982,-2.137990672997298,2.137990672997298,5.169122531599375,2.2735704369118137,2.3275894325059037,8.851967169755962,2.975225566197622,2.7196663878421976,12.784879084178378,3.575594927306277,2.86165742409885,2.8910206091607566,2.932190956814173,2.2828937497996415,0.9430433231694983,1.3107257771748373,2.5046946220084276,36.05505021800933
10.569999999999819,-2.1433386470433082,2.1433386470433082,5.165152099250607,2.272697097998457,2.328232641247631,8.841874575848664,2.9735289767965374,2.719526945520315,12.782630171045323,3.5752804325039067,2.861626984101859,2.8887214119748554,2.9301790952620332,2.279044253564543,0.9426124504597293,1.3050921165053186,2.5017759708538043,36.05503631910519
10.579999999999819,-2.1487004052210867,2.1487004052210867,5.160889041324148,2.271759019201673,2.3288819243929293,8.831586031870147,2.9717984507483255,2.7193942347093687,12.780113010451723,3.5749283923530166,2.861597841751311,2.8863982720496124,2.928138398997575,2.2751313516178873,0.9421873524273511,1.299431829821884,2.4986813466480573,36.05502225665881
10.589999999999819,-2.1540751175760406,2.1540751175760406,5.156334567290466,2.2707563866012723,2.3295372568889587,8.821103547543977,2.9700342670656137,2.7192681992996377,12.777329821471568,3.5745391061606204,2.861569993285079,2.8840519775863216,2.926069417991119,2.271155391658505,0.9417683706756173,1.2937458939097717,2.495404552669962,36.055008022262214
10.599999999999818,-2.1594619147670433,2.1594619147670433,5.151489981603195,2.269689402011472,2.3301986186183483,8.810429084311416,2.968236696139884,2.7191487774277716,12.77428281704849,3.5741128713358354,2.861543433212911,2.881683326204943,2.923972703316699,2.2671167486343906,0.9413558599630766,1.2880352464567784,2.4919392084732905,36.05499360770205
10.609999999999818,-2.1648598868079016,2.1648598868079016,5.14635668280167,2.268558282875199,2.3308659941419854,8.799564552965771,2.966405999347657,2.719035901424368,12.770974202155697,3.573649983162271,2.8615181542919816,2.8792931249331426,2.9218488069608455,2.263015825171318,0.9409501885186219,1.282348479595636,2.488278750312818,36.054979004966384
10.619999999999818,-2.1702680817573157,2.1702680817573157,5.14093616253612,2.2673632621474926,2.331539372430027,8.788511811360781,2.964542428665979,2.718929497766544,12.767406172002365,3.5731507345761897,2.8614941475039837,2.876882190214101,2.9196982816444734,2.25885305199668,0.9405517383667744,1.2767195934203248,2.4844164319526127,36.05496420625135
10.629999999999818,-2.175685504364004,2.175685504364004,5.135230004514104,2.2661045881675683,2.332218746581252,8.777272662196761,2.962646226297828,2.7188294870356398,12.763580910288812,3.5726154159507306,2.8614714020338354,2.8744513479336975,2.9175216806583433,2.2546288883580163,0.9401609056634639,1.2710713622347594,2.4803453258752572,36.05494920396741
10.639999999999818,-2.18111111465936,2.18111111465936,5.129239883366995,2.264782524519075,2.332904113530892,8.765848850888132,2.960717624308021,2.7187357838802297,12.759500587512747,3.5720443148864693,2.8614499052500535,2.8720014334677053,2.9153195577125866,2.250343822435754,0.9397781010425899,1.2654045492882757,2.4760583249176773,36.054933990745496
10.649999999999817,-2.1865438265014583,2.1865438265014583,5.122967563435316,2.263397349878124,2.3335954737471267,8.75424206351601,2.9587568442702437,2.718648296984573,12.75516735932923,3.5714377160086705,2.861429642686824,2.8695188164452885,2.9130848764882753,2.2459983717496863,0.9393937164734223,1.2597198870913762,2.471554480830165,36.05491855944284
10.659999999999817,-2.1919825060648943,2.1919825060648943,5.11641489747204,2.2619493578486765,2.334292830916422,8.74245392486939,2.956764096925791,2.718566929042654,12.750583364966431,3.5707959007714836,2.8614105980278395,2.8669982493897384,2.9108149835213233,2.241593083558758,0.9390039433339069,1.2541074584071772,2.466864632524209,36.05490290314844
10.669999999999817,-2.1974259702758276,2.1974259702758276,5.10958382526297,2.2604388567848877,2.3349961916179973,8.730485996578405,2.9547395818546183,2.71849157673797,12.74575072569955,3.5701191472693945,2.8613927530919456,2.864459829058677,2.908520514374009,2.23712853525376,0.9386225584794952,1.2485175657854715,2.4619352246939115,36.05488701518843
10.679999999999817,-2.2028729851962563,2.2028729851962563,5.102476372163646,2.2588661696000596,2.3357055649876797,8.71833977534321,2.952683487159301,2.7184221307291785,12.74067154338523,3.5694077300562386,2.861376087820638,2.861904405880925,2.9062020105180975,2.2326053347425683,0.9382500146355387,1.2429143177111774,2.456758770906702,36.054870889131
10.689999999999817,-2.2083222643484355,2.2083222643484355,5.095094647552343,2.25723163356186,2.33642096237147,8.706016691261794,2.9505959891624935,2.718358475641768,12.735347899058548,3.568661919972043,2.8613605802674686,2.859332840041451,2.9038600132134746,2.2280241208276057,0.9378867805444266,1.2372983134137163,2.45132767443469,36.05485451879119
10.699999999999816,-2.213772466984477,2.213772466984477,5.087440843198981,2.2555356000735127,2.337142396969204,8.693518106260157,2.9484772521184826,2.7183004900658494,12.72978185159488,3.5678819839780127,2.8613462065893804,2.8567460016675117,2.9014950634597296,2.223385563575261,0.9375333413802176,1.231680785451583,2.4456342358906524,36.054837898235235
10.709999999999816,-2.2192221962972476,2.2192221962972476,5.079517231549979,2.2537784344407013,2.337869883468711,8.680845312628076,2.946327427939413,2.718248046560226,12.723975436438668,3.5670681849999264,2.8613329410400414,2.8541447710388943,2.8991077019650926,2.218690364677031,0.937190199176036,1.2261658418713275,2.4396706614241235,36.05482102178471
10.719999999999816,-2.224669997570124,2.224669997570124,5.071326163929421,2.25196051562398,2.3386034376709537,8.667999531663703,2.9441466559367764,2.7182010116628486,12.717930664401154,3.566220781780224,2.8613207559652,2.851530038822777,2.896698469133074,2.2139392578022186,0.936857873264592,1.22064204376692,2.4334290714793556,36.05480388402049
10.729999999999816,-2.230114356265618,2.230114356265618,5.062870068657081,2.250082235976517,2.339343076106637,8.654981912430204,2.941935062578745,2.718159245907757,12.711649520529216,3.5653400287390844,2.8613096218000926,2.8489027063337273,2.8942679050671423,2.209133008942085,0.9365369007322127,1.215109889411801,2.4269015101132143,36.05478647978612
10.739999999999815,-2.235553696054717,2.235553696054717,5.054151449084251,2.2481440009670757,2.3400888156448922,8.64179353062747,2.9396927612639168,2.7181226038486543,12.705133963047055,3.5644261758447255,2.8612995070689693,2.8462636858193138,2.891816549593746,2.2042724167453858,0.9362278368867799,1.2095698612624268,2.4201031955778136,36.054768804191205
10.749999999999815,-2.240986376780475,2.240986376780475,5.045172881548577,2.246146228888177,2.340840673094637,8.628435387582016,2.9374198521120567,2.7180909340891906,12.69838592237283,3.5634794684932354,2.8612903783867356,2.8435869631946398,2.889330778578913,2.19935831284533,0.9359125126720672,1.2040821410598257,2.413048716939297,36.05475085261428
10.759999999999815,-2.246410692355989,2.246410692355989,5.035937013249492,2.244089350549459,2.3415986647993137,8.614908409357962,2.9351164217723906,2.7180640793200803,12.69140730021195,3.5625001473981652,2.8612822004627674,2.8408831099163367,2.886816189120862,2.1943915621780334,0.935598190005073,1.1986506699907873,2.4056891247200225,36.0547326207055
10.769999999999815,-2.2518248685992672,2.2518248685992672,5.026446560046166,2.2419738089563324,2.3423628062257444,8.601213445992114,2.93278254325003,2.7180418763631327,12.684199968728846,3.56148844849016,2.8612749361069127,2.8381688404352134,2.8842816090471715,2.1893730632926456,0.9352964407681511,1.1932147080902402,2.3980173083174514,36.05471410438894
10.779999999999815,-2.2572270609989356,2.2572270609989356,5.016704304180303,2.2398000589740823,2.3431331115479344,8.587351270855887,2.930418275751072,2.7180241562223078,12.676765769798878,3.5604446028268546,2.8612685462377216,2.835445087378303,2.8817275638349953,2.1843037486533743,0.9350078751712755,1.1877746721758602,2.3900262098508764,36.054695299864676
10.789999999999814,-2.26261535241277,2.26261535241277,5.006713091926521,2.2375685669776737,2.343909593226677,8.573322580146964,2.9280236645469526,2.7180107441418713,12.669106514342042,3.5593688365133,2.861262989892919,2.832712795888512,2.879154579046324,2.179184584933756,0.9347331238019703,1.1823309706224217,2.3817088374639517,36.054676203610484
10.799999999999814,-2.2679877506972543,2.2679877506972543,4.996475831173453,2.2352798104875937,2.3446922615859314,8.559127992513321,2.925598740858582,2.718001459671741,12.66122398174007,3.5582613706331454,2.8612582242421425,2.8299729240793914,2.8765631804771448,2.1740165733035677,0.9344728381786346,1.1769917172233335,2.3730693301388444,36.054656812383314
10.809999999999814,-2.273342186266715,2.273342186266715,4.985995488939147,2.232934277792149,2.3454811243869695,8.544768048812342,2.923143521760836,2.7179961167400997,12.653119919338284,3.557122421190798,2.8612542046019716,2.8272264435182732,2.8739538943266734,2.1688007497088986,0.9342276913203524,1.1716621518459527,2.364204458103226,36.05463712322034
10.819999999999814,-2.278676509580274,2.278676509580274,4.975275088824884,2.230532467556768,2.346276186401401,8.530243212007639,2.9206580101079345,2.7179945237333447,12.644796042033812,3.5559521990648038,2.8612508844532547,2.824474339738071,2.8713272473867506,2.1635381851459896,0.9339983783336717,1.1663319412190443,2.3550071346670456,36.05461713343983
10.829999999999814,-2.2839884885589,2.2839884885589,4.964317708411868,2.228074888420914,2.347077448984222,8.515553867206032,2.9181421944802537,2.71799648358346,12.636254031951273,3.5547509099726344,2.861248215460768,2.821703817721579,2.8686765017679603,2.1582299859295273,0.9337759822281041,1.1610014589761148,2.345472286135376,36.05459684064167
10.839999999999813,-2.289275805928928,2.289275805928928,4.953126476605889,2.2255620585833795,2.3478849096481254,8.500700321837297,2.9155960491531223,2.718001793862843,12.62749553820738,3.553518754447116,2.8612461474951902,2.8188918519235124,2.8659895184775963,2.1528772939562253,0.9335444138561274,1.155708028491198,2.33559502911044,36.054576242707554
10.849999999999813,-2.2945360564912476,2.2945360564912476,4.94170457093545,2.222994505376801,2.348698561640391,8.485682805978989,2.9130195340881238,2.7180102468866774,12.618522176765548,3.552255927824676,2.8612446286574302,2.8160756130639464,2.8632858583935463,2.147481286964585,0.933329652403767,1.1504935264021594,2.3253872638332096,36.0545553378009
10.859999999999813,-2.2997667443171665,2.2997667443171665,4.930055214809478,2.2203727648324003,2.3495183935237254,8.470501472828786,2.910412594947456,2.7180216298228856,12.609335530381601,3.5509626202456146,2.8612436053052877,2.8132561192119083,2.8605660384630287,2.1420431787918925,0.9331324615319273,1.1452815517659507,2.3150288412102764,36.054534124366455
10.869999999999813,-2.304965279869625,2.304965279869625,4.9181816747411435,2.2176973812360297,2.3503443887625357,8.455156399326615,2.9077751631318773,2.7180357248097167,12.599937148641628,3.549639016666572,2.861243022082477,2.8104344051761703,2.857830577500877,2.1365642196295727,0.9329536297232722,1.1400724653406755,2.3043380611736906,36.05451260112965
10.879999999999812,-2.310128977050899,2.310128977050899,4.90608725754502,2.2149689066768,2.351176525316134,8.439647586928864,2.905107155842769,2.7180523090810005,12.590328548092877,3.548285296885367,2.8612428219499906,2.8076115231979104,2.8550799965125577,2.131045696278185,0.932793970969115,1.1348666311818352,2.2933125180914677,36.054490767095565
10.889999999999812,-2.3152550501728077,2.3152550501728077,4.893775307515212,2.212187900589643,2.352014775240521,8.423974962536812,2.9024084761688544,2.7180711550991288,12.580511212468654,3.5469016355783896,2.8612429462198103,2.804788543672693,2.8523148190370144,2.1254889324034427,0.9326543254759967,1.1297442994859197,2.281950065544004,36.05446862154772
10.899999999999812,-2.3203406108541467,2.3203406108541467,4.881249203592717,2.209354929293326,2.3528591043004057,8.40813837958148,2.8996790131980954,2.7180920306957708,12.570486593007798,3.545488202350672,2.8612433345909722,2.8019665559017257,2.849535571509079,2.119895288794767,0.9325355603924652,1.1246580321789927,2.2705014762888402,36.05444616404651
10.909999999999812,-2.325382664842747,2.325382664842747,4.8685123565308785,2.206470565525604,2.353709471593201,8.392137619267,2.896918642155316,2.718114699220351,12.560256108869684,3.5440451617988282,2.8612439251879382,2.7990937790402897,2.8467148989278743,2.1142661636280367,0.9324014465057533,1.119577673520896,2.258807707510523,36.05442339442732
10.919999999999812,-2.3303781087618063,2.3303781087618063,4.8555682060682,2.203535387977284,2.3545658291868548,8.375972391974486,2.8941272245660667,2.7181389196963357,12.549821147645096,3.5425726735869647,2.8612446546013204,2.7962169818724107,2.843877391883502,2.1086029927343013,0.9322848606159124,1.114503598571982,2.2468031240591038,36.054400312798435
10.929999999999811,-2.335323726785067,2.335323726785067,4.842420218118526,2.2005499808271853,2.355428121773346,8.359642338828431,2.8913046084472716,2.7181644469853126,12.53918306596368,3.541070892535714,2.861245457930893,2.793342685766825,2.841026420543653,2.102907249876376,0.932190513846939,1.1094459765646096,2.2344879923226575,36.05437691953871
10.939999999999811,-2.3402161872363436,2.3402161872363436,4.82907188198899,2.1975149332800883,2.3562962863398216,8.343147033427641,2.888450628525203,2.7181910319588716,12.528343190198402,3.5395399687245237,2.861246268830889,2.7904720323547494,2.838162512071947,2.0971804470353863,0.9321193590768976,1.1044923479381565,2.2222661922716798,36.05435321529476
10.949999999999811,-2.345052039120015,2.345052039120015,4.815526707636711,2.19443083910993,2.357170251859369,8.326485983742439,2.8855651064813004,2.7182184216783227,12.517302817267282,3.5379800476072902,2.8612470195575814,2.787606186142136,2.835286198721367,2.0914241347094493,0.9320723794970188,1.099547589640302,2.209795423686819,36.05432920097818
10.95999999999981,-2.349827708579456,2.349827708579456,4.801788222975779,2.1912982962106686,2.3580499390034415,8.309658634180126,2.8826478512263902,2.718246359582202,12.50606321553281,3.5363912701414715,2.861247641019089,2.7847463354330326,2.8323980183204656,2.085639902226847,0.9320505894495901,1.0946121046002961,2.1970501405760565,36.05430487776222
10.96999999999981,-2.3545394952866343,2.3545394952866343,4.787859971246434,2.188117906157352,2.3589352598780677,8.292664367820445,2.8796986592038487,2.718274585681583,12.494625625799193,3.5347737729307647,2.861248062827413,2.7818749924898123,2.829488652877391,2.079829378076189,0.9320418560141677,1.0896863093967732,2.184218580333341,36.0542802470784
10.97999999999981,-2.359183568768056,2.359183568768056,4.773745508458962,2.184890273780119,2.3598261177859277,8.275502508822733,2.8767173147222396,2.7183028367631703,12.482991262407557,3.533127688381437,2.861248213352648,2.7789648854102187,2.8265436177829177,2.0739942302562073,0.9320270970239656,1.084813398279025,2.1714698318075345,36.05425531061281
10.98999999999981,-2.363755964664183,2.363755964664183,4.75944840092511,2.1816160067539636,2.360722407016482,8.258172325006528,2.873703590317994,2.718330846600145,12.47116131442928,3.5314531448724162,2.8612480197793513,2.7760624692881444,2.823587303286157,2.0681361666480007,0.9320392279111093,1.0800109736728984,2.158486386601521,36.05423007030208
10.99999999999981,-2.3682525809300543,2.3682525809300543,4.7449722228903335,2.1782957152072657,2.3616240126662866,8.240673030607223,2.8706572471486775,2.7183583461707284,12.459136946957283,3.52975026693919,2.8612474081650205,2.773169003803352,2.8206202595291283,2.062256935412679,0.9320793633712896,1.0752208377663643,2.1452714324098756,36.054204528329294
11.00999999999981,-2.372669173978043,2.372669173978043,4.730320554280462,2.174930011352196,2.3625308104916987,8.223003789208347,2.8675780354174054,2.718385063884436,12.446919302495365,3.528019175471608,2.861246303500652,2.7702857771804803,2.817643045039402,2.056358325417556,0.9321486530717952,1.0704434546142663,2.1324024463871303,36.05417868711945
11.01999999999981,-2.3770013547672715,2.3770013547672715,4.715496978576694,2.171519509140246,2.3634426667961206,8.20516371685204,2.8644656948289744,2.7184107258159553,12.434509502445316,3.5262599879256373,2.861244629773323,2.767414107254389,2.8146562273162226,2.050442166694167,0.9322482825981311,1.0656793075590505,2.1193629301370085,36.05415254933486
11.02999999999981,-2.381244584842666,2.381244584842666,4.70050508083307,2.1680648239462466,2.36435943835395,8.18715188532912,2.861319955078271,2.7184350559466135,12.421908648691716,3.5244728185491394,2.8612423100307645,2.7645352159268786,2.8116497728575696,2.044510330931596,0.9323652205765913,1.0609960470234456,2.1061324546317377,36.05412611787027
11.039999999999809,-2.385394172335731,2.385394172335731,4.68534844585077,2.1645665722843384,2.3652809723733395,8.168967325650199,2.8581405363715406,2.718457776413352,12.409117825284033,3.522657778621709,2.8612392664478685,2.7616182412893076,2.8086072762005183,2.038564732008748,0.9324778081250905,1.0563582093259845,2.093137506851281,36.05409939584774
11.049999999999809,-2.3894452679216758,2.3894452679216758,4.670030656523646,2.1610253715594467,2.366207106499861,8.150609031699188,2.854927149981097,2.718478607765136,12.39613810021584,3.5208149767086367,2.8612354203950687,2.758714782768145,2.805555798505922,2.03260732656939,0.9326228307712433,1.0517362869168205,2.080201444091517,36.054072386611324
11.059999999999809,-2.3933928607447155,2.3933928607447155,4.654555292369495,2.1574418398579125,2.3671376688630636,8.132075964070413,2.851679498834049,2.718497269226737,12.38297052730062,3.518944518929024,2.8612306925085607,2.7558262514717042,2.8024959338342135,2.026640114643984,0.9328015903836271,1.0471308290466248,2.0671122393704655,36.0540450937216
11.069999999999808,-2.3972317743269764,2.3972317743269764,4.638925928261477,2.1538165957809587,2.368072478167878,8.113367054090567,2.8483972781356477,2.7185134789697663,12.369616148143859,3.5170465092380936,2.8612250027622825,2.7529540933895698,2.7994282884781376,2.0206651403225053,0.9330154289192993,1.0425424099605691,2.0541428682741785,36.05401752094989
11.079999999999808,-2.4009566624513607,2.4009566624513607,4.623146133373994,2.150150258324751,2.369011343832683,8.094481208026634,2.845080176027845,2.7185269543908763,12.35607599421088,3.5151210497237333,2.8612182705416025,2.7500997905377185,2.796353481603954,2.0146844924826572,0.9332657294585232,1.0380533549047901,2.0414410328345487,36.05398967227247
11.089999999999808,-2.4045620050405927,2.4045620050405927,4.607219470357039,2.1464434468108027,2.369954066175774,8.075417311480743,2.8417278742836625,2.718537412397014,12.342351088989906,3.513168240917293,2.8612104147186423,2.7472027554617764,2.793239435510102,2.0087003055780923,0.9335096735505076,1.0335944106821113,2.0286198570192253,36.05396155186439
11.099999999999808,-2.408042104040697,2.408042104040697,4.591149494752802,2.1426967808704998,2.370900436651786,8.05617423397295,2.838340049037985,2.718544569697598,12.328442450249817,3.511188182118671,2.8612013537291876,2.744308715116243,2.7901100775963754,2.002714760491479,0.9337800472873832,1.0291553255068573,2.0157900289049717,36.05393316409327
11.109999999999808,-2.411391079313098,2.411391079313098,4.574939754667749,2.1389108804874852,2.3718502381395163,8.03675083371272,2.8349163715553796,2.718548143103485,12.314351092391927,3.5091809717357023,2.8611910056510883,2.741434837114644,2.7869742767277264,1.9967300854574512,0.9340894260941688,1.0247367573851454,2.003423674224453,36.0539045135129
11.119999999999807,-2.414602864550382,2.414602864550382,4.558593790712912,2.1350863661015946,2.3728032452823773,8.017145962559868,2.831456509035565,2.71854784983258,12.300078028895266,3.507146707637886,2.861179288284095,2.738582719618161,2.7838326944492713,1.9907485570607582,0.9344393255053925,1.0203393952002404,1.9909673906720338,36.05387560485661
11.129999999999807,-2.4176712032317482,2.4176712032317482,4.542115136224428,2.1312238587779624,2.3737592248825137,7.997358471175526,2.8279601254571336,2.7185434078219295,12.28562427485457,3.5050854875244584,2.8611661192310462,2.735754002141935,2.780686008598884,1.9847725013151354,0.9348313064536632,1.0160492430719978,1.978424822448294,36.053846443030615
11.139999999999807,-2.4205896446285373,2.4205896446285373,4.525507317775519,2.1273239804448028,2.374717936349397,7.9773872143636035,2.8244268824601573,2.7185345360461204,12.27099084961037,3.5029974093068312,2.8611514159803324,2.7328858104014766,2.7775009611838306,1.9788042948287266,0.9352207405916536,1.0117849295635806,1.9663974187631859,36.05381703310708
11.149999999999807,-2.423351539871445,2.423351539871445,4.508773855990209,2.1233873542032335,2.375679132203458,7.957231056603045,2.8208564402682823,2.7185209548418037,12.256178779470396,3.5008825715054193,2.8611350959895576,2.7300227740523373,2.774300857364855,1.9728463660621258,0.9356398372196857,1.0075448396428932,1.9543763185804042,36.05378738031719
11.159999999999807,-2.425950038102055,2.425950038102055,4.491918266667961,2.1194146047123392,2.3766425586350293,7.936888877771071,2.817248458650935,2.718502386238135,12.241189100521675,3.498741073660878,2.861117076770296,2.727185779184845,2.77109649086098,1.9669011966854482,0.9361039528207562,1.0033297636984146,1.9422939777607617,36.05375749004396
11.169999999999806,-2.428378082723055,2.428378082723055,4.474944062227204,2.1154063586524465,2.377607956118593,7.916359579057343,2.8136025979262502,2.71847855429292,12.226022861532341,3.4965730167597444,2.861097275973896,2.724376598444465,2.767888594878451,1.9609713230411097,0.9366147922219872,0.9991405291195156,1.930529608656216,36.05372736781503
11.179999999999806,-2.4306284077661013,2.4306284077661013,4.457854753474353,2.1113632452693576,2.3785750600819737,7.895642089068881,2.809918520005319,2.7184491854342325,12.210681126942657,3.494378503674531,2.8610756114781943,2.7215834024610768,2.7646707553213847,1.9550593377193926,0.9371642909569715,0.9950545782939354,1.9189921337414346,36.05369701929532
11.189999999999806,-2.4326935343990415,2.4326935343990415,4.440653851703407,2.1072858970019723,2.3795436016298006,7.874735370125329,2.806195889478375,2.7184140088072435,12.195164979944213,3.492157639618265,2.861052001475092,2.718744723314345,2.7614105123182418,1.9491678912541825,0.9377085602449856,0.9910025390327775,1.9074148430922768,36.053666450279586
11.199999999999806,-2.434565767591069,2.434565767591069,4.423344871129567,2.103174950195434,2.380513308320141,7.853638424743892,2.8024343747434823,2.7183727566260236,12.17947552564665,3.489910532613501,2.8610263645588754,2.7159367715234284,2.7581476969577707,1.943299693946709,0.9383027966475516,0.9869796105004709,1.8959237234621478,36.05363566668485
11.209999999999805,-2.4362371929636892,2.4362371929636892,4.405931331658471,2.0990310459015302,2.381483904992883,7.832350302313115,2.798633649178312,2.718325164530001,12.16361389433098,3.48763729397582,2.860998619815191,2.7131614625066383,2.754883106920626,1.9374575178255051,0.938948854415221,0.9829867395865913,1.8849013666970695,36.05360467454282
11.219999999999805,-2.4376996738518772,2.4376996738518772,4.388416761990717,2.0948548307676877,2.3824551146479322,7.810870105954342,2.7947933923555675,2.718270971944802,12.147581244788793,3.485338038811844,2.8609686869105833,2.7104207605108677,2.751617561568059,1.931644198751302,0.9396486393403919,0.9790249165891621,1.873857645024917,36.05357347999222
11.229999999999805,-2.4389448485975858,2.4389448485975858,4.370804703059227,2.0906469580154434,2.3834266593709335,7.789196999569448,2.7909132913025885,2.718209922447132,12.131378767746417,3.4830128865317764,2.860936486182488,2.707628869430633,2.7483059107889902,1.925862638676045,0.9403404986125408,0.9751495069990755,1.8627958250007335,36.05354208927095
11.239999999999805,-2.439964128112394,2.439964128112394,4.353098711794781,2.086408088508761,2.3843982613037134,7.76733021507307,2.786993041805643,2.7181417641333763,12.115007689373165,3.48066196137648,2.860901938729596,2.7048648488611953,2.7449894053693553,1.9201158080657796,0.941081961673952,0.9713297586891906,1.8521475347045717,36.053510508708456
11.249999999999805,-2.4407486937336964,2.4407486937336964,4.335302365212619,2.082138891912021,2.38536964365618,7.745269059807326,2.7830323497593996,2.7180662499915345,12.098469274872919,3.47828539295914,2.8608649665024526,2.7021387199780214,2.7416730852164104,1.9144067484977472,0.9418807878764882,0.9675446338952858,1.8416539718674834,36.05347874471772
11.259999999999804,-2.4412894954085553,2.4412894954085553,4.317419264810616,2.0778400479369474,2.3863405317559163,7.723012924136541,2.779030932562022,2.717983138276131,12.081764832157942,3.475883316821487,2.8608254923942384,2.6994498410700367,2.738356402777255,1.908738575442675,0.9427370316519195,0.9637952609556125,1.8311583662472535,36.05344680378751
11.269999999999804,-2.4415772502421755,2.4415772502421755,4.299453041266744,2.073512247677053,2.387310654131213,7.700561289219173,2.7749885205562874,2.717892192885684,12.06489571560432,3.4734558750046505,2.8607834403315735,2.6967041579997404,2.734990012814444,1.903114481243959,0.9435826818192204,0.9600828183269673,1.8207444618177433,36.053414692474405
11.279999999999804,-2.441602441444388,2.441602441444388,4.281407359420959,2.069156195027567,2.388279743622752,7.677913734953706,2.7709048585171066,2.7177931837423066,12.047863329887731,3.4710032166345988,2.8607387353652753,2.6939998052617495,2.7316250415632357,1.897537738306205,0.9444894931633652,0.9564258070177816,1.8108092753477496,36.05338241739497
11.289999999999804,-2.441355317715613,2.441355317715613,4.263285923523725,2.0647726081880604,2.3892475385186387,7.655069948094799,2.766779707185738,2.717685887172997,12.030669133898899,3.468525498522232,2.8606913037609516,2.691338988982121,2.728262433191403,1.8920117025064438,0.9454596152303749,0.9528612192194479,1.8008863255528074,36.053349985217814
11.299999999999804,-2.440825893108261,2.440825893108261,4.245092482730512,2.0603622212442434,2.3902137837069515,7.632029730535528,2.7626128448509624,2.717570086292131,12.013314644737443,3.466022885778085,2.8606410730893153,2.6886747473535055,2.7248775033224693,1.886539816842278,0.9464592310721861,0.9493375006303649,1.7909789611650175,36.05331740265571
11.309999999999803,-2.44000394741407,2.44000394741407,4.2268308368186105,2.055925785824627,2.391178231839475,7.6087930077509665,2.75840406897738,2.717445571384681,11.995801441783282,3.4634955524416777,2.8605879723161096,2.6859992085998425,2.7214660080533077,1.8811256153322122,0.9474828956227884,0.9458559871592179,1.7813124000097034,36.053284676457714
11.319999999999803,-2.43887902711647,2.43887902711647,4.208504842099594,2.051464072826915,2.392140644499728,7.585359837397911,2.754153197880959,2.717312140289614,11.978131170844293,3.4609436821254826,2.8605319318915483,2.683370845592041,2.7180582484771096,1.875772727184562,0.9485738683383355,0.9424180718641851,1.7719633427596735,36.05325181340133
11.329999999999803,-2.4374404469531847,2.4374404469531847,4.190118417497732,2.046977874208154,2.3931007933679345,7.56173041806481,2.7498600724518347,2.7171695987829434,11.960305548379042,3.458367468673484,2.8604728838391527,2.680769813065688,2.714643712046846,1.870484881252545,0.9497181184731225,0.9390252069308027,1.7626428614393153,36.053218820284734
11.339999999999803,-2.4356772921457925,2.4356772921457925,4.171675550761546,2.0424680048317883,2.394058461375071,7.537905098165459,2.7455245579243064,2.71701776095984,11.942326365793445,3.4557671168343282,2.8604107618438492,2.678129773027958,2.7111877812485496,1.8652659107945218,0.9508672158385155,0.9357062171920986,1.7533544840827537,36.05318570391899
11.349999999999802,-2.4335784213415406,2.4335784213415406,4.153180304772772,2.0379353043638977,2.3950134438376645,7.513884384969218,2.74114654569383,2.7168564496152214,11.924195493809657,3.4531428429489646,2.8603455013392685,2.6755405954617766,2.7077370332835575,1.8601197585598197,0.9520876597978828,0.9324709924964351,1.7443653101180923,36.05315247112039
11.359999999999802,-2.4311324703209154,2.4311324703209154,4.134636823913912,2.0333806392099616,2.39596554956459,7.489668953759874,2.736725955180729,2.7166854966221843,11.90591488690589,3.4504948756527507,2.860277039594086,2.6729797062526575,2.7042795885423385,1.8550504822222091,0.9533633304502079,0.9292853022881332,1.7356286863237127,36.05311912870285
11.369999999999802,-2.4283278565259825,2.4283278565259825,4.116049340452761,2.028804904482627,2.396914601926681,7.465259657114441,2.732262735740185,2.7165047433076204,11.88748658782543,3.4478234565919164,2.8602053157973035,2.670381257489571,2.700781213526089,1.8500622601848868,0.9546458816639166,0.9261507824856148,1.7269362576170706,36.053085683470314
11.379999999999802,-2.425152784467904,2.425152784467904,4.097422180899448,2.024209025990016,2.3978604398796484,7.440657534292376,2.727756868617945,2.71631404082436,11.868912732152792,3.445128841154245,2.8601302711423875,2.6678373249570635,2.6972895221125723,1.8451593977827905,0.9560037708441574,0.9230691356627406,1.7182917728771512,36.0530521422094
11.389999999999802,-2.42159525207117,2.42159525207117,4.078759772288898,2.0195939622332255,2.398802918930445,7.4158638207248755,2.72320836895102,2.7161132505191015,11.850195552955217,3.4424112992138545,2.8600518489101066,2.66529113405853,2.6937750248195926,1.8403463339102104,0.9573953584880422,0.920042133159209,1.709907204507164,36.05301851168193
11.399999999999801,-2.417643058013692,2.417643058013692,4.060066648339223,2.014960706400803,2.3997419120369896,7.390879957592873,2.718617287812478,2.715902244295434,11.83133738548696,3.4396711158898547,2.8599699945500032,2.6627394828762054,2.69023602440549,1.835627648104063,0.9588184905724347,0.9170761009334458,1.7018052974321023,36.05298479861783
11.409999999999801,-2.4132838101200575,2.4132838101200575,4.041347455434189,2.0103102883470974,2.400677310430921,7.365707601481523,2.7139837142992445,2.715680904971159,11.812340671953965,3.4369085923186793,2.859884655760344,2.660245865181515,2.6867052332618084,1.831008068115781,0.9603207913828895,0.9142184190216855,1.693762793573345,36.05295100970791
11.419999999999801,-2.4085049348757885,2.4085049348757885,4.02260695837602,2.005643776540595,2.4016090243529646,7.340348634097848,2.7093077776616385,2.715449126629139,11.793207966335961,3.4341240464397846,2.859795782566476,2.657686253048207,2.683118666922941,1.8264924780076477,0.9618100609620163,0.9114205200226662,1.6857836841559317,36.05291715159684
11.4299999999998,-2.4032936881235933,2.4032936881235933,4.003850045853005,2.0009622799675673,2.4025369836904056,7.3148051720371035,2.7045896494731143,2.715206814960875,11.773941939262752,3.431317813794396,2.859703327397459,2.6551853693943706,2.679540596923134,1.8220859268125482,0.9633795997005351,0.9086843889982212,1.6779320153112134,36.05288323087632
11.4399999999998,-2.3976371669980443,2.3976371669980443,3.985081735565038,1.9962669499756385,2.403461138506179,7.289079576582414,2.69982954583848,2.7149538876019452,11.754545382941192,3.428490248336896,2.8596072451608654,2.6526512965751237,2.6759237231004205,1.8177936377995838,0.9649609301627886,0.9060120881357867,1.6704848609280296,36.05284925407825
11.4499999999998,-2.3915223231717464,2.3915223231717464,3.966307178949112,1.991558982041233,2.4043814594492345,7.263174463520904,2.6950277296385847,2.7146902744584653,11.735021216128676,3.425641723258385,2.8595074933156552,2.6501416761889827,2.6722977255227582,1.8136210183917862,0.9665973596994036,0.9034057590614613,1.6631120913978388,36.05281522766818
11.4599999999998,-2.384935977466281,2.384935977466281,3.9475316654462773,1.9868396174443164,2.4052979380359676,7.237092712958312,2.69018451280917,2.714415918023681,11.715372489148836,3.4227726318218736,2.859404031942994,2.647606826379371,2.668637171063171,1.8095736707863566,0.9682517494860887,0.9008676252014239,1.6558179418738976,36.05278115803871
11.4699999999998,-2.377864835892697,2.377864835892697,3.9287606262512087,1.9821101448333311,2.406210586792869,7.210837479112901,2.6853002586513304,2.714130773683774,11.695602388944215,3.419883388208466,2.8592968238149377,2.6450861002823074,2.6649623381357497,1.8056574033324306,0.9699537446559822,0.8983999941947685,1.6486067824785537,36.05274705150322
11.4799999999998,-2.3702955071828624,2.3702955071828624,3.9099996374858943,1.977371901662885,2.4071194392509154,7.184412200067911,2.680375384170641,2.7138348100119565,11.675714244160476,3.416974428373803,2.8591858344608583,2.6425236454162384,2.661244776988127,1.8018782427264362,0.971661269679084,0.8960394192344437,1.6416571497065118,36.052712914289536
11.4899999999998,-2.3622145218660546,2.3622145218660546,3.8912544227397037,1.9726262754864905,2.4080245497826978,7.1578206074605335,2.6754103624417196,2.7135280090499085,11.655711530255855,3.4140462109139436,2.859071032231519,2.639984570128643,2.6575179426364977,1.7982424470906124,0.9734234552873388,0.8937627411304047,1.6349728088641224,36.05267875253383
11.4999999999998,-2.3536083529509235,2.3536083529509235,3.8725308549192587,1.9678747050864949,2.408925993273975,7.13106673608389,2.6704057249945916,2.713210366575571,11.635597874628925,3.4110992179397135,2.8589523883606986,2.637371238909278,2.653732206288742,1.794756520006362,0.975166271959255,0.8915628496251945,1.6283821471216633,36.05264457227465
11.509999999999799,-2.344463438259051,2.344463438259051,3.8538349573534876,1.9631186814233845,2.4098238646219676,7.104154933376896,2.6653620642188365,2.712881892356324,11.61537706175707,3.408133955958461,2.8588298770242577,2.634754464417548,2.649923963584148,1.791427225580761,0.9769431692122168,0.8894423203212709,1.6218897550427531,36.05261037944696
11.519999999999799,-2.33476620446136,2.33476620446136,3.835172904101513,1.958359748386775,2.41071827805363,7.077089868775418,2.6602800357810863,2.712542610386534,11.595053038337115,3.4051509567619926,2.858703475396565,2.63211793110318,2.6460851666122913,1.7882616046318711,0.9787415439932453,0.8874038241666813,1.6155003524038358,36.05257617987634
11.529999999999799,-2.3245030928591297,2.3245030928591297,3.8165510194140615,1.9535995033307265,2.411609366258019,7.0498765428964765,2.655160361051,2.7121925591084652,11.574629918418852,3.402150778319334,2.858573163704177,2.6293966786152816,2.6421831604425337,1.7852669920865218,0.9805115163696944,0.8854501304677151,1.6093355478868991,36.052541979273265
11.539999999999798,-2.313660586946917,2.313660586946917,3.797975776302594,1.9488395973764987,2.412497279327988,7.022520296525593,2.650003829530364,2.711831791615505,11.554111988521134,3.399134005672788,2.8584389252766793,2.626634493954475,2.6382406190272585,1.7824510356930279,0.9822859433435176,0.8835841100461458,1.6034661800252052,36.052507783227355
11.549999999999798,-2.3022252417897873,2.3022252417897873,3.779453794174553,1.9440817354665294,2.413382183507567,6.995026819375645,2.6448113012794776,2.711460375836705,11.5335037127193,3.3961012518355957,2.858300746594614,2.62381351950093,2.63424893246124,1.7798217161609389,0.9840506094946229,0.8818087385624298,1.597710122922741,36.052473597201804
11.559999999999798,-2.290183715235131,2.290183715235131,3.7609918354978196,1.9393276761542437,2.4142642597426858,6.967402158584037,2.639583709334492,2.711078394701553,11.512809737691635,3.3930531586893293,2.8581586173343876,2.620917226526582,2.6302002495294663,1.7773873688504973,0.9857921414993294,0.8801271000316642,1.5920722625143962,36.05243942652767
11.569999999999798,-2.277522800973739,2.277522800973739,3.7425968014628626,1.934579231115351,2.415143702034256,6.939652726913036,2.6343220621087764,2.7106859462839643,11.492034897711394,3.389990397878937,2.858012530410086,2.6179304852412892,2.6260875084968154,1.7751567071460075,0.9874980643953059,0.8785468851392704,1.5865575991843677,36.05240527639826
11.579999999999798,-2.2642294634561724,2.2642294634561724,3.724275726616974,1.9298382643675025,2.416020715594092,6.9117853106165485,2.629027445770878,2.71028314392443,11.471184219569846,3.38691367170317,2.857862482012112,2.6148396281432875,2.62190446365107,1.7731388476599947,0.9891568550007787,0.8770887484092156,1.5811712450799718,36.05237115186335
11.589999999999797,-2.250290874659711,2.250290874659711,3.706035772451355,1.9251066911865833,2.4168955148057334,6.883807076934804,2.6237010265910263,2.709870116329296,11.450262927414455,3.383823713997887,2.8577084716425682,2.61163250543293,2.61764570723708,1.7713433374288257,0.9907579912550729,0.8757324704165573,1.576059941119863,36.052337057823394
11.599999999999797,-2.2356944526870848,2.2356944526870848,3.687884219928907,1.9203864767095469,2.4177683209937935,6.855725581176679,2.618344053247525,2.709447007646122,11.429276447485247,3.380721291009545,2.8575505021473044,2.608298531325074,2.6133066864544254,1.7697801832755704,0.9922919962855217,0.8744815149762536,1.5711899109453151,36.052302999023595
11.609999999999797,-2.2204279021653117,2.2204279021653117,3.6698284609479073,1.9156796342154674,2.4186393600072273,6.827548773347681,2.612957859083778,2.7090139775141266,11.408230412730797,3.3776072022558807,2.8573885797445646,2.6047973768097457,2.60886796905196,1.7684598835323344,0.993726196771504,0.8733394763811783,1.566457948496306,36.052268980047735
11.619999999999797,-2.204479256402746,2.204479256402746,3.6518759887447056,1.9109882230784956,2.41950885962359,6.799285004279945,2.607543864306015,2.7085712010886915,11.387130667284234,3.3744822813706157,2.8572227140501587,2.6011390075445546,2.6043354859167445,1.7673934623322358,0.9950666180609286,0.8723100853006567,1.5618692277891133,36.05223500531187
11.629999999999797,-2.1878369212439006,2.1878369212439006,3.634034387246736,1.9063143463885321,2.420377046783164,6.770943031219026,2.602103578111184,2.708118869038946,11.365983270778148,3.3713473969287335,2.8570529180990922,2.597274556816544,2.5996856815302776,1.766592506700698,0.9962735349520715,0.871397215263818,1.5574290085476241,36.05220107905766
11.639999999999796,-2.1704897205458966,2.1704897205458966,3.616311319395733,1.9016601482377793,2.421244144663651,6.742532022820598,2.5966386007337636,2.707657187517491,11.344794502475809,3.368203453248602,2.856879208363603,2.5932026247262434,2.594918896747313,1.7660692066969166,0.9973438094958522,0.8706048898186407,1.5531426308032668,36.05216720534545
11.649999999999796,-2.152426943189818,2.152426943189818,3.5987145144697252,1.8970278106737721,2.4221103696078905,6.714061563508914,2.591150625399634,2.707186378101299,11.323570865194979,3.3650513911670026,2.856701604767524,2.588887057060474,2.590018095711937,1.7658363988793175,0.9982471376733411,0.8699372904692241,1.5490155089810709,36.052133388046876
11.659999999999796,-2.1336383915099857,2.1336383915099857,3.581251754441398,1.8924195503221262,2.4229759279189107,6.685541657147356,2.5856414401744408,2.7067066777029325,11.302319088998923,3.3618921887828175,2.8565201306969454,2.5843211292622827,2.5849810308141437,1.7659076133936238,0.9989759180049695,0.8693987655143088,1.5451341829196543,36.05209963083717
11.669999999999796,-2.114114431011811,2.114114431011811,3.563930859419254,1.8878376146849214,2.4238410125383467,6.656982729970336,2.58011292969326,2.7062183384512024,11.281046134628108,3.3587268621649047,2.856334813007102,2.5794833802359936,2.5797980971796344,1.7662971250089061,0.9995109529551015,0.8689938399263855,1.5415192623970828,36.05206593718677
11.679999999999795,-2.0938460412372155,2.0938460412372155,3.546759672227055,1.8832842781234742,2.424705799626009,6.6283956327247395,2.57456707675771,2.7057216275404654,11.259759196644579,3.355556466019396,2.8561456820254563,2.5743672003451183,2.574467132720931,1.7670200084556864,0.9998445113409805,0.8687272264293144,1.5380722325237237,36.05203231035255
11.689999999999795,-2.0728248676023986,2.0728248676023986,3.529746042185773,1.878761837537098,2.4255704450599986,6.599791641968218,2.5690059637860356,2.705216827047801,11.238465706259968,3.3523820943114417,2.8559527715509203,2.5689886197990095,2.56899729174858,1.7680921984509015,0.999986490105099,0.868603837962276,1.5347984022237064,36.05199875336834
11.699999999999795,-2.051043274017838,2.051043274017838,3.512897808170863,1.8742726077523681,2.4264350808783695,6.571182460471085,2.5634317741010944,2.704704233717374,11.217173333816662,3.349204880836146,2.855756118849196,2.5634317741010944,2.5634317741010944,1.7695305548271636,1.0,0.8686288017446748,1.5317031182293555,36.05196526903476
11.709999999999795,-2.0284943960833037,2.0284943960833037,3.4962227810259603,1.8698189166403147,2.427299811684752,6.542580216668097,2.557846793040603,2.704184158711333,11.195889990890757,3.3460259997332296,2.855555764644183,2.557846793040603,2.557846793040603,1.7713529332183153,1.0,0.8688074751887194,1.5287917572147132,36.051931859908386
11.719999999999795,-2.0051721946277214,2.0051721946277214,3.479728725421848,1.8654030999818372,2.428164711041686,6.513997463106408,2.552253408873501,2.7036569273266857,11.17462383198447,3.342846665939745,2.8553517531054444,2.552253408873501,2.552253408873501,1.773578261789446,1.0,0.8691454639461161,1.5260697176179605,36.05189852829008
11.729999999999794,-1.9810715093345805,1.9810715093345805,3.4634233412569144,1.861027496104481,2.4290298178765837,6.48544717383603,2.5466541135058036,2.703122878677647,11.153383255774722,3.339668135574959,2.8551441318316924,2.5466541135058036,2.5466541135058036,1.7762266245371139,1.0,0.8696486424241313,1.523542411205053,36.05186527621253
11.739999999999794,-1.9561881121823879,1.9561881121823879,3.44731424470183,1.8566944403164,2.429895132926261,6.456942740689854,2.5410515029589336,2.702582365343054,11.132176905884192,3.336491706251372,2.8549329518302837,2.5410515029589336,2.5410515029589336,1.7793193517239783,1.0,0.8703231771563935,1.5212152544326318,36.05183210542693
11.749999999999794,-1.9305187604129155,1.9305187604129155,3.431408948997211,1.852406259165956,2.4307606152467516,6.428497968401003,2.535448277603194,2.7020357529785146,11.111013671140462,3.333318717305692,2.854718267492718,2.535448277603194,2.535448277603194,1.7828791180507633,1.0,0.8711755534755233,1.519093659676727,36.051799017388724
11.759999999999794,-1.9040612487052466,1.9040612487052466,3.415714845117996,1.8481652645577982,2.431626178815805,6.400127068506772,2.5298472421288154,2.7014834198930546,11.089902685288862,3.33015054994348,2.8545001365661165,2.5298472421288154,2.5298472421288154,1.7869300492064593,1.0,0.8722126060151392,1.5171830264098034,36.051766013242506
11.769999999999794,-1.8768144602328902,1.8768144602328902,3.4002391824225016,1.8439737477584928,2.4324916892557833,6.37184465198997,2.524251305236856,2.7009257565901326,11.068853326124461,3.3269886272911218,2.854278620120702,2.524251305236856,2.524251305236856,1.7914978374737005,1.0,0.8734415536503832,1.5154887324137758,36.051733093805986
11.779999999999793,-1.8487784162524112,1.8487784162524112,3.3849890494072756,1.8398339733267444,2.4333569607049252,6.3436657206108364,2.51866347903225,2.7003631652729876,11.047875214009114,3.3238344143487524,2.8540537825132675,2.51866347903225,2.51866347903225,1.7966098670984971,1.0,0.8748700395957985,1.5140748940864912,36.051700259552995
11.789999999999793,-1.819954323865194,1.819954323865194,3.369971354691018,1.8357481730049516,2.4342217528647967,6.315605656885278,2.5130868781013675,2.699796059314398,11.026978209739854,3.320689417837786,2.8538256913466538,2.5130868781013675,2.5130868781013675,1.8022953501597148,1.0,0.8765061775015944,1.512885690259693,36.051667510595685
11.799999999999793,-1.7903446215833083,1.7903446215833083,3.3551928083518625,1.8317185396102378,2.435085768251489,6.287680212668387,2.507524718256709,2.699224862691048,11.006172411736054,3.3175551859367847,2.8535944174252563,2.507524718256709,2.507524718256709,1.8085854736906488,1.0,0.8783586045386318,1.5119180899149334,36.05163484666582
11.809999999999793,-1.7599530223067898,1.7599530223067898,3.340659903742206,1.827747220964159,2.4359486496774956,6.259905496305977,2.5019803149317497,2.6986500093828236,10.985468152513825,3.3144333078995305,2.8533600347065735,2.5019803149317497,2.5019803149317497,1.8155135588087938,1.0,0.880462477526596,1.5111770753797973,36.051602267095305
11.819999999999792,-1.7287845533352004,1.7287845533352004,3.32637889990407,1.8238363139010227,2.4368099779903822,6.232297958321066,2.496457081209502,2.6980719427374744,10.964875994417731,3.3113254135493437,2.8531226202488478,2.496457081209502,2.496457081209502,1.823115232594919,1.0,0.8828113348650817,1.5106675822752489,36.05156977079597
11.829999999999792,-1.6968455930117001,1.6968455930117001,3.312355804705436,1.8199878583950597,2.4376692700932567,6.204874375607163,2.490958525469094,2.697491114801223,10.94440672458206,3.3082331726439813,2.8528822541548147,2.490958525469094,2.490958525469094,1.8314286134220275,1.0,0.8854086061762257,1.510394495053679,36.0515373562388
11.839999999999792,-1.6641439036118935,1.6641439036118935,3.298596358814518,1.8162038318466676,2.4385259772706926,6.177651834105563,2.4854882486355803,2.6969079856160247,10.924071349095897,3.3051582941057296,2.852639019511619,2.4854882486355803,2.4854882486355803,1.8404945103594423,1.0,0.8882655358196198,1.510362643646945,36.05150502143255
11.849999999999792,-1.630688660091498,1.630688660091498,3.285106020624093,1.8124861435674737,2.439379483842136,6.150647709949861,2.4800499410193058,2.696323022484342,10.90388108634927,3.302102525111731,2.8523930023269477,2.4800499410193058,2.4800499410193058,1.8503566371555,1.0,0.8913942654149736,1.5105768014389878,36.05147276390209
11.859999999999792,-1.5964904743040544,1.5964904743040544,3.271889952232244,1.8088366295031302,2.4402291061629526,6.123879649067491,2.474647378732471,2.6957366992024125,10.883847359540619,3.299067650040026,2.8521442914614323,2.474647378732471,2.474647378732471,1.8610618411188673,1.0,0.8948079558093709,1.5110416848041117,36.05144058066657
11.869999999999791,-1.561561414333599,1.561561414333599,3.2589530065788797,1.8052570472314682,2.4410740919912417,6.0973655452351565,2.469284419672055,2.695149495263166,10.863981788329395,3.296055489267345,2.851892978557383,2.469284419672055,2.469284419672055,1.8726603469538357,1.0,0.8985306214166553,1.5117619544687095,36.051408468217424
11.879999999999791,-1.5259150185799206,1.5259150185799206,3.246299715829601,1.8017490712720239,2.441913620236142,6.071123516592721,2.463964999059995,2.6945618950300645,10.844296179621443,3.293067897815264,2.8516391579639446,2.463964999059995,2.463964999059995,1.8852060152339178,1.0,0.9026169512983085,1.5127422189908604,36.05137642249673
11.889999999999791,-1.4895663042731306,1.4895663042731306,3.2339342810895837,1.7983142887408707,2.4427468011009443,6.045171880628277,2.4586931245334944,2.693974386883325,10.82480251747915,3.2901067638420414,2.851382926658723,2.4586931245334944,2.4586931245334944,1.898756614688493,1.0,0.9070366273045234,1.5139870406764946,36.05134443887585
11.89999999999979,-1.4525317701180736,1.4525317701180736,3.2218605635206603,1.7949541953823391,2.443572676631545,6.019529127655799,2.4534728707804776,2.6933874623400937,10.805512952152988,3.2871740069781805,2.8511243841659937,2.4534728707804776,2.4534728707804776,1.913374106787879,1.0,0.9118080159496351,1.5155097212721533,36.051312512134835
11.90999999999979,-1.414829392786232,1.414829392786232,3.210082076924336,1.791670192006424,2.444390221678014,5.994213892815821,2.448308373717621,2.6928016151503424,10.786439788235889,3.2842715765045813,2.8508636324715635,2.448308373717621,2.448308373717621,1.929124940190533,1.0,0.9169514037653561,1.5173795955591012,36.05128063644264
11.91999999999979,-1.376478617028609,1.376478617028609,3.198601981842696,1.7884635813576681,2.4451983452740027,5.969244926639103,2.443203824210969,2.6922173403703527,10.767595471947258,3.2814014493730053,2.850600775934395,2.443203824210969,2.443203824210969,1.9460803513951481,1.0,0.9225606220460065,1.5195395987884956,36.05124880533859
11.92999999999979,-1.3375003392060432,1.3375003392060432,3.187423081217678,1.7853355654379592,2.4459958924356986,5.944641064223015,2.438163461341962,2.6916351334158652,10.748992577558893,3.278565628069521,2.8503359211950867,2.438163461341962,2.438163461341962,1.9643166663354255,1.0,0.9285940325843927,1.521994171204375,36.051217011715295
11.93999999999979,-1.297916884085699,1.297916884085699,3.176547817637538,1.782287243302139,2.446781646378835,5.920421193080407,2.433191565224655,2.6910554890970637,10.730643792980718,3.275766138322563,2.850069177081325,2.433191565224655,2.433191565224655,1.9839155955591115,1.0,0.9350735342349924,1.5247477498935187,36.051185247803375
11.94999999999979,-1.2577519747992036,1.2577519747992036,3.1659782721873593,1.779319609341548,2.4475543311491017,5.896604219730969,2.4282924493830986,2.6904789006377463,10.712561904530144,3.2730050266582458,2.849800654510407,2.4282924493830986,2.4282924493830986,2.004964512910759,1.0,0.9420940386489931,1.5278047956934564,36.05115350515817
11.95999999999979,-1.217030695904582,1.217030695904582,3.155716164908448,1.776433552066738,2.448312614658092,5.873209035115378,2.4234704527011215,2.689905858681169,10.694759780914891,3.2702843578066556,2.8495304663889662,2.4234704527011215,2.4234704527011215,2.027556704121315,1.0,0.949650668308827,1.531169825871044,36.051121774648855
11.96999999999979,-1.175779449552297,1.175779449552297,3.145762856859514,1.773629853396563,2.449055112113712,5.850254478922792,2.418729930960212,2.689336850285167,10.677250356464913,3.2676062119638765,2.849258727510012,2.418729930960212,2.418729930960212,2.051791567188398,1.0,0.9577582078589284,1.5348474533380019,36.051090046450206
11.979999999999789,-1.1340259048080898,1.1340259048080898,3.1361193537607193,1.7709091884567993,2.4497803898309023,5.827759302932527,2.4140752479847283,2.68877235790932,10.660046613655286,3.2649726819156215,2.8489855544474114,2.4140752479847283,2.4140752479847283,2.077774740652895,1.0,0.9665531612656798,1.5388424332846862,36.05105831003726
11.989999999999789,-1.0917989402498385,1.0917989402498385,3.126786311190196,1.768272125887358,2.450486969405425,5.805742133480643,2.4095107664172497,2.6882128583970246,10.643161564967594,3.2623858700294166,2.8487110654479366,2.4095107664172497,2.4095107664172497,2.1056181285302342,1.0,0.9759771592918456,1.5431597182470667,36.05102655418322
11.999999999999789,-1.0491285800055314,1.0491285800055314,3.1177640412915957,1.7657191286531377,2.451173332230594,5.784221433171908,2.4050408381505517,2.6876588219554662,10.626608234143198,3.259847885123353,2.8484353803210114,2.4050408381505517,2.4050408381505517,2.1354397813696004,1.0,0.9861797195066652,1.5478507552584797,36.0509947669607
12.009999999999788,-1.0060459234620036,1.0060459234620036,3.109052520940641,1.763250555349591,2.4518379243340203,5.763215461966825,2.400669794446297,2.6871107111365977,10.61039963688718,3.257360839220485,2.8481586203262905,2.400669794446297,2.400669794446297,2.167363581264037,1.0,0.9971390419628963,1.5530533553188302,36.05096293574672
12.019999999999788,-0.9625830689347128,0.9625830689347128,3.1006514013087743,1.7608666619902753,2.4524791615088817,5.742742237782137,2.396401935774159,2.6865689798223125,10.594548761086932,3.254926844198949,2.847880908059201,2.396401935774159,2.396401935774159,2.2015186641415037,1.0,1.0090106151162748,1.5586064341579278,36.05093104723151
12.029999999999788,-0.9187730316456469,0.9187730316456469,3.092560018752765,1.7585676042600025,2.4530954347118112,5.722819496751286,2.39224152140859,2.686034072217102,10.579068546614204,3.2525480083488705,2.8476023673345754,2.39224152140859,2.39224152140859,2.238038494828991,1.0,1.0217832143773615,1.56451597084916,36.050899087431276
12.039999999999788,-0.8746496564065398,0.8746496564065398,3.084777406950734,1.7563534402137668,2.4536851156973687,5.703464653298673,2.3881927588238505,2.6855064218515636,10.563971864783673,3.2502264328479753,2.8473231230685316,2.3881927588238505,2.3881927588238505,2.277059488722442,1.0,1.0356277367890523,1.5707885141671614,36.050867041705175
12.049999999999788,-0.8302475254625251,0.8302475254625251,3.0773023101974615,1.7542241333984268,2.454246562857141,5.684694760188018,2.3842597929311347,2.6849864506001686,10.54927149754504,3.247964208168717,2.8470433011587106,2.3842597929311347,2.3842597929311347,2.3187190480589224,1.0,1.0505900131553594,1.5774313130867896,36.05083489477631
12.059999999999787,-0.78560186199677,0.78560186199677,3.0701331977652124,1.7521795563712106,2.4547781272298925,5.666526468710656,2.3804466952046326,2.6844745677167854,10.534980116488828,3.245763410430407,2.84676302836302,2.3804466952046326,2.3804466952046326,2.3631528507009163,1.0,1.0667690040639661,1.5847037887828241,36.05080263075716
12.069999999999787,-0.7407484298415232,0.7407484298415232,3.063268279230529,1.7502194945864729,2.455278158647862,5.648975989184168,2.376757452746108,2.683971168891456,10.52111026174875,3.243626097710516,2.8464824321770203,2.376757452746108,2.376757452746108,2.4104911954765127,1.0,1.08432291127097,1.5924409185501733,36.05077023317903
12.079999999999787,-0.6957234299803069,0.6957234299803069,3.0567055206627365,1.7483436506198478,2.455745011983219,5.63205905193512,2.3731959573400423,2.683476635331961,10.50767432088548,3.2415543063298324,2.8462016407100803,2.3731959573400423,2.3731959573400423,2.4608541718944825,1.0,1.1033866786028375,1.6005854583875074,36.05073768502573
12.089999999999787,-0.6505633944551191,0.6505633944551191,3.0504426615660365,1.7465516486969506,2.456177053458041,5.615790868941915,2.3697659945534526,2.682991332873711,10.494684507837944,3.239550047126598,2.845920782560438,2.3697659945534526,2.3697659945534526,2.5143453864431957,1.0,1.1240904509114875,1.609148214086789,36.050704968771235
12.099999999999786,-0.6053050783312084,0.6053050783312084,3.0444772324643203,1.7448430394921832,2.4565726669806676,5.600186096314818,2.3664712329362505,2.682515611121494,10.482152842028766,3.237615301735023,2.845639986689299,2.3664712329362505,2.3664712329362505,2.5710439480658054,1.0,1.1466096376795667,1.6184373158338605,36.050672066421235
12.109999999999786,-0.5599853503751504,0.5599853503751504,3.038806573015907,1.743217305161897,2.4569302604712755,5.585258797789896,2.363315213379268,2.682049802626568,10.470091127710326,3.2357520188837596,2.845359382294105,2.363315213379268,2.363315213379268,2.6309944007006227,1.0,1.1711390540475581,1.628294809907402,36.05063895955832
12.119999999999786,-0.5146410831289232,0.5146410831289232,3.0334278505445544,1.7416738645752696,2.457248272139684,5.571022409412111,2.3603013386879463,2.6815942221025635,10.458510933636942,3.2339621107299545,2.8450790986810954,2.3603013386879463,2.3603013386879463,2.6941943048325268,1.0,1.197895239548873,1.638621813778596,36.050605629390475
12.129999999999786,-0.46930904306738885,0.46930904306738885,3.0283380788730296,1.7402120787056472,2.457525176678965,5.557489705579913,2.3574328634300303,2.6811491656835713,10.447423573146994,3.2322474492444098,2.844799265137296,2.3574328634300303,2.3574328634300303,2.7605792330571584,1.0,1.2271192111810094,1.6496399682966263,36.05057205680284
12.139999999999786,-0.4240257815186114,0.4240257815186114,3.0235341373464517,1.7388312561449002,2.45775949133924,5.544672766619493,2.3547128841154907,2.680714910227734,10.436840084736328,3.2306098626631363,2.8445200108020625,2.3547128841154907,2.3547128841154907,2.830005084432938,1.0,1.2590939707756308,1.6614742554018438,36.05053822241204
12.149999999999785,-0.37882752702102995,0.37882752702102995,3.0190127899342794,1.7375306587034023,2.4579497818471814,5.532582948051437,2.352144329766232,2.6802917126695323,10.426771213201283,3.229051132020254,2.8442414645382983,2.352144329766232,2.352144329766232,2.9022278738914213,1.0,1.2942159869030057,1.673847879035041,36.050504106622974
12.159999999999785,-0.3337500797811371,0.3337500797811371,3.014770704302288,1.7363095070586603,2.458094668138128,5.521230851705726,2.34972995293198,2.679879809423867,10.417227391425701,3.2275729877766826,2.843963754803479,2.34972995293198,2.34972995293198,2.976881555443768,1.0,1.3327653641131803,1.6871495231275822,36.050469689687624
12.169999999999785,-0.2888287088716146,0.2888287088716146,3.0108044707491124,1.7351669864163255,2.458192829869355,5.51062629883315,2.347472321207036,2.6794794158448747,10.408218722882024,3.2261771065584766,2.8436870095206075,2.347472321207036,2.347472321207036,3.053455026649992,1.0,1.3752868036791333,1.701304975095809,36.050434951765354
12.179999999999785,-0.24409805276701707,0.24409805276701707,3.0071106209057095,1.734102252148272,2.4582430116849516,5.5007783053520924,2.345373809300362,2.67909072574226,10.39975496491155,3.2248651080179385,2.843411355949223,2.345373809300362,2.345373809300362,3.1312702519884303,1.0,1.4222772016287544,1.7162114741322867,36.05039987298429
12.189999999999785,-0.19959202380342905,0.19959202380342905,3.0036856461006494,1.7331144353736856,2.4582440282048044,5.491695059359409,2.3434365917087256,2.6787139109577787,10.391845512843329,3.2236385518298,2.8431369205565864,2.3434365917087256,2.3434365917087256,3.2094644032425026,1.0,1.474625858211365,1.7324240209348432,36.050364433503496
12.199999999999784,-0.15534371709059117,0.15534371709059117,3.000526015298992,1.7322026484505189,2.458194768712509,5.483383901023028,2.3416626360394077,2.6783491210042674,10.38449938500549,3.22249893483388,2.8428638288891768,2.3416626360394077,2.3416626360394077,3.286979933208141,1.0,1.5331890771399868,1.74937896403822,36.05032861357518
12.209999999999784,-0.11138532435919278,0.11138532435919278,2.9976281925280857,1.7313659903463756,2.4580942015194265,5.475851304961759,2.3400536970252968,2.6779964827694416,10.377725208676212,3.2214476883345804,2.8425922054446158,2.3400536970252968,2.3400536970252968,3.3625673451929003,1.0,1.5993524271550565,1.7679963734573223,36.05029239360679
12.219999999999784,-0.06774805318957344,0.06774805318957344,2.9949886537093695,1.7306035518596885,2.4579413779846897,5.469102865204923,2.338611311271055,2.6776561002864367,10.371531207015238,3.220486175566546,2.8423221735441526,2.338611311271055,2.338611311271055,3.4348057322076557,1.0,1.6750648430284847,1.7875879125212926,36.050255754222306
12.229999999999784,-0.024462052003370024,0.024462052003370024,2.992603902821472,1.7299144206640604,2.4577354361736266,5.463143282810858,2.337336792764547,2.677328054572814,10.365925187009909,3.2196156893346615,2.8420538552058368,2.337336792764547,2.337336792764547,3.5021454775350964,1.0,1.7638033571179708,1.8090597892261988,36.05021867632247
12.239999999999783,0.018443658852181858,0.018443658852181858,2.9904704873264056,1.7292976861507696,2.4574756041397974,5.457976356209149,2.336231229182837,2.6770124035395133,10.36091452846283,3.2188374498353953,2.84178737101851,2.336231229182837,2.336231229182837,3.562975402273385,1.0,0.1178259272775745,0.14992564823804405,36.05018114114339
12.249999999999783,0.06094124965665422,0.06094124965665422,2.988585012797207,1.728752444046633,2.4571612028186562,5.453604974316884,2.335295479016924,2.6767091819709368,10.35650617404141,3.218152602665295,2.84152284001675,2.335295479016924,2.335295479016924,3.6157129374688153,1.0,0.2128425152505984,0.274752980268587,36.05014313031328
12.259999999999783,0.10300413728951056,0.10300413728951056,2.9869441566923034,1.7282778007867552,2.4567916485236165,5.450031112464203,2.3345301695339478,2.676418401577064,10.352706620402508,3.2175622170212197,2.84126037955689,2.3345301695339478,2.3345301695339478,3.6589109308693555,1.0,0.2750007513829646,0.3600343917892929,36.050104625906854
12.269999999999783,0.14460703446775722,0.14460703446775722,2.9855446812286734,1.7278728776240089,2.4563664550381388,5.447255831149334,2.333935695590034,2.6761400511181987,10.349521910398712,3.2170672840956733,2.841000105194273,2.333935695590034,2.333935695590034,3.691369504343994,1.0,0.3237956492151091,0.42997494555656235,36.0500656104971
12.279999999999783,0.18572599215749308,0.18572599215749308,2.9843834453129006,1.727536814459507,2.4558852353001766,5.445279277627985,2.3335122193011943,2.6758740966026258,10.34695762636613,3.216668715669385,2.8407421305618508,2.3335122193011943,2.3335122193011943,3.712237564502267,1.0,0.36469985195553933,0.49114076404524004,36.050026067204136
12.289999999999782,0.2263384351174415,0.2263384351174415,2.983457415496045,1.7272687733806933,2.4553477026780524,5.444100690326742,2.3332596705739252,2.6756204815571456,10.345018884487281,3.216367342902126,2.84048656725029,2.3332596705739252,2.3332596705739252,3.7210878029445276,1.0,0.4001789882276375,0.5464462137987514,36.04998597974096
12.299999999999782,0.2664231905878003,0.2664231905878003,2.9827636759251988,1.7270679418960908,2.4547536718394265,5.443718406055095,2.3331777484913347,2.675379127370102,10.343710330216531,3.2161639153215638,2.8402335246897112,2.3331777484913347,2.3331777484913347,3.7179522512001832,1.0,0.43163055414614915,0.5975008396987476,36.04994533245569
12.309999999999782,0.3059605102010675,0.3059605102010675,2.982299437271232,1.726933535858063,2.454103059217556,5.444129869975804,2.3332659235448934,2.6751499337061952,10.343036134749932,3.2160591000088807,2.839983110033214,2.3332659235448934,2.3332659235448934,3.703312261685172,1.0,0.4599401985886834,0.6452196409480414,36.04990411037044
12.319999999999782,0.3449320852271485,0.3449320852271485,2.9820620446189117,1.7268648020672932,2.453395883081418,5.4453316482789065,2.333523440696259,2.67493277899203,10.342999992516011,3.216053480978824,2.839735428042326,2.333523440696259,2.333523440696259,3.6780453357412624,1.0,0.4857212853194333,0.6903175101702214,36.049862299216365
12.329999999999782,0.38332105531929694,0.38332105531929694,2.9820489843118967,1.726861020554896,2.4526322632185207,5.447319443490666,2.333949323248186,2.6747275209709844,10.343605119659218,3.2161475587508757,2.8394905809745357,2.333949323248186,2.333949323248186,3.6433389550468025,1.0,0.5094168091369045,0.7332669221665854,36.049819885465034
12.339999999999781,0.421112010973782,0.421112010973782,2.9822578897512977,1.7269215065402648,2.4518124202413465,5.450088112335246,2.3345423774982637,2.6745339973256677,10.344854253483469,3.2163417501073277,2.8392486684730294,2.3345423774982637,2.3345423774982637,3.600586310089453,1.0,0.5313661826769133,0.7742542212996332,36.04977685635598
12.349999999999781,0.45829098994601836,0.45829098994601836,2.9826865461524115,1.727045612064838,2.4509366745302668,5.453631686054182,2.3353011981442955,2.674352026365858,10.346749652819259,3.2166363880331983,2.83900978745881,2.3353011981442955,2.3353011981442955,3.551279623748505,1.0,0.5518250242817125,0.8136572354778907,36.04973319992048
12.359999999999781,0.49484546790406325,0.49484546790406325,2.9833328942698167,1.727232727303943,2.4500054448275526,5.457943393076488,2.336224174405463,2.674181407779507,10.349293099274579,3.217031721832189,2.8387740320253263,2.336224174405463,2.336224174405463,3.4969141398090344,1.0,0.571014082733219,0.8515423300539139,36.049688905001496
12.36999999999978,0.5307643436269642,0.5307643436269642,2.9841950331063467,1.7274822815607536,2.4490192464986613,5.463015683921071,2.337309496819168,2.67402192344402,10.352485899327048,3.217527917412225,2.8385414933357613,2.337309496819168,2.337309496819168,3.4389112358513123,1.0,0.589086860380619,0.8880821554390772,36.04964396126992
12.37999999999978,0.5660379190864576,0.5660379190864576,2.98527122162641,1.727793743948163,2.4479786894783775,5.468840258202482,2.3385551646695193,2.673873338294742,10.356328887212317,3.2181250577335114,2.8383122595231374,2.3385551646695193,2.3385551646695193,3.3785641639750135,1.0,0.6062209165341566,0.9233558528034989,36.049598359237265
12.38999999999978,0.6006578747655279,0.6006578747655279,2.9865598794987607,1.7281666237659958,2.4468844759205615,5.475408093601602,2.3399589940000234,2.6737354012472156,10.360822428562066,3.2188231434115897,2.8380864155933705,2.3399589940000234,2.3399589940000234,3.3170058390769723,1.0,0.6225088699673671,0.9573428617052676,36.04955209026477
12.39999999999978,0.6346172405831539,0.6346172405831539,2.988059586898059,1.7286004705825053,2.4457373975712877,5.482709476654067,2.3415186261599685,2.6736078461695243,10.365966424743627,3.219622093467435,2.837864043331424,2.3415186261599685,2.3415186261599685,3.255195446904158,1.0,0.6380550334696817,0.9905362691279137,36.04950514656918
12.40999999999978,0.6679103628044188,0.6679103628044188,2.9897690833984787,1.7290948740304792,2.444538332885936,5.490734035201685,2.3432315368314938,2.6734903929006903,10.371760317852427,3.220521746216353,2.8376452212107024,2.3432315368314938,2.3432315368314938,3.1939194303090863,1.0,0.6529479048783826,1.0224006736497862,36.04945752122542
12.41999999999978,0.7005328673283369,0.7005328673283369,2.99168726599606,1.7296494633295094,2.4432882439114696,5.499470772345286,2.3450950454822266,2.6733827483108863,10.378203096308088,3.221521860287167,2.837430024305826,2.3450950454822266,2.3450950454822266,3.133802300576826,1.0,0.6672620926837463,1.0535032732831722,36.04940920816609
12.42999999999978,0.7324816197452024,0.7324816197452024,2.9938131862997186,1.730263906547125,2.441988172955532,5.508908101731915,2.3471063251868065,2.673284607398909,10.385293301005177,3.2226221157630595,2.8372185242089127,2.3471063251868065,2.3471063251868065,3.0753232830371533,1.0,0.6810605113317475,1.0833941729466916,36.049360202178306
12.43999999999978,0.7637546825464376,0.7637546825464376,2.9961460469334567,1.7309379096124322,2.440639239064311,5.519033884004481,2.3492624127594772,2.6731956544221935,10.39302903196987,3.2238221154353215,2.837010788949514,2.3492624127594772,2.3492624127594772,3.0188356670036613,1.0,0.6943961317442572,1.112417263272473,36.04931049889795
12.449999999999779,0.7943512698795786,0.7943512698795786,2.9986851971947486,1.7316712150967772,2.43924263433119,5.5298354642385315,2.3515602191393126,2.673115564054381,10.401407955474866,3.2251213861612817,2.8368068829183155,2.3515602191393126,2.3515602191393126,2.9645866281046827,1.0,0.7073133813357164,1.1406752532456625,36.04926009480131
12.459999999999779,0.8242717002244824,0.8242717002244824,3.0014301280160236,1.732463600776658,2.4377996200581804,5.541299710188136,2.3539965399694487,2.6730440025653284,10.410427311565787,3.2265193803177112,2.8366068667947446,2.3539965399694487,2.3539965399694487,2.912736079843226,1.0,0.7198795894970527,1.1679718156379069,36.04920898719485
12.469999999999779,0.8535173473592078,0.8535173473592078,3.0043804662777727,1.7333148779946974,2.436311522791921,5.553413051161366,2.356568066311976,2.6729806290182467,10.42008392195397,3.228015477341143,2.8364107974785817,2.356568066311976,2.356568066311976,2.863373731745475,1.0,0.7321209347872297,1.1943797288636748,36.0491571742028
12.479999999999778,0.8820905899695255,0.8820905899695255,3.007535968523049,1.7342248898349513,2.4347797302556926,5.566161517345345,2.3592713954408353,2.672925096478573,10.430374198232016,3.2296089853466805,2.836218728025705,2.3592713954408353,2.3592713954408353,2.8165339793892064,1.0,0.7440511808649817,1.2199513873269323,36.049104654753044
12.489999999999778,0.9099947602436911,0.9099947602436911,3.010896514124079,1.735193509129192,2.4332056871984338,5.579530779401292,2.362103041656162,2.672877053229049,10.441294150370554,3.2312991428171043,2.8360307075880753,2.362103041656162,2.362103041656162,2.7722085502928593,1.0,0.7556914187842809,1.2447206647748352,36.049051428561526
12.499999999999778,0.9372340917749519,0.9372340917749519,3.01446209795219,1.7362206363110047,2.431590891181198,5.593506188151451,2.36505944706501,2.672836143985447,10.45283939545662,3.233085120354337,2.8358467813580432,2.36505944706501,2.36505944706501,2.730357012071537,1.0,0.767121588229833,1.2687042402231488,36.048997496115305
12.509999999999778,0.9638136670766708,0.9638136670766708,3.0182328226025863,1.7373061971346866,2.429936888320772,5.608072814182211,2.368136992275196,2.672802011107329,10.465005166636335,3.234966022485605,2.835666990517099,2.368136992275196,2.368136992275196,2.6909153478773105,1.0,0.7783202741662258,1.2919024942914168,36.04894285865439
12.519999999999778,0.9897393649991503,0.9897393649991503,3.0222088902254045,1.7384501402759311,2.4282452690094645,5.623215487191007,2.371332006951158,2.672774295798252,10.477786322226834,3.2369408895169576,2.835491372189141,2.371332006951158,2.371332006951158,2.6538028462621486,1.0,0.7892851496703591,1.3143000620769225,36.04888751815276
12.529999999999777,1.0150178083090766,1.0150178083090766,3.0263905940141664,1.7396524348312126,2.4265176636291867,5.63891883490889,2.3746407801831606,2.6727526392898318,10.491177354964897,3.2390086994271714,2.835319959398336,2.3746407801831606,2.3746407801831606,2.618927559167436,1.0,0.8001108598490938,1.336140173054998,36.04883147729847
12.539999999999777,1.0396563116826683,1.0396563116826683,3.0307783094021348,1.7409130677326008,2.4247557382770903,5.655167321435606,2.378059570623832,2.672736684004202,10.505172401361975,3.24116836979537,2.835152781031665,2.378059570623832,2.378059570623832,2.5861905677278707,1.0,0.810742616724208,1.357516518448353,36.04877473947323
12.549999999999777,1.0636628303289375,1.0636628303289375,3.0353724850162536,1.7422320410944845,2.4229611905190165,5.671945284830003,2.381584616348956,2.6727260746894475,10.519765251138018,3.243418759756134,2.834989861806202,2.381584616348956,2.381584616348956,2.5554892710879513,1.0,0.821209041483595,1.3781170513502274,36.048717308731504
12.559999999999777,1.0870459094527545,1.0870459094527545,3.0401736334372442,1.7436093695083323,2.4211357451860662,5.689236973805165,2.3852121444024985,2.6727204595227723,10.534949356708687,3.2457586719761973,2.8348312222412044,2.3852121444024985,2.3852121444024985,2.526719884919022,1.0,0.8315600454659337,1.3978788160061582,36.04865918977921
12.569999999999776,1.1098146347403683,1.1098146347403683,3.0451823218131984,1.7450450773012136,2.4192811502285285,5.707026583385007,2.3889383799891126,2.672719491176328,10.550717842703165,3.2481868546472454,2.8346768786350482,2.3889383799891126,2.3889383799891126,2.4997793076603942,1.0,0.8417277305242683,1.4174499409601902,36.04860038795235
12.579999999999776,1.1319785840201493,1.1319785840201493,3.050399162372529,1.7465391957733238,2.417399172640356,5.7252982893871724,2.3927595552807164,2.6727228278408006,10.56706351549197,3.250702003489703,2.83452684304707,2.3927595552807164,2.3927595552807164,2.474566485814137,1.0,0.8518373275058381,1.4364223695106606,36.04854090919545
12.589999999999776,1.1535477802497311,1.1535477802497311,3.0558248028804966,1.7480917604292106,2.415491594466343,5.744036281605613,2.396671917807194,2.672730134202131,10.583978872706579,3.2533027637627856,2.8343811232843414,2.396671917807194,2.396671917807194,2.4509833859055883,1.0,0.861777151809472,1.4544754232465757,36.04848076004006
12.599999999999776,1.174532645949997,1.174532645949997,3.0614599170818098,1.7497028082168153,2.4135602089030463,5.763224795575482,2.400671738404791,2.6727410823669846,10.601456112734764,3.255987732276454,2.8342397228934146,2.400671738404791,2.400671738404791,2.4289356603028263,1.0,0.8716514579364095,1.4727149429594133,36.048419947583305
12.609999999999776,1.194943959184889,1.194943959184889,3.067305195169847,1.751372374787797,2.4116068165034505,5.782848142812687,2.404755318699324,2.6727553527328776,10.619487144177771,3.258755459401299,2.8341026411570436,2.404755318699324,2.404755318699324,2.4083330768987095,1.0,0.8813889034658484,1.4900388559161777,36.04835847946673
12.619999999999775,1.2147928111745667,1.2147928111745667,3.0733613343211,1.753100491791928,2.409633221494333,5.80289073943052,2.4089189981048595,2.6727726347992027,10.638063595257245,3.2616044510726994,2.833969873095924,2.4089189981048595,2.4089189981048595,2.3890897684253787,1.0,0.8910615192270614,1.5071356915166716,36.048296363855236
12.629999999999775,1.2340905656182009,1.2340905656182009,3.0796290293313215,1.7548871842176412,2.407641228214226,5.823337133046414,2.41315916032209,2.6727926279157312,10.657176823161944,3.2645331707859766,2.8338414094754256,2.41315916032209,2.41315916032209,2.3711243455325546,1.0,0.9006149800798372,1.5237578249933224,36.04823360941645
12.639999999999775,1.2528488197716543,1.2528488197716543,3.086108963387709,1.756732467790047,2.4056326376788846,5.844172027902626,2.417472239324089,2.672815041965542,10.676817923325775,3.2675400415795632,2.83371723681734,2.417472239324089,2.417472239324089,2.3543599083372384,1.0,0.9101124135641337,1.5399556086352464,36.04817022530037
12.649999999999775,1.2710793673210226,1.2710793673210226,3.092801799009279,1.7586363464369996,2.4036092442801715,5.865380308135825,2.421854724820592,2.6728395979797126,10.696977738630478,3.270623448003527,2.833597337416621,2.421854724820592,2.421854724820592,2.3387239835818123,1.0,0.9194945071283613,1.5558751739160381,36.04810622111939
12.659999999999775,1.2887941630809854,1.2887941630809854,3.0997081691852846,1.760598809832974,2.401572832623341,5.886947059141821,2.426303167195275,2.672866028681521,10.717646868527629,3.2737817380710688,2.833481689363106,2.426303167195275,2.426303167195275,2.32414840849434,1.0,0.9288376905828941,1.5713655678886225,36.0480416069288
12.669999999999774,1.3060052895281204,1.3060052895281204,3.10682866873933,1.7626198310297458,2.3995251745067825,5.90885758699313,2.430814181913774,2.6728940789583184,10.738815678076104,3.277013225190906,2.833370266568192,2.430814181913774,2.430814181913774,2.310569177646954,1.0,0.9380562396167488,1.5865585816771188,36.047976393207605
12.679999999999774,1.322724925171387,1.322724925171387,3.1141638459445153,1.7646993641820454,2.397468026047416,5.931097435878521,2.4353844534033064,2.672923506259677,10.760474306892233,3.280316190078669,2.833263038796437,2.4353844534033064,2.4353844534033064,2.2979262653166863,1.0,0.9472617095799437,1.6014952108376792,36.0479105908399
12.689999999999774,1.3389653147514726,1.3389653147514726,3.1217141944126965,1.76683734237555,2.3954031249541243,5.953652403545241,2.440010738407772,2.6729540809208485,10.782612678011096,3.28368888264572,2.83315997170204,2.440010738407772,2.440010738407772,2.2861634328694773,1.0,0.9563351808458903,1.6159176695181177,36.04784421109667
12.699999999999774,1.3547387412550482,1.3547387412550482,3.129480145278705,1.7690336755637823,2.3933321879508003,5.976508554735948,2.444689868825072,2.6729855864110315,10.805220506658255,3.287129523863983,2.8330610268701597,2.444689868825072,2.444689868825072,2.275228028349595,1.0,0.9654013035131804,1.6304258732122106,36.04777726561792
12.709999999999773,1.3700574997087838,1.3700574997087838,3.1374620596981306,1.771288248619668,2.391256908349891,5.999652232623739,2.4494187540360954,2.673017819506379,10.828287308932095,3.2906363076055816,2.8329661618630153,2.4494187540360954,2.4494187540360954,2.2650707836308484,1.0,0.9743545027315434,1.6441053632264182,36.04770976639546
12.719999999999773,1.3849338727286795,1.3849338727286795,3.1456602216751257,1.7736009195067322,2.389178953776596,6.023070068259688,2.454194382737376,2.6730505903881454,10.85180241039767,3.2942074024562675,2.8328753302707037,2.454194382737376,2.454194382737376,2.25564561306635,1.0,0.9832670635155775,1.6581995220824588,36.04764172575597
12.729999999999773,1.399380107785807,1.399380107785807,3.154074831234503,1.7759715175741144,2.3870999640432893,6.046748988058165,2.4590138242917963,2.673083722666807,10.875754954593553,3.2978409535017836,2.832788481766673,2.4590138242917963,2.4590138242917963,2.2469094164744505,1.0,0.9921086626221828,1.6716088404118565,36.04757315634459
12.739999999999773,1.4134083961342812,1.4134083961342812,3.1627059979504133,1.778399841978854,2.385021549173089,6.070676219355657,2.463874229613934,2.6731170533334345,10.900133911453658,3.3015350840864404,2.8327055621677664,2.463874229613934,2.463874229613934,2.2388218884517284,1.0,1.0008643292108688,1.6848249587311113,36.04750407110884
12.749999999999773,1.4270308533612093,1.4270308533612093,3.1715537348417633,1.7808856602381196,2.382945287571028,6.094839294088966,2.4687728316086446,2.673150432640027,10.924928085646446,3.305287897543336,2.832626513498756,2.4687728316086446,2.4687728316086446,2.231345335355317,1.0,1.0096011468576993,1.6980406260899519,36.047434483283034
12.759999999999772,1.4402595015047845,1.4402595015047845,3.1806179526427023,1.783428706913372,2.380872724340732,6.119226050648302,2.473706945183342,2.6731837239109297,10.95012612483413,3.309097478895738,2.832551274061288,2.473706945183342,2.473706945183342,2.22444450080334,1.0,1.0182236610186626,1.7105920848685923,36.047364406373056
12.769999999999772,1.4531062526786884,1.4531062526786884,3.1898984544545854,1.7860286824277447,2.3788053697440765,6.143824633969948,2.4786739668560585,2.673216803287855,10.97571652785482,3.3129618965292704,2.8324797785071274,2.4786739668560585,2.4786739668560585,2.2180864001699443,1.0,1.0268313853437767,1.7233703796232402,36.047293854141444
12.779999999999772,1.4655828941477267,1.4655828941477267,3.1993949307840177,1.7886852520172514,2.376744697800948,6.168623493941821,2.4836713739828427,2.6732495594114196,11.001687652830626,3.3168792038346266,2.8324119579156077,2.4836713739828427,2.4836713739828427,2.212240164273358,1.0,1.0353540408616364,1.7358220682620098,36.04722284059291
12.789999999999772,1.4777010747965968,1.4777010747965968,3.2091069549699704,1.7913980448158278,2.374692145025777,6.193611382203262,2.48869672362931,2.673281893042453,11.028027725204753,3.3208474408206037,2.8323477398751797,2.48869672362931,2.48869672362931,2.206876892250681,1.0,1.043795248352433,1.74769037104227,36.04715137996012
12.799999999999772,1.489472292926123,1.489472292926123,3.219033979001219,1.7941666530735707,2.3726491092973223,6.218777347427783,2.493747651112234,2.6733137166266774,11.054724845710702,3.3248646356973244,2.8322870485689355,2.493747651112234,2.493747651112234,2.2019695134649035,1.0,1.0522214783771862,1.7599482367918744,36.04707948668983
12.809999999999771,1.5009078853161149,1.5009078853161149,3.2291753297239665,1.796990631507011,2.3706169488577893,6.244110729184213,2.4988218682379526,2.673344953806658,11.08176699827651,3.3289288064295564,2.832229804863996,2.4988218682379526,2.4988218682379526,2.1974926581850824,1.0,1.060539180663834,1.7717864440230928,36.047007175429265
12.819999999999771,1.5120190174915762,1.5120190174915762,3.239530205437961,1.7998694967796862,2.3685969814372414,6.269601150477645,2.5039171612650537,2.673375538885214,11.109142057866986,3.333037962260104,2.832175926404627,2.5039171612650537,2.5039171612650537,2.1934225367093965,1.0,1.0688180195076675,1.7831018729045134,36.04693446101278
12.829999999999771,1.5228166751323933,1.5228166751323933,3.250097672878145,1.802802727110802,2.366590483498994,6.2952385090768805,2.5090313886192974,2.6734054162447176,11.136837798266507,3.337190105203254,2.832125327708964,2.5090313886192974,2.5090313886192974,2.189736826554979,1.0,1.0770395699691333,1.7947399205603112,36.046861358448794
12.83999999999977,1.5333116565620122,1.5333116565620122,3.2608766645776393,1.8057897620093097,2.3645986896015385,6.321012967739561,2.514162478389088,2.673434539726908,11.164841899805003,3.341383231508323,2.832077920269188,2.514162478389088,2.514162478389088,2.1864145673117887,1.0,1.0851567964604198,1.806078687663559,36.046787882906905
12.84999999999977,1.5435145662515704,1.5435145662515704,3.271865976606597,1.8088300021302712,2.3626227918724387,6.346914943449742,2.5193084256298874,2.673462871978077,11.193141957029233,3.345615333093336,2.8320336126550343,2.5193084256298874,2.5193084256298874,2.1834360627454186,1.0,1.0932601790510348,1.8169410389347587,36.046714049705265
12.85999999999977,1.5534358092851661,1.5534358092851661,3.28306426668057,1.8119228092500437,2.3606639395895104,6.372935095785777,2.5244672895060014,2.6734903837645594,11.221725486321361,3.349884398948919,2.8319923106204645,2.5244672895060014,2.5244672895060014,2.1807827897319774,1.0,1.1012796318818685,1.827843515944057,36.04663987429809
12.86999999999977,1.5630855867230913,1.5630855867230913,3.2944700526308552,1.8150675063564041,2.3587232388645556,6.399064314538182,2.529637190297886,2.673517053263636,11.250579933466513,3.3541884165124825,2.8319539172133616,2.529637190297886,2.529637190297886,2.178437313614002,1.0,1.1091973285842487,1.8387715510293985,36.046565372263345
12.87999999999977,1.5724738918060122,1.5724738918060122,3.306081711228586,1.818263377849476,2.356801752424847,6.425293706698695,2.5348163063028246,2.673542865334991,11.279692681170525,3.358525373012764,2.8319183328880952,2.5348163063028246,2.5348163063028246,2.1763832095775957,1.0,1.1171104530773033,1.8492592757248085,36.04649055929069
12.88999999999977,1.5816105069450164,1.5816105069450164,3.317897477353394,1.8215096698489948,2.35490049948757,6.451614582941951,2.540002870656242,2.6735678107779037,11.309051056528993,3.362893256784847,2.8318854556207764,2.540002870656242,2.540002870656242,2.174604989665913,1.0,1.1249274495106938,1.8593346248624651,36.04641545116941
12.89999999999977,1.5905050014448494,1.5905050014448494,3.3299154434968283,1.824805590603237,2.3530204557224277,6.478018443721016,2.5451951681002805,2.673591885579385,11.33864233844819,3.367290058555721,2.83185518102706,2.5451951681002805,2.5451951681002805,2.173088035061365,1.0,1.132643935907221,1.8698816833842675,36.046340063776576
12.90999999999977,1.5991667299063452,1.5991667299063452,3.3421335595900366,1.828150310994705,2.351162553297622,6.504496965096795,2.550391531725432,2.6736150901583926,11.368453765018083,3.371713772700477,2.8318274024823165,2.550391531725432,2.550391531725432,2.1718185332875586,1.0,1.1403506719297851,1.8800580354350735,36.0462644130653
12.919999999999769,1.6076048312557003,1.6076048312557003,3.35454963314471,1.8315429651375121,2.349327681004477,6.531041984419446,2.555590339710073,2.6736374286112237,11.398472540837508,3.376162398469231,2.8318020112439917,2.555587302436545,2.5555888210719537,2.170783420001288,0.9999976217134351,1.1479626758721435,1.8898470310725701,36.0461885150531
12.929999999999769,1.615828228359815,1.615828228359815,3.3671613296957474,1.834982651061243,2.3475166844560587,6.5576454859773,2.5607900120816818,2.6736589079630564,11.428685844290877,3.38063394118483,2.8317788965759974,2.5607665982188017,2.560778305069828,2.1699703250642552,0.9999816906988324,1.1554743348344265,1.8993797134942714,36.046112385810346
12.939999999999769,1.6238456281762028,1.6238456281762028,3.3799661735337625,1.8384684314759834,2.3457303663551494,6.58429958672544,2.5659890075223317,2.6736795374304734,11.459080834775806,3.385126413411441,2.8317579458749385,2.565918735533139,2.5659538708041665,2.169367522603261,0.9999451215861034,1.1629574416151058,1.9092969696162938,36.046036041448765
12.949999999999768,1.631665522393782,1.631665522393782,3.3929615487151503,1.8419993346131127,2.3439694868271137,6.610996522202023,2.571185820239763,2.6736993276996524,11.489644659880357,3.3896378360940504,2.8317390447980073,2.571037516487697,2.5711116651445596,2.1689638847861272,0.9998843398855524,1.1703603237125377,1.918847051226728,36.04595949811011
12.959999999999768,1.63929618852279,1.63929618852279,3.40614470033723,1.8455743551364248,2.342234763813211,6.637728632735798,2.5763789769239693,2.673718290224685,11.520364462508528,3.39416623966896,2.831722077392354,2.5761179064919353,2.576248431742913,2.168748839058317,0.9997966722528249,1.177662131327452,1.9280499369223323,36.04588277195476
12.969999999999768,1.646745691395965,1.646745691395965,3.4195127360657027,1.849192455118099,2.3405268735200817,6.66448835004306,2.5815670338077723,2.673736436550264,11.551227387952084,3.398709665145301,2.8317069262257535,2.581156706804209,2.5813618457168594,2.168712328602078,0.9996808693651309,1.184903339247061,1.9369241919193811,36.04580587915054
12.979999999999768,1.6540218850466988,1.6540218850466988,3.433062627901606,1.8528525650740821,2.338846450921204,6.6912681843064306,2.586748573848342,2.6737537776627387,11.582220590906685,3.403266165157625,2.8316934725183778,2.586149477224834,2.586448973176185,2.168844775795841,0.999534698060748,1.1920918257706712,1.9462504952134976,36.045728835861475
12.989999999999768,1.6611324149191804,1.6611324149191804,3.446791214174765,1.8565535850534358,2.3371940903062884,6.718060711821652,2.591922204045031,2.6737703233732453,11.613331242429778,3.4078338049895827,2.831681596275494,2.5910953484983503,2.5915086766415927,2.1691370484664794,0.9993587030200505,1.1991777592691888,1.9552695872963743,36.045651658236665
12.999999999999767,1.6680847203849847,1.6680847203849847,3.460695201750793,1.8602943857762924,2.3355703458746584,6.74485856329182,2.5970865529072804,2.6737860817363313,11.644546536837685,3.4124106635687452,2.8316711764208784,2.5959915688378445,2.596538886342475,2.1695804287410305,0.999151943135663,1.206164716684768,1.963972830146199,36.045574362399144
13.009999999999767,1.6748860375338663,1.6748860375338663,3.4747711684386346,1.8640738098151142,2.3339757323688675,6.7716544128414915,2.6022402680846923,2.673801058507184,11.675853698538694,3.4169948344325447,2.8316620909307915,2.6008368803620106,2.6015382878494693,2.170166584317393,0.9989146307718648,1.2131257550786334,1.9723759685613276,36.04549696443492
13.019999999999767,1.6815434022049016,1.6815434022049016,3.4890155655857664,1.8678906728140612,2.3324107257448734,6.798440967815715,2.607382014169714,2.673815256640216,11.707239988799119,3.421584426665389,2.831654216968284,2.605632023605964,2.6065065740864943,2.1708875419856204,0.9986485231806596,1.2199891058383363,1.9808087613084366,36.04541948038185
13.029999999999767,1.6880636532353142,1.6880636532353142,3.50342472084825,1.8717437647413842,2.330875763875287,6.825210959421283,2.6125104706816553,2.673828675831472,11.738692712438771,3.4261775658069404,2.831647431017677,2.6103691508364864,2.611439145500353,2.171735663242559,0.998348668574672,1.2267510285806813,1.9893719137019856,36.0453419262188
13.039999999999766,1.6944534358974315,1.6944534358974315,3.51799484112294,1.875631851169877,2.329371247282339,6.851957134259963,2.617624330239151,2.673841312106892,11.770199224452183,3.430772394731569,2.8316416090189986,2.6150570535584308,2.616339736704986,2.1727036218529596,0.9980230727718178,1.233428271534353,1.9976443019202037,36.04526431785467
13.049999999999766,1.7007192055026505,1.7007192055026505,3.532722015629443,1.8795536745806019,2.32789753989734,6.878672246795229,2.6227222969264643,2.673853157458189,11.801746936551742,3.435367074498989,2.831636626502215,2.619685401505264,2.6212025140405926,2.1737843832197363,0.9976648305934791,1.2400618825658638,2.005639543496267,36.04518667111749
13.059999999999766,1.7068672311462967,1.7068672311462967,3.5476022191294847,1.8835079556852115,2.326454969843589,6.905349052786279,2.6278030848574403,2.6738641995276806,11.833323323628694,3.4399597851760846,2.8316323587210395,2.6242595391727725,2.6260294961472384,2.1749711854349187,0.9972792359888089,1.2465911075272622,2.013370498302174,36.04510900174375
13.069999999999766,1.7129035995762947,1.7129035995762947,3.5626313152717106,1.8874933947624057,2.325043830239808,6.9319803037149645,2.632865416939302,2.673874421343068,11.864915930127912,3.444548726629936,2.831628680786153,2.6287792176739053,2.630819905320624,2.176257521891043,0.9968672102098376,1.2530185770014037,2.021134231458974,36.04503132536741
13.079999999999766,1.7188342191659929,1.7188342191659929,3.5778050600501756,1.8915086730042174,2.323664380021323,6.958558742223477,2.637908023836972,2.6738838011028023,11.896512376332051,3.4491321192920474,2.8316254677976436,2.6332431053811716,2.635572424447337,2.177637125340297,0.9964288233184008,1.2593597857918477,2.029032347346589,36.04495365750939
13.089999999999765,1.7246648239666353,1.7246648239666353,3.5931191053650604,1.8955524538680169,2.3223168447763736,6.985077098572695,2.6429296431370806,2.6738923120123146,11.928100364550788,3.453708204893805,2.8316225949764737,2.637650170319327,2.6402858890471155,2.1791039532957894,0.9959643698483102,1.2656484399923125,2.0366721733788897,36.04487601356683
13.099999999999765,1.7304009778334175,1.7304009778334175,3.608569002674489,1.8996233844303163,2.3210014175950655,7.01152808812358,2.6479290187094477,2.673899922171033,11.959667685210674,3.4582752471731735,2.8316199377948017,2.6419997216027094,2.644959308016089,2.180652174675849,0.9954744000632323,1.2718316882071061,2.0440650628524573,36.044798408802414
13.109999999999765,1.7360480786018326,1.7360480786018326,3.624150206726652,1.9037200967386598,2.3197182599286172,7.03790440983657,2.6529049002624596,2.6739065945097824,11.991202222841007,3.4628315325526606,2.83161737210498,2.6462914546637317,2.649591886463362,2.182276157598309,0.994959753917848,1.2779116225949188,2.051221806106419,36.04472085833395
13.119999999999765,1.7416113623043843,1.7416113623043843,3.6398580793617996,1.9078412091580892,2.318467502456696,7.064198745776806,2.657856043087512,2.673912286777827,12.02269196195127,3.467375370788584,2.83161477426705,2.6505255003637638,2.6541830506964628,2.183970458237437,0.9944215978185403,1.283890052604512,2.0581526704551125,36.04464337712383
13.129999999999765,1.7470959074150223,1.7470959074150223,3.6556878933740466,1.9119853277088834,2.3172492459607557,7.0904037616062245,2.662781207986534,2.6739169515785024,12.05412499279554,3.4719050955916897,2.8316120212745486,2.6547024780513966,2.658732475396632,2.1857298106614143,0.9938614642691278,1.2898152741729836,2.065382319442863,36.044565979968695
13.139999999999764,1.7525066391029926,1.7525066391029926,3.671634836423262,1.9161510473924706,2.3160635622014523,7.116512108037196,2.6676791613755197,2.67392053645209,12.085489517019244,3.476419065219158,2.831608990878486,2.658823552603184,2.6632401130076686,2.1875491175732553,0.9932812944753078,1.2956384197327087,2.0724792582089093,36.044488681489
13.149999999999764,1.7578483334965358,1.7578483334965358,3.6876940149877915,1.9203369535026376,2.3149104947982906,7.142516423216248,2.672548675556022,2.6739229840043266,12.116773853183854,3.4809156630380826,2.831605561709296,2.6628904954484995,2.6677062253421036,2.189423441882676,0.9926834839688444,1.3013556411542626,2.0793534731201953,36.044411496118954
13.159999999999764,1.7631256219392468,1.7631256219392468,3.7038604583490473,1.9245416229193504,2.3137900601098274,7.1684093360009715,2.6773885291456994,2.6739242320786345,12.147966442164954,3.4853932980604863,2.831601613396622,2.6668999625297496,2.6721285062512856,2.1913479990408145,0.992066469445501,1.306968289528887,2.086014197623203,36.044334438096186
13.169999999999764,1.7683429952301144,1.7683429952301144,3.7201291225995243,1.928763625382728,2.312702248112839,7.194183470088012,2.6821975076582283,2.6739242139699844,12.179055852419262,3.4898504054499617,2.8315970266867634,2.6708423963415395,2.676501523167756,2.193318150073807,0.9914238910364255,1.3124864563049976,2.0924702572667955,36.044257521451904
13.179999999999763,1.773504807844592,1.773504807844592,3.736494894666091,1.9330015247448955,2.3116470232789905,7.219831448945425,2.686974404222233,2.6739228586780355,12.210030785116372,3.494285447000055,2.831591683557641,2.6747336120734344,2.680832614615333,2.1953293952551363,0.9907689313403042,1.31793351641706,2.09873009421014,36.04418076000075
13.189999999999763,1.7786152821249488,1.7786152821249488,3.7529525963408816,1.937253880197658,2.310624325447661,7.245345901498605,2.6917180204283295,2.673920091197046,12.240880079130807,3.498696911584484,2.8315854673311325,2.678577339001569,2.685123051191279,2.197377368360345,0.9901054306288494,1.323271136084169,2.105098036088808,36.044104167331156
13.199999999999763,1.7836785124332821,1.7836785124332821,3.7694969883125333,1.9415192474741354,2.3096340706936456,7.2707194685153755,2.69642716729293,2.6739158328398345,12.271592715890565,3.5030833155793717,2.831578262782628,2.682342449063337,2.6893565422270367,2.1994578314512254,0.9894104242293034,1.328500263166663,2.111522153882981,36.04402775679552
13.209999999999763,1.7886984692668606,1.7886984692668606,3.7861227741908254,1.9457961800226726,2.3086761521886325,7.295944809632732,2.7011006663271053,2.67391000159298,12.302157824077852,3.5074432032575884,2.8315699562476713,2.6860625901037833,2.6935494393886033,2.201566670139923,0.9887107187374701,1.333621606736656,2.117751340111457,36.04395154150068
13.219999999999763,1.793679003326848,1.793679003326848,3.80282460451832,1.9500832301515543,2.3077504410553553,7.321014610965282,2.7057373506985636,2.6739025125002946,12.332564684178482,3.5117751471554217,2.831560435725562,2.6897250320175865,2.6976947340726376,2.203699889286563,0.9879974792024214,1.338635644056698,2.123793275454429,36.04387553429844
13.229999999999762,1.798623849536182,1.798623849536182,3.8195970807628723,1.9543789501432092,2.3068567872134893,7.345921593233262,2.710336066474647,2.6738932780715188,12.362802732876089,3.5160777484117283,2.8315495909797868,2.6933213454566896,2.701787582293892,2.205853609087059,0.98726515342013,1.3435738073233978,2.129655329046788,36.04379974777627
13.239999999999762,1.8035366310026844,1.8035366310026844,3.8364347592853623,1.9586818933367822,2.30599502021641,7.370658520346768,2.7148956739342247,2.673882208713119,12.392861567287802,3.520349637079789,2.8315373136351587,2.6968754077467145,2.705839460248914,2.208024061510624,0.9865329397542573,1.3484003274057779,2.1353445742381343,36.04372419424818
13.249999999999762,1.8084208629258733,1.8084208629258733,3.85333215527735,1.9629906151781138,2.305164950078027,7.395218208381561,2.7194150489363627,2.6738692131780337,12.422730949038101,3.524589472412085,2.831523497271551,2.7003492180431885,2.709830600637177,2.21020758704932,0.9857726409452761,1.353114075081583,2.140867803130922,36.04364888574571
13.259999999999762,1.8132799564461861,1.8132799564461861,3.870283746663737,1.9673036742363232,2.304366368088983,7.4195935348816935,2.723893084333835,2.6738541990311506,12.452400808167667,3.5287959431182285,2.831508037514129,2.7037890893530765,2.7137838474707103,2.212400631744568,0.9850205283804963,1.3577152134007935,2.1463686414469527,36.043573834009074
13.269999999999762,1.818117222428619,1.818117222428619,3.8872839779659154,1.9716196331863596,2.303599047621587,7.443777448423825,2.7283286914196805,2.6738370731273817,12.481861246874574,3.532967767596327,2.8314908321199703,2.707143173516481,2.717672429651347,2.2145997444581385,0.9842378544778672,1.362203700147354,2.1520481367171667,36.04349905047859
13.279999999999761,1.8229358751861584,1.8229358751861584,3.9043272641212203,1.9759370597570207,2.302862744922913,7.46776297837894,2.7327208013953674,2.6738177420991045,12.511102543085029,3.5371036941380485,2.8314717810609764,2.7104632598586975,2.7215220085087517,2.216801574357503,0.9834649581224942,1.3665792957255458,2.157561278926012,36.04342454628609
13.289999999999761,1.8277390361356485,1.8277390361356485,3.9214079942548974,1.9802545276440848,2.3021571998955754,7.491543244807782,2.737068366849426,2.673796112849905,12.540115153851367,3.541202501107691,2.8314507866030008,2.7137020150354747,2.7253080915335746,2.219002868587801,0.9826665612149569,1.3708630054351008,2.16291429333416,36.04335033224678
13.299999999999761,1.8325297373877318,1.8325297373877318,3.9385205354010764,1.9845706173883246,2.3014821368657477,7.515111468427826,2.7413703632358444,2.6737720930515256,12.568889718575123,3.5452629970955782,2.831427753381114,2.7168969863399037,2.7290491789189484,2.22120047010483,0.9818720507732851,1.3750297693956761,2.168113166907012,36.04327641885107
13.30999999999976,1.837310925271927,1.837310925271927,3.9556592361696974,1.9888839172183221,2.3008372653380436,7.5384609805911635,2.7456257903420056,2.673745591641056,12.597417062053315,3.54928402104612,2.831402588470925,2.7200266037183796,2.7327338363345173,2.2233913156456433,0.9810657458268616,1.37907778444748,2.173163658108576,36.04320281625674
13.31999999999976,1.8420854637922763,1.8420854637922763,3.972818430356507,1.9931930238580775,2.3002222807369526,7.5615852332148,2.7498336737364317,2.6737165193154753,12.625688197346369,3.553264442360907,2.831375201455894,2.7230914422890855,2.7363618592228365,2.2255724338153,0.9802488615192858,1.3830065859494427,2.1780713060208208,36.0431295342813
13.32999999999976,1.84685613801646,1.84685613801646,3.9899924404936757,1.9974965432995562,2.299636865134574,7.584477808607142,2.753993066187194,2.673684789020779,12.653694328466159,3.5572031609771964,2.8313455044906046,2.726120085631266,2.7399472870570856,2.227740943270266,0.9794437400272706,1.3868155409508263,2.182841438838962,36.04305658239459
13.33999999999976,1.8516256573978802,1.8516256573978802,4.007175581338883,2.0017930915404025,2.299080687964398,7.607132429137078,2.758103049042417,2.6736503164330383,12.681426852883316,3.561099107422218,2.831313412359905,2.7290501358067227,2.743457960649635,2.2298940509807768,0.978603809713507,1.3905038572792636,2.18747918178959,36.04298396971156
13.34999999999976,1.856396659032611,1.856396659032611,4.024362163300915,2.0060812952871365,2.2985534067210134,7.629542966694949,2.7621627335649412,2.6736130204288906,12.7088773638528,3.5649512428436942,2.831278842533919,2.731942037095601,2.746924143362585,2.232029050556197,0.9777755089137345,1.3940705929804396,2.192278062466761,36.04291170498534
13.35999999999976,1.861171710845065,1.861171710845065,4.041546495800214,2.010359792624249,2.298054667645575,7.651703451897705,2.7661712622138395,2.673572823543099,12.736037652557323,3.568758559017032,2.8312417152188596,2.7347791411375795,2.7503369525142247,2.234143320619076,0.9769468154104349,1.3975233235330804,2.1970516782145317,36.04283979660058
13.36999999999976,1.8659533147117047,1.8659533147117047,4.0587228905630255,2.0146272336496955,2.2975841063969535,7.673608082993892,2.770127809866161,2.673529652410957,12.762899710068343,3.57252007832963,2.8312019534036406,2.7375298905466394,2.7536799063713033,2.236234323215111,0.9760945486810116,1.4008551515001368,2.2016908813190774,36.04276825256692
13.37999999999976,1.8707439095227791,1.8707439095227791,4.075885664848046,2.0188822810773406,2.2971413487085344,7.695251234427256,2.7740315849728994,2.673483438193547,12.789455729124603,3.576234853742774,2.8311594829022666,2.7402386033001753,2.7569751721995277,2.238299602247714,0.9752527176364518,1.4040593260757004,2.206200373484446,36.04269708051303
13.389999999999759,1.8755458741747422,1.8755458741747422,4.09302914460475,2.023123610806999,2.296726011030615,7.716627465021589,2.7778818306439153,2.673434116983905,12.815698105728714,3.579901968731646,2.8311142323919687,2.7428933018441395,2.760216281581301,2.2403367819272555,0.974412783081902,1.4071347911613614,2.2105846763369463,36.042626287680484
13.399999999999759,1.8803615305032995,1.8803615305032995,4.11014766756277,2.0273499124627623,2.29633770115844,7.7377315257525865,2.7816778256571313,2.6733816301924684,12.841619440562212,3.5835205372039116,2.8310661334471128,2.745455337526988,2.763383155751369,2.2423435652263057,0.973546221764854,1.4100803730838927,2.214848136989195,36.042555880918314
13.409999999999759,1.8851931461576916,1.8851931461576916,4.12723558625197,2.031559889900362,2.295976018845903,7.758558367076329,2.785418885388036,2.67332592491023,12.867212540220015,3.587089703397451,2.8310151205688747,2.7479718038297083,2.7664994736210087,2.2443177323334305,0.972688945798516,1.4128947911168015,2.21899493324461,36.042485866677666
13.419999999999758,1.890042937412477,1.890042937412477,4.144287270953026,2.0357522616843693,2.295640556404979,7.779103145787524,2.789104362656142,2.6732669542482688,12.892470418265638,3.5906086417577785,2.8309611312106764,2.750441132195096,2.7695641274308165,2.246257139099198,0.9718401711585903,1.4155766682960231,2.2230290784641147,36.04241625100674
13.429999999999758,1.8949130719223604,1.8949130719223604,4.1612971125785005,2.0399257615360664,2.295330899290993,7.799361231384179,2.7927336484856875,2.6732046776524783,12.917386296108361,3.59407655679569,2.830904105799429,2.752822329761226,2.7725558635954206,2.2481597154690776,0.9709695812743117,1.418124542505129,2.226954426110019,36.04234703954612
13.439999999999758,1.899805671422463,1.899805671422463,4.178259525484693,2.0440791387528745,2.2950466266738303,7.819328211918839,2.7963061727784457,2.673139061192512,12.941953603704215,3.5974926829257368,2.8308439877526066,2.755138812576122,2.775486355414745,2.2500234638988843,0.9700951761809358,1.4205368778018195,2.230774673981892,36.04227823752439
13.449999999999758,1.904722814372241,1.904722814372241,4.195168950214592,2.048211158600253,2.2947873119952007,7.838999899320177,2.799821404897137,2.673070077824077,12.966165980082927,3.600856284286132,2.83078072349116,2.757405144403644,2.778362795034993,2.251846457749275,0.9692281903140922,1.4228120759546434,2.234565199362417,36.042209849753995
13.459999999999757,1.9096665385495775,1.9096665385495775,4.212019856172499,2.0523206026770033,2.294552523512142,7.858372334171836,2.8032788541584366,2.6729977076239546,12.990017273702811,3.6041666545406597,2.8307142624483452,2.7596199596968063,2.78118425142576,2.2536268396566244,0.9683678881575647,1.4249497649245557,2.2384955482340216,36.04214188062752
13.469999999999757,1.9146388435932744,1.9146388435932744,4.228806744231024,2.056406269254941,2.294341824826905,7.877441789938766,2.806678070235125,2.6729219379972236,13.013501542636437,3.6074231166632558,2.8306445570744985,2.761743923678973,2.7839303390828136,2.255362819878322,0.9674852144684425,1.4269509699195149,2.2423172054360965,36.042074334114275
13.479999999999757,1.9196416934957046,1.9196416934957046,4.245524149271311,2.060466973593926,2.2941547754033924,7.896204776634484,2.810018643467421,2.672842763856345,13.036613054589738,3.6106250227058663,2.830571562837809,2.763801358289938,2.786613307012259,2.257052674611189,0.966598641993432,1.4288092261514835,2.246033518783512,36.04200721375721
13.489999999999757,1.9246770190516358,1.9246770190516358,4.262166642657458,2.064501548233243,2.2939909310703652,7.914658043925497,2.813300205083968,2.6727601877719134,13.059346286757648,3.61377175355025,2.830495238221161,2.7658048064779996,2.789239409646832,2.258694744282316,0.9657177348537371,1.4305229963274015,2.249647691932166,36.04194052267009
13.499999999999757,1.9297467202618594,1.9297467202618594,4.278728834646237,2.0685088432603416,2.2938498445116,7.9327985836720485,2.8165224273334037,2.6726742200950255,13.081695925519565,3.616862718644373,2.830415544715124,2.767753104696114,2.791807895471042,2.2602874318121313,0.9648417993952442,1.432090714639193,2.2531627873237534,36.0418742635352
13.509999999999756,1.9348526686950742,1.9348526686950742,4.2952053767333265,2.072487726557947,2.2937310657432155,7.950623631906946,2.8196850235277955,2.6725848790513327,13.103656865978259,3.61989735572409,2.830332446807133,2.7696432840008947,2.794317103129297,2.2618292008499847,0.9639687765154167,1.4335107982865714,2.256581728902499,36.041808438601215
13.519999999999756,1.939996709811521,1.939996709811521,4.3115909639374275,2.0764370840305824,2.2936341425783717,7.9681306702566825,2.8227877479996053,2.6724921908069925,13.125224211345904,3.6228751305207725,2.8302459119669763,2.771431418045414,2.7967443078980625,2.263318573982939,0.9630662400134096,1.4347816589717752,2.2599073046080917,36.0417430496815
13.529999999999756,1.9451806652466397,1.9451806652466397,4.327880337023554,2.080355819811494,2.293558621079604,7.985317426811391,2.8258303959741444,2.6723961895068395,13.146393272181347,3.625795536455599,2.8301559106286627,2.773162483859675,2.799112529759221,2.264754130918803,0.9621677181497712,1.4359017143141226,2.2631421686507043,36.041678098152865
13.539999999999756,1.950406335059318,1.950406335059318,4.344068284667161,2.084242856451033,2.293504045998968,8.002181876452227,2.8288128033597815,2.672296917285194,13.167159565482708,3.6286580943211924,2.8300624161687504,2.7748355140153107,2.801421194160535,2.266134506644747,0.9612725533470158,1.4368693991263064,2.2662888435702953,36.041613584954455
13.549999999999756,1.9556754999521424,1.9556754999521424,4.360149645560563,2.088097135087485,2.293469961206274,8.018722240646657,2.8317348464583785,2.6721944242498576,13.187518813639858,3.6314623519513263,2.8299654048812632,2.77644959894122,2.8036697747311017,2.2674583895631004,0.9603801056977308,1.437683176490897,2.269349722080611,36.04154951058725
13.559999999999755,1.9609899234575985,1.9609899234575985,4.376119310463365,2.0919176156013806,2.293455910105619,8.034936986724034,2.8345964415987037,2.672088768439887,13.20746694325138,3.6342078838794265,2.829864855949261,2.7780038854017404,2.805857792358458,2.268724519606115,0.9594897519160189,1.4383415485822082,2.272327068703881,36.04148587511376
13.569999999999755,1.9663513540964723,1.9663513540964723,4.39197222419856,2.0957032767542643,2.293461436040481,8.050824826645103,2.837397544695685,2.6719800157578693,13.227000083810672,3.6368942909865654,2.8297607514132155,2.7794875811785085,2.807979652212588,2.269931686331672,0.9585935151299878,1.43884306717112,2.2752230211959836,36.041422678158135
13.579999999999755,1.9717615275132376,1.9717615275132376,4.40770338759613,2.0994531163129437,2.2934860826875765,8.06638471528073,2.8401381507385746,2.67186823987746,13.246114566266439,3.639521200139716,2.8296530761362666,2.780879896853589,2.8100245950204052,2.2710787270020107,0.9576760781959898,1.4391863437514905,2.2780395917622,36.04135991890675
13.589999999999755,1.9772221685868836,1.9772221685868836,4.423307859385908,2.103166151160176,2.293529394439765,8.081615848216185,2.8428182932111903,2.671753522127008,13.264806921462439,3.642088263820969,2.8295418177664944,2.7822112943080977,2.8120083596071574,2.272164524647682,0.9567598646531518,1.4393700592314507,2.2808823699797083,36.041297596108976
13.599999999999755,1.9827349935235354,1.9827349935235354,4.438780758041574,2.1068414173927694,2.293590916778203,8.096517659098321,2.8454380434474973,2.6716359513501873,13.283073878462057,3.6445951597484814,2.8294269666963303,2.783481096918145,2.8139306297225417,2.2731880061189425,0.9558442779089649,1.4393929731299018,2.2837538811043365,36.041235708078496
13.609999999999754,1.9883017119295932,1.9883017119295932,4.454117263577693,2.1104779704080525,2.2936701966339985,8.111089816544036,2.847997509925884,2.671515623744533,13.300912362762897,3.6470415904898723,2.829308516019227,2.7846886780033415,2.8157911317354523,2.2741481401269024,0.9549287349309944,1.4392539322253903,2.28654012434216,36.041174252694894
13.619999999999754,1.993924028870952,1.993924028870952,4.46931261930169,2.114074884979643,2.2937667827396098,8.125332220628877,2.8504968375055038,2.6713926426788936,13.31831949440719,3.6494272830688366,2.8291864614837126,2.7858334590612523,2.817589633374265,2.2750439352766807,0.9540126653628318,1.438951878603543,2.2892427921278533,36.041113227405674
13.629999999999754,1.999603646921181,1.999603646921181,4.484362133522699,2.117631255323433,2.2938802259701974,8.13924499897543,2.8529362066081028,2.6712671184907912,13.335292585993539,3.651751988565699,2.829060801444972,2.7869149079784137,2.819325942424737,2.2758744380948572,0.9530955106735628,1.4384858570545114,2.2918634534102447,36.04105262922859
13.639999999999754,2.0053422681994557,2.0053422681994557,4.499261181219286,2.121146195154706,2.2940100796751732,8.152828502461517,2.855315832348764,2.6711391682647094,13.351829140596037,3.654015481712692,2.8289315368140606,2.7879325372191577,2.820999905388004,2.2766387310534597,0.9521767233385792,1.4378550217774504,2.2944035540098686,36.04099245475437
13.649999999999753,2.011141596401319,2.011141596401319,4.51400520566797,2.124618837737247,2.2941559000001757,8.166083300568422,2.8576359636189532,2.671008915592414,13.36792684959627,3.6562175604846425,2.828798671004954,2.788870314189123,2.822603307055386,2.277335930592655,0.9512443681944296,1.4370586423525704,2.296864416776667,36.04093270014991
13.659999999999753,2.01700333882805,2.01700333882805,4.528589720034542,2.1280483359253246,2.294317246199667,8.179010176389879,2.859896882125277,2.6708764903162994,13.383583590434693,3.6583580456858913,2.828662209879479,2.7897280027132676,2.824136136324186,2.2779651851442875,0.9502980856969185,1.4360961089450166,2.2992472415445016,36.040873361161715
13.669999999999753,2.0229292084142414,2.0229292084142414,4.543010308930163,2.1314338621993794,2.2944936809403877,8.191610121322288,2.862098901387282,2.6707420282568957,13.398797424287036,3.6604367805341256,2.8285221616903424,2.790521677922827,2.8256068839555084,2.2785256731582995,0.9493493894434474,1.4349669367143565,2.301553104881711,36.04081443311968
13.679999999999753,2.028920925756587,2.028920925756587,4.557262629934218,2.134774608696248,2.2946847705958686,8.20388432945696,2.8642423656975957,2.6706056709255868,13.413566593672076,3.6624536302419006,2.8283785370223695,2.791250989789088,2.8270155265820884,2.2790166011339936,0.9483977475548963,1.433670769407562,2.303782959635316,36.04075591094142
13.689999999999753,2.0349802211500023,2.0349802211500023,4.571342415085891,2.1380697872347127,2.294890085532195,8.215834191694986,2.866327649047643,2.6704675652236043,13.427889519996866,3.664408481596568,2.8282313487320945,2.7919156249311943,2.8283620730155277,2.279437201658009,0.947442636727245,1.4322073821178487,2.305937634265089,36.040697789136715
13.699999999999752,2.0411088366300834,2.0411088366300834,4.58524547234644,2.1413186293371753,2.2951092003852427,8.227461289605156,2.868355154022102,2.6703278631284033,13.441764801045656,3.66630124253936,2.8280806118858597,2.792515304657587,2.8296465626984166,2.279786731450783,0.9464835415153994,1.4305766832026616,2.3080178319667124,36.04064006181254
13.709999999999752,2.047308528030076,2.047308528030076,4.59896768703412,2.144520386248198,2.2953416943295286,8.238767389045274,2.8703253106651996,2.6701867213684296,13.455191208418798,3.66813184174435,2.8279263436965487,2.793049782996867,2.8308690641340606,2.2800644694231673,0.9455199536379313,1.4287787153551357,2.3100241295793578,36.04058272267825
13.719999999999752,2.0535810670501604,2.0535810670501604,4.612505023233673,2.1476743289506612,2.295587151338916,8.249754433566908,2.872238575321853,2.670044301087372,13.468167684927723,3.669900228197999,2.8277685634591316,2.793518844719189,2.8320296732958994,2.2802697147447626,0.9445513713010304,1.4268136558363738,2.3119569762773913,36.04052576505131
13.729999999999752,2.0599282433457518,2.0599282433457518,4.625853525182329,2.150779748180257,2.295845160439292,8.260424537623276,2.8740954294565926,2.6699007674989006,13.480693341952486,3.6716063707800277,2.8276072924851205,2.7939223033492815,2.8331285120186256,2.280401784925443,0.9435772985400203,1.4246818158769687,2.3138166920422445,36.04046918186312
13.739999999999752,2.066351866638827,2.066351866638827,4.639009318634186,2.1538359544390064,2.296115315953425,8.270779979599729,2.8758963784531124,2.6697562895329225,13.49276745676791,3.6732502578463,2.827442554036129,2.7942599991721333,2.834165726372949,2.280460013911433,0.9425972445768533,1.4224002354122984,2.315603465911752,36.04041296566542
13.749999999999751,2.0728537688524424,2.0728537688524424,4.651968612204874,2.156842278008495,2.2963972177381375,8.280823194685858,2.87764195039721,2.6696110394743475,13.504389469844664,3.6748318968144194,2.8272743732566505,2.7945317972323536,2.835141485025857,2.28044375019719,0.941610723192061,1.4199576027641245,2.3173173540059144,36.0403571086369
13.759999999999751,2.0794358062765075,2.0794358062765075,4.664727698698307,2.1597980689634637,2.2966904714139362,8.290556767607942,2.879332694845794,2.669465192595326,13.515558982131548,3.676351313752747,2.82710277710619,2.7947375853281566,2.8360559775881478,2.2803523549542883,0.9406172521096836,1.417353467908371,2.3189582773250494,36.04030160259004
13.76999999999975,2.0860998617638264,2.0860998617638264,4.677282956417375,2.1627026971864103,2.29699468858728,8.299983425239969,2.880969181584553,2.6693189267819326,13.526275752324924,3.6778085529734854,2.8269277942909294,2.794877272000883,2.836909412950949,2.2801852001783414,0.9396163523937588,1.4145889167673353,2.320526019320122,36.04024643897854
13.77999999999975,2.0928478469636365,2.0928478469636365,4.689630850460358,2.1655555523838124,2.2973094870655566,8.309106029111101,2.882551999376785,2.6691724221562105,13.536539694131676,3.679203676630539,2.826749455195027,2.7949428037297617,2.8376978284927437,2.2799416668549894,0.9386017854997876,1.4116651509840838,2.32202022323203,36.04019160890474
13.78999999999975,2.099681704596942,2.099681704596942,4.701767934004806,2.168356044104567,2.297634491064945,8.317927567827084,2.8840817547058344,2.6690258606944752,13.546350873531546,3.6805367643227727,2.826567791811707,2.7949334788501994,2.8384211171255673,2.2796211431458397,0.9375726305706336,1.4085834816297749,2.3234403891981024,36.040137103127506
13.79999999999975,2.1066034107761897,2.1066034107761897,4.713690849580605,2.171103601761234,2.2979693314112533,8.326451149422518,2.8855590705134624,2.6688794258427815,13.555709506044941,3.6818079127033423,2.826382837674283,2.794858827450944,2.839084556473412,2.2792230225951906,0.9365353307715149,1.4053453224096861,2.324785871125109,36.04008291207047
13.80999999999975,2.1136149773721673,2.1136149773721673,4.725396330333971,2.1737976746546517,2.2983136457338174,8.334679993660679,2.8869845849364486,2.668733302130378,13.564615954012167,3.683017235095726,2.82619462778722,2.7947188139818038,2.83968841314186,2.2787467023583097,0.9354894069302087,1.4019521824247043,2.3260558733282997,36.040029025830286
13.81999999999975,2.120718454436658,2.120718454436658,4.736881201283959,2.176437732002448,2.298667078652602,8.342617424297037,2.888358950043612,2.6685876747819988,13.573070723889721,3.6841648611170648,2.826003198557402,2.794513414674671,2.8402329651826648,2.2781915814519498,0.9344343812535522,1.398405658542667,2.3273112199766954,36.039975434185486
13.82999999999975,2.1279159326853962,2.1279159326853962,4.748142380573156,2.179023262972003,2.2990292819585347,8.350266861322174,2.889682830575386,2.668442729329794,13.58107446356962,3.685250936309442,2.825808587725714,2.7942426155054,2.8407185003905324,2.277557059027754,0.933369776744793,1.3947156011210953,2.328490669147563,36.03992212660536
13.83999999999975,2.1352095460398868,2.1352095460398868,4.759176880714151,2.1815537767183626,2.2993999147871866,8.35763181319952,2.8909569026880217,2.668298651225663,13.588627959727258,3.6862756217796924,2.825610834299054,2.7939064101577937,2.8411453145994274,2.2768425326691264,0.9322951166252263,1.390915961443938,2.329583865853796,36.03986909225913
13.84999999999975,2.142601474239165,2.142601474239165,4.769981809833315,2.184028802427595,2.2997786437858365,8.364715869112793,2.892181852704424,2.6681556254547507,13.595732135203365,3.687239093848318,2.825409978482919,2.7935047979901055,2.8415137099794787,2.2760473967121104,0.9312099237589231,1.3869736122073157,2.3305895908367873,36.03981632002542
13.859999999999749,2.150093945528598,2.150093945528598,4.780554372913405,2.186447889366084,2.300165143273999,8.371522691237647,2.8933583758735537,2.6680138361508434,13.602388046425466,3.6881415437080864,2.825206061614672,2.7930377820044208,2.8418239933354656,2.275171040590772,0.930113720079377,1.3828905963435447,2.3315064616467223,36.039763798501944
13.869999999999749,2.157689239425405,2.157689239425405,4.790891873036517,2.188810606936223,2.300559095397428,8.378056007051761,2.894487175140315,2.6678734662143304,13.608596880874188,3.688983177092868,2.8249991260975964,2.7925053668192303,2.8420764744077993,2.274212847207556,0.9290060260169158,1.3786689909361212,2.332332928084657,36.03971151601533
13.879999999999749,2.1653896895684066,2.1653896895684066,4.800991712628822,2.1911165447389656,2.3009601902756462,8.384319601696964,2.8955689599277314,2.6677346969334463,13.614359954599601,3.6897642139572553,2.8247892153358563,2.791907556645437,2.842271464176837,2.2731721913290373,0.9278863599257543,1.374310898372652,2.3330672673769675,36.0396594606312
13.889999999999748,2.1731976866634337,2.1731976866634337,4.810851394708474,2.1933653126436723,2.30136812614303,8.39031731040693,2.896604444933227,2.6675977076094095,13.619678709792538,3.69048488816748,2.8245763736704843,2.7912443532659967,2.8424092731713113,2.2720484380074892,0.926754237509575,1.3698184375838551,2.3337075790784754,36.03960762016449
13.899999999999748,2.1811156815236936,2.1811156815236936,4.82046852413815,2.1955565408656983,2.3017826094834364,8.396053011013297,2.8975943489407374,2.6674626751860995,13.624554712415993,3.691145447204159,2.8243606463164603,2.790515754019331,2.8424902097815563,2.2708409410286343,0.9256091712445464,1.3652188759585888,2.3342517797058746,36.03955598218987
13.909999999999748,2.189146188213909,2.189146188213909,4.829840808883517,2.1976898800521236,2.302203355158387,8.40153061654294,2.8985393936503505,2.6673297738848443,13.628989649901227,3.691746151877351,2.824142079301016,2.7897217497865787,2.8425145785781694,2.269549041385962,0.9244506697986946,1.360539494093427,2.334697597099958,36.03950453405231
13.919999999999748,2.197291787310263,2.197291787310263,4.838966061279018,2.1997650013760603,2.3026300865287945,8.406754067918547,2.8994403025271183,2.6671991748449293,13.632985328913438,3.6922872760544294,2.8239207194032376,2.7888623229826957,2.8424826786366415,2.268172065781947,0.9232782374465645,1.3557382451813011,2.3350425645146107,36.039453262877906
13.929999999999747,2.205555129277895,2.205555129277895,4.847842199302247,2.201781596639923,2.3030625355702092,8.411727326774479,2.9002977996706614,2.667071045770335,13.636543673191243,3.692769106401217,2.8236966140950623,2.7879374455513557,2.8423948018684415,2.266709325156518,0.9220913734781069,1.350817311749264,2.3352840144352567,36.039402155584746
13.939999999999747,2.2139389379765535,2.2139389379765535,4.856467247858206,2.2037393783880628,2.3035004429815453,8.416454368399444,2.9011126087071224,2.6669455505832342,13.639666721464652,3.693191942136863,2.823469811483751,2.7869470769635116,2.842251231358935,2.2651601132430947,0.9208895716007374,1.3457788420294903,2.3354190721268,36.039351198893954
13.949999999999747,2.2224460143011098,2.2224460143011098,4.864839340074777,2.205638080029173,2.3039435582872403,8.420939174817113,2.9018854517049966,2.666822849084757,13.642356625455605,3.693556094802894,2.8232403602559124,2.785891162219422,2.8420522397124524,2.2635237051525183,0.9196723193335185,1.3406249429889683,2.335444648913432,36.03930037934076
13.959999999999747,2.231079239967336,2.231079239967336,4.872956718610549,2.2074774559688146,2.3043916399328097,8.425185728015526,2.9026170481163245,2.6667030966234813,13.644615647965267,3.693861888046881,2.8230083096231584,2.7847696298538644,2.8417980874047233,2.261799355985165,0.918439097392418,1.335419134468441,2.335357435192162,36.039249683285846
13.969999999999747,2.23984158145391,2.23984158145391,4.8808177369763595,2.2092572817524805,2.30484445537369,8.429198003335827,2.9033081137447034,2.6665864437720814,13.646446161052017,3.6941096574211243,2.8227737092694505,2.7835823899441827,2.8414890211428254,2.259986299471562,0.9171893790655986,1.330138765850327,2.3351538931826576,36.03919909692654
13.979999999999746,2.248736094105733,2.248736094105733,4.88842086087173,2.210977354219561,2.30530178115732,8.43297996303037,2.9039593597415183,2.666473036012576,13.647850644304066,3.69429975019679,2.822536609300213,2.7823293321207134,2.8411252722326803,2.2580837466417853,0.9159226295776904,1.3247551172312735,2.334830249419217,36.03914860630829
13.989999999999746,2.257765926413751,2.257765926413751,4.895764669537429,2.212637491668581,2.305763402998357,8.43653555,2.9045714916317693,2.6663630134305474,13.648831683210357,3.69443252519387,2.8222970601932587,2.7810103235790695,2.8407070549540476,2.2560908845239123,0.9146383054419992,1.3192700900333039,2.3343824869878564,36.03909819733603
13.999999999999746,2.2669343244813627,2.2669343244813627,4.902847857125434,2.214237534034105,2.306229115846918,8.439868681719954,2.9051452083708234,2.6662565104187124,13.649391967633408,3.6945083526273708,2.822055112751592,2.779625207093651,2.840234564942862,2.2540068748718096,0.9133358537995941,1.313685509447536,2.3338063375145395,36.039047855785775
14.009999999999746,2.2762446366851967,2.2762446366851967,4.909669234087533,2.215777343075683,2.3066987239497228,8.442983244363475,2.905681201433405,2.6661536553901604,13.649534290387619,3.6945276139701027,2.821810818058118,2.7781737990316593,2.8397079775806597,2.251830852922507,0.9120147117442141,1.3080679977267367,2.3330972729125414,36.03899756731593
14.019999999999746,2.2857003185491824,2.2857003185491824,4.916227728583794,2.2172568025792128,2.307172040904043,8.445883087131806,2.906180153936057,2.6660545705016143,13.649261545926347,3.694490701832439,2.821564227432334,2.7766558873667826,2.8391274463907172,2.249561926183395,0.910674305631931,1.3024033604168324,2.3322504968938405,36.038947317479014
14.029999999999745,2.295304937843432,2.295304937843432,4.922522387912292,2.218675818571134,2.307648889704253,8.448572016799082,2.9066427397943286,2.665959371386957,13.648576729141103,3.6943980198594066,2.8213153923890073,2.7750712296916227,2.8384931014404238,2.247199173249475,0.9093140503744863,1.2966499953882256,2.33126093625341,36.03889709173304
14.039999999999745,2.3050621799175453,2.3050621799175453,4.928552379961313,2.2200343195458294,2.3081291027808923,8.451053792480046,2.90706962291584,2.6658681669013222,13.647482934276129,3.6942499826454798,2.8210643645988878,2.77341955122782,2.8378050477492835,2.244741642650867,0.9079333487152306,1.2908093808532273,2.3301232319371676,36.03884687545306
14.049999999999745,2.3149758532886953,2.3149758532886953,4.934316994685472,2.221332256706653,2.308612522032038,8.453332120628477,2.907461456430416,2.665781058875961,13.645983353961293,3.6940470156674095,2.8208111958514825,2.7717005428327086,2.8370633637018203,2.2421883517307477,0.9065315904865575,1.2848828988164613,2.3288317299014234,36.03879665394267
14.059999999999745,2.3250498954992773,2.3250498954992773,4.9398156456071804,2.22256960422102,2.309098998846803,8.45541065027363,2.9078188819583706,2.6656981418841124,13.644081278366574,3.6937895552354596,2.8205559380199126,2.769913859001224,2.8362680994645206,2.239538285553887,0.9051081518477418,1.2789855310575797,2.327380471774933,36.038746412445306
14.069999999999744,2.3352883792607813,2.3352883792607813,4.9450478713448796,2.2237463594899665,2.3095883941208073,8.457292968501838,2.9081425289180443,2.6656195030180645,13.641780094480932,3.69347804846339,2.8202986430278734,2.768059115861642,2.8354192754058154,2.2367903958458912,0.9036623945020543,1.2730186323338353,2.3257747374253515,36.03869613615579
14.079999999999744,2.345695518902209,2.345695518902209,4.9500133371697315,2.2248625434326796,2.3100805782633524,8.458982596190149,2.9084330138736476,2.665545221677546,13.639083285518675,3.6931129532575464,2.8200393628186955,2.7661358891636376,2.8345168805179854,2.233943599963265,0.9021936648920353,1.2669748900000608,2.32402876439577,36.03864581023148
14.089999999999744,2.3562756771433637,2.3562756771433637,4.954711836592277,2.2259182007864253,2.310575431196168,8.460482983998416,2.908690939924422,2.66547536936962,13.63599443045609,3.6926947383253994,2.819778149326547,2.7641437122569728,2.8335608708396722,2.2309967798943218,0.9007012933717891,1.2608552745347559,2.3221036829688555,36.03859541980359
14.099999999999744,2.3670333722142725,2.3670333722142725,4.959143292980983,2.2269134004224282,2.311072842343426,8.46179750862623,2.9089168961361254,2.6654100095201603,13.632517203701415,3.6922238832039174,2.819515054449731,2.762082074059022,2.832551167877593,2.2279487812909773,0.8991845933551454,1.2547316925879868,2.319991947285852,36.03854494998819
14.109999999999744,2.377973285339987,2.377973285339987,4.963307761214478,2.227848235678202,2.311572710612822,8.46292946934066,2.9091114570158116,2.6653491972970196,13.62865537490094,3.6917008783081195,2.8192501300261257,2.759950417009192,2.83148765702584,2.2247984125313804,0.8976428604385347,1.2485967477235507,2.3176856731128272,36.03849438589731
14.119999999999743,2.3891002686193428,2.3891002686193428,4.967205429369512,2.228722824706902,2.3120749443674815,8.463882084780606,2.9092751820308447,2.6652929794449562,13.624412808884221,3.691126225000199,2.818983427810729,2.757748135008145,2.8303701859810206,2.2215444438132974,0.896075371497406,1.2423933377122849,2.3151766304668233,36.03844371264976
14.129999999999743,2.4004193533226017,2.4004193533226017,4.970836620446947,2.2295373108443255,2.3125794613883874,8.464658490043456,2.9094086151731,2.66524139413235,13.619793465751425,3.6905004356796147,2.818714999455308,2.7554745713396116,2.829198563151311,2.21818560627812,0.8944813837550124,1.236122010760383,2.3124562363541843,36.03839291538191
14.139999999999743,2.411935758632249,2.411935758632249,4.974201794138034,2.2302918629941764,2.3130861888270915,8.46526173405946,2.9095122845692645,2.6651944708097415,13.614801401105899,3.6898240338945567,2.8184448964901314,2.753125356702391,2.827970561941373,2.2147205911652934,0.8928575760286491,1.2298337986102996,2.309515547639423,36.03834197925832
14.149999999999743,2.42365490085968,2.42365490085968,4.977301548633678,2.2309866760323063,2.3135950631484112,8.465694777259165,2.9095867021381516,2.6651522300801993,13.609440766435007,3.6890975544752145,2.818173170307777,2.7506862905901115,2.8266785682243087,2.2111480489969146,0.8911937873536893,1.2235667897386528,2.306345254058883,36.038290889482084
14.159999999999743,2.435582403167844,2.435582403167844,4.98013662247951,2.231621971230681,2.314106030062811,8.46596048953923,2.9096323632959593,2.665114683581496,13.603715809642726,3.688321543689314,2.817899872148974,2.748172264509971,2.82533080857048,2.2074665887921627,0.8895002031057369,1.2172377085141808,2.302935671393238,36.03823963130525
14.169999999999742,2.4477241058348014,2.4477241058348014,4.98270789647987,2.2321979967018764,2.3146190444481607,8.466061648531774,2.9096497467103792,2.6650818338800413,13.597630875737261,3.6874965594203966,2.8176250530904654,2.745582363394594,2.8239268949441287,2.2036747773111713,0.8877759704500698,1.2108466926784762,2.2992767348093626,36.03818819003882
14.179999999999742,2.4600860770979733,2.4600860770979733,4.985016395654156,2.2327150278649883,2.315134070260568,8.466000938182544,2.9096393141045067,2.6650536743765643,13.591190407677464,3.6866231713693582,2.8173487640348513,2.7429156092621687,2.822466390754884,2.1997711383278733,0.8860202108501379,1.2044446698884397,2.295357992378184,36.03813655106273
14.189999999999742,2.4726746246108546,2.4726746246108546,4.987063291249255,2.2331733679339036,2.3156510804339385,8.465780947643164,2.9096015101115076,2.6650301892234136,13.584398947381844,3.6857019612798108,2.8170710557023777,2.740170958930589,2.8209488091318575,2.1957541519312502,0.8842320189249173,1.198072605768204,2.2911685987757484,36.038084699835544
14.199999999999742,2.485496307562036,2.485496307562036,4.9888499028122695,2.2335733484289855,2.3161700567679397,8.465404170482872,2.90953676218103,2.665011353253451,13.577261136904303,3.684733523187844,2.8167919786246407,2.7373473016916496,2.819373611169865,2.1916222538543577,0.8824104612691529,1.1916430113687753,2.286697309164746,36.03803262190403
14.209999999999742,2.498557949500249,2.498557949500249,4.99037770032806,2.233915329713295,2.31669098980402,8.464873004225325,2.9094454805384005,2.664997131920401,13.569781719781162,3.683718463696861,2.816511583140139,2.734443456941759,2.8177402041440955,2.187373834830391,0.8805545752353261,1.1851556354741617,2.281932473252596,36.037980302912445
14.219999999999741,2.5118666519114283,2.5118666519114283,4.991648306426698,2.2341997015546076,2.3172138786891354,8.464189750216311,2.909328058197685,2.664987481250566,13.561965542554038,3.682657402278148,2.8162299193916676,2.731458171765532,2.8160479396893408,2.1830072399749665,0.8786633676762279,1.1786802176279387,2.2768897399607857,36.03792772861167
14.229999999999741,2.5254298086065923,2.5254298086065923,4.992663498666391,2.234426883714567,2.3177387310268136,8.463356613828497,2.9091848710297694,2.6649823478057786,13.553817556474028,3.6815509715979795,2.815947037325455,2.7283901184684423,2.814296111939623,2.1785207681936924,0.8767358136470407,1.1722220224082311,2.2715551829573633,36.0378748848681
14.23999999999974,2.5392551209766085,2.5392551209766085,4.993425211898074,2.234597326566483,2.318265562715207,8.462375705009677,2.9090162778866806,2.6649816686574623,13.545342819392626,3.680399817872051,2.815662986692045,2.7252378920545923,2.8124839556238355,2.1739126716139996,0.8747708550658889,1.1657091566134155,2.2658892658765724,36.03782175767237
14.24999999999974,2.55335061417485,2.55335061417485,4.99393554071851,2.2347115117434084,2.3187943977717485,8.46124903918162,2.908822620783471,2.6649853713716607,13.536546497845741,3.6792046012481747,2.815377817048809,2.7220000076455246,2.810610644112734,2.1691811550400857,0.8727673993318674,1.1591410020046107,2.259879213249378,36.03776833314775
14.25999999999974,2.567724654288938,2.567724654288938,4.994196742019455,2.2347699528182883,2.319325268144043,8.459978538496966,2.90860422513909,2.6649933740048892,13.52743386933737,3.6779659962182047,2.8150915777640884,2.718674897835874,2.8086752874123624,2.1643243754297194,0.8707243178996317,1.1526232646386947,2.2535119081118578,36.03771459755849
14.26999999999974,2.5823859665899396,2.5823859665899396,4.994211237641322,2.2347731960181823,2.31985821350662,8.458566033462404,2.908361400077783,2.665005585110659,13.518010324830461,3.676684692060289,2.814804318022869,2.715260909981518,2.8066769300987073,2.1593404413915134,0.8686404448097103,1.1460907593604401,2.2467738918163724,36.03766053731778
14.27999999999974,2.5973436549269313,2.5973436549269313,4.9939816171405464,2.2347218209747153,2.3203932810431573,8.457013264937128,2.908094438792717,2.6650219037565015,13.50828137145313,3.6753613933126537,2.814516086833924,2.7117563034158034,2.8046145491881034,2.154227412701157,0.8665145751738024,1.1395049222355018,2.239651363748663,36.03760613899557
14.28999999999974,2.6126072223504773,2.6126072223504773,4.993510640681055,2.2346164415131864,2.320930525213819,8.455321886516272,2.9078036189736527,2.665042219551369,13.498252635428871,3.6739968202801796,2.8142269330383987,2.708159246589286,2.80248705193759,2.148983299834953,0.864345463614441,1.1328768072086994,2.2321446889756893,36.03755138932629
14.29999999999974,2.628186593068812,2.628186593068812,4.992801242061143,2.234457706482972,2.3214700075073043,8.453493467310235,2.9074892033007163,2.6650664126832067,13.487929865241039,3.6725917095752747,2.8139369053197187,2.7044678141283693,2.8002932735691437,2.1436060635188636,0.8621318226585347,1.126327794456215,2.224286800265185,36.037496275216164
14.30999999999974,2.6440921358267238,2.6440921358267238,4.991856531888463,2.2342463006321536,2.322011796177251,8.451529495131693,2.90715144000647,2.66509435396656,13.477318935042096,3.671146814694571,2.8136460522147897,2.700679983808103,2.798031974911358,2.138093614291097,0.8598723210844615,1.1197266033823645,2.2160081472541546,36.03744078375055
14.31999999999974,2.660334688824443,2.660334688824443,4.990679800917084,2.2339829455295948,2.3225559659626196,8.449431380103473,2.9067905635087423,2.6651259049000497,13.466425848319716,3.6696629066332123,2.813354422126399,2.696793633434374,2.7957018399518296,2.1324438120761315,0.8575655822225655,1.1130720278468083,2.207295047047551,36.03738490220086
14.329999999999739,2.676925586292524,2.676925586292524,4.989274523562167,2.2336684005380403,2.323102597791701,8.447200458701765,2.906406795116913,2.6651609177335587,13.455256741832946,3.6681407745386414,2.8130620633367656,2.692783927285263,2.793288761664733,2.1266544657678534,0.8551947076243538,1.106439418565428,2.198133585615165,36.037328618031715
14.339999999999739,2.6938766868564317,2.6938766868564317,4.987644361609398,2.233303463842162,2.3236517784693898,8.44483799825075,2.9060003438146302,2.665199235544959,13.443817889832937,3.6665812264060014,2.812769024022141,2.6886485295741305,2.7907911820036895,2.12072333281934,0.8527582713693893,1.099822901184805,2.188512719544279,36.037271918907535
14.349999999999739,2.7112004038305715,2.7112004038305715,4.98579316813828,2.2328889735359168,2.32420360034739,8.4423452018864,2.905571407122255,2.6652406923262397,13.43211570858443,3.6649850898174785,2.8124753522684043,2.6844053931101497,2.788218970004483,2.1146481188365738,0.8502687291925519,1.0931531876471463,2.1785474559730216,36.03721479269932
14.359999999999738,2.7289097375946576,2.7289097375946576,4.983724991680354,2.232425808774024,2.3247581609770207,8.439723214009142,2.9051201720426545,2.6652851130788777,13.420156761205657,3.66335321272815,2.812181096087573,2.6800518869413104,2.785570420670635,2.10842647717318,0.8477244599842415,1.0864374298433976,2.16810876249574,36.037157227491235
14.369999999999738,2.7470183102280146,2.7470183102280146,4.981444080635737,2.2319148909928748,2.3253155627443354,8.436973126247075,2.9046468160943553,2.665332313918322,13.407947762846344,3.661686464301162,2.81188630343515,2.6755852597985257,2.782843735489803,2.1020560085230295,0.8451237863539465,1.079803579922779,2.1571839088216764,36.037099211587254
14.379999999999738,2.765540402583652,2.765540402583652,4.978954887973917,2.2313571852067784,2.3258759124872324,8.434095983954018,2.9041515084365033,2.665382102187423,13.395495586225628,3.6599857357953773,2.8115910222282317,2.6710026361930943,2.7800370191257415,2.0955342605072853,0.8424649726127673,1.0731160395557617,2.14576000612148,36.03704073351762
14.389999999999738,2.784490994004342,2.784490994004342,4.976262076247482,2.230753701386032,2.3264393210943424,8.431092793268913,2.903634411090507,2.665434276578722,13.382807267553684,3.6582519415089063,2.811295300364306,2.6663010123834465,2.777148275952365,2.0888587272522057,0.8397462227155983,1.0663730222002292,2.1340311638770895,36.03698178204569
14.399999999999737,2.803885804905709,2.803885804905709,4.973370522950704,2.2301054959240614,2.3270059030854044,8.427964528766278,2.90309568026379,2.6654886272654252,13.369890012863921,3.6564860197823705,2.8109991857406444,2.6614772522064882,2.7741754064192365,2.0820268489536993,0.836965678165801,1.0596719802671524,2.1218247888885244,36.036922346174435
14.409999999999737,2.8237413424700133,2.8237413424700133,4.970285326258149,2.2294136732015772,2.3275757761729854,8.42471214173029,2.9025354677816235,2.665544936041006,13.356751204784809,3.6546889340660456,2.8107027262742434,2.6565280827690834,2.7711162032372885,2.075036011424277,0.8341214158858662,1.0529621170264822,2.1091107861835803,36.036862415153564
14.419999999999737,2.8440749497176223,2.8440749497176223,4.967011811182569,2.228679387256626,2.3281490608053264,8.42133656908885,2.9019539226336537,2.665602976467278,13.343398409784122,3.652861674055578,2.810405969922206,2.651450089995438,2.7679683473730106,2.067883545617715,0.831211446058205,1.0461953792799368,2.0960179753488335,36.036801978486686
14.429999999999737,2.864904858251442,2.864904858251442,4.9635555361953925,2.227903843570317,2.3287258796902144,8.417838743047605,2.901351192642422,2.665662514030871,13.329839385921483,3.6510052569013762,2.8101089647025055,2.6462397140264997,2.7647294038388335,2.060566727126309,0.8282337099410367,1.0394255510031016,2.0826111686989277,36.036741025938724
14.439999999999737,2.8862502450000194,2.8862502450000194,4.959922300357951,2.2270883009790947,2.3293063572998047,8.4142196014683,2.900727426261954,2.6657233063080343,13.316082091149049,3.6491207284973526,2.8098117587150613,2.6408932444678075,2.761396817266795,2.053082775645156,0.8251860776651782,1.0326871764075414,2.0687008233044017,36.03667954754405
14.449999999999736,2.908131293317674,2.908131293317674,4.95611815101693,2.226234073725611,2.3298906193563256,8.410480099040635,2.9000827745153472,2.665785103137653,13.302134692204685,3.647209164855326,2.8095144001630317,2.635406815482747,2.7579679072520396,2.0454288543974393,0.8220663460185285,1.025889862580013,2.0544275031932964,36.03661753361494
14.459999999999736,2.930569258833055,2.930569258833055,4.952149392123246,2.225342533661559,2.3304787922987256,8.406621219301952,2.8994173930812295,2.6658476468024546,13.288005574146542,3.6452716735720183,2.8092169373742655,2.6297165785109957,2.7544051770667917,2.0376020695141137,0.8188320848192395,1.0190562271801569,2.0399510639862926,36.0365549747508
14.469999999999736,2.9535865404874486,2.9535865404874486,4.948022593240251,2.2244151126173035,2.331071002730329,8.402643987565023,2.8987314445400116,2.665910672218327,13.273703350583226,3.6433093953963374,2.8089194188228515,2.623868379160123,2.750734479579308,2.0295994693608144,0.8155146496087844,1.01228150938132,2.0249844098503926,36.036491861848305
14.479999999999736,2.9772067572425316,2.9772067572425316,4.943744599314391,2.2234533049547927,2.3316673768476344,8.398549484820673,2.898025100792033,2.665973907131716,13.259236874660306,3.641323505905553,2.8086218931506703,2.6178642849224114,2.7469564201445347,2.021418043804138,0.8121159413513717,1.0054450967989996,2.0098103582543487,36.03642818611249
14.489999999999736,3.0014548309909808,3.0014548309909808,4.939322541289632,2.222458670322045,2.3322680398505047,8.394338862689263,2.897298545660986,2.6660370723250715,13.24461525086962,3.639315217299763,2.8083244091889115,2.611699622793349,2.7430676601030606,2.0130547234087106,0.8086333683748287,0.9985506443627943,1.9944226120624817,36.036363939069126
14.499999999999735,3.0263570762653007,3.0263570762653007,4.9347638476560896,2.221432836629568,2.332873115334017,8.390013359503131,2.896551977697471,2.66609988183032,13.229847847756357,3.637285780325263,2.8080270159794654,2.6053695314366716,2.739064702368115,2.0045063785556345,0.8050642521804395,0.9917300909691987,1.978562473538733,36.036299112578504
14.509999999999735,3.0519412974031312,3.0519412974031312,4.930076257033481,2.220377503271343,2.3334827246623826,8.385574317611125,2.895785613199141,2.666162043150371,13.214944311606422,3.635236486338464,2.8077297627961544,2.5988689550651767,2.7349438846773486,1.9957698184719928,0.8014058253220346,0.9848443490708269,1.9628124939178149,36.036233698851134
14.519999999999735,3.078236893903194,3.078236893903194,4.925267831901497,2.2192944446155622,2.3340969863253864,8.381023202006528,2.894999689465705,2.666223257488643,13.19991458120648,3.6331686695234064,2.807432699165731,2.592192637159429,2.730701372476064,1.9868417901600655,0.797655229364856,0.9778903436668633,1.9466747706728948,36.03616769046528
14.529999999999735,3.105274974782318,3.105274974782318,4.920346973601998,2.2181855137931987,2.3347160152779414,8.376361620390893,2.894194468309083,2.6662832199866546,13.18476890377937,3.6310837092773514,2.8071358748885986,2.5853351140294945,2.7263331514117457,1.97771897721378,0.7938095129451564,0.971012551915408,1.9303857641278783,36.036101080387056
14.539999999999734,3.1330884828471643,3.1330884828471643,4.915322438752328,2.2170526468156613,2.3353399222634366,8.371591344799137,2.8933702398412717,2.6663416199697108,13.16951785220959,3.628983032780615,2.80683934005921,2.5782907082266617,2.7218350194191054,1.9683979985086324,0.7898656299541054,0.9640654293256575,1.9140728872415642,36.036033861993474
14.549999999999734,3.1617123299006384,3.1617123299006384,4.910203357225307,2.215897867056446,2.3359688131216685,8.36671433492559,2.8925273265650557,2.6663981412007174,13.154172343686831,3.626868117768667,2.8065431450861023,2.5710526223322825,2.7172020417282012,1.9588754067498952,0.7858198452611381,0.9570508104562085,1.8973638627426124,36.035966029098574
14.559999999999734,3.1911835440138536,3.1911835440138536,4.904999251869743,2.2147232901357548,2.3366027880822755,8.361732763306568,2.8916660877955063,2.6664524621422223,13.138743659910585,3.6247404955266225,2.806247340711533,2.5635242026671494,2.7123753983934145,1.9491476868623219,0.7816093955915553,0.9501029599965382,1.8809601630314108,36.03589757598376
14.569999999999734,3.221541430142746,3.221541430142746,4.899720060165784,2.213531129251582,2.3372419410447516,8.356649042533622,2.8907869244435194,2.666504256226729,13.123243469016089,3.622601754128666,2.805951978030704,2.5557858516079444,2.7074017991884745,1.9392112542027518,0.7772882408873675,0.9430803916828224,1.8641457973414663,36.03582849743251
14.579999999999734,3.252827745522649,3.252827745522649,4.89437615803297,2.212323701006019,2.337886358846195,8.351465854691728,2.8898902841962233,2.666553192135422,13.107683849400896,3.6204535419475965,2.8056571085105433,2.54783076414495,2.7022760257630556,1.9290624525750044,0.7728528380914292,0.9360027626590595,1.847513422378185,36.03575878877056
14.589999999999733,3.2850868914420848,3.2850868914420848,4.888978386034978,2.2111034317812854,2.3385361205181745,8.346186183240418,2.8889766671332633,2.6665989340853864,13.092077315653452,3.61829757146278,2.805362784008059,2.5396518774359227,2.6969926144606577,1.9186975520241585,0.7682995401251175,0.9289693861804953,1.8306890784416394,36.035688445912236
14.599999999999733,3.3183661232143247,3.3183661232143247,4.883538078255144,2.209872864726644,2.339191296534194,8.340813347581856,2.8880466318225984,2.6666411421254974,13.076436846809857,3.616135623398251,2.8050690567882706,2.5312418632597264,2.6915458447393252,1.9081127463847491,0.7636245955476103,0.9218550074142036,1.8138766947641627,36.035617465414276
14.609999999999733,3.352715780395914,3.352715780395914,4.878067094150816,2.208634667424836,2.3398519480494318,8.335351040590371,2.8871008019448112,2.666679472441108,13.060775917193329,3.6139695512266465,2.8047759795417333,2.522593120447105,2.685929726977309,1.8973041505545032,0.758824148628585,0.914709932066238,1.7970842553971549,36.035545844537936
14.619999999999733,3.388189539559149,3.388189539559149,4.872577853733203,2.207391640315149,2.340518126134614,8.3298033694118,2.886139873500902,2.6667135776677484,13.04510853012304,3.6118012860791553,2.804483605401723,2.513697767324101,2.6801379896389252,1.8862677974619522,0.7538942398937091,0.907573217923078,1.7801598786210036,36.03547358132131
14.629999999999733,3.4248446922344056,3.4248446922344056,4.867083376463725,2.2061467259599317,2.3411898710060717,8.324174899880441,2.88516462266548,2.6667431072140437,13.029449254816162,3.6096328421068207,2.8041919879611292,2.5045476342089983,2.674164065776638,1.8749996346925402,0.7488308072082995,0.9003479642801637,1.763424426927924,36.03540067466328
14.639999999999732,3.4627424510040297,3.4627424510040297,4.861597324308195,2.204903019252365,2.341867211254193,8.318470704945971,2.884175914355082,2.666767707594083,13.01381326684902,3.6074663223443983,2.803901181289145,2.4950180059007607,2.6679290791896904,1.8634955207336223,0.7435549173609078,0.8931290154235261,1.746440613498248,36.03532712442101
14.649999999999732,3.5019482871283905,3.5019482871283905,4.8561340494481,2.2036637786758897,2.3425501630727856,8.312696417554168,2.883174711590362,2.666787022769547,12.998216392591571,3.6053039251346854,2.8036112399479123,2.485204089869578,2.661489481583482,1.851751220793959,0.7381296129968916,0.8858681616867533,1.7297727497352624,36.03525293152373
14.659999999999732,3.542532303552016,3.542532303552016,4.850708647214684,2.202432438740104,2.3432387294919743,8.306858288484205,2.8821620857412245,2.666800694501893,12.98267515808579,3.6031479511790505,2.8033222190092326,2.4751022672787064,2.654840991300714,1.839762402147862,0.732554115562677,0.8785155536240935,1.7127678028160847,36.035178098105206
14.669999999999732,3.5845696476946602,3.5845696476946602,4.845337014887917,2.201212623734454,2.3439328996175854,8.300963249713394,2.8811392277558183,2.6668083627149746,12.967206842902128,3.601000811288735,2.803034174071574,2.4647028282493597,2.647975399354397,1.8275246289479323,0.7268238371481749,0.8712082856341905,1.6961658840143883,36.035102627658404
14.679999999999731,3.6281409690651896,3.6281409690651896,4.840035917090753,2.200008162960027,2.344632647880188,8.295018983958693,2.8801074604880097,2.66680966586852,12.951829539582976,3.59886503492184,2.802747161277628,2.453995726702975,2.640884102492407,1.815033356443238,0.7209341013458086,0.8637988469684135,1.6791704789908042,36.0350265252163
14.689999999999731,3.6733329274844833,3.6733329274844833,4.834823058610997,2.1988231076216653,2.345337933297234,8.289034001135311,2.879068252253724,2.666804241342966,12.936562219367836,3.5967432796027903,2.8024612373327358,2.442970574208532,2.633558083945366,1.802283924531682,0.7148801497956693,0.8563585989135343,1.6626177257858283,36.034949797563655
14.699999999999731,3.72023875856001,3.72023875856001,4.829717165601623,2.197661749587871,2.3460486987519773,8.283017722578407,2.8780232317648875,2.666791725836169,12.92142480499519,3.5946383413349374,2.8021764595245293,2.431574189698908,2.6259607617811307,1.7892715505660215,0.7086304402456467,0.8488858957058454,1.6456692748224262,36.03487245348477
14.70999999999973,3.768958904081804,3.768958904081804,4.8247380762477325,2.196528642255259,2.346764870293275,8.27698057399651,2.876974204610898,2.666771755772719,12.906438251491702,3.592553166132925,2.801892885744346,2.4197204655144717,2.6180334991387424,1.775991321322338,0.7021333133612404,0.8413069730101729,1.629122832479574,36.03479450405501
14.71999999999973,3.8196017162077194,3.8196017162077194,4.819906842149124,2.195428623788331,2.347486356460527,8.270934088269042,2.87592317148234,2.66674396772655,12.89162463599591,3.5904908628202787,2.801610574510941,2.4075064501441243,2.6098346892478026,1.762438184027515,0.6954524188863189,0.8337577466543497,1.6121966199141562,36.03471596298316
14.72999999999973,3.87228424570644,3.87228424570644,4.81524584185476,2.1943668430448815,2.3482130476385192,8.264891019367944,2.874872348360522,2.666707998857785,12.87700725782194,3.5884547172594976,2.8013295849972653,2.3949199116924116,2.6013529856024107,1.748606936328151,0.6885826014257478,0.8260875416538291,1.5956592274303516,36.034636847015065
14.73999999999973,3.9271331262070794,3.9271331262070794,4.810778908205922,2.1933487885436556,2.3489448154471773,8.258865468880538,2.8738241889302376,2.666663487364858,12.862610750155694,3.5864482082076266,2.8010499770611594,2.381948241025327,2.592576487746719,1.7344922150670314,0.6815186798220516,0.8183985010213481,1.5787309602250084,36.03455717640993
14.74999999999973,3.9842855683718414,3.9842855683718414,4.806531471403439,2.192380320884914,2.3496815121717676,8.25287302684283,2.8727814095128834,2.666610072953166,12.848461204995429,3.5844750250204602,2.800771811281108,2.3685784515581205,2.583492715270986,1.7200884837143975,0.6742554649081297,0.8106296424479524,1.5621904457557054,36.034476975503964
14.75999999999973,4.043890480273468,4.043890480273468,4.802530720020483,2.1914677090982844,2.350422970239422,8.246930928866362,2.8717470168638397,2.666547397321758,12.834586313208415,3.582539087464143,2.800495148998347,2.354662966343391,2.5739993889634105,1.7053900182793462,0.6667055943830511,0.8027891842166792,1.5452803364564511,36.03439627337851
14.76999999999973,4.106109733071948,4.106109733071948,4.798805782544237,2.190617671467168,2.3511690017484828,8.241058231866576,2.8707243392333193,2.6664751046698654,12.821015521882565,3.58064456793502,2.800220052367022,2.3402505475817366,2.5641226380075697,1.6903908915011978,0.6589031486657522,0.7949046512814899,1.5286667775304101,36.03431510465429
14.77999999999973,4.1711195944506105,4.1711195944506105,4.79538793246026,2.18983742146769,2.351919398057616,8.2352760110868,2.8697170611554723,2.666392842225408,12.807780211518057,3.578795916438664,2.7999465844143825,2.325386819051027,2.5538871805174734,1.6750849550909346,0.6508799454093206,0.7869073608153462,1.5117617625875788,36.03423351043736
14.78999999999973,4.2391123563476265,4.2391123563476265,4.7923108204065645,2.189134719565373,2.3526739294424415,8.22960758157252,2.8687292625084924,2.666300260798198,12.79491389603975,3.576997888738509,2.7996748091135975,2.3100567606552134,2.543277233404009,1.6594658197580083,0.6426308316134677,0.7788882348627135,1.495025697763185,36.034151539449795
14.799999999999729,4.31029818841123,4.31029818841123,4.7896107375390296,2.1885179317380588,2.3534323448280556,8.224078747802745,2.8677654624816764,2.6661970153609964,12.782452449134253,3.5752555781558124,2.7994047914722615,2.294244989793972,2.532276247609546,1.643526832716988,0.6341507865016858,0.7707266402620934,1.4781072692562296,36.03406924938395
14.809999999999729,4.384907254554196,4.384907254554196,4.78732691498829,2.1879960957433835,2.3541943716068565,8.218718085848371,2.866830669196974,2.6660827656624777,12.770434361043298,3.573574451588115,2.7991365976405294,2.2777026610856335,2.5207057336562144,1.6272610523204551,0.6252963125633193,0.7625517000776052,1.4611914650099442,36.03398670853037
14.819999999999729,4.463192137241391,4.463192137241391,4.785501865179625,2.187578996328961,2.3549597155521007,8.213557263228536,2.8659304358669515,2.665957176877,12.758901030703475,3.571960390416371,2.798870295043716,2.260622115733513,2.5086885393196066,1.6106612194077508,0.6161884161687012,0.7542160394714923,1.4442355575475398,36.0339039977406
14.829999999999728,4.545430623002499,4.545430623002499,4.784181771867554,2.1872772508000797,2.355728060838999,8.20863140260651,2.865070924533372,2.665819920297342,12.747897099041388,3.5704197370955404,2.798605952545469,2.2429963216158106,2.4962115329270147,1.593719724891908,0.6068285620860077,0.745861246294252,1.427073832463144,36.03382121280188
14.839999999999728,4.631928913553539,4.631928913553539,4.783416937051645,2.1871024066219773,2.3564990701868442,8.203979496648337,2.8642589786275154,2.6656706740781604,12.737470830351489,3.5689593483747455,2.798343640649234,2.2248079645486145,2.4832537858368773,1.5764285730269993,0.5972125702755204,0.7373391547989662,1.4100502914528756,36.03373846732114
14.849999999999728,4.72302534038212,4.72302534038212,4.783262294548046,2.1870670530525684,2.357272385137716,8.199644882813022,2.863502205833448,2.665509124039859,12.727674550052358,3.5675866562779324,2.7980834317477123,2.2057680687251238,2.4695986680658417,1.5587793397025123,0.5871798816648801,0.7287769883957146,1.3926974851053318,36.03365589624063
14.859999999999728,4.819094677363481,4.819094677363481,4.783778001966956,2.1871849491908444,2.3580476264900465,8.195675788618697,2.862809073029268,2.6653349645452886,12.718565148797202,3.5663097382023903,2.7978254004327594,2.1860907871414823,2.4553853141037365,1.540763124996634,0.576863535131205,0.7200530755741609,1.375437317131185,36.03357366014176
14.869999999999727,4.920553166816764,4.920553166816764,4.785030125286474,2.187471171304087,2.358824394908718,8.192125960123203,2.8621890154431107,2.66514789946504,12.710204664990435,3.5651373977717093,2.797569623881549,2.1657788250185366,2.440603713026105,1.5223704990821885,0.566273120092474,0.7112516660032674,1.3579733928222393,36.03349195053639
14.879999999999727,5.027864400602713,5.027864400602713,4.787091433242919,2.1879422828865756,2.3596022717379377,8.189055389080668,2.8616525626079534,2.6649476432516837,12.702660960338026,3.564079258425383,2.7973161823394594,2.144658609609192,2.425112907960031,1.5035914404117285,0.5553193947843155,0.7023069407975507,1.3402605375418577,36.033410996403
14.889999999999727,5.141546230924345,5.141546230924345,4.790042322540521,2.1886165316337443,2.36038082004901,8.186531157636098,2.861211484255594,2.664733922149275,12.696008506275538,3.5631458721578517,2.7970651597261624,2.122662409170707,2.4088447521341414,1.4844152649049822,0.5439758223470034,0.6932289150716147,1.3226348582402965,36.03333107230039
14.899999999999727,5.262178927479154,5.262178927479154,4.793971899634024,2.189514078427911,2.361159585963027,8.184628423690198,2.860878959985934,2.6645064755723977,12.690329303155861,3.562348846359079,2.7968166443993527,2.0999530781131748,2.3919026451967818,1.46483054461335,0.5323452458015617,0.6840399935187179,1.3046806111327505,36.033252508492325
14.909999999999727,5.390414851323639,5.390414851323639,4.7989792508413185,2.1906572645763918,2.3619381002991,8.183431575462059,2.860669777423123,2.6642650576998257,12.685713959179266,3.561700992388225,2.7965707301214664,2.0763382140133464,2.374122409051557,1.4448250140307148,0.5203337944050574,0.6746575161633949,1.2865056006715392,36.033175703652724
14.919999999999726,5.52698998498826,5.52698998498826,4.805174940179379,2.1920709249883723,2.36271588061312,8.183035590639797,2.8606005646786477,2.6640094393423945,12.6822629625349,3.56121650037384,2.796327517289246,2.051726631392954,2.355410145220975,1.424385461842401,0.5079069606212127,0.6651789132913716,1.268305959039163,36.0331011409041
14.929999999999726,5.672737748114991,5.672737748114991,4.812682784097466,2.193782756814691,2.3634924337115852,8.183547644297144,2.8606900643546034,2.6637394101645318,12.680088188526822,3.5609111458342824,2.79608711450598,2.0263189018542014,2.335896924214551,1.4034976054346677,0.49518892098497996,0.6555106772091531,1.249767267736852,36.03302940819231
14.939999999999726,5.828605645209452,5.828605645209452,4.8216419649003655,2.1958237554276447,2.3642672587522116,8.185089021090329,2.860959458134688,2.6634547813663563,12.679314694167113,3.560802535127034,2.795849640603714,1.9997300411517656,2.3152533425937776,1.3821459448996634,0.481991769085504,0.6456347892899685,1.2308960219041847,36.03296122434604
14.949999999999726,5.995675446799255,5.995675446799255,4.832209561062474,2.1982287326532863,2.3650398510807227,8.187797401987176,2.861432753357516,2.66315538897133,12.68008286663666,3.5609103985689754,2.795615227260917,1.972182354670993,2.293623368909926,1.3603135925303227,0.46845340344260356,0.635640213418244,1.2119293033837206,36.03289747264949
14.959999999999726,6.1751878110094545,6.1751878110094545,4.844563594145348,2.2010369361156457,2.3658097070064015,8.191829615098095,2.862137246027537,2.662841097918067,12.682551010252356,3.561256942464606,2.7953840224147406,1.9435197474867403,2.2708485365628848,1.3379820728597858,0.454513765756053,0.6254196595006283,1.1926497673666592,36.03283924443049
14.969999999999725,6.368572528784273,6.368572528784273,4.858906720483966,2.2042927937286296,2.3665763297946416,8.197364965723011,2.8631040787444335,2.662511807231083,12.686898480687024,3.5618672744344395,2.795156194743293,1.913647175027982,2.2468117040399758,1.3151310870973114,0.44014873122825693,0.614966799968588,1.1729934956805903,36.03278789612523
14.979999999999725,6.577485950595833,6.577485950595833,4.87547073379514,2.208046814221823,2.367339237263712,8.204609294824769,2.864368917375129,2.662167456654831,12.693329507354832,3.562769920631254,2.79493193960296,1.8826135874395178,2.221511138554097,1.2917382342611383,0.42541026418905364,0.6043027899264931,1.1529518765493916,36.03274512465806
14.989999999999725,6.803857665972421,6.803857665972421,4.894522096094403,2.2123566837412096,2.3680979715316695,8.213799961110592,2.865972777454558,2.661808035294713,12.702077888224748,3.563997459065417,2.7947114869652516,1.8502234670890938,2.194734108629726,1.267778679289095,0.4102309861144644,0.5934206851237245,1.1325110465947688,36.0327130679785
14.999999999999725,7.04994921929583,7.04994921929583,4.916368784152296,2.217288610928288,2.368852111694069,8.225212004553489,2.8679630410020085,2.6614335930442676,12.713412800373355,3.565587300904769,2.7944951121332573,1.8164948501890203,2.166441881752379,1.2432247557533747,0.39465426777271184,0.5822665122571725,1.1117337025288976,36.032694440557954
15.009999999999724,7.318428645242813,7.318428645242813,4.941368835051911,2.2229189897636648,2.3696012905645603,8.23916583556368,2.8703947177285007,2.661044255929907,12.727646050957274,3.5675826621057114,2.794283150370035,1.7813919484478595,2.136545386913581,1.2180454872811748,0.37869904546148186,0.5708261860507482,1.0905114506359153,36.03269271807553
15.019999999999724,7.6124660302495935,7.6124660302495935,4.9699411089451875,2.2293364727974976,2.370345217145477,8.256036914606335,2.87333202303638,2.6606402470405492,12.745141206807887,3.5700337823062522,2.7940760171073387,1.7446209563593098,2.1047152113478798,1.192206007050003,0.36227064169688056,0.5590826424754978,1.0687663270907415,36.03271239225848
15.029999999999724,7.9358573612135945,7.9358573612135945,5.0025789775617255,2.2366445800711667,2.371083707324183,8.27626805769356,2.8768503710991924,2.6602219155390436,12.766325201374231,3.572999468426245,2.7938742362327487,1.706375991684923,2.071051623312969,1.165666848294142,0.3455057010159642,0.5470153791893944,1.0464534721949488,36.03275932726865
15.039999999999724,8.293186937234587,8.293186937234587,5.0398679206439,2.2449650154610206,2.3718167265969594,8.300385248192269,2.881038918201604,2.6597897775593977,12.79170324805511,3.576549069711628,2.7936784802604584,1.6664386560095639,2.0352735958595374,1.1383830699016286,0.32835630154322193,0.5345998538104116,1.0235160220385362,36.03284126545318
15.049999999999724,8.690043119795206,8.690043119795206,5.082508411927099,2.254441929153887,2.3725444507255995,8.329018192864368,2.8860038449150354,2.65934457489827,12.821878224677548,3.580765033435948,2.793489628295566,1.6245482947339849,1.9970387706442683,1.1103031688094207,0.31076985851953465,0.521806688054146,0.9998823161884981,36.03296855672439
15.059999999999723,9.133309041328953,9.133309041328953,5.1313460697306095,2.265247463243389,2.3732673536929685,8.362927390794182,2.8918726442902325,2.6588873608714616,12.857576191778204,3.585746253121964,2.7933088511640594,1.5807896259696663,1.956320772409063,1.0813677133512223,0.2928510385442444,0.5086006018502741,0.9755715248763162,36.03315522934305
15.069999999999723,9.631560522905266,9.631560522905266,5.187411946021341,2.277589064344431,2.3739863381652078,8.40304028705726,2.898799801134473,2.658419628548825,12.899680459891163,3.5916125152765526,2.7931377389235297,1.5350016242505868,1.912846579573884,1.0515076063751965,0.2746070941511757,0.4949389644530887,0.9504668215774565,36.03342059330237
15.079999999999723,10.195620348346656,10.195620348346656,5.251977218273561,2.2917192712619845,2.3747029338015992,8.450500324427953,2.9069744278937084,2.657943506715624,12.94927778245497,3.5985104949763547,2.7929784961042974,1.4870181114726397,1.866318717380823,1.020641849673108,0.2560563418556448,0.48076979065432446,0.924384419366092,36.03379169486649
15.089999999999723,10.839345595462479,10.839345595462479,5.326628750719084,2.307949035554963,2.3754196068857327,8.50673467056025,2.9166307052076803,2.657462067042343,13.007722085147588,3.6066219770233183,2.7928342481648354,1.436669549568143,1.81641558391587,0.988674625250847,0.23723038559561735,0.4660289142177409,0.89718119601627,36.03430716869674
15.099999999999723,11.580770966101534,11.580770966101534,5.413375572241827,2.3266661926975742,2.376140258355458,8.573549587423997,2.928062428880914,2.6569798195502408,13.076724114249838,3.61617534340494,2.7927095362506593,1.3837855906452432,1.7627931724786443,0.9554914227898995,0.21817659133494885,0.4506795787895486,0.8690000765493607,36.03502345629743
15.109999999999722,12.443811216153376,12.443811216153376,5.514802313405975,2.3483616232186164,2.3768710521254386,8.653267741362217,2.941643714211872,2.6565035382776245,13.158480340932234,3.627461969605227,2.792611142163749,1.3281985502797127,1.7050888349548399,0.9209538064677444,0.1989607591910607,0.4346533220697455,0.8393501712177958,36.036025174036574
15.119999999999722,13.460869961279599,13.460869961279599,5.634296020930559,2.37366720938942,2.377621846516255,8.74893096107142,2.957859185470366,2.6560436899734783,13.255862985822906,3.640860198610063,2.7925495163713085,1.2695588423343946,1.6427108482427752,0.8848921924951282,0.17961019500296035,0.41781256678150797,0.8082593499322407,36.037443059209686
15.129999999999722,14.676972657802938,14.676972657802938,5.7763914118628135,2.403412451466209,2.378408780721326,8.864608455658946,2.9773492330694,2.655617017763837,13.372708241954832,3.6568713734495546,2.7925413610015335,1.2075876414322553,1.5751097012961655,0.8470956346836691,0.1602068722998704,0.4001002141962546,0.7754669662699614,36.03948643012472
15.139999999999722,16.156574733396727,16.156574733396727,5.947314594882279,2.438711667024677,2.3792592028402506,9.005881352435134,3.0009800653178513,2.655251466335088,13.514268031997283,3.6761757346456228,2.7926145543729985,1.1420247250161204,1.501729328253171,0.807296958695115,0.14087011100576946,0.38136260068883077,0.7406149638983601,36.04250507079215
15.149999999999721,17.99530927352723,17.99530927352723,6.1558741487310815,2.4811034135503265,2.380221686360228,9.1806348742575,3.029956249561617,2.6549961955328913,13.687945526415236,3.6997223580175898,2.7928181639588865,1.0724302759027742,1.4217682756553933,0.7651503770347999,0.12170593569690376,0.3614109933906507,0.7034278854432732,36.04711505879852
15.158687879771627,20.0,20.0,6.334475313684712,2.516838356685767,2.3975700412060164,9.311533090026918,3.051480475118089,2.671284943295089,13.792814531905478,3.713867866780599,2.809521586578665,1.008420860454051,1.3459999053327476,0.726233399689903,0.10597632939693033,0.3428928163266838,0.668810653586927,36.25875845291593
