time,phi_center,abs_phi_center,mean_r2_signed_R4,rms_signed_R4,signed_energy_den_R4,mean_r2_signed_R8,rms_signed_R8,signed_energy_den_R8,mean_r2_signed_R12,rms_signed_R12,signed_energy_den_R12,rms_absrho_R8,rms_positive_rho_R8,rms_gradient_R8,signed_cancellation_ratio_R8,field_r50,field_r20,total_energy
0.0,1.2038123105967418,1.2038123105967418,6.687488203829561,2.5860178274384658,2.600929345531693,8.027512736457314,2.8332865609495475,2.8737459557904583,8.027676655962612,2.833315488250931,2.873753830987601,2.8332865609495475,2.8332865609495475,3.1622714945686776,1.0,2.3548290391024844,3.5883458806647206,36.112655694625644
0.01,1.2037941993551475,1.2037941993551475,6.687305902732852,2.5859825797427276,2.600945049269159,8.02727971883977,2.833245439216266,2.873745961451329,8.027443693105981,2.8332743766013877,2.873753839221978,2.833245439216266,2.833245439216266,3.1622502465058657,1.0,2.3547662286483817,3.588313178232289,36.11265579810187
0.02,1.2037398500859684,1.2037398500859684,6.686759069679806,2.58587684735368,2.6009921548422854,8.026580738927242,2.8331220833079613,2.8737459784256694,8.02674487751022,2.8331510509519644,2.873753863918315,2.8331220833079613,2.8331220833079613,3.1621864978563563,1.0,2.354577795580724,3.588215063410321,36.1126561084452
0.03,1.2036492161796963,1.2036492161796963,6.68584791535275,2.5857006623646037,2.6010706453339827,8.025416015535761,2.8329165211025478,2.8737460066886675,8.02558042809341,2.8329455392035707,2.873753905056243,2.8329165211025478,2.8329165211025478,3.16208023524027,1.0,2.354263734741523,3.5880515135980118,36.112656625399666
0.04,1.2035222199813163,1.2035222199813163,6.684572790792365,2.5854540782602125,2.601180492551545,8.023785913344353,2.832628799074166,2.8737460461989928,8.023950709704678,2.8326578878686846,2.8737539626018367,2.832628799074166,2.832628799074166,3.1619314363689695,1.0,2.3538240374668256,3.5878224910856797,36.112657348538924
0.05,1.2033587528021568,1.2033587528021568,6.682934187253089,2.5851371699105425,2.6013216570302933,8.02169094287345,2.832258982309607,2.8737460968988295,8.021856233102637,2.832288162087791,2.8737540365076475,2.832258982309607,2.832258982309607,3.1617400700618057,1.0,2.353258691527167,3.5875279430194107,36.11265827726675
0.060000000000000005,1.2031586749137329,1.2031586749137329,6.680932736000696,2.5847500335623743,2.6014940880387143,8.019131760454535,2.8318071545312784,2.873746158713925,8.01929765492506,2.831836445652372,2.8737541267127518,2.8318071545312784,2.8318071545312784,3.161506096269604,1.0,2.352567681076323,3.587167801372538,36.11265941081753
0.07,1.2029218155299946,1.2029218155299946,6.678569208052392,2.584292786828225,2.601697723585057,8.016109168190903,2.8312734181267096,2.8737462315536444,8.016275777649692,2.8313028410344403,2.8737542331428125,2.8312734181267096,2.8312734181267096,3.1612294661049236,1.0,2.3517509865994,3.5867419829180123,36.11266074825712
0.08,1.2026479727931136,1.2026479727931136,6.675844513859486,2.583765568672879,2.6019324904254355,8.012624113909405,2.830657894184567,2.8737463153110516,8.012791549546048,2.8306874694225868,2.873754355710153,2.830657894184567,2.830657894184567,3.1609101218791182,1.0,2.350808584839045,3.5862503891875757,36.112662288483776
0.09,1.2023369137743838,1.2023369137743838,6.672759702932964,2.5831685393974904,2.602198304073425,8.008677691102955,2.829960722537144,2.8737464098629903,8.008846064617968,2.8299904707645163,2.8737544943138453,2.829960722537144,2.829960722537144,3.1605479971462698,1.0,2.3497404486835025,3.5856929064068774,36.11266403022917
0.09999999999999999,1.2019883744893816,1.2019883744893816,6.669315963412177,2.5825018806212277,2.60249506881118,8.004271138863574,2.829182061809309,2.873746515070184,8.004440562536756,2.829212003816037,2.873754648839813,2.829182061809309,2.829182061809309,3.1601430167540454,1.0,2.3485465470177367,3.5850694054071157,36.112665972059766
0.10999999999999999,1.2016020599158814,1.2016020599158814,6.665514621576988,2.5817657952604818,2.6028226777020884,7.999405841805762,2.8283220894738568,2.8737466307773487,7.9995764285646205,2.8283522461964705,2.8737548191609417,2.8283220894738568,2.8283220894738568,3.1596950969015545,1.0,2.3472268445539246,3.5843797415236747,36.11266811237822
0.11999999999999998,1.2011776440021458,1.2011776440021458,6.661357141303741,2.580960507505634,2.603181012604979,7.994083329979812,2.8273810019132215,2.873746756813321,7.994255193468094,2.8274113944504244,2.8737550051372116,2.8273810019132215,2.8273810019132215,3.1592041452042823,1.0,2.345781301658932,3.583623754493091,36.11267044942499
0.12999999999999998,1.2007147696627276,1.2007147696627276,6.656845123465434,2.5800862627953807,2.6035699441899114,7.988305278774863,2.8263590144875197,2.873746892991194,7.988478533421164,2.8263896641158954,2.873755206615836,2.8263590144875197,2.8263590144875197,3.158670060766202,1.0,2.344209874183036,3.582801268350899,36.11267298128008
0.13999999999999999,1.2002130487693972,1.2002130487693972,6.651980305276526,2.5791433277886138,2.60398933195557,7.982073508811209,2.825256361608838,2.8737470391084656,7.9822482698977115,2.8252872897986343,2.873755423431412,2.825256361608838,2.825256361608838,3.158092734259144,1.0,2.3425125132793454,3.5819120913231144,36.112675705865
0.15,1.1996720621495758,1.1996720621495758,6.646764559582895,2.5781319903338726,2.6044390242482764,7.975389985821537,2.824073296821727,2.8737471949472067,7.975566369552856,2.824104525252714,2.8737556554060926,2.824073296821727,2.824073296821727,3.1574720480095526,1.0,2.3406891651965442,3.580956015699547,36.11267862094484
0.16,1.1990913595987878,1.1990913595987878,6.6411998940973955,2.577052559436341,2.604918858282673,7.968256820520679,2.822810092889828,2.873747360274231,7.968434944092822,2.822841643467239,2.8737559023497568,2.822810092889828,2.822810092889828,3.156807876092736,1.0,2.3387397710357796,3.5799328176824803,36.11268172413048
0.17,1.1984704599036127,1.1984704599036127,6.635288450581611,2.575905365222413,2.6054286601640957,7.960676268463333,2.8214670418885515,2.8737475348412898,7.960856250132819,2.8214989367591157,2.8737561640602096,2.8214670418885515,2.8214670418885515,3.1561000844347324,1.0,2.3366672234335746,3.578842257213542,36.11268501288107
0.18000000000000002,1.1978088508657883,1.1978088508657883,6.629032503974367,2.5746907589018075,2.6059682449126558,7.952650729889356,2.820044455303738,2.873747718385264,7.952832689042442,2.820076716871802,2.8737564403233793,2.820044455303738,2.820044455303738,3.155348530921942,1.0,2.334474550915353,3.5776840777871093,36.112688484506485
0.19000000000000003,1.1971059893187534,1.1971059893187534,6.622434461467637,2.573409112727247,2.6065374164890938,7.944182749556038,2.818542664136209,2.87374791062838,7.94436680677811,2.8185753150799626,2.8737567309135317,2.818542664136209,2.818542664136209,3.154553065518647,1.0,2.3321563357345347,3.576458006258072,36.1126921361701
0.20000000000000004,1.1963613011380685,1.1963613011380685,6.615496861530461,2.5720608199516706,2.6071359678224226,7.935275016556803,2.8169620190121134,2.873748111278432,7.935461293701901,2.8169950822999144,2.873757035593502,2.8169620190121134,2.8169620190121134,3.1537135303925914,1.0,2.3297125285394946,3.5751637526422657,36.11269596489158
0.21000000000000005,1.195574181252747,1.195574181252747,6.6082223728816,2.5706462947830064,2.6077636808394025,7.925930364125749,2.8153028902989727,2.8737483200290157,7.926118984386272,2.8153363892057857,2.8737573541149275,2.8153028902989727,2.8153028902989727,3.15282976004877,1.0,2.3271430751005218,3.5738010099025233,36.11269996754991
0.22000000000000006,1.1947439936676492,1.1947439936676492,6.600613793411601,2.5691659723364704,2.6084203264958954,7.916151769427421,2.8135656682273154,2.8737485365597726,7.916342857403967,2.813599626351263,2.873757686218498,2.8135656682273154,2.8135656682273154,3.1519015814715945,1.0,2.324447915956745,3.5723694537101425,36.11270414088653
0.23000000000000007,1.1938700714988157,1.1938700714988157,6.592674049055064,2.5676203085844027,2.6091056648101296,7.905942353331082,2.8117507630177827,2.8737487605366483,7.906136035102469,2.811785204296813,2.8737580316342184,2.8117507630177827,2.8117507630177827,3.1509288142756176,1.0,2.321626986029919,3.5708692421578854,36.11270848150855
0.24000000000000007,1.1929517170185,1.1929517170185,6.584406192613817,2.566009780303617,2.609819444897937,7.89530538016889,2.8098586050135848,2.873748991612159,7.895501783362352,2.8098935537422682,2.873758390081676,2.8098586050135848,2.8098586050135848,3.1499112708650028,1.0,2.318680214209753,3.569333010832845,36.112712985892216
0.25000000000000006,1.1919882017016379,1.1919882017016379,6.575813402531858,2.5643348850202576,2.610561405009992,7.884244257477182,2.807889644818183,2.8737492294256666,7.884443511338708,2.8079251256646263,2.873758761270325,2.807889644818183,2.807889644818183,3.148848756601921,1.0,2.315607522922699,3.567728364041437,36.11271765038642
0.26000000000000006,1.1909787662693223,1.1909787662693223,6.566898981622871,2.562596140952154,2.611331272571101,7.872762535720109,2.8058443534380357,2.8737494736036675,7.872964771184996,2.80588039146094,2.873759144899774,2.8058443534380357,2.8058443534380357,3.14774106998409,1.0,2.3124149242713417,3.5660549093117084,36.11272247121634
0.2700000000000001,1.1899226207323865,1.1899226207323865,6.557666355751135,2.5607940869486434,2.6121287642216116,7.860863907994895,2.8037232224302913,2.8737497237600915,7.861069257758447,2.803759843096132,2.8737595406600924,2.8037232224302913,2.8037232224302913,3.14658800283165,1.0,2.3091044921346593,3.564312235520867,36.112727444487255
0.2800000000000001,1.1888189444416957,1.1888189444416957,6.5481190724667035,2.5589292824278487,2.61295358586097,7.848552209717812,2.8015267640552377,2.8737499794966066,7.848760808306242,2.8015639932555962,2.873759948232115,2.8015267640552377,2.8015267640552377,3.145389340483614,1.0,2.305668850398425,3.5624999125309316,36.112732566188434
0.2900000000000001,1.187666886152841,1.187666886152841,6.538260799595792,2.557002307311394,2.6138054326934848,7.835831418290117,2.7992555114333735,2.873750240402932,7.836043402131596,2.7992933755023954,2.873760367287766,2.7992555114333735,2.7992555114333735,3.1441448620040946,1.0,2.302107939904031,3.5606174907907886,36.11273783219714
0.3000000000000001,1.1864655641045638,1.1864655641045638,6.528095323787211,2.5550137619565203,2.614683989276361,7.822705652742961,2.796910018706887,2.8737505060571684,7.82292116023888,2.7969485444388997,2.8737607974903843,2.796910018706887,2.796910018706887,3.142854340398565,1.0,2.2984216943101328,3.558664500903911,36.112743238282775
0.3100000000000001,1.1852140661071189,1.1852140661071189,6.517626549015812,2.55296426708558,2.615588929570052,7.809179173360463,2.794490861205394,2.873750776026129,7.8093983449568585,2.7945300758726606,2.8737612384950646,2.794490861205394,2.794490861205394,3.1415175428403797,1.0,2.2946100395165225,3.5566404531638924,36.11274878011113
0.3200000000000001,1.1839114496356744,1.1839114496356744,6.506858495043875,2.55085446371287,2.616519916990974,7.795256381279946,2.7919986356157027,2.8737510498656773,7.795479359539082,2.7920385669863306,2.873761689948999,2.7919986356157027,2.7919986356157027,3.1401342309078184,1.0,2.290672893067575,3.554544837061013,36.112754453248705
0.3300000000000001,1.182556741926737,1.182556741926737,6.49579529584139,2.5486850130687766,2.617476604466669,7.780941818068347,2.7894339601554194,2.8737513271210835,7.781168747740507,2.789474636511418,2.8737621514918312,2.7894339601554194,2.7894339601554194,3.1387041608319195,1.0,2.2866276915047443,3.552377120760268,36.1127602531671
0.34000000000000014,1.1811489400810293,1.1811489400810293,6.4844411979661905,2.546456596521172,2.618458634493446,7.766240165273902,2.786797474750166,2.873751607327375,7.76647119336931,2.7868389249056555,2.8737626227560145,2.786797474750166,2.786797474750166,3.137227083755368,1.0,2.282458620828495,3.550136750545923,36.112766175247614
0.35000000000000014,1.179687011179712,1.179687011179712,6.47280055890493,2.544169915494036,2.6194656391965787,7.751156243951929,2.7840898412141675,2.873751890009705,7.75139151981287,2.784132094533747,2.8737631033671835,2.7840898412141675,2.7840898412141675,3.135702746002722,1.0,2.2781650325537233,3.5478231502240076,36.11277221478581
0.36000000000000015,1.17816989241763,1.17816989241763,6.460877845375872,2.541825691383237,2.620497240393106,7.735695014163795,2.7813117434339856,2.8737521746837196,7.735934689536875,2.78135482985125,2.8737635929445213,2.7813117434339856,2.7813117434339856,3.1341308893622934,1.0,2.273746865232023,3.5454357204769353,36.11277836699622
0.37000000000000016,1.1765964912539575,1.1765964912539575,6.448677631594489,2.5394246654694226,2.6215530496573085,7.719861574447887,2.778463887555116,2.873752460855938,7.720105803556446,2.7785078375913295,2.8737640911011466,2.778463887555116,2.778463887555116,3.1325112513799676,1.0,2.2692040473700463,3.54297383816736,36.11278462701713
0.38000000000000017,1.1749656855746842,1.1749656855746842,6.436204597502831,2.5369675988279456,2.6226326683889196,7.703661161261518,2.775547002171197,2.8737527480241365,7.703910100878206,2.775591846954124,2.873764597444492,2.775547002171197,2.775547002171197,3.1308435656653097,1.0,2.264550034990676,3.5404368555940553,36.1127909899154
0.3900000000000002,1.173276323866754,1.173276323866754,6.42346352696373,2.534455272235778,2.623735687884124,7.687099148392646,2.7725618385155353,2.873753035677733,7.687352957912105,2.7726076097984196,2.8737651115766996,2.7725618385155353,2.7725618385155353,3.1291275622102943,1.0,2.2597806106803593,3.5378240996972203,36.112797450691446
0.4000000000000002,1.1715272254007953,1.1715272254007953,6.410459305920768,2.5318884860753186,2.6248616894094154,7.670181046340177,2.7695091706546444,2.8737533232981853,7.670439887851878,2.769555900835345,2.8737656330950165,2.7695091706546444,2.7695091706546444,3.1273629677210097,1.0,2.2548877665866094,3.535134871213263,36.11280400428406
0.4100000000000002,1.169717180428876,1.169717180428876,6.397196920524998,2.5292680602350153,2.626010244278387,7.652912501661761,2.7663897956834935,2.873753610359389,7.653176540022951,2.7664375178237717,2.87376616159219,2.7663897956834935,2.7663897956834935,3.12554950596273,1.0,2.249871451986399,3.53242601979526,36.11281064557558
0.4200000000000002,1.1678449504021255,1.1678449504021255,6.383681455229494,2.5265948340067297,2.627180913931483,7.635299296287772,2.763204533922122,2.8737538963280813,7.635568699196523,2.7632532817670774,2.8737666966568773,2.763204533922122,2.763204533922122,3.1236868981187547,1.0,2.2447316035824523,3.529640827949012,36.112817369396936
0.4300000000000002,1.1659092682087735,1.1659092682087735,6.369918090852616,2.5238696659797264,2.6283732500188175,7.617347346800323,2.759954229113288,2.8737541806642475,7.61762228486866,2.760004037110935,2.873767237874052,2.759954229113288,2.759954229113288,3.1217748631634485,1.0,2.239493220770362,3.52677844224344,36.11282417053272
0.4400000000000002,1.1639088384348963,1.1639088384348963,6.3559121026110095,2.5210934339312,2.629586794486095,7.599062703675988,2.756639748620771,2.873754462821531,7.599343350503126,2.7566906519417675,2.8737677848254104,2.756639748620771,2.756639748620771,3.1198131182499385,1.0,2.234133492482833,3.5238380579055546,36.112831043726416
0.45000000000000023,1.1618423376438671,1.1618423376438671,6.341668858123322,2.5182670347132214,2.6308210796637046,7.580451550490977,2.7532619836279615,2.873754742247652,7.580738082736603,2.753314018185467,2.87376833708979,2.7532619836279615,2.7532619836279615,3.1178013791129664,1.0,2.228651744200096,3.5208188390224526,36.112837983685495
0.46000000000000024,1.1597084146700578,1.1597084146700578,6.327193815385561,2.515391384135988,2.6320756283590625,7.5615202030875075,2.749821849336336,2.8737550183848195,7.5618128005451,2.749875051806009,2.8737688942435806,2.749821849336336,2.749821849336336,3.1157393604874257,1.0,2.2230479290632923,3.5177199172630114,36.11284498508675
0.47000000000000025,1.1575056909341523,1.1575056909341523,6.312492520719071,2.5124674168472456,2.633349953952237,7.542275108699942,2.746320285163393,2.873755290670153,7.542573954370144,2.7463746930035136,2.8737694558611455,2.746320285163393,2.746320285163393,3.113626776543162,1.0,2.2173456280572617,3.5145403905050685,36.11285204258145
0.48000000000000026,1.155232760778386,1.155232760778386,6.297570606692019,2.5094960862077507,2.6346435604949585,7.5227228450394765,2.7427582549396288,2.8737555585361023,7.5230281252034565,2.742813906411344,2.873770021515234,2.7427582549396288,2.7427582549396288,3.1114633413366564,1.0,2.211528437332871,3.5112793213633697,36.11285915080062
0.49000000000000027,1.1528881918303366,1.1528881918303366,6.282433790015347,2.5064783641626245,2.6359559428130357,7.502870119335906,2.7391367471040775,2.8737558214108723,7.503182023628732,2.739193681291765,2.8737705907774056,2.7391367471040775,2.7391367471040775,3.109248769280284,1.0,2.205590955784247,3.5079357356023158,36.11286630436031
0.5000000000000002,1.1504705253934338,1.1504705253934338,6.267087869414044,2.503415241108443,2.6372865866122748,7.482723767335198,2.735456774897969,2.8737560787188414,7.483042488819145,2.7355150317297006,2.873771163218446,2.735456774897969,2.735456774897969,3.10698277562988,1.0,2.1995332831960064,3.5045086204273983,36.11287349786684
0.5100000000000002,1.1479782768650688,1.1479782768650688,6.251538723474648,2.5003077257559014,2.6386349685879384,7.462290752251349,2.731719376555972,2.8737563298809916,7.462616487489199,2.731778996824084,2.8737717384087844,2.731719376555972,2.731719376555972,3.1046650769914463,1.0,2.1933880648923805,3.5009969226456836,36.1128807259221
0.5200000000000002,1.1454099361803916,1.1454099361803916,6.235792308469796,2.4971568449878747,2.6400005565378133,7.441578163671265,2.72792561549454,2.873756574315327,7.441911112799492,2.7279866408762876,2.8737723159189135,2.72792561549454,2.72792561549454,3.1022953918478917,1.0,2.187124568116768,3.4974463959057034,36.11288798312873
0.5300000000000002,1.1427639682809052,1.1427639682809052,6.219854656160664,2.4939636437126875,2.6413828094789564,7.4205932164111,2.724076580496793,2.873756811437301,7.4209335832129595,2.724139053575085,2.873772895319808,2.724076580496793,2.724076580496793,3.0998734411068045,1.0,2.1807427796550187,3.4938363160637618,36.112895264095414
0.5400000000000003,1.1400388136114459,1.1400388136114459,6.203731871578132,2.490729184712407,2.642781177768149,7.399343249322736,2.720173385893395,2.8737570406602355,7.399691241301233,2.7202373501775967,2.87377347618333,2.720173385893395,2.720173385893395,3.097398948670373,1.0,2.174259862293794,3.49013987665656,36.112902563442056
0.5500000000000003,1.1372328886472567,1.1372328886472567,6.187430130783384,2.4874545484859385,2.6441951032261484,7.377835724048827,2.7162171717388186,2.873757261395745,7.378191552499518,2.7162826716856103,2.8737740580826543,2.7162171717388186,2.7162171717388186,3.094871642028665,1.0,2.167678998033981,3.486355857630884,36.11290987580499
0.5600000000000003,1.1343445864574058,1.1343445864574058,6.170955678608783,2.48414083308672,2.645624019265767,7.356078223725108,2.7122091039824174,2.8737574730541544,7.356442103808702,2.7122761850166923,2.8737746405926674,2.7122091039824174,2.7122091039824174,3.0922912528776547,1.0,2.16098210436427,3.4824829876964576,36.11291719584206
0.5700000000000003,1.1313722773008839,1.1313722773008839,6.154314826379606,2.4807891539547664,2.6470673510238574,7.334078451628326,2.7081503746336404,2.8737576750449185,7.334450602443096,2.708219083169435,2.8737752232903784,2.7081503746336404,2.7081503746336404,3.089657517763514,1.0,2.15417617384872,3.4785199414929244,36.11292451823785
0.5800000000000003,1.1283143092606867,1.1283143092606867,6.137513949617514,2.4774006437428553,2.648524515497224,7.311844229768474,2.7040422019207604,2.873757866777033,7.312224874422373,2.704112585382194,2.8737758057553195,2.7040422019207604,2.7040422019207604,3.086970178754873,1.0,2.1472875898180646,3.4744653365278033,36.11293183770859
0.5900000000000003,1.1251690089085198,1.1251690089085198,6.120559485726203,2.4739764521365606,2.649994921682548,7.289383497423729,2.699885830442415,2.8737580476594493,7.289772863106251,2.699957937284626,2.873776387569946,2.699885830442415,2.699885830442415,3.084228984144976,1.0,2.1402854509153206,3.470317729874869,36.11293914900724
0.6000000000000003,1.1219346820071239,1.1219346820071239,6.1034579316600635,2.4705177456679124,2.6514779707203395,7.266704309616673,2.6956825313112582,2.87375821710148,7.267102627670367,2.6957564110413177,2.8737769683200267,2.6956825313112582,2.6956825313112582,3.081433689185875,1.0,2.133172583640256,3.4660756146051415,36.11294644692845
0.6100000000000003,1.1186096142466784,1.1186096142466784,6.086215841576244,2.4670257075223687,2.652973056043003,7.243814835530297,2.6914336022889915,2.873758374513206,7.244222341521934,2.691509305486781,2.873777547595035,2.6914336022889915,2.6914336022889915,3.078584056857061,1.0,2.1259868960129933,3.461794757303359,36.112953726313364
0.6200000000000003,1.1151920720259092,1.1151920720259092,6.068839824470851,2.463501537338845,2.654479563527014,7.220723356862279,2.6871403679120074,2.8737585193058717,7.221140290653597,2.687217946251029,2.873778124988531,2.6871403679120074,2.6871403679120074,3.075679858671269,1.0,2.118690316239959,3.457445435912807,36.11296098205452
0.6300000000000003,1.1116803032718847,1.1116803032718847,6.051336541799651,2.459946451002471,2.6559968716492977,7.197438266116072,2.6828041796068667,2.8737586508922854,7.197864871934111,2.6828836858749785,2.8737787000985304,2.6828041796068667,2.6828041796068667,3.0727208755204796,1.0,2.111287910234843,3.4529984758774557,36.11296820910045
0.6400000000000003,1.1080725383050007,1.1080725383050007,6.033712705083855,2.4563616804297888,2.6575243516478184,7.173968064827298,2.678426415794785,2.8737587686872046,7.174404591334213,2.6785079039148294,2.8737792725278863,2.678426415794785,2.678426415794785,3.0697068985655807,1.0,2.1038166350225898,3.4484520996020875,36.11297540246044
0.6500000000000004,1.1043669907489224,1.1043669907489224,6.015975073501372,2.4527484733460487,2.659061367686423,7.150321361724002,2.674008481984304,2.8737588721077185,7.150768062086366,2.6740920070346057,2.87377984188464,2.674008481984304,2.674008481984304,3.0666377301735452,1.0,2.096237284433084,3.443804444098918,36.112982557209
0.6600000000000004,1.1005618584786871,1.1005618584786871,5.998130451463986,2.449108093054283,2.660607277023987,7.126506870819231,2.669551810851258,2.873758960573633,7.126964002776767,2.6696374290859737,2.873780407782383,2.669551810851258,2.669551810851258,3.063513184906501,1.0,2.0885640572782105,3.4390535553228068,36.11298966849037
0.6700000000000004,1.096655324617843,1.096655324617843,5.980185686180731,2.44544181819579,2.6621614301878873,7.102533409434558,2.6650578623051615,2.8737590335078353,7.103001235368237,2.665145631174446,2.873780969840597,2.6650578623051615,2.6650578623051615,3.060333090567624,1.0,2.0808195023612432,3.4341973820159564,36.112996731522834
0.6800000000000004,1.0926455585801187,1.0926455585801187,5.962147665207912,2.4417509425016943,2.6637231711518243,7.078409896153037,2.660528123541083,2.8737590903366597,7.0788886831525035,2.6606181017110484,2.8737815276849985,2.660528123541083,2.660528123541083,3.057097289309419,1.0,2.072969797917678,3.4292476983889513,36.113003741602995
0.6900000000000004,1.0885307171592324,1.0885307171592324,5.94402331398594,2.4380367745351874,2.665291837518036,7.054145348700174,2.655964109076057,2.873759130490248,7.054635368630465,2.656056356448497,2.8737820809478634,2.655964109076057,2.655964109076057,3.0538056388106702,1.0,2.0650457128697783,3.424271056701154,36.1130106941099
0.7000000000000004,1.084308945672418,1.084308945672418,5.9258195933633075,2.4343006374240854,2.6668667607039227,7.029748881751513,2.6513673607690644,2.873759153402898,7.030250411318985,2.6514619385009066,2.873782629268347,2.6513673607690644,2.6513673607690644,3.050458013529176,1.0,2.057040829063685,3.4191843699716,36.11301758450905
0.7100000000000004,1.0799783791537219,1.0799783791537219,5.907543497107876,2.4305438685833005,2.6684472661330956,7.005229704665423,2.6467394478235713,2.873759158513404,7.005743025482859,2.646836418346034,2.8737831722927965,2.6467394478235713,2.6467394478235713,3.04705430603827,1.0,2.0489337743550182,3.4139851684018176,36.11302440835632
0.7200000000000004,1.0755371435963066,1.0755371435963066,5.8892020494056405,2.4267678194268276,2.670032673430875,6.9805971191397145,2.6420819667716056,2.8737591452653914,6.981122517790543,2.6421813938090137,2.8737837096750476,2.6420819667716056,2.6420819667716056,3.0435944284562244,1.0,2.0407798942432307,3.408670847600713,36.11303116130166
0.7300000000000004,1.0709833572512846,1.0709833572512846,5.870802302347118,2.422973855068832,2.6716222966242587,6.955860516790725,2.6373965414383034,2.8737591131076425,6.956398284892304,2.6374984900265446,2.8737842410767156,2.6373965414383034,2.6373965414383034,3.040078313978779,1.0,2.0325280840565636,3.403238658513188,36.113037839092826
0.7400000000000004,1.0663151319717388,1.0663151319717388,5.852351333401449,2.419163354013418,2.6732154443463583,6.931029376653609,2.632684822885871,2.8737590614944133,6.931579810919495,2.6327893593904346,2.8737847661674736,2.632684822885871,2.632684822885871,3.0365059185264074,1.0,2.024204364610511,3.3976856964279905,36.113044437578786
0.7500000000000004,1.061530574619595,1.061530574619595,5.833856242878237,2.415337707832641,2.674811420045313,6.906113262602454,2.627948489335827,2.8737589898857396,6.906676664903631,2.6280556814694074,2.8737852846253196,2.627948489335827,2.627948489335827,3.032877222519449,1.0,2.0158153353560975,3.3920760452101706,36.113050952713174
0.7600000000000005,1.056627788520706,1.056627788520706,5.815324151377189,2.411498320832339,2.6764095221977,6.881121820689075,2.623189246068433,2.8737588977477353,6.881698498114042,2.6232991629080433,2.873785796136831,2.623189246068433,2.623189246068433,3.029192232795962,1.0,2.0073319084080046,3.386380602880348,36.113057380557386
0.7700000000000005,1.051604874985268,1.051604874985268,5.796762197225504,2.407646609705316,2.678009044526423,6.856064776399198,2.6184088252981423,2.8737587845528796,6.856655041312868,2.6185215373017017,2.8737863003974096,2.6184088252981423,2.6184088252981423,3.02545098468913,1.0,1.9988133017293093,3.380557046482623,36.11306371728373
0.7800000000000005,1.0464599348786212,1.0464599348786212,5.778177533902959,2.4037840031714492,2.6796092762230828,6.830951931824906,2.6136089860239053,2.8737586497802976,6.83155610192627,2.6137245650462617,2.873786797111512,2.6136089860239053,2.6136089860239053,3.021653544283267,1.0,1.990201717143895,3.3746017876214705,36.11306995917831
0.7900000000000005,1.0411910702525706,1.0411910702525706,5.759577327454642,2.399911941604242,2.681209502174827,6.805793162752224,2.6087915138531526,2.8737584929160267,6.806411561130681,2.608910033161489,2.873787285992868,2.6087915138531526,2.6087915138531526,3.017800010870019,1.0,1.9815398688878412,3.368511014195121,36.11307610264377
0.8000000000000005,1.0357963860335706,1.0357963860335706,5.740968753891173,2.396031876643375,2.6828090031956564,6.780598415662774,2.6039582207982472,2.8737583134532736,6.781231370853064,2.604079755086826,2.8737877667646914,2.6039582207982472,2.6039582207982472,3.0138905196292143,1.0,1.972809447270167,3.362280671697678,36.11308214420186
0.8100000000000005,1.0302739917681578,1.0302739917681578,5.7223589965763075,2.3921452707927893,2.6844070562621787,6.755377704648469,2.5991109450441834,2.873758110892664,6.756025550684169,2.59923557044839,2.8737882391598664,2.5991109450441834,2.5991109450441834,3.0099252445621194,1.0,1.9640128930396479,3.3560110611504617,36.113088080495956
0.8200000000000005,1.0246220034265034,1.0246220034265034,5.703755243601708,2.388253597003825,2.6860029347537933,6.730141108238335,2.594251550686312,2.8737578847424765,6.7308041847038025,2.5943793447959385,2.8737887029211313,2.594251550686312,2.594251550686312,3.0059044017085506,1.0,1.9551711803792482,3.349608724777524,36.1130939082932
0.8300000000000005,1.0188385452686257,1.0188385452686257,5.685164685148751,2.3843583382429645,2.687595908697267,6.7048987661365365,2.5893819274368424,2.8737576345188702,6.705577418217257,2.589512969308564,2.873789157801245,2.5893819274368424,2.5893819274368424,3.0018282526835653,1.0,1.946250039630231,3.3430559607668604,36.11309962448667
0.8400000000000005,1.0129217517686866,1.0129217517686866,5.666594510837097,2.3804609870437066,2.689185245015694,6.6796608758707965,2.584503990298873,2.8737573597460986,6.6803554544020605,2.584638360467874,2.873789603563141,2.584503990298873,2.584503990298873,2.997697108574279,1.0,1.937304407652121,3.336347630623324,36.113105226097304
0.8500000000000005,1.006869769598219,1.006869769598219,5.648051907059818,2.3765630450421082,2.690770207781782,6.654437689350505,2.579619679206705,2.8737570599567137,6.655148550864309,2.579757459697386,2.8737900399800633,2.579619679206705,2.579619679206705,2.993511334242849,1.0,1.9282741445472957,3.329478235421662,36.11311071027559
0.8600000000000005,1.0006807596699587,1.0006807596699587,5.629544054304823,2.3726660224955434,2.6923500584754456,6.629239509333783,2.5747309586311697,2.8737567346917596,6.6299670161039135,2.574872232966893,2.8737904668356933,2.5747309586311697,2.5747309586311697,2.989271353088029,1.0,1.919226153082828,3.3225417295514474,36.113116074303235
0.8700000000000006,0.9943528992368434,0.9943528992368434,5.611078124462322,2.36877143778422,2.693924056245656,6.604076685802997,2.569839817148726,2.8737563835009508,6.604821205888189,2.569984670360543,2.873790883924265,2.569839817148726,2.569839817148726,2.9849776523247935,1.0,1.910101637373331,3.315464363673345,36.113121315594455
0.8800000000000006,0.987884384050096,0.987884384050096,5.592661278118061,2.364880816895021,2.6954914581764946,6.578959612248182,2.5649482669730754,2.8737560059428446,6.5797215195332965,2.565096785607377,2.873791291050653,2.5649482669730754,2.5649482669730754,2.9806307888498482,1.0,1.9009527703117262,3.3082106048004216,36.11312643169728
0.8900000000000006,0.9812734305760737,0.9812734305760737,5.574300661832041,2.360995692887228,2.6970515195573666,6.553898721858004,2.560058343448056,2.8737556015850028,6.554678396093126,2.5602106155730873,2.8737916880304653,2.560058343448056,2.560058343448056,2.976231395770197,1.0,1.8917404880887472,3.3007733162035557,36.11313142029456
0.9000000000000006,0.9745182782697934,0.9745182782697934,5.556003405402449,2.3571176053397185,2.698603494157309,6.528904483617983,2.5551721045005915,2.8737551700041304,6.529702310455348,2.555328219711775,2.8737920746901056,2.5551721045005915,2.5551721045005915,2.9717801896827414,1.0,1.882499723767589,3.293170435744073,36.1131362792048
0.9100000000000006,0.9676171919062865,0.9676171919062865,5.537776619114524,2.353248099779223,2.7001466345033425,6.503987398315737,2.5502916300524805,2.8737547107862245,6.50480376934444,2.550451679476488,2.87379245086683,2.5502916300524805,2.5502916300524805,2.967277978805239,1.0,1.873205621655513,3.285485807322263,36.11314100638295
0.9200000000000006,0.9605684639615577,0.9605684639615577,5.519627390974085,2.3493887270892584,2.7016801921627818,6.479157994453277,2.545419021389853,2.873754223526689,6.479993307231629,2.5455830976873703,2.873792816408788,2.545419021389853,2.545419021389853,2.962725672073146,1.0,1.8638813546433595,3.277597204987665,36.11314559992076
0.9300000000000006,0.9533704170547357,0.9533704170547357,5.501562783925484,2.345541042899374,2.7032034180294455,6.454426824066275,2.540556400489128,2.8737537078304554,6.4552814821517615,2.540724597856242,2.873793171175044,2.540556400489128,2.540556400489128,2.9581242893331634,1.0,1.8545107180268798,3.269495172577569,36.11315005804722
0.9400000000000006,0.9460214064329237,0.9460214064329237,5.4835898330537125,2.341706606954362,2.7047155626136825,6.429804458450596,2.5357059092983545,2.8737531633120836,6.43067887142732,2.5358783234665103,2.8737935150355964,2.5357059092983545,2.5357059092983545,2.953474972783049,1.0,1.8451106318361103,3.2611760574887323,36.113154379128666
0.9500000000000006,0.938519822509077,0.938519822509077,5.465715542770478,2.3378869824631123,2.7062158763361333,6.405301483796322,2.5308697089728507,2.8737525895958544,6.40619606729987,2.5310464372073205,2.873793847871368,2.5308697089728507,2.5308697089728507,2.9487789998288316,1.0,1.835667955144906,3.252773306039344,36.11315856166875
0.9600000000000006,0.9308640934512328,0.9308640934512328,5.44794688398403,2.3340837354268227,2.7077036098251384,6.3809284967297515,2.5260499790641022,2.8737519863158525,6.381843672469368,2.5262311201608947,2.873794169574194,2.5260499790641022,2.5260499790641022,2.944037797555429,1.0,1.826198887361066,3.2441293378121836,36.11316260430821
0.9700000000000006,0.9230526878141019,0.9230526878141019,5.430290791252592,2.330298433946303,2.7091780142176947,6.356696099763947,2.521248916660937,2.873751353116039,6.357632295541948,2.521434570942095,2.8737944800467887,2.521248916660937,2.521248916660937,2.9392529590353536,1.0,1.8166877354592927,3.2352313321086137,36.11316650582456
0.9800000000000006,0.9150841172132479,0.9150841172132479,5.412754159921295,2.326532647508153,2.7106383414638677,6.332614896658601,2.5164687354820447,2.873750689650309,6.33357254638691,2.5166590047892683,2.8737947792027043,2.5164687354820447,2.5164687354820447,2.934426261733288,1.0,1.8071555348624373,3.2261168874577377,36.11317026513144
0.9900000000000007,0.9069569390445038,0.9069569390445038,5.395343843242499,2.3227879462496137,2.7120838446345568,6.308695487690056,2.5117116649189763,2.873749995582548,6.309675031403807,2.5119066526055076,2.873795066966271,2.5117116649189763,2.5117116649189763,2.929559688302583,1.0,1.7975783940933758,3.216844496700324,36.11317388127799
1.0000000000000007,0.8986697592356325,0.8986697592356325,5.378066649479506,2.3190659002019554,2.713513778232492,6.284948464832642,2.5069799490288394,2.873749270586669,6.285950348700717,2.507179759949557,2.8737953432725294,2.5069799490288394,2.5069799490288394,2.9246554501140087,1.0,1.787987768871234,3.207279468255647,36.11317735344787
1.0100000000000007,0.8902212350332929,0.8902212350332929,5.360929338993681,2.315368078512287,2.714927398506366,6.261384406852469,2.5022758454759675,2.8737485143466466,6.262409083184914,2.5024805859756265,2.8737956080671396,2.5022758454759675,2.5022758454759675,2.9197160139083262,1.0,1.7783458858040568,3.197403964298045,36.113180680958266
1.0200000000000007,0.8816100778209484,0.8816100778209484,5.343938621315093,2.311696048643743,2.7163239637679606,6.238013874315173,2.497601624421952,2.873747726556539,6.239061801567362,2.497811402321513,2.8737958613062906,2.497601624421952,2.497601624421952,2.9147441320236913,1.0,1.7687002412986426,3.187374893677349,36.113183863258634
1.0300000000000007,0.8728350559663295,0.8728350559663295,5.327101152196807,2.3080513755540206,2.7177027347121605,6.214847404509137,2.4929595673634855,2.8737469069205046,6.215919047282636,2.493174491944484,2.873796102956589,2.4929595673634855,2.4929595673634855,2.909742876717769,1.0,1.7589934465784034,3.1770211011318144,36.11318689992933
1.0400000000000007,0.8638949976889164,0.8638949976889164,5.310423530653076,2.304435620852333,2.719062974739714,6.191895506286073,2.4883519659176176,2.8737460551528025,6.192991335326052,2.4885721479045073,2.8737963329949343,2.4883519659176176,2.4883519659176176,2.9047156791844704,1.0,1.7492947102112404,3.1663018267124685,36.1131897906801
1.0500000000000007,0.8547887939467184,0.8547887939467184,5.293912295981764,2.3008503419348605,2.7204039502826016,6.169168654820863,2.4837811205540765,2.8737451709777946,6.170289147010016,2.484006672094505,2.873796551408389,2.4837811205540765,2.4837811205540765,2.8996663739581305,1.0,1.739533217025663,3.1553717563068506,36.113192535348354
1.0600000000000007,0.8455154013423672,0.8455154013423672,5.2775739247713895,2.297297091098883,2.721724931131884,6.1466772862929195,2.4792493392744746,2.8737442541299325,6.147822924641774,2.479480373917441,2.8737967581940302,2.4792493392744746,2.4792493392744746,2.8945992495059887,1.0,1.729769654102264,3.1440705706258263,36.11319513389739
1.0700000000000007,0.8360738450280284,0.8360738450280284,5.261414827893282,2.293777414635797,2.723025190767866,6.124431792491446,2.474758936238325,2.87374330435374,6.125603066124958,2.4749955689101664,2.873796953358793,2.474758936238325,2.474758936238325,2.8895191059354275,1.0,1.7199553654485502,3.1323387476460667,36.113197586414316
1.0800000000000007,0.8264632216271338,0.8264632216271338,5.245441347479481,2.2902928519033283,2.7243040066924404,6.102442515347224,2.4703122303359195,2.8737423214037894,6.1036399194875814,2.470554577314086,2.8737971369193005,2.4703122303359195,2.4703122303359195,2.884431320888626,1.0,1.7101198428108473,3.1203743021299633,36.113199893108096
1.0900000000000007,0.8166827021443105,0.8166827021443105,5.229659753887052,2.2868449343772856,2.7255606607634415,6.080719741393762,2.4659115437082817,2.8737413050446685,6.0819437773393,2.4661597225928618,2.873797308901692,2.4659115437082817,2.4659115437082817,2.8793419248673313,1.0,1.7002501315949046,3.1079157295059847,36.113202054307166
1.1000000000000008,0.8067315348752406,0.8067315348752406,5.214076242649659,2.2834351846833005,2.7267944395308588,6.0592736961609015,2.4615592002145514,2.873740255050945,6.060524871261027,2.461813329897502,2.873797469341427,2.4615592002145514,2.4615592002145514,2.8742576874283348,1.0,1.6903358536133979,3.095054270234123,36.11320407045716
1.1100000000000008,0.7966090483054084,0.7966090483054084,5.1986969314173495,2.2800651156090583,2.728004634574727,6.03811453850417,2.4572575238473013,2.873739171207121,6.039393366130208,2.4575177244793593,2.8737976182830898,2.4572575238473013,2.4572575238473013,2.8691862159205224,1.0,1.6804058477925399,3.0817669360228668,36.11320594211834
1.1200000000000008,0.7863146539845529,0.7863146539845529,5.183527856885568,2.276736229097602,2.7291905428445404,6.01725235487341,2.4530088370964767,2.8737380533075885,6.018559354385282,2.4532752300517124,2.873797755780183,2.4530088370964767,2.4530088370964767,2.864136068701971,1.0,1.6704104519511374,3.067917521553215,36.113207669963046
1.1300000000000008,0.7758478493828908,0.7758478493828908,5.168574971714669,2.2734500152223864,2.7303514669999958,5.996697153524498,2.448815459262804,2.8737369011565734,5.998032850233136,2.449088167100796,2.873797881894909,2.448815459262804,2.448815459262804,2.859116885086556,1.0,1.660405809180869,3.0536688457650896,36.11320925477295
1.1400000000000008,0.7652082207123683,0.7652082207123683,5.153844141441187,2.2702079511448257,2.7314867157528946,5.976458858678167,2.4446797047216977,2.873735714568081,5.97782378380357,2.4449588511473093,2.8737979966979466,2.4446797047216977,2.4446797047216977,2.85413953463018,1.0,1.6503386678238912,3.038729390973303,36.11321069743626
1.1500000000000008,0.7543954457084205,0.7543954457084205,5.139341141382423,2.267011500055177,2.732595604210009,5.9565473046301936,2.440603881138886,2.8737344933658338,5.9579419952550365,2.4408895909596233,2.873798100268221,2.440603881138886,2.440603881138886,2.8492162887843553,1.0,1.640227582521028,3.0233572819671313,36.11321199894476
1.1600000000000008,0.7434092963727824,0.7434092963727824,5.125071653535894,2.263862110097674,2.733677454216724,5.936972229817503,2.436590287639164,2.8737332373832105,5.938397228836222,2.43688268672011,2.873798192692659,2.436590287639164,2.436590287639164,2.844361018427029,1.0,1.630076869370551,3.0072035854391634,36.11321316039083
1.1700000000000008,0.7322496416592543,0.7322496416592543,5.111041263475481,2.260761213280934,2.7347315947012607,5.917743270844958,2.43264121292988,2.8737319464631783,5.919199126908201,2.432940428146197,2.873798274065947,2.43264121292988,2.43264121292988,2.8395894213354347,1.0,1.6198496647406806,2.9905081636495354,36.11321418296434
1.1800000000000008,0.7209164500986902,0.7209164500986902,5.097255457246185,2.257710224374728,2.7357573620192754,5.898869956477866,2.4287589333809696,2.873730620458225,5.900357223932235,2.429065092567969,2.8737983444902757,2.4287589333809696,2.4287589333809696,2.8349192843011695,1.0,1.6095925759170893,2.972988930537714,36.11321506794948
1.1900000000000008,0.7094097923684503,0.7094097923684503,5.083719618259591,2.2547105397943192,2.7367541002986355,5.880361701605499,2.4249457110635486,2.873729259230292,5.881880940428499,2.425258942964338,2.873798404075084,2.4249457110635486,2.4249457110635486,2.830370785311092,1.0,1.5992581768709633,2.9547213501607623,36.113215816721514
1.2000000000000008,0.6977298437693098,0.6977298437693098,5.0704390241922805,2.2517635364736415,2.737721161784153,5.862227801181142,2.4212037917492903,2.8737278626507017,5.863779576911254,2.421524225960016,2.8737984529367933,2.4212037917492903,2.4212037917492903,2.825966842034285,1.0,1.5888452489742744,2.9356514146076726,36.11321643074344
1.2100000000000009,0.6858768866376217,0.6858768866376217,5.057418843889634,2.2488705707287013,2.7386579071820742,5.844477424144519,2.4175354028730416,2.8737264306000876,5.846062307806295,2.4178631697857296,2.873798491198542,2.4175354028730416,2.4175354028730416,2.8217335137675184,1.0,1.5783821091849453,2.9155975901895146,36.113216911562674
1.2200000000000009,0.6738513126546503,0.6738513126546503,5.044664134277615,2.2460329771126726,2.739563706004098,5.827119607332572,2.4139427514613043,2.873724962968327,5.828738175356696,2.4142779822043474,2.8737985189899113,2.4139427514613043,2.4139427514613043,2.8177004649953847,1.0,1.5678195467718348,2.894649488358098,36.113217260807616
1.2300000000000009,0.6616536250642144,0.6616536250642144,5.032179837285257,2.2432520672642333,2.740437936910705,5.810163249384931,2.4104280220294756,2.873723459654469,5.811816083523163,2.410770848405788,2.8737985364466496,2.4104280220294756,2.4104280220294756,2.8139014998034826,1.0,1.5571665110902981,2.87271137989724,36.11321748018412
1.2400000000000009,0.6492844407860288,0.6492844407860288,5.019970776780831,2.2405291287508025,2.7412799880535745,5.793617104650614,2.4069933744509173,2.873721920566667,5.795304791885517,2.4073439288737943,2.873798543710396,2.4069933744509173,2.4069933744509173,2.8103751775153745,1.0,1.546434175166133,2.8496376685176967,36.11321757147211
1.2500000000000009,0.6367444924069228,0.6367444924069228,5.008041655524747,2.2378654239084055,2.7420892574168536,5.77748977710268,2.4036409418011417,2.873720345622115,5.779212909552087,2.4039993572278857,2.873798540928397,2.4036409418011417,2.4036409418011417,2.807165521055993,1.0,1.5355816053982794,2.8253802533695986,36.11321753652198
1.260000000000001,0.6240346300608136,0.6240346300608136,4.996397052142479,2.2352621886799944,2.7428651531570547,5.761789714267919,2.4003728281806387,2.8737187347469804,5.7635488890840225,2.400739238043987,2.8737985282532286,2.4003728281806387,2.4003728281806387,2.8043228305912864,1.0,1.5246066467688728,2.7998894963798597,36.113217377251004
1.270000000000001,0.6111558231703819,0.6111558231703819,4.985041418120931,2.2327206314541304,2.7436070939413404,5.746525201178719,2.3971911065200286,2.873717087876348,5.748321020441789,2.39756564465747,2.8737985058425024,2.3971911065200286,2.3971911065200286,2.8019046158227745,1.0,1.5135289516186154,2.7731141541273496,36.11321709563988
1.280000000000001,0.5981091620547765,0.5981091620547765,4.97397907483184,2.2302419319060074,2.7443145092839547,5.731704354354635,2.394097816371469,2.87371540495416,5.7335374249612014,2.394480616952495,2.8737984738585918,2.394097816371469,2.394097816371469,2.799976660721724,1.0,1.5023022094165477,2.745001195828875,36.113216693729036
1.290000000000001,0.5848958593910026,0.5848958593910026,4.963214210585987,2.227827239842889,2.7449868398805712,5.717335115821266,2.3910949616904107,2.873713685933166,5.719206049366766,2.391486159141793,2.8737984324683437,2.3910949616904107,2.3910949616904107,2.7986142341656204,1.0,1.4909159690938685,2.715495488045603,36.11321617361515
1.300000000000001,0.5715172515209033,0.5715172515209033,4.9527508777220906,2.225477674056087,2.7456235379402965,5.703425247174301,2.388184508611992,2.8737119307748706,5.705334659830116,2.3885842375411666,2.8737983818427884,2.388184508611992,2.388184508611992,2.7979034584423252,1.0,1.4793717467050296,2.684539325438807,36.1132155374475
1.310000000000001,0.557974799600349,0.557974799600349,4.942592989734484,2.223194321181683,2.746224067515097,5.68998232369677,2.385368383226534,2.873710139449497,5.691930836081568,2.385776778343181,2.8737983221568646,2.385368383226534,2.385368383226534,2.7979428442724465,1.0,1.467657315452988,2.6520717853190203,36.11321478742443
1.320000000000001,0.5442700905781575,0.5442700905781575,4.932744318443763,2.2209782345722715,2.7467879048263932,5.677013728537695,2.382648469358771,2.8737083119359417,5.67900196558305,2.383065665394693,2.8737982535891313,2.382648469358771,2.382648469358771,2.7988449949601524,1.0,1.4557396736552826,2.6180278816527225,36.113213925789815
1.330000000000001,0.5304048380025063,0.5304048380025063,4.923208491214739,2.2188304331820263,2.747314538588574,5.6645266469604945,2.3800266063555875,2.873706448221749,5.6665552377707105,2.3804527379829894,2.87379817632149,2.3800266063555875,2.3800266063555875,2.800738472256798,1.0,1.443602305868356,2.5824822632151596,36.113212954829514
1.340000000000001,0.5163808826377766,0.5163808826377766,4.913988988226172,2.2167519004674774,2.7478034703291727,5.652528060669648,2.3775045868871945,2.8737045483030843,5.654597638375742,2.3779397886354783,2.873798090538907,2.3775045868871945,2.3775045868871945,2.8037698007945115,1.0,1.4312267172087336,2.545515286025735,36.113211876867894
1.350000000000001,0.5022001929076063,0.5022001929076063,4.905089139796916,2.2147435833064097,2.7482542147054536,5.641024742224234,2.375084154766781,2.8737026121847147,5.643135943832029,2.3755285609379713,2.873797996429135,2.375084154766781,2.375084154766781,2.8081055642357,1.0,1.4185952601088774,2.506925951762699,36.11321069426438
1.360000000000001,0.48786486512534316,0.48786486512534316,4.896512123773083,2.212806390937328,2.74866629981716,5.630023249547062,2.3727670027937977,2.873700639879998,5.632176715779339,2.3732207473767244,2.873797894182447,2.3727670027937977,2.3727670027937977,2.813934511637669,1.0,1.4056909708442693,2.4670755567892964,36.11320940941001
1.370000000000001,0.4733771235430586,0.4733771235430586,4.8882609629811276,2.210941193921975,2.749039267515153,5.619529920538206,2.3705547706261094,2.87369863141088,5.621726295670882,2.3710179872094774,2.8737977839913635,2.3705547706261094,2.3705547706261094,2.8214695432765304,1.0,1.3924746099592462,2.4257909719537043,36.11320802472413
1.380000000000001,0.45873932017737107,0.45873932017737107,4.880338522751668,2.209148823133396,2.749372673705696,5.609550867801807,2.3684490426863327,2.8736965868079016,5.611790799494101,2.3689218643708156,2.873797666050391,2.3684490426863327,2.3684490426863327,2.8309493769853793,1.0,1.378917070636559,2.3831552066408155,36.11320654265098
1.390000000000001,0.4439539344400734,0.4439539344400734,4.872747508519017,2.2074300687720587,2.749666088650116,5.6000919734950685,2.366451346107726,2.8736945061102084,5.602376112613609,2.366933905417219,2.8737975405557625,2.366451346107726,2.366451346107726,2.8426396042705937,1.0,1.364985665611017,2.3393928488440867,36.11320496565654
1.400000000000001,0.42902357254448414,0.42902357254448414,4.865490463501441,2.20578567941254,2.749919097259593,5.59115888430837,2.3645631487250176,2.8736923893655724,5.59348788474522,2.3650555775172006,2.873797407705183,2.3645631487250176,2.3645631487250176,2.8568327258196553,1.0,1.3506436357502192,2.2945482121275296,36.11320329622529
1.410000000000001,0.41395096669459935,0.41395096669459935,4.858569766467203,2.204216361083277,2.7501312993848135,5.582757006585407,2.36278585711558,2.8736902366304276,5.585131525069992,2.3632882864919362,2.873797267697582,2.36278585711558,2.36278585711558,2.8738466061387338,1.0,1.3358495739969498,2.2486424656149384,36.11320153685707
1.420000000000001,0.3987389740559679,0.3987389740559679,4.851987629591473,2.2027227763818744,2.750302310100221,5.574891501592311,2.3611208146963407,2.8736880479699014,5.577312197497184,2.3616333749117757,2.8737971207328687,2.3611208146963407,2.3611208146963407,2.8940206090893157,1.0,1.3205567471694224,2.201752140484856,36.113199690064036
1.430000000000001,0.3833905754974859,0.3833905754974859,4.84574609640919,2.201305543628415,2.750431759982625,5.5675672809445,2.3595692998817603,2.8736858234578726,5.570034816084985,2.3600921202539924,2.8737969670116947,2.3595692998817603,2.3595692998817603,2.9177084808323905,1.0,1.3047191281924497,2.153977063508326,36.11319775836771
1.440000000000001,0.36790887410752804,0.36790887410752804,4.83984703986898,2.199965236059193,2.750519295383894,5.5607890022001225,2.3581325243081914,2.873683563177024,5.563304040627765,2.35866573312705,2.8737968067352266,2.3581325243081914,2.3581325243081914,2.9452668597242293,1.0,1.2882814651461714,2.1054162004386257,36.113195744296064
1.450000000000001,0.35229709348637195,0.35229709348637195,4.834292160493198,2.1987023810632484,2.7505645786974764,5.554561064628669,2.3568116311297915,2.8736812672189136,5.557124272418506,2.357355355566595,2.8737966401049184,2.3568116311297915,2.3568116311297915,2.9770381624188027,1.0,1.2711678292041897,2.0559643992972214,36.11319365038066
1.460000000000001,0.33655857579717136,0.33655857579717136,4.8290829846490775,2.197517459463992,2.750567288618506,5.548887605163303,2.3556076933910925,2.8736789356840533,5.551499650194954,2.356162059408256,2.873796467322296,2.3556076933910925,2.3556076933910925,3.0133266017816402,1.0,1.25330048691123,2.00563002485464,36.11319147915401
1.470000000000001,0.3206967796031675,0.3206967796031675,4.824220862935997,2.1964109048481792,2.750527120397226,5.543772494545254,2.3545217124811684,2.8736765686819967,5.5464340462778035,2.355086844742207,2.8737962885887463,2.3545217124811684,2.3545217124811684,3.0543663531539913,1.0,1.2346183423871142,1.954537851880493,36.11318923314685
1.480000000000001,0.3047152774641875,0.3047152774641875,4.819706968693701,2.1953831029443815,2.7504437860854862,5.539219333668437,2.353554616674199,2.873674166331436,5.541931062909126,2.3541306384542735,2.873796104105314,2.353554616674199,2.353554616674199,3.100281554376054,1.0,1.2149977095255977,1.9024879644530404,36.11318691488564
1.490000000000001,0.2886177533085607,0.2886177533085607,4.815542296636261,2.1944343910530253,2.7503170147760576,5.535231450132215,2.3527072597610217,2.873671728760315,5.537994028798939,2.3532942928581924,2.87379591407251,2.3527072597610217,2.3527072597610217,3.1510390680173233,1.0,1.1943525441722709,1.8494340078206355,36.113184526890095
1.500000000000001,0.27240799957964407,0.27240799957964407,4.811727661616441,2.1935650575299657,2.750146552834523,5.531811895010024,2.351980419776071,2.8736692561059427,5.534625995887651,2.352578584423409,2.873795718690118,2.351980419776071,2.351980419776071,3.206396873658122,1.0,1.1725367451411919,1.795332324030728,36.11318207167084
1.5100000000000011,0.25608991416101695,0.25608991416101695,4.808263697524945,2.1927753413254503,2.7499321641234964,5.528963439841232,2.3513747978238673,2.873666748515128,5.531829736331751,2.351984212602574,2.8737955181570203,2.3513747978238673,2.3513747978238673,3.2658535685343186,1.0,1.1494064335005527,1.7400306619179307,36.11317955172716
1.5200000000000011,0.2396674970790307,0.2396674970790307,4.805150856328934,2.1920654315802106,2.7496736302189264,5.526688573853376,2.35089101700895,2.873664206144312,5.529607739719881,2.3515117987626346,2.873795312671022,2.35089101700895,2.35089101700895,3.3286074184561643,1.0,1.1247873028394744,1.6833650314165998,36.11317696954476
1.5300000000000011,0.22314484699078385,0.22314484699078385,4.8023894072539575,2.191435467280284,2.749370750618247,5.52498950142149,2.3505296214728904,2.873661629159723,5.527962210526048,2.351161885223144,2.873795102428688,2.3505296214728904,2.3505296214728904,3.3935359654448125,1.0,1.0984685445256586,1.6250581969286548,36.11317432759385
1.5400000000000011,0.20652615746043176,0.20652615746043176,4.799979436113221,2.19088553697203,2.7490233429401467,5.523868139770982,2.3502910755417044,2.8736590177375314,5.526895065806382,2.350934934405115,2.87379488762519,2.3502910755417044,2.3502910755417044,3.459208147557378,1.0,1.0701972745004018,1.5648851924752663,36.113171628327066
1.5500000000000012,0.1898157130333851,0.1898157130333851,4.797920844788017,2.1904156785386686,2.7486312431157125,5.5233261169300505,2.350175762986686,2.8736563720640196,5.526407933145478,2.350831328093421,2.8737946684541553,2.350175762986686,2.350175762986686,3.523938779710839,1.0,1.0396732899673704,1.5024933291084137,36.113168874177646
1.5600000000000012,0.17301788510848534,0.17301788510848534,4.796213350862731,2.1900258790394993,2.7481943055707316,5.523364769937225,2.3501839864013254,2.8736536923357616,5.526502148857905,2.350851366815415,2.8737944451075275,2.3501839864013254,2.3501839864013254,3.585889046342705,1.0,1.0065159850931125,1.4374697855882337,36.11316606755771
1.5700000000000012,0.15613712761922685,0.15613712761922685,4.7948564874176896,2.1897160746128,2.7477124033989315,5.523985143309236,2.3503159666966558,2.873650978759806,5.527178756450053,2.3509952693380844,2.873794217775439,2.3503159666966558,2.3503159666966558,3.6432066455673966,1.0,0.9702533052648975,1.3692859325646953,36.11316321085657
1.5800000000000012,0.1391779725354624,0.1391779725354624,4.7938496029828315,2.1894861504432566,2.747185428525923,5.525187987773866,2.350571842716973,2.873648231553878,5.528438505347048,2.3512631722857074,2.873793986646083,2.350571842716973,2.350571842716973,3.6941876943868386,1.0,0.9302764792052268,1.2972414177368443,36.11316030643923
1.5900000000000012,0.12214502518117813,0.12214502518117813,4.793191861654812,2.1893359407945625,2.74661329186366,5.526973759272039,2.3509516709775298,2.8736454509465794,5.530281849888915,2.351655129879574,2.873793751905601,2.3509516709775298,2.3509516709775298,3.7374335211628726,1.0,0.8857862313559385,1.2204198270752233,36.113157356644855
1.6000000000000012,0.10504295939657422,0.10504295939657422,4.7928822433799265,2.1892652291076855,2.745995923455183,5.5293426182328105,2.3514554255253937,2.8736426371776056,5.532708948599712,2.3521711138009733,2.873793513737976,2.3514554255253937,2.3514554255253937,3.7719732621972804,1.0,0.8356867824028049,1.1375509900423044,36.11315436378552
1.6100000000000012,0.08787651253368994,0.08787651253368994,4.792919544404873,2.1892737481651015,2.745333272609471,5.53229442912448,2.3520829979242825,2.873639790497967,5.535719663732854,2.352811013178248,2.87379327232493,2.3520829979242825,2.3520829979242825,3.797329749257281,1.0,0.7784282681281598,1.046819755281406,36.11315133014489
1.6200000000000012,0.07065048031574965,0.07065048031574965,4.7933023778970085,2.189361180321102,2.744625308026177,5.535828760284438,2.3528341973637747,2.8736369111702174,5.539313561095204,2.353574634698293,2.873793027845837,2.3528341973637747,2.3528341973637747,3.8135197217722667,1.0,0.7116571405186068,0.9454463444361961,36.113148257977116
1.6300000000000012,0.053369711550870474,0.053369711550870474,4.794029174735445,2.1895271577981044,2.743872017910088,5.539944884029836,2.3537087508929044,2.8736339994686926,5.54348991015209,2.354461702842518,2.8737927804776353,2.3537087508929044,2.3537087508929044,3.820994910550686,1.0,0.6314942283750052,0.8287996374678331,36.11314514950577
1.6400000000000012,0.03603910273261091,0.03603910273261091,4.795098184473931,2.189771263048707,2.743073410075108,5.544641777050586,2.3547063037777316,2.8736310556797555,5.548247684414695,2.355471860246837,2.873792530394755,2.3547063037777316,2.3547063037777316,3.8205424084977886,1.0,0.5306365682807815,0.6880238146776078,36.11314200692286
1.6500000000000012,0.018663592521766418,0.018663592521766418,4.796507476476115,2.1900930291830334,2.7422295120375897,5.549918121085616,2.355826419982087,2.8736280801020415,5.553585562110784,2.3566046681848833,2.873792277769045,2.355826419982087,2.355826419982087,3.8131675865758297,1.0,0.3912067596847289,0.5011551970592648,36.11313883238801
1.6600000000000013,0.00124815613103463,0.00124815613103463,4.798254941223355,2.1904919404607166,2.7413403710988646,5.555772303882682,2.357068582770277,2.873625073046723,5.559501927139094,2.357859607173229,2.873792022769715,2.357068582770277,2.357068582770277,3.7999806657768063,1.0,0.1038682333409249,0.13150838664648581,36.113135628027656
1.6700000000000013,-0.016202200376159874,0.016202200376159874,4.800338291794923,2.1909674328467146,2.740406054416778,5.562202420441517,2.3584321954301584,2.873622034837766,5.565994870307105,2.359236077696996,2.87379176556328,2.3584321954301584,2.3584321954301584,3.7821015032478194,1.0,3.614409078348834,3.7124777134857045,36.11313239593438
1.6800000000000013,-0.033682445860627,0.033682445860627,4.802755065519969,2.191518894629925,2.7394266490661106,5.569206274539374,2.359916582114583,2.873618965812202,5.573062190851341,2.360733401053863,2.8737915063135104,2.359916582114583,2.359916582114583,3.760589461493982,1.0,3.4985698891686274,3.6855835612915193,36.113129138166286
1.6900000000000013,-0.05118752994155929,0.05118752994155929,4.805502625800267,2.192145667103413,2.7384022620877198,5.576781380537532,2.361520988798857,2.8736158663203963,5.580701398238684,2.3623508203140964,2.873791245181396,2.361520988798857,2.361520988798857,3.736398837117244,1.0,3.396877940921718,3.661099409719906,36.113125856746514
1.7000000000000013,-0.06871238888123932,0.06871238888123932,4.8085781641023315,2.1928470453048776,2.7373330205262683,5.584924965466619,2.363244584351484,2.873612736726328,5.588909714246658,2.364087501393859,2.8737909823251044,2.363244584351484,2.363244584351484,3.7103562850775313,1.0,3.3056693288567254,3.6385006663006636,36.11312255366279
1.7100000000000013,-0.08625195149342589,0.08625195149342589,4.811978702117119,2.193622278815822,2.736219071456415,5.593633971388088,2.3650864617151077,2.873609577407867,5.597684075319922,2.365942534238717,2.8737907178999604,2.3650864617151077,2.3650864617151077,3.683154917996551,1.0,3.222560578437886,3.6177512627871886,36.11311923086706
1.7200000000000013,-0.10380114507958212,0.10380114507958212,4.81570109408509,2.194470572617708,2.7350605819973444,5.602905058028522,2.3670456391942514,2.8736063887570586,5.607021135199732,2.3679149341139203,2.873790452058417,2.3670456391942514,2.3670456391942514,3.6553596504380677,1.0,3.1460778743824442,3.598470740151744,36.113115890275246
1.7300000000000013,-0.12135490136199835,0.12135490136199835,4.819742029284015,2.195391088003232,2.7338577393155274,5.61273460568285,2.369121061846112,2.8736031711804086,5.61691726782243,2.370003642997713,2.8737901849500425,2.369121061846112,2.369121061846112,3.6274191605376274,1.0,3.075092275676886,3.5805569262337045,36.11311253376699
1.7400000000000013,-0.13890816241270712,0.13890816241270712,4.8240980346765525,2.19638294354071,2.7326107506156077,5.623118718382033,2.3713116029703967,2.8735999250991684,5.627368570482517,2.3722075310736446,2.8737899167215084,2.3713116029703967,2.3713116029703967,3.5996809762938757,1.0,3.008829648069352,3.563815276850813,36.11310916318553
1.7500000000000013,-0.15645588655190407,0.15645588655190407,4.828765477714168,2.197445216089395,2.7313198431193246,5.634053227320116,2.3736160656938847,2.873596650949625,5.638370867255219,2.374525398317571,2.8737896475165825,2.3736160656938847,2.3736160656938847,3.5724073041084883,1.0,2.9466951502873187,3.548188336819446,36.113105780337634
1.7600000000000013,-0.17399305421845085,0.17399305421845085,4.833740569293666,2.1985769418634558,2.729985264032388,5.645533694535053,2.3760331846451668,2.8735933491833885,5.649919712672966,2.3769559761747727,2.8737893774761285,2.3760331846451668,2.3760331846451668,3.545790134042951,1.0,2.888227694457282,3.5334306119648056,36.1131023869936
1.7700000000000014,-0.1915146737764849,0.1915146737764849,4.839019366862156,2.1997771175421743,2.7286072804992316,5.657555416837147,2.3785616277147725,2.873590020267678,5.66201039564961,2.3794979293224046,2.873789106738111,2.3785616277147725,2.3785616277147725,3.519964834601039,1.0,2.8330759118329474,3.519681477039051,36.113098984887266
1.7800000000000014,-0.2090157872670886,0.2090157872670886,4.844597777665999,2.201044701423849,2.727186179545584,5.670113429978402,2.381199997895683,2.8735866646856127,5.674637943645723,2.382149857512269,2.873788835437602,2.381199997895683,2.381199997895683,3.4950219096795183,1.0,2.780953847639573,3.506628665115092,36.11309557571613
1.7900000000000014,-0.22649147607432024,0.22649147607432024,4.8504715621388295,2.2023786146207533,2.725722268008804,5.683202513055616,2.3839468351990605,2.873583282936495,5.687797127067764,2.384910297488726,2.8737885637067926,2.3839468351990605,2.3839468351990605,3.471016877001229,1.0,2.7316422046510307,3.4943210959803674,36.113092161141516
1.8000000000000014,-0.24393686650288204,0.24393686650288204,4.856636337423562,2.2037777422924396,2.7242158724559316,5.696817193139565,2.3868006186398487,2.8735798755360924,5.701482463893487,2.387777724976403,2.8737882916750115,2.3868006186398487,2.3868006186398487,3.4479783891867433,1.0,2.684963245032975,3.482727315681478,36.113088742788754
1.8100000000000014,-0.2613471352529529,0.2613471352529529,4.863087581022835,2.2052409349145585,2.722667339089435,5.710951750122099,2.3897597682867833,2.8735764430169226,5.715688224515469,2.3907505567322302,2.8737880194687424,2.3897597682867833,2.3897597682867833,3.4259147969306114,1.0,2.6407635775208056,3.471683359963836,36.113085322247464
1.8200000000000014,-0.27871751476969864,0.27871751476969864,4.869820634572146,2.2067670095803376,2.72107703364062,5.725600221772699,2.3928226473712377,2.8735729859285226,5.730408436794193,2.393827152656222,2.873787747211649,2.3928226473712377,2.3928226473712377,3.4048193799028064,1.0,2.598885980079979,3.461212558433146,36.1130819010718
1.8300000000000014,-0.296043298477857,0.296043298477857,4.876830707729607,2.208354751331771,2.719445341250695,5.740756408995438,2.3959875644492477,2.8735695048377274,5.745636891311775,2.3970058179553453,2.8737874750246,2.3959875644492477,2.3959875644492477,3.384674467023369,1.0,2.5592539969743524,3.451332834319564,36.11307848078083
1.8400000000000014,-0.31331984586198613,0.31331984586198613,4.884112882176042,2.2100029145175446,2.717772666339499,5.7564138812771075,2.399252775611004,2.8735660003289345,5.7613671468169905,2.400284805354771,2.8737872030257012,2.399252775611004,2.399252775611004,3.3654546481852505,1.0,2.5217174057964544,3.4418984687381347,36.113075062858876
1.8500000000000014,-0.33054258740705544,0.33054258740705544,4.891662115718824,2.2117102241746824,2.716059432461888,5.7725659823168165,2.4026164867320827,2.8735624730043616,5.777592535851996,2.403662317350754,2.8737869313303235,2.4026164867320827,2.4026164867320827,3.3471292533685606,1.0,2.486221189516015,3.4328836576711943,36.11307164875591
1.8600000000000014,-0.34770702937084613,0.34770702937084613,4.899473246492769,2.2134753774308784,2.7143060821518175,5.789205835827083,2.4060768557606558,2.8735589234843086,5.794306170550717,2.4071365084994074,2.873786660051138,2.4060768557606558,2.4060768557606558,3.329664247682063,1.0,2.4526411683671263,3.424353654713233,36.11306823988803
1.8700000000000014,-0.3648087583901521,0.3648087583901521,4.907540997251067,2.215297044924465,2.712513076754145,5.8063263514962316,2.4096319950349745,2.8735553524073976,5.811500948598723,2.4107054877356386,2.873786389298156,2.4096319950349745,2.4096319950349745,3.3130236650240064,1.0,2.420903887541241,3.416237725681269,36.113064837637836
1.8800000000000014,-0.38184344590577424,0.38184344590577424,4.915859979739187,2.2171738722389787,2.7106808962442024,5.823920231101527,2.413279973625424,2.873551760430813,5.8291695593440815,2.4143673207165643,2.8737861191787633,2.413279973625424,2.413279973625424,3.2971706800988034,1.0,2.390926623728936,3.4084710219024235,36.113061443354994
1.8900000000000015,-0.39880685239682034,0.39880685239682034,4.9244246991444625,2.219104481349281,2.7088100390351895,5.841979974762433,2.417018819695542,2.8735481482305345,5.847304490048548,2.418120032183793,2.8737858497977604,2.417018819695542,2.417018819695542,3.2820683988934833,1.0,2.3626212895033736,3.401035763303289,36.11305805835669
1.9000000000000015,-0.41569483142497415,0.41569483142497415,4.933229558614032,2.2210874720762424,2.7069010217734544,5.860497887323092,2.4208465228764693,2.8735445165015565,5.8658980322681495,2.4219616083390236,2.873785581257408,2.4208465228764693,2.4208465228764693,3.267680431353151,1.0,2.3359004863122834,3.3939402716639027,36.11305468392819
1.9100000000000015,-0.4325033334724917,0.4325033334724917,4.942268863833598,2.2231214235469907,2.7049543791217507,5.879466084853034,2.424761036649392,2.873540865958095,5.884942288352286,2.425889999227559,2.8737853136574643,2.424761036649392,2.424761036649392,3.253971296600852,1.0,2.310687303798365,3.3872199670602314,36.11305132132331
1.9200000000000015,-0.4492284095720939,0.4492284095720939,4.951536827659519,2.2252048956578174,2.7029706635305444,5.898876501255004,2.4287602807306867,2.8735371973337904,5.904429178050154,2.429903121124411,2.8737850470952315,2.4287602807306867,2.4287602807306867,3.2409067002305343,1.0,2.286905397096312,3.3807815267809587,36.11304797176505
1.9300000000000015,-0.46586621472182255,0.46586621472182255,4.961027574796637,2.22733643053685,2.700950444997482,5.918720894968739,2.432842143454593,2.873533511381894,5.924350445213371,2.4339988589178447,2.8737847816656013,2.432842143454593,2.432842143454593,3.2284537145534378,1.0,2.2644774555947254,3.374612136499271,36.11304463644608
1.9400000000000015,-0.4824130110844991,0.4824130110844991,4.9707351465142215,2.2295145540036785,2.6988943108151355,5.938990855759514,2.4370044841484217,2.8735298088754386,5.944697664583604,2.438175068485363,2.873784517461099,2.4370044841484217,2.4370044841484217,3.2165808858163176,1.0,2.2433286627471545,3.3686998735208675,36.113041316529355
1.9500000000000015,-0.49886517096080263,0.49886517096080263,4.980653505392469,2.2317377770232034,2.6968028653071308,5.959677811580204,2.441245135495451,2.8735260906074065,5.965462248654006,2.4424295790572974,2.8737842545719277,2.441245135495451,2.441245135495451,3.205258286997528,1.0,2.2233867430935783,3.3630336165909807,36.113038013148696
1.9600000000000015,-0.5152191795361557,0.5152191795361557,4.99077654009193,2.2340045971510287,2.69467672955282,5.980773035495735,2.445561905880883,2.8735223573908684,5.98663545459327,2.446760195563364,2.8737839930860187,2.445561905880883,2.445561905880883,3.19445753053804,1.0,2.2045837944147846,3.3576583383278704,36.11303472740932
1.9700000000000015,-0.5314716374028234,0.5314716374028234,5.001098070138405,2.2363134999678387,2.6925165411006162,6.002267652658785,2.449952581716386,2.873518610059123,6.008208391221249,2.45116470095774,2.8737837330890716,2.449952581716386,2.449952581716386,3.1841517520414677,1.0,2.1868534574625444,3.352526187227778,36.113031460388484
1.9800000000000015,-0.5476192628466194,0.5476192628466194,5.011611850715832,2.2386629605002697,2.69032295367017,6.024152647325763,2.4544149297390128,2.873514849465809,6.030172026025113,2.455640858518426,2.8737834746646067,2.4544149297390128,2.4544149297390128,3.1743155733865023,1.0,2.1701311497173834,3.3476079189354335,36.11302821313601
1.9900000000000015,-0.5636588939085033,0.5636588939085033,5.022311577459816,2.2410514446258962,2.6880966368435413,6.046418869902166,2.458946699280439,2.873511076485005,6.05251719220516,2.460186414116857,2.873783217894007,2.458946699280439,2.458946699280439,3.1649250516810863,1.0,2.154354525186639,3.342895004970632,36.113024986674894
2.0000000000000013,-0.5795874902060403,0.5795874902060403,5.033190891244566,2.243477410460058,2.6858382757455543,6.069057044006607,2.4635456245027423,2.873507292011315,6.075234595739648,2.4647990984539994,2.8737829628565654,2.4635456245027423,2.4635456245027423,3.1559576189256258,1.0,2.1394756399056156,3.3383793932085686,36.11302178200189
2.010000000000001,-0.595402134532499,0.595402134532499,5.0442433829561795,2.2459393097223663,2.6835485707135236,6.0920577735429475,2.468209426597133,2.873503496959933,6.0983148224580095,2.4694766292593275,2.8737827096295305,2.468209426597133,2.468209426597133,3.1473920160441313,1.0,2.125432738012254,3.3340534632820247,36.113018600088054
2.020000000000001,-0.6111000342208964,0.6111000342208964,5.055462598245289,2.2484355890808367,2.6812282369565383,6.115411549770306,2.4729358159423196,2.8734996922666864,6.121748345112258,2.4742167134493815,2.8737824582881517,2.4729358159423196,2.4729358159423196,3.139208224009604,1.0,2.1121690395208104,3.3299099866575386,36.11301544187934
2.0300000000000007,-0.6266785222778187,0.6266785222778187,5.0668420422523335,2.2509646914717107,2.6788780042045444,6.1391087583607264,2.477722494219384,2.8734958788880682,6.145525530436413,2.4790170492427865,2.8737822089057232,2.477722494219384,2.477722494219384,3.131387394072213,1.0,2.099658574468584,3.32596833139,36.11301230829714
2.0400000000000005,-0.6421350582992502,0.6421350582992502,5.078375184298876,2.253525057393167,2.676498616347414,6.163139686434821,2.4825671564803278,2.873492057801239,6.169636646184214,2.4838753282288977,2.8737819615536244,2.4825671564803278,2.4825671564803278,3.123911778548015,1.0,2.0878307383100267,3.322220638798846,36.113009200238814
2.0500000000000003,-0.6574672291511695,0.6574672291511695,5.090055462538613,2.2561151261712276,2.674090831064258,6.187494529565767,2.487467493167653,2.873488230004017,6.194071868135541,2.4887892373874374,2.8737817163013712,2.487467493167653,2.487467493167653,3.1167646632048736,1.0,2.076662960640033,3.3186337710121387,36.11300611857829
2.06,-0.6726727494422422,0.6726727494422422,5.101876288561929,2.2587333371962988,2.671655419443199,6.212163398742474,2.492421192082605,2.8734843965148413,6.218821287062375,2.4937564610567677,2.8737814732166473,2.492421192082605,2.492421192082605,3.109930301961602,1.0,2.0661006541837748,3.3152018068786697,36.11300306416652
2.07,-0.6877494617749903,0.6877494617749903,5.113831051948064,2.261378131128906,2.6691931655918886,6.237136327282984,2.497425940299929,2.8734805583727137,6.243874915645357,2.498774682848647,2.873781232365355,2.497425940299929,2.497425940299929,3.1033938543735244,1.0,2.0561207881149657,3.3119190692359175,36.113000037832045
2.0799999999999996,-0.702695336783132,0.702695336783132,5.125913124759291,2.2640479510733185,2.666704866238989,6.262403277689563,2.502479426027228,2.873476716637119,6.269222695332422,2.503841587507569,2.873780993811648,2.502479426027228,2.502479426027228,3.0971413261949974,1.0,2.0466717201558255,3.308780103929827,36.112997040381465
2.0899999999999994,-0.7175084729730368,0.7175084729730368,5.138115865971642,2.2667412437178713,2.664191330326926,6.287954148437274,2.507579340407253,2.8734728723879197,6.294854503131292,2.5089548627130167,2.8737807576179732,2.507579340407253,2.507579340407253,3.091159513173107,1.0,2.03774473092635,3.305779660874102,36.11299407259998
2.099999999999999,-0.7321870963518837,0.7321870963518837,5.150432625837098,2.269456460440935,2.661653378596163,6.313778780688165,2.512723379261666,2.8734690267252296,6.320760158327996,2.514112200823184,2.8737805238451113,2.512723379261666,2.512723379261666,3.0854359481261824,1.0,2.0292786856608775,3.302912676968308,36.112991135251804
2.109999999999999,-0.7467295598750517,0.7467295598750517,5.162856750172348,2.2721920583815858,2.6590918431613066,6.339866964923634,2.517909244775044,2.873465180769257,6.346929429123983,2.519311300558941,2.8737802925522082,2.517909244775044,2.517909244775044,3.079958851287623,1.0,2.0212802182103125,3.3001742606465263,36.11298822908066
2.1199999999999988,-0.76113434269183,0.76113434269183,5.17538158456957,2.274946501474171,2.656507567079318,6.366208447487892,2.5231346471181224,2.873461335660124,6.373352039184746,2.5245498686270285,2.873780063796815,2.5231346471181224,2.5231346471181224,3.074717083843306,1.0,2.013695889673468,3.2975596779275436,36.11298535481025
2.1299999999999986,-0.7754000492197799,0.7754000492197799,5.188000478524924,2.277718261446074,2.653901403910153,6.392792937035826,2.5283973060094462,2.873457492557666,6.400017674093296,2.529825621281691,2.8737798376349177,2.5283973060094462,2.5283973060094462,3.0697001045547045,1.0,2.0065012950403958,3.2950643397832526,36.11298251314463
2.1399999999999983,-0.7895254080405528,0.7895254080405528,5.20070678948078,2.2805058187781015,2.65127421727013,6.419610110879043,2.5336949522148564,2.8734536526411905,6.426915987702234,2.5351362858241435,2.873779614120977,2.5336949522148564,2.5336949522148564,3.0648979293357512,1.0,1.9997009564545063,3.29270854948778,36.11297970476868
2.149999999999998,-0.8035092706266028,0.8035092706266028,5.213493886777968,2.2833076636270393,2.648626880378351,6.446649621224159,2.5390253289843643,2.8734498171092206,6.4540366083785585,2.5404796020394573,2.873779393307954,2.5390253289843643,2.5390253289843643,3.060301093636573,1.0,1.993241514454825,3.290468788802204,36.11297693034847
2.159999999999998,-0.8173506099133562,0.8173506099133562,5.226355155514645,2.2861222967100088,2.6459602755965,6.473901101297933,2.5443861934262126,2.8734459871792017,6.481369145135771,2.545853323570659,2.8737791752473445,2.5443861934262126,2.5443861934262126,3.0559006174791423,1.0,1.9871042158838035,3.288334039667879,36.112974190531645
2.1699999999999977,-0.8310485187111131,0.8310485187111131,5.2392840003086745,2.288948230150406,2.643275293962354,6.501354171354177,2.5497753178180576,2.8734421640871837,6.508903193648244,2.551255219229986,2.873778959989204,2.5497753178180576,2.5497753178180576,3.0516879729868425,1.0,1.9813042411443866,3.2863002314973184,36.112971485947845
2.1799999999999975,-0.8446022079803426,0.8446022079803426,5.252273848960703,2.291783988285262,2.6405728347173474,6.528998444557826,2.5551904908553933,2.873438349087469,6.536628342143216,2.556683074247416,2.8737787475821817,2.5551904908553933,2.5551904908553933,3.0476550542505993,1.0,1.9757898908401892,3.2843633909454826,36.112968817208994
2.1899999999999973,-0.8580110049663194,0.8580110049663194,5.2653181560154305,2.2946281084340074,2.6378538048285307,6.556823532741916,2.56062951883749,2.8734345434522335,6.56453417716624,2.5621346914567624,2.8737785380735428,2.56062951883749,2.56062951883749,3.043794149377505,1.0,1.970544931686789,3.282519634960244,36.11296618490967
2.199999999999997,-0.8712743512026837,0.8712743512026837,5.278410406218803,2.2974791416286684,2.635119118505282,6.584819052033678,2.5660902267912715,2.8734307484711135,6.592610289216238,2.567607892419759,2.8737783315091967,2.5660902267912715,2.5660902267912715,3.040097914572985,1.0,1.9655646021000202,3.2807651644848703,36.1129635896274
2.209999999999997,-0.8843918003999025,0.8843918003999025,5.29154411786926,2.300335653305678,2.632369696711127,6.612974628346325,2.5715704595336923,2.8734269654507623,6.620846278246786,2.573100518488694,2.873778127933718,2.5715704595336923,2.5715704595336923,3.0365593501138846,1.0,1.9608452691521265,3.2790962587405827,36.112961031923014
2.2199999999999966,-0.8973630162195999,0.8973630162195999,5.304712846061303,2.303196223959501,2.6296064666710306,6.641279902733511,2.577068082673314,2.873423195714372,6.649231759030596,2.578610431808302,2.873777927390373,2.577068082673314,2.577068082673314,3.033171778076969,1.0,1.956352125930449,3.2775092700428674,36.112958512340896
2.2299999999999964,-0.9101877699400102,0.9101877699400102,5.317910185820067,2.3060594497584113,2.62683036137452,6.669724536603805,2.582580983551882,2.873419440601164,6.677756366384592,2.5841355162577275,2.873777729921139,2.582580983551882,2.582580983551882,3.0299288216948534,1.0,1.9520724498824156,3.2760006191046918,36.11295603140925
2.239999999999996,-0.9228659380299581,0.9228659380299581,5.331129775125747,2.3089239431228017,2.6240423190750253,6.698298216792971,2.5881070721268413,2.873415701465845,6.7064097602533375,2.5896736783334955,2.8737775355667257,2.5881070721268413,2.5881070721268413,3.0268243862190647,1.0,1.9479942448228853,3.2745667907693767,36.11295358964036
2.249999999999996,-0.9353974996346157,0.9353974996346157,5.344365297827042,2.311788333266487,2.6212432827858057,6.726990660492132,2.5936442817958154,2.873411979678025,6.73518163064892,2.5952228479745085,2.8737773443665957,2.5936442817958154,2.5936442817958154,3.0238526411776325,1.0,1.9441282778148066,3.273204330138209,36.112951187530925
2.259999999999996,-0.947782533976279,0.947782533976279,5.3576104864430585,2.314651266701543,2.6184341997728304,6.7557916200303,2.5991905701641618,2.8734082766216074,6.7640617024458285,2.600780979330214,2.8737771563589796,2.5991905701641618,2.5991905701641618,3.0210080039221032,1.0,1.9404462661405384,3.2719098390613004,36.11294882556212
2.2699999999999956,-0.9600212176863256,0.9600212176863256,5.370859124853272,2.317511407707257,2.6156160210450192,6.7846908875101555,2.6047439197568263,2.8734045936941324,6.793039740029607,2.606346051473136,2.873776971580896,2.6047439197568263,2.6047439197568263,3.018285124366173,1.0,1.9369330754337697,3.2706799729476015,36.11294650419997
2.2799999999999954,-0.972113822072138,0.972113822072138,5.384105050875507,2.3203674387638498,2.6127897008422045,6.813678299296115,2.610302338675755,2.8734009323060943,6.82210555179851,2.611916069057065,2.873776790068166,2.610302338675755,2.610302338675755,3.015678870825084,1.0,1.9335790517345057,3.269511437868411,36.11294422389543
2.289999999999995,-0.9840607103245754,0.9840607103245754,5.39734215873201,2.323218060951664,2.6099561961212174,6.842743740354352,2.615863861204239,2.8733972938802164,6.851248994517644,2.617489062922259,2.8737766118554275,2.615863861204239,2.615863861204239,3.0131843168715586,1.0,1.9303750301267064,3.2684009879289464,36.11294198508465
2.299999999999995,-0.9958623346773537,0.9958623346773537,5.410564401403988,2.326061994316572,2.60711646604048,6.871877148444416,2.621426548359579,2.8733936798506865,6.880459977525411,2.623063090649062,2.8737764369761503,2.621426548359579,2.621426548359579,3.0107967291303095,1.0,1.9273141823669353,3.267345422877905,36.11293978818912
2.3099999999999947,-1.0075192335227587,1.0075192335227587,5.423765792875149,2.3288979782023835,2.6042714714434996,6.901068518162667,2.626988488395537,2.873390091662359,6.909728466792384,2.628636237061413,2.873776265462647,2.626988488395537,2.626988488395537,3.008511555938998,1.0,1.9244062468893814,3.266341585935455,36.11293763361581
2.3199999999999945,-1.019032028489107,1.019032028489107,5.436940410265037,2.3317247715511016,2.6014221743416432,6.930307904837864,2.632547797256085,2.8733865307699102,6.939044488833001,2.634206614681734,2.8737760973460857,2.632547797256085,2.632547797256085,3.0063244168090755,1.0,1.9216229503615958,3.265386361820618,36.11293552175734
2.3299999999999943,-1.030401421496127,1.030401421496127,5.45008239585303,2.334541153171867,2.598569537396605,6.95958542827957,2.6381026189819776,2.8733829986369654,6.968398134470787,2.639772364138769,2.8737759326564984,2.6381026189819776,2.6381026189819776,3.0042310926249836,1.0,1.9189567524444002,3.264476674947986,36.11293345299213
2.339999999999994,-1.041628191778452,1.041628191778452,5.463185958994199,2.3373459219795,2.5957145234029375,6.988891276380343,2.6436511260717332,2.8733794967351756,6.997779562457998,2.645331654529919,2.8737757714227947,2.6436511260717332,2.6436511260717332,3.0022275165250396,1.0,1.9164004542753152,3.2636094877958426,36.11293142768445
2.349999999999994,-1.0527131929022542,1.0527131929022542,5.476245377928248,2.340137897203549,2.592858094771059,7.018215708572839,2.6491915197986042,2.873376026543256,7.027179002950896,2.6508826837396815,2.873775613672767,2.6491915197986042,2.6491915197986042,3.0003097654116946,1.0,1.9139471754559212,3.2627817994079225,36.11292944618462
2.3599999999999937,-1.0636573497643067,1.0636573497643067,5.489255001483031,2.3429159185687887,2.5900012130111048,7.047549059143216,2.6547220304851535,2.8733725895459905,7.056586760842066,2.6564236787158153,2.873775459433098,2.6547220304851535,2.6547220304851535,2.9984740520429765,1.0,1.9115903330560509,3.2619906440342112,36.11292750882904
2.3699999999999934,-1.0744616555901685,1.0744616555901685,5.502209250674174,2.345678846448118,2.587144838218035,7.0768817404025155,2.66024091773706,2.8733691872331804,7.085993218951377,2.661952895704839,2.873775308729369,2.66024091773706,2.66024091773706,2.996716717660722,1.0,1.9093236224134238,3.261237256336658,36.112925615940284
2.3799999999999932,-1.085127168935556,1.085127168935556,5.515102620202573,2.3484255619888343,2.5842899285583716,7.1062042457177474,2.6657464706377736,2.873365821098567,7.115388841077442,2.667468620448503,2.8737751615860643,2.6657464706377736,2.6657464706377736,2.995034225114691,1.0,1.907148139203368,3.2605207086475727,36.11292376782722
2.389999999999993,-1.0956550106894754,1.0956550106894754,5.527929679851586,2.35115496721326,2.5814374397589614,7.1355071524047675,2.671237007905657,2.873362492638697,7.144764174911541,2.672969168342864,2.8737750180265786,2.671237007905657,2.671237007905657,2.9934231524448847,1.0,1.9050603698030641,3.2598316893583545,36.112921964785
2.399999999999993,-1.106046361092767,1.106046361092767,5.540685075785868,2.3538659850947052,2.578588324598136,7.164781124485037,2.676710878015225,2.873359203351757,7.174109854816279,2.678452884561586,2.873774878073217,2.676710878015225,2.676710878015225,2.99188018688739,1.0,1.9030449859576828,3.259167398846371,36.11292020709521
2.4099999999999926,-1.1163024567728659,1.1163024567728659,5.553363531753922,2.356557559609763,2.575743532399668,7.194016915308664,2.682166459284111,2.8733559547363554,7.203416604471198,2.683918144145085,2.8737747417472024,2.682166459284111,2.682166459284111,2.9904021192717862,1.0,1.9010966510295664,3.2585250676311404,36.11291849502579
2.4199999999999924,-1.1264245877993138,1.1264245877993138,5.565959850196507,2.3592286557679203,2.5729040085298815,7.223205370046159,2.6876021599273505,2.873352748290263,7.232675239387949,2.6893633520571276,2.8737746090686755,2.6876021599273505,2.6876021599273505,2.9889858387807022,1.0,1.899210233240554,3.257901955570884,36.11291682883116
2.429999999999992,-1.1364140947606844,1.1364140947606844,5.578468913263146,2.3618782596194805,2.570070693898308,7.25233742805153,2.693016418080575,2.8733495855091147,7.2618766692975605,2.6947869432104574,2.873774480056698,2.693016418080575,2.693016418080575,2.9876283280444302,1.0,1.8973807939513032,3.2572953511238265,36.11291520875224
2.439999999999992,-1.1462723658769698,1.1462723658769698,5.590885683738988,2.3645053782427707,2.5672445244622466,7.281404125099436,2.6984077017936774,2.8733464678850544,7.291011900412577,2.700187382463035,2.873774354729251,2.6984077017936774,2.6984077017936774,2.986326658545642,1.0,1.8956035768346209,3.256702570656372,36.112913635016405
2.4499999999999917,-1.1560008341411334,1.1560008341411334,5.603205205884497,2.367109039711626,2.564426430735597,7.310396595499235,2.7037745089964944,2.873343396905349,7.320072037566889,2.705563164586421,2.8737742331032385,2.7037745089964944,2.7037745089964944,2.9850779863112393,1.0,1.893873997874706,3.2561209578031134,36.11291210783752
2.4599999999999915,-1.165600974496171,1.165600974496171,5.615422606190253,2.3696882930440983,2.561617337302333,7.339306074088832,2.709115367438019,2.873340374050944,7.349048286236204,2.710912814207828,2.873774115194487,2.709115367438019,2.709115367438019,2.983879547870157,1.0,1.8921876361129522,3.2555478828698527,36.11291062741597
2.4699999999999913,-1.1750743010555287,1.1750743010555287,5.6275330940494275,2.3722422081333576,2.5588181623349633,7.36812389811134,2.714428834600631,2.8733374007949855,7.377931954442146,2.716234885727327,2.873774001017739,2.714428834600631,2.714428834600631,2.9827286564576414,1.0,1.8905402250663983,3.2549807422695443,36.11290919393856
2.479999999999991,-1.1844223643612015,1.1844223643612015,5.639531962350407,2.3747698756617255,2.556029817118326,7.396841508977667,2.7197134975908157,2.873334478601283,7.406714454543095,2.7215279632116762,2.873773890586657,2.7197134975908157,2.7197134975908157,2.9816226984480347,1.0,1.8889276447710126,3.2544169579959346,36.112907807578615
2.489999999999991,-1.193646748690549,1.193646748690549,5.651414587992076,2.3772704069987656,2.5532532055790838,7.425450453918044,2.7249679730077645,2.873331608922737,7.435387304914875,2.726790660266181,2.873773783913819,2.7249679730077645,2.7249679730077645,2.9805591299995187,1.0,1.887357249949143,3.2538539771216968,36.112906468495815
2.4999999999999907,-1.2027490694079082,1.2027490694079082,5.663176432324328,2.379742934084337,2.550489223821226,7.453942387525814,2.730190906791284,2.873328793199716,7.463942131524498,2.7320216198859955,2.873773681010716,2.730190906791284,2.730190906791284,2.9795354738955853,1.0,1.8858152829470531,3.253289271324185,36.112905176836264
2.5099999999999905,-1.2117309703682557,1.2117309703682557,5.674813041516366,2.3821866092975097,2.547738759667936,7.4823090731966,2.7353809740503423,2.8733260328583823,7.492370669400179,2.737219514288209,2.873773581887744,2.7353809740503423,2.7353809740503423,2.9785493165691626,1.0,1.884296514152983,3.2527203364299893,36.1129039327324
2.5199999999999902,-1.2205941213714213,1.2205941213714213,5.686320046855355,2.3846006053122095,2.545002692210129,7.510542384466091,2.7405368788735704,2.8733233293089824,7.520664764000848,2.742383044726037,2.8737734865542075,2.7405368788735704,2.7405368788735704,2.977598305296483,1.0,1.8827973623022336,3.252144691978972,36.11290273630292
2.52999999999999,-1.2293402156672038,1.2293402156672038,5.697693164978004,2.3869841149404416,2.542281891361993,7.538634306249797,2.7456573541230154,2.8733206839440775,7.548816372488477,2.7475109412863996,2.873773395018307,2.7456573541230154,2.7456573541230154,2.9766801455487335,1.0,1.8813143605159757,3.2515598808064756,36.11290158765278
2.53999999999999,-1.2379709675216206,1.2379709675216206,5.7089281980376265,2.3893363509639296,2.5395772174238282,7.56657693598792,2.7507411612123596,2.873318098136733,7.576817564906436,2.7526019626721254,2.873773307287137,2.7507411612123596,2.7507411612123596,2.975792598490507,1.0,1.8798441510282429,3.250963468632016,36.112900486873045
2.5499999999999896,-1.246488109831554,1.246488109831554,5.72002103380926,2.391656545954971,2.5368895206524944,7.594362484698677,2.755787089870819,2.8733155732386635,7.604660525267199,2.7576548959699796,2.87377322336668,2.755787089870819,2.755787089870819,2.974933478614919,1.0,1.87838348026195,3.2503530436671277,36.1128994340409
2.5599999999999894,-1.2548933918027827,1.2548933918027827,5.730967645735334,2.3939439520872945,2.5342196408397646,7.621983277943347,2.7607939578938785,2.873313110578326,7.632337552552628,2.762668556405677,2.8737731432617983,2.7607939578938785,2.7607939578938785,2.9741006515060437,1.0,1.8769291942077344,3.2497262162256795,36.1128984292195
2.569999999999989,-1.2631885766820294,1.2631885766820294,5.741764092914448,2.39619784093769,2.5315684068988555,7.649431756706242,2.7657606108819763,2.8733107114589673,7.6598410616301305,2.767641787087001,2.8737730669762285,2.7657606108819763,2.7657606108819763,2.9732920317200584,1.0,1.8754782340947957,3.249080618345761,36.1128974724579
2.579999999999989,-1.2713754395502175,1.2713754395502175,5.752406520035701,2.398417503279131,2.528936636459422,7.676700478192858,2.770685921968215,2.8733083771566257,7.687163584087881,2.7725734587361037,2.8737729945125725,2.770685921968215,2.770685921968215,2.972505580777166,1.0,1.8740276323225502,3.2484139034147357,36.11289656379101
2.5899999999999888,-1.279455765174297,1.279455765174297,5.762891157261052,2.400602248866116,2.526325135471284,7.70378211654939,2.7755687915361404,2.873306108918084,7.714297768992333,2.777462469412023,2.873772925872289,2.7755687915361404,2.7755687915361404,2.971739305256976,1.0,1.8725745086369854,3.2477237457994113,36.112895703239396
2.5999999999999885,-1.2874313459188351,1.2874313459188351,5.773214320058124,2.4027514062129116,2.523734697817134,7.730669463506802,2.780408146928577,2.8733039079587748,7.7412363835711675,2.7823077442244175,2.873772861055686,2.780408146928577,2.780408146928577,2.970991254990596,1.0,1.8711160665320556,3.24700784047923,36.11289489080927
2.6099999999999883,-1.2953039797173578,1.2953039797173578,5.783372408985821,2.404864322365364,2.5211661049344856,7.757355428952527,2.785202942148476,2.873301775460645,7.7679723138248375,2.7871082350394714,2.8737728000619107,2.785202942148476,2.785202942148476,2.9702595213432392,1.0,1.8696495898595429,3.2462639026816014,36.11289412649229
2.619999999999988,-1.3030754681014352,1.3030754681014352,5.793361909435113,2.4069403626669095,2.518620125447093,7.783833041432934,2.7899521575526944,2.8732997125699664,7.794498565069751,2.791862920178881,2.8737727428889404,2.7899521575526944,2.7899521575526944,2.969542235581602,1.0,1.868184384300968,3.245489667520551,36.11289341026552
2.629999999999988,-1.3107476142977994,1.3107476142977994,5.8031793913272685,2.408978910519407,2.516097514806076,7.810095448589544,2.7946547995395683,2.873297720395103,7.820808262416179,2.796570804112812,2.873772689533572,2.7946547995395683,2.7946547995395683,2.968837567320756,1.0,1.8667064539310516,3.2446828896271054,36.11289274209124
2.6399999999999877,-1.3183222213722245,1.3183222213722245,5.812821508771797,2.410979367139378,2.5135990149409655,7.836135917532022,2.7993099002311306,2.8732958000042346,7.846894651183807,2.80123091714764,2.8737726399914103,2.7993099002311306,2.7993099002311306,2.968143723045691,1.0,1.865212992300282,3.2438413427924355,36.112892121916865
2.6499999999999875,-1.325801090443005,1.325801090443005,5.822284999686277,2.4129411513102172,2.5111253539208858,7.861947835150822,2.803916517150755,2.8732939524230336,7.872751097257902,2.8058423151092975,2.873772594256862,2.803916517150755,2.803916517150755,2.967458944703035,1.0,1.8637015941754171,3.242962819599124,36.112891549674764
2.6599999999999873,-1.3331860189509284,1.3331860189509284,5.831566685380235,2.4148636991309127,2.508677245626063,7.887524708372382,2.808473732896995,2.8732921786322945,7.898371087388945,2.8104040790229696,2.873772552323117,2.808473732896995,2.808473732896995,2.9667815083588445,1.0,1.8621699202991557,3.242045131053084,36.112891025282174
2.669999999999987,-1.340478798983848,1.340478798983848,5.840663470105168,2.416746463761801,2.5062553894298554,7.91286016435966,2.812980654814331,2.8732904795655223,7.923748229438512,2.8149153147898627,2.8737725141821415,2.812980654814331,2.812980654814331,2.9661097229186657,1.0,1.8606156949811643,3.2410861062169376,36.112890548641005
2.679999999999987,-1.347681215662472,1.347681215662472,5.84957234057275,2.41858891516784,2.5038604698914764,7.937947950660728,2.8174364146615143,2.873288856106476,7.948876252574149,2.8193751528617383,2.8737724798246678,2.8174364146615143,2.8174364146615143,2.9654419289063996,1.0,1.8590367038119244,3.240083591836945,36.112890119637726
2.6899999999999866,-1.3547950455802946,1.3547950455802946,5.858290365443195,2.420390539859879,2.501493156459585,7.962781935308114,2.8218401682781598,2.873287309086667,7.973749007415915,2.8237827479138535,2.8737724492401746,2.8218401682781598,2.8218401682781598,2.9647764972987605,1.0,1.8574307914988726,3.2390354519695648,36.11288973814318
2.6999999999999864,-1.3618220553027334,1.3618220553027334,5.8668146947857025,2.422150840634353,2.4991541031868976,7.987356106871483,2.8261910952501927,2.8732858392828176,7.998360466137155,2.828137278516931,2.8737724224168835,2.8261910952501927,2.8261910952501927,2.964111828412387,1.0,1.8557958598100193,3.237939567601274,36.1128894040125
2.709999999999986,-1.368763999916312,1.368763999916312,5.875142559512913,2.4238693363118635,2.496843948455958,8.011664574466181,2.830488398574737,2.8732844474142722,8.022704722522061,2.832437946808731,2.8737723993417394,2.830488398574737,2.830488398574737,2.96344635084092,1.0,1.8541298656280136,3.2367938362697504,36.112889117084826
2.719999999999986,-1.3756226216372394,1.3756226216372394,5.883271270791118,2.425545561475009,2.4945633147162094,8.035701567720048,2.834731304324988,2.8732831341403786,8.046775991982434,2.8366839781657798,2.8737723800004016,2.834731304324988,2.834731304324988,2.9627785204395556,1.0,1.852430819095775,3.235596171675608,36.11288887718329
2.7299999999999858,-1.3823996484667411,1.3823996484667411,5.891198219428019,2.4271790662058743,2.4923128082324935,8.059461436701005,2.8389190613155924,2.873281900057811,8.070568611536048,2.84087462087577,2.873772364377226,2.8389190613155924,2.8389190613155924,2.9621068193548252,1.0,1.8506967818616595,3.2343445032962537,36.1128886841147
2.7399999999999856,-1.389096792904388,1.389096792904388,5.898920875239746,2.428769415823525,2.490093018845072,8.082938651807538,2.8430509407690074,2.8732807456978717,8.094077039748884,2.845009145811114,2.8737723524552576,2.8430509407690074,2.8430509407690074,2.961429755097507,1.0,1.8489403773667774,3.2330367759890732,36.11288853766952
2.7499999999999853,-1.3957157507036084,1.3957157507036084,5.906436786398754,2.4303161906218613,2.487904519741304,8.10612780362449,2.84712623598331,2.8732796715237416,8.117295856643468,2.8490868461041106,2.873772344216212,2.84712623598331,2.84712623598331,2.9607458596567926,1.0,1.8471458920714738,3.2316709495986475,36.11288843762161
2.759999999999985,-1.4022581996856842,1.4022581996856842,5.913743578764241,2.431818985608148,2.485747867239021,8.129023602746143,2.851144262001862,2.8732786779276998,8.140219763575468,2.853107036824148,2.8737723396404626,2.851144262001862,2.851144262001862,2.9600536886539714,1.0,1.8453113089959075,3.230244998550034,36.11288838372806
2.769999999999985,-1.4087257985929826,1.4087257985929826,5.920838955196535,2.433277410242518,2.483623600581733,8.151620879568812,2.8551043552852517,2.873277765228304,8.162843583080578,2.8570690546573387,2.8737723387070297,2.8551043552852517,2.8551043552852517,2.9593518205340406,1.0,1.8434348984546514,3.2287582884366817,36.11288837572908
2.7799999999999847,-1.4151201859937435,1.4151201859937435,5.9277206948570225,2.434691088178749,2.481532241745691,8.173914584054852,2.8590058733858617,2.8732769336675346,8.185162258693722,2.860972257588969,2.8737723413935647,2.8590058733858617,2.8590058733858617,2.9586388557938355,1.0,1.8415149748378161,3.2272327827109866,36.112888413347754
2.7899999999999845,-1.4214429792317245,1.4214429792317245,5.934386652494974,2.4360596570065716,2.47947429525888,8.195899785470043,2.862848194625423,2.8732761834079055,8.207170854742442,2.8648160245890906,2.8737723476763364,2.862848194625423,2.862848194625423,2.957913416245355,1.0,1.8395498953288574,3.225642606479664,36.11288849628991
2.7999999999999843,-1.4276957734129674,1.4276957734129674,5.940834757722667,2.437382767995759,2.477450248031996,8.217571672096192,2.8666307177758688,2.873275514529545,8.228864556116365,2.868599755301594,2.873772357530214,2.8666307177758688,2.8666307177758688,2.957174144313109,1.0,1.8375380586927728,3.223985845686429,36.112888624244
2.809999999999984,-1.4338801404451476,1.4338801404451476,5.947063014280129,2.43866008584225,2.4754605692014175,8.238925550920722,2.8703528617437826,2.8732749270272393,8.25023866801443,2.872322869737041,2.8737723709286622,2.8703528617437826,2.8703528617437826,2.9564197023644403,1.0,1.8354779041122977,3.222260599588827,36.112888796880796
2.819999999999984,-1.4399976281079072,1.4399976281079072,5.953069499290737,2.4398912884165016,2.4735057099842246,8.259956847304968,2.8740140652587223,2.8732744208074497,8.271288615671638,2.875984807969548,2.873772387843718,2.8740140652587223,2.8740140652587223,2.9556487720718314,1.0,1.8333679100920834,3.2204649803393894,36.11288901385336
2.8299999999999836,-1.446049759168167,1.446049759168167,5.958852362508928,2.4410760665143,2.471586103545257,8.280661104632774,2.877613786565663,2.873273995685301,8.292009944066876,2.8795850298379584,2.8737724082459835,2.877613786565663,2.877613786565663,2.9548600538063785,1.0,1.831212427178221,3.2185971125555595,36.11288927479679
2.8399999999999834,-1.4520380305298766,1.4520380305298766,5.964409825561148,2.4422141236102024,2.4697021648762205,8.301033983940961,2.881151503121792,2.8732736513815413,8.312398317613361,2.883123014651536,2.8737724321046123,2.881151503121792,2.881151503121792,2.95405226606163,1.0,1.8290167282225314,3.216655132887281,36.11288957932816
2.849999999999983,-1.4579639124195571,1.4579639124195571,5.969740181181187,2.443305175613801,2.4678542906868373,8.321071263533167,2.8846267112978703,2.873273387519476,8.332449519833222,2.8865982609004015,2.8737724593872933,2.8846267112978703,2.8846267112978703,2.9532241449071432,1.0,1.8267674087923478,3.2146371895793355,36.11288992704623
2.859999999999983,-1.4638288476120118,1.4638288476120118,5.974841792440948,2.4443489506289704,2.4660428593080153,8.34076883857842,2.8880389260843455,2.873273203621881,8.352159453017517,2.890010285970885,2.8737724900602415,2.8880389260843455,2.8880389260843455,2.9523744434711365,1.0,1.8244631144906605,3.2125414420225047,36.11289031753141
2.869999999999983,-1.469634250680874,1.469634250680874,5.97971309197768,2.445345188716243,2.464268230607014,8.36012272069587,2.891387680802398,2.8732730991078874,8.371524137873072,2.89335862586598,2.873772524088186,2.891387680802398,2.891387680802398,2.9515019314517215,1.0,1.8221025258960875,3.2103660603071584,36.11289075034552
2.8799999999999826,-1.4753815072843786,1.4753815072843786,5.984352581218678,2.4462936416584737,2.462530745914558,8.37912903752685,2.8946725268200635,2.873273073289855,8.390539713157402,2.8966428349310522,2.8737725614343574,2.8946725268200635,2.8946725268200635,2.950605394656265,1.0,1.8196843577776542,3.2081092247673753,36.11289122503174
2.8899999999999824,-1.481071973484278,1.481071973484278,5.988758829604324,2.4471940727298938,2.460830727963859,8.397784032295586,2.8978930332735864,2.8732731253702175,8.409202435302841,2.8998624855849355,2.873772602060475,2.8978930332735864,2.8978930332735864,2.9496836345684914,1.0,1.8172073583473876,3.205769125516053,36.112891741114396
2.899999999999982,-1.4867069750854929,1.4867069750854929,5.992930473810451,2.448046256468707,2.4591684808414858,8.41608406335961,2.9010487867941155,2.8732732544383217,8.42750867803106,2.903017168056548,2.873772645926741,2.9010487867941155,2.9010487867941155,2.9487354679429822,1.0,1.814670308560775,3.2033439619817,36.112892298098885
2.909999999999982,-1.4922878070129977,1.4922878070129977,5.996866216970806,2.4488499784533158,2.457544289949995,8.43402560375103,2.9041393912398608,2.873273459467242,8.445454931958993,2.906106490127124,2.8737726929918272,2.9041393912398608,2.9041393912398608,2.947759726426826,1.0,1.8120824472336017,3.2008319424289424,36.11289289547154
2.9199999999999817,-1.497815732700955,1.497815732700955,6.000564827900465,2.4496050350822816,2.4559584219822805,8.451605240709627,2.907164467433796,2.873273739310591,8.463037804197175,2.9091300768781676,2.8737727432128666,2.907164467433796,2.907164467433796,2.9467552562081716,1.0,1.8094437647907182,3.1982312834859137,36.11289353269948
2.9299999999999815,-1.5032919835195557,1.5032919835195557,6.00402514032097,2.4503112333581156,2.454411124907512,8.468819675208762,2.9101236529069965,2.873274092699315,8.480254017941432,2.9120875704452005,2.873772796545445,2.9101236529069965,2.9101236529069965,2.945720917691538,1.0,1.8067422530307828,3.1955576739841844,36.112894209230596
2.9399999999999813,-1.5087177582138063,1.5087177582138063,6.007246052087931,2.450968390674986,2.452902627968598,8.48566572147501,2.913016601647682,2.873274518238485,8.49710041205876,2.914978629777371,2.873772852943595,2.9130144830722187,2.9130155423593718,2.9446555851997376,0.9999985445283618,1.8039768402924046,3.1928270898425968,36.11289492449336
2.949999999999981,-1.5140942223672653,1.5140942223672653,6.010226524421764,2.4515763346104,2.4514331416910506,8.50214030650234,2.9158429838560136,2.8732750144040806,8.513573940668252,2.9178029304029858,2.8737729123597866,2.9158289526574324,2.9158359682313586,2.943558146702343,0.9999903631043295,1.8011464852514025,3.190004958492819,36.11289567789682
2.959999999999981,-1.5194225078864376,1.5194225078864376,6.012965581142323,2.452134902720958,2.4500028579031348,8.51824046956166,2.918602485704701,2.8732755795397726,8.529671672717795,2.920560164201004,2.873772974744926,2.9185625402447206,2.918582512769142,2.9424275035706464,0.9999725721692633,1.7982501764383014,3.187089593466148,36.11289646883053
2.9699999999999807,-1.524703712502103,1.524703712502103,6.015462307907935,2.4526439423422093,2.448611949767196,8.533963361706423,2.921294809105446,2.8732762118537023,8.545390791557255,2.923250039178526,2.8737730400483446,2.9212125649466567,2.92125368615466,2.9412625703591067,0.9999435440314547,1.795286931785809,3.1840793148966977,36.11289729666443
2.9799999999999804,-1.529938899283506,1.529938899283506,6.017715851459565,2.453103310392688,2.447260571822013,8.549306245275059,2.9239196714812565,2.8732769094152686,8.560728594508785,2.9258722792543055,2.8737731082178035,2.9237771504487653,2.923848408348379,2.9400622746133176,0.9999021941433164,1.7922778826783705,3.1809724489991607,36.1128981607489
2.9899999999999802,-1.5351290961739197,1.5351290961739197,6.019725418870605,2.4535128731821656,2.4459488600360495,8.564266493390786,2.9264768055446444,2.873277670151911,8.575682492434884,2.9284266240482935,2.8737731791994827,2.9262550951754074,2.9263659440280776,2.9388255567045434,0.9998478918574436,1.7892035619285722,3.1777673275328673,36.11289906041463
2.99999999999998,-1.5402752955373769,1.5402752955373769,6.021490276802879,2.453872506224168,2.4446769318714567,8.578841589459453,2.928965959081712,2.8732784918459147,8.590250009304707,2.930912828677221,2.873773252937989,2.9286455747222884,2.9288057536802774,2.9375513696909206,0.9997802554920912,1.786060346720224,3.1744622872605586,36.11289999497274
3.00999999999998,-1.5453784537137771,1.5453784537137771,6.023009750769366,2.4541820940527956,2.443444886358657,8.593029126665895,2.9313868947421278,2.8732793721312095,8.604428781759177,2.9333306635562204,2.8737733293763497,2.930948020181214,2.9311674326528188,2.936238679205439,0.9996990684736782,1.7828473951351513,3.171055669403122,36.11290096371468
3.0199999999999796,-1.5504394905928205,1.5504394905928205,6.024283224404118,2.454441530043875,2.442252804181368,8.606826807469407,2.9337393898349946,2.8732803084901937,8.61821655867531,2.9356799142064705,2.873773408456015,2.9331622861408646,2.9334507950922597,2.934886463370832,0.9996043953635584,1.7795638934809892,3.1675458190785624,36.112901965912286
3.0299999999999794,-1.5554592891905479,1.5554592891905479,6.025310138739875,2.4546507162404745,2.4411007477718796,8.62023244309867,2.936023236130578,2.873281298250571,8.631611200730193,2.937960381068845,2.8737734901168652,2.935287979587245,2.9356555382338376,2.9334937127415457,0.9994961185478846,1.7762133810684548,3.1639409043081654,36.11290300081785
3.039999999999979,-1.5604386952394749,1.5604386952394749,6.026089991493768,2.454809563182808,2.439988761416415,8.633243953046605,2.9382382396678803,2.8732823385822077,8.644610679964972,2.9401718793235494,2.8737735742972115,2.937325472358192,2.937781748715345,2.9320594302729592,0.999374637567041,1.7728145389213759,3.1602942538813568,36.11290406766417
3.049999999999979,-1.565378516780372,1.565378516780372,6.026622336361589,2.454917989742547,2.438916871370387,8.645859364565574,2.940384220568049,2.873283426494009,8.65721307934915,2.9423142387157,2.873773660933805,2.93927496365207,2.939829433650786,2.9305826313180656,0.9992402217509427,1.7693437795910558,3.156542448745958,36.11290516566461
3.0599999999999787,-1.5702795237674636,1.5702795237674636,6.026906782320951,2.4549759229615575,2.4378850859833694,8.65807681216317,2.9424610128535553,2.8732845588308273,8.669416592345554,2.9443873033868275,2.873773749961842,2.9411366367650933,2.941798598938059,2.9290623436518155,0.9990931183774061,1.7658004290887326,3.152683915911326,36.11290629401326
3.0699999999999785,-1.5751424476679194,1.5751424476679194,6.026942992943764,2.454983297895072,2.436893395833577,8.669894537098964,2.94446846427313,2.8732857322703964,8.681219522476097,2.946390931712236,2.8737738413149763,2.9429110951158046,2.943689467368844,2.927497607523359,0.9989338541952107,1.762183841105227,3.148717083917581,36.11290745188499
3.0799999999999783,-1.5799679810773835,1.5799679810773835,6.026730685718363,2.4549400574593188,2.4359417738716544,8.681310886882505,2.9464064361324125,2.8732869433202946,8.692620282888695,2.9483249961441995,2.873773934925329,2.944598370080557,2.9455019821448327,2.9258874757364275,0.9987625493104466,1.75849514769176,3.1446403822082294,36.11290863843567
3.089999999999978,-1.5847567773237594,1.5847567773237594,6.026269631381587,2.454846152283598,2.435030175573583,8.6923243147727,2.9482748031302477,2.8732881883149504,8.703617395925383,2.950189383060922,2.873774030723504,2.946199532705154,2.947236613350499,2.9242310137580976,0.998580032585622,1.7547610878226447,3.1404522405066695,36.11290985280231
3.099999999999978,-1.5895094500848734,1.5895094500848734,6.025559653261178,2.4547015405668318,2.4341585391024605,8.702933379278885,2.9500734532005954,2.8732894634126858,8.714209492691856,2.9519839926212095,2.873774128638602,2.9477152526961268,2.948893636873175,2.922527299856206,0.9983868445755404,1.7509530285838026,3.13615108817053,36.11291109410325
3.1099999999999777,-1.5942265729963074,1.5942265729963074,6.024600626628724,2.4545061879385686,2.4333267854789713,8.71313674366375,2.9518022873600036,2.873290764592796,8.724395312628532,2.953708738624804,2.8737742285982373,2.949145578825434,2.950473024265863,2.920775425265676,0.9981830849368172,1.7470704651427704,3.1317553652457137,36.112912361438404
3.1199999999999775,-1.5989086792658336,1.5989086792658336,6.023392478063479,2.4542600673244634,2.432534818760305,8.722933175448167,2.953461219560563,2.873292087652689,8.734173703083188,2.955363548378302,2.87377433052856,2.9504914298525944,2.951975189057874,2.9189744943840195,0.9979694452603712,1.7431129201704998,3.1273185579372824,36.11291365388953
3.1299999999999772,-1.6035562612755379,1.6035562612755379,6.021935184827276,2.453963158816219,2.4317825262272965,8.73232154591819,2.9550501765483084,2.8732934282050593,8.743543618885262,2.956948362566594,2.8737744343542744,2.9517545991056595,2.953400989350315,2.917123624996303,0.9977472137912816,1.7390944357849423,3.122767522207881,36.112914970520414
3.139999999999977,-1.608169770191814,1.608169770191814,6.020228774250789,2.453615449545994,2.4310697785795727,8.7413008296342,2.9565690977269923,2.8732947816751304,8.752504121921834,2.9584631351297643,2.873774539998665,2.9529337666596898,2.954749730481848,2.9152219485298327,0.9975155094119206,1.7350195203680763,3.1181007511749113,36.11291631037733
3.149999999999977,-1.6127496155636796,1.6127496155636796,6.018273323131367,2.453216933565266,2.4303964301384497,8.749870103942328,2.9580179350271574,2.8732961432979467,8.76105438071528,2.959907833145363,2.8737746473836223,2.9540314987902883,2.9560226705820507,2.9132686103388474,0.9972761361606568,1.7308694871756283,3.1133167345847794,36.11291767248922
3.1599999999999766,-1.617296164915334,1.617296164915334,6.016068957142634,2.4527676117281545,2.4297623190573647,8.7580285484882,2.9593966527804616,2.8732975081157277,8.769193670002583,2.9612824367159885,2.8737747564296723,2.9550485475767267,2.9572201656503987,2.911262770019472,0.9970296298245387,1.7266440030466395,3.108413958102931,36.112919055868126
3.1699999999999764,-1.6218097433388865,1.6218097433388865,6.013615850256079,2.452267491579187,2.4291672675395817,8.765775444733004,2.9607052275991617,2.8732988709752925,8.776921370316273,2.9625869388620942,2.873774867056002,2.955984675714729,2.9583420821032655,2.9092036017552174,0.9967758297420222,1.7223495651556675,3.1033909025870487,36.11292045950962
3.179999999999976,-1.6262906330677358,1.6262906330677358,6.01091422417476,2.451716587245508,2.428611082062946,8.773110175471942,2.961943648260706,2.87330022652555,8.784236967566905,2.963821345419947,2.873774979180502,2.9568408620841904,2.9593889019534108,2.9070902946932673,0.9965154094134462,1.7180084637990736,3.098311642390953,36.112921882393145
3.189999999999976,-1.630739073056522,1.630739073056522,6.007964347779364,2.451114919333519,2.4280935536114163,8.780032224355013,2.9631119155973527,2.8733015692150627,8.791140052626995,2.964985674944652,2.873775092719792,2.957618533805575,2.9603613382942817,2.904922053351812,0.996249343971439,1.7135923024212665,3.0931582115015885,36.11292332348251
3.1999999999999758,-1.6351552585360964,1.6351552585360964,6.004766536586691,2.4504625148299435,2.427614457913157,8.786541175410129,2.964210042390743,2.8733028932896914,8.797630320916332,2.9660799586181645,2.8737752075892664,2.958318509303597,2.961259805406495,2.902698098058675,0.9959781766950079,1.70910089433051,3.0878837832492017,36.112924781726385
3.2099999999999755,-1.6395393405732896,1.6395393405732896,6.0013211522207595,2.4497594070073,2.4271735556849086,8.792636712568479,2.965238053271352,2.8733041927903225,8.803707571988511,2.9671042401622008,2.8737753237031316,2.9589417266844795,2.962084783792734,2.900417665421438,0.9957025247397706,1.7045434086963442,3.082486881122429,36.112926256058785
3.2199999999999753,-1.643891425604333,1.643891425604333,5.997628601896648,2.4490056353337875,2.4267705928824004,8.798318619192214,2.966195984622765,2.873305461550673,8.80937170911861,2.968058575755979,2.873775440974449,2.959488522727342,2.962836458436156,2.8980800088293157,0.9954225783760823,1.6999397075347165,3.0769660202380282,36.11292774539964
3.229999999999975,-1.6482115749721793,1.6482115749721793,5.9936893379171705,2.448201245387554,2.4264053009565463,8.803586777604199,2.9670838844906626,2.8733066931952007,8.81462273889176,2.968943033958678,2.8737755593151815,2.959959091864093,2.963514948777822,2.895684398986944,0.9951384194582049,1.6952616896332087,3.0713197065426714,36.112929248655355
3.239999999999975,-1.6524998044330361,1.6524998044330361,5.989503857182511,2.4473462887753565,2.4260773971151646,8.808441168619927,2.967901812496486,2.873307881137095,8.819460770792567,2.9697576956365594,2.87377567863624,2.960355595830237,2.9641213675783322,2.89323012448029,0.9948514881605913,1.6905093160188758,3.0656493103038973,36.11293076471943
3.2499999999999747,-1.6567560836691233,1.6567560836691233,5.985072700712894,2.4464408230555863,2.4257865845899715,8.81288187108143,2.968649839755681,2.8733090185763763,8.823886016795106,2.970502653894641,2.8737757988475394,2.9606794355529455,2.964656452235361,2.8907164923748296,0.9945626878818808,1.685704604012299,3.059879730570825,36.11293229247314
3.2599999999999745,-1.6609803357679735,1.6609803357679735,5.980396453184392,2.445484911665658,2.4255325529085785,8.816909061393073,2.9693280488004477,2.8733100984980946,8.827898790953379,2.971178014012856,2.873775919858045,2.9609305486743387,2.9651202115505138,2.888142828846148,0.9942718964837797,1.6808448764531183,3.0539842882477855,36.11293383078614
3.2699999999999743,-1.6651724367018215,1.6651724367018215,5.9754757424779275,2.444478623853751,2.4253149781712477,8.8205230130592,2.9699365335069365,2.8733111136706384,8.831499508991993,2.9717838933865957,2.8737760415758324,2.9611082248326577,2.9655123343887366,2.885508479843072,0.9939785312306382,1.6759122676366065,3.0479615100511914,36.11293537851723
3.279999999999974,-1.669332214777772,1.669332214777772,5.97031123924156,2.4434220346148883,2.4251335233321325,8.823724096223472,2.9704753990268076,2.8733120566441532,8.834688687896858,2.9723204214715575,2.8737761639081487,2.9612171604376614,2.965835231330102,2.8828128117834386,0.9936857620105399,1.6709090393787616,3.041809909572529,36.11293693451508
3.289999999999974,-1.6734594500896456,1.6734594500896456,5.964903656466071,2.442315224631348,2.424987838484759,8.826512777209777,2.9709447617230746,2.873312919749081,8.837466945505762,2.972787739732819,2.873776286761467,2.96125382672945,2.966087187158622,2.88005521228256,0.9933910304168664,1.6658738574169543,3.0356152661722557,36.11293849761902
3.2999999999999736,-1.6775538739270786,1.6775538739270786,5.959253749073961,2.4411582802173974,2.4248775611514715,8.828889618064654,2.9713447491101825,2.8733136950948164,8.839835000098494,2.9731860015980325,2.8737764100415566,2.9612228386914268,2.9662705839885932,2.8772350909144393,0.9930974329914823,1.6607676912713776,3.0293476697165063,36.1129400666598
3.3099999999999734,-1.6816151681917373,1.6816151681917373,5.953362313521821,2.439951293268335,2.424802316576603,8.830855276101042,2.971675499798227,2.8733143745684937,8.841793669986416,2.9735153724146803,2.873776533653545,2.9611222155030443,2.9663844953543905,2.874351880005733,0.9928034719973996,1.6555907678472426,3.022950994637857,36.11294164046049
3.319999999999973,-1.685642964777839,1.685642964777839,5.9472301874161895,2.4386943612138423,2.4247617180230936,8.832410503443295,2.9719371634412624,2.8733149498339006,8.843343873101151,2.9737760294112854,2.8737766575019914,2.9609557213910542,2.966430888359989,2.8714050354624576,0.9925116370300251,1.6503757779602923,3.016423754993502,36.11294321783733
3.329999999999973,-1.6896368449465002,1.6896368449465002,5.940858249142878,2.4373875869756287,2.4247553670723145,8.83355614657329,2.97212990068962,2.873315412330528,8.844486626582283,2.973968161662509,2.8737767814909523,2.960720208831557,2.966408260658964,2.8683940376293835,0.9922196020052442,1.6451040738448028,3.0097644475688154,36.11294479760061
3.3399999999999728,-1.69359633866765,1.69359633866765,5.934247417509805,2.436031078929373,2.4247828539268266,8.834293145877535,2.972253883146178,2.8733157532727636,8.845223046363714,2.97409197005804,2.8737769055240623,2.9604218822421884,2.966319818835,2.865318392182033,0.9919315411033298,1.6397640407402816,3.0031077214121846,36.11294637855564
3.3499999999999726,-1.6975209239536295,1.6975209239536295,5.927398651403332,2.434624950870941,2.4248437577158395,8.834622535195185,2.9723092933265183,2.873315963649221,8.845554346758577,2.9741476672752105,2.873777029504604,2.960055516946055,2.966163026291607,2.8621776310511615,0.9916436650223376,1.6343815230986858,2.9963401219489154,36.112947959503714
3.3599999999999723,-1.70141002616395,1.70141002616395,5.920312949458173,2.4331693219868966,2.42493764680309,8.834545441366785,2.9722963246228975,2.8733160342222255,8.845481840042385,2.9741354777552393,2.8737771533355914,2.95962613811713,2.965940508429093,2.858971313379586,0.9913593143437806,1.628953608051129,2.9894402437338212,36.11294953924305
3.369999999999972,-1.7052630172960077,1.7052630172960077,5.912991349740814,2.431664316829281,2.4250640790969173,8.8340630837837,2.972215181271992,2.873315955527449,8.845006936034252,2.9740556376830365,2.8737772769198506,2.9591355228186913,2.9656532629319092,2.85569902651114,0.9910795599040719,1.6234601905865762,2.982406563751798,36.1129511165699
3.379999999999972,-1.7090792152480603,1.7090792152480603,5.905434929446501,2.430110065294677,2.425222602362261,8.833176773938062,2.972066078326332,2.8733157178737065,8.844131141675987,2.973908394970495,2.873777400160098,2.9585795255756637,2.9652993112560204,2.8523603870115606,0.9908013402875324,1.6179256338030368,2.9753180064045663,36.11295269027955
3.3899999999999717,-1.712857883067673,1.712857883067673,5.89764480460978,2.428506702607547,2.425412754534351,8.831887914973192,2.971849241629392,2.8733153113429117,8.842856060608742,2.973694009243174,2.873777522959034,2.9579623253574745,2.9648808709181314,2.8489550417210228,0.9905273864527558,1.6123520859376312,2.968182371783418,36.1129542591674
3.3999999999999715,-1.7165982281721404,1.7165982281721404,5.889622129828612,2.426854369307852,2.425634064033833,8.830198001234367,2.97156490779427,2.8733147257901996,8.841183392747162,2.973412751830321,2.873777645219426,2.9572857182205037,2.964398966030644,2.8454826688380277,0.9902587619067567,1.6067162403070725,2.960912683539954,36.112955822030095
3.4099999999999713,-1.7202994015496644,1.7202994015496644,5.881368098002012,2.425153211242954,2.4258860500830948,8.82810861781987,2.9712133241859076,2.873313950844224,8.83911493385074,2.9730649057581537,2.873777766844196,2.956550252824988,2.963853998136161,2.8419429790342954,0.9899956543793333,1.6010461394055644,2.953507383164902,36.11295737766663
3.419999999999971,-1.7239604969406426,1.7239604969406426,5.872883940081284,2.4234033795638075,2.4261682230235495,8.825621440132222,2.9707947489068007,2.8733129759076266,8.836652575092184,2.9726507657463204,2.8737778877365185,2.9557538475392526,2.963245048617086,2.8383357166002976,0.9897364109449359,1.5953387089592348,2.9460314903850047,36.112958924879564
3.429999999999971,-1.727580549994868,1.727580549994868,5.864170924834809,2.42160503072545,2.426480084633637,8.82273823342957,2.9703094507861585,2.873311790157694,8.833798302622686,2.9721706382074844,2.873778007799909,2.954898481979938,2.96257325029474,2.8346606606209908,0.9894822034106636,1.5895725378608574,2.9385301919278524,36.11296046247612
3.4399999999999706,-1.7311585374029221,1.7311585374029221,5.855230358626384,2.4197583264917975,2.4268211284473162,8.819460852377127,2.969757709372454,2.8733103825471904,8.830554197133836,2.9716248412499575,2.8737781269383222,2.9539864332213686,2.9618398919025566,2.830917626181319,0.9892344044268804,1.583784307820613,2.9308929277849822,36.11296198926944
3.4499999999999704,-1.7346933760110046,1.7346933760110046,5.846063585207153,2.417863433944761,2.4271908400728046,8.815791240598692,2.9691398149293495,2.8733087418053844,8.826922433416122,2.971013704683323,2.8737782450562466,2.9530183534605308,2.9610454488524276,2.8271064656009774,0.988993247249869,1.5779558176074115,2.9231180906047936,36.11296350407982
3.45999999999997,-1.7381839219155546,1.7381839219155546,5.836671985521089,2.415920525497701,2.4275886975113576,8.81173143022815,2.968456068434928,2.873306856439272,8.822905279913762,2.970337570026976,2.8737783620588053,2.9519949194589707,2.9601904143148734,2.8232270696979174,0.9887589758209049,1.572072466008364,2.915298264301238,36.1129650057359
3.46999999999997,-1.7416289695234353,1.7416289695234353,5.827056977524081,2.4139297789132312,2.4280141714758448,8.807283541460983,2.9677067815842224,2.8733047147349926,8.818505098275828,2.9695967905215395,2.8737784778518534,2.950916832821432,2.959275299358115,2.81927936908003,0.9885318450222583,1.5661843204476051,2.9074328070264146,36.11296649307599
3.47999999999997,-1.7450272506073647,1.7450272506073647,5.817220016016638,2.4118913773254045,2.428466725708908,8.802449782105784,2.966892276794994,2.873302304759454,8.813724342903484,2.968791731143073,2.8737785923420818,2.9497848202756307,2.9583006330885295,2.8152633354644157,0.9883121209356381,1.5602485486972661,2.8994292764477403,36.112967964949256
3.4899999999999696,-1.7483774333231497,1.7483774333231497,5.807162592490164,2.4098055092662904,2.428945817300499,8.797232447135794,2.966012887216742,2.8732996143621548,8.80856556049328,2.967922768620046,2.8737787054371173,2.948599633952575,2.9572669627921124,2.811178983023616,0.9881000811028126,1.5542741480228777,2.8912860064734502,36.11296942021713
3.4999999999999694,-1.7516781212245,1.7516781212245,5.796886234986949,2.4076723686969848,2.4294508970045614,8.791633918240464,2.965068956742906,2.873296631177227,8.803031389576372,2.966990291453002,2.8737788170456278,2.9473620516668464,2.9561748540765516,2.8070263697581623,0.9878960147881409,1.5482928831574216,2.8831637747785956,36.112970857754505
3.509999999999969,-1.7549278522396987,1.7549278522396987,5.786392507973788,2.4054921550430772,2.4299814095546655,8.785656663377166,2.964060840026258,2.8732933426256846,8.79712456005365,2.965994699936878,2.8737789270774248,2.9460728771962272,2.955024891013525,2.8028055988947576,0.9877002232427224,1.5422644327095947,2.8749345652073717,36.1129722764511
3.519999999999969,-1.7581250976361564,1.7581250976361564,5.775683012229364,2.403265073234612,2.43053679397839,8.779303236323038,2.962988902497449,2.8732897359178997,8.790847892726685,2.964936406185921,2.873779035443568,2.9447329405599763,2.9538176762807606,2.7985168203094086,0.9875130199698224,1.536222010659208,2.866564944583527,36.11297367521279
3.5299999999999687,-1.7612682609708958,1.7612682609708958,5.764759384745384,2.400991333750579,2.431116483910243,8.772576276227111,2.961853520386704,2.873285798056296,8.78420429882447,2.96381583416117,2.873779142056474,2.943343098295069,2.952553831303425,2.7941602319747867,0.9873347309912227,1.530158788356381,2.858120240401424,36.11297505296289
3.5399999999999685,-1.7643556770112034,1.7643556770112034,5.753623298641557,2.3986711526679843,2.431719907902936,8.765478507162802,2.9606550807486514,2.873281515838267,8.777196779525974,2.9626334197004485,2.873779246830019,2.941904233729649,2.9512339963943535,2.789736081431106,0.9871656951141086,1.524052946864516,2.8496677172866294,36.112976408643526
3.5499999999999683,-1.7673856106486474,1.7673856106486474,5.742276463094488,2.3963047517155425,2.43234648973682,8.758012737680918,2.9593939814902845,2.873276875859333,8.76982842547851,2.961389610550849,2.8737793496796415,2.9404172572529044,2.949858830892624,2.7852446672797746,0.9870062641980667,1.5179619811563578,2.84107397398133,36.11297774121698
3.559999999999968,-1.7703562557871109,1.7703562557871109,5.730720623280528,2.3938923583320384,2.4329956487272892,8.750181860363318,2.958070631402049,2.8732718645165156,8.762102416311894,2.9600848664036463,2.873779450522457,2.9388831065805423,2.9484290132999487,2.7806863406991074,0.9868568034217382,1.5118324455613825,2.83233724621842,36.112979049666976
3.569999999999968,-1.773265734225514,1.773265734225514,5.7189575603327585,2.391434205729432,2.4336668000299855,8.741988851377364,2.9566854501920496,2.873266468011973,8.754022020148556,2.9587196589316394,2.8737795492773555,2.937302747014973,2.946945241414329,2.7760615069813577,0.9867176915486284,1.5056908959471798,2.823659945140646,36.112980333000046
3.5799999999999677,-1.7761120945156914,1.7761120945156914,5.7069890913120975,2.3889305329607424,2.434359354943619,8.733436770031457,2.9552388685233986,2.873260672356855,8.745590593109586,2.9572944718288685,2.873779645865114,2.935677171699297,2.945408232460391,2.771370627090366,0.9865893211915465,1.4995451685513679,2.814843717766136,36.11298159024689
3.5899999999999674,-1.7788933108161693,1.7788933108161693,5.694817069192789,2.3863815849928085,2.4350727212102274,8.724528758331765,2.953731328054697,2.87325446337541,8.736811578816894,2.9558098008527027,2.8737797402084935,2.934007401864121,2.943818723215812,2.766614219239134,0.9864720990750939,1.493365399127312,2.805883547297484,36.112982820463614
3.5999999999999672,-1.7816072817330513,1.7816072817330513,5.682443382862267,2.3837876127839634,2.4358063033127304,8.715268040540458,2.9521632814836747,2.8732478267093433,8.727688507891534,2.954266153868255,2.873779832232352,2.93229448706615,2.9421774701331733,2.76179286048665,0.9863664462955821,1.487208031890944,2.7969399649255133,36.112984022733144
3.609999999999967,-1.7842518291438525,1.7842518291438525,5.6698699571356626,2.381148873366733,2.436559502769598,8.70565792273568,2.9505351925939944,2.87324074782242,8.718224997448443,2.9526640508951307,2.873779921863738,2.9305395054175336,2.940485249456603,2.756907188353357,0.9862727985777289,1.48102347898221,2.7879024216008967,36.112985196166456
3.619999999999967,-1.786824697027286,1.786824697027286,5.657098752785054,2.3784656299356217,2.4373317184264787,8.695701792373603,2.94884753630526,2.87323321200532,8.708424750587648,2.9510040241564646,2.873780009032006,2.9287394524501775,2.938740779702781,2.751957902454662,0.9861887216656193,1.4748378384449872,2.778719898555305,36.112986339903884
3.6299999999999666,-1.789323550276678,1.789323550276678,5.644131766583668,2.37573815194008,2.438122346744658,8.685403117852768,2.9471007987262277,2.8732252043807556,8.69829155588233,2.9492866181302775,2.8737800936689015,2.926897858119526,2.936946086575624,2.7469457661519914,0.9861163569297502,1.468656076834279,2.7695342980989146,36.112987453116396
3.6399999999999664,-1.7917459735119565,1.7917459735119565,5.630971031365217,2.372966715182751,2.4389307820861768,8.674765448081198,2.945295477211276,2.87321670990884,8.687829286863753,2.947512389603096,2.8737801757086734,2.925016990676376,2.9351025638268595,2.7418716082209222,0.9860569579867121,1.4624512159551915,2.760276318033918,36.11298853500684
3.649999999999966,-1.7940894698967216,1.7940894698967216,5.617618616098614,2.3701516019230953,2.4397564169954866,8.663792412046526,2.9434320804201555,2.8732077133927207,8.677041901503511,2.9456819077258682,2.8737802550881666,2.9230980307112535,2.933211060985747,2.736736324536027,0.9860110106252926,1.456279780489789,2.750872298127436,36.1129895848112
3.659999999999966,-1.796351459951332,1.796351459951332,5.604076625978275,2.367293100986499,2.440598642477502,8.652487718389596,2.941511128381056,2.8731981994844795,8.665933441693278,2.94379575407216,2.873780331746916,2.9211419114506465,2.9312723079335283,2.7315408797721656,0.9859788217622193,1.4500870984006473,2.7414678246075614,36.112990601799794
3.6699999999999657,-1.7985292803697734,1.7985292803697734,5.590347202530281,2.3643915078789894,2.4414568482719288,8.640855154981937,2.939533152557041,2.873188152691285,8.654508032722395,2.941854522698632,2.8737804056272465,2.9191425999901384,2.929283519036869,2.726286309122053,0.9859557932901456,1.443910914597379,2.731990242177609,36.11299158527839
3.6799999999999655,-1.800620182852266,1.800620182852266,5.576432523734678,2.361447124907665,2.442330423123733,8.628898588507532,2.937498695915886,2.8731775573818275,8.642769882753678,2.9398588202078137,2.873780476674355,2.9171082581100185,2.9272490883912345,2.7209737200300674,0.9859472980792288,1.4377399312418182,2.722365608148774,36.112992534589445
3.6899999999999653,-1.8026213329371146,1.8026213329371146,5.562334804164164,2.3584602613069747,2.4432187550496534,8.61662196404935,2.9354083130033803,2.873166397793017,8.630723282297708,2.9378092658131685,2.8737805448364093,2.915040169709298,2.92516993936207,2.7156042939424094,0.9859538735689272,1.431565490469168,2.7127645810395444,36.112993449113176
3.699999999999965,-1.8045298088565913,1.8045298088565913,5.5480562951395465,2.3554312333709824,2.4441212316006213,8.604029304681196,2.9332625700201467,2.8731546580369427,8.61837260368616,2.9357064914064823,2.8737806100646273,2.912935320371515,2.9230448282491794,2.710179288073866,0.9859730251681623,1.4254235556555972,2.703068490405005,36.112994328268684
3.709999999999965,-1.8063426004086405,1.8063426004086405,5.533599284902224,2.3523603645917484,2.445037240120008,8.591124711065243,2.9310620449020255,2.8731423221081203,8.605722300544436,2.933551141627573,2.8737806723133623,2.910793751851904,2.920874061569284,2.704700037191627,0.9860043978349569,1.419269371019508,2.6932244738886126,36.112995171514925
3.7199999999999647,-1.8080566078478126,1.8080566078478126,5.518966098804107,2.3492479858039905,2.44596616799758,8.57791236105594,2.928807327404099,2.8731293738909987,8.592776907264147,2.9313438739363464,2.873780731540185,2.9086217647590664,2.918661114621513,2.6991679554167947,0.9860520439200201,1.4131534969607293,2.683448788506373,36.112995978351805
3.7299999999999645,-1.809668640803928,1.809668640803928,5.504159099515274,2.3460944353361555,2.4469074029190816,8.564396509310754,2.9264990191884146,2.873115797167747,8.579541038475893,2.929085358687229,2.873780787705955,2.9064155638464926,2.9164043657238317,2.6935845380444414,0.9861128975815338,1.4070394552480887,2.673535904883916,36.11299674832107
3.7399999999999642,-1.8111754172352341,1.8111754172352341,5.489180687249805,2.3429000591680826,2.4478603331113495,8.550581486908335,2.924137733915476,2.873101575626315,8.566019388522802,2.9267762792059804,2.8737808407749004,2.904175426991935,2.914104257491233,2.6879513633833154,0.9861867513019464,1.4009448681158683,2.6635258122010397,36.11299748100728
3.749999999999964,-1.8125735624169956,1.8125735624169956,5.474033300010168,2.339665211095418,2.4488243475828773,8.536471700974719,2.921724097339569,2.873086692868771,8.55221673093542,2.924417331868935,2.8737808907146833,2.901908386895075,2.9117646514898197,2.682270094616568,0.9862781636404799,1.3948780058164092,2.653546085655227,36.112998176038644
3.759999999999964,-1.8138596079618448,1.8138596079618448,5.458719413850561,2.3363902529009493,2.449798836359757,8.52207163431818,2.9192587474080094,2.873071132419904,8.538137917908436,2.9220092261846875,2.8737809374964645,2.8996050978840135,2.9093811387074378,2.6765424816851544,0.9863801238012887,1.3888123437268058,2.6434191570589984,36.11299883308785
3.7699999999999636,-1.8150299909085328,1.8150299909085328,5.443241543159654,2.3330755545330404,2.450783190716926,8.507385845073332,2.916742334364373,2.873054877736116,8.523787879779805,2.9195526848782514,2.8737809810949684,2.897275533379035,2.9069590777638097,2.6707703631958823,0.9864992545473694,1.3827995307129668,2.633274571188546,36.11299945187287
3.7799999999999634,-1.8160810528311342,1.8160810528311342,5.427602240963161,2.3297214942913587,2.451776803404652,8.492418966355144,2.914175520855795,2.8730379122145817,8.509171624512906,2.9170484439777318,2.8737810214885373,2.8949154503247687,2.9044966497690394,2.6649556683564377,0.9866321341706931,1.376787216686738,2.6230849318820777,36.11300003215761
3.789999999999963,-1.817009039042679,1.817009039042679,5.411804099246719,2.3263284590200755,2.4527790688701887,8.47717570592353,2.9115589820444185,2.873020219202676,8.49429423718227,2.914497252903538,2.8737810586591817,2.892526961769376,2.901995253127371,2.6591004189400955,0.9867798207802267,1.3708180719952643,2.612748192508324,36.11300057375261
3.799999999999963,-1.8178100978387315,1.8178100978387315,5.395849749299483,2.322896844308736,2.4537893834745796,8.461660845859134,2.9088934057230653,2.8730017820076927,8.479160879463512,2.911899874560166,2.873781092592633,2.890111348853378,2.899455871693461,2.653206731283213,0.9869427834011876,1.3648702554124932,2.602492086773669,36.11300107651564
3.8099999999999627,-1.8184802798216109,1.8184802798216109,5.3797418620789585,2.3194270547010007,2.454807145704513,8.44587924225102,2.906179492435218,2.872982583906816,8.463776789128094,2.9092570854305904,2.873781123278386,2.887667631710372,2.896878353356463,2.647276818319079,0.9871198783010742,1.3589471983183314,2.592098134542869,36.113001540352236
3.8199999999999625,-1.8190155373058239,1.8190155373058239,5.363483148597506,2.3159195039114606,2.4558317563792365,8.429835824896942,2.90341795559939,2.872962608157377,8.448147279543592,2.9065696756733,2.8737811507097293,2.885197830387972,2.894264067143269,2.6413129916521574,0.9873120835410802,1.3530703415992984,2.5816613389366285,36.113001965216135
3.8299999999999623,-1.8194117238102177,1.8194117238102177,5.347076360331016,2.312374615050731,2.4568626188524547,8.413535597016814,2.9006095216379633,2.872941838007375,8.432277739179987,2.903838449221993,2.873781174883789,2.882702666151252,2.89161373211,2.6353176636772977,0.9875194464242005,1.347202725615265,2.571214789297471,36.113002351109756
3.839999999999962,-1.8196645936393272,1.8196645936393272,5.330524289650205,2.308792820859032,2.4578991392092004,8.396983634980092,2.8977549301105663,2.872920256706265,8.41617363112277,2.9010642238879805,2.873781195801546,2.880180083916731,2.888926672185359,2.629293349749025,0.9877400393934294,1.3414003856858983,2.560624442092922,36.11300269808444
3.849999999999962,-1.8197698015802124,1.8197698015802124,5.313829770274971,2.3051745639484595,2.4589407264576577,8.380185088047742,2.894854933852082,2.8728978475160147,8.3998404925934,2.898247831465315,2.8737812134678635,2.8776370020361846,2.8862067467496733,2.6232426704066794,0.9879782954926167,1.3356136711990365,2.5501204815274194,36.11300300624085
3.8599999999999617,-1.8197229026998842,1.8197229026998842,5.2969956777523475,2.3015202970541773,2.4599867927158927,8.363145178129374,2.89191029911534,2.87287459372242,8.383283934477758,2.895390117838658,2.873781227891502,2.8750634291023873,2.8834492876762887,2.6171683536617762,0.9882266289954592,1.329872832680755,2.5394861482798183,36.113003275728985
3.8699999999999615,-1.8195193522714541,1.8195193522714541,5.2800249299583735,2.297830483294704,2.461036753393511,8.345869199556242,2.88892180571857,2.8728504786466886,8.36650964086327,2.8924919430939253,2.8737812390851287,2.8724690723219446,2.8806595739951133,2.611073237354721,0.9884914433466969,1.3241730654566217,2.528838530082707,36.113003506748505
3.8799999999999613,-1.8191545058282017,1.8191545058282017,5.262920487624418,2.2941055964415455,2.462090027368199,8.328362518870678,2.8858902471976786,2.8728254856572697,8.349523368585281,2.8895541816317065,2.873781247065321,2.869853293768703,2.877837670276543,2.6049602715887428,0.988771782793116,1.3184996774259559,2.5181673159592286,36.11300369954865
3.889999999999961,-1.8186236193647949,1.8186236193647949,5.2456853548882565,2.2903461211983345,2.463146037157178,8.310630574632563,2.8828164309634015,2.8727995981819476,8.332330946783207,2.8865777222834668,2.873781251852568,2.867209191017781,2.874980489628455,2.5988325212497574,0.989062218225861,1.31289272757542,2.507393457773841,36.113003854428214
3.899999999999961,-1.817921849681364,1.817921849681364,5.228322579870304,2.286552553489708,2.464204209083547,8.292678877243361,2.879701178463377,2.872772799720181,8.314938276467162,2.8835634684305393,2.8737812534712592,2.8645441600125534,2.8720921629595106,2.592693168621744,0.9893674926350716,1.307307204666014,2.4966936337667827,36.11300397173553
3.9099999999999606,-1.8170442548989614,1.8170442548989614,5.210835255275365,2.282725400760101,2.465263973437537,8.274513008788222,2.8765453253491806,2.8727450738556897,8.297351330095433,2.8805123381258815,2.873781251949673,2.8618576864034804,2.8691728383413255,2.5865455161082034,0.9896867076087332,1.3017840555126996,2.4858602463316064,36.1130040518682
3.9199999999999604,-1.8159857951461655,1.8159857951461655,5.193226519020089,2.27886518228264,2.4663247646326862,8.256138622896646,2.8733497216483492,2.8727164042692803,8.279576151163413,2.8774252642185885,2.8737812473199535,2.8591492817589663,2.8662226843774317,2.5803929890712674,0.9900189718347525,1.296300590071247,2.4750922305704868,36.113004095272856
3.92999999999996,-1.8147413334288496,1.8147413334288496,5.175499554886448,2.2749724294783107,2.4673860213569476,8.23756144462206,2.870115231941404,2.8726867747519127,8.26161885380437,2.87430319448112,2.8737812396180877,2.8564153464734874,2.8632403102128907,2.5742391388011696,0.9903611588390875,1.2908580536812058,2.464244667490537,36.113004102444826
3.93999999999996,-1.8133056367009497,1.8133056367009497,5.157657593201379,2.271047686245575,2.4684471867187625,8.218787270340698,2.8668427355438766,2.8726561692179975,8.243485622402458,2.8711470917391986,2.873781228883868,2.8536591269755864,2.860227781861875,2.5680876456299817,0.9907150195428646,1.285482151860064,2.453391793044801,36.11300407392769
3.9499999999999598,-1.8116733771484708,1.8116733771484708,5.139703911542668,2.267091509300555,2.469507708388116,8.199821967670006,2.8635331266933175,2.8726245717189194,8.225182711218288,2.867957934004313,2.8737812151608537,2.8508806759959517,2.85718556348092,2.5619423222048097,0.991080013551635,1.280136118021842,2.442541427662058,36.11300401031281
3.9599999999999596,-1.8098391336881532,1.8098391336881532,5.12164183547115,2.2631044685279447,2.4705670387326157,8.180671475406823,2.860187314741261,2.872591966456779,8.206716444027336,2.86473671460875,2.8737811984963275,2.8480795735621047,2.8541138891010345,2.55580711693705,0.9914552498718823,1.2748623924231692,2.431622630717655,36.11300391223864
3.9699999999999593,-1.8077973937116958,1.8077973937116958,5.103474739289102,2.2590871473427274,2.4716246349486326,8.161341803485357,2.8568062243500796,2.872558337798356,8.18809321377133,2.8614844423430523,2.8737811789412375,2.84525542462651,2.851013013488766,2.549686117645816,0.9918398418929766,1.2696327740683868,2.42078211485959,36.11300378039017
3.979999999999959,-1.8055425550766344,1.8055425550766344,5.085206046824759,2.2550401430628146,2.472679959187533,8.141839032955048,2.8533907956946676,2.872523670289273,8.169319482222729,2.8582021415957843,2.873781156550139,2.8424078591759465,2.847883212340667,2.543583555415273,0.9922329070579421,1.2644515022608713,2.4098252580718853,36.11300361549807
3.989999999999959,-1.8030689283543335,1.8030689283543335,5.066839232242583,2.2509640672926308,2.473732478677068,8.122169315978129,2.8499419846688334,2.872487948668366,8.150401779662241,2.8548908524954575,2.873781131381132,2.839536532446262,2.8447247825283863,2.5375038086873856,0.9926335666181166,1.2593435122489816,2.3989999145086047,36.113003418337904
3.9999999999999587,-1.800370739373693,1.800370739373693,5.048377820879013,2.2468595463177072,2.474781665837953,8.102338875846726,2.8464607630962924,2.8724511578822454,8.131346704569317,2.851551631054454,2.873781103495782,2.8366411252443795,2.841538042395262,2.531451407613507,0.993040945473466,1.25427382140171,2.388073991613824,36.11300318972912
4.009999999999959,-1.7974421320318639,1.7974421320318639,5.0298253901030865,2.24272722151025,2.475826998395711,8.082354007019068,2.8429481189460826,2.8724132831000477,8.112160923325291,2.848185549314737,2.8737810729590447,2.833718699765003,2.8383220031914282,2.5254310386902654,0.9934522707700244,1.2492781469720833,2.3772295210846877,36.11300293053415
4.019999999999959,-1.794277171437999,1.794277171437999,5.011185570201369,2.238567749745665,2.47686795948782,8.062221075174374,2.83940505655223,2.8723743097283627,8.092851169928876,2.8447936954951367,2.873781039839176,2.830769699196226,2.835077385151755,2.519447549707503,0.9938671803331438,1.2443386606053972,2.3663502703401975,36.1130026416572
4.0299999999999585,-1.7908698473572773,1.7908698473572773,4.992462045286285,2.2343818038299283,2.477904037766248,8.041946517285695,2.835832596837425,2.872334223426331,8.07342424572338,2.8413771741399243,2.873781004207644,2.8277950758321526,2.8318051727537457,2.5135059550383967,0.9942856643325003,1.2394462811490852,2.3555069837165807,36.11300232404309
4.039999999999958,-1.7872140780032693,1.7872140780032693,4.973658554226964,2.230170072937704,2.4789347274954356,8.021536841709935,2.8322317775404495,2.872293010120904,8.053887019135088,2.837937106268405,2.873780966139023,2.8247915883015375,2.828504253571828,2.507611441304568,0.994704677785314,1.2346420088238552,2.344691220048209,36.11300197867606
4.049999999999958,-1.7833037141753818,1.7833037141753818,4.954778891601395,2.225933263061001,2.4799595286457916,8.000998628293983,2.8286036534470473,2.872250656022259,8.034246425421811,2.8344746295251633,2.8737809257108915,2.821758121171432,2.825174593317328,2.501769373451839,0.9951226837842847,1.2298845453040788,2.33386948809936,36.11300160657834
4.059999999999958,-1.7791325437686505,1.7791325437686505,4.935826908668524,2.221672097468149,2.4809779469827955,7.980338528495838,2.824949296623895,2.872207147639346,8.014509466430717,2.8309908983306036,2.8737808830037186,2.8186938933710803,2.821816335435844,2.495985301275419,0.9955383685031427,1.2251932426048706,2.323134973703706,36.11300120880869
4.069999999999958,-1.7746942966535784,1.7746942966535784,4.916806514358765,2.2173873171727947,2.4819894941517684,7.9595632655192015,2.8212697966552582,2.8721624717955927,7.994683210364048,2.8274870840313397,2.8737808381007452,2.815598351468364,2.818429747426486,2.490264966436688,0.9959505615941915,1.2205794288196927,2.3123550801473156,36.11300078646102
4.079999999999957,-1.769982649961101,1.769982649961101,4.897721676281099,2.2130796814125557,2.4829936877584102,7.938679634460019,2.8175662608819017,2.872116615644698,7.974774791551428,2.8239643750499805,2.873780791087858,2.812466354405397,2.8150128064841216,2.484614310017476,0.9963547602982106,1.2160175768539692,2.3017203698747246,36.11300034066263
4.089999999999957,-1.7649912337697633,1.7649912337697633,4.878576421744754,2.208749968136899,2.483990051445182,7.917694502463005,2.81383981464173,2.8720695666865677,7.954791410226959,2.820423977033765,2.873780742053458,2.809298786348845,2.811566522589649,2.479039480661739,0.9967507876039854,1.2115363905603196,2.291013778859546,36.11299987257268
4.099999999999957,-1.7597136372202922,1.7597136372202922,4.8593748387931335,2.2043989745037385,2.4849781149636296,7.89661480888609,2.810091601511611,2.8720213127833345,7.934740332309296,2.8168671130014804,2.8737806910883235,2.806093361684308,2.8080903265089603,2.473546843358966,0.9971361559161154,1.2071266349964274,2.2804866048212955,36.11299938338035
4.109999999999957,-1.7541434150642894,1.7541434150642894,4.84012107724752,2.200027517384162,2.4859574142427365,7.875447565470354,2.8063227835497386,2.8719718421754745,7.9146288891824685,2.813295023488022,2.873780638285466,2.8028476741910886,2.8045835996506168,2.468142988928468,0.9975082661907553,1.2027741289119454,2.269909421534659,36.11299887430304
4.119999999999957,-1.7482740946639814,1.7482740946639814,4.820819349757594,2.195636433874605,2.486927491453408,7.854199856512836,2.802534541537862,2.8719211434980014,7.894464477475052,2.809708966685883,2.8737805837399826,2.799558038173719,2.801045093750241,2.4628347442689607,0.9978635681647052,1.1985119134923765,2.259472849654552,36.11299834658448
4.129999999999956,-1.7420991834459572,1.7420991834459572,4.801473932855706,2.1912265818156977,2.4878878950691874,7.832878839039211,2.798728075222602,2.871869205796722,7.874254558834972,2.806110218582829,2.873780527548898,2.796224637340695,2.797475509564797,2.4576291834436543,0.9982012870463495,1.194320017966089,2.2490450822902086,36.11299780149276
4.139999999999956,-1.7356121768479171,1.7356121768479171,4.782089168011419,2.1867988403169183,2.488838179923301,7.811491742973085,2.7949046035550276,2.8718160185445525,7.854006659696934,2.8025000730949023,2.873780469811006,2.7928429494119587,2.7938732018366186,2.4525336396773514,0.9985172165573014,1.1901908191995014,2.2387178455415784,36.11299724031826
4.149999999999956,-1.7288065667207861,1.7288065667207861,4.762669462682486,2.1823541102860657,2.489777907262146,7.7900458712983305,2.7910653649275807,2.8717615716578675,7.833728371039163,2.7988798421938665,2.873780410626704,2.789410977932127,2.7902378011380247,2.4475557183490433,0.9988089532017422,1.1861563754627311,2.2284596419208182,36.11299666437159
4.159999999999956,-1.72167585024898,1.72167585024898,4.743219291358194,2.177893314962465,2.490706644795319,7.768548600210535,2.787211617407357,2.8717058555128836,7.813427348125835,2.7952508560281015,2.873780350097821,2.785926008902516,2.78656858939426,2.442703311071095,0.9990735482938516,1.1821964309118127,2.218259490637962,36.11299607498137
4.1699999999999555,-1.714213539358052,1.714213539358052,4.723743196590501,2.1734174004526836,2.491623966742306,7.747007379253299,2.7833446389646572,2.8716488609620487,7.793111310231215,2.7916144630359,2.8737802883274424,2.7823864378374408,2.7828654140156965,2.43798461095448,0.9993088327978559,1.1783048170266384,2.20819091976052,36.11299547349201
4.179999999999955,-1.7064131706365884,1.7064131706365884,4.704245790008166,2.1689273362674384,2.4925294538759393,7.725429731434784,2.7794657276956634,2.871590579350438,7.772788040341234,2.7879720300500206,2.8737802254197278,2.7787899287791262,2.7791277663255998,2.4334081291687726,0.9995120833638181,1.174507039922647,2.1981344324243026,36.11299486126143
4.189999999999955,-1.69826831576807,1.69826831576807,4.684731753308576,2.1644241158582056,2.493422693562743,7.703823253319478,2.775576202037962,2.871531002532128,7.752465384827798,2.7843249423922845,2.873780161479729,2.775134565123979,2.775355357123709,2.4289827129157104,0.9996808578283358,1.170793523393736,2.1882752664440965,36.11299423965865
4.199999999999955,-1.6897725924842157,1.6897725924842157,4.665205839221651,2.159908757151943,2.4943032798002744,7.6821956150899045,2.771677400977593,2.8714701228865462,7.732151253090889,2.780674603956905,2.873780096613196,2.7714195867740696,2.771548484853975,2.4247175649463597,0.9998135319845999,1.1671541883758083,2.178403569500172,36.11299361006144
4.209999999999955,-1.6809196760375587,1.6809196760375587,4.6456728724398,2.15538230308217,2.495170813251591,7.6605545605724465,2.767770684246158,2.8714079333347726,7.711853617162978,2.777022437281157,2.8737800309263872,2.767645512795943,2.767708096393148,2.420622264764185,0.9999093916531528,1.1636022372969956,2.1687471801079647,36.1129929738538
4.2199999999999545,-1.6717033111869066,1.6717033111869066,4.626137750507442,2.1508458221145097,2.4960249012769515,7.63890790722122,2.7638574325064633,2.8713444273557824,7.691580511270094,2.773369883601914,2.8737799645258706,2.7638148455603155,2.7638361387869317,2.416706791669952,0.9999691474823892,1.1601501241222643,2.1591160210563283,36.1129923324235
4.229999999999954,-1.662117324714788,1.662117324714788,4.6066054446632885,2.1463004087646467,2.4968651579628887,7.617263546053481,2.7599390475250503,2.8712795990026097,7.671340031343337,2.7697184028964634,2.8737798975183235,2.7599337102115182,2.759936378864411,2.4129815498193783,0.9999961303441749,1.1567782959234263,2.1496389568835608,36.112991687159486
4.239999999999954,-1.6521556384410578,1.6521556384410578,4.587081000628066,2.141747184106487,2.4976912041487545,7.595629441529625,2.75601695232987,2.8712134429184193,7.651140334474412,2.7660694739059632,2.873779830010324,2.75601695232987,2.75601695232987,2.409457395481011,1.0,1.1534890110726685,2.1402668320905502,36.11299103944925
4.249999999999954,-1.6418122827550385,1.6418122827550385,4.567569539330046,2.137187296268169,2.4985026674508837,7.574013631370518,2.7520925913512646,2.8711459543524716,7.630989638308204,2.7624245941397576,2.873779762108149,2.7520925913512646,2.7520925913512646,2.406145666700126,1.0,1.1503066956527492,2.1309803844141433,36.11299039067625
4.259999999999954,-1.6310814106369058,1.6310814106369058,4.548076257560234,2.1326219209133703,2.4992991822844877,7.552424226304448,2.748167430544298,2.8710771291759607,7.610896220365216,2.758785279858731,2.8737796939175615,2.748167430544298,2.748167430544298,2.4030582155947005,1.0,1.1472182798979471,2.1218847976493596,36.11298974221719
4.269999999999953,-1.619957312167846,1.619957312167846,4.528606428548767,2.128052261705235,2.5000803898834074,7.530869409735679,2.744242957490404,2.8710069638977047,7.590868417286232,2.755153066035757,2.8737796255435955,2.744242957490404,2.744242957490404,2.40020744353189,1.0,1.1442189551079793,2.1128165032809245,36.1129890954393
4.279999999999953,-1.608434429501153,1.608434429501153,4.5091654024535925,2.1234795507500404,2.50084593831785,7.509357437326114,2.740320681476187,2.870935455679681,7.570914623991195,2.7515295062912184,2.873779557090345,2.740320681476187,2.740320681476187,2.3976063394582665,1.0,1.1413111978479347,2.103995779516541,36.11298845169762
4.289999999999953,-1.5965073722879763,1.5965073722879763,4.489758606752159,2.118905049017572,2.501595482510242,7.487896636481313,2.736402133547135,2.8708626023523798,7.551043292744027,2.747916172801497,2.873779488660744,2.736402133547135,2.736402133547135,2.3952685216844944,1.0,1.1385176573115023,2.095231877675518,36.11298781233221
4.299999999999953,-1.5841709335266794,1.5841709335266794,4.4703915465264785,2.114330046735012,2.5023286842493144,7.466495405731743,2.7324888665339047,2.8707884024299615,7.53126293211472,2.744314656178245,2.873779420356349,2.7324888665339047,2.7324888665339047,2.393208283455555,1.0,1.1358254331441673,2.08662252331941,36.11298717866534
4.3099999999999525,-1.571420105818271,1.571420105818271,4.45106980463156,2.1097558637509604,2.5030452122025544,7.445162213999764,2.728582455048732,2.8707128551252006,7.511582105829751,2.7407265653161663,2.8737793522771176,2.728582455048732,2.728582455048732,2.391440642671306,1.0,1.1332318745227812,2.0781776844624655,36.11298655199878
4.319999999999952,-1.5582500979788987,1.5582500979788987,4.4317990417368875,2.1051838498660604,2.5037447419271546,7.423905599742644,2.724684495449454,2.8706359603641904,7.492009431501585,2.737153527206975,2.8737792845211874,2.724684495449454,2.724684495449454,2.389981396159481,1.0,1.1307397163205228,2.0697874693397416,36.112985933610844
4.329999999999952,-1.5446563520088659,1.5446563520088659,4.412584996230371,2.1006153851265514,2.504426955879566,7.4027341699615485,2.720796605768529,2.870557718800804,7.472553579227778,2.7335971867171245,2.8737792171846577,2.720796605768529,2.720796605768529,2.388847178944614,1.0,1.128356295933844,2.061671912276594,36.11298532475362
4.339999999999952,-1.530634560350622,1.530634560350622,4.393433483973867,2.0960518800768906,2.5050915434238075,7.381656599066295,2.7169204256043815,2.8704781318308745,7.453223270050014,2.7300592063268545,2.873779150361361,2.7169204256043815,2.7169204256043815,2.3880555290022074,1.0,1.1260957517570334,2.053624601984163,36.11298472665017
4.349999999999952,-1.516180683402067,1.516180683402067,4.374350397899203,2.0914947759674667,2.505738200838628,7.360681627585368,2.7130576159723128,2.8703972016060892,7.434027274263107,2.726541265828028,2.8737790841426487,2.7130576159723128,2.7130576159723128,2.3876249580382174,1.0,1.1239444149901163,2.0457291386055596,36.112984140491626
4.3599999999999515,-1.5012909672576198,1.5012909672576198,4.355341707433443,2.086945544913293,2.5063666313236688,7.339818060710653,2.7092098591121827,2.8703149310475733,7.414974409564047,2.7230450619782345,2.8737790186171615,2.7092098591121827,2.7092098591121827,2.387575028890218,1.0,1.1219053394765899,2.038035713284235,36.1129835674344
4.369999999999951,-1.4859619615993243,1.4859619615993243,4.336413457742015,2.082405689999433,2.506976545004736,7.319074766666127,2.70537885825001,2.870231323859139,7.396073539030869,2.7195723081085506,2.8737789538706138,2.70537885825001,2.70537885825001,2.3879264402088456,1.0,1.1199816843874237,2.030422364066734,36.11298300859732
4.379999999999951,-1.470190537711304,1.470190537711304,4.317571768778227,2.0778767453288047,2.5075676589383007,7.298460674889784,2.701566337310595,2.87014638454019,7.377333568921262,2.716124733682395,2.873778889985572,2.701566337310595,2.701566337310595,2.388701119147035,1.0,1.118176720546272,2.023030219251839,36.112982465058856
4.389999999999951,-1.453973906533862,1.453973906533862,4.298822834127739,2.073360276007944,2.5081396971153582,7.2779847740180115,2.6977740405782713,2.8700601183982486,7.358763446280759,2.712704083802868,2.873778827041236,2.6977740405782713,2.6977740405782713,2.3899223228607354,1.0,1.116499193783333,2.015789353721532,36.11298193785431
4.399999999999951,-1.4373096367173759,1.4373096367173759,4.28017291963655,2.068857878066193,2.508692390464753,7.257656109661741,2.69400373230286,2.8699725315610984,7.340372156350422,2.709312118665995,2.873778765113224,2.69400373230286,2.69400373230286,2.3916147497088427,1.0,1.1149553564361567,2.008642482200608,36.11298142797301
4.40999999999995,-1.420195672605893,1.420195672605893,4.2616283618112325,2.064371178303755,2.509225476856095,7.237483781963799,2.6902571962479347,2.8698836309885127,7.322168719764151,2.7059506129573303,2.873778704273354,2.6902571962479347,2.6902571962479347,2.3938046611328683,1.0,1.1135396184187714,2.001752440603227,36.11298093635563
4.41999999999995,-1.4026303520603536,1.4026303520603536,4.24319556598033,2.059901834064024,2.5097387011023704,7.217476942927129,2.686536235178511,2.8697934244835492,7.304162189525874,2.702621355189416,2.87377864458944,2.686536235178511,2.686536235178511,2.3965200152988264,1.0,1.1122557315094088,1.9949932023038117,36.112980463891425
4.42999999999995,-1.384612424081985,1.384612424081985,4.224881004206132,2.055451532925584,2.510231814962365,7.197644793503789,2.6828426702853427,2.8697019207033967,7.286361647757283,2.6993261469776644,2.873778586125077,2.6828426702853427,2.6828426702853427,2.3997906136958855,1.0,1.1111076054752838,1.9883407726592914,36.112980011415566
4.43999999999995,-1.366141066125399,1.366141066125399,4.206691212936368,2.05102199230929,2.51070457714301,7.177996580435041,2.6791783405430554,2.869609129169746,7.268776202207006,2.6960668022523118,2.8737785289394404,2.6791783405430554,2.6791783405430554,2.4036482620088924,1.0,1.1100993210820982,1.9819448436414815,36.11297957970655
4.4499999999999496,-1.347215901051779,1.347215901051779,4.188632790385894,2.0466149589959253,2.5111567533017487,7.1585415928332425,2.675545101999449,2.8695150602786685,7.251414982512728,2.692845146404213,2.873778473087083,2.675545101999449,2.675545101999449,2.4081269467155906,1.0,1.1092351448105262,1.9756914169133577,36.11297916948357
4.459999999999949,-1.3278370136134263,1.3278370136134263,4.170712393638895,2.042232208549972,2.511588116049039,7.139289158496864,2.671944826993414,2.8694197253099776,7.234287136208164,2.6896630153623637,2.8737784186177446,2.671944826993414,2.671944826993414,2.4132630290044346,1.0,1.108519545553439,1.9695562602179013,36.11297878140408
4.469999999999949,-1.3080049663970406,1.3080049663970406,4.152936735462897,2.037875544645182,2.511998444951081,7.1202486399504865,2.66837940329903,2.8693231364360594,7.217401824467586,2.6865222546012135,2.873778365576155,2.66837940329903,2.66837940329903,2.4190954577653923,1.0,1.1079572135812292,1.9636399028800628,36.11297841606126
4.479999999999949,-1.2877208151348907,1.2877208151348907,4.13531258082651,2.0335467982877873,2.5123875265328715,7.101429430202414,2.66485073319359,2.8692253067301428,7.200768217581115,2.683424718075973,2.873778314001854,2.66485073319359,2.66485073319359,2.425666003573676,1.0,1.107553082121677,1.9579110613493966,36.11297807398165
4.489999999999949,-1.266986123303221,1.266986123303221,4.117846743113774,2.0292478269333625,2.5127551542816793,7.082840948213382,2.661360732447479,2.8691262501739976,7.184395490155089,2.6803722670843855,2.8737782639290117,2.661360732447479,2.661360732447479,2.433019515763828,1.0,1.1073123519486046,1.9523103544904383,36.112977755622914
4.4999999999999485,-1.245802975893846,1.245802975893846,4.100546080028838,2.0249805134936083,2.5131011286510327,7.064492634070658,2.6579113292340395,2.8690259816650303,7.16829281603246,2.6773667690535903,2.873778215386258,2.6579113292340395,2.6579113292340395,2.44120420487717,1.0,1.1072405194649089,1.946852842198173,36.11297746137155
4.509999999999948,-1.2241739922876138,1.2241739922876138,4.083417489185871,2.0207467652295947,2.513425257065297,7.046393943862902,2.6545044629578043,2.868924517022767,7.152469362929386,2.674410096251019,2.873778168396517,2.6545044629578043,2.6545044629578043,2.450271952956159,1.0,1.1073434088138365,1.941661480087446,36.112977191540764
4.519999999999948,-1.2021023381444431,1.2021023381444431,4.066467903380124,2.0165485125283062,2.5137273539249376,7.028554344252297,2.6511420829997583,2.868821872994694,7.136934286785178,2.6715041244185227,2.873778122976852,2.6511420829997583,2.6511420829997583,2.4602786543496964,1.0,1.1076272086578012,1.936606285025968,36.112976946368526
4.529999999999948,-1.1795917361761152,1.1795917361761152,4.04970428553745,2.012387707559716,2.5140072406125324,7.010983306741536,2.64782614737855,2.868718067261442,7.121696725824011,2.6686507313292256,2.873778079138319,2.64782614737855,2.64782614737855,2.4712845898768157,1.0,1.1080985144183326,1.931690337229667,36.11297672601557
4.539999999999948,-1.156646475769437,1.156646475769437,4.033133623340863,2.0082663228120077,2.5142647454996183,6.993690301634661,2.6445586213269427,2.8686131184412935,7.106765794328065,2.6658517952669585,2.8737780368858292,2.6445586213269427,2.6445586213269427,2.483354837361789,1.0,1.1087643768322253,1.9269339125155898,36.1129765305636
4.549999999999947,-1.1332714213252868,1.1332714213252868,4.01676292353418,2.0041863495030046,2.514499703954432,6.976684791692075,2.641341475783106,2.8685070460939848,7.092150576123179,2.6631091934284594,2.8737779962180183,2.641341475783106,2.641341475783106,2.4965597216866118,1.0,1.1096323579288134,1.9224287724115936,36.1129763600137
4.559999999999947,-1.1094720192445513,1.1094720192445513,4.000599205904374,2.000149795866393,2.514711958350617,6.959976225481469,2.6381766857967395,2.868399870723797,7.077860117779477,2.6604248002489146,2.873777957127134,2.6381766857967395,2.6381766857967395,2.51097530758607,1.0,1.1107105956905732,1.9180682342839561,36.11297621428469
4.569999999999947,-1.0852543034855642,1.0852543034855642,3.984649496945813,1.9961586853118198,2.5149013580769553,6.943574030428027,2.6350662288504303,2.8682916137819072,7.0639034215310605,2.657800485651822,2.873777919598927,2.6350662288504303,2.6350662288504303,2.5266839384069186,1.0,1.1120078789177201,1.9138545723962215,36.11297609321179
4.579999999999947,-1.0606248995890222,1.0606248995890222,3.9689208232113433,1.992215054458565,2.515067759548166,6.927487605568792,2.6320120830970346,2.8681822976679765,7.050289437920341,2.6552381132245637,2.873777883612558,2.6320120830970346,2.6320120830970346,2.5437748239257263,1.0,1.1135337341548872,1.9097898562779447,36.11297599654535
4.589999999999947,-1.0355910271245217,1.0355910271245217,3.9534202043568447,1.9883209510430766,2.515211026216841,6.911726314017805,2.6290162255143663,2.868071945730972,7.037027058174355,2.6527395383215358,2.873777849140518,2.6290162255143663,2.6290162255143663,2.562344680014413,1.0,1.1152985268759104,1.9059340486486684,36.11297592394978
4.599999999999946,-1.010160500465121,1.010160500465121,3.9381546458878023,1.984478431701338,2.5153310285865444,6.896299475150273,2.62608062997888,2.867960582269184,7.024125106321999,2.6503066060971134,2.87377781614856,2.62608062997888,2.62608062997888,2.5824984223827467,1.0,1.1173150805854408,1.9022732683161487,36.11297587500262
4.609999999999946,-0.9843417278417783,0.9843417278417783,3.9231311316182325,1.9806895596277152,2.5154276442261203,6.881216356515892,2.62320726526058,2.8678482325294334,7.011592331062953,2.6479411494712175,2.873777784595645,2.62320726526058,2.62320726526058,2.604349915710237,1.0,1.1196095483259454,1.8987628114831003,36.11297584919377
4.619999999999946,-0.9581437086184187,0.9581437086184187,3.9083566158542133,1.9769564021126549,2.5155007577852473,6.866486165493082,2.6203980929418114,2.867734922705454,6.999437397400787,2.6456449870307215,2.8737777544339047,2.6203980929418114,2.6203980929418114,2.62802277806646,1.0,1.1221816812991918,1.8954036583653502,36.112975845924964
4.629999999999946,-0.9315760287274111,0.9315760287274111,3.893838015316246,1.9732810279623747,2.5155502610112523,6.852118040697877,2.61765506526316,2.8676206799354116,6.987668878054522,2.6434199208704094,2.8737777256086185,2.61765506526316,2.61765506526316,2.6536512384200432,1.0,1.1250464995288498,1.892196495652428,36.112975864509444
4.6399999999999455,-0.9046488542421378,0.9046488542421378,3.8795822008164915,1.9696655048044305,2.5155760527672224,6.838121043162839,2.6149801229001413,2.8675055322985705,6.976295244664751,2.641267734377708,2.873777698058205,2.6149801229001413,2.6149801229001413,2.6813810419977644,1.0,1.1282206731766797,1.889141693497598,36.11297590417168
4.649999999999945,-0.8773729230436859,0.8773729230436859,3.865595988708957,1.9661118962838704,2.5155780390514155,6.824504147303293,2.612375192674914,2.86738950881107,6.9653248588121395,2.6391901899658805,2.8737776717142327,2.612375192674914,2.612375192674914,2.711370393933802,1.0,1.1317427597972176,1.886305816184268,36.112975964047514
4.659999999999945,-0.849759534561191,0.849759534561191,3.8518861321324973,1.962622259155464,2.5155561330179848,6.8112762316899245,2.6098421852077425,2.867272639420799,6.954765962867895,2.6371890267608604,2.8737776465014475,2.6098421852077425,2.6098421852077425,2.7437909255854964,1.0,1.1356191700001952,1.8836290458228826,36.11297604318444
4.669999999999945,-0.8218205375780195,0.8218205375780195,3.838459312068406,1.959198640278317,2.515510254999024,6.798446069648412,2.6073829925134535,2.8671549550013635,6.944626670697531,2.6352659582473894,2.873777622337815,2.6073829925134535,2.6073829925134535,2.778828659471687,1.0,1.1398685090627045,1.8810999219206477,36.11297614054195
4.679999999999945,-0.7935683160989256,0.7935683160989256,3.825322128236135,1.9558430735199936,2.5154403325279175,6.786022319708622,2.604999485548629,2.867036487345112,6.934914958240811,2.6334226698805514,2.8737775991345855,2.604999485548629,2.604999485548629,2.8166849371951694,1.0,1.1445421514141814,1.878717255314488,36.11297625499241
4.689999999999944,-0.7650157732852848,0.7650157732852848,3.812481089852382,1.9525575765780587,2.5153463003639978,6.774013515927294,2.602693511715756,2.866917269155223,6.925638653992405,2.6316608166692768,2.8737775767963756,2.602693511715756,2.602693511715756,2.85757725886008,1.0,1.1496510019971613,1.8764794016179118,36.11297638532193
4.699999999999944,-0.7361763134837302,0.7361763134837302,3.799942606280416,1.949344147727747,2.5152281005184873,6.762428058109795,2.600466892331028,2.866797334036829,6.9168054294092345,2.6299820207387796,2.873777555221265,2.600466892331028,2.600466892331028,2.9017399609670815,1.0,1.1552389909364014,1.8743842205237,36.11297653023151
4.709999999999944,-0.7070638223823594,0.7070638223823594,3.787712977598018,1.9462047625052248,2.5150856822816983,6.751274201957883,2.598321420062938,2.8666767164871647,6.9084227892718095,2.628387868879289,2.873777534300923,2.598321420062938,2.598321420062938,2.949424630716351,1.0,1.1613487258698494,1.8724290294985726,36.11297668833854
4.719999999999944,-0.6776926453240574,0.6776926453240574,3.7757983851137813,1.9431413703366467,2.5149190022514674,6.740560049171664,2.5962588563492015,2.8665554518847305,6.900498062028203,2.6268799100888116,2.87377751392074,2.5962588563492015,2.5962588563492015,3.0009001157013064,1.0,1.168023379486465,1.8706105506633002,36.11297685817846
4.729999999999944,-0.6480775638498752,0.6480775638498752,3.764204881862744,1.940155891123892,2.514728024362784,6.730293537535143,2.5942809287999524,2.866433576477453,6.893038390150302,2.6254596531179644,2.873777493959991,2.5942809287999524,2.5942809287999524,3.056451936154964,1.0,1.1753152850261086,1.8689429759674925,36.11297703820662
4.739999999999943,-0.618233770533125,0.618233770533125,3.7529383831134355,1.9372502117985264,2.514512719918567,6.720482431015721,2.5923893285954795,2.8663111273698334,6.8860507205330235,2.6241285640252126,2.873777474292013,2.5923893285954795,2.5923893285954795,3.116380838573698,1.0,1.183296770233931,1.8674267125749477,36.11297722680052
4.749999999999943,-0.5881768421678986,0.5881768421678986,3.7420046569192715,1.934426182856113,2.5142730676215415,6.711134309908818,2.5905857078870826,2.866188142509073,6.879541794967916,2.622888063751085,2.8737774547844,2.5905857078870826,2.5905857078870826,3.1810001404268275,1.0,1.1920234757428683,1.8660299310778232,36.11297742226213
4.759999999999943,-0.5579227114282475,0.5579227114282475,3.7314093147479914,1.9316856148835377,2.514009053607163,6.702256561059535,2.5888716772098874,2.8660646606701627,6.873518140723226,2.6217395257201326,2.8737774352992256,2.5888716772098874,2.5888716772098874,3.2506314011242123,1.0,1.2015830910412013,1.864746381976767,36.11297762282066
4.769999999999943,-0.5274876370673872,0.5274876370673872,3.721157802223327,1.929030275092469,2.513720671477506,6.693856368193637,2.58724880291665,2.865940721439931,6.867986061262888,2.6206842734795215,2.873777415693274,2.58724880291665,2.58724880291665,3.325597810066801,1.0,1.2120848973038103,1.8635688124341372,36.11297782663531
4.7799999999999425,-0.49688817279545755,0.49688817279545755,3.711255390013408,1.926461883872455,2.5134079223360715,6.6859407023905035,2.585718604641755,2.8658163652000317,6.8629516271372175,2.619723578383265,2.873777395818297,2.585718604641755,2.585718604641755,3.4062145056267155,1.0,1.2236286148920794,1.862488825536636,36.112978031798534
4.789999999999942,-0.466141134919324,0.466141134919324,3.701707164900499,1.9239821113774678,2.513070814823411,6.678516312730764,2.5842825528046975,2.8656916331088755,6.8584206670779855,2.6188586573310872,2.8737773755212848,2.5842825528046975,2.5842825528046975,3.4927748305414936,1.0,1.2363482638804737,1.8614967091310541,36.11297823633929
4.799999999999942,-0.43526356891913714,0.43526356891913714,3.692518021066552,1.9215925741599211,2.5127093651535017,6.6715897171511385,2.582942066162371,2.865566567082491,6.854398759330529,2.6180906705709277,2.8737773546447607,2.582942066162371,2.582942066162371,3.585531299170585,1.0,1.2504006564781225,1.8605812258569319,36.11297843822665
4.809999999999942,-0.40427271503904083,0.40427271503904083,3.6836926516287094,1.9192948318663055,2.512323597150759,6.665167193538778,2.5816985094194824,2.8654412097743025,6.850891223255051,2.617420719573957,2.873777333027083,2.5816985094194824,2.5816985094194824,3.6846698257740456,1.0,1.26597095482959,1.8597293534762644,36.11297863537361
4.819999999999942,-0.37318597309205254,0.37318597309205254,3.675235540458263,1.9170903840086055,2.5119135422876115,6.659254771096755,2.580553190906313,2.865315604553831,6.847903111228718,2.616849844990866,2.8737773105027715,2.580553190906313,2.580553190906313,3.790275592770991,1.0,1.2832956443224317,1.8589259608191202,36.11297882564105
4.8299999999999415,-0.34202086657812436,0.34202086657812436,3.667150954315869,1.9149806668256129,2.511479239722507,6.653858222011644,2.5795073603329075,2.865189795484307,6.845439200879355,2.616379024697942,2.8737772869028464,2.5795073603329075,2.5795073603329075,3.902288918950002,1.0,1.3026222046868305,1.8581533997487178,36.11297900684195
4.839999999999941,-0.310795006301811,0.310795006301811,3.659442935334674,1.9129670502480365,2.511020736338263,6.648983053453161,2.5785622066285625,2.8650638272991857,6.843503987680521,2.616009171941207,2.8737772620551763,2.5785622066285625,2.5785622066285625,4.02044977750097,1.0,1.3242845921471047,1.8573909863419975,36.112979176745654
4.849999999999941,-0.27952605363016275,0.27952605363016275,3.6521152938818737,1.9110508349810775,2.5105380867806164,6.644634499934648,2.577718855875219,2.864937745377572,6.842101677936473,2.6157411335865164,2.873777235784848,2.577718855875219,2.577718855875219,4.144230451475466,1.0,1.3486656437849571,1.8566143344256918,36.11297933308251
4.859999999999941,-0.24823168355177283,0.24823168355177283,3.645171601827663,1.909233249717714,2.510031353496871,6.640817516061829,2.5769783693430237,2.8648115957185443,6.84123618218425,2.615575688483178,2.8737772079145385,2.5769783693430237,2.5769783693430237,4.272757524758513,1.0,1.376254444679452,1.8557944899470835,36.112979473548435
4.869999999999941,-0.21692954769525713,0.21692954769525713,3.638615186248987,1.9075154484954997,2.509500606774491,6.637536769695721,2.5763417416359427,2.8646854249143825,6.840911109038334,2.615513545948163,2.873777178264907,2.5763417416359427,2.5763417416359427,4.4047273641586475,1.0,1.4076487143917507,1.8548967931498634,36.1129795958098
4.87999999999994,-0.18563723748682434,0.18563723748682434,3.6324491235935343,1.9058985082090636,2.508945924779517,6.634796635553847,2.57580989895486,2.864559280122691,6.841129759501747,2.6155553443775084,2.8737771466549855,2.57580989895486,2.57580989895486,4.538323754066778,1.0,1.443584924313963,1.8538793633076818,36.112979697508244
4.88999999999994,-0.15437224756960596,0.15437224756960596,3.6266762343275185,1.9043834262898631,2.508367393594651,6.632601189272019,2.5753836974850985,2.8644332090374305,6.841895121765338,2.6157016499909425,2.8737771129025873,2.5753836974850985,2.5753836974850985,4.671152364637236,1.0,1.485026250333138,1.8526910518001412,36.112979776265774
4.89999999999994,-0.12315193968487576,0.12315193968487576,3.621299078088498,1.9029711185639413,2.507765107256863,6.630954201946897,2.5750639219147353,2.8643072598588475,6.843209866515126,2.6159529557152066,2.8737770768247115,2.5750639219147353,2.5750639219147353,4.8002134675675565,1.0,1.533224504491482,1.8512686327814911,36.1129798296898
4.90999999999994,-0.0919935071362593,0.0919935071362593,3.6163199493622393,1.901662417297623,2.5071391677943686,6.62985913517743,2.574851284089516,2.8641814812623143,6.845076342765156,2.61630968021088,2.8737770382379617,2.574851284089516,2.574851284089516,4.921939689714931,1.0,1.5898969247635644,1.849561189582528,36.11297985537826
4.9199999999999395,-0.06091394000674312,0.06091394000674312,3.6117408737001355,1.9004580694401378,2.5064896852628085,6.629319136620891,2.5747464218095133,2.8640559223660786,6.8474965742311795,2.6167721670468715,2.873776996958959,2.5747464218095133,2.5747464218095133,5.032326025916653,1.0,1.657578025197432,1.8474642389613132,36.112979850924866
4.929999999999939,-0.029929991261637798,0.029929991261637798,3.607563604491158,1.8993587350711707,2.5058167777804705,6.629337036076992,2.574749897772013,2.863930632697932,6.850472256257927,2.617340684026045,2.8737769528047616,2.574749897772013,2.574749897772013,5.127170351093298,1.0,1.7402346897164378,1.8448348213427792,36.112979813924255
4.939999999999939,0.0009418561150020251,0.0009418561150020251,3.6037896202996764,1.8983649860602878,2.5051205715623763,6.629915342110965,2.5748621986644187,2.8638056621608,6.854004753310354,2.6180154226647243,2.8737769055932842,2.5748621986644187,2.5748621986644187,5.2024210939139435,1.0,0.04699356204631082,0.05948259816734324,36.1129797419772
4.949999999999939,0.0316854208264251,0.0316854208264251,3.6004201227777806,1.8974773049440619,2.5044012009530694,6.631056239224102,2.5750837344102235,2.8636810609972665,6.858095097036616,2.6187964978280798,2.873776855143711,2.5750837344102235,2.5750837344102235,5.254596172809832,1.0,0.27044795271837013,0.3518445506867805,36.1129796326958
4.959999999999939,0.06228485369086486,0.06228485369086486,3.597456035158022,1.8966960840255938,2.503658808457909,6.632761585577652,2.575414837570377,2.8635568797530375,6.862743984908009,2.6196839475226796,2.87377680127691,2.575414837570377,2.575414837570377,5.28120304752014,1.0,0.37568578673235914,0.5035906491757419,36.11297948370862
4.9699999999999385,0.0927246666663452,0.0927246666663452,3.594898001329704,1.8960216246999146,2.5028935447726934,6.635032911273419,2.575855762901607,2.8634331692393626,6.86795177943853,2.620677732846702,2.873776743815842,2.575855762901607,2.575855762901607,5.281069531765837,1.0,0.45367535319378377,0.6283462557649422,36.112979292665784
4.979999999999938,0.12298976038764578,0.12298976038764578,3.59274638549913,1.8954541370075748,2.5021055688114324,6.637871417191912,2.5764066870725033,2.8633099804944155,6.873718507984077,2.621777738097583,2.873776682585962,2.5764066870725033,2.5764066870725033,5.254503450597804,1.0,0.5166646881153798,0.7416371064813722,36.11297905724396
4.989999999999938,0.15306545009781453,0.15306545009781453,3.5910012724314813,1.8949937394174898,2.5012950477320595,6.64127797438627,2.5770677085374123,2.8631873647436574,6.880043863118839,2.622983771036115,2.8737766174156087,2.5770677085374123,2.5770677085374123,5.203239194706394,1.0,0.5695511399000235,0.8502929607753091,36.1129787751513
4.999999999999938,0.18293748992079684,0.18293748992079684,3.5896624682693075,1.8946404588389079,2.5004621569599115,6.64525312402784,2.5778388475674423,2.863065373359195,6.886927203583865,2.6242955633052967,2.8737765481363953,2.5778388475674423,2.5778388475674423,5.1301866976683055,1.0,0.6149449306562529,0.9590518711565795,36.112978444132196
5.009999999999938,0.21259209537270285,0.21259209537270285,3.5887295019200516,1.8943942308611614,2.499607080208758,6.649797077896777,2.5787200464371423,2.8629440578181464,6.894367555800383,2.6257127710015014,2.873776474583579,2.5787200464371423,2.5787200464371423,5.039048953160375,1.0,0.6544976501872557,1.0728694976359918,36.112978061972015
5.019999999999937,0.2420159640816009,0.2420159640816009,3.5882016270024315,1.8942549002186668,2.4987300094992007,6.6549097194087405,2.579711169764697,2.86282346966004,6.902363615938112,2.6272349753948756,2.873776396596425,2.579711169764697,2.579711169764697,4.933897767510797,1.0,0.68932741098916,1.2003164818787984,36.112977626501596
5.029999999999937,0.27119629464500355,0.27119629464500355,3.5880778243391664,1.894222221477503,2.4978311451742217,6.660590605166554,2.5808120050027963,2.8627036604432576,6.910913752526531,2.6288616837951992,2.8737763140185555,2.5808120050027963,2.5808120050027963,4.81878931815552,1.0,0.7202855449775676,1.3712299252686124,36.112977135601604
5.039999999999937,0.3001208035911917,0.3001208035911917,3.588356804981163,1.8942958599387698,2.4969106959117,6.6668389670235335,2.5820222630766634,2.8625846817005542,6.920016009594937,2.63059233055883,2.873776226698288,2.5820222630766634,2.5820222630766634,4.697471691860548,1.0,0.7480269919534069,2.722697534815771,36.1129765872068
5.049999999999937,0.32877774044023655,0.32877774044023655,3.5890370137461725,1.8944753927528784,2.495968878733678,6.673653714643256,2.5833415791651047,2.8624665848936623,6.929668110325162,2.632426278231769,2.8737761344889527,2.5833415791651047,2.5833415791651047,4.573202182974765,1.0,0.7730529517360055,2.6367255308782833,36.11297597931
5.0599999999999365,0.3571559008231904,0.3571559008231904,3.5901166332528796,1.894760310237915,2.495005919012173,6.68103343853863,2.5847695136198565,2.862349421367023,6.939867461198874,2.634362818823344,2.873776037249201,2.5847695136198565,2.5847695136198565,4.448665282621265,1.0,0.7957822332370464,2.552690423543124,36.112975309965975
5.069999999999936,0.3852446376649498,0.3852446376649498,3.5915935884295553,1.8951500173942841,2.494022050471345,6.688976413571477,2.5863055530179486,2.862233242300654,6.95061115661977,2.636401175204519,2.873775934843293,2.5863055530179486,2.5863055530179486,4.3259678231113465,1.0,0.8165730089885755,2.4723154860547942,36.112974577295006
5.079999999999936,0.4130338704502412,0.4130338704502412,3.593465551474695,1.8956438356069674,2.4930175151857967,6.697480602892323,2.587949111341319,2.862118098662188,6.9618959839893035,2.6385405026243776,2.8737758271413725,2.587949111341319,2.587949111341319,4.20668425347132,1.0,0.8356917200160305,2.398343617208324,36.11297377948641
5.089999999999936,0.44051409257420765,0.44051409257420765,3.595729947245566,1.8962410045259452,2.4919925635748212,6.70654366229857,2.589699531277436,2.862004041158115,6.9737184292133225,2.6407798903379516,2.873775714019718,2.589699531277436,2.589699531277436,4.091928385396121,1.0,0.8533830990754742,2.334119560687204,36.112972914801695
5.099999999999936,0.46767637682064617,0.46767637682064617,3.598383959049283,1.8969406841146308,2.4909474543923826,6.716162944988228,2.59155608563431,2.8618911201842527,6.986074682615682,2.6431183633382145,2.8737755953609856,2.59155608563431,2.59155608563431,3.982434127890694,1.0,0.8698420169006197,2.2817171754160768,36.11297198157759
5.1099999999999355,0.49451237898583683,0.49451237898583683,3.6014245348098566,1.89774195685553,2.4898824547126366,6.726335506685194,2.5935179788629177,2.8617793857754794,6.998960645233865,2.6455548841847647,2.873775471054424,2.5935179788629177,2.5935179788629177,3.8786340190342194,1.0,0.8852241394724573,2.2413920662283107,36.112970978228795
5.119999999999935,0.5210143397114065,0.5210143397114065,3.604848393583715,1.8986438301018216,2.4887978399107915,6.737058111111238,2.5955843486797416,2.8616688875547647,7.012371935470852,2.6480883549214993,2.873775340996076,2.5955843486797416,2.5955843486797416,3.780729460694466,1.0,0.8997057480357236,2.2113138233383736,36.11296990325059
5.129999999999935,0.5471750845768811,0.5471750845768811,3.6086520323954536,1.899645238563099,2.4876938936391157,6.7483272357792465,2.5977542677819327,2.8615596746815277,7.026303896076657,2.650717619075381,2.873775205088966,2.5977542677819327,2.5977542677819327,3.6887501338792275,1.0,0.913359419133555,2.1893238806193756,36.11296875522112
5.139999999999935,0.5729880224933548,0.5729880224933548,3.612831733364965,1.9007450469131744,2.4865709077978977,6.7601390780816235,2.600026745647364,2.8614517957993697,7.040751601432554,2.6534414637282944,2.873775063243257,2.600026745647364,2.600026745647364,3.60260228820659,1.0,0.9263280355418143,2.1733808490643036,36.112967532803545
5.149999999999935,0.5984471424954932,0.5984471424954932,3.617383571096703,1.9019420525075688,2.4854291825011794,6.7724895616475465,2.602400730411738,2.8613452989832093,7.055709865110556,2.656258621653877,2.8737749153764063,2.602400730411738,2.602400730411738,3.522106801421536,1.0,0.9386757991511296,2.161935532611468,36.11296623474792
5.159999999999934,0.6235470089787463,0.6235470089787463,3.6223034203016518,1.9032349881981605,2.4842690260370612,6.785374342942499,2.604875110814816,2.861240231685866,7.071173247680633,2.6591677735112227,2.8737747614132827,2.604875110814816,2.604875110814816,3.4470284343640403,1.0,0.9504768403484152,2.1538448540349666,36.11296485989284
5.169999999999934,0.6482827554754232,0.6482827554754232,3.6275869636224494,1.9046225252323488,2.483090754822429,6.798788818083519,2.6074487182078037,2.8611366406841285,7.087136064737982,2.662167550087331,2.8737746012862884,2.6074487182078037,2.6074487182078037,3.377097832713554,1.0,0.9617990512595955,2.1483450505197776,36.11296340716693
5.179999999999934,0.6726500770409872,0.6726500770409872,3.6332296996323286,1.9061032762241212,2.4818946933519004,6.812728129843689,2.6101203286139296,2.861034572024361,7.1035923951229565,2.6652565345802937,2.8737744349354424,2.6101203286139296,2.6101203286139296,3.312027736737307,1.0,0.972699880175298,2.144812987871898,36.11296187559006
5.189999999999934,0.6966452213436658,0.6966452213436658,3.6392269509787103,1.9076757981844583,2.4806811741408454,6.82718717481976,2.6128886648343363,2.8609340709676743,7.120536089306345,2.6684332649152656,2.873774262308462,2.6128886648343363,2.6128886648343363,3.2515246729694707,1.0,0.9832281744974974,2.142833941176415,36.11296026427441
5.199999999999934,0.7202649785443388,0.7202649785443388,3.64557387264279,1.9093385955986932,2.47945053766231,6.8421606107370865,2.6157523985914812,2.8608351819347275,7.13796077791326,2.6716962360854684,2.8737740833608223,2.6157523985914812,2.6157523985914812,3.1952971863396242,1.0,0.9934256439673292,2.1421016364922996,36.11295857242529
5.209999999999933,0.7435066700495585,0.7435066700495585,3.6522654602869427,1.9110901235386422,2.478203132277694,6.85764286386665,2.618710152702404,2.8607379484501902,7.1558598803592925,2.6750439025106285,2.873773898055796,2.618710152702404,2.618710152702404,3.1430614641577383,1.0,1.0033280322603182,2.142384544411723,36.112956799341774
5.219999999999933,0.7663681362375135,0.7663681362375135,3.6592965586625006,1.9129287907976347,2.4769393141610347,6.873628136529618,2.621760503274397,2.8606424130869237,7.174226613573298,2.678474680405491,2.8737737063644793,2.621760503274397,2.621760503274397,3.0945450210305623,1.0,1.0129660624059031,2.1435040271797234,36.112954944417126
5.229999999999933,0.7888477232474221,0.7888477232474221,3.6666618700512466,1.9148529630369133,2.475659447216763,6.89011041466555,2.6249019819158104,2.860548617409927,7.19305400078188,2.6819869501513014,2.8737735082658116,2.6249019819158104,2.6249019819158104,3.0494889614216745,1.0,1.0223662052165965,2.1453197459872193,36.11295300713915
5.239999999999933,0.8109442689147731,0.8109442689147731,3.6743559627148312,1.9168609659322795,2.4743639029907962,6.907083475441286,2.6281330779550123,2.860456601920099,7.212334880331539,2.685579058663427,2.873773303746564,2.6281330779550123,2.6281330779550123,3.0076492135049637,1.0,1.0315513080539378,2.147719662533694,36.11295098709018
5.2499999999999325,0.8326570879640712,0.8326570879640712,3.682373279327361,1.9189510883103198,2.4730530605748555,6.924540894878453,2.6314522406607446,2.8603664059978735,7.232061914525277,2.6892493217485947,2.873773092801329,2.6314522406607446,2.6314522406607446,2.968797030878121,1.0,1.0405411124837851,2.1506130317924614,36.1129488839471
5.259999999999932,0.8539859565278345,0.8539859565278345,3.6907081453674446,1.9211215852640469,2.471727306503892,6.942476055478475,2.6348578814574566,2.860278067846769,7.252227598451554,2.692996026445556,2.873772875432489,2.6348578814574566,2.6348578814574566,2.932718983407724,1.0,1.0493526829164186,2.1539253918199277,36.11294669748107
5.269999999999932,0.8749310960908375,0.8749310960908375,3.6993547774471387,1.9233706812383147,2.470387034646524,6.960882153825151,2.6383483761294966,2.860191624436921,7.272824268784447,2.6968174333433192,2.87377265165017,2.6383483761294966,2.6383483761294966,2.899216600821088,1.0,1.0580229593284192,2.1576443509732215,36.11294442755714
5.279999999999932,0.8954931569447218,0.8954931569447218,3.7083072915564324,1.9256965730759434,2.469032646088393,6.979752208145792,2.6419220670083727,2.8601071114486487,7.2938441125350035,2.7007117788714523,2.873772421472193,2.6419220670083727,2.6419220670083727,2.868105788944871,1.0,1.0665500202174103,2.1617124976081583,36.112942074133755
5.289999999999932,0.9156732012468108,0.9156732012468108,3.7175597112031387,1.928097433016065,2.4676645490083664,6.999079065813295,2.645577265137667,2.8600245632161014,7.3152791757349735,2.7046772775573378,2.8737721849240025,2.645577265137667,2.645577265137667,2.839216105609446,1.0,1.0749403370332953,2.1660523576623216,36.11293963726211
5.299999999999931,0.935472685740407,0.935472685740407,3.7271059754293763,1.930571411636818,2.46628315854751,7.018855410772436,2.6493122524105073,2.8599440126710656,7.337121372035178,2.7087121242456123,2.8737719420385925,2.6493122524105073,2.6493122524105073,2.812389958673112,1.0,1.0832033136039048,2.1706253290785456,36.1129371170853
5.309999999999931,0.9548934442451387,0.9548934442451387,3.736939946687091,1.9331166407351346,2.4648888966707796,7.039073770875141,2.653125283674923,2.8598654912869668,7.359362491202062,2.71281449627542,2.8737716928564163,2.653125283674923,2.653125283674923,2.7874817703798187,1.0,1.0913749921135385,2.175398067720869,36.11293451383751
5.319999999999931,0.9739376699554083,0.9739376699554083,3.747055418556423,1.9357312361369858,2.463482192021395,7.0597265251104755,2.657014588802718,2.8597890290231436,7.381994207497134,2.716982555611488,2.8737714374252894,2.657014588802718,2.657014588802718,2.76435713879951,1.0,1.0994442200090924,2.1804137818513594,36.11293182784294
5.329999999999931,0.9926078976693661,0.9926078976693661,3.75744612329202,1.938413300432088,2.4620634797678527,7.080805910716451,2.660978374717925,2.8597146542694496,7.405008087925208,2.721214450925397,2.873771175800285,2.660978374717925,2.660978374717925,2.7428920172215987,1.0,1.1074097176594662,2.185629972264297,36.11292905951472
5.339999999999931,1.0109069859566557,1.0109069859566557,3.768105739183777,1.941160925627697,2.4606332014435672,7.102304030161926,2.665014827381252,2.859642393791235,7.428395600338614,2.7255083196238115,2.8737709080436176,2.665014827381252,2.665014827381252,2.7229719251733506,1.0,1.115295753503909,2.1909763398360482,36.11292620935369
5.34999999999993,1.0288380993738737,1.0288380993738737,3.779027897719737,1.9439721957167333,2.459191804779141,7.124212857988024,2.669122113727288,2.8595722726747894,7.452148121385674,2.7298622898208023,2.873770634224517,2.669122113727288,2.669122113727288,2.704491199530938,1.0,1.1231100581875821,2.1964322952155912,36.112923277947104
5.35999999999993,1.0464046907687117,1.0464046907687117,3.7902061905402364,1.9468451891560963,2.4577397435272617,7.146524247499732,2.673298383551625,2.859504314273291,7.4762569442929685,2.7342744822517306,2.873770354419101,2.673298383551625,2.673298383551625,2.6873522904655602,1.0,1.1308357002005545,2.2020406392709377,36.11292026596723
5.36999999999993,1.063610483724256,1.063610483724256,3.801634176173658,1.9497779812516238,2.4562774772802554,7.169229937299493,2.6775417713454055,2.8594385401533384,7.500713286472055,2.738743012126559,2.873770068710236,2.6775417713454055,2.6775417713454055,2.6714651043338464,1.0,1.1384987249724587,2.207807693362216,36.112917174169944
5.37999999999993,1.080459455205577,1.080459455205577,3.8133053865453492,1.9527686464467184,2.454805471280334,7.192321557655696,2.681850398075123,2.8593749700421167,7.525508296942399,2.743265990920749,2.8737697771873916,2.681850398075123,2.681850398075123,2.656746393791634,1.0,1.1461010392763353,2.2136402513739317,36.11291400339314
5.3899999999999295,1.0969558184460433,1.0969558184460433,3.825213333252562,1.9558152605122403,2.4533241962225874,7.215790636700073,2.686222372905876,2.8593136217752786,7.550633063563452,2.747841528102276,2.8737694799464895,2.686222372905876,2.686222372905876,2.6431191941679337,1.0,1.15362374256087,2.2195243760126444,36.11291075455517
5.399999999999929,1.1131040061272766,1.1131040061272766,3.837351513599381,1.9589159026357872,2.4518341280507796,7.23962860644911,2.6906557948665806,2.859254511245594,7.57607862006972,2.75246773279356,2.8737691770897467,2.6906557948665806,2.6906557948665806,2.6305123043211593,1.0,1.1611062482449583,2.2255381802706022,36.11290742865317
5.409999999999929,1.128908653873668,1.128908653873668,3.849713416386756,1.962068657409,2.450335747746046,7.263826808645495,2.695148754455957,2.859197652352436,7.6018359529038495,2.75714271536746,2.873768868725513,2.695148754455957,2.695148754455957,2.618859809694036,1.0,1.1685231566046221,2.231646919814149,36.11290402676138
5.419999999999929,1.1443745841209525,1.1443745841209525,3.862292527453894,1.9652716167120243,2.4488295411085605,7.2883765004167,2.6996993351884018,2.8591430569521727,7.627896007843566,2.7618645889767235,2.8737685549681036,2.6996993351884018,2.6996993351884018,2.608100644998872,1.0,1.1758766256572895,2.237776788274944,36.11290055002936
5.429999999999929,1.1595067903587655,1.1595067903587655,3.8750823349682024,1.9685228814947016,2.4473159985323103,7.313268859748614,2.704305615079149,2.8590907348095294,7.65424969641934,2.7666314710165754,2.8737682359376278,2.704305615079149,2.704305615079149,2.5981781938365596,1.0,1.1831954842954786,2.2439177711252563,36.11289699968021
5.4399999999999284,1.1743104218105074,1.1743104218105074,3.8880763344620837,1.9718205634545156,2.445795614773083,7.338494990773087,2.7089656680683656,2.8590406935499892,7.6808879021204755,2.7714414845203708,2.8737679117598094,2.7089656680683656,2.7089656680683656,2.5890399225329945,1.0,1.1904417629209145,2.2502069647924383,36.112893377008696
5.449999999999928,1.188790768545237,1.188790768545237,3.9012680336157266,1.9751627866117079,2.4442688887098174,7.3640459288690066,2.7136775653841054,2.8589929386132966,7.707801486388093,2.7762927594884683,2.873767582565808,2.7136775653841054,2.7136775653841054,2.5806370455307523,1.0,1.1976564973305195,2.256511106026332,36.11288968337943
5.459999999999928,1.2029532470484736,1.2029532470484736,3.9146509567859833,1.9785476887823512,2.442736323099453,7.389912645577341,2.7184393768442474,2.858947473208133,7.734981294394396,2.7811834341507207,2.8737672484920327,2.7184393768442474,2.7184393768442474,2.5729242197765383,1.0,1.204811008515142,2.2628040757189463,36.11288592022486
5.469999999999928,1.2168033862793466,1.2168033862793466,3.928218649282186,1.9819734229505162,2.4411984243254863,7.416086053331267,2.723249172097784,2.8589042982680266,7.762418160608144,2.786111656163145,2.873766909679954,2.723249172097784,2.723249172097784,2.5658592656776658,1.0,1.2119169875519968,2.2691225060171263,36.11288208904343
5.479999999999928,1.2303468142239222,1.2303468142239222,3.9419646813906364,1.9854381585409897,2.4396557021403638,7.442557010003155,2.728105021806007,2.8588634124085788,7.790102914147088,2.7910755837395533,2.87376656627591,2.728105021806007,2.728105021806007,2.5594029123506474,1.0,1.218981696560252,2.275543041749458,36.112878191397506
5.489999999999927,1.2435892449372195,1.2435892449372195,3.955882652150101,1.9889400825942698,2.4381086694019567,7.469316323270837,2.733004998764334,2.8588248118860484,7.818026383918635,2.7960733867190672,2.873766218430914,2.733004998764334,2.733004998764334,2.5535185650424665,1.0,1.2259837145401544,2.2819341617400317,36.112874228911465
5.499999999999927,1.2565364661162612,1.2565364661162612,3.969966192881413,1.9924774008458448,2.436557841804297,7.4963547548061,2.7379471789656753,2.858788490557383,7.846179403550668,2.801103247570619,2.8737658663004506,2.7379471789656753,2.7379471789656753,2.5481720927638625,1.0,1.23295898136702,2.288289708127579,36.11287020326961
5.509999999999927,1.269194327174375,1.269194327174375,3.9842089704748256,1.9960483387119725,2.435003737602822,7.523663024288874,2.7429296426064003,2.8587544398417526,7.874552816114855,2.8061633623356386,2.873765510044279,2.7429296426064003,2.7429296426064003,2.5433316343295487,1.0,1.23986038331117,2.2947168407177134,36.11286611621416
5.519999999999927,1.2815687278456085,1.2815687278456085,3.9986046904393975,1.9996511421844054,2.4334468773343505,7.551231813251038,2.7479504750360837,2.8587226486836563,7.903137478645424,2.8112519415102986,2.8737651498262244,2.7479504750360837,2.7479504750360837,2.538967421149872,1.0,1.2467450264962658,2.301161147756197,36.11286196954316
5.5299999999999265,1.2936656073026331,1.2936656073026331,4.013147099719112,2.0032840786366553,2.431887783532055,7.579051768754173,2.7530077676523494,2.8586931035176635,7.931924266456589,2.816367210868744,2.873764785813974,2.7530077676523494,2.7530077676523494,2.535051615260092,1.0,1.2535545554007592,2.3075557523000985,36.11285776510847
5.539999999999926,1.305490933807216,1.305490933807216,4.0278299892810026,2.006945437544579,2.4303269804356864,7.607113506906013,2.758099618742226,2.8586657882348523,7.9609040772624375,2.821507412228867,2.873764418178863,2.758099618742226,2.758099618742226,2.5315581612063807,1.0,1.2603395483454647,2.3138972348000166,36.11285350481361
5.549999999999926,1.3170506948571585,1.3170506948571585,4.042647196480867,2.0106335311241743,2.4287649936973352,7.635407616220543,2.7632241342715114,2.8586406841510223,7.990067835103219,2.8266708041622426,2.873764047095666,2.7632241342715114,2.7632241342715114,2.528462650531116,1.0,1.267054656319023,2.3203565472393666,36.11284919061163
5.559999999999926,1.3283508878604007,1.3283508878604007,4.05759260721261,2.0143466948895887,2.427202350083023,7.663924660827118,2.768379428623742,2.8586177699767292,8.019406494082398,2.8318556626499167,2.8737636727423803,2.768379428623742,2.768379428623742,2.52574219771425,1.0,1.273740254786267,2.32675427958045,36.112844824503085
5.569999999999926,1.3393975113144414,1.3393975113144414,4.072660157847537,2.018083288134446,2.4256395771704096,7.692655183534113,2.7735636252904157,2.858597021789211,8.048911041919085,2.8370602816857957,2.873763295300007,2.7735636252904157,2.7735636252904157,2.5233753265324186,1.0,1.2803575703321224,2.3330865288823213,36.11284040853385
5.5799999999999255,1.3501965564653904,1.3501965564653904,4.087843836970202,2.021841694339644,2.4240772030429527,7.721589708752827,2.7787748575141578,2.8585784130062737,8.078572503320588,2.8422829738294157,2.8737629149523354,2.7787748575141578,2.7787748575141578,2.5213418658936013,1.0,1.2869432009058774,2.339405642882873,36.112835944792984
5.589999999999925,1.3607539994783209,1.3607539994783209,4.103137686917696,2.025620321510844,2.4225157559808235,7.750718745287596,2.7840112688866037,2.8585619143621868,8.108381943180174,2.847522070709931,2.8737625318857174,2.7840112688866037,2.7840112688866037,2.5196228542928165,1.0,1.2934586658397642,2.345775533065096,36.1128314354106
5.599999999999925,1.371075794066067,1.371075794066067,4.118535805129414,2.0294176024488935,2.420955764148922,7.780032788998102,2.789271013902755,2.8585474938856517,8.138330469605107,2.8527759234831445,2.8737621462888483,2.789271013902755,2.789271013902755,2.518200452114234,1.0,1.2999430785502286,2.352070583760986,36.112826882555694
5.609999999999925,1.3811678645975878,1.3811678645975878,4.134032345314569,2.033231994956446,2.4193977552823362,7.809522325340017,2.794552258473621,2.8585351168799087,8.168409236780304,2.8580429032434598,2.8737617583525363,2.794552258473621,2.794552258473621,2.5170578610776464,1.0,1.306352058611276,2.3582878630673636,36.112822288434025
5.619999999999925,1.3910360996476967,1.3910360996476967,4.149621518444813,2.0370619819840567,2.4178422563695916,7.839177831790167,2.799853180398959,2.8585247459050303,8.198609447672945,2.8633214013926107,2.873761368269479,2.799853180398959,2.799853180398959,2.5161792501931197,1.0,1.3127334524627352,2.3645193893875645,36.1128176552859
5.629999999999924,1.4006863460012946,1.4006863460012946,4.165297593579452,2.040906071718993,2.4162897933340575,7.868989780162483,2.8051719698019375,2.8585163407624608,8.228922356583475,2.8686098299670304,2.873760976234031,2.8051719698019375,2.8051719698019375,2.515549687647282,1.0,1.319033857798746,2.3707517922084738,36.112812985384046
5.639999999999924,1.410124403073892,1.410124403073892,4.181054898530832,2.0447627976200153,2.414740890713865,7.898948638820883,2.810506829527529,2.858509858481861,8.259339271548493,2.8739066219257183,2.8737605824419727,2.810506829527529,2.810506829527529,2.5151550780987635,1.0,1.3253069529360115,2.376899069996903,36.11280828103142
5.649999999999924,1.4193560177580742,1.4193560177580742,4.196887820377442,2.0486307184013035,2.413196071340744,7.929044874795435,2.8158559755064596,2.858505253310304,8.289851556601016,2.8792102314004473,2.8737601870902796,2.8158559755064596,2.8158559755064596,2.514982104909161,1.0,1.331501399370455,2.3829590825807117,36.11280354455904
5.659999999999924,1.4283868796578751,1.4283868796578751,4.212790805832463,2.0525084179687214,2.4116558560181107,7.959268955807845,2.8212176370864843,2.8585024767038787,8.320450633893612,2.884519133910124,2.873759790376885,2.8212176370864843,2.8212176370864843,2.5150181768800985,1.0,1.3376554326629138,2.3890407017726987,36.112798778323835
5.6699999999999235,1.437222616716659,1.437222616716659,4.228758361475289,2.0563945053114905,2.410120763198834,7.9896113522125365,2.8265900573327816,2.858501477321747,8.351127985689876,2.889831826541101,2.873759392500444,2.8265900573327816,2.8265900573327816,2.515251379106894,1.0,1.343741091046038,2.3950968910735884,36.1127939847064
5.679999999999923,1.4458687912113954,1.4458687912113954,4.244785053853689,2.060287614352348,2.4085913086630546,8.02006253885924,2.8319714932991893,2.8585022010227124,8.381875156229686,2.895146828095198,2.873758993660097,2.8319714932991893,2.8319714932991893,2.5156704275954556,1.0,1.3497700938667683,2.4010600901911556,36.112789166108875
5.689999999999923,1.4543308961082706,1.4543308961082706,4.260865509464135,2.0641864037591504,2.40706800519645,8.050612996883162,2.8373602162720126,2.8585045908643267,8.412683753473626,2.9004626792071684,2.8737585940552264,2.8373602162720126,2.8373602162720126,2.5162646273216436,1.0,1.3557438775758288,2.406928813422911,36.11278432495278
5.699999999999923,1.46261435174832,1.46261435174832,4.276994414617815,2.0680895567208437,2.405551362269348,8.081253215428495,2.8427545119880637,2.858508587104604,8.443545450731873,2.905777942433295,2.8737581938852177,2.8427545119880637,2.8427545119880637,2.517023833441813,1.0,1.361641590505746,2.4127997610940364,36.11277946367677
5.709999999999923,1.4707245028737597,1.4707245028737597,4.293166515199715,2.071995780690616,2.4040418857170787,8.111973693311048,2.8481526808285835,2.8585141272063654,8.474451988182778,2.9110912023127646,2.8737577933492187,2.8481526808285835,2.8481526808285835,2.517938415389896,1.0,1.3675002084156307,2.4186485765356363,36.11277458473454
5.7199999999999225,1.4786666159528943,1.4786666159528943,4.309376616328119,2.075903807098999,2.402540077421989,8.142764940625572,2.853553037990633,2.8585211458442608,8.505395174286274,2.916401065403432,2.87375739264589,2.853553037990633,2.853553037990633,2.518999223620465,1.0,1.3732750693412956,2.424398534670791,36.112769690592586
5.729999999999922,1.4864458768073132,1.4864458768073132,4.325619581921697,2.079812391039561,2.4010464349974865,8.173617480303188,2.8589539136375017,2.858529574914511,8.536366887097184,2.921706160293534,2.8737569919731643,2.8589539136375017,2.8589539136375017,2.520197558778981,1.0,1.379000109495609,2.430048694540469,36.112764783728075
5.739999999999922,1.4940673885227893,1.4940673885227893,4.341890334181308,2.083720310929782,2.3995614514745527,8.204521849624307,2.864353653029651,2.858539343547392,8.56735907548328,2.9270051375908586,2.873756591527997,2.864353653029651,2.864353653029651,2.521525143100133,1.0,1.3846548652809136,2.435648749269704,36.11275986662666
5.749999999999922,1.5015361696216445,1.5015361696216445,4.358183852993422,2.087626368149584,2.3980856149910914,8.235468601692032,2.8697506166376257,2.8585503781225117,8.598363760252935,2.932296669890844,2.8737561915061205,2.8697506166376257,2.8697506166376257,2.5229740938529863,1.0,1.390233238399031,2.4412652378999957,36.11275494178034
5.759999999999922,1.5088571524961891,1.5088571524961891,4.3744951752619885,2.091529386659912,2.3966194084845345,8.26644830687111,2.875143180238353,2.8585626022869013,8.629373035197082,2.937579451725022,2.873755792101793,2.875143180238353,2.875143180238353,2.5245368986677676,1.0,1.3957642064337348,2.4467786637944524,36.11275001168526
5.769999999999921,1.516035182077514,1.516035182077514,4.390819394175388,2.0954282126036645,2.395163309388091,8.297451554197169,2.880529734996181,2.858575936975942,8.660379068049936,2.9428521994911563,2.8737553935075506,2.880529734996181,2.880529734996181,2.5262063925937293,1.0,1.4012092268872212,2.452188540186753,36.11274507883964
5.779999999999921,1.5230750147324128,1.5230750147324128,4.407151658414943,2.099321713891166,2.393717789331034,8.328468952760838,2.88590868752995,2.8585903004371698,8.691374101373007,2.9481136513664135,2.873754995913952,2.88590868752995,2.88590868752995,2.5279757367507467,1.0,1.4065923410236534,2.457494523929063,36.11274014574156
5.789999999999921,1.5299813173735133,1.5299813173735133,4.423487171311311,2.103208779772306,2.3922833138434103,8.359491133071156,2.8912784599673476,2.85860560825697,8.72235045336656,2.9533625672048056,2.873754599509334,2.8912784599673476,2.8912784599673476,2.529838398449297,1.0,1.411908048764749,2.4628215322810982,36.11273521488687
5.799999999999921,1.5367586667713895,1.5367586667713895,4.439821189954891,2.107088320397342,2.390860342065558,8.390508748402558,2.8966374899877545,2.858621773390181,8.753300518612779,2.958597728420134,2.87375420447955,2.8966374899877545,2.8966374899877545,2.5317881326643086,1.0,1.41713676220916,2.468079980448803,36.11273028876702
5.809999999999921,1.5434115490563636,1.5434115490563636,4.456149024266179,2.110959266368297,2.389449326462813,8.42151247612938,2.901984230854706,2.858638706192631,8.784216768754536,2.963817937855586,2.8737538110077248,2.9019836451697043,2.9019839380121604,2.5338189647582685,0.9999995962401715,1.4223107352740156,2.473232436949333,36.11272536986701
5.81999999999992,1.549944359393181,1.549944359393181,4.472466036031859,2.11482056828277,2.3880507125457697,8.452493019051804,2.9073171514390728,2.858656314456617,8.815091753113682,2.9690220196410944,2.873753419273994,2.90730706238934,2.9073121069010615,2.5359251743578812,0.9999930533625212,1.4274043381006802,2.47827891389249,36.11272046066323
5.82999999999992,1.556361401825092,1.556361401825092,4.488767637912181,2.1186711962718947,2.3866649385964496,8.483441106716896,2.912634736233999,2.8586745034493437,8.845918099252547,2.9742088190395353,2.8737530294552527,2.9125985208802594,2.9126166283879322,2.5381012802967224,0.9999750954614979,1.4324096004355562,2.483219537198322,36.11271556362142
5.83999999999992,1.5626668892687428,1.5626668892687428,4.505049292425021,2.1225101395340897,2.3852924354007614,8.514347496738134,2.9179354853625763,2.8586931759543206,8.876688513482208,2.9793772022827536,2.8737526417249013,2.917852488422457,2.9178939860047883,2.540342026543711,0.999942995882661,1.4373604513588993,2.4881938038881133,36.11271068119454
5.84999999999992,1.56886494365662,1.56886494365662,4.521306510911788,2.1263364058661525,2.3839336259875608,8.545202976116796,2.923217914579205,2.8587122323157343,8.907395781320993,2.9845260563984013,2.8737522562525886,2.9230647419894935,2.9231413252639324,2.5426423690439273,0.9998949293560387,1.442224593243514,2.4930754794299794,36.11270581582074
5.8599999999999195,1.5749595962094873,1.5749595962094873,4.537534852490176,2.1301490211931595,2.3825889253746766,8.575998362568201,2.928480555265512,2.8587315704857903,8.93803276790646,2.9896542890284925,2.873751873203956,2.9282321073219877,2.9283563233555476,2.5449974634044294,0.9998297887560585,1.4469987843440262,2.4978501142946192,36.11270096992128
5.869999999999919,1.5809547878342305,1.5809547878342305,4.553729922998512,2.1339470290985463,2.381258740322215,8.606724505855773,2.933721954421682,2.8587510860750247,8.968592418364066,2.994760828240557,2.8737514927403844,2.9333518075795837,2.933536863399312,2.5474026533632514,0.9997467341798664,1.4517124532529604,2.5025181083702748,36.11269614589854
5.879999999999919,1.586854369631331,1.586854369631331,4.56988737393633,2.137729490355674,2.3799434690934578,8.63737228913557,2.9389406746539763,2.8587706724055884,8.999067758135455,2.9998446223322057,2.8737511150187367,2.938421550561392,2.9386810780229116,2.5498534599848743,0.999645251312799,1.4563393465251704,2.507079950422149,36.11269134613399
5.889999999999919,1.592662103515598,1.592662103515598,4.5860029014054895,2.141495482462078,2.378643501223663,8.66793263031385,2.944135294159195,2.858790220567485,9.029451893269336,3.004904639629906,2.8737507401911047,2.9434393875627416,2.9437872787755355,2.5523455715300263,0.999525052896352,1.46087444371277,2.5116209660843642,36.112686572986185
5.899999999999919,1.598381662922941,1.598381662922941,4.602072245056047,2.145244099177538,2.377359217297054,8.698396483420023,2.9493044067067786,2.8588096194777552,9.059738010677647,3.0099398682826948,2.8737503684045507,2.948403659295581,2.948853929095531,2.5548748339519225,0.999386040462999,1.465336784679141,2.5161143336904965,36.11268182878875
5.909999999999918,1.6040166336189186,1.6040166336189186,4.618091187040874,2.1489744500670254,2.3760909887322863,8.728754839997075,2.954446621619195,2.8588287559426084,9.089919378359616,3.0149493160515344,2.8737499998008578,2.9533128727884668,2.9538795827619,2.557437241974859,0.999228218942697,1.4697182700268359,2.5205010671663897,36.11267711584852
5.919999999999918,1.6095705145726056,1.6095705145726056,4.634055550982733,2.152685660049496,2.3748391775766455,8.758998730511566,2.9595605637512414,2.858847514722455,9.11998934559627,3.019932010094974,2.8737496345162725,2.958165854616263,2.9588629605888377,2.5600289307146156,0.9990518008940358,1.4740059034289428,2.5247818614643323,36.11267243644351
5.929999999999918,1.6150467189102589,1.6150467189102589,4.649961200957456,2.1563768689534433,2.3736041363092375,8.789119225784948,2.9646448734688184,2.858865778599841,9.149941343117694,3.024886996751729,2.8737492726812532,2.962961356492538,2.963802753148551,2.562646167803298,0.9988569354416046,1.4782026530260106,2.5289574793176173,36.11266779282105
5.939999999999918,1.6204485749406352,1.6204485749406352,4.665804040496544,2.160047231080039,2.372386207653409,8.819107438447848,2.969698206627712,2.85888342845026,9.179768883245353,3.029813341320774,2.87374891442022,2.967698880296405,2.9686980336777613,2.565285345984197,0.9986442730914729,1.4823302436018013,2.533028746151407,36.11266318719592
5.949999999999918,1.6257793272306769,1.6257793272306769,4.6815800116124135,2.1636959147746277,2.3711857243986163,8.848954524418842,2.974719234552875,2.8589003433157947,9.20946556001157,3.0347101278394892,2.873748559851298,2.9723764875003393,2.9735471617966467,2.5679429761449244,0.9984134650538118,1.4863617367636182,2.5370820054405003,36.112658621748416
5.959999999999917,1.6310421377337907,1.6310421377337907,4.697285093849236,2.1673221020072755,2.3700030092319673,8.878651684409036,2.979706644018675,2.8589164004815792,9.239025049258215,3.039576458860381,2.873748209086073,2.976994818518409,2.9783497953409346,2.5706156807595186,0.9981659144304327,1.490297085191271,2.5410759214355454,36.112654098622585
5.969999999999917,1.6362400869740836,1.6362400869740836,4.712915303362199,2.170924987963011,2.3688383745796107,8.908190165453583,2.9846591372305116,2.8589314755550346,9.268441108716502,3.044411455226856,2.8737478622293415,2.9815523459435482,2.9831045144460453,2.573300187712491,0.9979015269556321,1.4941433732369676,2.5449656245159193,36.11264961992442
5.979999999999917,1.641376175265327,1.641376175265327,4.728466692027776,2.1745037806423273,2.3676921224581617,8.937561262471206,2.9895754318082033,2.8589454425478364,9.297707578069705,3.049214255848497,2.8737475193788637,2.98604818323927,2.98781022738006,2.575993324479817,0.9976206338734681,1.4979097713335918,2.5487520762438725,36.112645187720034
5.989999999999917,1.6464533239616963,1.6464533239616963,4.74393534658741,2.1780577004724666,2.366564544336342,8.96675631985256,2.994454260771495,2.8589581739605845,9.32681837900052,3.0539840174762736,2.8737471806251182,2.9904824210315004,2.992466339365848,2.5786920126437853,0.9973242194835875,1.5015775053332348,2.5524362835618355,36.11264080403398
5.9999999999999165,1.6514743767517996,1.6514743767517996,4.759317387826904,2.181585979929946,2.3654559210069435,8.995766733078183,2.999294372528009,2.8589695408701106,9.35576751522466,3.058719914478058,2.873746846051056,2.9948534084898846,2.997071390776145,2.5813932627203395,0.9970120655161011,1.5051463564522305,2.5560192945539795,36.11263647084746
6.009999999999916,1.656442100964102,1.656442100964102,4.774608969793491,2.185087863174726,2.3643665224692993,9.024583950366578,3.0040945308639304,2.858979413019398,9.384549072512197,3.0634211386148325,2.873746515731864,2.9991616437847157,3.001625006247519,2.584094169279148,0.9966854053788778,1.5086170529911622,2.5595021943744034,36.11263219009673
6.019999999999916,1.6613591889088888,1.6613591889088888,4.789806279052541,2.188562605696383,2.3632966078223268,9.05319947435295,3.0088535149376994,2.858987658910032,9.413157218698101,3.06808689881791,2.8737461897347263,3.0034075772982765,3.006126794598072,2.586791906338103,0.9963454236621576,1.5120078108487953,2.5629782094322247,36.11262796367144
6.029999999999916,1.6662282592226514,1.6662282592226514,4.804905533985559,2.1920094739725826,2.362246425168276,9.08160486379885,3.013570119276943,2.858994145897145,9.44158620368331,3.072716420967498,2.8737458681185806,3.007588725888983,3.010574901601352,2.5894837230152903,0.9959912940557122,1.5152969322037844,2.566375821710105,36.11262379341297
6.039999999999916,1.6710518582419325,1.6710518582419325,4.819902984131052,2.1954277451401247,2.3612162115272524,9.109791735332934,3.018243153778856,2.8589987402867925,9.469830359427526,3.077308947672873,2.8737455509338905,3.011706496627123,3.014969431250472,2.5921669394227194,0.995624822564169,1.5184840479003117,2.5696739107542967,36.11261968111294
6.0499999999999154,1.6758324613708213,1.6758324613708213,4.834794909569608,2.1988167066787554,2.3602061927625884,9.137751765222944,3.0228714437142283,2.859001307435688,9.497884099934984,3.081863738054456,2.873745238222416,3.015758781927329,3.019308732653495,2.594838942787225,0.9952454119777393,1.5215687291545026,2.572873630035928,36.112615628511634
6.059999999999915,1.6805724744718438,1.6805724744718438,4.849577620354403,2.2021756561079324,2.3592165835170937,9.16547669117883,3.0274538297352827,2.8590017118532325,9.525741921234266,3.08638006752802,2.8737449300169775,3.0197479759440222,3.0235934214556606,2.5974971837850496,0.9948555067299988,1.5245536203938777,2.5759761562171133,36.11261163729654
6.069999999999915,1.6852742352467402,1.6852742352467402,4.864247455988231,2.205503900696671,2.3582475871602524,9.192958314186837,3.031989167887451,2.858999817305776,9.553398401353139,3.0908572275912616,2.873744626341239,3.0236701096979837,3.027820927808164,2.6001391730775154,0.9944532188346938,1.5274483340799572,2.5789826857235343,36.11260770910088
6.079999999999915,1.6899400146220975,1.6899400146220975,4.878800784947901,2.2088007571865558,2.3572993957463475,9.22018850037434,3.036476329625235,2.8589954869230225,9.580848200289402,3.0952945256129345,2.8737443272094816,3.0275266871863127,3.031991436489089,2.6027624780361682,0.994040360299975,1.5302375960817765,2.5818944314339274,36.11260384550224
6.089999999999915,1.6945720181404629,1.6945720181404629,4.893234004256795,2.212065551527982,2.356372189983543,9.247159182905014,3.0409142018322406,2.8589885833065103,9.608086059978646,3.099691284624752,2.873744032626388,3.031318008445498,3.0361045364711945,2.6053647196465373,0.9936179093011972,1.532920857928174,2.5847126194795598,36.11260004802121
6.099999999999914,1.699172387335206,1.699172387335206,4.9075435391061974,2.21529761862965,2.355466139213893,9.273862363903836,3.045301686845465,2.8589789686400855,9.63510680425965,3.1040468431162003,2.873743742586829,3.0350433919004236,3.0401593317770095,2.6079435695804634,0.9931861648499425,1.5354975223877725,2.587482369729327,36.11259631812002
6.109999999999914,1.7037432011010445,1.7037432011010445,4.921725842525861,2.218496302121295,2.3545814014042468,9.300290116411421,3.049637702483923,2.858966504802278,9.6619053388383,3.1083605548324504,2.87374345707565,3.038702245325269,3.0441549791529683,2.610496747427635,0.9927454729119396,1.5379669464047283,2.5902081020147913,36.11259265720137
6.119999999999914,1.7082864770654915,1.7082864770654915,4.935777395104149,2.2216609541296237,2.3537181231480138,9.326434586366952,3.053921182081645,2.858951053480495,9.68847665125059,3.11263178857548,2.8737431760674674,3.0422940708987607,3.048090690706804,2.6130220180776207,0.9922962295717084,1.5403316708152008,2.5928410753956745,36.11258906660713
6.129999999999914,1.712804172934392,1.712804172934392,4.949694704757968,2.2247909350673756,2.352876439677725,9.352287994618946,3.058151074525087,2.85893247628695,9.714815810825415,3.1168599280085423,2.8737428995264716,3.045818470446773,3.0519657366500086,2.6155171892443168,0.9918388843205151,1.5425964106603824,2.595382521438152,36.112585547617236
6.1399999999999135,1.7172981878341795,1.7172981878341795,4.963474306552566,2.227885613435431,2.352056474888298,9.377842638963086,3.062326344294985,2.858910634876214,9.740917968647757,3.121044371464103,2.8737426274062208,3.0492751508696005,3.05577944814427,2.617980109125264,0.9913739434677455,1.5447506659223718,2.5978336740108214,36.11258210144857
6.149999999999913,1.7217703636374755,1.7217703636374755,4.977112762571209,2.2309443656378365,2.3512583413709374,9.403090896206077,3.0664459715126364,2.858885391064308,9.766778357522703,3.1251845317553175,2.8737423596494587,3.052663929750338,3.0595312202502067,2.6204086641888247,0.99090197367547,1.5467937174561168,2.6001957665584623,36.11257872925385
6.159999999999913,1.7262224862689806,1.7262224862689806,4.9906066618345095,2.233966575809609,2.3504821404575433,9.428025224254645,3.0705089519906377,2.8588566069492245,9.792392291940905,3.129279835991167,2.8737420961879194,3.0559847411398473,3.063220514976182,2.6228007770826935,0.9904236056156519,1.5487248130985245,2.602470029469371,36.112575432120686
6.169999999999913,1.730656287000603,1.730656287000603,5.003952620269213,2.236951635657153,2.3497279622755327,9.452638164228455,3.074514297288021,2.8588241450327923,9.817755168045759,3.1333297253952956,2.8737418369421572,3.0592376415128157,3.0668468644242903,2.6251544046576485,0.9899395377491045,1.5505431711205848,2.6046576875248286,36.112572211070635
6.179999999999913,1.735073443716379,1.735073443716379,5.017147280726069,2.2398989443111197,2.348995885812903,9.476922342595937,3.0784610347697985,2.858787868343747,9.842862463602867,3.1373336551286455,2.8737415818213576,3.0624228158883886,3.0704098740300014,2.6274675361009003,0.9894505402249754,1.5522479837883394,2.606759957441057,36.11256906705826
6.1899999999999125,1.739475582174431,1.739475582174431,5.030187313046302,2.2428079081914936,2.3482859789934283,9.500870473331682,3.082348207670847,2.858747640561932,9.867709737971978,3.1412910941159176,2.8737413307231785,3.065537090891517,3.073907464416042,2.6297381911737503,0.988955117058431,1.5538384210059681,2.6087780454788354,36.112566000970304
6.199999999999912,1.743864277227049,1.743864277227049,5.043069414176151,2.245677940884701,2.3475982987618016,9.524475360094174,3.086174875164104,2.858703326143498,9.892292632081803,3.1452015248759184,2.8737410835335777,3.0685804433621975,3.0773391514242814,2.6319644185486406,0.9884538742196204,1.5553136340606415,2.6107131451459376,36.11256301362496
6.209999999999912,1.7482410540381392,1.7482410540381392,5.0557903083288105,2.2485084630325076,2.346932891178561,9.547729898422515,3.089940112433009,2.8586547904469883,9.91660686840793,3.1490644433558246,2.8737408401266618,3.071555963516833,3.0807060306212404,2.634144294241044,0.9879494875800652,1.5566779764465732,2.612571286716034,36.11256010577109
6.219999999999912,1.7526073892613283,1.7526073892613283,5.068346747193073,2.2512989022324583,2.3462897915246113,9.570627077950665,3.0936430107481154,2.8586018998602007,9.940648250954116,3.1528793587693955,2.873740600364532,3.0744635408677494,3.0840075927852055,2.636275920131902,0.987442472312396,1.5579260544474565,2.614405829182787,36.112557278087614
6.229999999999912,1.7569647122087335,1.7569647122087335,5.080735510187819,2.254048692949604,2.3456690244151415,9.593159984637836,3.097282677547827,2.8585445219276973,9.964412665237077,3.1566457934391496,2.8737403640971375,3.077294869081634,3.0872391979796787,2.6383574225766684,0.9869278540629529,1.5590555869114349,2.616158012265638,36.11255453118292
6.239999999999911,1.761314405983224,1.761314405983224,5.092953404761507,2.256757276439251,2.345070603922735,9.615321803013384,3.1008582365231376,2.8584825254788506,9.987896078275021,3.1603632826425225,2.873740131162141,3.0800590631862534,3.090405010441482,2.6403869510972453,0.9864122896059698,1.5600657299493719,2.61782896519461,36.11255186559428
6.249999999999911,1.7656578085917367,1.7656578085917367,5.104997266735697,2.259424100680458,2.344494533709448,9.63710581843476,3.104368827706328,2.858415780756287,10.011094538580007,3.164031374462018,2.8737399013847864,3.08275197074176,3.0935025044251208,2.642362677153381,0.9858935567434981,1.560955635989704,2.6194197962367425,36.11254928178744
6.259999999999911,1.7699962140365342,1.7699962140365342,5.11686396069157,2.26204862031999,2.3439408071676233,9.658505419356784,3.107813607563488,2.8583441595446257,10.034004176154225,3.167649629639336,2.8737396745777763,3.08537075893257,3.09652982684679,2.644282792990326,0.9853703043342893,1.561724457736219,2.620931590677651,36.11254678015619
6.269999999999911,1.774330873370107,1.774330873370107,5.128550380398386,2.2646302966264464,2.343409407569217,9.679514099610662,3.1111917490907985,2.8582675352993543,10.056621202490312,3.171217621433495,2.8737394505411555,3.087922561873364,3.099490173070024,2.646145510559771,0.9848478106963152,1.562371352158096,2.6223654088698294,36.11254436102203
6.2799999999999105,1.7786629957339553,1.7786629957339553,5.1400534492827195,2.2671685974542606,2.3429003082233595,9.700125460690984,3.114502441914436,2.8581857832757374,10.078941910575727,3.1747349354829177,2.8737392290622017,3.09039512039989,3.102376938742349,2.6479490605112965,0.9843184261084958,1.562895484484629,2.6237222843297863,36.112542024633896
6.28999999999991,1.782993749363391,1.782993749363391,5.151370120937289,2.2696629972172717,2.342413472641927,9.720333214048933,3.1177448923940094,2.8580987806576212,10.100962674901162,3.1782011696714796,2.873739009915331,3.0928025922562314,3.1051968926758726,2.6496916912517525,0.9837920663165641,1.5632960322040517,2.62500322189399,36.112539771167945
6.29999999999991,1.7873242625689185,1.7873242625689185,5.16249737966818,2.2721129768715684,2.341948854712823,9.740131183390025,3.1209183237294154,2.85800640668598,10.122679951473078,3.181615933998489,2.8737387928619955,3.0951285555312706,3.1079413360420904,2.6513716680702046,0.9832583029313658,1.5635721890448433,2.626209195922972,36.112537600727435
6.30999999999991,1.7916556246930813,1.7916556246930813,5.1734322410790945,2.2745180239072837,2.3415063988807314,9.759513306974364,3.1240219760709693,2.8579085427871136,10.14409027783027,3.184978850452585,2.8737385776506112,3.0973887024453957,3.1106178375693085,2.6529872723261847,0.9827280289102733,1.5637231689259206,2.627341148551599,36.11253551334266
6.31999999999991,1.7959888870264955,1.7959888870264955,5.184171752691408,2.2768776323490485,2.341086040335029,9.77847363991777,3.12705510663272,2.8578050727003084,10.16519027306438,3.188289552889508,2.8737383640164786,3.0995681882624386,3.1132185085650836,2.654536800699237,0.9821918529264325,1.5637482098728677,2.628399987993983,36.112533508970905
6.3299999999999095,1.8003250637199877,1.8003250637199877,5.194712994598602,2.279191302764777,2.3406877052045836,9.7970063564917,3.1300169898087935,2.85769588260487,10.185976637844425,3.191547686913737,2.873738151681714,3.1016782594707744,3.1157486884328778,2.6560185644978036,0.9816576792414726,1.5636465778583732,2.629386586874451,36.112531587496576
6.339999999999909,1.8046651326421432,1.8046651326421432,5.205053080153737,2.2814585422824885,2.340311310759148,9.815105752420145,3.1329069172926514,2.857580861246364,10.206446154445052,3.1947529097639227,2.8737379403551975,3.1037118949626987,3.1182044673098295,2.657430889025729,0.9811212855160798,1.5634175705887472,2.6303017806171423,36.11252974873128
6.349999999999909,1.8090100362286403,1.8090100362286403,5.215189156688528,2.2836788646148407,2.339956765617039,9.832766247171545,3.135724198199125,2.857459900061931,10.226595686778616,3.197904890202117,2.8737377297325226,3.105669393769323,3.120585653911389,2.6587721130047095,0.9805832950383605,1.563060521187588,2.631146365859229,36.11252799241406
6.359999999999909,1.813360682294382,1.813360682294382,5.225118406262576,2.2858517900910758,2.339623969958805,9.849982386243694,3.13846815918908,2.8573328933045476,10.246422180430756,3.2010033084067184,2.873737519495957,3.1075574121278855,3.1228952943226926,2.6600405880512046,0.9800485094608593,1.5625748017826984,2.6319210989052046,36.11252631821166
6.369999999999909,1.8177179448204486,1.8177179448204486,5.234838046441353,2.287976845696073,2.3393128157465632,9.866748843439666,3.1411381445965834,2.857199738166082,10.265922662699488,3.2040478558691174,2.8737373093144187,3.109361037235168,3.12512549296157,2.661234678206407,0.9795074734551895,1.561959826972587,2.6326266942112406,36.11252472571887
6.379999999999908,1.8220826647113115,1.8220826647113115,5.244345331101396,2.2900535651161955,2.339023186948706,9.883060423132761,3.143733516558419,2.85706033489901,10.28509424263756,3.2070382352939855,2.873737098843453,3.1110928733053376,3.127282334730593,2.662352759517984,0.9789688930712681,1.561215057161302,2.633263822900089,36.11252321445895
6.389999999999908,1.826455650525515,1.826455650525515,5.2536375512612885,2.2920814887916374,2.3387549597696404,9.898912062518397,3.1462536551458142,2.8569145869366457,10.303934111097877,3.209974160503146,2.8737368877252254,3.112752962254254,3.129365537858841,2.6633932196724124,0.9784331544815098,1.560340001745017,2.6338331113017555,36.11252178388411
6.399999999999908,1.8308376791782106,1.8308376791782106,5.262712035936878,2.2940601639749727,2.3385080028842604,9.914298833850877,3.148697958498223,2.856762401011762,10.32243954078191,3.2128553563430007,2.8737366755885225,3.114326774965166,3.1313674188916663,2.664354457676817,0.9778910420792813,1.559334222137829,2.6343351395184498,36.11252043337605
6.409999999999908,1.8352294966141978,1.8352294966141978,5.271566153019286,2.295989144795612,2.338282177676807,9.929215946662975,3.1510658429590097,2.8566036872734393,10.340607886290716,3.2156815585954273,2.8737364620487695,3.115827683457185,3.1332944884255687,2.6652348835893145,0.9773517090750318,1.5581973346246407,2.63477044001211,36.1125191622466
6.419999999999908,1.8396318184566396,1.8396318184566396,5.2801973101741435,2.297867992329878,2.3380773384838105,9.943658749966259,3.153356743212899,2.856438359402025,10.35843658417855,3.2184525138921267,2.8737362467080416,3.117254937767029,3.1351460891848117,2.666032918296949,0.9768149832612711,1.5569290130248805,2.635139496208566,36.112517969738406
6.429999999999907,1.844045330623416,1.844045330623416,5.288602955760575,2.2996962746764136,2.337893332840766,9.957622734429988,3.1555701124250097,2.8562663347220436,10.375923153008607,3.2211679796323267,2.8737360291551104,3.1186003068457686,3.136917762925446,2.666746993340379,0.9762757681435039,1.5555293684287792,2.6354427411210626,36.11251685502571
6.439999999999907,1.8484706899144014,1.8484706899144014,5.296780579768426,2.3014735670366555,2.3377300017322318,9.971103534536503,3.157705422381338,2.856087534312944,10.39306519341087,3.2238277239038178,2.873735808965478,3.119865856418891,3.138610299932319,2.66737555078455,0.9757357305563907,1.5540051731961317,2.6356805559884013,36.112515817215154
6.449999999999907,1.8529085245791614,1.8529085245791614,5.3047277147721825,2.3031994518000785,2.3375871798450136,9.984096930710988,3.159762163630514,2.8559018831175202,10.40986038814162,3.226431525407229,2.8737355857014406,3.1210560470259967,3.140225722483102,2.6679170431346577,0.9751980873813739,1.5523498643288511,2.6358532689191274,36.11251485534666
6.459999999999907,1.857359434853009,1.857359434853009,5.312441936900146,2.304873518633972,2.337464695824091,9.996598851423418,3.161739845626679,2.855709310047891,10.42630650214447,3.2289791733835123,2.873735358912148,3.122170243115573,3.141763467808436,2.6683699332967614,0.9746626936018497,1.5505634280157934,2.635961153547096,36.11251396839448
6.4699999999999065,1.8618239934557297,1.8618239934557297,5.319920866817305,2.306495364577459,2.337362372530975,10.008605375260561,3.163637996873309,2.8555097480888887,10.442401382612557,3.2314704675445447,2.8737351281336876,3.1232025629065765,3.143220306091639,2.668732694582467,0.9741259564230617,1.5486459210212595,2.6360044276994223,36.11251315526813
6.479999999999906,1.8663027460793051,1.8663027460793051,5.327162170720439,2.3080645941395224,2.3372800273041565,10.020112732965911,3.1654561650678263,2.855303134398735,10.458142959051647,3.233905218006806,2.873734892889172,3.1241524007549235,3.144595704878445,2.6690038107571534,0.9735877356549372,1.5465974717472357,2.635983252057648,36.112512414813565
6.489999999999906,1.8707962118384,1.8707962118384,5.334163561343983,2.309580819400781,2.3372174722213135,10.031117309445316,3.1671939172468293,2.855089410406864,10.473529243343833,3.2362832452280554,2.87373465268884,3.125024895523257,3.145892073871084,2.6691817761312566,0.9730516340594572,1.5444182810473859,2.635897728826393,36.112511745814295
6.499999999999906,1.8753048836915296,1.8753048836915296,5.340922798975153,2.3110436601187683,2.33717451436295,10.04161564573622,3.16885083993176,2.8548685219087617,10.488558329811537,3.238604379946945,2.8737344070301702,3.1258195299608342,3.147108948090991,2.6692650956941866,0.9725175343936489,1.5421086227847476,2.6357479004019426,36.11251114699262
6.509999999999906,1.8798292288417047,1.8798292288417047,5.347437692476919,2.3124527438364915,2.337150956077142,10.05160444093828,3.1704265392748465,2.8546404191577017,10.503228395281432,3.2408684631254987,2.8737341553980076,3.126535817365777,3.148245887644673,2.669252285290465,0.9719853270027191,1.539669213681576,2.6355337480328958,36.11251061701094
6.519999999999905,1.884369689103098,1.884369689103098,5.353706100317334,2.313807705994025,2.3371465952450583,10.061080554103198,3.1719206412051353,2.854405056953245,10.517537699148058,3.2430753458943964,2.8737338972647004,3.1271721186925237,3.1493018731205717,2.669141871837726,0.9714541373175122,1.5371145850340697,2.6352551904788846,36.11251015447311
6.529999999999905,1.8889266812523378,1.8889266812523378,5.359725931603824,2.315108190042924,2.3371612255469354,10.070041006081679,3.173332791574448,2.854162394726375,10.531484583436699,3.245224889500988,2.873733632090249,3.1277219974275208,3.1502734402821457,2.6689323935862457,0.9709199502781344,1.53443215268175,2.6349120826535133,36.11250975792583
6.539999999999905,1.8935005973291472,1.8935005973291472,5.3654951471209875,2.316353847563232,2.3371946367281886,10.078482981325209,3.1746626563030613,2.853912396621158,10.545067472865238,3.2473169652599725,2.8737333593224696,3.1281926463176797,3.151164102480708,2.6686224004197,0.9703876353990695,1.5316225585003598,2.634504214270845,36.11250942586014
6.549999999999905,1.8980918049413966,1.8980918049413966,5.371011760370545,2.317544338382881,2.337246614865333,10.086403829640615,3.17590992152495,2.8536550315728033,10.558284874904606,3.249351454506669,2.8737330783971653,3.1285837021930316,3.151973521944375,2.668210454196852,0.9698571119137508,1.52868651661622,2.6340313084593596,36.11250915671293
6.559999999999905,1.9027006475090578,1.9027006475090578,5.376273838612019,2.318679330699271,2.3373169426314,10.093801067895155,3.1770742937323884,2.8533902733820065,10.571135379837482,3.25132824855281,2.873732788738319,3.128894833446176,3.1527013869198184,2.6676951291339117,0.9693283067073246,1.5256248121671716,2.6334930203811733,36.11250894886858
6.569999999999904,1.9073274445128952,1.9073274445128952,5.381279503902788,2.3197585012028274,2.3374053995605437,10.100672381670053,3.178155499919734,2.853118100785462,10.58361766081486,3.2532472486447848,2.8737324897582877,3.129125740192765,3.1533474118371227,2.667075012227323,0.9688011543015435,1.5224483801922999,2.632888935814149,36.11250880066055
6.579999999999904,1.911972491692367,1.911972491692367,5.3860269341361615,2.3207815352023466,2.337511762311515,10.107015626860285,3.1791532877261965,2.8528384975224395,10.595730473910152,3.2551083659242668,2.873732180858016,3.129276154439247,3.153911337477789,2.666348703716716,0.9682755968480029,1.5191598092366474,2.63221856972845,36.112508710373085
6.589999999999904,1.9166360612291147,1.9166360612291147,5.390514364076137,2.3217481267519386,2.337635804929712,10.11282883121848,3.180067425577401,2.8525514523973183,10.607472658170373,3.2569115213911437,2.873731861427263,3.1293458402574883,3.154392931145623,2.6655148175878067,0.9677515841295976,1.5157501342754927,2.63148136483331,36.11250867624298
6.599999999999904,1.9213184018944114,1.9213184018944114,5.394740086387518,2.3226579787793806,2.3377772991074957,10.118110195840847,3.180897702825548,2.852256959337965,10.618843135664122,3.258656645868681,2.87373153084484,3.129334593965921,3.154791986840241,2.664571982115004,0.9672290735700816,1.5122204800348702,2.630676690104948,36.112508696461425
6.6099999999999035,1.9260197391808385,1.9260197391808385,5.398702452660089,2.323510803215705,2.3379360144424726,10.12285809659297,3.181643929887971,2.851955017449869,10.62984091152588,3.2603436799708523,2.87373118847886,3.129239730578479,3.1551070356260436,2.663518840443489,0.966706396247857,1.5085720312511361,2.629803839281447,36.112508769175754
6.619999999999903,1.9307402753934786,1.9307402753934786,5.402399874425564,2.324306321125846,2.3381117186934577,10.12707108547338,3.1823059383838914,2.85164563106593,10.640465073996278,3.26197257407175,2.873730833687,3.1290618227701614,3.1553382889613726,2.6623540512105306,0.9661839894096443,1.5048318404316536,2.6288620293373306,36.11250889249142
6.629999999999903,1.9354801897244645,1.9354801897244645,5.405830824166008,2.325044262840174,2.338304178033835,10.130747891912822,3.1828835812691647,2.8513288097918155,10.650714794457935,3.2635432882770123,2.8737304658167853,3.1288029887450017,3.1554867629413366,2.6610762892057833,0.9656632792906482,1.5009782180514835,2.6278503989216917,36.11250906447393
6.639999999999903,1.9402396382929046,1.9402396382929046,5.408993836312548,2.3257243680867576,2.3385131573020015,10.133887424007156,3.183376732968807,2.851004568546785,10.660589327466445,3.2650557923971903,2.8737300842058677,3.1284631583381626,3.1555523617329073,2.6596842460703103,0.9651442552245783,1.4970117648338122,2.626768006768686,36.112509283150786
6.649999999999903,1.9450187541603332,1.9450187541603332,5.411887508233003,2.3263463861241735,2.3387384202486676,10.136488769681812,3.1837852895071004,2.850672927599911,10.670088010776087,3.2665100659229704,2.873729688182341,3.1280422948989166,3.1555350172396035,2.65817663103405,0.9646269145784665,1.49293475622184,2.62561383007257,36.11250954651354
6.659999999999902,1.9498176473203852,1.9498176473203852,5.4145105012073635,2.3269100758747348,2.3389797297806876,10.138551197785764,3.1841091686350462,2.8503339126016196,10.67921026535993,3.267906098002195,2.8737292770650464,3.127540395499455,3.155434689283427,2.6565521716914287,0.964111262806437,1.4887791086744744,2.624386762826352,36.11250985251987
6.669999999999902,1.954636404653421,1.954636404653421,5.416861541389759,2.327415206057948,2.3392368482011956,10.140074159113093,3.184348309954973,2.849987554610455,10.687955595423798,3.2692438874185874,2.873728850163909,3.1269574911477904,3.1552513657875494,2.6548096148147913,0.9635973135111098,1.4845173203978208,2.623085614127836,36.11251019909562
6.679999999999902,1.959475089861004,1.959475089861004,5.418939420755814,2.3278615553240734,2.339509537445753,10.14105728734999,3.1845026750420526,2.849633890115023,10.696323588413767,3.270523442572116,2.8737284067802755,3.1262936470043856,3.1549850629594394,2.65294772720531,0.963085088512568,1.4801510185444227,2.621709106442797,36.11251058413699
6.689999999999902,1.9643337433681376,1.9643337433681376,5.4207429980341635,2.328248912387626,2.3397975593142717,10.141500399945441,3.184572247562526,2.8492729610510326,10.70431391501674,3.2717447814609164,2.873727946207271,3.125548962602184,3.154635825474177,2.6509652965809676,0.9625746179248369,1.4756987985217125,2.620255873830926,36.1125110055127
6.699999999999902,1.969212382197186,1.969212382197186,5.422271199620933,2.328577076160661,2.3401006756984595,10.141403498903474,3.1845570333883915,2.8489048148133804,10.711926329153659,3.272907931664693,2.873727467730171,3.1247235720696933,3.1542037266576584,2.648861132501214,0.9620659402398343,1.4711664167388379,2.6187244601308945,36.11251146106617
6.709999999999901,1.9741109998100757,1.9741109998100757,5.423523020476089,2.3288458558857195,2.3404186488045258,10.140766771495176,3.1844570607083362,2.8485295042632184,10.719160667964982,3.2740129303295338,2.873726970626776,3.123817644356791,3.153688868669422,2.646634067327829,0.9615591024187433,1.4665368802248169,2.6171133171052916,36.112511948617644
6.719999999999901,1.9790295659321036,1.9790295659321036,5.424497525000408,2.329055071268262,2.340751241370943,10.139590590888604,3.1842723801346837,2.84814708772996,10.72601685178793,3.275059824154046,2.8737264541678087,3.122831383462938,3.153091382684807,2.644282957221485,0.9610541599907949,1.4618192050090002,2.6154208025366277,36.11251246596664
6.729999999999901,1.9839680263317783,1.9839680263317783,5.425193847892023,2.32920455260847,2.341098216880995,10.137875516694663,3.184003064806104,2.847757629008176,10.732494884125112,3.2760486693767406,2.873725917617326,3.121765028667441,3.152411429076157,2.641806683173471,0.9605511771594141,1.4570424064635028,2.6136451782882264,36.112513010894
6.739999999999901,1.9889263025816095,1.9889263025816095,5.425611194981324,2.3292941409322534,2.3414593397699215,10.135622295427266,3.1836492104858642,2.8473611973493402,10.738594851604107,3.2769795317645953,2.873725360233133,3.1206188547614815,3.1516491975927945,2.639204152071963,0.9600502269157295,1.4521761214323499,2.6118002297863616,36.11251358116434
6.7499999999999005,1.9939042917840912,1.9939042917840912,5.425748844043158,2.3293236881213306,2.3418343756264077,10.132831860875926,3.1832109356553686,2.846957867448388,10.744316923927538,3.2778524866027055,2.8737247812672195,3.1193931722815766,3.15080490753947,2.6364742978022124,0.9595513911594388,1.447226412277747,2.609899271684005,36.11251417452824
6.7599999999999,1.99890186627133,1.99890186627133,5.425606145585176,2.3292930570422383,2.342223091388239,10.1295053343891,3.1826883816027447,2.8465477194250672,10.74966135381325,3.2786676186849513,2.8737241799662065,3.1180883277441573,3.149878807953005,2.6336160823799113,0.9590547608270125,1.4422321453555573,2.6079102485819634,36.11251478872463
6.7699999999999,2.0039188732642623,2.0039188732642623,5.425182523611242,2.329202121674124,2.342625255531887,10.125644025066586,3.1820817125062306,2.846130838800043,10.75462847692412,3.279425022305605,2.8737235555718006,3.1167047038809588,3.148871177776822,2.63062849711699,0.9585604360272505,1.437156184287403,2.605830968113626,36.112515421483046
6.7799999999999,2.0089551345215653,2.0089551345215653,5.424477476358762,2.329050767235176,2.3430406382558604,10.121249429859349,3.181391115512104,2.8457073164657554,10.759218711787058,3.2801248012517843,2.8737229073212713,3.1152427198749337,3.1477823260331004,2.6275105638189946,0.9580685261842087,1.4320084698248043,2.6036591318198368,36.112516070526006
6.7899999999999,2.01401044592348,2.01401044592348,5.423490577008922,2.3288388903075545,2.3434690116575982,10.116323233575164,3.180616800806907,2.845277248652009,10.763432559700872,3.280767068796697,2.8737222344479325,3.113702831596375,3.146612591992237,2.624261336013158,0.9575791501875041,1.4268238167017753,2.6013923330421136,36.1125167335714
6.7999999999998995,2.0190845770654655,2.0190845770654655,5.422221474368672,2.328566398960672,2.3439101499037447,10.110867308788603,3.179759001683713,2.8448407368862796,10.767270604632408,3.2813519476935733,2.873721536181636,3.1120855318389626,3.1453623453393362,2.620879900206181,0.9570924365500265,1.4215652168019675,2.599028054758724,36.11251740833469
6.809999999999899,2.024177270775197,2.024177270775197,5.420669893523429,2.3282332128726773,2.344363829393626,10.104883715653791,3.178817974602162,2.844397887948757,10.770733513100692,3.281879570170224,2.873720811749285,3.1103913505554464,3.1440319863374193,2.617365377170686,0.956608523573091,1.4162532853854484,2.5965636674133563,36.11251809253143
6.819999999999899,2.0292882426370022,2.0292882426370022,5.41883563645941,2.327839263449994,2.3448298289157607,10.098374701618592,3.17779399924202,2.843948813822113,10.773822034048521,3.282350077924127,2.8737200603753537,3.1086204412076954,3.142621731845882,2.613716923259226,0.9561272914751908,1.4109048902311445,2.5939964266907554,36.11251878387945
6.829999999999899,2.034417180451566,2.034417180451566,5.4167185826545445,2.327384493944768,2.3453079297972357,10.091342701038805,3.1766873785499894,2.843493631636011,10.776536998701207,3.282763622117987,2.873719281282415,3.1067688078574887,3.141129662130709,2.6099337317446496,0.9556459183849026,1.4054901059739067,2.591323471281533,36.11251948010128
6.839999999999899,2.0395637436790066,2.0395637436790066,5.414318689636929,2.326868859570072,2.345797916045814,10.083790334691065,3.1754984387795036,2.843032463606378,10.778879320411942,3.2831203633756627,2.873718473691693,3.104841578748743,3.139558589668996,2.6060150341855484,0.9551674770686231,1.4000467553663265,2.588541820611233,36.11252017892647
6.849999999999898,2.0447275628430637,2.0447275628430637,5.411635993509727,2.3262923276127028,2.3462995744846147,10.075720409183248,3.174227529523246,2.8425654369694526,10.780849994493437,3.283420471778392,2.8737176368236157,3.102839427169621,3.1379090343444886,2.6019601018154273,0.9546921412889185,1.3945603453877193,2.5856585461108286,36.11252087809386
6.859999999999898,2.049908238894533,2.049908238894533,5.408670609441552,2.3256548775434314,2.3468126948792443,10.067135916261163,3.172875023738118,2.842092683910649,10.782450098035424,3.2836641268612454,2.873716769898381,3.1007630645311695,3.1361815472717476,2.5977682469541654,0.9542200953386438,1.389017389060929,2.582708187735163,36.11252157535394
6.869999999999898,2.055105342548303,2.055105342548303,5.405422732121265,2.3249565011245403,2.347337070057236,10.058040032010434,3.171441317762388,2.841614341488264,10.783680789707564,3.283851517609705,2.8737158721365414,3.0986132405989233,3.134376710935894,2.593438824440224,0.9537515342524268,1.3834712236261923,2.579639754797249,36.11252226847108
6.879999999999898,2.0603184135729653,2.0603184135729653,5.401892636176159,2.324197202514485,2.3478724960197064,10.04843611595256,3.1699268313247484,2.8411305515520753,10.784543309547438,3.283982842456312,2.873714942759593,3.096390743722337,3.1324951393270632,2.588971233082008,0.9532866640259611,1.3778712364161034,2.576449727457599,36.11252295522589
6.8899999999998975,2.0655469600515564,2.0655469600515564,5.398080676552586,2.3233769983695254,2.3484187720450844,10.038327710034219,3.168332007545014,2.8406414606568617,10.785038978733184,3.2840583092772855,2.873713980990572,3.0940964010617966,3.1305374780692596,2.5843649171266763,0.9528257018431833,1.3722477037275413,2.5731344574235497,36.112523633417325
6.899999999999897,2.0707904576027816,2.0707904576027816,5.39398728885797,2.3224959179421543,2.348975700784856,10.027718537508845,3.1666573129261786,2.840147219970928,10.785169199340366,3.284078135389042,2.873712986054675,3.0917310788129653,3.128504404543296,2.579619367744611,0.9523688763114218,1.366604310342224,2.5696901658886713,36.11252430086504
6.909999999999897,2.076048348553116,2.076048348553116,5.389612989663271,2.3215540031761637,2.3495430883512025,10.01661250170981,3.1649032373375667,2.839647985179662,10.784935454082747,3.284042547544527,2.87371195717988,3.089295682428279,3.1263966280035427,2.574734124527668,0.9519164277046374,1.3609136297203575,2.566112941499918,36.11252495541153
6.919999999999897,2.0813200410868746,2.0813200410868746,5.384958376764926,2.3205513087981755,2.3501207443964662,10.005013684714433,3.163070293988806,2.8391439163842063,10.784339306036623,3.2839517819292996,2.873710893597575,3.0867911568353557,3.1242148896881576,2.569708776999268,0.9514686082148509,1.3552370934585376,2.562398738343065,36.11252559492427
6.929999999999897,2.0866049083405818,2.0866049083405818,5.380024129405338,2.319487902405472,2.350708482184373,9.992926345898223,3.1611590193943457,2.838635177995311,10.783382398348213,3.283806084157256,2.8737097945432097,3.084212563605192,3.1219568860319935,2.564542966134247,0.95102183787975,1.3495181123574198,2.5585697319353073,36.11252621729792
6.9399999999998965,2.0919022874599618,2.0919022874599618,5.374811008450954,2.3183638645499447,2.3513061186529547,9.98035492037879,3.159169973328246,2.838121938622449,10.782066453923955,3.283605709265952,2.873708659256942,3.0815621285435943,3.1196240435618114,2.5592363858863663,0.9505771679991931,1.3437912976138076,2.554632395033034,36.11252682045634
6.949999999999896,2.0972114786241165,2.0972114786241165,5.369319856527071,2.3171792888179956,2.35191347446912,9.967304017349107,3.1571037387689858,2.837604370958265,10.780393275103185,3.283350921711413,2.873707486984306,3.0788450311329703,3.1172193366050163,2.553788784721233,0.9501375564280093,1.3380534501964862,2.5505451605036553,36.11252740235471
6.959999999999896,2.1025317440059337,2.1025317440059337,5.363551598108473,2.3159342819062188,2.352530374074828,9.953778418299612,3.154960921833995,2.837082651658456,10.778364743312958,3.2830419953623737,2.873706276976882,3.0760623666396643,3.114743630007391,2.5481999671523456,0.9497032981468412,1.3322872223439435,2.546303421239923,36.11252796098158
6.969999999999896,2.107862306711811,2.107862306711811,5.357507239565029,2.3146289636926753,2.3531566457248547,9.939783075129126,3.152742151703676,2.836556961217177,10.775982818704698,3.2826792134938647,2.873705028492982,3.073215270684915,3.112197820965547,2.5424697952778854,0.9492747012469972,1.3265392598415702,2.541902432429148,36.11252849436075
6.979999999999896,2.11320234966122,2.11320234966122,5.351187869161476,2.3132634673036003,2.3537921215161233,9.9253231081443,3.150448080534624,2.8360274838380626,10.773249539772337,3.282262868780064,2.8737037407983337,3.070304919444787,3.10958283909504,2.5365981903157757,0.9488520872336882,1.3207585437517,2.5373373104047183,36.11252900055333
6.989999999999895,2.1185510144207935,2.1185510144207935,5.344594657010519,2.311837939175348,2.3544366374085994,9.910403803947656,3.1480793833618073,2.8354944073009842,10.770167022951625,3.2817932632863434,2.8737024131667854,3.067332529845801,3.1068996464899596,2.5305851341344905,0.948435791338338,1.3149937399584302,2.5326282837175302,36.11252947765954
6.999999999999895,2.123907399997873,2.123907399997873,5.337728854978595,2.310352539111422,2.3550900332377527,9.895030613214319,3.1456367579894406,2.8349579228246338,10.766737462200403,3.2812707084604287,2.8737010448810105,3.0642942085144287,3.1041465554940095,2.524430670777002,0.9480228099662246,1.3092148302945086,2.527786443395991,36.11252992382058
7.009999999999895,2.129270561588034,2.129270561588034,5.33059179654347,2.308807440334397,2.3557521527186185,9.879209148357603,3.1431209248703116,2.8344182249250682,10.762963128559525,3.280695525122611,2.8736996352332196,3.061187604510108,3.10132268952219,2.5181349079751936,0.9476111225262569,1.3034336922126901,2.522765107323058,36.11253033722045
7.019999999999895,2.134639509255351,2.134639509255351,5.323184896603087,2.3072028295325677,2.3564228434414827,9.862945181083854,3.140532626973306,2.833875511270326,10.75884636969413,3.280068043454911,2.8736981835258923,3.0580221978182536,3.0984333451259287,2.5116980186520035,0.9472064002026891,1.2976637683757546,2.5175588812485756,36.112530716087676
7.0299999999998946,2.140013206588851,2.140013206588851,5.315509651234966,2.3055389069011536,2.357101956859225,9.84624463983688,3.1378726296388897,2.83332998253124,10.754389609415199,3.279388602989161,2.8736966890724944,3.0547993594475233,3.0954796089069445,2.50512024240852,0.9468090276097687,1.291874563551116,2.5121622389929157,36.11253105869697
7.039999999999894,2.1453905692844426,2.1453905692844426,5.307567637405617,2.30381588617789,2.357789348266409,9.829113607132706,3.135141720422333,2.832781842228585,10.749595347180934,3.2786575525938866,2.8736951511982243,3.051520501930896,3.0924626000495823,2.4984018869931757,0.9464194045997674,1.2861201969560503,2.5065985637885553,36.11253136337092
7.049999999999894,2.150770463691188,2.150770463691188,5.299360512629413,2.3020339946728443,2.35848487677016,9.811558316785158,3.1323407089244233,2.832231296576694,10.744466157578012,3.27787525045997,2.8736935692407504,3.0481870794970947,3.0893834703269945,2.491543329750164,0.9460379466330509,1.2803447339646656,2.5008740138812815,36.1125316284815
7.059999999999894,2.1561517052924026,2.1561517052924026,5.290890014576471,2.300193473292295,2.359188405252932,9.793585151023295,3.129470426609476,2.8316785543236693,10.739004689782352,3.2770420640849807,2.873691942550958,3.044792984498576,3.0862394374238358,2.4845450190441603,0.9456601191682967,1.274597696026415,2.4949422541347697,36.11253185245159
7.069999999999894,2.161533057141463,2.161533057141463,5.282157960629114,2.29829457655652,2.359899800327267,9.775200637501484,3.1265317266104122,2.8311238265883634,10.73321366699932,3.276158370256133,2.8736902704937126,3.0413380963837193,3.083030849201264,2.47740747565839,0.9452852730354118,1.268846846064849,2.4887973683458564,36.11253203375651
7.0799999999998935,2.1669132282331836,2.1669132282331836,5.273166247386576,2.2963375726113475,2.3606189322826423,9.756411446203327,3.1235254835207167,2.8305673266942435,10.727095885883248,3.2752245550317993,2.8736885524486078,3.0378325455228357,3.0797634139851575,2.470131294163089,0.9449194500555161,1.26310866115451,2.4824476024513955,36.11253217092526
7.089999999999893,2.1722908718281224,2.1722908718281224,5.263916850117692,2.2943227432333253,2.361345675024565,9.737224386240573,3.1204525931730758,2.83000927000033,10.720654215936094,3.274241013721515,2.8736867878107377,3.034277942900649,3.076438407557929,2.4627171442513545,0.9445631221165551,1.2573876903991323,2.475932585049043,36.11253226254198
7.099999999999893,2.1776645837085344,2.1776645837085344,5.254411822161359,2.2922503838283808,2.362079906006024,9.71764640254849,3.117313972404527,2.829449873729332,10.71389159888523,3.273208150864413,2.87368497599146,3.0306759418614653,3.0730571381226195,2.4551657720394178,0.9442167785283045,1.2516643851821516,2.469187332902109,36.112532307247164
7.109999999999893,2.1830329003875484,2.1830329003875484,5.2446532942746735,2.2901208034238443,2.3628215061514815,9.697684572479096,3.114110558807939,2.8288893567931677,10.706811048040217,3.27212638020603,2.873683116419173,3.027022558407119,3.069617979067111,2.4474780013283497,0.9438772042579644,1.2459780872933437,2.4622057131203747,36.11253230373879
7.119999999999893,2.1883942972431973,2.1883942972431973,5.234643473928691,2.287934324653724,2.3635703597735693,9.677346102293974,3.1108433104696824,2.8283279396160235,10.699415647628602,3.2709961246734305,2.873681208540088,3.0233116166152896,3.066118165249234,2.4396547348242437,0.9435397218709891,1.2402799256826804,2.455022178016214,36.11253225077351
7.129999999999892,2.1937471866094893,2.1937471866094893,5.224384644551889,2.2856912837371297,2.3643263544826865,9.656638323558449,3.107513205693332,2.827765843955122,10.691708552110674,3.269817816348592,2.873679251819007,3.019557735697008,3.062565806449079,2.431696955313936,0.9432132779642671,1.2346278830823512,2.4476305574947728,36.11253214716772
7.139999999999892,2.1990899157877144,2.1990899157877144,5.21387916472149,2.283392030449763,2.3650893810896916,9.635568689439062,3.1041212427092892,2.827203292719378,10.683692985473233,3.2685918964399994,2.873677245740107,3.0157627275176853,3.058962333412354,2.4236057267933746,0.9428984251689111,1.2289712057761704,2.4399861567577874,36.112531991798456
7.149999999999892,2.2044207650059113,2.2044207650059113,5.20312946730289,2.2810369280883838,2.3658593335019202,9.614144770906444,3.100668439370202,2.8266405097861025,10.675372240502403,3.2673188152524086,2.8736751898077175,3.011928446869607,3.055309208881112,2.4153821955457793,0.9425957356260575,1.2233460371455251,2.432103324411662,36.112531783604375
7.159999999999892,2.209737945314817,2.209737945314817,5.192138058537573,2.278626353428217,2.366636108612773,9.592374252845833,3.0971558328320894,2.8260777198159617,10.666749678035575,3.265999032154721,2.8736730835471103,3.008042841844179,3.0516006310266492,2.407027591166828,0.9422966220398373,1.2177346747270126,2.424024751337547,36.11253152158657
7.169999999999892,2.215039596403735,2.215039596403735,5.180907517079973,2.276160696673232,2.3674196061851007,9.570264930077624,3.0935844792210903,2.825515148066336,10.657828726192601,3.2646330155459435,2.8736709265052776,3.0041138931997913,3.047841281031736,2.3985432275341454,0.9420056447121556,1.2121407080453868,2.415678612559741,36.11253120480933
7.179999999999891,2.2203237843773516,2.2203237843773516,5.169440492983875,2.273640361399286,2.368209728728697,9.547824703290502,3.0899554532857754,2.8249530202033006,10.64861287958638,3.263221242819184,2.8736687182517224,3.0001506910940496,3.044036432813306,2.3899305037184764,0.9417281049650646,1.2065781614233515,2.4070861119424913,36.11253083240083
7.189999999999891,2.225588499435794,2.225588499435794,5.157739706639081,2.271065764490117,2.3690063813721456,9.52506157488988,3.0862698480349837,2.8243915621123867,10.639105698513037,3.261764200323659,2.8736664583792386,2.99615525025061,3.040187669166833,2.3811909048340354,0.9414646462647556,1.2010193374332572,2.398288929151827,36.112530403553755
7.199999999999891,2.230831653507478,2.230831653507478,5.145807947659153,2.268437336066208,2.3698094717293468,9.501983644764469,3.0825287743611525,2.8238309997083233,10.629310808121867,3.2602623833246716,2.8736641465046975,2.992120276690601,3.036291708387022,2.372326002825611,0.9412097580275707,1.1955088169296126,2.3892118948744376,36.11252991752585
7.209999999999891,2.236051077807238,2.236051077807238,5.1336480737212336,2.2657555194065475,2.370618909761038,9.478599105973997,3.078733360649148,2.8232715587439556,10.619231897565403,3.258716295961556,2.873661782269825,2.9880427736688357,3.0323475232890242,2.363337457190157,0.9409607340676992,1.189995900506198,2.37991353325874,36.112529373640356
7.2199999999998905,2.241244520326487,2.241244520326487,5.121263009358987,2.263020770863358,2.3714346076316417,9.454916240361264,3.0748847523706093,2.822713464618525,10.608872719129801,3.257126451203545,2.8736593653419864,2.9839384946122904,3.0283639125538953,2.3542270156307286,0.940727257448859,1.1845331931948333,2.3703784738290192,36.11252877128643
7.22999999999989,2.246409643249517,2.246409643249517,5.108655744709983,2.260233559769871,2.3722564795617838,9.430943414091871,3.0709841116638605,2.822156942185501,10.598237087345948,3.2554933708035634,2.8736568954149573,2.979809614928374,3.0243425762007057,2.344996514640793,0.9405100500520958,1.179077196151498,2.360562503174222,36.11252810991944
7.23999999999989,2.251544020304712,2.251544020304712,5.09582933421881,2.257394368341254,2.373084441676857,9.406689073125019,3.067032616899439,2.8216022155601785,10.587328878081683,3.2538175852499296,2.8736543722097014,2.9756468190957546,3.0202792021644633,2.335647880017085,0.9403022100863548,1.1736573177441936,2.3505755483592683,36.112527389061206
7.24999999999989,2.2566451340477682,2.2566451340477682,5.082786895297521,2.254503691568839,2.3739184118520082,9.382161738619123,3.06303146223135,2.821049507927221,10.576152027615521,3.252099633715966,2.873651795475136,2.971449567874676,3.0161740802427817,2.3261831272994007,0.9401026168582354,1.1682608992667292,2.340298751224711,36.11252660830022
7.25999999999989,2.2617103730636074,2.2617103730636074,5.069531606945036,2.251562037107802,2.374758309553935,9.357370002275982,3.0589818571341643,2.8204990413483446,10.56471053169245,3.2503400640075264,2.8736491649888936,2.967233621624926,3.012036048314622,2.3166043621358905,0.9399209704246081,1.1628867640589964,2.329833901779959,36.11252576729161
7.269999999999889,2.266737029113936,2.266737029113936,5.056066708327345,2.2485699251585096,2.3756040556799114,9.332322521627407,3.0548850259260836,2.8199510365703637,10.553008444562177,3.248539432508428,2.8736464805580852,2.9630013169373735,3.0078669200292856,2.306913780572632,0.9397580789292839,1.1575524107731545,2.3191202261892117,36.11252486575728
7.279999999999889,2.271722294197028,2.271722294197028,5.0423954973204985,2.2455278883417367,2.3764555723944554,9.307028015268497,3.0507422072781725,2.819405712833773,10.541049878000607,3.246698304123838,2.873643742020046,2.9587341042268527,3.003657568063781,2.297113669266511,0.9396008384861817,1.1522267175049177,2.3082002162493582,36.11252390348578
7.289999999999889,2.2766632575543797,2.2766632575543797,5.0285213290184885,2.2424364715680327,2.377312782964073,9.281495258041735,3.046554653709947,2.818863287682074,10.528839000315003,3.2448172522216105,2.8736409492430814,2.9544481890176333,2.9994170852810034,2.2872064056206427,0.9394592407284941,1.1469567732030315,2.297073131030135,36.11252288033217
7.299999999999889,2.281556902591313,2.281556902591313,5.014447614208338,2.2392962319015184,2.3781756115905326,9.255733076176366,3.0423236310715476,2.8183239767720516,10.516380035333626,3.2428968585716116,2.8736381021272055,2.9501522621338534,2.9951506345373033,2.2771944578418584,0.9393383081160136,1.1416921984417878,2.285737688960162,36.11252179621784
7.309999999999889,2.2864001037458017,2.2864001037458017,5.0001778178148335,2.2361077384184407,2.3790439832431103,9.229750342387543,3.0380504180127663,2.8177879936851884,10.503677261380568,3.2409377132830812,2.8736352006048667,2.9458402693740036,2.9908556548290592,2.267080384920027,0.9392332295272456,1.1364787300711763,2.2742277511392883,36.1125206511302
7.319999999999888,2.2911896232778757,2.2911896232778757,4.985715457317487,2.2328715720608487,2.3799178234902825,9.203555970940025,3.0337363054392226,2.8172555497404166,10.490735010236627,3.2389404147400778,2.8736322446416604,2.941502375517373,2.9865276064911264,2.2568668365292814,0.9391366283247058,1.131282492081852,2.2625253893043342,36.11251944512231
7.329999999999888,2.295922107991912,2.295922107991912,4.971064101142508,2.229588325485785,2.380797058331337,9.177158912681179,3.029382595956011,2.816726853808418,10.477557666086943,3.236905569535037,2.8736292342370473,2.9371611378688556,2.9821789391202382,2.2465565528514957,0.9390627849111043,1.126122781044672,2.250669555133132,36.1125181783125
7.339999999999888,2.3005940859058267,2.3005940859058267,4.956227367032681,2.2262586029104257,2.3816816140283765,9.150568150048372,3.0249906032991856,2.8162021121276455,10.46414966445657,3.2348337924005572,2.8736261694250373,2.932818693754628,2.977811401671293,2.2361523643227037,0.9390123553821931,1.1209969930106956,2.238656456666977,36.11251685088381
7.349999999999888,2.3052019628440092,2.3052019628440092,4.941208920398206,2.2228830199536382,2.3825714169392036,9.123792692055803,3.0205616517554814,2.815681528122284,10.450515491134743,3.23272570613944,2.873623050274882,2.9284476887000435,2.9734112817882132,2.225657191303437,0.9389661888083314,1.1158932331553475,2.226497079295037,36.11251546308343
7.3599999999998875,2.3097420189781093,2.3097420189781093,4.9260124726517125,2.2194622034744618,2.3834663933515823,9.096841569266081,3.016097075570692,2.8151653022223266,10.436659681089017,3.230581941553103,2.8736198768917403,2.9240803255985126,2.968996102016337,2.2150740436743224,0.9389450677767871,1.1108399524607822,2.2142353596415285,36.112514015222104
7.369999999999887,2.314210405307149,2.314210405307149,4.910641779530825,2.215996791408062,2.3843664693193487,9.069723828751943,3.011598218347186,2.8146536316859727,10.422586817370417,3.2284031373684448,2.8736166494173383,2.919719336253826,2.9645679350892937,2.204406020358626,0.9389500473871122,1.1057975477827378,2.2018189585880052,36.11251250767333
7.379999999999887,2.3186031400788796,2.3186031400788796,4.895100639411701,2.21248743259972,2.3852715705008847,9.042448529053665,3.0070664324310603,2.8141467104245246,10.408301530010752,3.2261899401632803,2.87361336803061,2.9153380065200074,2.960113415516265,2.1936563087737837,0.9389623345422438,1.1008154978932696,2.1893745217946656,36.11251094087266
7.389999999999887,2.32291610516544,2.32291610516544,4.879392891617281,2.208934786637505,2.386181622000417,9.015024735137802,3.0025030782894797,2.8136447288299786,10.39380849491338,3.223943004290457,2.873610032948325,2.910964557786917,2.9556479889328444,2.1828281842143546,0.9390001034356826,1.0958492938851494,2.1767635036580737,36.112509315316835
7.399999999999887,2.3271450423894415,2.3271450423894415,4.8635224147238585,2.205339523684246,2.387096548212652,8.987461513363037,2.9979095238787705,2.813147873605496,10.379112432738813,3.2216629918007893,2.8736066444256947,2.90660489808651,2.951175402237637,2.1719250091692,0.9390665528576276,1.0909276756149953,2.164190655533599,36.11250763156283
7.4099999999998865,2.3312855498017284,2.3312855498017284,4.84749312486996,2.2017023243095237,2.3880162726711993,8.9597679264591,2.993287144003913,2.812656327598932,10.364218107786531,3.21935057236495,2.873603202756966,2.9022294864007594,2.9466808175099883,2.1609502325761065,0.9391409031001554,1.0860396877543246,2.1514974059839287,36.11250589022692
7.419999999999886,2.3353330779322903,2.3353330779322903,4.831308974071434,2.1980238793223865,2.38894071790127,8.93195302852474,2.988637319670077,2.8121702696396063,10.349130326874555,3.217006423194482,2.873599708275993,2.8978708230768215,2.9421819296122003,2.1499073890174953,0.9392442954649858,1.081180490500693,2.13880113353215,36.11250409198364
7.429999999999886,2.3392829259905743,2.3392829259905743,4.8149739485468315,2.1943048896055517,2.3898698052770997,8.904025860050853,2.983961437426907,2.811689874378492,10.333853938218327,3.2146312289620917,2.8735961613567946,2.8935291216404844,2.93767950482685,2.1388000978612576,0.9393760879250752,1.0763727464645556,2.1260908565056496,36.112502237564655
7.439999999999886,2.343130238059897,2.343130238059897,4.798492067057296,2.1905460659518887,2.3908034548845296,8.8759954429751,2.979260888706308,2.8112153121319916,10.318393830310644,3.2122256817214203,2.8735925624140806,2.8891804590746357,2.9331616594561956,2.127632062351233,0.9395192228479007,1.0715814843940699,2.113320675445638,36.112500327757644
7.449999999999886,2.346869999256618,2.346869999256618,4.781867379265088,2.1867481289039867,2.3917415853891844,8.847870775774295,2.974537069154509,2.8107467487294775,10.302754930804298,3.209790480826482,2.873588911903763,2.8848582551120967,2.9286465692020434,2.1164070686522716,0.9396955690600625,1.0668524996636901,2.100654794777434,36.112498363405024
7.459999999999885,2.3504970318775555,2.3504970318775555,4.765103964115144,2.1829118085976686,2.3926841139106454,8.81966082860096,2.969791377959226,2.810284345364761,10.286942205399315,3.20732633285098,2.8735852103234505,2.8805492663380954,2.9241279503095297,2.1051289848553063,0.9398953270784737,1.0621452876184223,2.0879290509102533,36.11249634540275
7.469999999999885,2.35400599156352,2.35400599156352,4.748205928243934,2.179037844610307,2.393630955902994,8.791374538470702,2.9650252171728155,2.809828258451645,10.27096065673678,3.20483395150775,2.873581458212904,2.8762513031503283,2.9196053146818057,2.093801759948339,0.940116172048313,1.0574830235437471,2.075293339475239,36.11249427469889
7.479999999999885,2.3573913634368657,2.3573913634368657,4.731177404420028,2.1751269858148574,2.3945820250420833,8.763020804506931,2.9602399910323034,2.8093786394837292,10.254815323301125,3.2023140575685463,2.8735776561544806,2.871988000641814,2.9150917023315674,2.0824294227597315,0.9403734280329354,1.0528619979716891,2.06269299984217,36.11249215229234
7.489999999999885,2.3606474582831534,2.3606474582831534,4.714022550020728,2.1711799902404976,2.395537233119868,8.734608483249621,2.9554371052772583,2.808935634898615,10.23851127833313,3.199767378784453,2.8735738047735437,2.8677286731769374,2.9105716973298454,2.0710160808807245,0.9406453244732088,1.0482684730831227,2.0501020672346173,36.11248997923135
7.4999999999998845,2.3637684087392112,2.3637684087392112,4.696745545549158,2.167197624940826,2.396496489946067,8.706146384034916,2.950617966466502,2.8084993859466607,10.22205362875577,3.197194649807198,2.8735699047388485,2.8635042952419725,2.9060621789428422,2.0595659195746077,0.94095222680576,1.0437358374839443,2.0376735911316697,36.11248775661198
7.509999999999884,2.366748165533746,2.366748165533746,4.6793505931961485,2.163180665870548,2.397459703257431,8.677643264452366,2.945783981294685,2.8080700285644373,10.20544751411516,3.194596612111639,2.8735659567628997,2.8593064089092732,2.901559371719409,2.048083200680552,0.9412875633801979,1.0392257489956458,2.0252405885199125,36.112485485576684
7.519999999999884,2.369580493770421,2.369580493770421,4.661841915451239,2.159129897771609,2.398426778634813,8.649107825886766,2.940936555909829,2.8076476932530072,10.188698105539094,3.191974013919771,2.873561961602277,2.855130649835831,2.8970616453940927,2.036572261520639,0.9416475252302481,1.0347711518842386,2.0129501416612454,36.11248316731262
7.529999999999884,2.372258969285203,2.372258969285203,4.644223753767025,2.1550461140697257,2.399397619428222,8.620548709151365,2.936077095232917,2.8072325049611924,10.171810604715507,3.189327610126546,2.8735579200579346,2.8510006962848284,2.8925820397887883,2.0250375138192354,0.9420476095839383,1.030353659863993,2.0007444460922748,36.11248080305011
7.539999999999884,2.3747769750738605,2.3747769750738605,4.626500367281008,2.1509301167822743,2.4003721266899696,8.59197449021963,2.931207002280738,2.806824582973923,10.15479024289355,3.186658162227877,2.8735538329754644,2.846883369257747,2.888103846950814,2.013483442644477,0.9424641833515077,1.0259724398901326,1.9885919211510874,36.11247839406095
7.5499999999998835,2.3771276978299514,2.3771276978299514,4.608676031599007,2.1467827164384863,2.401350199115996,8.563393676062434,2.9263276774931466,2.806424040805818,10.137642279909873,3.1839664382511748,2.873549701245326,2.8428200640560743,2.8836493608291844,2.0019146053822503,0.942924996102025,1.0216499829907901,1.976643223358008,36.112475941656676
7.559999999999883,2.3793041245856523,2.3793041245856523,4.590755037644015,2.1426047320128867,2.402331732995381,8.534814700597726,2.921440518065998,2.8060309861001085,10.12037200324284,3.1812532126888047,2.8735455258030473,2.838778830851695,2.87920251921564,1.9903356307537203,0.9434072233647817,1.0173548140273787,1.9647241441414005,36.11247344718688
7.569999999999883,2.3812990394996567,2.3812990394996567,4.572741690574278,2.1383969908729012,2.403316622168003,8.506245920759746,2.916546917291019,2.805645520533016,10.102984727097573,3.1785192664348556,2.8735413076293854,2.8347894326622693,2.874779514356887,1.9787512178881907,0.9439306675070668,1.0131195132068749,1.9529904369357078,36.112470912037395
7.579999999999883,2.3831050207909796,2.3831050207909796,4.554640308774183,2.1341603287415367,2.4043047579902437,8.477695612694873,2.9116482639039476,2.805267739723684,10.085485791524675,3.1757653867256432,2.8735370477504496,2.8308334270980287,2.8703713446948513,1.967166135463764,0.9444818061847132,1.0089240357517697,1.9413597529287447,36.11246833762848
7.589999999999883,2.3847144378573923,2.3847144378573923,4.536455222921244,2.129895589675993,2.405296029308584,8.449171968091047,2.9067459414422596,2.8048977331497835,10.067880561575647,3.172992367084366,2.873532747237795,2.8269279908951717,2.8659876081973996,1.95558522092908,0.9450717921553178,1.0047672683664737,1.9298309101218831,36.112465725413024
7.599999999999882,2.3861194485894166,2.3861194485894166,4.518190775132441,2.1256036260630626,2.4062903224408356,8.420683090647893,2.9018413276138815,2.8045355840688666,10.050174426498113,3.1702010072703772,2.873528407208465,2.823063501330808,2.8616239058976745,1.9440133798202242,0.9456932023848136,1.000674238893235,1.918504328058045,36.11246307687465
7.609999999999882,2.387311996915144,2.387311996915144,4.499851318192653,2.121285298632094,2.40728752116474,8.392236992694462,2.89693579367829,2.804181369445569,10.032372798973908,3.1673921132335208,2.873524028825002,2.8192521165210134,2.85728719826971,1.9324555851877496,0.9463537545580326,0.9966137762426501,1.9072242083349285,36.1124603935258
7.619999999999882,2.388283810598722,2.388283810598722,4.4814412148679,2.1169414764862773,2.408287506713534,8.363841591961584,2.8920307038414346,2.803835159884736,10.014481114403361,3.1645664970740244,2.873519613295416,2.8154852756544764,2.8529736346559953,1.9209168771496903,0.9470467565990387,0.9926108394998883,1.8961904543746706,36.11245767690588
7.629999999999882,2.3890263993132024,2.3890263993132024,4.462964837305579,2.1125730371529357,2.4092901577780497,8.335504708515675,2.887127414665947,2.803497019570557,9.996504830238909,3.161724977008422,2.8735151618731054,2.811778032795307,2.8486916652444765,1.909402362587432,0.9477819985699018,0.9886580556044526,1.8852278731968892,36.11245492857926
7.6399999999998816,2.389531053040294,2.389531053040294,4.444426566523708,2.108180866653454,2.4102953505148346,8.307234061860857,2.882227274498119,2.8031670062117677,9.978449425371469,3.15886837734203,2.873510675856741,2.8081147700932982,2.8444337573388,1.8979172150023393,0.9485478443836479,0.9847412751930864,1.8744443909107007,36.11245215013335
7.649999999999881,2.3897888407990497,2.3897888407990497,4.425830791990746,2.1037658595933975,2.411302958559672,8.279037268216069,2.8773316229131582,2.802845170992984,9.960320399572893,3.1559975284484767,2.8735061565900986,2.804521722869758,2.8402141574889406,1.886466674552196,0.9493619802232487,0.9808975977705979,1.8638052972681942,36.1124493431766
7.659999999999881,2.3897906097700043,2.3897906097700043,4.407181911297176,2.099328919273294,2.412312853045857,8.25092183797381,2.872441790180231,2.80253155853223,9.9421232729979,3.153113266756826,2.873501605461851,2.8009677119379806,2.8360172356290714,1.875056048287694,0.9502018204439946,0.9770941438881048,1.8532869607226072,36.11244650933657
7.669999999999881,2.3895269848102125,2.3895269848102125,4.388484329919719,2.094870957820486,2.413324902626441,8.22289517334701,2.867559096748838,2.8022262068446957,9.923863585748906,3.1502164347468105,2.873497023905305,2.7974882353180464,2.831862025650956,1.8636907106105498,0.9510916378771085,0.9733386165172265,1.8429745001554079,36.112443650257866
7.679999999999881,2.3889883684491595,2.3889883684491595,4.369742461078484,2.0903928963423324,2.4143389734996448,8.194964566210317,2.862684852758039,2.801929147312786,9.905546897507197,3.1473078809527353,2.8734924133980986,2.794059434197112,2.827736702534033,1.85237610397621,0.9520139570417269,0.9696519277089527,1.8327343927543214,36.112440767600184
7.6899999999998805,2.3881649413563366,2.3881649413563366,4.350960725687022,2.085895665100971,2.415354929436517,8.167137196142049,2.857820357570092,2.801640404662466,9.88717878723382,3.144388459976569,2.8734877754618404,2.790695608710295,2.82364925817936,1.8411177398656648,0.9529781952157746,0.9660076403858678,1.8227494236752457,36.11243786303626
7.69999999999988,2.387046663351186,2.387046663351186,4.332143552394723,2.0813802037097218,2.416372631809856,8.139420128672754,2.852966899330021,2.801359996945966,9.868764852943633,3.1414590325107907,2.873483111661705,2.78740476202349,2.819604393316156,1.8299212000525213,0.9539893713185592,0.9624214120083943,1.81281323229124,36.11243493824989
7.70999999999988,2.385623274980998,2.385623274980998,4.313295377720569,2.0768474613511145,2.4173919396233443,8.11182031374616,2.84812575455266,2.8010879355308287,9.850310711555851,3.138520465371518,2.8734784236059685,2.7841613003070713,2.815589396438132,1.8187921381933234,0.9550286997515164,0.9589003166530533,1.8031406459422854,36.11243199493391
7.71999999999988,2.383884299738556,2.383884299738556,4.294420646276634,2.072298397016374,2.418412709539764,8.084344584398043,2.8432981877386765,2.800824225095348,9.831821998824356,3.135573631542458,2.8734737129454992,2.7809930239280978,2.8116192115846292,1.8077362817710456,0.9561152498082285,0.9554258612150471,1.7935283594511644,36.112429034788164
7.72999999999988,2.3818190469290847,2.3818190469290847,4.275523811079357,2.0677339797661007,2.4194347959070996,8.056999655658306,2.8384854510210733,2.800568863630373,9.813304369351025,3.132619410230203,2.8734689813731817,2.7778986823135985,2.807693714222937,1.7967594344238456,0.9572475295571583,0.9520158774160428,1.7841560131069163,36.112426059517475
7.739999999999879,2.379416615272353,2.379416615272353,4.2566093339459545,2.0631551890117126,2.420458050781282,8.029792123681192,2.83368878384363,2.800321842447505,9.794763496685116,3.1296586869313905,2.8734642306233007,2.7748555973410345,2.803801711980762,1.7858674786934894,0.958408752625869,0.9486715885896672,1.7748648065546628,36.11242307082975
7.749999999999879,2.376665897261428,2.376665897261428,4.2376816859728725,2.0585630148171012,2.421482323944235,8.00272846510836,2.8289094126727283,2.800083146193651,9.776205073511708,3.1266923535122078,2.873459462470855,2.7718861901881,2.799955312414395,1.7750663792304306,0.9596142754863225,0.9453785399530149,1.7658011875551862,36.11242007043384
7.759999999999879,2.373555584347067,2.373555584347067,4.218745348092569,2.0539584582197783,2.4225074629158923,7.975815036668991,2.8241485507439212,2.799852752871942,9.757634811932016,3.1237213083007287,2.8734546787308166,2.7689892361652246,2.7961543878984605,1.7643621864953132,0.9608626288180355,0.9421524613611976,1.7568273054199843,36.11241706003767
7.769999999999879,2.370074173003731,2.370074173003731,4.199804811704416,2.049342531570654,2.423533312958746,7.949058075020926,2.819407397844612,2.799630633868983,9.739058443838095,3.120746456192508,2.873449881257338,2.766163072044993,2.7923985805665534,1.7537610409997366,0.9621520274949021,0.9389971577633917,1.7480801153135233,36.11241404134625
7.779999999999879,2.3662099717079954,2.3662099717079954,4.180864579374936,2.0447162588914227,2.4245597170734814,7.92246369683622,2.81468714013409,2.7994167539883947,9.720481721384424,3.117768708769851,2.8734450719428866,2.763395057544378,2.7886818843131165,1.7432691781324805,0.9634727899759604,0.9358980874624462,1.7394191237271093,36.11241101605966
7.789999999999878,2.3619511089192806,2.3619511089192806,4.161929165601934,2.040080676248352,2.4255865159842496,7.8960378991341145,2.8099889500021376,2.7992110714906304,9.701910417558372,3.114788984435121,2.8734402527173284,2.7606953740100333,2.785010037630151,1.7328929336210583,0.9648316135526069,0.9328643915953809,1.730995417858407,36.11240798587123
7.799999999999878,2.3572855420919065,2.3572855420919065,4.1430030976366785,2.0354368321411203,2.4266135481120443,7.869786559863894,2.8053139859673273,2.7990135381390098,9.683350326851379,3.1118082085583905,2.873435425546946,2.758063664179866,2.781383342803236,1.7226387496825348,0.9662276446962688,0.929911311159353,1.722642411332587,36.112404952465546
7.809999999999878,2.352201067788123,2.352201067788123,4.124090916357628,2.0307857879051716,2.4276406495347014,7.843715438739549,2.800663392616033,2.798824099251914,9.664807266032392,3.1088273136397255,2.873430592433386,2.7554977808589554,2.777801179193253,1.7125131819219521,0.9676587374272018,0.9270198836240867,1.7145487150085037,36.112401917516564
7.819999999999878,2.346685332944,2.346685332944,4.105197177188589,2.0261286181258553,2.428667653932026,7.817830178327489,2.7960383005830747,2.7986426937611033,9.64628707502442,3.1058472394862595,2.873425755412556,2.752995451827641,2.774262861033986,1.7025229070415973,0.969122646965717,0.9241921276082661,1.7065200488004861,36.1123988826858
7.8299999999998775,2.3407258473665715,2.3407258473665715,4.086326451053836,2.021466411062483,2.4296943925145316,7.7921363053880475,2.7914398265748175,2.7984692542760596,9.627795617885063,3.102868933404223,2.8734209165534415,2.750554278453838,2.77076763746273,1.6926747314297115,0.9706170272764572,0.9214515326639248,1.6987408862671396,36.11239584962039
7.839999999999877,2.334309997466269,2.334309997466269,4.067483325361962,2.016800269080199,2.430720693934372,7.766639232470591,2.786869073435383,2.7983037071543233,9.609338783890973,3.0998933504059414,2.873416077956867,2.7481717349544543,2.7673146928953636,1.6829756007031005,0.9721394290647478,0.9187826152041736,1.6910564093592586,36.11239281995139
7.849999999999877,2.3274250613550445,2.3274250613550445,4.048672405009916,2.0121313090874353,2.431746384177015,7.741344259761548,2.7823271302565318,2.798145972577697,9.590922488725969,3.0969214534317735,2.87341124175418,2.745845168376304,2.7639031477756566,1.6734326102846142,0.9736872982866892,0.9161834488476078,1.683572278177192,36.11238979529184
7.859999999999877,2.3200582253038724,2.3200582253038724,4.0298983133979895,2.0074606629764853,2.4327712864323194,7.716256577183633,2.777815072531581,2.7979959646342705,9.572552675771723,3.0939542135868336,2.873406410105878,2.7435717993689974,2.760532059728895,1.6640530171035466,0.9752579752376225,0.9136588871457038,1.6762376085558715,36.11238677723513
7.869999999999877,2.3121966016267823,2.3121966016267823,4.011165693446224,2.002789478064588,2.4337952209437095,7.69138126674377,2.773333962353573,2.7978535914061533,9.554235317499467,3.090992610392245,2.873401585200148,2.7413459912213525,2.7571990344532895,1.6548442525148674,0.9768466979272845,0.9112286801927035,1.6690428651591487,36.11238376735314
7.879999999999876,2.3038272480778295,2.3038272480778295,3.9924792086020853,1.9981189175327092,2.434818004834262,7.666723305126365,2.7688848486577347,2.797718755062813,9.535976416960283,3.0880376320505363,2.8733967692513573,2.7391552550989986,2.7538982045203393,1.6458139365417856,0.9784436584030186,0.90887482833666,1.6620633222059096,36.11238076719459
7.889999999999876,2.2949371887578023,2.2949371887578023,3.973843543828893,1.99345016085903,2.435839451908578,7.64228756652742,2.7644687675080397,2.7975913519599227,9.517782009370963,3.085090275724677,2.8733919644984507,2.737006140780328,2.750633395322066,1.6369698935556278,0.9800529405223629,0.9065998481367067,1.6551773765789628,36.11237777828325
7.899999999999876,2.285513436591057,2.285513436591057,3.955263406564099,1.9887844042439842,2.43685937242949,7.618078825724087,2.760086742427507,2.7974712727436057,9.499658163791413,3.082151547830089,2.8733871732032914,2.734886951964289,2.747399160582432,1.6283201695174327,0.9816652616534476,0.9044063489334553,1.648533010754509,36.11237480211637
7.909999999999876,2.2755430174477755,2.2755430174477755,3.936743527636045,1.9841228610234913,2.43787757286873,7.594101761373091,2.7557397847716123,2.797358402459946,9.481610984888883,3.0792224643388275,2.8733823976489217,2.7327878355868442,2.7441910133843703,1.619873050917119,0.9832726292493913,0.902314425165303,1.6420151031625212,36.11237184016291
7.919999999999876,2.2650129958850966,2.2650129958850966,3.9182886621275954,1.9794667620668944,2.4388938556308752,7.570360959530322,2.7514288941439724,2.7972526206696444,9.463646614783187,3.0763040510949478,2.8733776401377424,2.730701760808221,2.741005915561314,1.6116370855586943,0.9848690813151737,0.9003104585084746,1.6356459950192872,36.11236889386189
7.929999999999875,2.253910502573315,2.253910502573315,3.899903590174565,1.9748173561558964,2.439908018750057,7.546860917382591,2.747155058853175,2.7971538015677067,9.44577123496617,3.0733973441398965,2.87337290298963,2.728621779588746,2.7378408847537963,1.6036211053538127,0.9864486736112359,0.8983956448921799,1.6295008199917822,36.11236596462078
7.939999999999875,2.2422227634361813,2.2422227634361813,3.8815931176867755,1.9701759103406922,2.440919855559066,7.523606047181423,2.7429192564093867,2.797061814107989,9.427991068287634,3.0705033900465954,2.8733681885399633,2.7265336393341317,2.734689266347465,1.5958342513012673,0.9880000291585351,0.896572945601685,1.623469728605742,36.11236305381383
7.949999999999875,2.229937130481613,2.229937130481613,3.863362076979092,1.965543710269271,2.441929154330755,7.50060068036725,2.7387224540590545,2.796976522132502,9.41031238099869,3.0676232462606436,2.8733634991375867,2.7244243371228047,2.731545065645595,1.5882860008466906,0.9895126252570877,0.8948454297909734,1.6176335184953812,36.11236016278041
7.959999999999875,2.21704111436498,2.21704111436498,3.8452153272998455,1.9609220604857924,2.442935697891766,7.477849071871157,2.734565609355745,2.7968977845052847,9.392741484842533,3.0647579814469093,2.873358837142674,2.7222821618681263,2.7284029636091645,1.580986197835201,0.9909768322409553,0.8932285453951455,1.611987268471986,36.11235729282337
7.9699999999998745,2.2035224186575375,2.2035224186575375,3.827157755243608,1.9563122846937315,2.443939263208954,7.455355404579751,2.730449670764827,2.7968254552507243,9.375284739181156,3.0619086758394927,2.8733542049245364,2.720095906568335,2.725257914935355,1.5739450852898862,0.9923833381708532,0.8917146343957644,1.6064678104745453,36.1123544452073
7.979999999999874,2.189368975815976,2.189368975815976,3.8091942750353867,1.951715725979423,2.4449396209490115,7.433123793947395,2.7263755782994012,2.796759383696147,9.357948553145508,3.0590764215928816,2.873349604859332,2.7178414153141173,2.7220983857499106,1.5671733412712403,0.9937131712743326,0.8903048757206026,1.6011547734982998,36.11235162115691
7.989999999999874,2.174568984821069,2.174568984821069,3.791329828673117,1.9471337469914893,2.4459365350121343,7.411158292738421,2.722344264184532,2.7966994146185193,9.340739387795091,3.056262323131817,2.8733450393277016,2.715507540191533,2.718919409736627,1.5606821180969865,0.9949569312161701,0.8890027634855375,1.5960317221994125,36.112348821855264
7.999999999999874,2.1591109504494885,2.1591109504494885,3.7735693859152604,1.942567730071531,2.446929762040824,7.389462895880518,2.7183566535464987,2.796645388395093,9.323663758271776,3.053467497497194,2.8733405107123184,2.7130717075396555,2.7157102988541495,1.554483085228409,0.9960966829857123,0.887811922173662,1.591048150066854,36.11234604844195
8.009999999999874,2.1429837241225633,2.1429837241225633,3.7559179441004766,1.9380190773314065,2.447919050905169,7.368041545408847,2.7144136651234363,2.796597141157817,9.30672823593117,3.0506930746850247,2.873336021395356,2.7105172483531,2.7124633457596743,1.5485884761585373,0.9971188174556754,0.8867361125355475,1.5862478053104319,36.11234330201134
8.019999999999873,2.126176546274711,2.126176546274711,3.7383805277862487,1.9334892106723143,2.448904142166281,7.3468981354789475,2.710516211993381,2.7965545049513425,9.289939450433554,3.047940197975274,2.8733315737558707,2.7078234547722464,2.7091688247185277,1.543011139669526,0.9980066812410666,0.8857792380865372,1.5816715270706543,36.11234058361059
8.029999999999873,2.1086790901388768,2.1086790901388768,3.7209621881935826,1.928979571740868,2.449884767519835,7.3260365174249,2.7066652023153694,2.7965173078944323,9.273304091774962,3.04521002424709,2.8733271701671006,2.7049683741078003,2.705816387515697,1.5377645958615176,0.998742662868343,0.8849463791299327,1.5772472757189435,36.11233789423775
8.039999999999873,2.090481506876374,2.090481506876374,3.7036680024450432,1.924491621817316,2.450860649221954,7.305460504837692,2.7028615400789016,2.7964853743445994,9.256828912237653,3.0425037242767106,2.873322812993676,2.7019377106484144,2.702399506543126,1.5328630973934543,0.9993148376355806,0.8842457636690666,1.572980354504456,36.112335234839676
8.049999999999873,2.071574471911948,2.071574471911948,3.6865030725836214,1.9200268416310282,2.4518314995000106,7.285173878637261,2.699106125856718,2.7964585250657663,9.240520728237824,3.0398224830140697,2.873318504588746,2.6987173839638032,2.6989117338636115,1.5283216964178952,0.9997114616907145,0.8836755656309827,1.5689414993366269,36.11233260630988
8.059999999999873,2.0519492323622943,2.0519492323622943,3.66947252436031,1.9155867310984147,2.452797019951188,7.265180392110098,2.695399857555479,2.7964365773987785,9.224386422047179,3.0371674998338793,2.8733142472910123,2.69530940277858,2.69535462902717,1.524156317737148,0.9999328167721346,0.8832403024789883,1.565098901338818,36.112330009486215
8.069999999999872,2.031597655384213,2.031597655384213,3.652581505778567,1.911172808978447,2.45375690093197,7.245483775883101,2.6917436311586402,2.7964193454345487,9.208432943363562,3.034539988756708,2.8733100434216836,2.6917428136975325,2.691743222427993,1.5203838387571573,0.999999392524125,0.8829446819652602,1.5614259020355052,36.112327445148615
8.079999999999872,2.0105122772959683,2.0105122772959683,3.6358351853844084,1.9067866124410482,2.4547108209419957,7.226087742802845,2.688138341455448,2.796406640189648,9.192667310704842,3.0319411786353707,2.873305895281333,2.688138341455448,2.688138341455448,1.517022176868765,1.0,0.8827936151772922,1.5579278356327797,36.11232491401641
8.089999999999872,1.9886863532666423,1.9886863532666423,3.619238750291329,1.9024296965436933,2.455658446006039,7.206995992688353,2.6845848827497245,2.7963982697841407,9.177096612599025,3.029372313301722,2.8733018051466734,2.6845848827497245,2.6845848827497245,1.5140903849433986,1.0,0.8827922312764979,1.554633395482596,36.112322416745755
8.099999999999872,1.9661139073588572,1.9661139073588572,3.602797403929983,1.8981036336117116,2.456599429058104,7.188212216924306,2.6810841495418054,2.7963940396214486,9.161728008542607,3.026834651668737,2.8732977752672415,2.6810841495418054,2.6810841495418054,1.511608755691984,1.0,0.8829458941926105,1.5515747927979677,36.112319953926814
8.109999999999872,1.942789782732327,1.942789782732327,3.5865163635131987,1.8938100125179396,2.4575334093319277,7.169740102860639,2.6776370371767415,2.796393752570052,9.146568729698375,3.0243294677826316,2.873293807861993,2.6776370371767415,2.6776370371767415,1.5095989357020339,1.0,0.8832602215625961,1.548702834622985,36.11231752608074
8.119999999999871,1.918709691713501,1.918709691713501,3.5704008572077996,1.8895504378575871,2.4584600117624014,7.1515833379838165,2.6742444424517022,2.7963972091468046,9.131626079303064,3.021858050819572,2.8732899051158105,2.6742444424517022,2.6742444424517022,1.5080840500383172,1.0,0.8837411062836352,1.5460227727716167,36.11231513365651
8.129999999999871,1.8938702655125383,1.8938702655125383,3.5544561210056327,1.8853265290144392,2.459378846402656,7.133745613824255,2.6709072641752756,2.7964042077016655,9.116907432754859,3.0194217050214864,2.873286069175927,2.6709072641752756,2.6709072641752756,1.5070888383670793,1.0,0.8843947410696881,1.5435398584074378,36.11231277702763
8.139999999999871,1.8682691032721035,1.8682691032721035,3.538687395287232,1.8811399191147988,2.460289507861761,7.116230629564251,2.6676264036712958,2.7964145446036217,9.102420237350337,3.017021749565345,2.8732823021482554,2.6676264036712958,2.6676264036712958,1.5066398036420945,1.0,0.8852289823937124,1.541259333598416,36.11231045648863
8.14999999999987,1.8419048201661459,1.8419048201661459,3.523099921072757,1.8769922538659443,2.4611915747681525,7.099042095310318,2.6644027652196876,2.796428014427606,9.088172011640353,3.0146595183602996,2.873278606093641,2.6644027652196876,2.6644027652196876,1.5067653744721583,1.0,0.886256291685585,1.5391990790319459,36.11230817225128
8.15999999999987,1.8147770942439938,1.8147770942439938,3.507698935956124,1.872885190276255,2.4620846092640605,7.08218373499421,2.6612372564268316,2.7964444101421773,9.074170344374526,3.0123363597670374,2.8732749830240247,2.6612372564268316,2.6612372564268316,1.5074960823730696,1.0,0.8874783991176318,1.5373819299422236,36.112305924440854
8.16999999999987,1.7868867116623766,1.7868867116623766,3.4924896697196917,1.8688203952546354,2.462968156536325,7.065659288867084,2.658130788517955,2.796463523297771,9.06042289300437,3.010053636233808,2.8732714348985255,2.658130788517955,2.658130788517955,1.5088647551911538,1.0,0.8889030022144812,1.5357776669343648,36.11230371309193
8.17999999999987,1.7582356100025063,1.7582356100025063,3.477477339628428,1.8647995440873606,2.463841744389053,7.049472515552028,2.6550842765441605,2.796485144215287,9.046937381715814,3.0078127238436596,2.873267963619446,2.6550842765441605,2.6550842765441605,1.5109067280679405,1.0,0.8905382754412803,1.5343912852840773,36.11230153814429
8.18999999999987,1.7288269192979935,1.7288269192979935,3.4626671454041786,1.860824318791051,2.4647048828636398,7.033627193621153,2.6520986394968706,2.7965090621748114,9.033721598962817,3.005615011767611,2.873264571028196,2.6520986394968706,2.6520986394968706,1.5136600733938366,1.0,0.8923929246517363,1.5332277363783826,36.112299399438434
8.19999999999987,1.698665000440897,1.698665000440897,3.4480642638825296,1.8568964063411102,2.4655570639116595,7.0181271226647555,2.6491748003226885,2.796535065604264,9.020783394475142,3.0034619016187207,2.873261258901149,2.6491748003226885,2.6491748003226885,1.517165851268582,1.0,0.8944762499393196,1.5322919214297683,36.11229729671121
8.20999999999987,1.6677554805807595,1.6677554805807595,3.433673843356737,1.853017496775661,2.4663977611261045,7.002976123821754,2.6463136858320015,2.796562942267738,9.008130675714932,3.0013548067022886,2.8732580289454206,2.6463136858320015,2.6463136858320015,1.5214683820426815,1.0,0.8968151809444954,1.5315886859390204,36.112295229591034
8.21999999999987,1.6361052851837623,1.6361052851837623,3.419500997615288,1.8491892811757502,2.4672264295363897,6.988178039742595,2.6435162264950436,2.796592479453352,8.995771403758805,2.999295151157819,2.873254882794588,2.6435162264950436,2.6435162264950436,1.526615542549672,1.0,0.8994056639457816,1.5311228150707534,36.11229319759323
8.229999999999869,1.603722666378498,1.603722666378498,3.4055507996819716,1.8454134495234318,2.4680425054723907,6.9737367339582175,2.640783356119585,2.7966234641603815,8.983713588584372,2.997284368988764,2.8732518220043444,2.640783356119585,2.640783356119585,1.5326590876444834,1.0,0.9022582066169181,1.5308990301403613,36.11229120011524
8.239999999999869,1.5706172272426078,1.5706172272426078,3.391828275269718,1.8416916884402008,2.468845406502634,6.9596560896314825,2.638116011405011,2.7966556832854637,8.971965283742955,2.995323902976597,2.8732488480481,2.638116011405011,2.638116011405011,1.5396549986255978,1.0,0.9053939566163048,1.530921986422688,36.11228923643172
8.249999999999869,1.5367999416917226,1.5367999416917226,3.3783383959619098,1.8380256788091698,2.469634531451556,6.94594000767047,2.6355151313681486,2.796688923807685,8.960534580403186,2.9934152034763213,2.8732459623125273,2.6355151313681486,2.6355151313681486,1.5476638600212744,1.0,0.9088337715325353,1.5311962725154995,36.11228730568984
8.259999999999868,1.5022831696326788,1.5022831696326788,3.3650860721375793,1.8344170932853792,2.470409260500472,6.93259240418666,2.6329816566369506,2.796722972972331,8.949429600753563,2.991559727091131,2.873243166093068,2.6329816566369506,2.6329816566369506,1.5567512660404952,1.0,0.9125770940642943,1.53172641152052,36.1122854069044
8.269999999999868,1.467080667080549,1.467080667080549,3.3520761456595234,1.8308675936996437,2.4711689553766076,6.919617207284702,2.630516528608916,2.7967576184731087,8.938658490755834,2.9897589352246836,2.873240460589398,2.630516528608916,2.630516528608916,1.566988257697913,1.0,0.9166593289773343,1.5325168643239426,36.11228353895319
8.279999999999868,1.4312075909669213,1.4312075909669213,3.3393133823472003,1.827378828362417,2.4719129596341984,6.907018353174747,2.6281206884720394,2.7967926486326347,8.928229412245027,2.988014292510166,2.8732378469008637,2.6281206884720394,2.6281206884720394,1.5784517911799052,1.0,0.9210891343833552,1.533572035285975,36.11228170057248
8.289999999999868,1.3946804983257177,1.3946804983257177,3.326802464259025,1.8239524292752334,2.472640599031271,6.894799781602646,2.625795076086983,2.7968278525810035,8.9181505343763,2.986327265116183,2.8732353260218932,2.625795076086983,2.625795076086983,1.5912252373743418,1.0,0.9258904283140313,1.5348962807121902,36.11227989035269
8.299999999999867,1.3575173397036127,1.3575173397036127,3.3145479818115957,1.820590009258426,2.4733511820052887,6.882965430598147,2.623540628730218,2.7968630204322333,8.908430024423376,2.9846993189303634,2.8732328988373936,2.623540628730218,2.623540628730218,1.6053989115720255,1.0,0.931088763768211,1.536493920464172,36.11227810673426
8.309999999999867,1.3197374465167946,1.3197374465167946,3.3025544257661394,1.817293159004936,2.474044000250385,6.871519230546095,2.6213582796989225,2.796897943458413,8.899076037938144,2.9831319176225084,2.873230566118144,2.6213582796989225,2.6213582796989225,1.6210706310734968,1.0,0.9367085821884966,1.5383692531806237,36.112276348004045
8.319999999999867,1.2813615122602986,1.2813615122602986,3.290826179115293,1.814063444071153,2.474718329398373,6.8604650975908665,2.61924895677957,2.796932414261354,8.890096708286016,2.9816265205900647,2.873228328516179,2.61924895677957,2.61924895677957,1.6383462966837186,1.0,0.9427725394198121,1.5405446156727105,36.11227461229181
8.329999999999867,1.2424115674141345,1.2424115674141345,3.279367508906011,1.810902401816843,2.4753734298052135,6.849806926389532,2.617213580583276,2.796966226941574,8.881500135576744,2.9801845807897105,2.873226186560199,2.617213580583276,2.617213580583276,1.6573404916949455,1.0,0.9493277295825173,1.5430435235315685,36.11227289756744
8.339999999999867,1.2029109479908162,1.2029109479908162,3.2681825580370236,1.8078115383073048,2.4760085474440165,6.839548582234676,2.6152530627521835,2.796999177264433,8.87329437501572,2.9788075424598546,2.8732241406509846,2.6152530627521835,2.6152530627521835,1.678177088743576,1.0,0.956391015415578,1.5458390730768448,36.11227120163849
8.349999999999866,1.1628842576877991,1.1628842576877991,3.2572753370716243,1.804792325191911,2.476622914905075,6.829693892573222,2.6133683040423565,2.7970310628232546,8.865487424706004,2.977496838739884,2.873222191056848,2.6133683040423565,2.6133683040423565,1.700989850617553,1.0,0.9640036339969924,1.5489356405118055,36.11226952214838
8.359999999999866,1.122357323675659,1.122357323675659,3.2466497161088714,1.8018461965741892,2.477215752502781,6.820246637953133,2.611560192289876,2.7970616831992525,8.858087212936619,2.976253889193027,2.873220337909115,2.611560192289876,2.611560192289876,1.725923005346873,1.0,0.9722233452500039,1.5523377083000207,36.11226785657521
8.369999999999866,1.081357146111841,1.081357146111841,3.2363094167582105,1.798974545889466,2.477786269488663,6.811210542435065,2.609829600268007,2.797090840118114,8.851101584997847,2.975080097240719,2.8732185811976603,2.609829600268007,2.609829600268007,1.7531317682929037,1.0,0.9810840649960407,1.556059960950022,36.112266202231304
8.379999999999866,1.0399118414766024,1.0399118414766024,3.2262580042642797,1.7961787228069148,2.478333665369077,6.802589263511474,2.6081773834445143,2.7971183376030715,8.844538289569298,2.9739768475173607,2.8732169207664926,2.6081773834445143,2.6081773834445143,1.7827827739032966,1.0,0.9906393216156285,1.5601774095383745,36.11226455626347
8.389999999999866,0.9980505799333437,0.9980505799333437,3.216498879829975,1.7934600301735122,2.4788571313254764,6.794386381580462,2.6066043776492935,2.797143982124318,8.83840496473134,2.9729455031553034,2.8732153563094016,2.6066043776492935,2.6066043776492935,1.8150543666124244,1.0,1.0009487491288347,1.564620767094684,36.112262915654064
8.399999999999865,0.9558035169674869,0.9558035169674869,3.207035273186919,1.790819721017981,2.4793558517344487,6.786605389026607,2.605111396663607,2.797167582744608,8.832709123655132,2.9719874030108424,2.8732138873656794,2.605111396663607,2.605111396663607,1.8501366831656068,1.0,1.012078103358155,1.5693953182619584,36.112261277222906
8.409999999999865,0.9132017195481723,0.9132017195481723,3.197870235463029,1.788258995633191,2.4798290057840915,6.779249678965245,2.603699229743183,2.7971889512609054,8.827458140030583,2.971103858842801,2.873212513315922,2.603699229743183,2.603699229743183,1.8882314363628674,1.0,1.0241000142990704,1.5745711426564797,36.11225963763011
8.419999999999865,0.8702770871927835,0.8702770871927835,3.1890066323970805,1.7857789987557475,2.480275769182592,6.772322533710763,2.602368639088391,2.7972079023419507,8.82265923329558,2.9702961524561116,2.8732112333779094,2.602368639088391,2.602368639088391,1.9295512815987215,1.0,1.0370948564362112,1.5801462226577003,36.11225799337972
8.429999999999865,0.8270622682859052,0.8270622682859052,3.180447137949854,1.7833808168615737,2.4806953159542537,6.765827113032992,2.6011203572754935,2.7972242536615974,8.818319453733066,2.9695655328234576,2.8732100466025896,2.6011203572754935,2.6011203572754935,1.9743186112077156,1.0,1.051163863059347,1.5860766319521071,36.11225634082444
8.439999999999864,0.7835905721333851,0.7835905721333851,3.1721942283606586,1.7810654755961832,2.4810868203175493,6.759766442268813,2.5999550846637356,2.7972378260278035,8.814445667505485,2.968913213198642,2.8732089518701507,2.5999550846637356,2.5999550846637356,2.022763576047745,1.0,1.066403067789909,1.5924711885809166,36.11225467617114
8.449999999999864,0.7398958771727305,0.7398958771727305,3.164250176696746,1.7788339373580508,2.4814494586391858,6.754143400358512,2.598873486793559,2.79724844350716,8.811044541698417,2.968340368235829,2.8732079478862076,2.598873486793559,2.598873486793559,2.0751210776680353,1.0,1.0829195060222463,1.5992810430098567,36.11225299548742
8.459999999999864,0.6960125358880205,0.6960125358880205,3.1566170479413027,1.7766870990529826,2.4817824114575697,6.748960707878383,2.5978761917917454,2.7972559335448324,8.808122529447003,2.967848131129186,2.873207033178085,2.5978761917917454,2.5978761917917454,2.131626407101484,1.0,1.1008648244052774,1.6065277021340296,36.11225129470904
8.469999999999864,0.6519752769816812,0.6519752769816812,3.149296694663394,1.7746257900367035,2.482084865568517,6.744220915142186,2.59696378779955,2.797260127079813,8.805685855219725,2.967437590787669,2.873206206091226,2.59696378779955,2.59696378779955,2.192509128383129,1.0,1.120364892025176,1.614284980205412,36.112249569648306
8.479999999999864,0.6078191053558745,0.6078191053558745,3.1422907533103874,1.772650770261979,2.482356016165514,6.739926390444719,2.596136820440078,2.7972608586553838,8.803740500334685,2.967109789059833,2.873205464785708,2.596136820440078,2.596136820440078,2.2579847194172427,1.0,1.1415882662683448,1.622493742079461,36.11224781600326
8.489999999999863,0.5635792005011196,0.5635792005011196,3.1356006411600346,1.7707627286454937,2.482595069026405,6.736079308520594,2.595395790341156,2.7972579665246906,8.802292188783193,2.966865718023516,2.873204807232883,2.595395790341156,2.595395790341156,2.328243397238595,1.0,1.1647255184560805,1.631276466967967,36.11224602936788
8.499999999999863,0.5192908139420469,0.5192908139420469,3.1292275539655625,1.7689622816684256,2.482801242737904,6.732681639290532,2.5947411507297855,2.7972512927513433,8.80134637343459,2.9667063173550883,2.8732042312121298,2.5947411507297855,2.5947411507297855,2.403435483565048,1.0,1.1899878055013615,1.640573774572033,36.11224420524281
8.509999999999863,0.47498916630991667,0.47498916630991667,3.123172464322891,1.7672499722231971,2.4829737709489903,6.72973513696596,2.594173305113974,2.797240683304956,8.80090822269464,2.966632471792662,2.8732037343077415,2.594173305113974,2.594173305113974,2.4836526351491717,1.0,1.2176132292984898,1.6504735251234228,36.11224233904704
8.519999999999863,0.43070934472359124,0.43070934472359124,3.117436120784335,1.765626268717232,2.4831119046439114,6.727241329580585,2.5936926050672593,2.797225988151558,8.800982607687537,2.966645008707233,2.8732033139059183,2.5936926050672593,2.5936926050672593,2.56890431249251,1.0,1.2478666705693102,1.6610069741206277,36.11224042613018
8.529999999999863,0.3864862010525063,0.3864862010525063,3.112019047738163,1.7640915644427766,2.4832149144252535,6.725201509014751,2.59329934813063,2.797207061338807,8.801574090028685,2.9667446957951547,2.8732029671919004,2.59329934813063,2.59329934813063,2.6590890505776663,1.0,1.2810594472024037,1.672155898679416,36.11223846178524
8.539999999999862,0.3423542517245187,0.3423542517245187,3.106921546068005,1.762646177219922,2.4832820927973236,6.723616721574976,2.592993775845784,2.797183761075938,8.802686910251898,2.9669322389046733,2.8732026911472053,2.592993775845784,2.592993775845784,2.7539605092970394,1.0,1.3175678819496672,1.6840785577027206,36.11223644126199
8.549999999999862,0.298347579629515,0.298347579629515,3.102143694600441,1.7612903493179202,2.4833127564399593,6.7224877591870795,2.5927760719327613,2.797155949808403,8.804324976950516,2.9672082800084185,2.873202482547,2.5927760719327613,2.5927760719327613,2.8530890203973587,1.0,1.357830311243731,1.6967559796492953,36.11223435978069
8.559999999999862,0.25449973874201354,0.25449973874201354,3.097685352343304,1.7600242476577714,2.483306248462794,6.721815151256687,2.5926463606239643,2.797123494287156,8.80649185668738,2.967573395332857,2.8732023379575846,2.5926463606239643,2.5926463606239643,2.9558205139119327,1.0,1.4023665371075147,1.7102395678697497,36.11223221254612
8.569999999999862,0.21084366197221466,0.21084366197221466,3.0935461615112856,1.758847964296882,2.4832619406299803,6.721599157245989,2.592604705165442,2.79708626563254,8.809190764723422,2.968028093654678,2.873202253734,2.592604705165442,2.592604705165442,3.0612363620637746,1.0,1.451869884233261,1.7246127831674167,36.112229994761826
8.579999999999862,0.16741157278426988,0.16741157278426988,3.089725551329423,1.7577615171943612,2.4831792355454185,6.721839760010113,2.5926511064950706,2.797044139392751,8.812424556609253,2.9685728147729935,2.873202226017748,2.5926511064950706,2.5926511064950706,3.168119771580186,1.0,1.5071746103634611,1.739991651638468,36.11222770164449
8.589999999999861,0.1242349010534866,0.1242349010534866,3.086222742599021,1.7567648512532976,2.4830575687886656,6.722536659930717,2.5927855021059334,2.7969969955968654,8.816195720678122,2.969207928165039,2.8732022507346313,2.5927855021059334,2.5927855021059334,3.274936619036296,1.0,1.5694993895880203,1.7564778696954504,36.112225328438306
8.599999999999861,0.08134420359377113,0.08134420359377113,3.0830367530046834,1.755857839634144,2.4828964109918523,6.723689269878403,2.593007765101833,2.7969447188023997,8.820506371472574,2.9699337318318357,2.8732023235927087,2.593007765101833,2.593007765101833,3.3798404672564386,1.0,1.6405251143197759,1.7741599064315636,36.11222287042918
8.60999999999986,0.03876908976099125,0.03876908976099125,3.0801664031353586,1.7550402853311826,2.482695269848166,6.725296711029228,2.5933177034503943,2.796887198137421,8.82535824413086,2.970750451338998,2.873202440080359,2.5933177034503943,2.5933177034503943,3.480711968623139,1.0,1.7228133449837235,1.7931788610974424,36.11222032295892
8.61999999999986,-0.0034618475522655867,0.0034618475522655867,3.0776103231867618,1.7543119230019393,2.4824536920427747,6.727357809554269,2.593715059437769,2.7968243273371938,8.830752689752513,2.9716582390565227,2.873202595464467,2.593715059437769,2.593715059437769,3.5752407756121647,1.0,0.05295885943741945,0.06708514842924661,36.112217681438885
8.62999999999986,-0.04532109522389133,0.04532109522389133,3.0753669603072917,1.753672421037433,2.4821712650973877,6.729871094194771,2.594199509327448,2.7967560047753857,8.836690671756243,2.972657173600118,2.8732027847887154,2.594199509327448,2.594199509327448,3.6610524759325798,1.0,0.19045978292208052,0.24480389519506432,36.11221494136354
8.63999999999986,-0.08678227725518924,0.08678227725518924,3.073434586544686,1.7531213838592825,2.4818476191200745,6.732834794728923,2.594770663224194,2.796682133489852,8.843172763236538,2.9737472594752465,2.8732030028719935,2.594770663224194,2.594770663224194,3.7358739158845107,1.0,0.2618178456780655,0.34158305974666575,36.112212098323305
8.64999999999986,-0.1278202060258691,0.1278202060258691,3.0718113073461257,1.7526583544279604,2.481482428452408,6.736246841330137,2.595428065142653,2.7966026212030273,8.850199145319204,2.9749284269237815,2.8732032443069206,2.595428065142653,2.595428065142653,3.797719179531103,1.0,0.315642759852236,0.4180109907269225,36.112209148016994
8.65999999999986,-0.16841092728836565,0.16841092728836565,3.0704950705605105,1.7522828169449447,2.481075413206497,6.740104864810428,2.596171193278754,2.796517380336965,8.857769606509631,2.9762005319718683,2.8732035034584857,2.596171193278754,2.596171193278754,3.8450688382243623,1.0,0.35991917897962095,0.4838122345300007,36.11220608626365
8.66999999999986,-0.2085317588360514,0.2085317588360514,3.0694836758880464,1.7519941997301378,2.480626340685037,6.744406197736667,2.596999460480627,2.7964263280230677,8.86588354302172,2.977563356676348,2.8732037744628025,2.596999460480627,2.596999460480627,3.877011055344031,1.0,0.3978927257891958,0.5428373324151887,36.11220290901362
8.67999999999986,-0.24816132279295622,0.24816132279295622,3.0687747847192997,1.7517918782547486,2.480135026678065,6.749147876401762,2.5979122149144613,2.796329386106565,8.874539960069464,2.9790166095658925,2.8732040512259918,2.5979122149144613,2.5979122149144613,3.8933176849737734,1.0,0.4312858420975994,0.5970713079983908,36.11219961235899
8.68999999999986,-0.2872795715955085,0.2872795715955085,3.068365930303425,1.7516751783088738,2.4796013366307452,6.754326643627608,2.598908740919467,2.7962264811458146,8.883737474097995,2.9805599262719067,2.8732043274231795,2.598908740919467,2.598908740919467,3.894441380766123,1.0,0.4611574286641144,0.6476798266284273,36.11219619254323
8.699999999999859,-0.32586780769235074,0.32586780769235074,3.0682545281833677,1.7516433792822579,2.479025186677155,6.759938952371663,2.5999882600449684,2.7961175444064716,8.893474315925607,2.982192870343165,2.873204596497637,2.5999882600449684,2.5999882600449684,3.8814369636076025,1.0,0.4882171983849823,0.6954046118714858,36.11219264596998
8.709999999999859,-0.3639086970927198,0.3639086970927198,3.068437886834597,1.7516957175361814,2.4784065445356958,6.765980970104536,2.601149932261602,2.7960025118506384,8.903748334763927,2.983914934237222,2.8732048516600397,2.601149932261602,2.601149932261602,3.855825912668185,1.0,0.512973930894813,0.7407840841596391,36.11218896921105
8.719999999999859,-0.40138627692305257,0.40138627692305257,3.0689132184431895,1.7518313898441225,2.4777454302624746,6.772448583921938,2.6023928573376347,2.7958813241210563,8.914557003078887,2.9857255404807197,2.8732050858878786,2.6023928573376347,2.6023928573376347,3.819431823881885,1.0,0.5358079597865416,0.7841411141879269,36.11218515901362
8.729999999999858,-0.4382859571739895,0.4382859571739895,3.0696776497589786,1.752049556878737,2.47704191685968,6.779337406350726,2.6037160763706027,2.79575392652045,8.925897422251781,2.987624042989978,2.873205291925013,2.6037160763706027,2.6037160763706027,3.774215215095523,1.0,0.5570181506370596,0.8257678474741136,36.112181212306446
8.739999999999858,-0.4745945168978055,0.4745945168978055,3.0707282329599352,1.7523493467228317,2.4762961307367033,6.786642781805755,2.6051185734637405,2.7956202689861285,8.937766328996192,2.9896097285425385,2.873205462281375,2.6051185734637405,2.6051185734637405,3.722129795279381,1.0,0.5768369998723485,0.8658046135509245,36.11217712620533
8.749999999999858,-0.5103000950604835,0.5103000950604835,3.072061956464958,1.7527298583823343,2.4755082520224683,6.7943597936516005,2.6065992775360773,2.795480306059936,8.95016010248398,2.99168181838978,2.8732055892328394,2.6065992775360773,2.6065992775360773,3.6650128288106663,1.0,0.595455363642984,0.9044456084518064,36.11217289801771
8.759999999999858,-0.5453921763911382,0.5453921763911382,3.073675755633731,1.7531901652797768,2.4746785147281574,6.802483271821166,2.6081570642545984,2.7953339968536963,8.96307477213126,2.99383947000023,2.873205664821257,2.6081570642545984,2.6081570642545984,3.604513024391149,1.0,0.6130344019409641,0.9418009127490317,36.11216852524632
8.769999999999857,-0.5798615725006335,0.5798615725006335,3.0755665232943863,1.7537293187075325,2.473807206760215,6.811007800941604,2.6097907580765174,2.7951813050102503,8.976506025993487,2.9960817789228464,2.8732056808546713,2.6097907580765174,2.6097907580765174,3.542052636585816,1.0,0.6297008221522518,0.9779214489838235,36.112164005592206
8.779999999999857,-0.613700398606668,0.613700398606668,3.0777311200421034,1.7543463512209052,2.4728946697842282,6.819927728916827,2.6114991343894465,2.7950221986602335,8.990449219717627,2.9984077807592526,2.8732056289077192,2.6114991343894465,2.6114991343894465,3.4788168056360615,1.0,0.6455737599863103,1.012853547554215,36.1121593369568
8.789999999999857,-0.6469020462007589,0.6469020462007589,3.0801663842547025,1.7550402799522016,2.4719412989409486,6.8292371759153445,2.6132809217371453,2.7948566503747205,9.00489938599846,3.000816453233763,2.873205500322226,2.6132809217371453,2.6132809217371453,3.4157621140854997,1.0,0.6607411758438365,1.046648530227946,36.11215451744329
8.799999999999857,-0.6794611520229484,0.6794611520229484,3.082869141774514,1.7558101098280856,2.470947542416394,6.838930043711833,2.6151348041184863,2.7946846371138814,9.019851244485839,3.0033067183499322,2.873205286208007,2.6151348041184863,2.6151348041184863,3.3536369983413454,1.0,0.6752850203102178,1.0793689332801533,36.11214954535732
8.809999999999857,-0.7113735636605986,0.7113735636605986,3.085836215209374,1.7566548366737769,2.4699139008686064,6.8490000253312235,2.6170594233473614,2.794506140171806,9.035299212089674,3.0058774446223975,2.873204977443887,2.6170594233473614,2.6170594233473614,3.2930081371975004,1.0,0.6892741798916767,1.1110272757624897,36.112144419206935
8.819999999999856,-0.7426363021817645,0.7426363021817645,3.0890644328094217,1.7575734501890445,2.4688409267142513,6.859440614944643,2.6190533814614474,2.7943211451176264,9.051237413630043,3.0085274493728726,2.8732045646789413,2.6190533814614474,2.6190533814614474,3.23428861017932,1.0,0.7027744207694009,1.1415842252772772,36.11213913770192
8.829999999999856,-0.7732475221165673,0.7732475221165673,3.0925506368804507,1.75856493678239,2.4677292232788206,6.870245117967516,2.6211152431679756,2.794129641733127,9.067659692780506,3.0112555010793267,2.873204038333969,2.6211152431679756,2.6211152431679756,3.1777651143352035,1.0,0.7158374329474859,1.1712167212133147,36.11213369975257
8.839999999999856,-0.803206469162287,0.803206469162287,3.0962916916987897,1.7596282822513367,2.466579443814762,6.881406661311555,2.6232435383150294,2.7939316239469685,9.084559623253986,3.0140603217676296,2.8732033886032196,2.6232435383150294,2.6232435383150294,3.1236227007709076,1.0,0.7284991672185815,1.1997703640907174,36.112128104467885
8.849999999999856,-0.8325134359571741,0.8325134359571741,3.100284490897026,1.760762474298287,2.465392290392355,6.892918203743837,2.6254367643772794,2.7937270897657234,9.101930520181995,3.016940589435263,2.873202605456364,2.6254367643772794,2.6254367643772794,3.0719663257914958,1.0,0.7408160663337551,1.2273483560529581,36.1121223511533
8.859999999999856,-0.8611697162473905,0.8611697162473905,3.104525964294371,1.7619665048729989,2.4641685126686275,6.904772546308205,2.6276933889455605,2.793516041201868,9.119765451639768,3.0198949404970645,2.8732016786407355,2.6276933889455605,2.6276933889455605,3.0228390544800465,1.0,0.7528056474704252,1.254029288261808,36.11211643930793
8.869999999999855,-0.8891775577942707,0.8891775577942707,3.109013084149871,1.7632393723343043,2.4629089065400436,6.916962342766191,2.6300118522102123,2.793298484198919,9.138057250271718,3.0229219722433656,2.8732005976838413,2.6300118522102123,2.6300118522102123,2.976237076075559,1.0,0.7645181987827142,1.2797600762089603,36.11211036862142
8.879999999999855,-0.9165401143119162,0.9165401143119162,3.113742870821161,1.764580083425278,2.461614312685086,6.929480110017013,2.632390569428673,2.7930744285538767,9.156798524973976,3.026020245301405,2.8731993518961545,2.632390569428673,2.632390569428673,2.9321218571137617,1.0,0.7759619387834489,1.3046213677895824,36.112104138970494
8.889999999999855,-0.9432613967463338,0.9432613967463338,3.1187123978158713,1.7659876550576086,2.4602856150031798,6.9423182384586415,2.634827933368447,2.7928438878371695,9.175981672592878,3.0291882860913213,2.873197930374201,2.634827933368447,2.634827933368447,2.890429824183686,1.0,0.7871733835546809,1.32866501535169,36.1120977504151
8.899999999999855,-0.9693462241800399,0.9693462241800399,3.1239187962270774,1.767461115902434,2.458923738956743,6.955469002254446,2.637322316717175,2.792606879310256,9.195598889600873,3.032424589268606,2.8731963220039427,2.637322316717175,2.637322316717175,2.8510799733668306,1.0,0.7981740742939014,1.3518450591778663,36.112091203194424
8.909999999999854,-0.9948001746107906,0.9948001746107906,3.1293592585484205,1.7689995077863703,2.457529649823368,6.968924569472616,2.63987207445221,2.79236342384109,9.215642183713804,3.035727620145425,2.8731945154644682,2.63987207445221,2.63987207445221,2.8139797754621347,1.0,0.8089747923641006,1.3741768890713946,36.11208449772249
8.919999999999854,-1.0196295358597274,1.0196295358597274,3.13503104186853,1.7706018868928526,2.4561043508653886,6.982677012068216,2.642475546162767,2.7921135458176156,9.236103385416095,3.0390958170837745,2.8731924992319957,2.642475546162767,2.642475546162767,2.7790297027091078,1.0,0.819593805586575,1.395890791587254,36.11207763458377
8.929999999999854,-1.043841256837826,1.043841256837826,3.1409314704482716,1.7722673247702423,2.4546488814242204,6.996718315680522,2.645131058318382,2.7918572730594784,9.256974159363065,3.042527593854009,2.8731902615842015,2.645131058318382,2.645131058318382,2.746126654668945,1.0,0.8300498209071872,1.416770481340458,36.11207061452851
8.939999999999854,-1.0674428993773133,1.0674428993773133,3.147057937687997,1.7739949091494025,2.453164314947025,7.011040389220922,2.647836926478087,2.7915946367281395,9.278246015632188,3.0460213419528412,2.8731877906048773,2.647836926478087,2.647836926478087,2.7151665142643058,1.0,0.8403613019508265,1.4370788197965212,36.112063438468
8.949999999999854,-1.0904425908014108,1.0904425908014108,3.153407907495405,1.7757837445746047,2.4516517569532974,7.02563507422944,2.650591457435385,2.7913256712355796,9.299910320797885,3.049575432875515,2.8731850741889113,2.650591457435385,2.650591457435385,2.686046022752407,1.0,0.8505317841930152,1.456726175519686,36.11205610746971
8.959999999999853,-1.1128489774311539,1.1128489774311539,3.159978915067821,1.777632952852703,2.450112342949052,7.040494153980604,2.6533929512947387,2.7910504141517714,9.321958308806778,3.0531882203373537,2.873182100047626,2.6533929512947387,2.6533929512947387,2.6586641258205543,1.0,0.8605722233314888,1.4757175708127803,36.112048622752475
8.969999999999853,-1.1346711791530095,1.1346711791530095,3.166768567105675,1.7795416733264988,2.448547236296246,7.055609362321949,2.65623970347594,2.7907689061110985,9.344381091633263,3.056858042440516,2.8731788557144453,2.65623970347594,2.65623970347594,2.6329229122077518,1.0,0.8704922259632963,1.4941731325947316,36.11204098568148
8.979999999999853,-1.1559187451906539,1.1559187451906539,3.1737745414766367,1.7815090629790904,2.446957626045088,7.070972392230949,2.6591300066433288,2.7904811907179248,9.367169669697363,3.060583223782252,2.8731753285509187,2.6591300066433288,2.6591300066433288,2.608728240880602,1.0,0.8803002049334083,1.512162231671124,36.11203319776343
8.989999999999853,-1.1766016112038165,1.1766016112038165,3.180994586352276,1.7835342963767968,2.4453447247367643,7.086574904078658,2.6620621525574224,2.790187314451472,9.39031494202949,3.0643620775015292,2.8731715057530964,2.6620621525574224,2.6620621525574224,2.58599013218956,1.0,0.8900035134952459,1.5296298957852352,36.11202526064154
8.999999999999853,-1.1967300577914075,1.1967300577914075,3.1884265188413203,1.785616565458923,2.4437097661840412,7.102408533590626,2.66503443384708,2.7898873265701942,9.413807716168927,3.068192907261362,2.873167374358262,2.66503443384708,2.66503443384708,2.564622981893897,1.0,0.899608561544545,1.5466181550062905,36.112017176090724
9.009999999999852,-1.216314670515803,1.216314670515803,3.1960682231454256,1.7877550791832268,2.4420540032370393,7.118464899497822,2.668045145700841,2.789581279015837,9.437638717785081,3.0720740091646688,2.8731629212520247,2.668045145700841,2.668045145700841,2.544545643784196,1.0,0.909120916588921,1.5631622120499675,36.112008946012715
9.019999999999852,-1.2353663014687162,1.2353663014687162,3.2039176482650507,1.7899490630364459,2.44037870554132,7.13473561087245,2.6710925874766023,2.789269226317339,9.461798600012587,3.076003673601933,2.8731581331757665,2.6710925874766023,2.6710925874766023,2.5256814162314463,1.0,0.9185453917020138,1.5792914189540534,36.11200057243128
9.029999999999852,-1.2538960324693624,1.2538960324693624,3.2119728052843186,1.7921977584196223,2.43868515729523,7.151212274145446,2.6741750642292375,2.7889512254947624,9.486277952493401,3.079980187029358,2.873152996734464,2.6741750642292375,2.6741750642292375,2.5079579598181656,1.0,0.9278861222905538,1.5950300732350868,36.11199205748752
9.039999999999852,-1.2719151399215598,1.2719151399215598,3.2202317642649616,1.7945004219183014,2.4369746550132003,7.167886499804259,2.6772908881562083,2.788627335963417,9.511067310120744,3.084001833676618,2.873147498404866,2.6772908881562083,2.6772908881562083,2.491307166812336,1.0,0.9371466332266501,1.6103980702304777,36.11198340343519
9.049999999999851,-1.289435061346397,1.289435061346397,3.228692650780188,1.7968563244678712,2.435248505301497,7.184749908771224,2.6804383799616107,2.7882976194383486,9.536157161481615,3.0880668971836758,2.873141624544036,2.6804383799616107,2.6804383799616107,2.475664998261391,1.0,0.9463298976463008,1.6254114400170316,36.11197461263622
9.059999999999851,-1.3064673636200137,1.3064673636200137,3.2373536421200413,1.799264750424473,2.4335080226526102,7.201794138464409,2.6836158701394672,2.787962139839346,9.561537956996013,3.092173662166472,2.8731353613982638,2.6836158701394672,2.6836158701394672,2.4609713006133647,1.0,0.9554383884958221,1.6400827910287388,36.11196568755613
9.069999999999851,-1.3230237129129345,1.3230237129129345,3.2462129632001484,1.8017249965519566,2.431754527264207,7.219010848544106,2.6868217001773873,2.7876209631966424,9.587200116752603,3.0963204157116238,2.873128695112338,2.6868217001773873,2.6868217001773873,2.4471696107765593,1.0,0.9644741237505196,1.6544216777798029,36.11195663075976
9.07999999999985,-1.3391158463236745,1.3391158463236745,3.2552688822059586,1.804236370935349,2.429989342888283,7.236391726349595,2.690054223682042,2.787274157557449,9.613134038041832,3.100505448800539,2.8731216117391822,2.690054223682042,2.690054223682042,2.43420695621781,1.0,0.9734444791815872,1.6685599235827948,36.11194744490692
9.08999999999985,-1.3547555452010245,1.3547555452010245,3.264519706004593,1.8067981918312275,2.428213794715803,7.253928492031799,2.6933118074281333,2.786921792893483,9.639330102588712,3.1047270576636383,2.873114097249852,2.6933118074281333,2.6933118074281333,2.4220336549222816,1.0,0.9823507350567888,1.6824103763391731,36.11193813274821
9.09999999999985,-1.3699546101271218,1.3699546101271218,3.2739637753561484,1.8094097864652297,2.4264292073018425,7.271612903388537,2.696592832332782,2.786563941009639,9.665778683488568,3.1089835450655845,2.8731061375438944,2.696592832332782,2.696592832332782,2.410603118676498,1.0,0.9911894357123733,1.6959633267520478,36.11192869712096
9.10999999999985,-1.3847248375347991,1.3847248375347991,3.2835994599559832,1.8120704897867477,2.4246369025358714,7.289436760409994,2.699895694357468,2.7862006754539292,9.692470151850111,3.1132732215226646,2.873097718460055,2.699895694357468,2.699895694357468,2.3998716620980605,1.0,0.9999611912768949,1.709218780554874,36.11191914094518
9.11999999999985,-1.3990779979190648,1.3990779979190648,3.2934251533389305,1.8147796431905805,2.42283819766151,7.307391909542723,2.7032188053397976,2.785832071428857,9.719394883150832,3.1175944064536094,2.8730888257873515,2.7032188053397976,2.7032188053397976,2.389798319047798,1.0,1.008666320028074,1.722219798594134,36.1119094672197
9.12999999999985,-1.4130258156202298,1.4130258156202298,3.303439267675727,1.817536593215038,2.421034403349736,7.32547024768128,2.706560593757561,2.7854582057043205,9.746543263310825,3.1219454292653523,2.873079445276479,2.706560593757561,2.706560593757561,2.380344667466113,1.0,1.0173048685889532,1.7350988366998765,36.11189967901828
9.13999999999985,-1.4265799501180627,1.4265799501180627,3.3136402284911077,1.8203406902256258,2.41922682182918,7.3436637258970086,2.7099195054276075,2.785079156532204,9.77390569449135,3.126324630375315,2.8730695626515774,2.7099195054276075,2.7099195054276075,2.3714746632309307,1.0,1.0258857364139253,1.7476911774483441,36.111889779485956
9.14999999999985,-1.4397519787863278,1.4397519787863278,3.3240264693320594,1.8231912870930629,2.4174167450768147,7.361964352914054,2.713294004142208,2.78469500356276,9.80147260062544,3.130730362171971,2.873059163622326,2.713294004142208,2.713294004142208,2.363154483305486,1.0,1.03440867601426,1.7599904032262064,36.111879771835355
9.15999999999985,-1.4525533810798779,1.4525533810798779,3.33459642641376,1.826087737873994,2.4156054530719744,7.380364198343034,2.716682572245612,2.7843058277628954,9.829234432688018,3.1351609899155126,2.873048233896374,2.716682572245612,2.716682572245612,2.3553523782035977,1.0,1.042865478244031,1.7721997588472065,36.111869659343085
9.169999999999849,-1.4649955240880574,1.4649955240880574,3.3453485332694965,1.8290293965022806,2.4137942121163527,7.398855395682991,2.7200837111535723,2.7839117113364806,9.857181673713471,3.139614892580533,2.8730367591921047,2.7200837111535723,2.7200837111535723,2.3480385336271556,1.0,1.0512553587987712,1.7841777236566052,36.111859445346305
9.179999999999849,-1.4770896493717982,1.4770896493717982,3.3562812154297177,1.832015615498328,2.411984273222239,7.417430145102534,2.7234959418186278,2.7835127376467748,9.885304843568976,3.1440904636427014,2.873024725251713,2.7234959418186278,2.7234959418186278,2.3411849410093635,1.0,1.0595807302442226,1.7958572951196028,36.111849133239254
9.189999999999849,-1.4888468611022962,1.4888468611022962,3.3673928851540844,1.8350457447034079,2.4101768705709747,7.436080716011111,2.7269178051439527,2.783108991141066,9.913594503492005,3.1485861118114595,2.8730121178546026,2.7269178051439527,2.7269178051439527,2.334765276615313,1.0,1.067855885218175,1.8074964783127996,36.111838726469934
9.199999999999848,-1.5002781153443052,1.5002781153443052,3.378681936239033,1.8381191300454476,2.408373220043266,7.454799449431535,2.7303478623485935,2.782700557277612,9.942041260400732,3.1531002617108026,2.872998922831085,2.7303478623485935,2.7303478623485935,2.3287547887990288,1.0,1.0760625946963038,1.8188761144249082,36.111828228536744
9.209999999999848,-1.5113942105362232,1.5113942105362232,3.390146738922003,1.8412351123422568,2.4065745178227003,7.473578760184633,2.7337846952868534,2.7822875224549737,9.97063577098595,3.1576313545102046,2.8729851260763777,2.7337846952868534,2.7337846952868534,2.3231301929859085,1.0,1.0841994517198665,1.8300291586608106,36.11181764298532
9.219999999999848,-1.5222057789973449,1.5222057789973449,3.401785634902106,1.8443930261476553,2.4047819390734917,7.492411138897096,2.737226906724595,2.7818699739438015,9.99936874559345,3.162177848507805,2.872970713564891,2.737226906724595,2.737226906724595,2.317869573935633,1.0,1.0922772404974292,1.8411203357201364,36.111806973405294
9.229999999999848,-1.5327232795015096,1.5327232795015096,3.4135969324955457,1.8475921986454549,2.402996636693225,7.511289153843226,2.7406731205751673,2.7814479998211623,10.028230951905494,3.1667382196679115,2.8729556713647963,2.7406731205751673,2.7406731205751673,2.31295229483879,1.0,1.10029597577333,1.8518929543248626,36.111796223427184
9.239999999999847,-1.5429569908085659,1.5429569908085659,3.4255789019426923,1.850831948595737,2.401219740141063,7.530205452631316,2.74412198209761,2.7810216889074524,10.057213218430253,3.171310962114919,2.872939985652857,2.74412198209761,2.74412198209761,2.3083589128072726,1.0,1.1082419266546564,1.8626481011168414,36.11178539671931
9.249999999999847,-1.5529170061033717,1.5529170061033717,3.437729770882259,1.8541115853373709,2.3994523543416406,7.549152763745015,2.7475721580597323,2.780591130705958,10.086306437807744,3.1758945885856704,2.8729236427295235,2.7475721580597323,2.7475721580597323,2.3040711003314067,1.0,1.1161203148607757,1.8731296439482867,36.11177449698472
9.259999999999847,-1.5626132282969396,1.5626132282969396,3.4500477200066166,1.857430407850215,2.3976955586646094,7.5681238979498655,2.7510223368685804,2.7801564153451226,10.115501569940859,3.1804876308422987,2.8729066290342757,2.7510223368685804,2.7510223368685804,2.300071572293701,1.0,1.1239436405501382,1.8835040277097634,36.11176352795821
9.269999999999847,-1.5720553661439278,1.5720553661439278,3.4625308789108433,1.8607877038799572,2.3959504059795558,7.587111749574951,2.75447122867075,2.77971763352354,10.14478964495983,3.185088640047531,2.872888931161193,2.75447122867075,2.75447122867075,2.29634401814874,1.0,1.131690472146037,1.8936933048908355,36.111752493403344
9.279999999999847,-1.5812529311003019,1.5812529311003019,3.4751773221467004,1.8641827491280731,2.39421792178581,7.606109297679199,2.7579175654248984,2.7792748764577273,10.17416176602831,3.1896961871043943,2.8728705358747617,2.7579175654248984,2.7579175654248984,2.2928730388998706,1.0,1.1393681109101683,1.9037218749235114,36.11174139710949
9.289999999999846,-1.5902152348955478,1.5902152348955478,3.4879850654913755,1.8676148065089266,2.392499103416436,7.6251096071115745,2.7613601009487287,2.7788282358326963,10.203609111999056,3.19430886296223,2.872851430125875,2.7613601009487287,2.7613601009487287,2.289644088525115,1.0,1.1469865886856103,1.9136139876979563,36.11173024288894
9.299999999999846,-1.5989513877513295,1.5989513877513295,3.5009520624394748,1.8710831254755826,2.390794919315505,7.644105829474132,2.76479761094264,2.7783778037553457,10.233122939926936,3.1989252788908553,2.872831601068044,2.76479761094264,2.76479761094264,2.2866434195266843,1.0,1.1545242221211451,1.9233265502801695,36.111719034573994
9.309999999999846,-1.6074702972178798,1.6074702972178798,3.514076200925411,1.8745869414154712,2.3891063083875927,7.663091203996408,2.7682288929921253,2.777923672710688,10.262694587446815,3.2035440667246666,2.8728110360737835,2.7682272449386653,2.768228068965027,2.2838580323000355,0.9999988088710295,1.1619977674200461,1.9329134014726843,36.111707776014114
9.319999999999846,-1.615780667571422,1.615780667571422,3.5273553002821414,1.8781254751166498,2.3874341794182232,7.682059058329332,2.7716527665509134,2.777465935520917,10.29231547502352,3.2081638790784237,2.8727897227511696,2.7716336996984214,2.771643233075416,2.2812756280393325,0.999986228054276,1.169400395490986,1.9423356280122244,36.111696471073074
9.329999999999846,-1.6238909997268902,1.6238909997268902,3.540787108440898,1.8816979323049963,2.3857794105639036,7.701002809266452,2.7750680729067625,2.7770046853073147,10.321977108080912,3.212783389536386,2.8727676489605454,2.7750050705530573,2.775036571192388,2.278884564916272,0.9999545223349252,1.1767191200892593,1.9516062912131569,36.11168512362614
9.339999999999845,-1.6318095916396358,1.6318095916396358,3.5543692993754297,1.885303503252309,2.384142848910196,7.719915963399777,2.778473675131686,2.776540015455,10.351671079016706,3.21740129281641,2.872744802831372,2.7783344603092415,2.7784040650970128,2.276673817288334,0.9998995735339073,1.1839819299338372,1.9607605037630405,36.11167373755726
9.349999999999845,-1.6395445391333747,1.6395445391333747,3.5680994707931717,1.8889413624549523,2.382525310096156,7.738792117717346,2.7818684580183417,2.776072019580486,10.381389069109545,3.222016304910567,2.8727211727791886,2.7816167694913694,2.781742605183477,2.274632937710567,0.9998185551003451,1.191156434882399,1.9697014850718335,36.1116623167563
9.359999999999845,-1.6471037371480848,1.6471037371480848,3.5819751420745956,1.8926106683823263,2.380927578003403,7.757624960148953,2.785251328004163,2.775600791502052,10.411122850324407,3.2266271632037697,2.8726967475226877,2.7848486117587465,2.7850499479461703,2.272752021541969,0.9997098690978294,1.1982627451023367,1.9786072737723133,36.11165086511621
9.369999999999845,-1.654494881349498,1.654494881349498,3.5959937524610965,1.8963105632941817,2.3793504045079197,7.7764082700663275,2.7886212130847614,2.7751264252128776,10.440864287022201,3.2312326265718165,2.872671516100871,2.7880267318961516,2.788323924710582,2.2710216739534133,0.9995720001660439,1.2052897085100684,1.987205565171822,36.11163938653035
9.379999999999844,-1.6617254700537665,1.6617254700537665,3.61015265949071,1.9000401731254815,2.377794509292642,7.795135918743483,2.791977062718009,2.7746490148569305,10.470605337579148,3.235831475460233,2.8726454678902735,2.7911491145692007,2.791562996003268,2.2694329791588306,0.999404316870218,1.2122360028254642,1.9958774026059412,36.11162788488964
9.389999999999844,-1.6688028064867944,1.6688028064867944,3.6244491376801116,1.9037986074372761,2.376260579718814,7.813801869782652,2.7953178477201215,2.774168654707548,10.500338055921171,3.2404225119451895,2.8726185926222394,2.7942140661730326,2.79476579236297,2.2679774717051235,0.9992064066170282,1.2191100728497946,2.0042570233076065,36.11161636407993
9.399999999999844,-1.67573400129267,1.67573400129267,3.638880377450483,1.907584959431816,2.3747492707540063,7.832400179510781,2.7986425601549727,2.7736854391486836,10.530054592978319,3.245004559777739,2.8725908804002316,2.7972202071540977,2.797931110465426,2.2666471096690253,0.9989780693587104,1.2258942159062984,2.0125682264803664,36.11160482797919
9.409999999999844,-1.68252597528993,1.68252597528993,3.6534434842940247,1.911398306029914,2.3732612049546598,7.8509249973512425,2.8019502132177942,2.7731994626587553,10.55974719806391,3.249576464412541,2.8725623217171483,2.8001665363892285,2.8010579453549154,2.2654342496209043,0.99871936355673,1.2326098908627887,2.0207434152636172,36.111593280454855
9.419999999999844,-1.6891854624546114,1.6891854624546114,3.6681354781772058,1.9152377080083833,2.371796972500972,7.869370566174929,2.8052398411142905,2.7727108197970494,10.589408220182841,3.25413709302218,2.872532907472633,2.8030521664708807,2.8041453580239466,2.2643316232264223,0.9984304144965164,1.2392293369674023,2.0286733268962607,36.11158172536108
9.429999999999843,-1.6957190130840059,1.6957190130840059,3.6829532931761384,1.9191022101952095,2.3703571312819145,7.887731222634701,2.808510498936171,2.77221960519261,10.61903010927318,3.2586853344981286,2.8725026289903584,2.8058771233873188,2.80719287581885,2.2633323153669886,0.9981119923995595,1.2457809885558384,2.036656970735172,36.111570166536076
9.439999999999843,-1.7021329971387544,1.7021329971387544,3.697893777338845,1.9229908417199613,2.368942207028135,7.9060013974866,2.8117612625339654,2.771725913535553,10.648605417384992,3.2632200994393545,2.872471478035257,2.8086406031018667,2.810199619789296,2.2624297436692427,0.9977642503928745,1.2522328301324592,2.0443786539613593,36.11155860779945
9.449999999999843,-1.7084336077291362,1.7084336077291362,3.712953692768664,1.926902616316835,2.3675526934905116,7.924175615901061,2.8149912283879432,2.7712298395707244,10.678126799799951,3.2677403201294855,2.872439446830685,2.811342027762731,2.813164833274195,2.261617639342301,0.9973874884324386,1.2586147188224683,2.051986654956091,36.11154705294948
9.459999999999843,-1.7146268647355214,1.7146268647355214,3.728129715922501,1.9308365326776114,2.3661890526620906,7.942248497766958,2.8181995134778797,2.7707314780936305,10.707587016095191,3.2722449505034295,2.8724065280754862,2.8139827044666577,2.8160887132928325,2.2608900292293836,0.9969833543790558,1.2648957277132042,2.0595369849934864,36.111535505760536
9.469999999999843,-1.7207186185232135,1.7207186185232135,3.743418438117192,1.9347915748517182,2.36485171504118,7.960214757990902,2.8213852551523164,2.770230923948559,10.73697893115446,3.276732966104266,2.8723727149609535,2.8165624157981863,2.818970702853978,2.260241218987646,0.9965523749369023,1.2711020111012254,2.0668444171330402,36.11152396998037
9.479999999999842,-1.7267145537738844,1.7267145537738844,3.7588163662368794,1.938766712690539,2.363541079933338,7.978069206794103,2.824547610997928,2.7697282720288006,10.766295516129542,3.2812033640311813,2.8723380011876367,2.8190795491182294,2.82180955460347,2.2596657773166786,0.9960940507971427,1.2772086736296484,2.0741073827693186,36.11151244932753
9.489999999999842,-1.7326201933666883,1.7326201933666883,3.774319923633879,1.9427609023330377,2.3622575157900645,7.995806750008582,2.827685758709511,2.769223617278871,10.795529849354528,3.2856551628791673,2.8723023809820036,2.821536158645626,2.824605869015381,2.2591585211622602,0.9956105185675934,1.2832334084425472,2.081260683882797,36.11150094748873
9.499999999999842,-1.7384409023440064,1.7384409023440064,3.7899254512153564,1.94677308672977,2.361001360581978,8.013422389374359,2.8307988959610606,2.768717054698664,10.82467511721545,3.290087402671159,2.8722658491129116,2.823932563474736,2.8273593867361924,2.2587145018275483,0.9951026417806466,1.2891619549441153,2.0881877896137357,36.11148946811629
9.509999999999842,-1.7441818919041086,1.7441818919041086,3.80562920870772,1.9508021962023008,2.3597729222043275,8.030911222838958,2.8338862402783493,2.7682086793494003,10.85372461497751,3.2944991447832415,2.872228400907867,2.8262684793513855,2.830069555236129,2.258328991929059,0.9945708304239199,1.2949990932382538,2.0950799352395864,36.111478014825515
9.519999999999841,-1.749848223451509,1.749848223451509,3.8214273760905617,1.9548471490350752,2.358572478912711,8.048268444860243,2.8369470289133427,2.7676985863612997,10.882671747571873,3.2988894718635047,2.8721900322690628,2.8285430186303286,2.8327355281611064,2.2579974731395205,0.994015040865783,1.3007455226150784,2.1018678016533325,36.11146659119215
9.529999999999841,-1.7554448126517184,1.7554448126517184,3.8373160551917707,1.958906852096794,2.357400279786899,8.065489346713406,2.8399805187207545,2.7671868709428487,10.911510030343917,3.303257487745077,2.8721507396891495,2.830759231522318,2.8353584466415573,2.2577156246640495,0.9934380595358395,1.3063889026374274,2.1084442308631037,36.111455200749845
9.539999999999841,-1.7609764335109273,1.7609764335109273,3.853291271435341,1.9629802014883748,2.356256545220731,8.082569316802626,2.842985986036974,2.7666736283915654,10.940233089764597,3.307602317353856,2.872110520266731,2.832917902329649,2.8379383248746275,2.257479312400116,0.9928410172489915,1.311949002343287,2.114937297412827,36.11144384698762
9.54999999999984,-1.7664477224579107,1.7664477224579107,3.8693489757332657,1.9670660832146096,2.3551414674360847,8.099503840977778,2.8459627265615723,2.7661589541061433,10.968834664106321,3.311923106611372,2.8720693717215595,2.8350149182502866,2.84047272420004,2.257284578735416,0.9922214876437588,1.317401423234319,2.1213875218790688,36.1114325333474
9.55999999999984,-1.7718631824201838,1.7718631824201838,3.885485046512984,1.9711633738767023,2.3540552110189648,8.116288502856227,2.8489100552415176,2.765642943599859,10.997308604084752,3.3162190223332284,2.8720272924093826,2.837057243954264,2.8429647859360094,2.2571276329412022,0.9915850334661435,1.3227616962408701,2.127639436353218,36.1114212632215
9.56999999999984,-1.7772271868901195,1.7772271868901195,3.901695291871733,1.9752709413829115,2.3529979134758245,8.132918984149685,2.851827306158226,2.765125692515119,11.025648873467592,3.320489252123487,2.871984281336454,2.8390391118004494,2.845411257336457,2.2570048421217095,0.990927999710842,1.3280213821912117,2.1337027678939355,36.111410039950215
9.57999999999984,-1.7825439839678094,1.7825439839678094,3.9179754518492302,1.9793876456745987,2.3519696858082866,8.149391064995744,2.854713832417488,2.7646072966390474,11.053849549651359,3.324733004265359,2.87194033817365,2.8409649248253355,2.8478140126630733,2.256912722683191,0.9902540637993207,1.333172575894599,2.1398400101656376,36.11139886681937
9.58999999999984,-1.7878177003918114,1.7878177003918114,3.9343212008102015,1.9835123394650716,2.3509706131044754,8.165700624293727,2.857569006042326,2.7640878519199488,11.081904824207053,3.328949507608527,2.871895463270184,2.842836449123235,2.85017361119705,2.256847932288725,0.989564977814507,1.3382347475645737,2.145790677437544,36.11138774705796
9.59999999999984,-1.7930523455184653,1.7930523455184653,3.950728149928287,1.9876438689886795,2.3500007551452575,8.181843640044098,2.8603922178687484,2.7635674544845696,11.109809003395387,3.333138011453379,2.871849657666881,2.8446493192242484,2.852487531572635,2.256807262267388,0.9888580532060356,1.3431856733249483,2.1515617551645603,36.11137668383577
9.60999999999984,-1.798251815283852,1.798251815283852,3.9671918497630783,1.9917810747577351,2.3490601470237165,8.19781618969068,2.8631828774443804,2.763046200655995,11.137556508652153,3.3372977854324226,2.8718029231090036,2.8464059823036663,2.8547566944970906,2.256787630448623,0.988135503761725,1.348029980639447,2.1572375136658133,36.11136568026106
9.61999999999984,-1.8034198961206287,1.8034198961206287,3.983707792922035,1.9959227923249023,2.3481487997762915,8.213614450464728,2.8659404129298864,2.762524186972075,11.165141877044226,3.341428119389107,2.871755262058583,2.8481084494107805,2.856981812633973,2.256786074394703,0.9873992094571898,1.352775926830997,2.1629077603828972,36.11135473937825
9.62999999999984,-1.8085602688315292,1.8085602688315292,4.000271416799377,2.000067853048835,2.3472667010240182,8.229234699729762,2.8686642710031025,2.7620015102042332,11.192559761696579,3.345528323254278,2.871706677706245,2.8497567213640775,2.859162594907167,2.2567997450061004,0.986649583832367,1.357408349893785,2.168408390577652,36.111343864165676
9.639999999999839,-1.8136765124055214,1.8136765124055214,4.01687810638403,2.0042150848609115,2.3464138156224434,8.244673315325901,2.8713539167657305,2.761478267376547,11.219804932190478,3.349597726920425,2.8716571739824968,2.851350902388216,2.8612988119098985,2.256825900476323,0.9858870994404298,1.3619308827973249,2.1737455964812846,36.11133305753342
9.649999999999839,-1.8187721078134718,1.8187721078134718,4.033523197129103,2.008363313031062,2.3455900863187704,8.259926775912449,2.874008833652473,2.7609545557849478,11.246872274933127,3.353635680113916,2.8716067555684477,2.852891205194203,2.8633902985872584,2.256861900574406,0.9851122914794271,1.366350248540156,2.178993702127135,36.11132232232103
9.659999999999838,-1.8238504417156383,1.8238504417156383,4.050201977875414,2.0125113609307683,2.3447954344149298,8.274991661307165,2.8766285233424154,2.7604304730164375,11.273756793498684,3.3576415522653225,2.871555427905955,2.8543779561941336,2.865436957003586,2.2569052012347397,0.9843257615304492,1.3706531844903607,2.1842416083065155,36.11131166129553
9.669999999999838,-1.828914810149438,1.828914810149438,4.066909693821961,2.0166580507914476,2.344029760435276,8.289864652820816,2.8792125056724824,2.7599061169681534,11.300453608940822,3.3616147323780012,2.8715031972071334,2.855811600843819,2.8674387591915877,2.256953349435322,0.9835281814002981,1.3748394158563768,2.1893345747050055,36.11130107714915
9.679999999999838,-1.8339684221367707,1.8339684221367707,4.083641549536371,2.02080220445653,2.3432929447977116,8.304542533585279,2.8817603185527556,2.759381585866181,11.32695796007652,3.365554628894994,2.8714500704632457,2.857192709105597,2.8693957500793754,2.257003978346766,0.9827202970662651,1.378920091604096,2.1942781078517295,36.11129057249746
9.689999999999838,-1.839014403250752,1.839014403250752,4.100392711998702,2.0249426441256806,2.342584848487084,8.319022188873525,2.8842715178834197,2.758856978283977,11.353265203741094,3.3694606695643583,2.8713960554529168,2.8585219810227454,2.8713080504909922,2.2570548027356123,0.9819029327202808,1.382881454969882,2.1990775127103306,36.11128014987727
9.699999999999838,-1.8440557991257212,1.8440557991257212,4.117158313672169,2.0290781930897017,2.3419053137297587,8.333300606409724,2.8867456774731166,2.758332393160257,11.379370815014147,3.3733323013029928,2.87134116074966,2.8598002523959245,2.873175860215309,2.257103614606581,0.9810769949093782,1.3867223746700927,2.203920234640825,36.1112698117447
9.709999999999837,-1.8490955789025882,1.8490955789025882,4.133933455594691,2.0332076764547913,2.3412541646683547,8.347374876667606,2.8891823889584414,2.757807929816238,11.405270387416166,3.377168990059006,2.871285395728692,2.861028500551121,2.8749994611374374,2.257148279069403,0.9802434767691072,1.3904453614193795,2.2086418486196067,36.11125956047332
9.719999999999837,-1.8541366386220344,1.8541366386220344,4.150713210485405,2.0373299218549272,2.3406312080356595,8.361242193155247,2.891581261724326,2.757283687972089,11.430959633075462,3.380970220672679,2.871228770573002,2.862199847791747,2.876775154967448,2.257186730416826,0.9793977142423302,1.3940520928908033,2.213226118944506,36.111249398352285
9.729999999999837,-1.8591818045633612,1.8591818045633612,4.167492625860599,2.0414437601512807,2.3400362338268206,8.374899852684248,2.8939419228250327,2.7567597677624835,11.456434382865018,3.3847354967360475,2.8711712962786677,2.8633205935274955,2.8785059419545735,2.2572169684012517,0.9785444957371332,1.3975342016829049,2.2176777652011554,36.11123932758459
9.739999999999837,-1.864233836516401,1.864233836516401,4.184266727153795,2.0455480261176455,2.339469015968954,8.388345255621477,2.896264016905482,2.7562362697511014,11.481690586508865,3.388464340451123,2.8711129846593684,2.864393109796287,2.8801928419817497,2.2572370546982783,0.9776857718775137,1.400890753143438,2.2220028355168986,36.11122935028528
9.749999999999837,-1.8692954310161907,1.8692954310161907,4.201030520834972,2.0496415591110004,2.338929312987378,8.40157590612126,2.8985472061226223,2.755713294943983,11.506724312657463,3.392156292486751,2.8710538483501056,2.8654188739752406,2.88183643173436,2.257245109546165,0.9768228358623853,1.404121771152615,2.2263841158569173,36.11121946847987
9.759999999999836,-1.8743692245082249,1.8743692245082249,4.217778997524308,2.0537232037264195,2.3384168686677094,8.41458941233612,2.90079117006656,2.755190944801586,11.531531748931704,3.3958109118341238,2.870993900810077,2.866384671386911,2.88342981457591,2.2572393085509384,0.9759464307634322,1.407230781410484,2.2306384365700884,36.111209684102676
9.769999999999836,-1.879457796454475,1.879457796454475,4.234507135095977,2.057791810435637,2.337931412713156,8.427383486603928,2.902995605681126,2.7546693212494553,11.556109201934893,3.3994277756609117,2.8709331563247042,2.867304434876529,2.8849799229277804,2.2572178796475004,0.9750667546735243,1.4102095071676737,2.234769985036349,36.11119999899536
9.779999999999836,-1.884563672410033,1.884563672410033,4.251209901767951,2.0618462362086927,2.3374726613963324,8.439955945609567,2.905160227183617,2.754148526687353,11.580453097232288,3.403006479164018,2.8708716300067736,2.86817945694893,2.886487269609997,2.25717910020772,0.9741849262640506,1.4130567214653647,2.2387827891777508,36.111190414905344
9.789999999999836,-1.8896893270235655,1.8896893270235655,4.267882259173949,2.065885345118153,2.3370403182050277,8.45230471051897,2.9072847659833685,2.7536286639967655,11.604559979297571,3.4065466354209173,2.870809337796689,2.8689935621255076,2.8879434609504453,2.257121294287018,0.9732895398367668,1.4157710963683814,2.2426807214211206,36.11118093348453
9.799999999999836,-1.8948371870037983,1.8948371870037983,4.284519165414036,2.069908008925526,2.336634074481366,8.464427807083615,2.909368970598885,2.7531098365466544,11.628426511425737,3.4100478752395453,2.8707462964617982,2.8697655633089063,2.8893579621812764,2.2570428300015033,0.9723942338985283,1.4183515152554222,2.2465473733792236,36.111171556287914
9.809999999999835,-1.9000096340247334,1.9000096340247334,4.301115578080607,2.073913107649548,2.3362536100538533,8.47632336571342,2.911412606573211,2.7525921481973463,11.652049475611836,3.4135098470067193,2.8706825235947853,2.8704841425680576,2.8907248712991827,2.2569421170282067,0.9714910653464232,1.4208005592232311,2.2503820015165688,36.111162284772305
9.819999999999835,-1.9052090076016595,1.9052090076016595,4.317666457256792,2.07789953011612,2.335898593861868,8.487989621516101,2.9134154563872454,2.7520757033024608,11.675425772394945,3.416932216535023,2.870618037611104,2.8711531770838676,2.892046051669421,2.2568176042213777,0.9705829460588701,1.4231115599101212,2.254105728542655,36.11115312029517
9.829999999999835,-1.9104376079060565,1.9104376079060565,4.334166768484562,2.081866174489744,2.335568684572165,8.499424914301024,2.915377319370689,2.75156060670877,11.698552420666944,3.4203146669081406,2.870552857745434,2.871774666355754,2.8933224196424834,2.256667777338276,0.9696714401075588,1.425283020556853,2.257721956080966,36.111144064113525
9.839999999999835,-1.9156976985402379,1.9156976985402379,4.350611485700144,2.085811948786406,2.3352635311870102,8.510627688545725,2.9172980116103537,2.7510469637538812,11.721426557445392,3.4236568983245665,2.870487004047147,2.8723422025010485,2.8945505955258204,2.2564911568682526,0.9687520811023943,1.4273133858506168,2.26123394385651,36.11113511738287
9.849999999999834,-1.9209915092877687,1.9209915092877687,4.366995594134512,2.089735771367881,2.3349827736436275,8.521596493323079,2.919177365855504,2.7505348802616685,11.744045437610037,3.426958627939654,2.8704204973747593,2.8728642443803984,2.8957348206086815,2.256286295959294,0.967831022123189,1.429201052873871,2.2646448123251224,36.11112628115627
9.859999999999834,-1.9263212388013176,1.9263212388013176,4.383314093177097,2.093636571417565,2.334726043404629,8.532329982187518,2.9210152314199798,2.750024462535335,11.766406433602485,3.4302195897059544,2.870353359389364,2.8733321928208326,2.8968706049513027,2.2560517784365515,0.9669022118036271,1.4309443821804897,2.267978632547261,36.11111755638342
9.869999999999834,-1.931689057266856,1.931689057266856,4.3995619992009924,2.0975132893979462,2.334492964039175,8.542826913018363,2.922811474080797,2.7495158173480445,11.788507035088411,3.433439534211781,2.8702856125470184,2.8737526264819118,2.897961247041828,2.255786216907687,0.9659704335547765,1.4325417089352637,2.271329335688231,36.11110894390992
9.879999999999834,-1.9370971090432758,1.9370971090432758,4.415734348348224,2.101364877489919,2.3342831517946294,8.553086147818659,2.924565975972958,2.7490090519310146,11.810344848581943,3.436618228517963,2.8702172800900785,2.8741233580513965,2.899005558998834,2.2554882509501817,0.9650341893329422,1.4339932590140942,2.274581336766886,36.11110044447647
9.889999999999834,-1.9425475152494311,1.9425475152494311,4.43182619927389,2.105190300014203,2.3340962161584917,8.563106652467885,2.926278635480204,2.748504273959015,11.831917597031703,3.4397554559927226,2.87014838603747,2.8744402203371147,2.9000013396701014,2.2551565453760225,0.9640905766433085,1.4352957217170514,2.2777373219459225,36.11109205871832
9.899999999999833,-1.9480423763382453,1.9480423763382453,4.447832635848197,2.1089885338351646,2.333931760410437,8.572887496426942,2.927949367121457,2.74800159153318,11.853223119368103,3.442851016144629,2.8700789551738777,2.8747165841363422,2.900955414466207,2.254789788569458,0.9631491596712205,1.4364468879223113,2.2807998465625268,36.11108378716468
9.909999999999833,-1.9535837746426976,1.9535837746426976,4.463748769815561,2.1127585687473998,2.3337893821643187,8.582427852393995,2.929578101432695,2.747501113161073,11.874259370011552,3.445904724453587,2.870009013037846,2.8749281109196185,2.9018552171220167,2.2543866908937495,0.9621926504680542,1.4374451458693491,2.2837713367140675,36.1110756302382
9.919999999999833,-1.9591737768888653,1.9591737768888653,4.479569743410282,2.1164994078454833,2.333668673900007,8.5917269959097,2.9311647848440217,2.747002947733949,11.895024418341118,3.4489164121997966,2.8699385859087903,2.875098721176208,2.902713023511954,2.253945983163085,0.961238102179638,1.4382889009862387,2.2866540906698454,36.11106758825472
9.929999999999833,-1.964814436705287,1.964814436705287,4.49529073192836,2.1202100678773226,2.333569223484956,8.600784304910583,2.9327093795517114,2.746507204501125,11.915516448123547,3.4518859262906627,2.8698677007928843,2.87521808040521,2.9035234862166446,2.2534664151760415,0.960278168511032,1.438976586418672,2.2894502800964083,36.11105966142285
9.939999999999833,-1.9705077970958627,1.9705077970958627,4.510906946255294,2.123889579581597,2.333490614685445,8.609599259229293,2.9342118633850034,2.7460139930414518,11.93573375690212,3.4548131290855837,2.8697963854078528,2.8752805404144355,2.9042836682447652,2.2529467543071746,0.9593088490174808,1.4395066733245514,2.292226950520883,36.111051849843825
9.949999999999832,-1.976255892909095,1.976255892909095,4.526413635349883,2.1275369880098167,2.3334324276674123,8.618171440040646,2.935672229667448,2.7455234232317887,11.955674755345381,3.4576978982186084,2.8697246681666386,2.8752999254108325,2.905000690157247,2.2523857841535238,0.9583399562539023,1.439877680859696,2.294959422743332,36.11104415351139
9.959999999999832,-1.9820607532946721,1.9820607532946721,4.541806088684131,2.1311513528335175,2.333394239486872,8.626500529252409,2.937090487072608,2.7450356052124794,11.975337966555456,3.460540126418917,2.8696525781599376,2.8752656517605293,2.9056690832784424,2.2517823032329884,0.9573639515268657,1.4400881858047048,2.297605677258326,36.11103657231175
9.969999999999832,-1.9879244041492445,1.9879244041492445,4.557079638639666,2.134731748637207,2.3333756245698747,8.634586308839971,2.938466659473946,2.744550649349766,11.99472202533587,3.4633397213290915,2.869580145137626,2.8751744619990918,2.9062871598306703,2.2511351237317068,0.9563785075424401,1.4401368317775587,2.3001674739412876,36.11102910602359
9.979999999999832,-1.9938488705575363,1.9938488705575363,4.572229662861104,2.138277265197641,2.3333761551820316,8.642428660124015,2.9398007857887265,2.744068666195122,12.01382567741888,3.4660966053211615,2.8695073994890423,2.8750382182149177,2.906861062779124,2.2504430702977283,0.9553919999740262,1.4400223379755028,2.3026464487444067,36.11102175431833
9.989999999999831,-1.9998361792260493,1.9998361792260493,4.5872515865669845,2.1417870077500667,2.333395401887598,8.650027562990578,2.941092919815792,2.7435897664414797,12.032647778652315,3.4688107153104095,2.869434372222152,2.8748547168088714,2.9073896723275015,2.2497049788784285,0.9544028106168055,1.439743507397142,2.305044113991293,36.11101451676027
9.999999999999831,-2.0058883609316625,2.0058883609316625,4.602140884819091,2.1452600972420783,2.333432933998172,8.65738309505293,2.942343130067078,2.7431140608763203,12.05118729414598,3.4714820025669124,2.8693610949415826,2.874605851354605,2.907863624267292,2.2489196955992408,0.9533980628657944,1.439299234483476,2.3073618584846964,36.11100739280696
10.009999999999831,-2.0120074529509453,2.0120074529509453,4.616893084751019,2.1486956705757607,2.333488320011013,8.664495430754762,2.943551499592756,2.742641660331633,12.069443297377884,3.4741104325248333,2.8692875998255283,2.874310116919949,2.908292529329968,2.248086075681434,0.9523907966495548,1.4386885121537787,2.309600947441618,36.11100038180959
10.01999999999983,-2.0181955015309603,2.0181955015309603,4.6315037677569935,2.152092880838788,2.333561128037084,8.671364840414475,2.9447181257998998,2.742172675630716,12.087414969260395,3.4766959845894485,2.869213919601551,2.8739667553347985,2.9086760340565094,2.2472029823967827,0.9513803926918335,1.4379104381592653,2.31176252222703,36.110993483013495
10.02999999999983,-2.0244545643371845,2.0244545643371845,4.645968571642146,2.15545089752519,2.333650926218829,8.677991689210288,2.9458431202646023,2.7417072175318333,12.105101597166755,3.4792386519419383,2.8691400875212425,2.8735728223723886,2.909012653767351,2.2462692860570947,0.9503646791408554,1.4369642207570965,2.313847599913607,36.11098669555877
10.03999999999983,-2.030786712937547,2.030786712937547,4.66028319273539,2.1587689067464795,2.3337572831378104,8.684376436106202,2.946926608537478,2.7412453966687265,12.122502573918212,3.481738441341941,2.8690661373338036,2.8731142493891655,2.909295116860121,2.2452838630366787,0.949333626851732,1.4358491836381169,2.3159310164637104,36.11098001848097
10.04999999999983,-2.0371940353024915,2.0371940353024915,4.674443387966336,2.162046111433874,2.3338797682122476,8.690519632718859,2.9479687299425104,2.7407873234879916,12.139617396732342,3.484195372927922,2.8689921032585106,2.8726064321411244,2.9095314779080037,2.2442455948259465,0.9482980205162875,1.4345647700945714,2.317934983049676,36.110973450711825
10.05999999999983,-2.043678638327525,2.043678638327525,4.688444976907621,2.1652817315323243,2.3340179520845767,8.69642192212557,2.9489696373692236,2.7403331081833424,12.156445666133111,3.486609480015379,2.8689180199560935,2.872048680706526,2.9097214401788007,2.24315336711443,0.9472572581254013,1.433110546403847,2.319860108739878,36.11096699108011
10.06999999999983,-2.0502426503746767,2.0502426503746767,4.702283843784204,2.168475004187091,2.3341714069991095,8.70208403761385,2.949929497058167,2.7398828606267855,12.172987084823145,3.488980808892927,2.8688439224990456,2.8714403230269627,2.9098647211084505,2.2420060689016186,0.9462107432556756,1.4314907516286624,2.321706984590044,36.11096063831267
10.07999999999983,-2.0568882238612685,2.0568882238612685,4.71595593945123,2.1716251839236045,2.3343397071699057,8.707506801373064,2.9508484883797514,2.739436690296734,12.189241456519197,3.4913094186163445,2.8687698463408697,2.870776323629616,2.9099587647418246,2.2408025916340772,0.945154797393312,1.4297025181241743,2.323476072861506,36.110954391035335
10.08999999999983,-2.0636175378731263,2.0636175378731263,4.729457283342144,2.1747315428213536,2.3345224291389557,8.7126911231288,2.951726803606458,2.7389947062030995,12.205208684751414,3.4935953808006177,2.8686958272842635,2.870049929080205,2.9100001142228087,2.2395418283674267,0.9440845359188774,1.4277452035701106,2.3251677055441373,36.11094824777411
10.09999999999983,-2.0704328008238044,2.0704328008238044,4.742783965388832,2.177793370682543,2.3347191521247854,8.71763799872085,2.9525646476784977,2.7385570168094,12.22088877162745,3.4958387794100934,2.868621901448291,2.8692715122517183,2.909994262919184,2.238222672951827,0.943007131624457,1.425619011074543,2.3267820826643724,36.11094220695632
10.109999999999829,-2.0773362531536397,2.0773362531536397,4.7559321479155585,2.180809975196271,2.334929458361609,8.72234850862579,2.953362237962995,2.738123729951954,12.236281816562327,3.498039710546798,2.8685481052345403,2.8684404505071512,2.9099409726577177,2.2368440192396974,0.9419219949729521,1.4233242739404321,2.3283192703785587,36.11093626691198
10.119999999999829,-2.084330170087122,2.084330170087122,4.768898067508659,2.183780682098974,2.335152933429118,8.726823816425346,2.954119804006829,2.737694952756183,12.251388014975303,3.5001982822370654,2.8684744752922717,2.8675561334576116,2.9098400158077538,2.2354047603144678,0.9408285388303724,1.4208614534323236,2.3297791988414516,36.110930425875054
10.129999999999828,-2.091416864437955,2.091416864437955,4.78167803686386,2.1867048353318883,2.3353891665730484,8.731065167221809,2.954837587283235,2.737270791550118,12.266207656954828,3.502314614216551,2.868401048482624,2.8666179616814387,2.9096911744561478,2.233903787739236,0.9397261777365792,1.4182311357935724,2.331161659852098,36.11092468198497
10.139999999999828,-2.0985986894856845,2.0985986894856845,4.794268446613252,2.1895817971962708,2.335637751016628,8.735073886002077,2.9555158409323536,2.7368513517751585,12.280741125893018,3.5043888377137913,2.8683278618418466,2.8656253454402942,2.9094942395726626,2.2323399908242743,0.9386143271853362,1.4154468950398875,2.33246630426498,36.110919033288084
10.149999999999828,-2.1058780419039094,2.1058780419039094,4.80666576713398,2.1924109485071406,2.335898284263023,8.738851375951937,2.9561548294959006,2.736436737894165,12.294988897091049,3.506421095232438,2.868254952543632,2.8645683049724386,2.9092440728317883,2.230712255912379,0.9374858063011473,1.4124988094570181,2.3336926391727055,36.11091347773933
10.159999999999828,-2.113257364769684,2.113257364769684,4.818866550340688,2.195191688746267,2.3361703683889026,8.742399116722432,2.9567548286461682,2.7360270532969704,12.308951536336995,3.508411540332319,2.8681823578605434,2.8634541585299367,2.9089446168907567,2.229019465681128,0.9363455809481099,1.409387818874362,2.334840024846131,36.110908013203876
10.169999999999828,-2.120739150658485,2.120739150658485,4.830867431463926,2.197923436215176,2.3364536103292215,8.745718662650367,2.957316124909606,2.735622400203387,12.32262969845789,3.5103603374095216,2.8681101151245776,2.8622843300475673,2.908596730497947,2.2272604984611726,0.9351944637337928,1.4061150934524185,2.3359076714286817,36.110902637458835
10.179999999999827,-2.128325944807505,2.128325944807505,4.842665130816646,2.200605628188896,2.336747622153355,8.748811640935065,2.95783901538523,2.735222879563811,12.336024125847672,3.5122676614756556,2.868038261686897,2.8610582507963622,2.9082002296015803,2.22543422756972,0.9340318625880707,1.402687379997379,2.3368946353904314,36.1108973481951
10.189999999999827,-2.1360203483807334,2.1360203483807334,4.854256455551015,2.2032377210712,2.3370520213326778,8.75167974977384,2.9583238074581764,2.7348285909575214,12.349135646973034,3.5141336979365247,2.8679668348767566,2.8597753558523373,2.907754935021162,2.2235395206584467,0.9328571833810764,1.3991160637771807,2.3378119846667773,36.11089214301924
10.199999999999827,-2.1438250218351405,2.1438250218351405,4.865638301407866,2.2058191905520874,2.337366430999689,8.754324756458672,2.958770818508705,2.7344396324887743,12.361965174859206,3.515958642370414,2.8678958719596586,2.8584350827467486,2.9072606715324274,2.2215752390751073,0.9316698292190231,1.3953896336654328,2.3386581836033145,36.11088701945544
10.209999999999827,-2.151742688380884,2.151742688380884,4.876807654461018,2.208349531768243,2.3376904801988,8.756748495436849,2.9591803756170134,2.7340561006808026,12.374513705557819,3.5177427003062376,2.8678254100947793,2.8570368701016173,2.9067172669362913,2.2195402372381534,0.9304691997401838,1.39150971342564,2.3394164618092095,36.110881974947475
10.219999999999827,-2.159776137571415,2.159776137571415,4.887761592858829,2.2108282594672137,2.3380238041288783,8.758952866338513,2.959552815264244,2.733678090367845,12.386782316599176,3.5194860870017908,2.8677554862916974,2.8555801562487586,2.9061245511107976,2.2174333620237205,0.9292546904096719,1.387489632522387,2.340085318943645,36.11087700686087
10.229999999999826,-2.1679282290013675,2.1679282290013675,4.898497288565416,2.2132549081760593,2.3383660443776217,8.760939831974227,2.9598884830301,2.7333056945853045,12.39877216543148,3.5211890272224067,2.867686137366455,2.854064377830607,2.9054823550450735,2.215253452164398,0.9280256918116931,1.3833362977992847,2.340663082234606,36.110872112484905
10.239999999999826,-2.176201896138162,2.176201896138162,4.909012009103894,2.215629032375207,2.338716849147879,8.762711416305853,2.960187733287511,2.7329390044581903,12.410484487849438,3.522851755020276,2.8676173998970165,2.8524889683810972,2.904790509854268,2.2129993376591934,0.9267815889379453,1.3790375799769496,2.3411479014652326,36.110867289034914
10.249999999999826,-2.184600150302588,2.184600150302588,4.919303119304162,2.2179502066782657,2.3390758734759793,8.764269702394262,2.96045092889483,2.732578109087951,12.421920596415186,3.5244745135147717,2.867549310178139,2.8508533568849233,2.9040488457744593,2.2106698391941872,0.9255217604708904,1.3745984159440356,2.3415377436698726,36.11086253365451
10.259999999999826,-2.1931260847852228,2.1931260847852228,4.929368083057726,2.2202180260185544,2.3394427794421446,8.765616830327634,2.9606784408860807,2.7322230954378326,12.433081878874324,3.526057554674104,2.8674819041757127,2.8491551539800755,2.9032562287563137,2.208263767573359,0.9242443141494836,1.370048604858319,2.3418303875447886,36.11085784341779
10.269999999999825,-2.2017828791284773,2.2017828791284773,4.939204465082121,2.222432105843083,2.339817236373074,8.766754995134143,2.9608706481597844,2.7318740482169317,12.443969796570155,3.5276011390986586,2.8674152174806165,2.8473926509195686,2.902411883533668,2.2057799231591373,0.9229478330008823,1.3653622383340998,2.342023417561771,36.110853215331765
10.279999999999825,-2.2105738035830136,2.2105738035830136,4.948809932697572,2.224592082314772,2.3401989210367335,8.767686444683283,2.9610279371669703,2.731531049763044,12.454585882859341,3.5291055358063947,2.8673492852621294,2.8455686915358003,2.901517455593314,2.203217095322217,0.9216340705139058,1.3605441367403448,2.3421142177819254,36.11084864633871
10.289999999999825,-2.2195022237344815,2.2195022237344815,4.958182257618548,2.2266976125236555,2.340587517829434,8.768413477580065,2.9611507015989686,2.7311941799244845,12.464931741532466,3.530571022020725,2.8672841422209476,2.8436826739303154,2.900572763083367,2.200574061900238,0.9203023736010163,1.3556304638944887,2.342099965372375,36.11084413331858
10.299999999999825,-2.2285716053337734,2.2285716053337734,4.967319317762943,2.2287483747078634,2.3409827189552237,8.76893844105666,2.9612393420756553,2.730863515941035,12.475009045242924,3.5319978829612744,2.867219822541859,2.841733984706775,2.8995776182774167,2.1978495886649188,0.9189520796157842,1.3505893648351819,2.3419776238145924,36.110839673091476
10.309999999999825,-2.2377855193252296,2.2377855193252296,4.976219099081732,2.2307440684851616,2.3413842245976486,8.769263728866274,2.961294265834835,2.7305391323241435,12.484819533948032,3.533386411637996,2.867156359846121,2.8397219973678176,2.8985318264320274,2.195042428797285,0.9175825155779017,1.3454354325107583,2.3417439358089083,36.11083526242014
10.319999999999824,-2.2471476471070617,2.2471476471070617,4.984879697411914,2.2326844150958536,2.3417917430839044,8.76939177918418,2.9613158864234967,2.7302211007365758,12.494365013366258,3.534736908649109,2.8670937871435993,2.8376460706793742,2.89743518461717,2.1921513223706137,0.9161929973850329,1.340191251573356,2.3413954158648482,36.11083089801249
10.329999999999824,-2.2566617860105715,2.2566617860105715,4.993299320355759,2.23456915765786,2.3422049910414104,8.769325072521202,2.961304623391724,2.7299094898716483,12.503647353454683,3.5360496819833687,2.867032136784719,2.835505547000673,2.8962874805183643,2.189174995840751,0.9147828290102625,1.3348286849522124,2.340928342586197,36.11082657652418
10.339999999999824,-2.2663318550363534,2.2663318550363534,5.001476289189411,2.236398061434818,2.3426236935468094,8.76906612965506,2.961260901990073,2.7296043653322193,12.51266848691113,3.537325046827211,2.866971440412276,2.8332997505781186,2.8950884912092367,2.186112161543478,0.9133513016839059,1.32938297289757,2.3403387506403357,36.110822294561196
10.349999999999824,-2.2761619008565366,2.2761619008565366,5.00940904080398,2.2381709141180393,2.343047584267407,8.768617509585267,2.9611851528712734,2.7293057895096124,12.521430407705454,3.538563325377328,2.866911728913172,2.831027985801234,2.8938379818931717,2.182961517198572,0.9118976930584689,1.3238410603367086,2.339622422413521,36.11081804868237
10.359999999999824,-2.2861561041042306,2.2861561041042306,5.0170961296824075,2.239887526123222,2.343476405595048,8.767981807517542,2.9610778117971743,2.729013821462636,12.529935169644812,3.539764846659282,2.8668530323701353,2.8286895354187824,2.8925357046126523,2.1797217454202484,0.9104212663555203,1.3182002774654504,2.3387748793498364,36.11081383540216
10.369999999999823,-2.296318785953807,2.296318785953807,5.024536229915521,2.2415477309028065,2.3439099087724076,8.767161652883978,2.9609393193518807,2.7287285167968665,12.538184884977966,3.5409299463527892,2.8667953800134653,2.8262836587131486,2.8911813969248352,2.176391513233656,0.9089212694932514,1.3124950906659516,2.3377913729791113,36.11080965119313
10.379999999999823,-2.3066544150339294,2.3066544150339294,5.031728137260774,2.2431513852749156,2.3443478540116836,8.766159707405395,2.960770120662088,2.7284499275443843,12.546181723043857,3.5420589666243356,2.866738800172882,2.8238095896310513,2.8897747805418206,2.1729694715970846,0.9073969341935147,1.3066865465308914,2.3366800507601533,36.110805492488694
10.389999999999823,-2.317167614671519,2.317167614671519,5.0386707712474195,2.2446983697698495,2.3447900106056507,8.764978663202674,2.960570665125674,2.728178102044122,12.55392790897001,3.543152255967842,2.8666833202295283,2.8212665348685575,2.8883155599340196,2.169454254929561,0.905847475067118,1.3008247813955711,2.335431033666269,36.11080135568575
10.399999999999823,-2.3278631705187802,2.3278631705187802,5.045363177331929,2.246188588995129,2.345236157031034,8.76362124096411,2.960341406149654,2.7279130848230193,12.561425722426607,3.544210169054116,2.8666289665681814,2.8186536719083493,2.8868034208949096,2.165844480643472,0.9042720886761627,1.2948742115395393,2.3340312039721876,36.11079723714731
10.409999999999823,-2.338746038549459,2.338746038549459,5.051804529107746,2.2476219720201494,2.3456860810441538,8.762090188176183,2.9600828008986815,2.7276549164781474,12.56867749644224,3.5452330665898737,2.866575764529756,2.8159701470071057,2.885238029065384,2.1621387486818593,0.9026699525722052,1.2888625003491738,2.332474498890623,36.11079313320519
10.419999999999822,-2.349821353484714,2.349821353484714,5.057994130573629,2.2489984727815244,2.346139579768773,8.760388277425381,2.959795310055305,2.727403633560002,12.575685616287874,3.5462213151871773,2.8665237383641307,2.813215073130835,2.8836190284158194,2.158335641059996,0.901040224309056,1.2827836911016672,2.330754537596698,36.11078904016269
10.429999999999822,-2.3610944376567895,2.3610944376567895,5.063931418465101,2.250318070510278,2.3465964597760727,8.758518304779162,2.9594793975932934,2.7271592684571204,12.582452518435657,3.5471752872441553,2.866472911183393,2.8103875278359074,2.8819460396838568,2.1544337214108507,0.8993820404290157,1.2766385912446607,2.3288646111713716,36.11078495429721
10.439999999999822,-2.3725708103474634,2.3725708103474634,5.069615964653751,2.251580770182085,2.347056537156667,8.756483088254388,2.959135530565369,2.7269218492822316,12.5889806895997,3.548095360837938,2.866423304915537,2.807486551093428,2.8802186587657617,2.1504315345339933,0.8976945154213477,1.2704441768894807,2.3267976723194748,36.11078087186289
10.449999999999822,-2.38425619763016,2.38425619763016,5.075047478619436,2.2527866029918227,2.34751963758458,8.754285466382028,2.9587641789067995,2.726691399760104,12.595272665866247,3.54898191963079,2.8663749402587038,2.8045111430545884,2.8784364550591346,2.1463276059474765,0.8959767406518319,1.264181099169014,2.324546324868587,36.1107767890933
10.459999999999821,-2.396156542751913,2.396156542751913,5.080225810000802,2.253935626853793,2.347985596373044,8.751928296877312,2.9583658152563403,2.7264679391172715,12.601331031921102,3.549835352790479,2.866327836636011,2.8014561812884256,2.8765967489558295,2.1421204414421964,0.8942249758926867,1.2578825014291382,2.322102813052725,36.110772702203974
10.469999999999821,-2.408278017088816,2.408278017088816,5.085150951229774,2.2550279269290154,2.3484542585220347,8.749414455424915,2.9579409147961213,2.7262514819738315,12.607158420382504,3.550656054925977,2.8662820121510433,2.798322290345131,2.8746999744087014,2.1378085266381697,0.8924394451954656,1.25151559658005,2.319459010586151,36.11076860739509
10.479999999999821,-2.4206270317307994,2.4206270317307994,5.089823040256194,2.2560636161811116,2.3489254787573928,8.746746834589212,2.9574899551121407,2.726042038237486,12.612757511248251,3.5514444260396716,2.866237483544073,2.7951100305664878,2.872746529342364,2.133390326542135,0.8906203309708466,1.2451229986937649,2.3166064095243035,36.11076450085398
10.48999999999982,-2.4332102496965935,2.4332102496965935,5.094242363369118,2.2570428359623835,2.349399121561397,8.743928342860231,2.957013416077146,2.7258396130000055,12.618131031466135,3.552200871497294,2.8661942661490674,2.7918182022434066,2.8707358482004324,2.1288642851058164,0.88876661022489,1.238665095082966,2.3135395712083833,36.110760378757746
10.49999999999982,-2.446034598890005,2.446034598890005,5.098409358121804,2.257965756631797,2.3498750611946395,8.740961903846328,2.956511779757748,2.725644206436298,12.623281754637489,3.552925802016908,2.8661523738515555,2.788445552756316,2.8686673291578724,2.124228824784136,0.8868772304386,1.2321874436425806,2.310276976513868,36.11075623727574
10.50999999999982,-2.4591072857764087,2.4591072857764087,5.1023246163679365,2.258832578206702,2.3503531817090386,8.737850455625232,2.9559855303477436,2.7254558137062657,12.628212500863972,3.553619633678311,2.866111819047424,2.784990773899961,2.866540332086724,2.1194823460925702,0.8849511082866096,1.2256500269938093,2.3067772393681456,36.11075207257207
10.51999999999982,-2.4724358098909396,2.4724358098909396,5.105988887417234,2.2596435310502483,2.3508333769518104,8.734596950265743,2.955435154129717,2.725274424859625,12.632926136748608,3.554282787954359,2.8660726126026916,2.781452499128041,2.864354176451034,2.1146232271627916,0.8829871283187173,1.2190950549293829,2.3030301653120997,36.11074788080809
10.52999999999982,-2.4860279792054434,2.4860279792054434,5.1094030813191935,2.260398876596605,2.3513155505602166,8.731204353533085,2.954861139467147,2.72510002474384,12.637425575562435,3.5549156917657605,2.8660347638143424,2.7778293007144614,2.8621081391272245,2.1096498232956415,0.8809841416033841,1.2124882809166908,2.2990251378732265,36.11074365814478
10.53999999999982,-2.4998919264101045,2.4998919264101045,5.112568272284459,2.2610989081162414,2.3517996159468995,8.727675644791374,2.9542639768293175,2.7249325929153976,12.641713777588963,3.5555187775610135,2.8659982803722874,2.7741196868279605,2.8598014521459,2.1045604665103648,0.8789409643324338,1.205862545555236,2.294751108251484,36.11073940074521
10.54999999999982,-2.514036126217824,2.514036126217824,5.115485702254091,2.261743951523711,2.3522854962755813,8.724013817117873,2.953644158851549,2.7247721035545287,12.645793750659521,3.5560924834232757,2.865963168322497,2.7703220985167247,2.857433300350856,2.0993534650889587,0.8768563763862485,1.1991952767756313,2.290199272332245,36.11073510477685
10.55999999999982,-2.5284694137154657,2.5284694137154657,5.118156784627864,2.2623343662305677,2.3527731244269154,8.720221877644102,2.953002180433347,2.724618525383607,12.64966855089311,3.556637253206055,2.865929432031396,2.7664349065995038,2.8550028189707435,2.094027103114366,0.8747291198588678,1.1925042076545647,2.2853890417446108,36.110730766413916
10.569999999999819,-2.543201003862557,2.543201003862557,5.120583108163674,2.2628705460462544,2.3532624429542697,8.716302848140147,2.9523385388772994,2.7244718215893426,12.653341283655553,3.5571535366997518,2.8658970741515617,2.7624564084597183,2.8525090910986126,2.088579640001096,0.8725578975425654,1.1857840674673155,2.2802735060602544,36.11072638183959
10.579999999999819,-2.5582405122534464,2.5582405122534464,5.122766441061203,2.2633529201300453,2.3537534040291863,8.712259765859326,2.9516537340716855,2.7243319497489695,12.656815104753484,3.55764178983122,2.8658660955888116,2.7583848247388882,2.849951145074225,2.0830093100167377,0.8703413713715674,1.1790320193832242,2.274839917822065,36.11072194724836
10.589999999999819,-2.5735979771632205,2.5735979771632205,5.124708735244132,2.263781953997366,2.3542459693762803,8.7080956846615,2.950948268719989,2.7241988617605717,12.660093221880022,3.5581024748986674,2.8658364954707207,2.7542182959256456,2.84732795176369,2.0773143217926746,0.8680781608247703,1.1722654562607338,2.269075078740187,36.110717458848136
10.599999999999818,-2.5892838830611646,2.5892838830611646,5.126412130856545,2.2641581505841293,2.354740110197307,8.703813676434615,2.950222648620713,2.7240725037777125,12.663178896329864,3.558536060844384,2.8658082711166513,2.7499445275460714,2.8446326530122703,2.07149285782213,0.8657598087776237,1.1654557638249308,2.2629935513015362,36.11071291286245
10.609999999999818,-2.6053091856478297,2.6053091856478297,5.127878960990473,2.2644820513730006,2.3552358070841377,8.699416832835338,2.9494773830011543,2.723952816148511,12.666075445003019,3.5589430235679553,2.865781418009334,2.7455664938552395,2.8418668562318716,2.065543073943503,0.8633882608164039,1.1586481209925892,2.256563849021273,36.110708305532555
10.619999999999818,-2.6216853385452077,2.6216853385452077,5.129111756663235,2.264754237585888,2.3557330499203637,8.69490826737093,2.9487129849089975,2.723839733359354,12.668786242717712,3.559323846282846,2.8657559297680923,2.741086445534184,2.839031769704681,2.0594630988067495,0.8609649744844713,1.1517930915949464,2.2497612420227244,36.110703633119556
10.629999999999818,-2.6384243217911005,2.6384243217911005,5.130113252064859,2.2649753314473116,2.3562318377712335,8.690291117846463,2.9479299716659595,2.7237331839833465,12.6713147248545,3.5596790199194226,2.8657317981237287,2.7365021324427072,2.836126081227188,2.053251033320347,0.8584883623582321,1.1449387379149922,2.242582916035078,36.11069889190638
10.639999999999818,-2.655538672261512,2.655538672261512,5.130886390097903,2.2651459975237582,2.3567321787616367,8.685568549202907,2.947128865387957,2.7236330906336805,12.673664390355354,3.560009043577748,2.8657090128951745,2.731811203915376,2.833148404448649,2.046904950076138,0.8559567850954614,1.1380493817998387,2.235034203536522,36.11069407819988
10.649999999999817,-2.673041516181292,2.673041516181292,5.131434328233968,2.2652669441445457,2.3572340899418323,8.680743756773664,2.9463101935766476,2.723539369922056,12.675838805103282,3.560314425033733,2.8656875619679174,2.7270112045728245,2.8300972753258056,2.0404228927490946,0.8533685495746283,1.131142099626655,2.227069485155077,36.11068918833274
10.659999999999817,-2.6909466038890777,2.6909466038890777,5.131760444713776,2.265338924910305,2.357737597140609,8.675819969989313,2.945474489787564,2.723451932422296,12.677841605710126,3.560595681302516,2.8656674312743036,2.722099569997908,2.826971148421411,2.033802875468762,0.8507219069986863,1.1242212779080016,2.2186931830538827,36.11068421866556
10.669999999999817,-2.709268347062077,2.709268347062077,5.131868345120088,2.2653627402957097,2.358242734805562,8.670800456562628,2.944622294380491,2.723370682639289,12.679676503742371,3.560853339263269,2.865648604775732,2.71707362227273,2.823768393037551,2.027042882158816,0.8480150509657461,1.1172612227924024,2.2099040387693876,36.1106791655887
10.679999999999817,-2.7280218585718288,2.7280218585718288,5.131761869355792,2.265339239353742,2.3587495458301664,8.665688527188507,2.9437541553581723,2.723295518983393,12.681347290417293,3.5610879363499706,2.8656310644468204,2.711930565372694,2.820487289174239,2.0201408658408475,0.8452461155095906,1.1103109270962765,2.200656000574122,36.110674025524276
10.689999999999817,-2.747222995227576,2.747222995227576,5.131445099062603,2.2652693215294737,2.359258081367333,8.660487540796396,2.942870629299969,2.7232263337504317,12.682857841804521,3.5613000213130768,2.865614790261578,2.706646239195914,2.8171139500887246,2.0130947478981067,0.842398895877826,1.1033210789249643,2.190991441518594,36.110668794928145
10.699999999999816,-2.766888403627802,2.766888403627802,5.130922365519506,2.2651539385921446,2.359768400629107,8.655200910395907,2.9419722823976278,2.7231630131074183,12.684212124571046,3.5614901550574367,2.8655997601816456,2.7012367371593093,2.8136572800870847,2.005902417294527,0.8394843001146725,1.0963188496277427,2.1808499735674176,36.1106634702918
10.709999999999816,-2.787035569398576,2.787035569398576,5.1301982580639285,2.264994096695161,2.360280570672188,8.649832109559943,2.9410596916009615,2.72310543708411,12.685414202311174,3.561658911562304,2.86558595014664,2.6956996784760765,2.810115709637247,1.9985617297439138,0.8365008134756942,1.0893015760648914,2.170263723317138,36.110658048144415
10.719999999999816,-2.8076828701234584,2.8076828701234584,5.129277633083133,2.264790858574613,2.3607946661689505,8.644384679593486,2.940133445881919,2.7230534795705323,12.686468242506509,3.561806878889773,2.8655733340666583,2.6900316944140927,2.8064870791177245,1.9910705068236887,0.8334462821150433,1.0822471757968506,2.1591969264212163,36.11065252505494
10.729999999999816,-2.828849632268585,2.828849632268585,5.128165623628238,2.264545345897988,2.3613107691636115,8.638862237440634,2.93919414762629,2.723007008320572,12.687378524165267,3.5619346602886,2.8655618838169805,2.6842292703942743,2.8027691141939335,1.983426535027044,0.8303184813390552,1.0751993341159556,2.147677405551099,36.110646897634055
10.739999999999815,-2.850556192487079,2.850556192487079,5.1268676497086805,2.264258741775922,2.3618289688132625,8.633268484387306,2.9382424141631516,2.722965884961762,12.688149446194746,3.562042875400961,2.865551569235013,2.678288740346051,2.798959420358795,1.9756275647467723,0.8271151135337813,1.0681178138385339,2.135665049808025,36.11064116253652
10.749999999999815,-2.872823963677827,2.872823963677827,5.125389429331139,2.2639322934511843,2.3623493611134116,8.627607215622321,2.9372788794430673,2.7229299650113745,12.688785536565957,3.562132161580471,2.865542358119522,2.6722036129464697,2.7950539365913962,1.9676713091833833,0.8238320292707473,1.0610110992882504,2.1232202030972918,36.110635316463394
10.759999999999815,-2.895675506246349,2.895675506246349,5.123736990353736,2.2635673151805618,2.3628720486077333,8.62188233072591,2.936304195877176,2.722899097898892,12.68929146233508,3.562203175330554,2.8655342162321746,2.6659459857003345,2.791036146400693,1.9595554431694235,0.8204508806118195,1.0539014153043775,2.1102758185455994,36.11062935616449
10.769999999999815,-2.9191346050641847,2.9191346050641847,5.121916683233922,2.2631651913269435,2.36339714008173,8.616097845160988,2.935319036350391,2.7228731269950077,12.689672040592678,3.562256593873142,2.865527107301458,2.6595366768953457,2.7869176272514196,1.9512776019010951,0.8169858009564173,1.0467558279029654,2.096914426007458,36.11062327844108
10.779999999999815,-2.943226352632974,2.943226352632974,5.11993519475704,2.262727379680778,2.3639247502400003,8.610257902850481,2.9343240964233113,2.722851889647212,12.689932250418991,3.562293116858717,2.8655209930289622,2.6529712864996733,2.7826953907262606,1.942835379567438,0.8134341428281396,1.0395925984047618,2.083101011065548,36.110617080148614
10.789999999999814,-2.9679772390736736,2.9679772390736736,5.117799562842083,2.2622554150321053,2.3644549993668376,8.60436678993212,2.9333200967388677,2.7228352172220824,12.690077245931151,3.5623134682297612,2.8655158330981187,2.646245228967653,2.7783662934085966,1.9342263278663478,0.8097931744440466,1.032416519763453,2.068828706935957,36.11061075819999
10.799999999999814,-2.9934152495993995,2.9934152495993995,5.115517192531912,2.2617509130167077,2.3649880129698984,8.598428949791714,2.9323077856513824,2.7228229351543667,12.690112370517593,3.562318398251003,2.8655115851853643,2.6393537264426414,2.7739270293695135,1.9254479543956606,0.8060600778747208,1.0252046286954846,2.0541979335226093,36.110604309568856
10.809999999999814,-3.0195699701905445,3.0195699701905445,5.113095873287162,2.261215574262472,2.365523921406698,8.592448999486484,2.931287942097549,2.7228148630029385,12.690043172364414,3.562308685721159,2.865508204973817,2.6322795432321295,2.769366910313191,1.9164977209063465,0.8022238715397574,1.0179752429079614,2.0391652895062857,36.1105977312936
10.819999999999814,-3.0464727023131566,3.0464727023131566,5.110543797716768,2.2606511888650065,2.3660628594936792,8.586431747681935,2.9302613787309033,2.7228108145137195,12.689875421390266,3.5622851403825417,2.8655056461694306,2.625004984401963,2.7646748200325955,1.9073730414035548,0.7982733733803571,1.0107290135214786,2.023743040869504,36.11059102048152
10.829999999999814,-3.0741565875747674,3.0741565875747674,5.1078695818929845,2.2600596412247587,2.366604966097715,8.580382214239144,2.929228945343662,2.7228105976896586,12.689615127718454,3.562248605546566,2.8655038605197083,2.617547388931558,2.7598602276085407,1.8980712800797872,0.7942205112299231,1.0034462333806242,2.0079654094919737,36.11058417431382
10.839999999999813,-3.102656743355884,3.102656743355884,5.105082287416312,2.2594429152816216,2.367150383709801,8.574305651604577,2.9281915326024315,2.722814014867823,12.689268561829723,3.5621999609552693,2.8655027978349557,2.609901047262053,2.754919018763892,1.8885897490628858,0.7900620584661177,0.9961387122660011,1.9919267162691097,36.11057719005099
10.849999999999813,-3.1320104105395474,3.1320104105395474,5.102191445414757,2.2588031001870785,2.367699258000876,8.568207568171406,2.9271500761271887,2.7228208628037307,12.688842276554935,3.5621401259011325,2.865502406012129,2.6020600168404266,2.749846868240125,1.878925705959689,0.7857946934912222,0.988816219155799,1.975583555729459,36.11057006503932
10.859999999999813,-3.1622571146374843,3.1622571146374843,5.099207082684105,2.2581423964586698,2.3682517373596017,8.562093753800939,2.926105560946313,2.7228309327629283,12.688343131085503,3.562070062630086,2.865502631061262,2.5940015625288644,2.744629312994584,1.86907635117423,0.781404214835968,0.9814556054738103,1.958965962456417,36.11056279671796
10.869999999999813,-3.1934388417475494,3.1934388417475494,5.096139750200536,2.2574631226667994,2.3688079724120756,8.555970307714286,2.9250590263641323,2.7228440106199683,12.68777831719972,3.5619907800554063,2.8655034171345193,2.5857073712753325,2.7392543077021725,1.8590388249770828,0.7768794509230653,0.9740568164756545,1.942104121794433,36.110555382627346
10.879999999999812,-3.225600230920667,3.225600230920667,5.093000554265065,2.256767722709864,2.369368115523482,8.549843668989533,2.924011571281744,2.722859876964803,12.687155387926962,3.561903337813501,2.8655047065578927,2.577196682777075,2.73373227394787,1.8488102042999508,0.7722337350916578,0.9666481685392477,1.9250276873046133,36.11054782041888
10.889999999999812,-3.2587887848496124,3.2587887848496124,5.089801190571527,2.2560587737405084,2.3699323202816487,8.543720649927742,2.922964360016684,2.722878307216695,12.686482288898269,3.5618088506962677,2.8655064398655252,2.5684624262392894,2.7280578306129826,1.838387499226784,0.7674633023637857,0.9592003190362256,1.9077651924324435,36.110540107865944
10.899999999999812,-3.293055100806924,3.293055100806924,5.086553981526027,2.255338994813424,2.370500740962673,8.537608472583322,2.9219186286724894,2.7228990717457053,12.685767392662246,3.561708493498906,2.8655085558367297,2.559495831343866,2.7222244554653163,1.8277676491495236,0.7625633741803599,0.9517115366327992,1.8903799919969708,36.11053224287696
10.909999999999812,-3.3284531242641666,3.3284531242641666,5.083271917187512,2.2546112563338965,2.3710735319787264,8.531514808790963,2.9208756921154593,2.722921936001856,12.685019536279999,3.56160350632689,2.8655109915356745,2.5502397048257333,2.716195865212725,1.8169475185530184,0.7574981296115046,0.944187050510685,1.872861448440046,36.110524223510396
10.919999999999812,-3.365040427775756,3.365040427775756,5.079968700246686,2.2538785903962717,2.371650847308264,8.525447824063352,2.9198369516230445,2.7229466606520036,12.684248062552482,3.5614952004112657,2.8655136823537917,2.540734113308452,2.7099948792653703,1.805923892389634,0.7522945516655685,0.9366399021306424,1.855225627104134,36.11051604799229
10.929999999999811,-3.4028785180981376,3.4028785180981376,5.0766587955147795,2.253144202112856,2.372232839908934,8.519416225781816,2.9188039032764457,2.7229730017245393,12.683462865279218,3.5613849644877225,2.8655165620548964,2.5309706795928224,2.703614797534024,1.7946934709995408,0.746948427247722,0.9290481133128257,1.8374928363198626,36.11050771473674
10.939999999999811,-3.442033174990267,3.442033174990267,5.073357484456316,2.2524114820468117,2.3728196611135566,8.513429316157383,2.917778147179354,2.723000710761967,12.682674438999456,3.561274271802083,2.865519562823065,2.5209309864784735,2.6970425409389005,1.7832528645275325,0.7414492612574873,0.9214108113786768,1.8196810309555367,36.11049922236971
10.949999999999811,-3.4825748255148734,3.4825748255148734,5.0700809253717205,2.251684019877505,2.3734114600096365,8.507497050503014,2.916761397595459,2.723029534981464,12.681893933727117,3.56116468781312,2.8655226153132958,2.5105637091514037,2.69024421381168,1.7715985867814024,0.7357658543090012,0.9137269786937129,1.8018057739403042,36.1104905697572
10.95999999999981,-3.524578958294693,3.524578958294693,5.0668462199185305,2.2509656194439156,2.3740083828029506,8.501630101431205,2.915755494109752,2.7230592174434998,12.681133215260115,3.5610578786731497,2.8655256487049816,2.499907941597921,2.683241899287446,1.7597270484703156,0.7299247031710924,0.9060138699405021,1.7838802548656445,36.11048175603785
10.96999999999981,-3.5681265827850526,3.5681265827850526,5.063671486755569,2.250260315331444,2.374610572165886,8.495839929675531,2.914762413932829,2.7230894972286137,12.680404931724865,3.560955620577834,2.8655285907582373,2.4889538152122115,2.6760272444677144,1.7476345497540806,0.723921183730779,0.8982522539118636,1.765915351525099,36.11047278066159
10.97999999999981,-3.6133047393540667,3.6133047393540667,5.0605759432053015,2.249572391190224,2.3752181665712726,8.490138862332905,2.913784285483897,2.723120109622468,12.679722587109707,3.5608598100893705,2.8655313678731393,2.4776418479002813,2.6685602243178925,1.7353172720256747,0.7177196755747772,0.8904385051859306,1.7479197215395013,36.11046364343479
10.98999999999981,-3.6602070668643223,3.6602070668643223,5.057579995958128,2.2489063999993704,2.3758312996126367,8.484540179437065,2.912823403407262,2.7231507863092856,12.679100622648695,3.560772475551997,2.86553390515195,2.4659863797319717,2.6608469527893264,1.7227712688395673,0.711331336010645,0.8825710190242472,1.7298999128983237,36.110454344573704
10.99999999999981,-3.708934435470196,3.708934435470196,5.054705341992301,2.2482671865221673,2.376450099311858,8.479058209906466,2.9118822451992226,2.7231812555738095,12.67855450704335,3.560695789735954,2.8655361264643817,2.4539964667115903,2.65289026000696,1.7099924558872124,0.7047640079499324,0.8746480166716853,1.7118604840826102,36.11044488476715
11.00999999999981,-3.7595956535232977,3.7595956535232977,5.0519750810577175,2.2476599122326575,2.3770746874154303,8.473708438064534,2.9109634896481498,2.723211242511952,12.678100836656016,3.5606320838660115,2.8655379545160553,2.4416138231931277,2.644649526075409,1.6969765999081787,0.6979837808769798,0.8666717341201823,1.6938041262286392,36.11043526525081
11.01999999999981,-3.8123082589174513,3.8123082589174513,5.0494138412765786,2.24709008303552,2.3777051786806283,8.468507622111545,2.9100700373206734,2.723240469250305,12.677757446981218,3.5605838632141804,2.8655393109202234,2.4288364190370193,2.6361196223191823,1.6837193064106302,0.6909921481912884,0.8586443101566926,1.6757317814079071,36.11042548789506
11.02999999999981,-3.8671994068974214,3.8671994068974214,5.047047919653997,2.246563580149468,2.3783416801530874,8.463473926140225,2.9092050333622455,2.7232686551747354,12.677543536902457,3.5605538244636126,2.865540116272979,2.4156838073202134,2.6273093643418295,1.6702160060577913,0.6838040318910924,0.8505532977463519,1.6576427524931874,36.1104155553091
11.039999999999809,-3.924406868299976,3.924406868299976,5.0449054395744115,2.2460866945811357,2.3789842904374665,8.458627067537972,2.9083718929218754,2.72329551716832,12.677479807480184,3.5605448750830515,2.8655402902321274,2.4020738437856495,2.61816076160313,1.6564619395573172,0.6763720944561356,0.8423961464690156,1.639534801242436,36.11040547096468
11.049999999999809,-3.9840801546167195,3.9840801546167195,5.043016527693685,2.2456661656830663,2.379633098963071,8.45398848191485,2.9075743295597536,2.7233207698589212,12.677588617297468,3.5605601549893056,2.8655397515999876,2.3880358443774123,2.6086881030927684,1.6424521408676422,0.6687178455017339,0.8341700750724325,1.6214042321190123,36.11039523934322
11.059999999999809,-4.046381789076196,4.046381789076196,5.0414135130324675,2.2453092243680977,2.380288185246572,8.449581508047556,2.9068163870543247,2.7233441258768054,12.677894156722823,3.560603060820291,2.8655384184104657,2.373557726057496,2.59887836656093,1.628181418508795,0.6608375979847249,0.8258720561619309,1.603268347885619,36.11038486611166
11.069999999999808,-4.111488746319635,4.111488746319635,5.040131151547183,2.245023641645491,2.3809496181541334,8.445431595747447,2.9061024750939954,2.723365296122728,12.678422643845975,3.5606772731948024,2.8655362080208047,2.3585592673181424,2.5886721766501917,1.6136443347342264,0.6526869779260989,0.8174987987807358,1.5851210828932631,36.110374358332514
11.079999999999808,-4.1795940873936965,4.1795940873936965,5.039206880016412,2.2448177832546703,2.3816174551656246,8.441566540059094,2.9054374094203257,2.7233839900470747,12.679202545315027,3.5607867873989627,2.865533037208539,2.343104197921148,2.5781059997231264,1.598835182283967,0.6443089153022669,0.8090467285634944,1.566936729421685,36.11036372471584
11.089999999999808,-4.250908821637275,4.250908821637275,5.038681103753161,2.244700671304119,2.382291741643845,8.438016745793119,2.904826457087087,2.7233999159407474,12.680264825870074,3.560935948015644,2.8655288222743174,2.3270811579216253,2.5670975310344026,1.583747958396984,0.6356416928394607,0.8005119651058314,1.5487064041378524,36.110352975922325
11.099999999999808,-4.325664033098345,4.325664033098345,5.0385975234622356,2.2446820539805263,2.3829725101120545,8.434815527115306,2.9042753876165577,2.723412781238664,12.68164323104936,3.561129488104773,2.8655234791514363,2.3105453035869377,2.5556766303779623,1.5683763357106204,0.6267236263860663,0.7918902961098135,1.5304199600915787,36.1103421249287
11.109999999999808,-4.404113316371609,4.404113316371609,5.039003507538039,2.244772484582355,2.383659779543552,8.431999447781132,2.9037905309751824,2.7234222928369634,12.683374608366806,3.5613725736528616,2.8655169235231255,2.2934119893976583,2.5437767212143862,1.5527136296160025,0.6175106056725808,0.783177147789606,1.5120659586339318,36.11033118746989
11.119999999999807,-4.486535575713402,4.486535575713402,5.039950517281769,2.2449834113600415,2.384353554667465,8.429608708656296,2.90337884346089,2.723428157425281,12.685499273256683,3.5616708541436957,2.86550907094896,2.2757034355071393,2.5314038938432857,1.5367527615683545,0.6080222111716487,0.7743675509121906,1.4936316188504974,36.11032018257584
11.129999999999807,-4.573238252203553,4.573238252203553,5.0414945939578715,2.245327279921097,2.3850538252955134,8.427687590444165,2.9030479828008637,2.723430081835828,12.688061427295894,3.5620305202645155,2.8654998370020888,2.2573446503476844,2.518495384271478,1.5204862177679783,0.5982219388871424,0.7654561017329494,1.475166983320074,36.11030913322527
11.139999999999807,-4.664561057380374,4.664561057380374,5.04369691837229,2.2458176502940503,2.385760565675167,8.426284961107473,2.9028063940103674,2.7234277734114722,12.691109637699803,3.5624583699602446,2.8654891374194804,2.23836412540132,2.5050601055825843,1.503906002528268,0.5881340720801695,0.7564369169135021,1.456612202351048,36.11029806714539
11.149999999999807,-4.760880308502466,4.760880308502466,5.046624455821569,2.246469331155351,2.386473733875456,8.425454859396972,2.9026634078716347,2.7234209403956475,12.694697388913685,3.5629618842914508,2.865476888268004,2.2186537079804607,2.4910082674904928,1.4870035855279586,0.5777052825022624,0.747303581334692,1.4379361689489654,36.110287017793524
11.159999999999807,-4.862613981730829,4.862613981730829,5.050350701938401,2.247298534226906,2.3871932712126736,8.42525716827868,2.9026293542715162,2.7234092923476965,12.698883719378223,3.5635493148514477,2.8654630061299633,2.198269830189481,2.4763667620270113,1.4697698420012115,0.5669772058772893,0.7380490874565379,1.4191201577625157,36.110276025567714
11.169999999999806,-4.9702276257766576,4.9702276257766576,5.054956548283239,2.248323052473385,2.387919101724508,8.425758395005822,2.9027156931063405,2.723392540588341,12.703733959349385,3.56422978486929,2.865447408312778,2.177095055090124,2.46103482667216,1.4521949847453575,0.5558939903023254,0.7286657645961893,1.400226888691726,36.11026513930622
11.179999999999806,-5.084241312051699,5.084241312051699,5.060531290683086,2.2495624664994494,2.388651131702747,8.427032578271866,2.9029351660469214,2.723370398681358,12.70932058915286,3.5650134065880956,2.865430013088933,2.155141998320746,2.4450045206562647,1.434268486614739,0.5444744724772754,0.7191516231634325,1.3811793920004323,36.11025441815396
11.189999999999806,-5.205237839541192,5.205237839541192,5.067173808534172,2.251038384509285,2.389389249296772,8.429162347517112,2.9033019731879617,2.7233425829594573,12.715724241649795,3.5659114180879192,2.8654107399741986,2.1323890481715404,2.428241505955262,1.4159789919106984,0.5327190497487895,0.7095027038835003,1.361931239648733,36.11024393389764
11.199999999999806,-5.333872466949322,5.333872466949322,5.074993949878347,2.252774722398657,2.3901333242028087,8.432240165322206,2.9038319795267435,2.7233088131048238,12.723034878248509,3.5669363434533716,2.865389510054666,2.108727903644364,2.410643209392957,1.3973142147600797,0.5205825095664544,0.6996997401642165,1.3425597427242701,36.110233773903694
11.209999999999805,-5.470884514318349,5.470884514318349,5.0841141654524975,2.2547980320757106,2.3908832074575552,8.436369791279306,2.9045429573823327,2.723268812798345,12.731353174868467,3.5681021811137175,2.8653662463766354,2.0841584369184356,2.392185966534879,1.3782608221819106,0.5080805998497492,0.6897316489112361,1.3229630435580655,36.11022404483612
11.219999999999805,-5.617111267038073,5.617111267038073,5.09467144566022,2.257137888047653,2.3916387313596377,8.441668015287696,2.905454872354361,2.7232223104561015,12.740792163323984,3.5694246263682308,2.8653408744180533,2.058644519346831,2.372816482771262,1.3588042990533893,0.4952108822503243,0.6795992126999252,1.303146700626836,36.11021487739078
11.229999999999805,-5.773504733423166,5.773504733423166,5.106819628290667,2.2598273447966477,2.3923997095490943,8.44826672055427,2.906590222331705,2.7231690400783544,12.751479185289783,3.570921335634514,2.865313322666765,2.0321303700890443,2.3524629144676874,1.338928791574678,0.48196251913336485,0.6692918452817058,1.2831048358667572,36.110206432365196
11.239999999999805,-5.941151963423316,5.941151963423316,5.120732162861366,2.262903480677284,2.3931659372842256,8.456315352625431,2.907974441535797,2.7231087422451523,12.763558231223827,3.572612241935,2.8652835233398695,2.0045576486803793,2.3310473864278296,1.3186169250609485,0.46832585359230405,0.6587816417420329,1.2627850780084555,36.11019890849544
11.249999999999805,-6.121299843675589,6.121299843675589,5.136605441141952,2.2664080482432882,2.3939371919681562,8.465983891824061,2.909636384812381,2.72304116530563,12.777192756577177,3.5745199337221742,2.8652514132913174,1.9758584392695424,2.3084797260245735,1.2978495909109486,0.4542891676720343,0.6480822774022859,1.242175771015339,36.11019255265442
11.259999999999804,-6.315385563347269,6.315385563347269,5.154662834757124,2.270388256390771,2.3947132339955672,8.477466454321378,2.9116089116365504,2.722966066825984,12.792569094027911,3.5766701125527236,2.8652169351729024,1.9459776423289956,2.2846752103377965,1.2766056963481487,0.43985037160713025,0.6371534752056633,1.2212671158236545,36.11018767323147
11.269999999999804,-6.525074323748386,6.525074323748386,5.175159622641863,2.2748977169626468,2.395493808016414,8.490985684288509,2.9139295949436574,2.7228832153874034,12.809900615753053,3.5790921496593313,2.8651800389400863,1.9148643357882413,2.259547649917592,1.2548618689131235,0.4250125137444653,0.6260036620906907,1.199975475200844,36.11018465784362
11.279999999999804,-6.75230638406561,6.75230638406561,5.198389047642651,2.279997598165983,2.3962786447515185,8.506798149800819,2.9166415874770797,2.7227923928632234,12.829432847361083,3.58181976757082,2.8651406838320876,1.8824287948861078,2.232972140040371,1.2325921055796627,0.4097632943160022,0.6145923227826839,1.1783141624653013,36.11018399700651
11.289999999999804,-6.9993562558268945,6.9993562558268945,5.22468981868277,2.2857580402752102,2.3970674635512377,8.525201023700907,2.919794688621258,2.722693397360774,12.851449800059239,3.584891881223092,2.8650988410119282,1.848604940015851,2.2048367140365754,1.209767353598058,0.3941063492460276,0.6029267127456206,1.1562507940376625,36.110186316099984
11.299999999999804,-7.268907870864272,7.268907870864272,5.254455481391317,2.292259907033083,2.397859975972671,8.546540425236785,2.923446668786141,2.7225860470977423,12.87628187728793,3.5883536444012774,2.865054497136463,1.8133254887035382,2.1750213118455703,1.1863550064905748,0.3780491090687878,0.5909709240949167,1.1337127825980307,36.11019241902287
11.309999999999803,-7.564150988226269,7.564150988226269,5.288146228983547,2.2995969709893833,2.3986558907792785,8.57122193056924,2.9276649279877027,2.72247018561114,12.904315837391275,3.592257763216787,2.865007659254773,1.7765191194904806,2.14339461382987,1.1623182936829135,0.36160191918446166,0.5787023187250959,1.1106611339882142,36.110203348544765
11.319999999999803,-7.88890618743295,7.88890618743295,5.326303936240523,2.307878665840239,2.399454920965408,8.599723947734118,2.9325285928246494,2.722345688895791,12.936007471523713,3.5966661606998938,2.864958361632061,1.7380614696691594,2.1097675355752794,1.1376155355372386,0.3447571939272368,0.5660991395133153,1.0870465533838454,36.11022047086
11.329999999999803,-8.247788851116269,8.247788851116269,5.369571503126357,2.3172335883821376,2.400256793721752,8.632614921390898,2.9381311954014064,2.7222124753827543,12.971897911509691,3.601652108617612,2.864906675409834,1.6978497720731067,2.073958618739758,1.112199226297348,0.3275245404524149,0.5531353431191468,1.0628072365436296,36.1102455957907
11.339999999999803,-8.64642710419754,8.64642710419754,5.4187180387238465,2.3278140043233364,2.4010612647626366,8.670575727132292,2.94458413483675,2.722070520173171,13.012634855944597,3.6073029892073936,2.8648527225181417,1.6557947248676361,2.035787420628319,1.0860148945229737,0.3099269149611293,0.5397797342271651,1.0378679297236353,36.11028115043156
11.349999999999802,-9.09175562388824,9.09175562388824,5.474672077401903,2.339801717539737,2.4018681392670937,8.71442920227933,2.9520212062719553,2.7219198757742458,13.059000558788783,3.6137239184515444,2.8647966960870046,1.6117865271576788,1.9950414353796426,1.0589996722301416,0.29198664383459394,0.5259948038975727,1.0122211454298051,36.11033043447562
11.359999999999802,-9.59241803342743,9.59241803342743,5.538566023055363,2.3534158202611293,2.40267730308853,8.765179651377085,2.9606046090920493,2.721760702987169,13.111949268452387,3.621042566506556,2.8647388910071907,1.5656196922483003,1.9513970646080059,1.031080477437341,0.2736983590233027,0.5117351475076684,0.985685065431388,36.110398003092705
11.369999999999802,-10.159327769979821,10.159327769979821,5.611796574897792,2.3689230833646313,2.40348877032033,8.82406654720393,2.9705330409210955,2.721593318029607,13.172658113840042,3.629415671129451,2.8646797507234387,1.517204174932928,1.9046271934575585,1.002171675780861,0.25511517035144377,0.49695592613778833,0.9582424215186265,36.110490253803505
11.379999999999802,-10.806465355058444,10.806465355058444,5.696108364006545,2.386652124631184,2.4043027576546367,8.892638845095085,2.982052790460807,2.721418266325647,13.242597512319689,3.6390379927007754,2.8646199406934616,1.4663692910312813,1.8544055401810302,0.9721720281633424,0.23627132189538425,0.4816077349251198,0.9297248691734745,36.1106163484608
11.389999999999802,-11.552037099889928,11.552037099889928,5.793712072303461,2.407013101813835,2.405119804020347,8.972859914751377,2.9954732371949806,2.721236441445297,13.323630566144107,3.650154868789009,2.864560466995365,1.4128644952151947,1.8002972796929781,0.9409606410110237,0.21718944624190092,0.46562025384836003,0.9000190688741283,36.110789702598275
11.399999999999801,-12.420202031025104,12.420202031025104,5.907455110054159,2.4305256859482394,2.4059409694709313,9.067259128392946,3.0111889891524486,2.7210492831606907,13.418156617931743,3.6630802090497205,2.86450287405114,1.3565389393540155,1.7419490545062628,0.9083914927523473,0.1979469300533315,0.448914802542386,0.8689585403745161,36.111030468998955
11.409999999999801,-13.443721063523954,13.443721063523954,6.041074783291447,2.4578597973219396,2.4067681784406765,9.17915665424125,3.02971230552362,2.72085911973471,13.529324064079582,3.678222949207889,2.864449586582551,1.2970778342404226,1.6788005956602237,0.8742858770287203,0.17858809779742857,0.4314008096865066,0.8363595402469419,36.11136983376084
11.419999999999801,-14.668159164117528,14.668159164117528,6.199585370930686,2.4898966586849918,2.4076048384649207,9.313007045251062,3.0517219803335727,2.720669785535274,13.66135549797278,3.696127094402028,2.8644045268933143,1.2342108877229403,1.610308174113166,0.8384217095776576,0.15920081715381518,0.41295674008751215,0.8019771267454955,36.11185777223478
11.4299999999998,-16.158817631632857,16.158817631632857,6.389891303992746,2.527823432123523,2.408457013969066,9.474943319940486,3.0781395874684576,2.7204877935785676,13.82006230289321,3.717534438696326,2.8643742870814357,1.1675761563461033,1.5357893891355563,0.8005179537847568,0.13987827496225932,0.39346194030050846,0.7655450096466915,36.11257777844302
11.4399999999998,-18.012717137881722,18.012717137881722,6.62180026532154,2.5732858887658674,2.4093357942678315,9.673675460564715,3.1102532791662987,2.7203247021417836,14.013693834462224,3.7434868551208007,2.864370495323076,1.0966469486635444,1.4543231103559962,0.7602111441711114,0.1207126710073866,0.3727149814855553,0.7266456374485827,36.11367659966641
11.448554780814746,-20.0,20.0,6.836283763693403,2.6146288003640983,2.419985193368534,9.846994248898268,3.1379920727908583,2.730076809579451,14.167561984913966,3.7639821977413717,2.8742648248249396,1.0323001725067111,1.3783269870163817,0.7234398124086173,0.10496032513729645,0.35378568114157555,0.6910562407057894,36.2390304140534
