time,phi_center,abs_phi_center,mean_r2_signed_R4,rms_signed_R4,signed_energy_den_R4,mean_r2_signed_R8,rms_signed_R8,signed_energy_den_R8,mean_r2_signed_R12,rms_signed_R12,signed_energy_den_R12,rms_absrho_R8,rms_positive_rho_R8,rms_gradient_R8,signed_cancellation_ratio_R8,field_r50,field_r20,total_energy
0.0,1.203211005746294,1.203211005746294,6.6865532930874965,2.585837058495275,2.5989874320626174,8.026363246246133,2.833083699124707,2.8715323446949563,8.026527131422313,2.8331126224388457,2.871540212026735,2.833083699124707,2.833083699124707,3.162271494568678,1.0,2.354829039102485,3.5883458806647206,36.08483853836443
0.01,1.2031928164774741,1.2031928164774741,6.686370970454712,2.585801804171138,2.599003120700443,8.026130213309477,2.833042571743227,2.8715323503496166,8.026294153235126,2.833071505139806,2.8715402202523297,2.833042571743227,2.833042571743227,3.1622503071903343,1.0,2.3547663207589813,3.5883132557132216,36.0848386417303
0.02,1.2031382331327325,1.2031382331327325,6.68582407285673,2.585696051908795,2.599050180979901,8.02543118749761,2.8329191989002456,2.871532367305334,8.025595291705672,2.8329481625518094,2.8715402449223317,2.8329191989002456,2.8329191989002456,3.1621867406358826,1.0,2.354578164035824,3.588215373390805,36.08483895174268
0.03,1.2030472091209052,1.2030472091209052,6.684912811165666,2.585519833837224,2.599128595999667,8.024266387800504,2.8327136085034264,2.871532395537327,8.024430765925954,2.832742622605512,2.8715402860163963,2.8327136085034264,2.8327136085034264,3.162080781650421,1.0,2.3542645638131647,3.5880522112670024,36.084839468145944
0.04,1.2029196668176325,1.2029196668176325,6.683637536738511,2.5852732035006496,2.5992383375932944,8.022636179187067,2.832425847076507,2.871532435004315,8.022800941034946,2.832454931862985,2.87154034350064,2.832425847076507,2.832425847076507,3.1619324081536617,1.0,2.353825511490655,3.5878237319162216,36.08484019051427
0.05,1.2027554975773205,1.2027554975773205,6.68199874127236,2.584956235852429,2.59937936633287,8.020541072583493,2.832055979775734,2.871532485648552,8.020706328196972,2.8320851555341644,2.8715404173276737,2.832055979775734,2.832055979775734,3.16174158925677,1.0,2.3532609949280077,3.587529882882712,36.08484111825214
0.060000000000000005,1.2025545617271964,1.2025545617271964,6.6799970566018985,2.584569027246496,2.5995516315341334,8.017981724842839,2.83160409041286,2.8715325473958737,8.018147584571324,2.8316333774998705,2.87154050743665,2.83160409041286,2.83160409041286,3.161508285285972,1.0,2.3525709983938126,3.5871705966524496,36.084842250594946
0.07,1.2023166885497685,1.2023166885497685,6.677633254439303,2.584111695426361,2.5997550712630693,8.014958938705723,2.831070281484676,2.8715326201557554,8.015125513272983,2.8310997003413676,2.871540613753324,2.831070281484676,2.831070281484676,3.1612324478129623,1.0,2.3517555025138264,3.586745790626094,36.08484358660969
0.08,1.2020416762689135,1.2020416762689135,6.674908246056687,2.5835843795116675,2.599989612343999,8.011473662751929,2.8304546742090624,2.871532703821389,8.011641063324294,2.8304842453764505,2.871540736190129,2.8304546742090624,2.8304546742090624,3.1609140196921652,1.0,2.350814484197344,3.586255367078838,36.084845125195976
0.09,1.2017292920511955,1.2017292920511955,6.671823081911451,2.5829872399823137,2.6002551703691594,8.007526991342798,2.829757408567526,2.871532798269765,8.007695329597428,2.829787152702024,2.871540874646263,2.829757408567526,2.829757408567526,3.1605529351048918,1.0,2.3497479165253496,3.5856992130962584,36.08484686508709
0.09999999999999999,1.201379272021282,1.201379272021282,6.668378951214633,2.582320458660124,2.600551649709811,8.00312016455414,2.8289786433541946,2.8715329033617754,8.003289552747352,2.829008581243145,2.87154102900779,2.8289786433541946,2.8289786433541946,3.1601491196104563,1.0,2.3485557686020595,3.5850772004870204,36.08484880485127
0.10999999999999999,1.2009913212804442,1.2009913212804442,6.664577181442733,2.581584238688084,2.6008789435288686,7.9982545680994015,2.828118556231227,2.871533018942324,7.99842511913509,2.828148708808483,2.8715411991477566,2.828118556231227,2.828118556231227,3.159702490204334,1.0,2.34723800538547,3.5843891856824426,36.084850942893176
0.11999999999999998,1.2005651139152018,1.2005651139152018,6.660419237793316,2.5807788045071427,2.6012369337950934,7.9929317332428305,2.8271773437905927,2.871533144840451,7.993103560740969,2.8272077321521616,2.871541384926316,2.8271773437905927,2.8271773437905927,3.1592129553834245,1.0,2.3457945875153277,3.583635009634801,36.08485327745543
0.12999999999999998,1.2001002929938294,1.2001002929938294,6.655906722584736,2.579904401830567,2.601625491298857,7.987153336702282,2.8261552216221744,2.871533280869474,7.987326555067531,2.8261858670419273,2.8715415861908706,2.8261552216221744,2.8261552216221744,3.1586804152185315,1.0,2.3442254711419572,3.5828144977163747,36.084855806620446
0.13999999999999999,1.1995964705577973,1.1995964705577973,6.651041374600498,2.5789612976158636,2.6020444756695156,7.980921200541298,2.8250524243881383,2.8715334268271344,7.981095925031721,2.825083348333589,2.871541802776226,2.8250524243881383,2.8250524243881383,3.158104761434139,1.0,2.34253060774617,3.5819274596124973,36.08485852831232
0.15,1.1990532276209516,1.1990532276209516,6.645825068378706,2.5779497800342632,2.60249373539439,7.974237292050095,2.8238692059035055,2.871533582495764,7.974413638845991,2.8239004300516672,2.871542034504754,2.8238692059035055,2.8238692059035055,3.1574858774956067,1.0,2.340709943932254,3.580973689196415,36.08486144029892
0.16,1.1984701141825607,1.1984701141825607,6.640259813447053,2.576870158437761,2.6029731078394303,7.967103723614996,2.8226058392228617,2.8715337476424576,7.967281809887856,2.822637385476189,2.8715422811865725,2.8226058392228617,2.8226058392228617,3.1568236387038917,1.0,2.3387634211854267,3.5799529643798427,36.08486454019412
0.17,1.1978466492513093,1.1978466492513093,6.634347753504014,2.5757227633237267,2.603482419271541,7.959522752575876,2.8212626167331316,2.8715339220192626,7.959702696557466,2.821294507235547,2.871542542619737,2.8212626167331316,2.8212626167331316,3.156117912297941,1.0,2.3366938243785706,3.5788650469414853,36.084867825460215
0.18000000000000002,1.197182320869896,1.197182320869896,6.628091165546684,2.574507946297056,2.604021484882648,7.951496781071085,2.8198398502523303,2.871534105363376,7.951678702122671,2.8198721074053466,2.871542818590442,2.8198398502523303,2.8198398502523303,3.155368557564861,1.0,2.3345043833679067,3.5777096823428187,36.08487129341041
0.19000000000000003,1.1964765861327458,1.1964765861327458,6.621492458946018,2.5732260800298947,2.6045901088155063,7.943028355869351,2.8183378711342173,2.8715342973973574,7.943212374551076,2.818370517613161,2.8715431088732353,2.8183378711342173,2.8183378711342173,3.154575425958034,1.0,2.33218958672812,3.5764865995378043,36.08487494121163
0.20000000000000004,1.1957288711970322,1.1957288711970322,6.614554174470014,2.5718775582189006,2.605188084191306,7.934120168188096,2.816757030378747,2.871534497829349,7.934306406328484,2.8167900891490802,2.8715434132312456,2.816757030378747,2.816757030378747,3.153738361223327,1.0,2.329749385517384,3.5751955107760383,36.08487876588723
0.21000000000000005,1.1949385712956324,1.1949385712956324,6.607278983255591,2.5704627955400543,2.605815193139108,7.924775053497534,2.8150976987482217,2.871534706353313,7.924963634263177,2.8151311930819807,2.871543731416418,2.8150976987482217,2.8150976987482217,3.1528571995335404,1.0,2.327183725940857,3.5738361113907633,36.08488276432009
0.22000000000000006,1.1941050507597564,1.1941050507597564,6.599669685729813,2.5689822276010035,2.60647120682716,7.9149959913099535,2.813360266889037,2.8715349226492757,7.91518703927535,2.8133942203813795,2.8715440631697664,2.813360266889037,2.813360266889037,3.1519317696312856,1.0,2.324492548999271,3.5724080795638535,36.084886933255675
0.23000000000000007,1.1932276430562405,1.1932276430562405,6.591729210481308,2.5674363108909457,2.6071558854961094,7.904786104953534,2.8115451454589047,2.871535146383581,7.904979746171083,2.811579582044777,2.871544408221628,2.8115451454589047,2.8115451454589047,3.1509618929804604,1.0,2.3216757901020046,3.570911076062258,36.08489126930532
0.24000000000000007,1.192305650833197,1.192305650833197,6.583460613082486,2.565825522728014,2.6078689784941944,7.894148661329946,2.809652765259427,2.871535377209159,7.894345023400123,2.8096877092303556,2.871544766291941,2.809652765259427,2.809652765259427,3.149947383926498,1.0,2.3187333786536914,3.569378237845584,36.08489576894964
0.25000000000000006,1.1913383459678863,1.1913383459678863,6.574867074863534,2.5641503612041814,2.608610224314434,7.8830870706550735,2.8076835773738953,2.871535614765803,7.883286282796774,2.8077190533949037,2.8715451370905174,2.8076835773738953,2.8076835773738953,3.148888049865606,1.0,2.315665237623263,3.567777586462171,36.08490042854205
0.26000000000000006,1.1903249696114044,1.1903249696114044,6.565951901638873,2.562411345127646,2.609379350633866,7.87160488618204,2.805638053310163,2.8715358586804545,7.871807079303096,2.805674086436822,2.8715455203173397,2.805638053310163,2.805638053310163,3.1477836914231747,1.0,2.3124771141647615,3.566108315475175,36.0849052443124
0.2700000000000001,1.1892647322337062,1.1892647322337062,6.556718522386985,2.560609013962691,2.610176074354901,7.859705803905807,2.8035166851484594,2.8715361085675024,7.8599111106736785,2.8035533008440696,2.8715459156628595,2.8035166851484594,2.8035166851484594,3.1466341026415807,1.0,2.3091715849391,3.564370016947444,36.0849102123708
0.2800000000000001,1.1881568136758303,1.1881568136758303,6.5471704878844985,2.5587439277670008,2.6110001016488136,7.84739366224845,2.8013199856939677,2.871536364029087,7.847602217161108,2.801357209846882,2.8715463228083062,2.8013199856939677,2.8013199856939677,3.1454390711776044,1.0,2.305741035479454,3.562562264082845,36.084915328711475
0.2900000000000001,1.1870003632149686,1.1870003632149686,6.537311469295313,2.5568166671263923,2.61185112800146,7.834672441724334,2.7990484886340097,2.871536624655419,7.834884381181306,2.7990863475750984,2.8715467414260107,2.7990484886340097,2.7990484886340097,3.1441983785096705,1.0,2.3021854071503016,3.5606846108334436,36.08492058921679
0.3000000000000001,1.1857944996453973,1.1857944996453973,6.5271452567158414,2.554827833086966,2.6127288382612357,7.821546264584269,2.7967027486996665,2.871536890025097,7.8217617269578685,2.7967412692199236,2.8715471711797274,2.7967027486996665,2.7967027486996665,3.142911800155184,1.0,2.2985046341581206,3.5587365914706095,36.08492598966137
0.3100000000000001,1.1845383113676207,1.1845383113676207,6.516675757677116,2.55277804708461,2.6136329066893644,7.808019394437709,2.794283341831624,2.871537159705448,7.808238520144444,2.794322551199923,2.871547611724977,2.794283341831624,2.794283341831624,3.141579105898172,1.0,2.294698642976882,3.5567177201258957,36.08493152571634
0.3200000000000001,1.1832308564846936,1.1832308564846936,6.505906995604804,2.5506679508718504,2.614562997012549,7.794096235852099,2.7917908653500714,2.871537433252863,7.7943191674242565,2.791830791331068,2.8715480627093855,2.7917908653500714,2.7917908653500714,3.1402000600275053,1.0,2.2907673517500795,3.554627490301218,36.08493719295367
0.3300000000000001,1.181871162898976,1.181871162898976,6.494843108238057,2.548498206441993,2.6155187624780583,7.779781333928367,2.7892259381284203,2.8715377102131487,7.780008216085762,2.78926660900061,2.8715485237730394,2.7892259381284203,2.7892259381284203,3.138774421585964,1.0,2.286727742730877,3.552465374353325,36.08494298685054
0.34000000000000014,1.1804582284176932,1.1804582284176932,6.483488346008169,2.5462694959505305,2.616499845911292,7.765079373851557,2.7865892007706403,2.871537990121883,7.765310353573468,2.786630645344565,2.871548994548846,2.7865892007706403,2.7865892007706403,3.137301944630428,1.0,2.2825648683791275,3.5502308229428867,36.08494890279393
0.35000000000000014,1.1789910208705985,1.1789910208705985,6.471847070377979,2.5439825216337435,2.617505879775901,7.749995180415599,2.7838813157919646,2.8715382725047784,7.750230407012841,2.7839235634285724,2.8715494746628987,2.7838813157919646,2.7838813157919646,3.135782378503466,1.0,2.278277666766216,3.547923264443088,36.084954936085175
0.36000000000000015,1.1774684782454174,1.1774684782454174,6.459923752143028,2.5416380057244634,2.6185364862365113,7.7345337175211215,2.7811029678027244,2.8715385568780527,7.734773342708307,2.7811460484318884,2.8715499637348487,2.7811029678027244,2.7811029678027244,3.134215468116642,1.0,2.273866076985822,3.5455421042999897,36.08496108194469
0.37000000000000016,1.175889508840286,1.175889508840286,6.447722969695468,2.539236690364935,2.6195912772241132,7.718700087645245,2.778254863695058,2.8715388427488047,7.718944265613179,2.7782988078342434,2.8715504613782867,2.778254863695058,2.778254863695058,3.1326009542458464,1.0,2.2693300281099607,3.5430867243429276,36.084967335516716
0.38000000000000017,1.1742529914282942,1.1742529914282942,6.4352494072516855,2.5367793375167036,2.620669854504184,7.702499531282253,2.775337732832214,2.871539129615399,7.702748418770471,2.775382571605304,2.8715509672011272,2.775337732832214,2.775337732832214,3.1309385738389794,1.0,2.2646823536695067,3.5405564820471,36.08497369187414
0.3900000000000002,1.172557775434037,1.172557775434037,6.42250785304465,2.5342667288674745,2.6217718097476004,7.685937426353945,2.7723523272401627,2.8715394169678534,7.6861911827234115,2.7723980923964384,2.8715514808059974,2.7723523272401627,2.7723523272401627,3.1292280603363416,1.0,2.2599200257132113,3.5379507097456715,36.08498014602344
0.4000000000000002,1.1708026811177716,1.1708026811177716,6.409503197481969,2.5316996657348536,2.622896724604402,7.669019287588599,2.769299421801225,2.8715397042882325,7.6692780748945015,2.769346145734495,2.871552001790634,2.769299421801225,2.769299421801225,3.127469144004096,1.0,2.2550344672831795,3.5352687137928154,36.08498669290964
0.4100000000000002,1.1689864997764883,1.1689864997764883,6.396240431270659,2.529078968966896,2.6240441707804782,7.651750765867254,2.7661798144493885,2.871539991051045,7.652014748931938,2.7662275302172703,2.871552529748282,2.7661798144493885,2.7661798144493885,3.1256615522811804,1.0,2.2500256281309134,3.5325644014655824,36.084993327421294
0.4200000000000002,1.1671079939625377,1.1671079939625377,6.382724643509607,2.526405478839374,2.6252137101172304,7.634137647536183,2.762994326366991,2.8715402767236493,7.634406994022181,2.763043067710343,2.871553064268097,2.762994326366991,2.762994326366991,3.1238050101401,1.0,2.2448934454539264,3.529786795391183,36.08500004439558
0.4300000000000002,1.1651658977252446,1.1651658977252446,6.368961019750698,2.5236800549496556,2.6264048946742817,7.616185853684247,2.759743802182414,2.8715405607666584,7.616460734167401,2.75979360354491,2.8715536049355546,2.759743802182414,2.759743802182414,3.121899240462016,1.0,2.2396620758609163,3.5269322569987085,36.085006838623414
0.4400000000000002,1.1631589168737158,1.1631589168737158,6.354954840029621,2.520903576107111,2.627617266815291,7.59790143938393,2.7564291101684315,2.8715408426343503,7.5981820274265965,2.7564800067162825,2.871554151332857,2.7564291101684315,2.7564291101684315,3.1199439644266236,1.0,2.234310321473841,3.523999987969477,36.085013704854624
0.45000000000000023,1.161085729257545,1.161085729257545,6.340711476867253,2.518076940219908,2.6288503592969423,7.579290592894727,2.753051142440824,2.8715411217750826,7.5795770651190315,2.753103170082631,2.8715547030393505,2.753051142440824,2.753051142440824,3.117938901917295,1.0,2.2288367341754536,3.520989159108968,36.085020637803105
0.46000000000000024,1.158944985065376,1.158944985065376,6.326236393242671,2.515201064178105,2.630103695361161,7.560359634827594,2.749610815156864,2.8715413976317086,7.560652170988759,2.7496640105636105,2.8715552596319345,2.749610815156864,2.749610815156864,3.1158837719420545,1.0,2.223241267474458,3.5178989090764907,36.08502763215202
0.47000000000000025,1.1567353071402902,1.1567353071402902,6.311535140538611,2.512276883732884,2.63137678883064,7.54111501726915,2.7461090687132494,2.871541669641995,7.541413800328829,2.7461634693384203,2.8715558206854803,2.7461090687132494,2.7461090687132494,3.113778293070958,1.0,2.217546460607582,3.514728343025862,36.085034682559055
0.48000000000000026,1.1544552913201782,1.1544552913201782,6.296613356460441,2.5093053533718135,2.63266914420771,7.521563322864272,2.742546867943057,2.871541937239043,7.521868539063894,2.7426025120428763,2.871556385773251,2.742546867943057,2.742546867943057,3.11162218389052,1.0,2.2117379055963218,3.5114765311424154,36.085041783661666
0.49000000000000027,1.1521035068019962,1.1521035068019962,6.281476762929425,2.5062874461899667,2.63398025677665,7.5017112638557,2.738925202311246,2.87154219985171,7.502023102789815,2.738982128965031,2.871556954467316,2.738925202311246,2.738925202311246,3.109415163475879,1.0,2.2058092429378138,3.5081425070703567,36.0850489300823
0.5000000000000002,1.149678496535992,1.149678496535992,6.2661311639512975,2.50322415375677,2.635309612709461,7.481565681079318,2.735245086108248,2.8715424569050327,7.481884335768915,2.7353033352388754,2.871557526338969,2.735245086108248,2.735245086108248,3.1071569518814637,1.0,2.199760436561553,3.504725266216287,36.08505611643372
0.5100000000000002,1.1471787776469833,1.1471787776469833,6.25058244346088,2.5001164859783795,2.636656689175207,7.461133542913671,2.731507558641138,2.871542707820648,7.461459209879421,2.731567171035598,2.8715581009591484,2.731507558641138,2.731507558641138,3.104847270651003,1.0,2.1936232555710724,3.5012237639231882,36.08506333732415
0.5200000000000002,1.1446028418803924,1.1446028418803924,6.234836563143735,2.4969654709554425,2.6380209544529434,7.4404219441823205,2.7277136844218677,2.8715429520172204,7.44075482351776,2.727774701751917,2.871558677898855,2.7277136844218677,2.7277136844218677,3.1024858433477767,1.0,2.187369022604844,3.4976789773926513,36.08507058736264
0.5300000000000002,1.1419491560742725,1.1419491560742725,6.218899560235576,2.493772154836038,2.6394018680483176,7.419438105007619,2.7238645533520236,2.8715431889108616,7.4197784004522225,2.7239270181949116,2.871559256729564,2.7238645533520236,2.7238645533520236,3.1000723961061554,1.0,2.180996675857489,3.494079540222318,36.08507786116416
0.5400000000000003,1.1392161626583925,1.1392161626583925,6.202777545300282,2.490537601663601,2.640798880813889,7.398189369614456,2.7199612809035454,2.8715434179155523,7.398537288626567,2.7200252367628077,2.871559837023642,2.7199612809035454,2.7199612809035454,3.09760665820553,1.0,2.174521918077218,3.4903940850467037,36.085085153354946
0.5500000000000003,1.1364022801848142,1.1364022801848142,6.1864766999872955,2.4872628932196323,2.642211435073229,7.376683205082504,2.7160050082948124,2.8715436384435646,7.377038958912137,2.716070499621123,2.871560418354756,2.7160050082948124,2.7160050082948124,3.0950883626678927,1.0,2.1679507327295515,3.4866214016222052,36.085092458577535
0.5600000000000003,1.133505903894476,1.133505903894476,6.170003274769121,2.4839491288609596,2.6436389647488534,7.354927200045548,2.711996902661496,2.87154384990588,7.355291003806957,2.7120639748735567,2.871561000298286,2.711996902661496,2.711996902661496,3.0925172468804716,1.0,2.1612636892960713,3.482760228877412,36.08509977149598
0.5700000000000003,1.1305254063162242,1.1305254063162242,6.153363586659673,2.4805974253513354,2.645080895494047,7.332929063336374,2.707938157221537,2.8715440517126076,7.333301136080434,2.7080068567269975,2.8715615824317284,2.707938157221537,2.707938157221537,3.0898930532449476,1.0,2.1544661201029993,3.478809252099955,36.08510708680095
0.5800000000000003,1.1274591379031158,1.1274591379031158,6.136564016914151,2.477208916687115,2.646536644828624,7.310696622575797,2.7038299914335955,2.8715442432733935,7.311077187362112,2.703900365649983,2.8715621643350957,2.7038299914335955,2.7038299914335955,3.087215529855026,1.0,2.147587595841332,3.4747670998964764,36.085114399214746
0.5900000000000003,1.1243054277018365,1.1243054277018365,6.119611008711067,2.4737847539167728,2.648005622278684,7.288237822704265,2.6996736511482764,2.8715444239978374,7.288627106672997,2.699745748523923,2.871562745591318,2.6996736511482764,2.6996736511482764,3.084484431204288,1.0,2.140595680287483,3.4706323409117927,36.085121703496284
0.6000000000000003,1.1210625840566222,1.1210625840566222,6.102511064817104,2.4703261049539806,2.6494872295204055,7.265560724454641,2.6954704087514374,2.871544593295896,7.265958958898013,2.695544278786385,2.871563325786632,2.6954704087514374,2.6954704087514374,3.0816995189265013,1.0,2.133491312314275,3.4664034802856434,36.08512899444609
0.6100000000000003,1.1177288953495734,1.1177288953495734,6.085270745235346,2.4668341543839842,2.650980860527928,7.242673502764596,2.6912215632988294,2.8715447505782894,7.243080923198022,2.6912972565656923,2.8715639045109724,2.6912215632988294,2.6912215632988294,3.0788605625708585,1.0,2.126316026538617,3.462129613734604,36.08513626691111
0.6200000000000003,1.1143026307840778,1.1143026307840778,6.067896664837424,2.46331010326297,2.6524859017253744,7.219584445127172,2.6869284406413154,2.871544895256898,7.220001291360004,2.6870060088060845,2.8715644813583476,2.6869284406413154,2.6869284406413154,3.075967340414882,1.0,2.1190300032324356,3.4577941151512537,36.085143515789504
0.6300000000000003,1.1107820412090141,1.1107820412090141,6.050395490980162,2.4597551689101422,2.654001732143032,7.196301949878007,2.682592393539877,2.871545026745155,7.196728466083806,2.6826718893826365,2.8715650559272214,2.682592393539877,2.682592393539877,3.0730196403180967,1.0,2.1116361638374244,3.453361414794018,36.085150736035445
0.6400000000000003,1.1071653599864242,1.1071653599864242,6.0327739411070995,2.456170584692175,2.655527723577768,7.172834524417699,2.6782148017695855,2.871545144458441,7.173270959204068,2.6782962792051346,2.8715656278208765,2.6782148017695855,2.6782148017695855,3.0700172606199665,1.0,2.104175589206401,3.4488297490649473,36.085157922663626
0.6500000000000004,1.1034508039028301,1.1034508039028301,6.015038780335423,2.452557599799732,2.657063240757691,7.149190783367914,2.6737970722117104,2.8715452478144616,7.149637389845751,2.673880586310045,2.8715661966477826,2.6737970722117104,2.6737970722117104,3.06696001108601,1.0,2.0966070835667714,3.4441972696049894,36.085165070753916
0.6600000000000004,1.099636574123123,1.099636574123123,5.997196819028651,2.448917479015708,2.658607641511098,7.12537944665968,2.669340638933083,2.8715453362336287,7.1258364825118905,2.669426245939732,2.871566762021941,2.669340638933083,2.669340638933083,3.0638477139065414,1.0,2.088942413175249,3.439462037661903,36.08517217545574
0.6700000000000004,1.0957208571895785,1.0957208571895785,5.979254910355462,2.44525150247484,2.660160276939755,7.101409337552425,2.664846963251816,2.8715454091394284,7.1018770651020064,2.664934720607994,2.87156732356324,2.664846963251816,2.664846963251816,3.0606802047530226,1.0,2.08120880961367,3.4346220179747413,36.085179231992456
0.6800000000000004,1.0917018260652807,1.0917018260652807,5.961219947834974,2.4415609654143338,2.6617204915965265,7.077289380582373,2.6603175337884712,2.871545465958788,7.0777680668598055,2.6604075001510212,2.871567880897785,2.6603175337884712,2.6603175337884712,3.0574573338976716,1.0,2.073370189299671,3.429680586546843,36.08518623566558
0.6900000000000004,1.0875776412291747,1.0875776412291747,5.9430988628687755,2.4378471779151325,2.663287623667382,7.0530285994387345,2.655753866501701,2.871545506122428,7.053518516248678,2.655846101762803,2.8715684336582328,2.655753866501701,2.655753866501701,3.054178967402687,1.0,2.0654545680948133,3.424720799063266,36.08519318185892
0.7000000000000004,1.083346451821209,1.083346451821209,5.924898622259939,2.4341114646334376,2.664861005157813,7.028636114766403,2.6511575047074065,2.8715455290652194,7.029137538753607,2.6512520700140163,2.8715689814841046,2.6511575047074065,2.6511575047074065,3.0508449883862903,1.0,2.0574608338488662,3.4196515039019926,36.085200066042596
0.7100000000000004,1.0790063968381447,1.0790063968381447,5.906626225719249,2.430355164522101,2.666439962083672,7.004121141893684,2.6465300190803966,2.871545534226516,7.004634354608048,2.6466269768533772,2.8715695240221026,2.6465300190803966,2.6465300190803966,3.0474552983736944,1.0,2.049365048453207,3.414470250047255,36.08520688377693
0.7200000000000004,1.0745556063804031,1.0745556063804031,5.888288703358755,2.4265796305414655,2.6680238146664634,6.97949298848368,2.641873007637513,2.8715455210504963,6.9800182764444765,2.6419724215904443,2.871570060926403,2.641873007637513,2.641873007637513,3.0440098187421887,1.0,2.041219450940352,3.4091744528098635,36.08521363071616
0.7300000000000004,1.0699922029511029,1.0699922029511029,5.869893113172874,2.4227862293592626,2.669611877533082,6.95476105210804,2.6371880957011844,2.871545488986481,6.955298706867153,2.637290030858789,2.8715705918589487,2.6371880957011844,2.6371880957011844,3.0405084922707126,1.0,2.0329789313094198,3.4037613838179963,36.08522030261215
0.7400000000000004,1.065314302805892,1.065314302805892,5.851446538507012,2.4189763410391207,2.671203459920032,6.929934817741697,2.632476935842306,2.8715454374892535,6.9304851359458794,2.632581458558477,2.871571116489724,2.632476935842306,2.632476935842306,3.0369512848056495,1.0,2.0246633382866475,3.3982281600853126,36.0852268953178
0.7500000000000004,1.0605200173578204,1.0605200173578204,5.832956085513889,2.4151513587172726,2.6727978658821177,6.905023855177324,2.627741207801355,2.8715453660193644,6.905587138629389,2.6278483857767347,2.8715716344970237,2.627741207801355,2.627741207801355,3.0333381870561236,1.0,2.0162855868741114,3.3926283538038846,36.085233404790465
0.7600000000000005,1.0556074546412968,1.0556074546412968,5.814428880597466,2.4113126882670084,2.6743943945056183,6.880037816358291,2.622982618386613,2.8715452740434313,6.880614372077172,2.623092520685683,2.871572145567711,2.622982618386613,2.622982618386613,3.029669216533802,1.0,2.0078118392243187,3.3869535322672037,36.0852398270951
0.7700000000000005,1.0505747208269356,1.0505747208269356,5.795872067844549,2.407461747950432,2.6759923401259464,6.854986432628855,2.618202901348338,2.8715451610344243,6.855576572908496,2.6183155984159923,2.871572649397452,2.618202901348338,2.618202901348338,3.0259444196542185,1.0,1.9993027117255582,3.381151271227604,36.08524615840739
0.7800000000000005,1.0454199218020075,1.0454199218020075,5.777292806443968,2.4035999680570743,2.6775909925497783,6.829879511900474,2.6134038172277307,2.871545026471943,6.830483554367457,2.6135193809052684,2.871573145690955,2.6134038172277307,2.6134038172277307,3.0221638740188546,1.0,1.9907024346780082,3.375218008228527,36.085252395016575
0.7900000000000005,1.0401411647990302,1.0401411647990302,5.75869826809326,2.399728790528892,2.6791896372816626,6.804726935733106,2.6085871531794957,2.871544869842489,6.805345203402944,2.6087056567200033,2.8715736341621882,2.6085871531794957,2.6085871531794957,3.018327690899786,1.0,1.9820481128777416,3.369149958521743,36.085258533328265
0.8000000000000005,1.0347365600871077,1.0347365600871077,5.740095634392767,2.395849668571208,2.6807875557550798,6.779538656330407,2.6037547227667983,2.8715446906397157,6.780171477662473,2.6038762408498743,2.87157411453458,2.6037547227667983,2.6037547227667983,3.0144360179515894,1.0,1.9733288995713083,3.362943096470591,36.08526456986696
0.8100000000000005,1.0292042227193767,1.0292042227193767,5.7214920942269565,2.391964066249106,2.6823840255679525,6.754324693447864,2.5989083657273997,2.871544488364683,6.754972402398841,2.5990329744731677,2.8715745865412177,2.5989083657273997,2.5989083657273997,3.010489042178527,1.0,1.9645395663351526,3.356685061255245,36.08527050127855
0.8200000000000005,1.023542274337746,1.023542274337746,5.702894841132865,2.3880734580688396,2.683978320722571,6.7290951312128655,2.5940499477097325,2.871544262526089,6.729758067288674,2.5941777246920985,2.871575049925026,2.5940499477097325,2.5940499477097325,3.006486993188752,1.0,1.9557089244909602,3.3503072978298114,36.08527632433252
0.8300000000000005,1.0177488450409358,1.0177488450409358,5.684311070655412,2.384179328543768,2.6855697118699164,6.703860114855868,2.5891813599776796,2.8715440126404967,6.70453862316199,2.589312384236786,2.8715755044389293,2.5891813599776796,2.5891813599776796,3.002430146771595,1.0,1.9467946560805087,3.3437799395804837,36.08528203592406
0.8400000000000005,1.0118220753077702,1.0118220753077702,5.665747977689411,2.3802831717443644,2.6871574665583613,6.6786298473518215,2.584304519082808,2.8715437382325484,6.679324278641939,2.5844388711366224,2.871575949846011,2.584304519082808,2.584304519082808,2.998318828838808,1.0,1.9378599180407878,3.337097883108118,36.08528763307597
0.8500000000000005,1.0057601179846634,1.0057601179846634,5.647212753808032,2.3763864908318326,2.688740849486692,6.653414585971121,2.5794213665027903,2.8715434388351677,6.654125296694001,2.57955912835779,2.8715763859196484,2.5794213665027903,2.5794213665027903,2.994153419776274,1.0,1.9288405743252457,3.330255666698912,36.08529311294043
0.8600000000000005,0.9995611403277121,0.9995611403277121,5.628712584577473,2.3724907975748764,2.690319122761436,6.62822463873943,2.57453386824478,2.8715431139897554,6.628951991083974,2.5746751234056644,2.8715768124436387,2.57453386824478,2.57453386824478,2.989934359258962,1.0,1.9197988205359016,3.323332504102485,36.08529847280053
0.8700000000000006,0.9932233261009992,0.9932233261009992,5.610254646857581,2.3685976118491676,2.691891546158441,6.603070360805797,2.5696440144124626,2.8715427632463673,6.603814722744184,2.5697888478908504,2.8715772292123085,2.5696440144124626,2.5696440144124626,2.9856621515892043,1.0,1.9106849886678186,3.3162836355800334,36.08530371007176
0.8800000000000006,0.9867448777389146,0.9867448777389146,5.5918461060881635,2.364708461119079,2.693457377388661,6.577962150718586,2.56475381873555,2.8715423861638856,6.578723896047421,2.5649023170575953,2.8715776360306142,2.56475381873555,2.56475381873555,2.9813373716266334,1.0,1.9015419008770424,3.3090593784580764,36.0853088223031
0.8900000000000006,0.9801240185569419,0.9801240185569419,5.573494113560709,2.360824879901241,2.695015872368086,6.552910446608858,2.559865318060475,2.8715419823101773,6.553689954988224,2.5600175692733487,2.8715780327142215,2.559865318060475,2.559865318060475,2.9769606713876176,1.0,1.8923400241743609,3.301652642035218,36.08531380717816
0.9000000000000006,0.9733589950304097,0.9733589950304097,5.555205803675249,2.356948409209512,2.6965662854917816,6.527925722280841,2.554980571801054,2.8715415512622418,6.52872337927123,2.5551366654782344,2.871578419089578,2.554980571801054,2.554980571801054,2.9725327874028538,1.0,1.883104537616154,3.2940647659726636,36.085318662515995
0.9100000000000006,0.9664480791196197,0.9664480791196197,5.5369882911820945,2.353080595980957,2.6981078699119534,6.503018483209434,2.5501016613479224,2.871541092606349,6.503834680306407,2.550261688593233,2.8715787949939626,2.5501016613479224,2.5501016613479224,2.9680545489343024,1.0,1.8738205184963386,3.2864122284421557,36.0853233862718
0.9200000000000006,0.9593895706556431,0.9593895706556431,5.5188486684081965,2.3492229924824497,2.699639877819972,6.47819926244459,2.545230689435555,2.8715406059381605,6.47903439711112,2.5453947428858887,2.871579160275528,2.545230689435555,2.545230689435555,2.963526887166851,1.0,1.8645009847187537,3.278556891075223,36.08532797653743
0.9300000000000006,0.9521817997734836,0.9521817997734836,5.500794002467853,2.3453771556975336,2.7011615607323027,6.453478616422644,2.5403697794657067,2.8715400908628497,6.454333092119044,2.5405379532923815,2.8715795147933294,2.5403697794657067,2.5403697794657067,2.958950845506584,1.0,1.855140062706018,3.270489355485061,36.0853324315417
0.9400000000000006,0.9448231294013598,0.9448231294013598,5.482831332457567,2.3415446466931966,2.7026721697802407,6.428867120684832,2.5355210747861734,2.871539546995199,6.42974134689618,2.5356934646948517,2.8715798584173307,2.5355210747861734,2.5355210747861734,2.954327591136378,1.0,1.8457441221276825,3.2621994326429267,36.08533674965056
0.9500000000000006,0.9373119577932689,0.9373119577932689,5.464967666634819,2.3377270299662487,2.7041709560033778,6.404375365503257,2.5306867379237707,2.871538973959697,6.405269757764222,2.530863441152885,2.871580191028407,2.5306867379237707,2.5306867379237707,2.9496584280012743,1.0,1.8363107438443242,3.253820679003349,36.08534092936704
0.9600000000000006,0.9296467211165296,0.9296467211165296,5.4472099795806015,2.3339258727690133,2.7056571706467203,6.380013951414764,2.525868949770507,2.8715383713906193,6.38092893133177,2.5260500650881346,2.8715805125183262,2.525868949770507,2.525868949770507,2.9449448114211383,1.0,1.8268451906120942,3.245214405734509,36.08534496933103
0.9700000000000006,0.9218258960780628,0.9218258960780628,5.429565209345522,2.330142744414067,2.707130065461352,6.355793484663377,2.521069908721965,2.8715377389320995,6.356729479933985,2.521255536421087,2.871580822789717,2.521069908721965,2.521069908721965,2.940188364556969,1.0,1.8173428707690331,3.236355556607759,36.08534886831898
0.9800000000000006,0.9138480025978035,0.9138480025978035,5.412040254579425,2.3263792155578216,2.708588893008548,6.331724572551988,2.5162918297669665,2.871537076238189,6.332682016981408,2.516482071659047,2.8715811217560305,2.5162918297669665,2.5162918297669665,2.9353908969906084,1.0,1.8078135095044856,3.227260109457203,36.08535262524324
0.9900000000000007,0.9057116065235552,0.9057116065235552,5.394641971644432,2.3226368574627485,2.7100329069672364,6.307817818704251,2.511536943527658,2.8715363829729146,6.30879715221894,2.511731902934495,2.871581409341475,2.511536943527658,2.511536943527658,2.930554425716082,1.0,1.798244681439174,3.218029024050641,36.08535623915143
1.0000000000000007,0.8974153223739908,0.8974153223739908,5.377377171711364,2.3189172412381094,2.711461362444705,6.284083818237781,2.5068074952492427,2.8715356588103114,6.285085486895926,2.5070072769930136,2.8715816854809533,2.5068074952492427,2.5068074952492427,2.925681198885436,1.0,1.7886561749285865,3.2085069623727076,36.0853597092255
1.0100000000000007,0.8889578161281266,0.8889578161281266,5.360252617839665,2.3152219370590945,2.71287351629042,6.260533152849809,2.5021057437386234,2.8715349034344624,6.261557608848743,2.502310454130091,2.871581950119973,2.5021057437386234,2.5021057437386234,2.920773722703532,1.0,1.7790220287154033,3.1986761821168495,36.085363034780684
1.0200000000000007,0.8803378080316318,0.8803378080316318,5.343275022040839,2.3115525133643056,2.714268627412856,6.237176385816894,2.4974339602513806,2.8715341165395163,6.238224087497236,2.4976437070761786,2.8715822032145524,2.4974339602513806,2.4974339602513806,2.915834791926082,1.0,1.7693777349860482,3.188668473293651,36.0853662152643
1.0300000000000007,0.8715540754403376,0.8715540754403376,5.32645104232565,2.307910536031596,2.7156459570992064,6.214024056910123,2.492794427326514,2.871533297829706,6.215095468756613,2.4930093198294734,2.8715824447311094,2.492794427326514,2.492794427326514,2.910867524484616,1.0,1.7596780404765227,3.178361979999208,36.08536925025437
1.0400000000000007,0.862605455681081,0.862605455681081,5.3097872797352945,2.3042975675323043,2.7170047693378345,6.191086677227762,2.488189437568563,2.871532447019351,6.192182269866663,2.4884095864360156,2.8715826746463424,2.488189437568563,2.488189437568563,2.9058754008426186,1.0,1.7499798368798376,3.1676920210348984,36.085372139458045
1.0500000000000007,0.853490848932612,0.853490848932612,5.293290275356887,2.3007151660639975,2.7183443311433395,6.168374723947263,2.483621292376771,2.871531563832857,6.169494974140259,2.4838468097167867,2.8715828929470946,2.483621292376771,2.483621292376771,2.9008623087806704,1.0,1.7402185124304905,3.1567851383053074,36.085374882710035
1.0600000000000007,0.8442092211224148,0.8442092211224148,5.276966507323683,2.2971648846618917,2.7196639128840996,6.145898634998913,2.479092300621119,2.871530648004703,6.1470440256334005,2.479323299941619,2.8715830996302083,2.479092300621119,2.479092300621119,2.8958325944171586,1.0,1.7304608391425265,3.1455361993672875,36.08537747997066
1.0700000000000007,0.8347596068248224,0.8347596068248224,5.260822387800563,2.2936482702891836,2.7209627886121237,6.123668803663496,2.4746047772651485,2.871529699279428,6.124839823739155,2.474841373449853,2.871583294702371,2.4746047772651485,2.4746047772651485,2.890791120397687,1.0,1.7206458239035356,3.133851681561648,36.08537993132395
1.0800000000000007,0.8251411121742883,0.8251411121742883,5.2448642599553725,2.2901668629065814,2.7222402363950957,6.101695573096637,2.470161041935654,2.871528717411603,6.102892717708227,2.470403351217818,2.871583478179946,2.470161041935654,2.470161041935654,2.8857433323334276,1.0,1.7108153800345036,3.1219195432106126,36.08538223697555
1.0900000000000007,0.8153529177639565,0.8153529177639565,5.229098394916853,2.2867221945214187,2.7234955386504187,6.079989230782695,2.465763417439454,2.871527702165801,6.081213001098951,2.466011557373353,2.8715836500887923,2.465763417439454,2.465763417439454,2.8806953347399076,1.0,1.7009439850733032,3.109518887308245,36.08538439725042
1.1000000000000008,0.8053942815509748,0.8053942815509748,5.21353098872003,2.2833157882167834,2.724727982481117,6.058560002921286,2.461414228227603,2.87152665331656,6.05981090615983,2.4616683176577285,2.871583810464082,2.461414228227603,2.461414228227603,2.8756539779270147,1.0,1.6910338905411224,3.09668339570795,36.08538641259056
1.1100000000000008,0.7952645417370346,0.7952645417370346,5.198168159239943,2.2799491571611727,2.725936860013431,6.0374180487497675,2.457115798807571,2.8715255706483416,6.038696598147946,2.457375957835501,2.871583959350097,2.457115798807571,2.457115798807571,2.8706269575227283,1.0,1.6811011743363662,3.0834575446740513,36.08538828355244
1.1200000000000008,0.7849631196420477,0.7849631196420477,5.183015943114908,2.2766238035992923,2.727121468735916,6.016573454805247,2.4528704521040745,2.8715244539554807,6.017880169586794,2.453136802052995,2.8715840968000244,2.4528704521040745,2.4528704521040745,2.8656229285826043,1.0,1.6711026088947398,3.069634833671524,36.08539001080445
1.1300000000000008,0.774489522540357,0.774489522540357,5.16808029266041,2.2733412178246386,2.7282811118398915,5.996036229129912,2.4486805077694216,2.871523303042136,5.99737163446735,2.4489531711462655,2.871584222875744,2.4486805077694216,2.4486805077694216,2.860651636549992,1.0,1.6611005122279139,3.0554514234209256,36.08539159512418
1.1400000000000008,0.763843346475042,0.763843346475042,5.153367072775108,2.2701028771346703,2.729415098561028,5.975816295423756,2.4445482804444167,2.871522117722233,5.97718092239645,2.4448273808996106,2.8715843376475965,2.4445482804444167,2.4445482804444167,2.8557240676950206,1.0,1.6510290574074777,3.040565473144394,36.0853930373956
1.1500000000000008,0.7530242790266081,0.7530242790266081,5.138882057840305,2.2669102447693654,2.730522744521922,5.955923487148956,2.4404760779710495,2.8715208978194022,5.957317872696718,2.4407617402558404,2.87158444119416,2.4404760779710495,2.4404760779710495,2.850852622080627,1.0,1.640919365052847,3.0252362551662224,36.085394338606136
1.1600000000000008,0.742032102043771,0.742032102043771,5.124630928614665,2.263764768834135,2.731603372075435,5.936367541590503,2.4364661995583896,2.871519643166919,5.937792228462659,2.436758549479751,2.871584533602005,2.4364661995583896,2.4364661995583896,2.8460513125890885,1.0,1.6307630957214572,3.0091148871530415,36.085395499843685
1.1700000000000008,0.7308666943090973,0.7308666943090973,5.1106192691258805,2.260667881208091,2.7326563106486166,5.9171580938778305,2.4325209339033096,2.8715183536076365,5.9186136305776795,2.432820098276418,2.871584614965453,2.4325209339033096,2.4325209339033096,2.841335994100658,1.0,1.6205297681456994,2.992487696991981,36.08539652229354
1.1800000000000008,0.7195280341665387,0.7195280341665387,5.096852563561285,2.257620996438792,2.7336808970870097,5.8983046709725535,2.4286425572678563,2.871517028993919,5.899791611697101,2.428948663866139,2.871584685386321,2.4286425572678563,2.4286425572678563,2.83672462755503,1.0,1.610271992795112,2.9749951714383562,36.08539740723519
1.1900000000000008,0.7080162020547541,0.7080162020547541,5.083336193159483,2.2546255106246544,2.734676475999133,5.879816685627565,2.4248333315152952,2.8715156691875734,5.881335590202477,2.4251465090180586,2.871584744973668,2.4248333315152952,2.4248333315152952,2.8322375843534893,1.0,1.5999300521068636,2.956805089283287,36.08539815603911
1.2000000000000008,0.6963313829899356,0.6963313829899356,5.070075433105342,2.251682800286342,2.735642400100921,5.861703430323124,2.421095502107078,2.871514274059779,5.8632548641327995,2.421415880044731,2.8715847938435264,2.421095502107078,2.421095502107078,2.8278979973802993,1.0,1.589514914911377,2.937760575368622,36.08539877016344
1.2100000000000009,0.6844738689485734,0.6844738689485734,5.057075449430693,2.2487942212284993,2.7365780305599303,5.8439740711856825,2.417431296063175,2.87151284349102,5.845558605098352,2.4177590047600592,2.8715848321186406,2.417431296063175,2.417431296063175,2.823732165837795,1.0,1.5790426633067267,2.9177300512520388,36.08539925115062
1.2200000000000009,0.6724440611667513,0.6724440611667513,5.044341295923422,2.2459611073933186,2.7374827373390684,5.826637641895558,2.4138429198884417,2.8715113773710117,5.8282558521833545,2.4141780904033063,2.8715848599281917,2.4138429198884417,2.4138429198884417,2.8197700220967383,1.0,1.568470249771764,2.896863213009603,36.08539960062404
1.2300000000000009,0.6602424723478414,0.6602424723478414,5.031877911047694,2.2431847697075007,2.738355899539644,5.809703037589751,2.4103325574679006,2.8715098755986355,5.811355505843651,2.4106753215320498,2.871584877407527,2.4103325574679006,2.4103325574679006,2.8160456698478398,1.0,1.5578122684972298,2.874945174187809,36.08539982028449
1.2400000000000009,0.6478697287433919,0.6478697287433919,5.019690114878244,2.24046649492427,2.7391969057434995,5.7931790087664545,2.4069023679340327,2.871508338081871,5.794866321806026,2.4072528578871863,2.871584884697876,2.4069023679340327,2.4069023679340327,2.812598003972829,1.0,1.5470682305042271,2.8518880114886818,36.08539991190678
1.2500000000000009,0.6353265721489286,0.6353265721489286,5.007782606051866,2.2378075444621834,2.7400051543540185,5.777074155198065,2.4035544835093847,2.871506764737731,5.778796904975942,2.403912832233303,2.8715848819460756,2.4035544835093847,2.4035544835093847,2.809471423682104,1.0,1.5362030653021634,2.8276430229868836,36.085399877336094
1.260000000000001,0.6226138617487909,0.6226138617487909,4.996159958739377,2.235209153242572,2.740780053935741,5.761396919859707,2.4002910073280086,2.871505155492197,5.763155703360706,2.400657348177933,2.871584869304285,2.4002910073280086,2.4002910073280086,2.806716651504263,1.0,1.5252198721028571,2.8021599127963586,36.085399718484574
1.270000000000001,0.6097325758537693,0.6097325758537693,4.9848266196414786,2.232672528527522,2.7415210235523877,5.746155582880507,2.3971140112394544,2.8715035102801596,5.747951002015336,2.3974884779734262,2.8715848469297063,2.3971140112394544,2.3971140112394544,2.804391671524301,1.0,1.5141273506569533,2.7753867187466223,36.085399437327666
1.280000000000001,0.5966838134825165,0.5966838134825165,4.973786905012157,2.2301988487603874,2.74222749310303,5.731358255525106,2.394025533599236,2.8715018290453656,5.73319091701859,2.3944082603053705,2.8715848149842946,2.394025533599236,2.394025533599236,2.8025628006429977,1.0,1.5028846763724621,2.7472696254305657,36.085399035900615
1.290000000000001,0.5834687958136077,0.5834687958136077,4.963044997713355,2.2277892624109117,2.7428989036561826,5.717012874213047,2.391027577049886,2.8715001117403616,5.718883389486794,2.3914186980716683,2.8715847736344813,2.391027577049886,2.391027577049886,2.8013059062583867,1.0,1.4914813111480374,2.7177526428196006,36.08539851629484
1.300000000000001,0.5700888674687685,0.5700888674687685,4.952604944304872,2.225444886827097,2.7435347077815506,5.703127194583931,2.3881221062968976,2.871498358326449,5.705036179633385,2.388521756156595,2.871584723050883,2.3881221062968976,2.3881221062968976,2.800707782195235,1.0,1.479923264593433,2.6867771294847693,36.085397880654426
1.310000000000001,0.5565454976478906,0.5565454976478906,4.942470652173518,2.223166807096021,2.744134369879221,5.689708785616347,2.385311045884026,2.8714965687736402,5.691656860882169,2.3857193592042987,2.8715846634080258,2.385311045884026,2.385311045884026,2.80086769127536,1.0,1.4681887455755187,2.6542811376256563,36.08539713117253
1.320000000000001,0.5428402810911838,0.5428402810911838,4.932645886705805,2.220956074915892,2.7446973665060064,5.6767650238088265,2.382596277972587,2.8714947430606217,5.678752814042543,2.383013389396405,2.8715845948840566,2.382596277972587,2.382596277972587,2.8018990767055314,1.0,1.456249490709085,2.620198555024904,36.08539627008785
1.330000000000001,0.5289749388635206,0.5289749388635206,4.923134268508439,2.218813707481644,2.7452231866987304,5.664303087431162,2.379979640129546,2.8714928811747256,5.66633122155501,2.3804056842385104,2.8715845176604713,2.379979640129546,2.379979640129546,2.803931434177308,1.0,1.4440888464210635,2.5845225906435343,36.08539529968116
1.340000000000001,0.5149513189633017,0.5149513189633017,4.913939270681159,2.2167406863864705,2.7457113322941735,5.652329950854594,2.3774629231293165,2.8714909831118995,5.654399061815559,2.377898034360506,2.8715844319218298,2.3774629231293165,2.3774629231293165,2.8071123204785504,1.0,1.431688162158746,2.5474931414909543,36.08539422227172
1.350000000000001,0.5007713967360028,0.5007713967360028,4.905064216146503,2.2147379565416996,2.7461613182454445,5.640852378969507,2.375047868774334,2.871489048876695,5.642963103587438,2.375492181335783,2.871584337855488,2.375047868774334,2.375047868774334,2.811609450187869,1.0,1.4190330253779284,2.508753640201488,36.08539304021394
1.360000000000001,0.48643727510011653,0.48643727510011653,4.896512275041171,2.212806425117473,2.746572672934504,5.629876921699353,2.3727361677395473,2.871487078482253,5.632029900509172,2.373189815524492,2.8715842356513237,2.3727361677395473,2.3727361677395473,2.8176127966622353,1.0,1.4060991432708412,2.468814505777767,36.08539175589394
1.370000000000001,0.4719511845682938,0.4719511845682938,4.888286462173824,2.210946960506702,2.7469449384806053,5.619409908619591,2.370529457446077,2.8714850719503033,5.621605785707514,2.3709925739460918,2.87158412550147,2.370529457446077,2.370529457446077,2.825336563308159,1.0,1.392850764625263,2.427360616163256,36.085390371726135
1.380000000000001,0.4573154830690638,0.4573154830690638,4.88038963455419,2.2091603913148066,2.74727767104437,5.6094574436905615,2.368429319969368,2.8714830293111686,5.611696866524302,2.368902038186531,2.8715840076000525,2.368429319969368,2.368429319969368,2.8350208216690023,1.0,1.3792585254377152,2.3845498617150653,36.085388890150035
1.390000000000001,0.442532655549221,0.442532655549221,4.872824488998412,2.207447505377741,2.747570441127263,5.600025400113138,2.366437279987183,2.871480950603777,5.602309019366082,2.366919732345413,2.8715838821429296,2.366437279987183,2.366437279987183,2.846932519459777,1.0,1.3652894451686677,2.340656862345322,36.0853873136269
1.400000000000001,0.4276053133716005,0.4276053133716005,4.865593559815683,2.2058090488108175,2.747822833866192,5.591119415316154,2.3645548027728505,2.871478835875686,5.593447884685429,2.365047121028549,2.871583749327443,2.3645548027728505,2.3645548027728505,2.861365440084683,1.0,1.3509064292500894,2.295619071476926,36.08538564463661
1.410000000000001,0.4125361934909137,0.4125361934909137,4.858699216581182,2.2042457250908263,2.7480344493229856,5.582744886084477,2.36278329223915,2.871476685183115,5.5851188621029415,2.363285607391316,2.871583609352163,2.36278329223915,2.36278329223915,2.878638543116739,1.0,1.3360676857415599,2.2495151058711587,36.085383885674524
1.420000000000001,0.3973281574038874,0.3973281574038874,4.852143662000413,2.2027581941739345,2.7482049027684767,5.574906963836643,2.3611240890382366,2.871474498590978,5.577327105678718,2.361636531238183,2.871583462416652,2.3611240890382366,2.3611240890382366,2.899091935109532,1.0,1.3207260383472383,2.202421296873079,36.08538203924845
1.430000000000001,0.3819841898837175,0.3819841898837175,4.845928929870045,2.20134707165182,2.7483338249609472,5.567610550060858,2.3595784687229324,2.8714722761729434,5.570077519342226,2.360101167183777,2.8715833087212257,2.3595784687229324,2.3595784687229324,2.9230795233211926,1.0,1.3048342118612308,2.1544203246876825,36.08538010787566
1.440000000000001,0.3665073974791091,0.3665073974791091,4.8400568831402735,2.2000129279484413,2.74842086241867,5.560860291918154,2.35814763997468,2.871470018011486,5.563374752489285,2.358680722880756,2.871583148466722,2.35814763997468,2.35814763997468,2.9509572180735124,1.0,1.2883382145361826,2.10565193538428,36.08537809407999
1.450000000000001,0.35090100679412456,0.35090100679412456,4.834529212083832,2.1987562875598177,2.7484656776862897,5.554660578021292,2.356832742903342,2.8714677241979585,5.55722319575479,2.3573763373196885,2.8715829818542806,2.356832742903342,2.356832742903342,2.983065422576418,1.0,1.2711603241161609,2.0559848353500363,36.0853760003891
1.460000000000001,0.3351683625324807,0.3351683625324807,4.829347432576602,2.1975776283391224,2.7484679495947906,5.549015534397956,2.3556348474239286,2.871465394832669,5.551626976969713,2.35618907920602,2.871582809085122,2.3556348474239286,2.3556348474239286,3.0197045644795844,1.0,1.2532220001672238,2.005432584068245,36.085373829331616
1.470000000000001,0.31931292531920896,0.31931292531920896,4.824512884494784,2.1964773808293097,2.748427373514798,5.543929020646513,2.3545549517151882,2.8714630300249704,5.546589957310677,2.35511994541906,2.8715826303603427,2.3545549517151882,2.3545549517151882,3.0611027021493302,1.0,1.234462035692272,1.954112402693432,36.08537158343463
1.480000000000001,0.3033382692865007,0.3033382692865007,4.820026730233489,2.1954559276454377,2.7483436616029597,5.539404626292532,2.35359398076485,2.871460629893361,5.542115727650281,2.3541698595577767,2.871582445880708,2.35359398076485,2.35359398076485,3.107374937129138,1.0,1.2147543789389719,1.9018409433573287,36.08536926522112
1.490000000000001,0.2872480794428024,0.2872480794428024,4.815889953351498,2.1945136029087395,2.748216543041157,5.535445667353947,2.352752785006097,2.871458194565589,5.538207605116074,2.3533396705779794,2.871582255846463,2.352752785006097,2.352752785006097,3.1584756502499585,1.0,1.1940136814952869,1.848561428264359,36.08536687720744
1.500000000000001,0.2710461488062562,0.2710461488062562,4.812103357346829,2.193650691734404,2.7480457642682983,5.532055183122521,2.3520321390496606,2.8714557241787757,5.534868629865834,2.352630151525274,2.8715820604571394,2.3520321390496606,2.3520321390496606,3.21414657193912,1.0,1.1720913930150105,1.7942165010623894,36.085364421901055
1.5100000000000011,0.2547363753250274,0.2547363753250274,4.808667564567585,2.192867429774902,2.7478310892044524,5.52923593316901,2.3514327405156648,2.8714532188795414,5.532101562086568,2.352041998367922,2.8715818599113807,2.3514327405156648,2.3514327405156648,3.273866361301548,1.0,1.1488417035253002,1.7386788902934847,36.08536190179822
1.5200000000000011,0.23832275857430185,0.23832275857430185,4.805583015262418,2.192164002820596,2.747572299467079,5.526990394579074,2.3509552089691277,2.8714506788241474,5.529908879224286,2.351575828933502,2.871581654406768,2.3509552089691277,2.3509552089691277,3.3368103627986687,1.0,1.124087974994987,1.681750564965495,36.085359319381894
1.5300000000000011,0.22180939623913024,0.22180939623913024,4.802849966774729,2.1915405464592093,2.747269194579116,5.525320759426702,2.3506000849627107,2.8714481041786413,5.528292773451276,2.35123218195296,2.871581444139658,2.3506000849627107,2.3506000849627107,3.401831746892424,1.0,1.097616560983234,1.623158594760898,36.08535667711961
1.5400000000000011,0.20520048038786914,0.20520048038786914,4.800468492884557,2.1909971457956208,2.746921592168695,5.524228932491505,2.350367829190041,2.8714454951190187,5.527255149377299,2.3510115162153715,2.8715812293050273,2.350367829190041,2.350367829190041,3.467476067853208,1.0,1.0691732598179053,1.5627120358428916,36.08535397746156
1.5500000000000012,0.1885002935433164,0.1885002935433164,4.798438483301866,2.19053383523329,2.746529328160236,5.523716529225834,2.3502588217525817,2.871442851831393,5.526797622010651,2.3509142098363887,2.871581010096324,2.3502588217525817,2.3502588217525817,3.532038930086224,1.0,1.038449158439513,1.5000136630967167,36.08535122283875
1.5600000000000012,0.17171320455575656,0.17171320455575656,4.796759643314656,2.190150598318448,2.746092256956731,5.52378487397736,2.350273361542729,2.871440174512167,5.5269215149746715,2.3509405596430275,2.871580786705331,2.350273361542729,2.350273361542729,3.59366994200486,1.0,1.0050623504206697,1.4346412295793392,36.085348415661265
1.5700000000000012,0.15484366428323443,0.15484366428323443,4.795431493595167,2.1898473676480665,2.745610251612948,5.524434998472142,2.350411665745416,2.8714374633682285,5.527627858984849,2.3510907806770986,2.8715805593220303,2.350411665745416,2.350411665745416,3.6505158381313327,1.0,0.9685302572749365,1.3660928894902873,36.08534555831654
1.5800000000000012,0.13789620109344172,0.13789620109344172,4.794453370167042,2.1896240248424026,2.7450832039993758,5.525667640562939,2.350673869460189,2.8714347186171394,5.528917390591153,2.3513650058192055,2.871580328134484,2.350673869460189,2.350673869460189,3.7008840173888893,1.0,0.9282329439803174,1.2936131090519385,36.08534265316791
1.5900000000000012,0.12087541618781261,0.12087541618781261,4.793824424536106,2.189480400582774,2.7445110249566813,5.5274832432468735,2.351060025445304,2.871431940487345,5.530790551189789,2.351763285534875,2.87158009332872,2.351060025445304,2.351060025445304,3.743398972284809,1.0,0.8833543989543529,1.2162974091022334,36.085339702553135
1.6000000000000012,0.10378597876295334,0.10378597876295334,4.793543623987074,2.189416274715038,2.7438936444404707,5.529881953956142,2.351570103985025,2.8714291292183862,5.533247486308069,2.3522855877439857,2.8715798550886205,2.351570103985025,2.351570103985025,3.777122391564001,1.0,0.8327752020450444,1.1328353923011758,36.08533670878302
1.6100000000000012,0.08663262101855251,0.08663262101855251,4.79360975204816,2.189431376419037,2.7432310116561576,5.5328636241249045,2.352203992880912,2.8714262850611223,5.536288045165496,2.3529317978142705,2.8715796135958245,2.352203992880912,2.352203992880912,3.8016149292564214,1.0,0.774900667816002,1.0413536979790203,36.08533367414017
1.6200000000000012,0.06942013301572403,0.06942013301572403,4.794021409125256,2.1895253844441394,2.7425230951837443,5.536427809034965,2.352961497567473,2.8714234082779555,5.539911780513698,2.3537017186792593,2.8715793690296403,2.352961497567473,2.352961497567473,3.816931660677598,1.0,0.7073037650767273,0.9389880326271645,36.085330600877946
1.6300000000000012,0.052153357401845575,0.052153357401845575,4.794777013306916,2.1896979274107458,2.74176988309233,5.5405737679422415,2.353842341352165,2.8714204991430763,5.544117948757257,2.3545950710806425,2.871579121566956,2.353842341352165,2.353842341352165,3.823558867232436,1.0,0.6259623318802853,0.8209259404180232,36.08532749121924
1.6400000000000012,0.034837184023009886,0.034837184023009886,4.7958748013411645,2.1899485841775292,2.740971383044148,5.545300464485549,2.3548461657793167,2.8714175579427006,5.548905510356872,2.3556114939346156,2.8715788713821664,2.3548461657793167,2.3548461657793167,3.8223113823214296,1.0,0.5231885466202958,0.6778378362119083,36.08532434735565
1.6500000000000012,0.017476544412930332,0.017476544412930332,4.797312829784544,2.190276884273891,2.740127622387979,5.550606567378519,2.3559725311171436,2.8714145849753225,5.554273130515759,2.3567505448213564,2.8715786186471055,2.3559725311171436,2.3559725311171436,3.8142140833376974,1.0,0.3796673447337785,0.486003383953647,36.0853211714466
1.6600000000000013,7.640618984371345e-05,7.640618984371345e-05,4.7990889763236915,2.190682308397019,2.739238648241755,5.55649045138498,2.3572209169666256,2.8714115805519698,5.560219180149602,2.358011700596416,2.87157836353098,2.3572209169666256,2.3572209169666256,3.800388499063166,1.0,0.025727987944581008,0.03257103533626523,36.085317965618486
1.6700000000000013,-0.01735823263164956,0.01735823263164956,4.801200941269128,2.191164288972675,2.7383045275641997,5.562950198577451,2.3585907229906278,2.8714085449964677,5.566741737139698,2.3593943581223757,2.871578106200319,2.3585907229906278,2.3585907229906278,3.7819586616111986,1.0,3.603547924587025,3.7080646661665457,36.0853147319641
1.6800000000000013,-0.034822349400879436,0.034822349400879436,4.803646249220638,2.1917222107786922,2.7373253472153585,5.569983599877875,2.3600812697612503,2.8714054786457046,5.57383858786841,2.360897835118752,2.871577846818927,2.3600812697612503,2.3600812697612503,3.7599825687914117,1.0,3.4890754347408737,3.681394971941147,36.08531147254192
1.6900000000000013,-0.052310902650938206,0.052310902650938206,4.806422250903274,2.1923554116299835,2.7363012140058522,5.577588156879016,2.3616917997230322,2.871402381849905,5.581507229035416,2.362521371127765,2.8715775855478363,2.3616917997230322,2.3616917997230322,3.735409310098978,1.0,3.388291938338063,3.6572276508920343,36.08530818937567
1.7000000000000013,-0.06981883796582417,0.06981883796582417,4.809526125172448,2.1930631831236527,2.7352322547347474,5.585761083944412,2.363421478269251,2.8713992549729044,5.589744869752587,2.364264128593205,2.8715773225452814,2.363421478269251,2.363421478269251,3.7090580149798473,1.0,3.2977587923466625,3.634908896831417,36.08530488445387
1.7100000000000013,-0.08734109387413955,0.08734109387413955,4.812954881186378,2.1938447714426785,2.7341186162158877,5.594499310584136,2.3652693949282257,2.8713960983924296,5.598548433914795,2.366125194049291,2.871577057966662,2.3652693949282257,2.3652693949282257,3.6816131687859923,1.0,3.2152809326814267,3.6143292981065835,36.08530155972946
1.7200000000000013,-0.10487260776398803,0.10487260776398803,4.816705360743567,2.194699378216426,2.7329604652925803,5.603799484103025,2.367234564656199,2.8713929125003803,5.6079145628432885,2.368103579416088,2.8715767919645256,2.367234564656199,2.367234564656199,3.6536308382427136,1.0,3.1392854177984644,3.5952830923507224,36.085298217119494
1.7300000000000013,-0.1224083217994791,0.1224083217994791,4.820774240782728,2.195626161436124,2.7317579888405255,5.613657972517422,2.3693159292330397,2.871389697703114,5.617839618197716,2.3701982233977215,2.8715765246885487,2.3693159292330397,2.3693159292330397,3.625551212898512,1.0,3.068740017755149,3.5775148603632503,36.085294858505
1.7400000000000013,-0.13994318882821905,0.13994318882821905,4.825158036042101,2.196624236423267,2.7305113937588854,5.6240708677359645,2.3715123587567417,2.871386454421731,5.628319685152283,2.372407992979345,2.871576256285525,2.3715123587567417,2.3715123587567417,3.597714030761318,1.0,3.002875716724556,3.5609719425581496,36.085291485730764
1.7500000000000013,-0.1574721782596573,0.1574721782596573,4.829853101874748,2.197692676848778,2.729220906949396,5.635033988999249,2.373822653232387,2.871383183092364,5.639350575830962,2.374731685018533,2.87157598689936,2.373822653232387,2.373822653232387,3.5703745705599395,1.0,2.941093380152464,3.5454715626278888,36.08528810060527
1.7600000000000013,-0.17499028191416469,0.17499028191416469,4.834855637216027,2.1988305158006214,2.727886775283451,5.6465428865728065,2.3762455442510158,2.871379884166464,5.650927832996105,2.3771680279265293,2.8715757166710683,2.3762455442510158,2.3762455442510158,3.5437188020698467,1.0,2.882951931954302,3.530884304569452,36.08528470490072
1.7700000000000014,-0.19249251980372514,0.19249251980372514,4.840161687699103,2.2000367468974473,2.726509265557066,5.658592845687149,2.3787796967536,2.8713765581110877,5.663046733984267,2.379715683434529,2.87157544573878,2.3787796967536,2.3787796967536,3.517876952079011,1.0,2.828106562228114,3.517246505726817,36.08528130035301
1.7800000000000014,-0.20997394586893547,0.20997394586893547,4.84576714891394,2.2013103254457196,2.7250886644336814,5.671178890718197,2.3814237108751137,2.8713732054091845,5.675702294882586,2.3823732484400058,2.871575174237744,2.3814237108751137,2.3814237108751137,3.4929351911329,1.0,2.7762834932226865,3.5042994066094977,36.08527788866189
1.7900000000000014,-0.2274296536132437,0.2274296536132437,4.8516677698049415,2.2026501696376894,2.7236252783747315,5.684295789600859,2.384176123863516,2.8713698265598815,5.6888892749384405,2.385139256927872,2.8715749023003445,2.384176123863516,2.384176123863516,3.468945422463948,1.0,2.727246111358379,3.492132712522432,36.08527447149108
1.8000000000000014,-0.24485478166229308,0.24485478166229308,4.857859156202049,2.2040551617874833,2.722119433557953,5.697938058468139,2.387035412068313,2.871366422078766,5.702602181194784,2.3880121819611357,2.871574630056111,2.387035412068313,2.387035412068313,3.4459333083579406,1.0,2.6808279563924597,3.4806332129850492,36.08527105046848
1.8100000000000014,-0.2622445192105621,0.2622445192105621,4.864336774479774,2.2055241496024873,2.720571475783387,5.712099966507534,2.389999992993208,2.8713629924981636,5.716835273342957,2.390990437735575,2.8715743576317436,2.389999992993208,2.389999992993208,3.4239047417866724,1.0,2.6368849978765034,3.46967923779391,36.08526762718638
1.8200000000000014,-0.27959411135003864,0.27959411135003864,4.871095955338418,2.2070559474871536,2.7189817703670642,5.726775541026253,2.3930682274072868,2.8713595383674155,5.7315825687844475,2.3940723816928444,2.871574085151135,2.3930682274072868,2.3930682274072868,3.402850993401919,1.0,2.595255659324057,3.459326615060615,36.085264203201824
1.8300000000000014,-0.29689886427783213,0.29689886427783213,4.878131897701361,2.208649337876287,2.7173507020223524,5.741958572716232,2.39623842150906,2.8713560602531505,5.746837847892679,2.397256316686365,2.87157381273539,2.39623842150906,2.39623842150906,3.382752757506908,1.0,2.5558540520347237,3.449528041423695,36.08526078003687
1.8400000000000014,-0.3141541503534874,0.3141541503534874,4.885439672722141,2.210303072594829,2.7156786747289776,5.757642621109649,2.3995088291376736,2.8713525587395483,5.762594659465409,2.400540493194274,2.8715735405028635,2.3995088291376736,2.3995088291376736,3.3635832995195853,1.0,2.5185530749290836,3.4401714494672735,36.08525735917895
1.8500000000000014,-0.3313554130118456,0.3313554130118456,4.893014227894749,2.2120158742411298,2.713966111589717,5.773821020215246,2.4028776540255326,2.871349034428603,5.778846326358186,2.403923111573701,2.871573268569186,2.4028776540255326,2.4028776540255326,3.345310880440651,1.0,2.483280032804787,3.4312312694266573,36.08525394208131
1.8600000000000014,-0.34849817151361306,0.34849817151361306,4.900850391260391,2.2137864375906706,2.712213454674794,5.790486884325518,2.4063430520866134,2.871345487940374,5.795585951288817,2.40740232435063,2.8715729970472985,2.4063430520866134,2.4063430520866134,3.3279006059888716,1.0,2.4499066432084486,3.4227977676348305,36.0852505301634
1.8700000000000014,-0.36557802552373153,0.36557802552373153,4.908942875703747,2.215613431017186,2.7104211648540075,5.807633113984471,2.40990313373473,2.871341919913235,5.812806422802632,2.4109762385396154,2.8715727260474884,2.40990313373473,2.40990313373473,3.3113158220432903,1.0,2.4183753744923733,3.4147499105406007,36.08524712481135
1.8800000000000014,-0.382590659514584,0.382590659514584,4.917286283331637,2.217495497928155,2.708589721616636,5.825252402105533,2.4135559662260855,2.87133833100411,5.830500421388099,2.4146429179876887,2.8715724556774287,2.4135559662260855,2.4135559662260855,3.295519155052622,1.0,2.3885939674060848,3.407048737745064,36.0852437273784
1.8900000000000015,-0.3995318469749405,0.3995318469749405,4.925875109926816,2.2194312582116202,2.7067196228791763,5.843337240228864,2.4172995760204947,2.871334721888704,5.8486604257320485,2.41840038573683,2.8715721860422154,2.4172995760204947,2.4172995760204947,3.2804732765005125,1.0,2.360472903138874,3.3996766260690547,36.08524033918545
1.9000000000000015,-0.4163974544296514,0.4163974544296514,4.934703749469529,2.2214193096913353,2.7048113847809807,5.861879924907252,2.4211319511557505,2.87133109326172,5.867278719103707,2.422246626399489,2.87157191724441,2.4211319511557505,2.4211319511557505,3.266141454252618,1.0,2.3339263413408453,3.3926611215794495,36.08523696152155
1.9100000000000015,-0.43318344525290986,0.43318344525290986,4.943766498719387,2.2234582295872767,2.7028655414678697,5.880872564209559,2.4250510436297126,2.8713274458370726,5.886347395856505,2.426179588541727,2.871571649384082,2.4250510436297126,2.4250510436297126,3.2524879403340687,1.0,2.3088815222135666,3.3859989203505294,36.08523359564443
1.9200000000000015,-0.449885883277414,0.449885883277414,4.953057561849993,2.2255465759785826,2.7008826448638144,5.900307084330663,2.4290547717848323,2.871323780348084,5.905858368036641,2.430197187068704,2.8715713825588485,2.4290547717848323,2.4290547717848323,3.239478233985081,1.0,2.2852587751227356,3.379616607976413,36.085230242781044
1.9300000000000015,-0.4665009361855333,0.4665009361855333,4.962571055128772,2.227682889266058,2.698863264430782,5.920175236296712,2.4331410226899535,2.8713200975476694,5.925803372087145,2.434297305607338,2.8715711168639237,2.4331410226899535,2.4331410226899535,3.2270792503017263,1.0,2.262981101105838,3.3735014793930898,36.0852269041281
1.9400000000000015,-0.4830248786839278,0.4830248786839278,4.972301011634405,2.229865693631436,2.6968079869168684,5.9404686027544855,2.4373076545144,2.871316398208512,5.946173975636371,2.438477798881173,2.8715708523921593,2.4373076545144,2.4373076545144,3.2152594180025496,1.0,2.241973999880315,3.3676417123506965,36.085223580852706
1.9500000000000015,-0.4994540954597711,0.4994540954597711,4.982241386004273,2.2320934984906597,2.6947174160928253,5.961178604833705,2.4415524988895294,2.871312683123225,5.966961584359632,2.4427364950726127,2.871570589234093,2.4415524988895294,2.4415524988895294,3.2039887245321093,1.0,2.222165395992956,3.3620262781169106,36.08522027409281
1.9600000000000015,-0.5157850839024877,0.5157850839024877,4.992386059204375,2.234364799938536,2.6925921724771267,5.982296509071111,2.4458733632531167,2.8713089531044926,5.988157448902923,2.4470711981679085,2.87157032747799,2.4458733632531167,2.4458733632531167,3.1932387225338013,1.0,2.2034876223197344,3.356713680751528,36.0852169849579
1.9700000000000015,-0.5320144566071718,0.5320144566071718,5.002728843314197,2.2366780821821894,2.6904328930497217,6.0038134343852345,2.4502680331721334,2.871305208985209,6.009752671857569,2.4514796902804576,2.871570067209893,2.4502680331721334,2.4502680331721334,3.182982508460091,1.0,2.1858749741129313,3.3516287208450417,36.08521371452949
1.9800000000000015,-0.5481389436438837,0.5481389436438837,5.013263486319107,2.2390318189608442,2.688240230954621,6.025720359090869,2.4547342746396947,2.8713014516185877,6.031738214774892,2.4559597339481956,2.871569808513665,2.4547342746396947,2.4547342746396947,3.1731946815464736,1.0,2.16926318472034,3.3467562172574765,36.085210463861735
1.9900000000000015,-0.5641553945954817,0.5641553945954817,5.023983676902937,2.2414244749495658,2.6860148551914977,6.048008127942389,2.459269836342159,2.871297681878266,6.054104905210005,2.460509074401069,2.8715695514710355,2.459269836342159,2.459269836342159,3.163851289401508,1.0,2.1535902275737295,3.3420877093297183,36.08520723398198
2.0000000000000013,-0.5800607803675566,0.5800607803675566,5.0348830492336,2.2438545071447034,2.6837574502964623,6.070667459195236,2.4638724518925965,2.8712939006583817,6.0768434437840595,2.4651254417948105,2.871569296161648,2.4638724518925965,2.4638724518925965,3.154929764936241,1.0,2.1388071908537336,3.3376152080243413,36.085204025891386
2.010000000000001,-0.5958521947644777,0.5958521947644777,5.045955187734535,2.2463203662288547,2.6814687160122292,6.093688951675017,2.468539842027067,2.8712901088736444,6.099944411254444,2.4698065534074614,2.871569042663101,2.468539842027067,2.468539842027067,3.146408858174768,1.0,2.1248553273933024,3.3333311517838635,36.0852008405654
2.020000000000001,-0.6115268558425376,0.6115268558425376,5.0571936318352355,2.2488204979133473,2.6791493669478403,6.117063091843982,2.4732697167603823,2.8712863074593757,6.123398275582668,2.4745501157953274,2.8715687910509957,2.4732697167603823,2.4732697167603823,3.138268565577017,1.0,2.1116766600448527,3.329228366997381,36.085197678954394
2.0300000000000007,-0.6270821070265815,0.6270821070265815,5.0685918806939645,2.2513533442562865,2.6768001322281854,6.1407802608547755,2.47805977749827,2.8712824973715403,6.147195398989852,2.479353826905279,2.871568541398978,2.47805977749827,2.47805977749827,3.1304900588048676,1.0,2.0992448095728036,3.3253349422336766,36.08519454198419
2.0400000000000005,-0.6425154180067515,0.6425154180067515,5.080143397886207,2.2539173449543815,2.674421755133528,6.164830741581702,2.4829077191030886,2.871278679586748,6.171326044990058,2.4842153781405627,2.8715682937787825,2.4829077191030886,2.4829077191030886,3.123055614326403,1.0,2.0874915675890326,3.3216253042980255,36.0851914305566
2.0500000000000003,-0.6578243854177119,0.6578243854177119,5.091841616052475,2.256510938606874,2.672014992729259,6.189204725619964,2.487811231910485,2.871274855102245,6.195780385391972,2.4891324563775172,2.871568048260275,2.487811231910485,2.487811231910485,3.1159485448436763,1.0,2.076392506718595,3.3180754598348847,36.08518834554996
2.06,-0.6730067332867983,0.6730067332867983,5.103679941499366,2.2591325639500144,2.669580615486141,6.213892320243731,2.492768003694634,2.871271024935873,6.220548507259742,2.494102745930837,2.871567804911493,2.492768003694634,2.492768003694634,3.109153133218335,1.0,2.0658954282997244,3.3146795302484633,36.08518528781965
2.07,-0.6880603132781488,0.6880603132781488,5.1156517587479735,2.261780661060655,2.6671194068912683,6.238883555314079,2.497775721579918,2.8712671901260145,6.245620419824087,2.4991239304652515,2.8715675637986875,2.497775721579918,2.497775721579918,3.1026545693342955,1.0,2.0559758270603554,3.311431878499982,36.08518225819862
2.0799999999999996,-0.7029831047259651,0.7029831047259651,5.127750435024035,2.2644536725276665,2.664632163050021,6.264168390128344,2.502832073897157,2.87126335173151,6.270986061335179,2.504193694851734,2.8715673249863625,2.502832073897157,2.502832073897157,3.096438890160294,1.0,2.046583706959855,3.308327088330333,36.08517925749784
2.0899999999999994,-0.717773214455351,0.717773214455351,5.1399693246844365,2.2671500445899992,2.662119692279276,6.289736720202648,2.507934751982724,2.8712595108315546,6.296635305849098,2.509309726966581,2.87156708853731,2.507934751982724,2.507934751982724,3.090492923143936,1.0,2.037709634899611,3.3053599455273956,36.08517628650686
2.099999999999999,-0.7324288764112278,0.7324288764112278,5.1523017735749415,2.26986822824034,2.65958281469215,6.31557838397981,2.5130814519190996,2.871255668525569,6.322557969940067,2.5144697194319257,2.8715668545126554,2.5130814519190996,2.5130814519190996,3.0848042329724157,1.0,2.0292933008541625,3.302525421003941,36.08517334599424
2.109999999999999,-0.7469484510924272,0.7469484510924272,5.16474112331435,2.2726066802934355,2.6570223617745676,6.3416831694552025,2.5182698762156535,2.871251825933043,6.348743819331052,2.519671371296474,2.871566622971884,2.5182698762156535,2.5182698762156535,3.0793610716653017,1.0,2.021341273654801,3.2998186555115923,36.085170436707955
2.1199999999999988,-0.7613304247961555,0.7613304247961555,5.1772807155005,2.2753638644182823,2.654439175953945,6.36804082071351,2.523497735428647,2.8712479841933587,6.375182575435684,2.5249123896554675,2.871566393972884,2.523497735428647,2.523497735428647,3.0741523319153385,1.0,2.0138006874020644,3.2972349458257244,36.08516755937595
2.1299999999999986,-0.7755734086814146,0.7755734086814146,5.189913895833887,2.278138252133502,2.651834110160294,6.394641044369725,2.528762749719658,2.871244144465582,6.401863921804852,2.530190491209081,2.871566167571977,2.528762749719658,2.528762749719658,3.0691675035592767,1.0,2.00664646715653,3.294769732250446,36.08516471470646
2.1399999999999983,-0.7896761376648158,0.7896761376648158,5.202634018154869,2.2809283237653193,2.6492080273800576,6.4214735159081675,2.534062650351835,2.8712403079282285,6.428777510471762,2.5355034037586623,2.8715659438239483,2.534062650351835,2.534062650351835,3.064396633038512,1.0,1.9998846481067496,3.2924469039831097,36.08516190338849
2.149999999999998,-0.8036374691405382,0.8036374691405382,5.215434448390847,2.283732569367711,2.6465618002030027,6.448527885913639,2.539395181123576,2.871236475779003,6.455912968189603,2.5408488676404195,2.8715657227820857,2.539395181123576,2.539395181123576,3.059830285695873,1.0,1.993461490433035,3.290235517852773,36.08515912609219
2.159999999999998,-0.8174563815512442,0.8174563815512442,5.228308568409991,2.286549489604367,2.6438963103624813,6.47579378618935,2.5447580997394135,2.871232649234506,6.48325990255643,2.546224637096348,2.871565504498201,2.5447580997394135,2.5447580997394135,3.0554595107480664,1.0,1.9873574068371318,3.2881284788064793,36.08515638346921
2.1699999999999977,-0.831131972797305,0.831131972797305,5.241249779778447,2.289377596592237,2.641212448269405,6.503260835756522,2.5501491791180615,2.871228829529918,6.510807908022218,2.551628481582344,2.871565289022665,2.5501491791180615,2.5501491791180615,3.0512758087712,1.0,1.9815889103822604,3.2861217408819647,36.085153676153105
2.1799999999999975,-0.8446634585113834,0.8446634585113834,5.254251507418207,2.2922154147065252,2.6385111125402765,6.530918646731109,2.5555662086377473,2.871225017918648,6.538546571773538,2.557058187013651,2.8715650764044334,2.5555662086377473,2.5555662086377473,3.0472711015383434,1.0,1.9761047397389953,3.284211354413445,36.08515100475967
2.1899999999999973,-0.8580501701905604,0.8580501701905604,5.267307203163195,2.295061481347111,2.635793209519603,6.558756830073448,2.5610069953191164,2.871221215671949,6.566465479491643,2.562511556947918,2.871564866691071,2.5610069953191164,2.5610069953191164,3.043437704051954,1.0,1.9708882630506614,3.2823934591585076,36.08514836988725
2.199999999999997,-0.8712915532059745,0.8712915532059745,5.280410349211305,2.2979143476664454,2.6330596527970713,6.586765001206971,2.566469364946126,2.8712174240785133,6.594554220980141,2.5679864137062993,2.8715646599287816,2.566469364946126,2.566469364946126,3.0397682986197454,1.0,1.9659324296958793,3.280664278060453,36.08514577211709
2.209999999999997,-0.8843871646872994,0.8843871646872994,5.293554461470498,2.300772579259084,2.6303113627198162,6.614932785502672,2.5719511631255116,2.8712136444440226,6.622802395658965,2.5734805994331813,2.871564456162428,2.5719511631255116,2.5719511631255116,3.036255910829302,1.0,1.9612382522678542,3.2790201115988613,36.085143212013584
2.2199999999999966,-0.8973366712964977,0.8973366712964977,5.306733092797321,2.3036347568130937,2.6275492659001665,6.643249823626272,2.577450256285516,2.871209878090672,6.651199617921547,2.5789919770952268,2.871564255435554,2.577450256285516,2.577450256285516,3.0328938872842635,1.0,1.9567688731440813,3.2774573326648846,36.08514069012465
2.2299999999999964,-0.9101398469052036,0.9101398469052036,5.319939836126474,2.3064994767236504,2.624774294719213,6.671705776745451,2.5829645326146955,2.8712061263566633,6.679735522352658,2.5845184314205727,2.871564057790411,2.5829645326146955,2.5829645326146955,3.029675874972721,1.0,1.9525116567574246,3.2759723819037556,36.085138206981924
2.239999999999996,-0.922796570163876,0.922796570163876,5.333168327490346,2.30936535166923,2.62198738682659,6.700290331594997,2.588491902941749,2.8712023905956556,6.708399768804688,2.5900578697791077,2.871563863267971,2.588491902941749,2.588491902941749,3.026595802146408,1.0,1.9484546874376014,3.2745617635046105,36.085135763101
2.249999999999996,-0.935306821990825,0.935306821990825,5.346412248927664,2.312231011150846,2.619189484636837,6.728993205397889,2.594030301557383,2.8711986721761904,6.737182047330458,2.595608223004862,2.871563671907954,2.594030301557383,2.594030301557383,3.0236478605971704,1.0,1.944605428729316,3.2732220413714215,36.08513335898178
2.259999999999996,-0.9476706829849755,0.9476706829849755,5.359665331280714,2.3150951019948867,2.616381534822713,6.757804150640911,2.5995776869793508,2.8711949724810757,6.766072082971154,2.6011674461616563,2.8715634837488375,2.5995776869793508,2.5995776869793508,3.0208264892248624,1.0,1.9409421995009035,3.2719498356436154,36.08513099510857
2.2699999999999956,-0.9598883307556444,0.9598883307556444,5.37292135688077,2.3179562888201257,2.613564487805856,6.786712959703577,2.605132042661864,2.871191292906736,6.795059640398161,2.6067335192531975,2.8715632988278794,2.605132042661864,2.605132042661864,3.018126358798283,1.0,1.9374467803015507,3.2707418195507385,36.085128671950365
2.2799999999999954,-0.9719600371959012,0.9719600371959012,5.386174162121667,2.3208132544695763,2.610739297245171,6.815709469339559,2.6106913776506713,2.871187634862525,6.824134528408032,2.612304447878928,2.8715631171811293,2.6106913776506713,2.6106913776506713,3.0155423578177833,1.0,1.9341095776207493,3.2695947165475006,36.08512638996103
2.289999999999995,-0.9838861656975291,0.9838861656975291,5.399417639921635,2.3236647004078783,2.60790691952332,6.8447835650101645,2.6162537271851454,2.8711839997700017,6.8532866042700995,2.617878263836976,2.871562938843447,2.6162537271851454,2.6162537271851454,3.0130695793949656,1.0,1.9309214829405459,3.268505297713508,36.085124149579485
2.299999999999995,-0.99566716831549,0.99566716831549,5.412645742073753,2.3265093470849743,2.6050683132317247,6.8739251850695995,2.621817153248792,2.871180389062169,6.882505777926554,2.623453025675618,2.8715627638485115,2.621817153248792,2.621817153248792,3.010703309071168,1.0,1.927873836739844,3.267470379391939,36.08512195122985
2.3099999999999947,-1.007303582891017,1.007303582891017,5.425852481485604,2.3293459342668714,2.6022244386544466,6.903124324802204,2.6273797450696397,2.8711768041826753,6.9117820160451275,2.6290268191947237,2.8715625922288393,2.6273797450696397,2.6273797450696397,3.0084390135023935,1.0,1.9249777679425206,3.2664868210420996,36.08511979532165
2.3199999999999945,-1.0187960301344718,1.0187960301344718,5.4390319343088525,2.33217322133431,2.5993762572513632,6.932371040312057,2.6329396195720207,2.8711732465849704,6.941105345924778,2.634597757898685,2.8715624240157878,2.6329396195720207,2.6329396195720207,3.0062723299438976,1.0,1.922207835404875,3.265551523292079,36.08511768224992
2.3299999999999943,-1.0301452106895717,1.0301452106895717,5.452178241959733,2.3349899875502107,2.596524731141001,6.961655452265569,2.6384949217812736,2.8711697177314326,6.970465859255098,2.6401639834023753,2.8715622592395746,2.6384949217812736,2.6384949217812736,3.0041990564727863,1.0,1.9195543041368963,3.2646614261551576,36.08511561239532
2.339999999999994,-1.041351902162391,1.041351902162391,5.465285613031534,2.3377950322967864,2.59367082258345,6.990967749488057,2.6440438251829446,2.8711662190924447,6.9998537157303415,2.645723665791713,2.8715620979292766,2.6440438251829446,2.6440438251829446,3.0022151428918162,1.0,1.9170100160983021,3.2638135074201795,36.08511358612432
2.349999999999994,-1.0524169561466508,1.0524169561466508,5.478348325100422,2.3405871752832494,2.590815493463722,7.020298192415436,2.649584532038077,2.87116275214544,7.029259146519294,2.6512750039404236,2.8715619401128487,2.649584532038077,2.649584532038077,3.0003166822620124,1.0,1.9145681293002754,3.2630047811705936,36.08511160378924
2.3599999999999937,-1.063341295230678,1.063341295230678,5.491360726425978,2.3433652567250327,2.587959704775957,7.049637116402455,2.6551152736562034,2.8711593183738975,7.058672457592382,2.6568162257846106,2.871561785817125,2.6551152736562034,2.6551152736562034,2.998499903015863,1.0,1.9122220970025912,3.2622322964422783,36.08510966572837
2.3699999999999934,-1.0741259100038174,1.0741259100038174,5.50431723754811,2.3461281374955014,2.585104416108874,7.0789749348890805,2.660634310627652,2.8711559192663003,7.088084032907656,2.662345588556763,2.871561635067826,2.660634310627652,2.660634310627652,2.9967611616066314,1.0,1.909965648687477,3.2614936383510265,36.085107772266056
2.3799999999999932,-1.0847718560649047,1.0847718560649047,5.517212352781983,2.348874699251108,2.582250585132838,7.108302142426842,2.6661399330168027,2.8711525563150535,7.117484337457485,2.667861378980828,2.8715614878895663,2.6661399330168027,2.6661399330168027,2.995096935652865,1.0,1.9077948343104711,3.2607949559556695,36.085105923712796
2.389999999999993,-1.0952802510337076,1.0952802510337076,5.530040641612893,2.3516038445309815,2.5793991670889413,7.137609317567152,2.671630460517912,2.871149231015357,7.146863920177945,2.673361913429969,2.8715613443058583,2.671630460517912,2.671630460517912,2.993503817540425,1.0,1.905716186065096,3.2601235539563587,36.08510412036522
2.399999999999993,-1.1056522715800041,1.1056522715800041,5.542796749992979,2.354314496831929,2.576551114280478,7.166887125613787,2.677104242575135,2.871145944864032,7.1762134167231535,2.6788455380486487,2.8715612043391157,2.677104242575135,2.677104242575135,2.991978508447318,1.0,1.9037094716143643,3.259476646504147,36.08510236250627
2.4099999999999926,-1.1158891504618964,1.1158891504618964,5.555475401541858,2.357005600659841,2.5737073755671904,7.196126321241824,2.6825596584683487,2.8711426993583125,7.205523552106788,2.684310628840632,2.8715610680106587,2.6825596584683487,2.6825596584683487,2.9905178127594128,1.0,1.9017693816032384,3.258851477706217,36.08510065040509
2.4199999999999924,-1.1259921735942784,1.1259921735942784,5.568071398653319,2.3596761215584903,2.570868895862673,7.22531775098555,2.6879951173663894,2.871139495994582,7.2347851432134185,2.6897555917245377,2.8715609353407108,2.6879951173663894,2.6879951173663894,2.9891186328476094,1.0,1.8998908101392902,3.258245320828404,36.08509898431719
2.429999999999992,-1.13596267713224,1.13596267713224,5.580579623510309,2.3623250461167085,2.5680366156352985,7.254452355597927,2.6934090583492747,2.8711363362670776,7.263989101182101,2.6951788625584947,2.87156080634841,2.6934090583492747,2.6934090583492747,2.987777964179395,1.0,1.8980688431753043,3.257655477568966,36.08509736448441
2.439999999999992,-1.1458020445903718,1.1458020445903718,5.59299503901053,2.3649513819549295,2.565211470413041,7.283521172284342,2.6987999504009816,2.871133221666539,7.2931264336651305,2.700578907135492,2.871560681051802,2.6987999504009816,2.6987999504009816,2.986492890739851,1.0,1.8962987477764106,3.2570792773780495,36.08509579113492
2.4499999999999917,-1.1555117039946707,1.1555117039946707,5.605312689604968,2.367554157692062,2.562394390292564,7.312515336813466,2.704166292374318,2.871130153678819,7.322188246964686,2.7059542211509577,2.871560559467841,2.704166292374318,2.704166292374318,2.985260580739158,1.0,1.894575962200187,3.2565140768245806,36.08509426448326
2.4599999999999915,-1.1650931250683871,1.1650931250683871,5.617527702051814,2.370132422893669,2.559586299452922,7.34142608550817,2.709506612929404,2.871127133783445,7.351165748050313,2.711303330144068,2.8715604416123943,2.709506612929404,2.709506612929404,2.984078282585453,1.0,1.8928960867186977,3.255957259007332,36.085092784730286
2.4699999999999913,-1.174547816454914,1.174547816454914,5.629635286088209,2.3726852480023997,2.5567881156742476,7.370244757119429,2.7148194704472393,2.871124163452138,7.380050246460303,2.7166247894143023,2.871560327500235,2.7148194704472393,2.7148194704472393,2.9829433211035736,1.0,1.891254875115865,3.2554062330051634,36.08509135206323
2.479999999999991,-1.183877322990223,1.183877322990223,5.64163073502232,2.3752117242516126,2.554000749861766,7.39896279458639,2.7201034529198314,2.871121244147282,7.408833156089995,2.721917183914675,2.8715602171450447,2.7201034529198314,2.7201034529198314,2.9818530939817434,1.0,1.8896482267865535,3.2548584333515573,36.0850899666556
2.489999999999991,-1.1930832230142745,1.1930832230142745,5.65350942624827,2.377710963563122,2.551225105575477,7.427571746685619,2.72535717781828,2.8711183773203497,7.437505996870158,2.7271791281230793,2.871560110559408,2.72535717781828,2.72535717781828,2.9808050684297,1.0,1.8880775950052144,3.2543113195437168,36.08508862866719
2.4999999999999907,-1.202167125731642,1.202167125731642,5.665266821686471,2.3801820984299646,2.5484620785658456,7.456063269572779,2.7305792919402245,2.8711155644102804,7.466060396338619,2.7324092658931276,2.8715600077548107,2.7305792919402245,2.7305792919402245,2.979796778033022,1.0,1.8865409844924452,3.253762375574017,36.08508733824405
2.5099999999999905,-1.211130668618462,1.211130668618462,5.67689846815189,2.3826242817850845,2.545712556315841,7.484429128219908,2.735768471238001,2.8711128068418126,7.494488091108403,2.73760627028585,2.8715599087416357,2.735768471238001,2.735768471238001,2.9788258197896536,1.0,1.8850273603878769,3.25320910948591,36.08508609551843
2.5199999999999902,-1.2199755148895621,1.2199755148895621,5.688399997652865,2.3850366868568007,2.5429774175896296,7.5126611977515605,2.7409234206288144,2.8711101060237683,7.522780928235536,2.74276884338355,2.871559813529162,2.7409234206288144,2.7409234206288144,2.9778898513156875,1.0,1.8835331575608028,3.252649052938589,36.085084900608685
2.52999999999999,-1.2287033510083052,1.2287033510083052,5.69976712762298,2.3874185070119105,2.540257531988258,7.540751464683022,2.746042873788212,2.8711074633472937,7.550930866489898,2.747895716087111,2.87155972212555,2.746042873788212,2.746042873788212,2.9769865882085167,1.0,1.8820549246207945,3.252079760798161,36.08508375361932
2.53999999999999,-1.2373158842562149,1.2373158842562149,5.710995661088568,2.3897689555872486,2.5375537595126225,7.568692028063937,2.7511255929280907,2.871104880184044,7.578929977532256,2.752985647897979,2.871559634537849,2.7511255929280907,2.7511255929280907,2.976113801556375,1.0,1.880589318690583,3.2514988107362788,36.08508265464079
2.5499999999999896,-1.2458148403595597,1.2458148403595597,5.722081486774434,2.3920872657105203,2.534866950134033,7.596475100530516,2.756170368560426,2.8711023578843347,7.606770447000862,2.7580374266860233,2.8715595507719827,2.756170368560426,2.756170368560426,2.975269315584147,1.0,1.8791331005131768,3.250903802838485,36.08508160374954
2.5599999999999894,-1.2542019611695092,1.2542019611695092,5.733020579150236,2.3943726901111773,2.532197943372659,7.6240930092696555,2.7611760192478956,2.8710998977752333,7.634444575510841,2.763049868444441,2.8715594708327434,2.7611760192478956,2.7611760192478956,2.9744510054261415,1.0,1.8776831298721646,3.250292359225031,36.08508060100785
2.569999999999989,-1.2624790024025343,1.2624790024025343,5.7438089984201115,2.396624500922101,2.5295475678841544,7.6515381968981835,2.7661413913424933,2.871097501158611,7.661944779569562,2.7680218170327997,2.8715593947237865,2.7661413913424933,2.7661413913424933,2.973656795017232,1.0,1.8762363612928767,3.2496621236763255,36.085079646463775
2.579999999999989,-1.2706477314388387,1.2706477314388387,5.754442890457976,2.398841989472832,2.5269166410547204,7.678803222260431,2.7710653587132206,2.871095169309146,7.689263592411291,2.7729521439093197,2.871559322447624,2.7710653587132206,2.7710653587132206,2.9728846550944388,1.0,1.8747898400061251,3.249010761264557,36.08507874015107
2.5899999999999888,-1.2787099251783351,1.2787099251783351,5.764918486690964,2.401024466075047,2.524305968604886,7.705880761147372,2.775946822463891,2.871092903472279,7.716393664754301,2.777839747853411,2.8715592540056143,2.775946822463891,2.775946822463891,2.9721326013016784,1.0,1.8733406981555958,3.2483359579911615,36.085077882089045
2.5999999999999885,-1.2866673679598857,1.2866673679598857,5.775232103933399,2.4031712598009736,2.5217163442022645,7.73276360694043,2.7807847106420214,2.8710907048621217,7.743327765483572,2.7826835546794704,2.8715591893979546,2.7807847106420214,2.7807847106420214,2.9713986923909346,1.0,1.8718861512235583,3.247635420423338,36.085077072282495
2.6099999999999883,-1.2945218495349877,1.2945218495349877,5.785380144173709,2.4052817182554125,2.5191485490835217,7.759444671183119,2.7855779779397882,2.8710885746593178,7.770058782262243,2.787482516942885,2.8715591286236704,2.7855779779397882,2.7855779779397882,2.970681028513667,1.0,1.8704234946699143,3.246906875337931,36.085076310721576
2.619999999999988,-1.3022751631063196,1.3022751631063196,5.795359094316546,2.4073552073419795,2.5166033516858173,7.785916984083575,2.7903256053879404,2.871086514008864,7.796579722074863,2.792235613639161,2.8715590716806085,2.7903256053879404,2.7903256053879404,2.969977749596753,1.0,1.868955571104869,3.246148069360947,36.08507559738169
2.629999999999988,-1.309929103419796,1.309929103419796,5.805165525882466,2.409391111024208,2.5140815072879237,7.81217369495099,2.795026600043547,2.871084524017875,7.822883711705488,2.796941849897042,2.8715590185654256,2.795026600043547,2.795026600043547,2.9692870337976927,1.0,1.867481271575972,3.245356768613555,36.085074932223364
2.6399999999999877,-1.317485464923622,1.317485464923622,5.8147960946673924,2.4113888310820784,2.5115837576612536,7.838208072568969,2.7996799946724216,2.87108260575331,7.848963998153603,2.801600256666465,2.8715589692735763,2.7996799946724216,2.7996799946724216,2.9686070960342517,1.0,1.8659913987746337,3.244530758349647,36.0850743151921
2.6499999999999875,-1.3249460399791322,1.3249460399791322,5.824247540363989,2.413347786864543,2.5091108307310224,7.864013505508649,2.8042848474269957,2.8710807602396535,7.87481394899075,2.806209890402133,2.871558923799306,2.8042848474269957,2.8042848474269957,2.9679361865840677,1.0,1.8644835576327135,3.243667842599686,36.0850737462183
2.6599999999999873,-1.3323126171350796,1.3323126171350796,5.833516686147194,2.41526741503859,2.506663440247701,7.889583502384549,2.8088402415204303,2.8710789884565457,7.900427052660773,2.8107698327434734,2.8715588821356395,2.8088402415204303,2.8088402415204303,2.9672725897501304,1.0,1.8629554187870137,3.242765843807748,36.08507322521705
2.669999999999987,-1.3395869794567057,1.3395869794567057,5.842600438225901,2.417147169335351,2.504242285468993,7.914911692055816,2.813345284897646,2.8710772913363747,7.92579691872645,2.8152791901917027,2.871558844274366,2.813345284897646,2.813345284897646,2.966614622588363,1.0,1.861404716187041,3.241822602469626,36.08507275208807
2.679999999999987,-1.3467709029121324,1.3467709029121324,5.851495785362878,2.418986520293753,2.501848050852486,7.9399918237757126,2.817799109903989,2.871075669761822,7.950917278065208,2.8197370937846684,2.8715588102060288,2.817799109903989,2.817799109903989,2.9659606336938116,1.0,1.8598292448290654,3.24083597676824,36.085072326715455
2.6899999999999866,-1.3538661548195714,1.3538661548195714,5.860199798364872,2.4207849550021727,2.4994814057591546,7.964817767291929,2.822200872952159,2.871074124563363,7.975781983016624,2.8241426987701286,2.871558779919918,2.822200872952159,2.822200872952159,2.96530900204229,1.0,1.8582268586031339,3.2398038422016464,36.085071948967645
2.6999999999999864,-1.3608744923447458,1.3608744923447458,5.868709629544849,2.422541976838554,2.4971430041678686,7.98938351290035,2.8265497541880187,2.8710726565167293,8.000385007484306,2.8284951842780828,2.8715587534040496,2.8265497541880187,2.8265497541880187,2.964658135884515,1.0,1.8565954682573786,3.238724091213301,36.08507161869721
2.709999999999986,-1.3677976610535532,1.3677976610535532,5.877022512158209,2.4242571052093895,2.4948334844010516,8.013683171454785,2.830844957155864,2.8710712663403246,8.0247204469946,2.8327937529927234,2.87155873064516,2.830844957155864,2.830844957155864,2.9640064716900683,1.0,1.8549330394653432,3.237594632818182,36.08507133574068
2.719999999999986,-1.374637393521289,1.374637393521289,5.885135759814799,2.425929875287989,2.492553468861628,8.03771097433511,2.8350857084636982,2.871069954692602,8.048782518714651,2.8370376308245633,2.8715587116286923,2.8350857084636982,2.8350857084636982,2.9633524731387055,1.0,1.8532375909872691,3.2364133922221794,36.08507109991842
2.7299999999999858,-1.3813954079921198,1.3813954079921198,5.893046765868498,2.4275598377524084,2.4903035637813713,8.061461273376178,2.8392712574490266,2.8710687221693996,8.072565561432139,2.841226066583252,2.871558696338779,2.8392712574490266,2.8392712574490266,2.9626946301567645,1.0,1.8515071929258018,3.2351783104398835,36.08507091103447
2.7399999999999856,-1.3880734070910385,1.3880734070910385,5.900753002786012,2.4291465585233865,2.488084358980785,8.084928540759854,2.8434008758456577,2.871067569301238,8.096064035498976,2.845358331651565,2.871558684758232,2.8434008758456577,2.8434008758456577,2.9620314579965905,1.0,1.8497476801297832,3.2338873439071607,36.08507076887637
2.7499999999999853,-1.3946730765821957,1.3946730765821957,5.908252021496591,2.4306896185026567,2.4858964276405935,8.108107368872302,2.8474738574519525,2.871066496550577,8.119272522741193,2.8494337196610124,2.871558676868532,2.8474738574519525,2.8474738574519525,2.9613614963571147,1.0,1.8479568652808391,3.2325384640933597,36.085070673214986
2.759999999999985,-1.4011960841833957,1.4011960841833957,5.915541450724198,2.4321886133119275,2.483740326084957,8.130992470128774,2.851489517800964,2.8710655043090343,8.14218572633718,2.8534515461695125,2.871558672649809,2.851489517800964,2.851489517800964,2.9606833085438304,1.0,1.8461260169311262,3.231129657101807,36.085070623804356
2.769999999999985,-1.4076440784186166,1.4076440784186166,5.922618996303683,2.433643153032852,2.4816165935764687,8.15357867676788,2.855447193832847,2.8710645928945757,8.164798470666273,2.8574111483414972,2.871558672080834,2.855447193832847,2.855447193832847,2.959995480666626,1.0,1.8442534132056658,3.2296589232755886,36.08507062038155
2.7799999999999847,-1.4140186875246075,1.4140186875246075,5.929482440482432,2.435052861948264,2.47952575212302,8.175860940617435,2.8593462435699237,2.8710637625486557,8.187105701129743,2.8613118846308496,2.8715586751390036,2.8593462435699237,2.8593462435699237,2.959296620874024,1.0,1.8423373762029536,3.2281365441754946,36.08507066266647
2.7899999999999845,-1.4203215183968863,1.4203215183968863,5.936129641208916,2.4364173782849514,2.4774683062965708,8.197834332833676,2.8631860457947322,2.871063013433337,8.20910248394607,2.865153134466999,2.871558681800325,2.8631860457947322,2.8631860457947322,2.9585853586225452,1.0,1.8403762707273525,3.226563770994364,36.08507075036166
2.7999999999999843,-1.4265541555843584,1.4265541555843584,5.942558531409471,2.437736353958211,2.4754447430639006,8.219494043615828,2.8669659997313937,2.87106234562837,8.230784005922287,2.8689342979444974,2.871558692039408,2.8669659997313937,2.8669659997313937,2.9578603439800184,1.0,1.8383685030781036,3.2249246483463514,36.08507088315224
2.809999999999984,-1.4327181603179888,1.4327181603179888,5.948767118254685,2.43900945431843,2.4734555316293365,8.240835381897703,2.870685524730583,2.871061759128243,8.252145574203237,2.8726547955163766,2.871558705829445,2.870685524730583,2.870685524730583,2.9571202469617752,1.0,1.8363125199067816,3.223217287150264,36.08507106070562
2.819999999999984,-1.4388150695869562,1.4388150695869562,5.954753482416596,2.4402363578999053,2.47150112328952,8.261853775018036,2.874344059958382,2.8710612538392004,8.27318261600037,2.87631406769156,2.8715587231422015,2.874344059958382,2.874344059958382,2.956363756898778,1.0,1.8342068071233488,3.221439811307667,36.085071282671436
2.8299999999999836,-1.4448463952512096,1.4448463952512096,5.960515777317937,2.441416756172108,2.4695819513001975,8.282544768371217,2.877941064089259,2.871060829576236,8.293890678301652,2.8799115747365667,2.8715587439480057,2.877941064089259,2.877941064089259,2.955589581836835,1.0,1.8320498888590673,3.2195903572825473,36.085071548681334
2.8399999999999834,-1.4508136231883253,1.4508136231883253,5.96605222837459,2.4425503532935795,2.4676984307550605,8.302904025039945,2.8814760150034124,2.871060486060055,8.314265427564228,2.883446796381759,2.8715587682157295,2.8814760150034124,2.8814760150034124,2.9547964479661353,1.0,1.8298574817175952,3.217667073678763,36.085071858348826
2.849999999999983,-1.4567182124837852,1.4567182124837852,5.9713611322323645,2.443636865868651,2.4658509584766013,8.322927325411287,2.884948409488684,2.8710602229140125,8.334302649391168,2.886919231532321,2.8715587959127817,2.884948409488684,2.884948409488684,2.9539830990804163,1.0,1.8276127244630214,3.215668120804668,36.08507221126918
2.859999999999983,-1.4625615946447665,1.4625615946447665,5.976440855999156,2.4446760227071307,2.464039912918994,8.342610566777568,2.888357762947237,2.871060039661028,8.353998248193792,2.890328397984179,2.8715588270050936,2.888357762947237,2.888357762947237,2.953148296065198,1.0,1.8253131287695339,3.213591670243087,36.0850726070192
2.869999999999983,-1.4683451728570338,1.4683451728570338,5.9812898364735245,2.445667564587126,2.4622656540829477,8.36194976292339,2.8917036091071626,2.871059935720478,8.373348246840834,2.893673832145018,2.8715588614571086,2.8917036091071626,2.8917036091071626,2.9522908164145334,1.0,1.8229573823161749,3.2114359044056346,36.08507304515714
2.8799999999999826,-1.4740703212672202,1.4740703212672202,5.9859065793706305,2.446611244021132,2.4605285234425147,8.380941043700123,2.894985499739182,2.871059910405066,8.392348786295708,2.896955088760561,2.87155889923177,2.894985499739182,2.894985499739182,2.951409453775836,1.0,1.820544206957849,3.209199016087364,36.085073525222555
2.8899999999999824,-1.4797383842949967,1.4797383842949967,5.99028965854655,2.44750682502553,2.45882884388378,8.399580654588998,2.898203004378575,2.8710599629176814,8.410996125243086,2.9001717406462477,2.8715589402905115,2.898203004378575,2.898203004378575,2.950503017522401,1.0,1.818072357990074,3.206879208015681,36.08507404673616
2.899999999999982,-1.4853506759770119,1.4853506759770119,5.994437715221733,2.4483540828935944,2.4571669196553985,8.417864956254041,2.9013557100524645,2.871060092348229,8.429286639705863,2.903323378424433,2.871558984593244,2.9013557100524645,2.9013557100524645,2.9495703323532867,1.0,1.8155406234492077,3.204474692390087,36.08507460919972
2.909999999999982,-1.4909084793330256,1.4909084793330256,5.998349457204584,2.4491528039721375,2.4555430363308934,8.43579042408582,2.904443221012561,2.8710602976704584,8.447216822653582,2.9064096102672075,2.8715590320983533,2.904443221012561,2.904443221012561,2.9486102379202834,1.0,1.812951040689088,3.201983690420632,36.08507521209593
2.9199999999999817,-1.496413045762459,1.496413045762459,6.002023658115896,2.449902785441883,2.453957460782645,8.453353647737115,2.9074651584734625,2.871060577738774,8.464783283603333,2.909430061644949,2.8715590827626847,2.9074651584734625,2.9074651584734625,2.9476215884817654,1.0,1.810317913843212,3.1994044318553474,36.08507585488832
2.9299999999999815,-1.5018655944578247,1.5018655944578247,6.005459156614957,2.4506038351016586,2.4524104411674776,8.470551330651432,2.9104211603565955,2.8710609312850326,8.481982748214019,2.912384375080669,2.871559136541537,2.9104211603565955,2.9104211603565955,2.9466032525832406,1.0,1.8076221403566604,3.196735154508488,36.085076537021145
2.9399999999999813,-1.507267311844057,1.507267311844057,6.008654855628031,2.4512557711564966,2.4509022069237583,8.487380289585255,2.9133108810398616,2.8710613569153405,8.498812057874883,2.9152722099102313,2.871559193388657,2.913309377183964,2.9133101291116215,2.945554112764484,0.9999989670306548,1.8048626555834233,3.1940212273583533,36.085077257919316
2.949999999999981,-1.512619351044511,1.512619351044511,6.011609721579973,2.4518584220097157,2.4494329687798833,8.503837454124925,2.9161339911130497,2.871061853106839,8.515268169289067,2.91809324204849,2.871559253256234,2.9161220261062795,2.9161280085912242,2.9444730652931703,0.9999917836934504,1.8020384252401183,3.1912211329550875,36.0850780169883
2.959999999999981,-1.517922831353006,1.517922831353006,6.014322783629581,2.4524116260590474,2.4480029187740593,8.519919866198896,2.9188901771390605,2.871062418204491,8.531348154053065,2.9208471637614086,2.871559316094891,2.9188542410566747,2.9188722089315293,2.943359019924959,0.9999753295689157,1.7991484449387678,3.188328225323239,36.08507881361411
2.9699999999999807,-1.523178837735777,1.523178837735777,6.016793132909399,2.452915231496881,2.4466122302852353,8.535624679586082,2.921579141420968,2.871063050417867,8.547049198232619,2.923533683444167,2.871559381853684,2.921503269072863,2.9215412045054703,2.9422108996900422,0.9999479272359201,1.7961917397355671,3.1853408382327415,36.085079647163205
2.9799999999999804,-1.5283884203412976,1.5283884203412976,6.0190199217705045,2.453369096114668,2.445261058075072,8.550949159421119,2.9242006017749738,2.8710637478179293,8.562368601935828,2.9261525254053025,2.871559450480098,2.9240671513912324,2.9241338742894163,2.941027640706155,0.9999084351468013,1.7931819503388613,3.1822573117699884,36.085080516982515
2.9899999999999802,-1.5335525940332115,1.5335525940332115,6.021002363032922,2.453773087111545,2.4439495383407945,8.565890681696969,2.926754291309226,2.871064508333826,8.577303778884033,2.9287034296568906,2.8715595219200445,2.926544787495537,2.92664953374966,2.939808192018133,0.9998562919976783,1.7901144782247582,3.1790759918129226,36.085081422399334
2.99999999999998,-1.5386723379302016,1.5386723379302016,6.022739729242155,2.454127080907212,2.4426777887787914,8.580446732765648,2.9292399582085533,2.8710653297496944,8.591852255980976,2.931186151710767,2.871559596117864,2.928935074485239,2.929087504376098,2.9385515154641,0.9997909237658301,1.7869783398837897,3.175795229505233,36.08508236272141
3.00999999999998,-1.543748594957308,1.543748594957308,6.024231351932423,2.454430962959118,2.4414459086587947,8.594614908837526,2.9316573655250924,2.8710662097014636,8.606011672880841,2.9336004623807996,2.871559673016321,2.931237724076375,2.9314475221234604,2.9372565855683797,0.9997123070169064,1.7837727005788913,3.172413380723805,36.08508333723692
3.0199999999999796,-1.5487822714201598,1.5487822714201598,6.025476620897013,2.454684627583962,2.4402539789084945,8.608392915479701,2.9340062909748,2.871067145673686,8.6197797815555,2.9359461475911814,2.871559752556612,2.9334521640225746,2.933729187958939,2.9359223894612994,0.9996202112865771,1.7804967538598433,3.1689288055266966,36.08508434521447
3.0299999999999794,-1.5537742365680818,1.5537742365680818,6.0264749834663025,2.4548879777835695,2.4391020622083976,8.62177856711394,2.9362865267398446,2.871068134996374,8.633154445861495,2.938223008190749,2.8715598346783677,2.9355787234291686,2.935932560575498,2.9345479268260237,0.9995150172050532,1.7771497212872565,3.1653398676135245,36.085085385903234
3.039999999999979,-1.5587253221894488,1.5587253221894488,6.027225943793839,2.455040925075148,2.437990203096774,8.634769786514575,2.9384978792768552,2.8710691748418617,8.646133641107026,2.9404308597732793,2.8715599193196564,2.9376170775882375,2.938057378539942,2.9331322098726083,0.9993966428203462,1.7737554551342907,3.1617005778567826,36.08508645853292
3.049999999999979,-1.5636363221898555,1.5636363221898555,6.027729062150904,2.455143389325948,2.43691842808449,8.64736460430676,2.940640169130994,2.8710702622216866,8.658715453619356,2.9425695325037533,2.871560006416992,2.9395673026989466,2.940103587713386,2.931674263339467,0.9992652717878375,1.7702928638214288,3.1579749003631865,36.085087562313944
3.0599999999999787,-1.5685079922000096,1.5685079922000096,6.027983954229997,2.4551952985923537,2.4358867457795546,8.659561158465381,2.942713230755824,2.871071393983498,8.670898080312847,2.944638870950536,2.8715600959053424,2.9414300702011005,2.942071438491695,2.930173124522472,0.9991214882176659,1.76675794839474,3.1541430420735193,36.08508869643749
3.0699999999999785,-1.573341049166188,1.573341049166188,6.02799029045756,2.455196588963409,2.434895147021176,8.671357693814988,2.9447169123389414,2.8710725668079955,8.682679828257918,2.9466387339234372,2.871560187718141,2.9432057457944794,2.943961035059526,2.92862784333191,0.9989656541910626,1.763150069988613,3.1502034474721867,36.08508986007566
3.0799999999999783,-1.5781361709592168,1.5781361709592168,6.027747795316349,2.4551472044088007,2.4339436050231225,8.682752561530977,2.9466510756333157,2.8710737772058965,8.694059114251134,2.9485689943176054,2.871560281787297,2.944894913529845,2.9457725975269127,2.9270374823775316,0.9987982718009808,1.7594686173005545,3.146154562313574,36.085091052381635
3.089999999999978,-1.582893995980206,1.582893995980206,6.027256246677742,2.455047096631293,2.4330320755261923,8.693744218642228,2.9485155957943023,2.871075021514947,8.7050344643866,2.9504295389631996,2.8715603780432097,2.9464978318593835,2.947506189680741,2.92540111708195,0.9986196070374047,1.7557374891266728,3.1419948330084666,36.08509227248985
3.099999999999978,-1.587615122764143,1.587615122764143,6.026515475144337,2.4548962249236395,2.432160496959572,8.704331227535501,2.9503103612222734,2.8710762958969624,8.715604513628794,2.952220268480791,2.871560476414787,2.9480150592577363,2.9491620319977994,2.9237178358226434,0.9984301227055887,1.751938825665039,3.1377227060043076,36.08509351951623
3.1099999999999777,-1.5923001095918394,1.5923001095918394,6.025525363403119,2.4546945560299593,2.4313287906108685,8.71451225546169,2.9520352734108193,2.8710775963349184,8.725768005386975,2.953941097142422,2.8715605768294568,2.949447499349432,2.9507405242881197,2.9219867401028305,0.9982305100804304,1.74806595699545,3.133336627147857,36.08509479255833
3.1199999999999775,-1.5969494740871344,1.5969494740871344,6.024285845589476,2.4544420640115905,2.4305368608045965,8.724286074044095,2.9536902468004484,2.8710789186300834,8.73552379109124,2.9555919527382732,2.8715606792131965,2.9507964504911013,2.952242270609778,2.920206944751475,0.9980217238457533,1.744118413494826,3.128915877943259,36.0850960906957
3.1299999999999772,-1.6015636928307875,1.6015636928307875,6.02279690666231,2.454138730117413,2.4297845950888908,8.733651558788843,2.9552752086377407,2.871080258399207,8.744870829770282,2.957172776448864,2.8715607834905468,2.952060856962509,2.953666702692758,2.9183775781527084,0.9978030767077891,1.740101935922289,3.124394896053283,36.08509741299012
3.139999999999977,-1.6061432009466738,1.6061432009466738,6.021058581790554,2.453784542658657,2.429071864430211,8.742607688597587,2.9567900988398867,2.8710816110717574,8.753808187630892,2.9586835227227146,2.871560889584639,2.953243974399824,2.955015417758323,2.9164977825049294,0.997576859411991,1.736037455381563,3.119758837953746,36.085098758485884
3.149999999999977,-1.6106883917102726,1.6106883917102726,6.0190709557512125,2.453379496888162,2.4283985234158205,8.751153545282515,2.958234869864547,2.871082971887217,8.762335037639193,2.9601241591594083,2.871560997417226,2.954343700968147,2.9562873361515103,2.914566714109862,0.9973416384099596,1.7318981805379015,3.1150062120056017,36.08510012621017
3.1599999999999766,-1.6151996161255384,1.6151996161255384,6.016834162339261,2.4529235948841257,2.4277644104637788,8.759288313083706,2.9596094865849625,2.871084335892443,8.770450659103613,2.961494666397968,2.8715611069087004,2.955362946540801,2.9574838949396383,2.912583543691837,0.9970994454289165,1.7276837861223189,3.1101355229895993,36.08510151517343
3.1699999999999764,-1.619677182515916,1.619677182515916,6.014348383789522,2.4524168454382957,2.427169348040223,8.767011278188942,2.960913926170253,2.8710856979390926,8.77815443725951,2.9627950380104777,2.8715612179781385,2.9563022583727814,2.958605354163254,2.910547456747557,0.9968506639276966,1.7233939744605653,3.1051452713973573,36.08510292436972
3.179999999999976,-1.6241213560999408,1.6241213560999408,6.011613850210726,2.4518592639486316,2.426613142883694,8.774321828255928,2.9621481779708336,2.8710870526811147,8.785445862855449,2.9640252804008687,2.8715613305433236,2.9571621927103715,2.959651984578917,2.908457653926614,0.9965956738465278,1.7190626241282425,3.100060888286622,36.08510435277719
3.189999999999976,-1.6285323585484597,1.6285323585484597,6.008630839031949,2.4512508723164075,2.4260955862362485,8.781219451936922,2.963312243408872,2.8710883945723196,8.792324531740988,2.9651854127087884,2.871561444520787,2.9579434083706975,2.960624114537155,2.9063133514430035,0.9963349166506947,1.71465836073509,3.0949407119038286,36.08510579935852
3.1999999999999758,-1.632910367555862,1.632910367555862,6.005399674461569,2.450591698847764,2.425616454081125,8.787703738405755,2.9644061358737193,2.871089717864024,8.798790144455904,2.9662754667184745,2.8715615598258486,2.9586466731251035,2.9615221331905315,2.904113781517873,0.9960688999314865,1.7101792066582808,3.0897002870798445,36.0851072630614
3.2099999999999755,-1.63725551637579,1.63725551637579,6.001920726958869,2.449881778159687,2.4251755073866996,8.793774376887269,2.965429880622246,2.871091016602776,8.804842505820766,2.9672954867725534,2.8715616763726497,2.9592728703415667,2.9623464938400508,2.9018581928537417,0.9957982022146931,1.7056253548373872,3.0843381584388023,36.085108742819045
3.2199999999999753,-1.6415678933636157,1.6415678933636157,5.998194412718481,2.4491211510904236,2.4247724923564795,8.799431156188987,2.9663835146839976,2.871092284628175,8.810481524528656,2.968245529690672,2.871561794074203,2.9598230058816646,2.96309771741745,2.8995458511404033,0.9955234779776819,1.7010343924136564,3.078852862843561,36.08511023755076
3.229999999999975,-1.6458475414983804,1.6458475414983804,5.994221193167732,2.448309864614308,2.4244071406848926,8.804673964235112,2.9672670867711104,2.8710935155707715,8.815707212737943,2.969125664692881,2.8715619128424406,2.960298215246142,2.963776396100024,2.897176039592704,0.9952454628754469,1.6963694856213463,3.0732429286327227,36.08511174616254
3.239999999999975,-1.650094457895359,1.650094457895359,5.9900015744770325,2.447447971761,2.4240791698185977,8.80950278760267,2.9680806571929055,2.871094702850065,8.820519685665959,2.969935973327701,2.8715620325882543,2.960699770961524,2.964383197053617,2.8947480595203987,0.9949649791753429,1.6916306038134556,3.0675661548324245,36.08511326754764
3.2499999999999747,-1.6543085933023383,1.6543085933023383,5.985536107083416,2.4465355315391224,2.423788283223076,8.81391771105976,2.9688242977750905,2.8710958396726083,8.824919161183352,2.970676549404757,2.871562153221555,2.961027596525651,2.964918116419157,2.8922612309302256,0.9946819031800711,1.686830309556904,3.0618334708801496,36.08511480058726
3.2599999999999745,-1.6584898515866096,1.6584898515866096,5.9808253852273285,2.445572608864298,2.4235341706542264,8.817918917105823,2.9694980917834957,2.871096919030202,8.828905959408997,2.9713474989319235,2.8715622746513207,2.961281515828904,2.9653811059279573,2.8897148931603627,0.9943960321403619,1.6819845801696873,3.055975776692771,36.08511634415122
3.2699999999999743,-1.662638089197095,1.662638089197095,5.975870046502705,2.4445592744915605,2.423316508434736,8.821506685513821,2.970102133852272,2.8710979336982074,8.83248050230522,2.971948940056881,2.871562396785657,2.961465368665477,2.9657741398568205,2.8871084055473806,0.9941099471135635,1.6770663663317085,3.0499916233445323,36.08511789709865
3.279999999999974,-1.666753114626417,1.666753114626417,5.970670771420467,2.443495604952149,2.4231349597349285,8.824681392874218,2.970636529916479,2.8710988762339693,8.835643313273192,2.9724810030130033,2.871562519531852,2.9615776198253485,2.9660964995161154,2.8844411481257866,0.9938224850796272,1.672075784990362,3.043879549534282,36.08511945827876
3.289999999999974,-1.6708346878388491,1.6708346878388491,5.965228282985493,2.4423816824946694,2.4229891748578605,8.827443512140686,2.971101397148991,2.871099738975352,8.838395016748223,2.9729438300694855,2.871562642796441,2.9616195725719625,2.966348897341953,2.881712522360237,0.9935344462696761,1.6670479260145858,3.0376775637959788,36.08512102653161
3.2999999999999736,-1.6748825196959718,1.6748825196959718,5.959543346287065,2.441217595030616,2.422878791528404,8.829793612177369,2.971496863901655,2.8711005140394024,8.840736337794812,2.973337575485638,2.87156276648527,2.9615936091283404,2.96653259413073,2.8789219519104647,0.9932473756249137,1.6619570854000414,3.031450079037842,36.08512260068894
3.3099999999999734,-1.6788962713546822,1.6788962713546822,5.9536167681029415,2.440003436084249,2.422803435186032,8.831732357307656,2.9718230696506236,2.871101193321133,8.842668101701213,2.9736624054692578,2.871562890503561,2.961497754454279,2.96664666678754,2.876068883428935,0.9929597773754663,1.6567959088095476,3.0250944618988336,36.085124179574954
3.319999999999973,-1.682875553654535,1.682875553654535,5.947449396517012,2.438739304746822,2.422762719281088,8.833260506864304,2.9720801649458086,2.871101768492439,8.844191233573254,2.973918498138988,2.8715630147559823,2.9613358228017197,2.966693107721172,2.8731527873912173,0.9926741771212253,1.6515866941434818,3.01860925395474,36.085125762007266
3.329999999999973,-1.6868199264810253,1.6868199264810253,5.941042120550617,2.4374253056351525,2.422756245574245,8.834378914740803,2.97226831136437,2.8711022310011485,8.845306757927295,2.9741060434905973,2.8715631391467182,2.961106812674013,2.9666714944679735,2.8701731589590387,0.9923897403593432,1.6463312712863623,3.01199298040523,36.08512734679775
3.3399999999999728,-1.690728898109719,1.690728898109719,5.934395869807568,2.4360615488545374,2.4227836044389237,8.835088528943864,2.9723876814681938,2.8711025720702166,8.846015798281991,2.9742252433670844,2.8715632635795467,2.9608114607329497,2.9665822838590374,2.86712951887592,0.992106836495567,1.641007956370795,3.005327988486807,36.08512893275352
3.3499999999999726,-1.6946019245399004,1.6946019245399004,5.927511614132864,2.4346481499659993,2.4228443751664024,8.835390391146968,2.9724384587652892,2.8711027826970525,8.846319576748725,2.9742763114325346,2.871563387957912,2.9604538534076354,2.9664276238086513,2.8640214143953195,0.9918281573036382,1.6356317878712343,2.998604097158463,36.08513051867784
3.3599999999999723,-1.6984384087903468,1.6984384087903468,5.920390363285169,2.4331852299578776,2.4229381262733747,8.83528563624476,2.9724208376750356,2.8711028536530128,8.846219413620448,2.9742594731496523,2.8715635121850074,2.96002863313691,2.9662049166248807,2.8608484202411004,0.9915498138312978,1.6302211329200096,2.9917489815814267,36.08513210337121
3.369999999999972,-1.7022377001979938,1.7022377001979938,5.913033166623038,2.4316729152217484,2.4230644158116887,8.834775491908317,2.9723350234972363,2.871102775483028,8.845716726958734,2.9741749657608803,2.8715636361638515,2.959541659762201,2.9659172139885146,2.857610139600179,0.991275719703994,1.6247454278930578,2.9847611500572397,36.08513368563229
3.379999999999972,-1.7059990936715483,1.7059990936715483,5.9054411128049304,2.430111337532692,2.4232227916800353,8.833861278141052,2.972181232384905,2.8711025385054043,8.84481303217884,2.974023038273046,2.871563759797377,2.9589940986346996,2.9655652118491513,2.8543062051471106,0.9910065124180136,1.6192177598588462,2.9776638487951232,36.085135264259016
3.3899999999999717,-1.7097218289450649,1.7097218289450649,5.897615329502998,2.4285006340338886,2.423412791937329,8.832544406835286,2.971959691320743,2.871102132811775,8.843509941632538,2.9738039514454444,2.871563882988511,2.9583833984260877,2.965147740294862,2.8509362801003775,0.990740233727997,1.6136624722287272,2.970574824372677,36.08513683804965
3.3999999999999715,-1.7134050897955082,1.7134050897955082,5.889556983130705,2.4268409472255708,2.4236339451175364,8.830826381329322,2.9716706380972506,2.871101548267226,8.84180916418856,2.9735179777812943,2.8715640056402685,2.9577111678718087,2.9646657288973457,2.847500059310079,0.9904778166231787,1.6080453544688533,2.963352891855125,36.08513840580393
3.4099999999999713,-1.717048003250766,1.717048003250766,5.881267278584235,2.425132424958323,2.423885770545711,8.828708795964955,2.9713143213004165,2.87110077451059,8.839712504810436,2.9731654015224978,2.8715641276558355,2.9569802737152813,2.964120746857765,2.8439972703767125,0.9902210633172757,1.6023826455549453,2.955996527375816,36.08513996632416
3.419999999999971,-1.7206496387622228,1.7206496387622228,5.872747458997752,2.423375220430743,2.424167778654996,8.826193335645382,2.970891000296945,2.8710998009549176,8.837221864131559,2.9727465186476225,2.871564248938666,2.956191293268712,2.9635132161559707,2.8404276748006643,0.9899701743798355,1.5966944953500148,2.9485115428115085,36.08514151841635
3.429999999999971,-1.7242090073716916,1.7242090073716916,5.8639988055124785,2.421569492191475,2.4244794713043603,8.8232817753934,2.970400945224971,2.8710986167881285,8.834339238027287,2.972261636873054,2.8715643693925736,2.9553448274011553,2.9628435760493077,2.836791069162023,0.9897253601382883,1.5909480874229318,2.9410600484162344,36.085143060891475
3.4399999999999706,-1.727725060845302,1.727725060845302,5.85502263705964,2.419715404145628,2.4248203420968193,8.819975979909938,2.96984443698823,2.871097210973845,8.831066717183917,2.9717110756572414,2.8715644889218237,2.9544395895935667,2.9621113198480384,2.8330872863302843,0.9894855080476035,1.5851677148441115,2.9334738366710313,36.08514459256658
3.4499999999999704,-1.7311966907897918,1.7311966907897918,5.845820310157253,2.417813125565591,2.4251898766979423,8.816277903132733,2.969221767253624,2.8710955722524223,8.82740648666442,2.9710951662079794,2.871564607431236,2.953477125949294,2.961317373618858,2.8293161967034597,0.9892514740729331,1.5793595437832881,2.925751338639462,36.085146112266095
3.45999999999997,-1.7346227277504171,1.7346227277504171,5.836393218720843,2.4158628311062786,2.425587553154372,8.812189587795322,2.968533238452169,2.8710936891421595,8.823360825470733,2.9704142514926657,2.871564724826279,2.952459533905859,2.9604629471662935,2.825477709476111,0.9890244924160735,1.5734970097116745,2.917922230115435,36.085147618822965
3.46999999999997,-1.7380019402791127,1.7380019402791127,5.826742793888011,2.413864700824802,2.4260128422121805,8.807713164986177,2.9677791637832787,2.871091549940723,8.818932106102526,2.969668686251469,2.871564841013169,2.9513875207341504,2.9595485550994014,2.8215717739357533,0.988804821480295,1.5676171487195814,2.9101101072813607,36.08514911108001
3.47999999999997,-1.7413330339956943,1.7413330339956943,5.816870503856953,2.4118189202046145,2.426465207634812,8.802850853708083,2.966959867222353,2.8710891427267597,8.814122794112336,2.9688588370133626,2.8715649558989726,2.950261818855508,2.958574730097138,2.817598380787075,0.988592730882728,1.5617027535370118,2.9021612755611383,36.08515058789112
3.4899999999999696,-1.7446146506127174,1.7446146506127174,5.80677785373896,2.409725680184149,2.426944106520403,8.797604960437743,2.96607568353165,2.8710864553617266,8.808935447656932,2.9679850821149576,2.871565069391709,2.9490831861164617,2.9575420230472798,2.8135575635033816,0.98838850171103,1.5557381785215336,2.8940741115073703,36.08515204812262
3.4999999999999694,-1.7478453669547993,1.7478453669547993,5.796466385424864,2.4075851771899712,2.4274489896182727,8.791977878685673,2.965126958274413,2.871083475491924,8.803372717044885,2.967047811722097,2.871565181400452,2.9478524060629923,2.9564510031857334,2.8094493997046355,0.9881924267816314,1.5497776523185423,2.8859425890282746,36.08515349065448
3.509999999999969,-1.751023693949161,1.751023693949161,5.785937677465574,2.4053976131744985,2.427979301644371,8.785972088556443,2.964114047832243,2.8710801905507437,8.797437344280233,2.966047427854152,2.8715652918354317,2.9465702882136737,2.955302258235815,2.8052740125614744,0.988004810899247,1.5437716545773272,2.8777706297217995,36.08515491438167
3.519999999999969,-1.7541480755999705,1.7541480755999705,5.7751933449666595,2.4031631956583097,2.4285344815954835,8.779590156309308,2.963037319425678,2.87107658776114,8.791132162602226,2.9649843444109827,2.8715654006081435,2.9452376683309964,2.9540963945470637,2.8010315722245283,0.9878259711173046,1.5377382293129933,2.869459754560416,36.0851563182155
3.5299999999999687,-1.7572168879461412,1.7572168879461412,5.7642350394971,2.400882137777092,2.42911396306199,8.772834733919364,2.9618971511379937,2.8710726541383194,8.784460096021121,2.9638589872025154,2.87156550763145,2.9438554086901485,2.952834037233116,2.7967222972783867,0.9876562369989053,1.5316980192132703,2.861008280711854,36.08515770108488
3.5399999999999685,-1.7602284380031041,1.7602284380031041,5.753064449012252,2.3985546583332744,2.42971717453899,8.765708558639338,2.9606939319421954,2.8710683764926586,8.777424158850025,2.9626717939809035,2.871565612819687,2.9424243983444844,2.951515830308156,2.792346456219527,0.9874959508779136,1.525615726168655,2.8526137171109087,36.085159061937695
3.5499999999999683,-1.7631809626841914,1.7631809626841914,5.741683297791099,2.3961809818523934,2.430343539735592,8.758214452562104,2.9594280617312028,2.8710637414328484,8.770027455232785,2.961423214475227,2.8715657160887664,2.9409455533868667,2.950142436821428,2.7879043689575194,0.9873454681197253,1.5195340880751451,2.84408157769252,36.08516039974211
3.559999999999968,-1.7660726277081216,1.7660726277081216,5.730093346387897,2.393761338644247,2.4309924778821967,8.750355322184138,2.9580999513512283,2.8710587353692802,8.762273178667996,2.9601137104287054,2.871565817356286,2.939419817206031,2.948714538989267,2.783396408338852,0.9872051573812375,1.5134286642906438,2.835408095812512,36.08516171348793
3.569999999999968,-1.768901526498446,1.768901526498446,5.718296391598295,2.3912959648689025,2.43166340403558,8.742134157970076,2.9567100226383505,2.871053344517656,8.754164611529152,2.958743755638388,2.871565916541632,2.93784816073707,2.947232838324099,2.7788230016926736,0.9870754008694966,1.507296732988758,2.8267223419724092,36.08516300218786
3.5799999999999677,-1.771665679060481,1.771665679060481,5.70629426644005,2.38878510260761,2.432355729381608,8.73355403391854,2.955258708458287,2.871047554902851,8.745705124581058,2.9573138359972986,2.871566013566082,2.936231582705082,2.945698055759799,2.7741846323978305,0.9869565945984685,1.501175679419465,2.8179708149089406,36.085164264878905
3.5899999999999674,-1.774363030859211,1.774363030859211,5.6940888401484875,2.3862289999387083,2.4330688615354146,8.724618107129494,2.9537464527493715,2.871041352363018,8.736898176492568,2.9558244495390062,2.8715661083529156,2.934569159991775,2.94410994692842,2.769481841470555,0.9868477824892495,1.4950211437364869,2.8090770944698638,36.08516550062363
3.5999999999999672,-1.7769914516729701,1.7769914516729701,5.681682018186801,2.3836279110185803,2.433802204838866,8.715329617373365,2.9521737105687675,2.871034722553926,8.727747313345846,2.9542761064846066,2.8715662008275107,2.932861510302274,2.942469050853797,2.7647152291722135,0.9867490801996234,1.4888736783210526,2.800125842621952,36.08516670851148
3.609999999999967,-1.7795487344579448,1.7795487344579448,5.669075742271393,2.380982096167754,2.434555160655165,8.705691886662176,2.9505409481419127,2.8710276509535717,8.718256168142236,2.952669329292096,2.8715662909174493,2.9311115261417147,2.9407770610675494,2.759885456636559,0.9866621926117318,1.4827149273122544,2.791156352103491,36.085167887660084
3.619999999999967,-1.7820325941913042,1.7820325941913042,5.65627199041241,2.378291821962227,2.435327127660429,8.69570831882305,2.9488486429152396,2.8710201228670202,8.708428460304964,2.9510046527081184,2.8715663785526204,2.9293203065459683,2.9390347707371904,2.7549932475159937,0.986587563296406,1.4765394579541256,2.782043747619018,36.08516903721651
3.6299999999999666,-1.7844406667165231,1.7844406667165231,5.64327277696963,2.3755573613301006,2.4361175021321007,8.685382399074298,2.947097283612181,2.87101212343152,8.698267995178886,2.9492826238220857,2.8715664636653173,2.9274889791847913,2.9372429929018837,2.750039389646397,0.986525650605207,1.4703840671430544,2.772851385432898,36.085170156358544
3.6399999999999664,-1.7867705075934002,1.7867705075934002,5.630080152723958,2.372778993653635,2.436925678234041,8.674717693604544,2.9452873702925055,2.8710036376218593,8.68777866352748,2.9475038021226503,2.871566546190338,2.925618700543742,2.935402560564917,2.7450247367301626,0.9864769278992963,1.464204099883244,2.763665083165462,36.08517124429593
3.649999999999966,-1.789019590938409,1.789019590938409,5.616696204964729,2.3699570048768246,2.4377510482981655,8.663717849155164,2.9434194144150037,2.870994650256001,8.676964441027375,2.9456687595565416,2.8715666260650816,2.9237042037147902,2.9335110667793955,2.7399502100371724,0.9864373510196568,1.4580451499013898,2.7543347310240875,36.08517230027157
3.659999999999966,-1.791185308281032,1.791185308281032,5.603123057593017,2.3670916876185886,2.4385930031024947,8.65238659260649,2.941493938903579,2.870985146000962,8.665829387760699,2.9437780805897544,2.871566703229642,2.921752129583954,2.9315721261630117,2.7348168001235296,0.9864112291029657,1.45188000299211,2.744924508472354,36.08517332356275
3.6699999999999657,-1.7932649674201355,1.7932649674201355,5.589362871241262,2.364183341291716,2.439450932145491,8.640727730568141,2.93951147821677,2.870975109378975,8.654377647705545,2.9418323622710973,2.8715667776269025,2.9197641024082928,2.9295868243672194,2.7296255685680038,0.9863993474715129,1.4457145030630605,2.735522515427991,36.08517431348229
3.6799999999999655,-1.7952557912856952,1.7952557912856952,5.57541784340945,2.361232272227671,2.440324223916552,8.628745148973973,2.937472578420771,2.870964524773902,8.64261344822489,2.9398322142981037,2.8715668492026265,2.91774077225991,2.9275557602696765,2.7243776497262657,0.9864018018422647,1.4395716368539422,2.7259755927981106,36.085175269379675
3.6899999999999653,-1.7971549168332344,1.7971549168332344,5.56129020861816,2.3582387938073954,2.441212266162549,8.616442812682063,2.9353777972659776,2.870953376437925,8.630541099554373,2.9377782590853196,2.871566917905542,2.9156757379182197,2.925475975540326,2.719074252503128,0.9864137183296624,1.4334132316540982,2.716369908007696,36.08517619064218
3.699999999999965,-1.7989593939310515,1.7989593939310515,5.546982238578738,2.3552032265982352,2.4421144461503053,8.603824765080232,2.933227704267132,2.8709416484985044,8.618164994289272,2.93567113183498,2.8715669836874294,2.913577939664034,2.9233522687121924,2.713716662143209,0.9864410084201569,1.4272949140498394,2.7067536159740753,36.08517707669589
3.709999999999965,-1.8006661842903324,1.8006661842903324,5.5324962423809865,2.3521258984971416,2.4430301509248977,8.590895127697584,2.9310228807871126,2.870929324965613,8.605489606871101,2.933511480610073,2.8715670465032055,2.91144870920279,2.9211855995158915,2.708306242040568,0.9864842313861227,1.4211700570748784,2.696991659361459,36.08517792700686
3.7199999999999647,-1.8022721604063627,1.8022721604063627,5.517834566698653,2.3490071448802903,2.4439587675636862,8.577658099822665,2.928763920124438,2.8709163897392282,8.592519493074338,2.9312999664098416,2.871567106310995,2.9092797175380256,2.918972052570298,2.702844435568147,0.9865371309892866,1.4150653724506737,2.687212452548866,36.085178741081904
3.7299999999999645,-1.8037741045333777,1.8037741045333777,5.502999596013095,2.3458473087592666,2.444899683425985,8.564117958128652,2.9264514276045404,2.8709028266171215,8.579259289493628,2.9290372632477086,2.871567163072216,2.907080626603765,2.9167168074691716,2.6973327679279846,0.9866061172071412,1.4089812607475067,2.677383881497409,36.08517951846973
3.7399999999999642,-1.8051687077027718,1.8051687077027718,5.487993752855504,2.3426467409439913,2.4458522863982735,8.550279056306284,2.924086020674885,2.870888619302898,8.56571371303205,2.926724058231669,2.871567216751644,2.904850932413327,2.9144199133248025,2.6917728480235157,0.9866904374863855,1.4028981418833044,2.6674091604918204,36.08518025876177
3.749999999999964,-1.8064525687642679,1.8064525687642679,5.472819498068047,2.339405800212534,2.4468159651348724,8.536145824705004,2.9216683290039964,2.8708737514143245,8.551887560390911,2.9243610516471645,2.8715672673174835,2.902585337671983,2.9120790039427957,2.6861663703554837,0.9867859437404535,1.3968618200734464,2.6574783997361675,36.085180961593004
3.759999999999964,-1.8076221934897758,1.8076221934897758,5.457479331084343,2.336124853488003,2.447790109294017,8.521722769982972,2.9191989945844687,2.8708582064919317,8.537785707561584,2.921948957042471,2.8715673147414327,2.900293913351048,2.909699481688403,2.680515116943313,0.9868993298422333,1.3908228519066654,2.647440604783884,36.08518162664284
3.7699999999999636,-1.808673993710855,1.808673993710855,5.441975790229681,2.3328042760226757,2.448774109769231,8.507014474766518,2.9166786718400295,2.8708419680078836,8.523413109319977,2.9194885013166223,2.87156735899874,2.8979673877303527,2.907276984886781,2.6748209592741485,0.987023626924359,1.3848262656575545,2.6372947937437408,36.08518225363581
3.7799999999999634,-1.8096042865324649,1.8096042865324649,5.426311453041396,2.3294444515895623,2.449767358915967,8.492025597319698,2.9141080277367375,2.870825019375131,8.50877479872413,2.916980424809897,2.8715674000682645,2.8956151420060525,2.904816578501898,2.6690858602820753,0.9871650327011628,1.3788457794365234,2.6271967811956167,36.085182842342256
3.789999999999963,-1.8104092935882559,1.8104092935882559,5.410488936609813,2.326045772681572,2.4507692507734347,8.476760871224542,2.9114877418983824,2.8708073439568307,8.493875886615601,2.9144254813969086,2.871567437932522,2.8932315175058423,2.902315738043919,2.6633118763604817,0.9873191128095408,1.3728886664605555,2.6169543002958897,36.085183392579076
3.799999999999963,-1.8110851403818597,1.8110851403818597,5.394510897940237,2.3226086407185,2.4517791812815606,8.46122510507267,2.9088185067261705,2.8707889250760448,8.478721561125129,2.9118244385823004,2.871567472577737,2.8908220744585695,2.8997776100751915,2.6575011594109252,0.9874893554417659,1.3669733194496294,2.6066979696394523,36.085183904210126
3.8099999999999627,-1.8116278556970509,1.8116278556970509,5.378380034336397,2.3191334662619996,2.452796548493049,8.445423182168872,2.9061010275227654,2.870769746025708,8.463317087183258,2.909178077599111,2.8715675039938797,2.8883826443594667,2.8972004353408334,2.651655958932324,0.9876723607308427,1.3610641918920194,2.596400909306531,36.085184377146945
3.8199999999999625,-1.812033371095808,1.812033371095808,5.362099083805739,2.3156206692387546,2.453820752780488,8.429360060247348,2.903336022620762,2.870749790078867,8.447667806036478,2.906487193509801,2.8715675321747027,2.885919715381518,2.894587840215228,2.6457786241548136,0.9878722649924143,1.355218889608733,2.585964833267707,36.08518481134903
3.8299999999999623,-1.8122975205018614,1.8122975205018614,5.345670825487117,2.3120706791720527,2.454851197038463,8.413040771201182,2.9005242235156703,2.8707290404991896,8.431779134769474,2.903752595309985,2.8715675571177752,2.8834258425457073,2.89193642494249,2.6398716062231493,0.9880833254213711,1.3493851020292096,2.5756178621362245,36.085185206824335
3.839999999999962,-1.8124160398921971,1.8124160398921971,5.329098080101171,2.3084839354219406,2.4558872868806576,8.396470420825738,2.897666375003468,2.8707074805517405,8.415656565834139,2.9009751060348896,2.8715675788245054,2.8809106146457624,2.889251392283008,2.6339374604351002,0.9883118678513115,1.3435954369653762,2.5651299481108802,36.085185563629565
3.849999999999962,-1.812384567095188,1.812384567095188,5.312383710423929,2.3048608874341916,2.4569284308319053,8.379654188576561,2.8947632353228063,2.8706850935140245,8.399305666585896,2.8981555628685456,2.8715675973001633,2.8783663224561704,2.8865292229645148,2.6279788485409563,0.988551937976766,1.3378432309926074,2.55462737676973,36.08518588187037
3.8599999999999617,-1.8121986416971345,1.8121986416971345,5.295530621783956,2.3012019949982565,2.4579740405151806,8.36259732734239,2.8918155763019175,2.8706618626872897,8.382732078827933,2.895294817255737,2.8715676125538945,2.8757981052078083,2.8837728868639134,2.621998541110913,0.9888066935562692,1.3321154471918386,2.5440982667613716,36.08518616170165
3.8699999999999615,-1.8118537050905155,1.8118537050905155,5.278541762583477,2.297507728514417,2.459023530833509,8.34530516323388,2.8888241835102875,2.870637771408095,8.365941518363966,2.892393735016719,2.871567624598728,2.8732080037301255,2.88098379640544,2.615999419977871,0.9890770859445687,1.3264508841382385,2.533452624747735,36.08518640332752
3.8799999999999613,-1.8113451006473646,1.8113451006473646,5.261420124843808,2.2937785692703225,2.4600763201467912,8.327783095388577,2.8857898564151507,2.870612803060127,8.348939774559998,2.8894531964646872,2.8715676334515807,2.870589697356846,2.878159155082465,2.6099844807639565,0.9893581094316198,1.3208049106756221,2.522889440175281,36.085186607001404
3.889999999999961,-1.8106680740429584,1.8106680740429584,5.244168744775472,2.2900150097271137,2.461131830443535,8.31003659579264,2.882713408542833,2.8705869410862803,8.331732709915695,2.8864740965260185,2.8715676391332523,2.8679481847946273,2.8753018808970454,2.603956835499959,0.9896528003552181,1.3152199264855222,2.5121914140982975,36.08518677302605
3.899999999999961,-1.809817773735755,1.809817773735755,5.226790703373203,2.2862175538152973,2.4621894875074983,8.292071209119886,2.8795956676450056,2.870560169000981,8.314326259645819,2.883457344863249,2.871567641668417,2.8652843611937264,2.872412829128781,2.5979197153477838,0.9899612677412193,1.309671075714246,2.501528949465498,36.08518690175326
3.9099999999999606,-1.8087892516224966,1.8087892516224966,5.209289127036201,2.2823867172405734,2.4632487210792577,8.27389255258844,2.8764374758698374,2.8705324704027584,8.296726431272177,2.880403866000769,2.871567641085609,2.862597743404826,2.8694921675746414,2.5918764734370243,0.9902826287693126,1.304161805756094,2.490809511547487,36.08518699358385
3.9199999999999604,-1.8075774638569282,1.8075774638569282,5.191667188213763,2.278523027799755,2.4643089650126924,8.25550631583556,2.873239689938095,2.8705038289870575,8.27893930422656,2.8773145994532054,2.8715676374171997,2.8598858904041635,2.8665390856636157,2.585830587827853,0.9906145911722887,1.2987157549560178,2.480043673915495,36.085187048967214
3.92999999999996,-1.8061772718773192,1.8061772718773192,5.1739281060764455,2.27462702570695,2.465369657426433,8.236918260810809,2.8700031813241615,2.8704742285592877,8.26097102946497,2.8741904998564327,2.871567630699367,2.8571496723557677,2.863554448704406,2.5797856646135626,0.9909572122263044,1.2932968373190568,2.469312885634308,36.08518706840108
3.93999999999996,-1.804583443624031,1.804583443624031,5.156075147212859,2.2706992639301355,2.4664302408502734,8.218134221687906,2.8667288364419656,2.870443653048107,8.242827829093462,2.8710325371011494,2.8715676209720646,2.854390366584456,2.8605393341703174,2.573745441177373,0.9913108298145069,1.2879498544551313,2.4584620098432692,36.08518705243101
3.9499999999999598,-1.802790654980216,1.802790654980216,5.13811162635211,2.2667403085382563,2.4674901623665746,8.199160104795451,2.8634175568357914,2.8704120865189267,8.224515996005845,2.8678416964689397,2.871567608278978,2.851607561857609,2.8574939769814724,2.5677137896194573,0.9916745642185489,1.2826427928410644,2.447731191080467,36.08518700164987
3.9599999999999596,-1.800793491439841,1.800793491439841,5.120040907111746,2.2627507390589328,2.4685488737467183,8.180001888566533,2.860070259375901,2.8703795131876437,8.206041893533412,2.8646189787707215,2.8715675926674757,2.8488008726994867,2.8544186331899977,2.5616947203715985,0.9920475408026549,1.2773839354194614,2.4368807857768418,36.085186916697204
3.9699999999999593,-1.7985864500112727,1.7985864500112727,5.101866402771116,2.2587311488468735,2.4696058315826095,8.160665623507345,2.856687876458915,2.8703459174345793,8.187411955106729,2.861365400487454,2.8715675741885582,2.845969939479425,2.851313580161733,2.55569238601849,0.9924288896757254,1.2721940833449448,2.426095663908933,36.085186798258576
3.979999999999959,-1.7961639413847286,1.7961639413847286,5.083591577069818,2.25468214546304,2.470660497413304,8.141157432184587,2.853271356212827,2.8703112838186327,8.168632683929514,2.858081993912966,2.8715675528967934,2.843114428602448,2.8481791168071204,2.549711085346378,0.992817745435161,1.2670398684507174,2.415264352141395,36.085186647064766
3.989999999999959,-1.7935202923593603,1.7935202923593603,5.065219945030868,2.250604351064591,2.4717123378467796,8.121483509231497,2.849821662706545,2.8702755970916325,8.149710652664426,2.8547698072987298,2.8715675288502482,2.840234032803982,2.845015563862073,2.5437552676415995,0.9932132469939844,1.26196084295861,2.4044391017077964,36.0851864638909
3.9999999999999587,-1.7906497485623296,1.7906497485623296,5.046755073808061,2.2464984028055888,2.472760824676934,8.101650121372145,2.846339776163792,2.870238842212885,8.130652503130552,2.8514299050003933,2.871567502110419,2.837325686850657,2.8418218650844675,2.5378295372635837,0.9936125378003701,1.256932570064632,2.393641332963299,36.085186249555505
4.009999999999959,-1.7875464774541985,1.7875464774541985,5.0282005835568935,2.2423649532484435,2.473805434995826,8.08166360746351,2.8428266931811916,2.8702010043639,8.111464946012216,2.848063367625836,2.871567472742142,2.834390313448603,2.8385989778906153,2.531938658519031,0.9940156052531499,1.251952954813144,2.3827957794934327,36.08518600491945
4.019999999999959,-1.7842045716530341,1.7842045716530341,5.009560148328231,2.238204670785992,2.474845651301261,8.061530378554686,2.839283426950308,2.8701620689633125,8.092154760578566,2.844671292184488,2.8715674408135157,2.8314285650595883,2.8353477322723144,2.526087560866348,0.9944222293198632,1.2470557363669186,2.372047157630015,36.0851857308849
4.0299999999999585,-1.7806180525756816,1.7806180525756816,4.990837496983764,2.234018240074097,2.475880961599747,8.041256917962428,2.835711007483384,2.870122021681955,8.07272879441331,2.841254792237632,2.871567406395795,2.8284373503897027,2.8320670875432756,2.520281344481976,0.994829481713665,1.2422027007119838,2.3612018815100564,36.08518542839404
4.039999999999958,-1.7767808744307065,1.7767808744307065,4.972036414132114,2.229806362474579,2.476910859504922,8.020849781362083,2.832110481842487,2.8700808484581066,8.053193963153744,2.8378149980493346,2.871567369563301,2.8254155247954005,2.828756990919594,2.514525286223006,0.9952358118831518,1.2374189649352076,2.3505184826656014,36.08518509842779
4.049999999999958,-1.7726869285500793,1.7726869285500793,4.953160741084255,2.225569756508264,2.477934844331502,8.00031559689271,2.828482914371715,2.870038535512883,8.033557250238077,2.834353056737653,2.8715673303933054,2.8223625542483792,2.825417705899618,2.5088248460235016,0.9956400912023199,1.232705519155465,2.3397478054217515,36.08518474200449
4.059999999999958,-1.7683300480996653,1.7683300480996653,4.934214376826745,2.2213091583178475,2.4789524211848324,7.979661065275039,2.824829386932074,2.8699950693657788,8.013825706659844,2.83087013242569,2.8715672889659203,2.8192776393371037,2.8220493725871956,2.503185673765232,0.996040979589956,1.2280413993819141,2.329092951707111,36.08518436017841
4.069999999999958,-1.763704013168327,1.763704013168327,4.915201279010978,2.217025322140227,2.479963101046136,7.958892959940704,2.821150999138597,2.8699504368503357,7.99400645072803,2.827367406392036,2.871567245363977,2.8161559511487075,2.8186501208574244,2.497613616667085,0.9964342111901655,1.2234628285904219,2.3184150370006726,36.08518395403822
4.079999999999957,-1.758802556253003,1.758802556253003,4.8961254649565085,2.2127190207878877,2.4809664008535153,7.938018127170923,2.817448868599202,2.8699046251299407,7.9741066678312515,2.8238460772200833,2.8715671996728998,2.812998464233414,2.8152210017725783,2.492114727241347,0.9968196811087043,1.2189468088047672,2.3078089003107385,36.08518352470539
4.089999999999957,-1.7536193681535688,1.7536193681535688,4.876991012666218,2.208391046138844,2.4819618435788176,7.917043486242592,2.813724131154757,2.8698576217137286,7.954133610204173,2.8203073609456424,2.871567151980572,2.8098028391228245,2.8117614149255674,2.48669527186927,0.9971948730507763,1.2144853770749802,2.297242633498722,36.08518307333251
4.099999999999957,-1.7481481042876506,1.7481481042876506,4.857802061850806,2.204042209634563,2.482948958300449,7.895976029579481,2.809977941119731,2.8698094144725914,7.934094596694071,2.8167524912022484,2.871567102377199,2.8065671843049005,2.8082709953442633,2.4813617400530155,0.9975575704019678,1.2101209935119086,2.28670501459119,36.08518260110152
4.109999999999957,-1.7423823914524288,1.7423823914524288,4.838562814959883,2.199673342785215,2.483927280272218,7.874822822905959,2.8062114715227646,2.869759991655276,7.9139970125251615,2.8131827193634544,2.8715670509551625,2.803287108317458,2.8047481368795704,2.476120854406146,0.9979037254186817,1.2058162006074191,2.276269817529821,36.08518210922183
4.119999999999957,-1.7363158350190153,1.7363158350190153,4.819277538216571,2.1952852976815045,2.4848963509883286,7.85359100540037,2.8024259143464203,2.8697093419045605,7.8938483090581055,2.8095993146813845,2.87156699780887,2.799963606825804,2.801193942550152,2.4709795814503988,0.9982331589571417,1.2015732771075234,2.265819954915782,36.0851815989285
4.129999999999956,-1.7299420265903849,1.7299420265903849,4.799950562652274,2.190878947512225,2.485855718244593,7.832287789844977,2.7986224807653097,2.8696574542734927,7.873656003541778,2.8060035644207186,2.8715669430345976,2.796591367209724,2.797606366980605,2.4659451432925765,0.9985411071337106,1.197430088742144,2.255535585114289,36.085181071480136
4.139999999999956,-1.7232545521394342,1.7232545521394342,4.780586285137905,2.1864551870866014,2.4868049361960036,7.810920462768898,2.7948024013816966,2.8696043182416893,7.853427678854072,2.802396773987237,2.8715668867303337,2.7931698513622276,2.793985766271521,2.4610250302620957,0.9988262332777097,1.1933505541710263,2.2452069061121565,36.08518052815697
4.149999999999956,-1.716247000609341,1.716247000609341,4.7611891694076105,2.1820149333603585,2.487743565410726,7.789496384580338,2.790966926457628,2.86954992373167,7.833170983228285,2.7987802670499673,2.8715668289956047,2.789695352219887,2.7903309207290588,2.456227014597041,0.9990848832303285,1.189336586154213,2.235078296756528,36.085179970258594
4.159999999999956,-1.708912973015522,1.708912973015522,4.741763747070561,2.1775591259643354,2.488671172920661,7.768022989683975,2.787117326142546,2.8694942611252174,7.812893629961191,2.7951553856559013,2.8715667699313094,2.786166812649707,2.78664194716244,2.4515591652746864,0.9993152962008512,1.185427232204296,2.224931708022533,36.08517939910189
4.1699999999999555,-1.701246092029357,1.701246092029357,4.722314618606133,2.1730887277343585,2.489587332268663,7.74650778657902,2.7832548906952486,2.8694373212797584,7.792603397098679,2.791523490336178,2.8715667096395383,2.7825815501464333,2.78291815904089,2.4470298640912675,0.9995145109938565,1.1815873095072011,2.2149352652694354,36.085178816018754
4.179999999999955,-1.6932400120755948,1.6932400120755948,4.7028464543374,2.1686047252409555,2.4904916235525265,7.7249583579331285,2.77938093069898,2.8693790955447334,7.772308127094445,2.787885960202541,2.871566648223394,2.778938230598934,2.7791595540997434,2.442647823105586,0.9996805202316588,1.1778187239998288,2.204990769502112,36.085178222353726
4.189999999999955,-1.6848884299224014,1.6848884299224014,4.683363995377405,2.164108129317342,2.4913836334658725,7.703382360627016,2.775496777268353,2.8693195757779635,7.7520157264368725,2.784244193032801,2.871566585786806,2.775235954140542,2.7753663564831452,2.438422103571737,0.9998116103149027,1.1741503757491387,2.1951423538458603,36.0851776194617
4.199999999999955,-1.6761850957812667,1.6761850957812667,4.663872054542446,2.1595999755840074,2.492262955336032,7.681787525764194,2.7716037822466966,2.8692587543619767,7.731734165238916,2.7805996053439475,2.8715665224343385,2.7714751508363458,2.771539464297368,2.4343621364981334,0.999907013013291,1.1705648447280357,2.1854195542749197,36.08517700870549
4.209999999999955,-1.6671238249230125,1.6671238249230125,4.644375517226041,2.155081324968049,2.493129189159052,7.6601816586399165,2.7677033183923303,2.869196624220296,7.711471476785399,2.7769536324514674,2.8715664582709985,2.7676580745683745,2.7676806962025573,2.430477744983018,0.999967267098632,1.1670566513933212,2.175733596809025,36.08517639145333
4.2199999999999545,-1.6576985097818777,1.6576985097818777,4.624879342226975,2.150553264215275,2.493981941631956,7.638572638663012,2.763796779552182,2.869133178833664,7.691235757031793,2.773307728513335,2.871566393402035,2.763790369380526,2.7637935744607747,2.4267791684910995,0.9999953587974201,1.1636387041416216,2.1662514849736216,36.08517576907634
4.229999999999954,-1.6479031325790288,1.6479031325790288,4.605388562524359,2.146016906392948,2.494820826182352,7.616968419223941,2.759885580821049,2.869068412256194,7.671035164048191,2.7696633665570607,2.871566327932742,2.759885580821049,2.759885580821049,2.423277089251842,1.0,1.1603228941530062,2.1567756872031794,36.08517514294607
4.239999999999954,-1.637731778431179,1.637731778431179,4.585908285992242,2.14147339138086,2.495645462995545,7.595377027501974,2.7559711586847158,2.8690023191314236,7.65087791740178,2.7660220384880847,2.871566261968248,2.7559711586847158,2.7559711586847158,2.419982660977541,1.0,1.1570906918816821,2.147517609400019,36.08517451443173
4.249999999999954,-1.627178648950188,1.627178648950188,4.566443696045933,2.1369238863483027,2.4964554790392453,7.573806564204066,2.752054971145029,2.868934894708268,7.630772297470803,2.7623852550777204,2.871566195613314,2.752054971145029,2.752054971145029,2.4169075401187365,1.0,1.1539444367113827,2.1383125050788756,36.085173884897685
4.259999999999954,-1.6162380763142101,1.6162380763142101,4.547000052211767,2.1323695862143053,2.497250508086021,7.552265203227617,2.748138497824958,2.8688661348568334,7.610726644682601,2.7587545459287606,2.87156612897212,2.748138497824958,2.748138497824958,2.4140639198960425,1.0,1.1509030546653642,2.1292463128195487,36.08517325570068
4.269999999999953,-1.6049045378071138,1.6049045378071138,4.527582690611684,2.127811714088369,2.4980301907336093,7.530761191238876,2.7442232400515225,2.868796036084108,7.590749358668029,2.755131459416779,2.8715660621480525,2.7442232400515225,2.7442232400515225,2.4114645673712483,1.0,1.1479631942479316,2.120328887577176,36.08517262818722
4.279999999999953,-1.5931726707935085,1.5931726707935085,4.508197024353606,2.1232515216887533,2.4987941744232067,7.509302847158537,2.740310720914425,2.8687245955494682,7.570848897324103,2.7515175626050623,2.8715659952434893,2.740310720914425,2.740310720914425,2.409122863846904,1.0,1.1451160268395109,2.111463081866257,36.08517200369071
4.289999999999953,-1.5810372881231358,1.5810372881231358,4.488848543818217,2.118690289735198,2.4995421134558846,7.4878985615455775,2.7364024852980924,2.86865181108003,7.551033775776559,2.747914441131048,2.8715659283595842,2.7364024852980924,2.7364024852980924,2.4070528489127887,1.0,1.1423641221864356,2.102849068081617,36.0851713835288
4.299999999999953,-1.5684933939251386,1.5684933939251386,4.46954281683248,2.1141293283128353,2.500273669007225,7.466556795870184,2.732500099884753,2.868577681185787,7.531312565233556,2.7443236990620394,2.871565861596049,2.732500099884753,2.732500099884753,2.405269268489961,1.0,1.1397192155670282,2.0942807803911085,36.085170769000584
4.3099999999999525,-1.5555361997868224,1.5555361997868224,4.450285488719757,2.1095699772038277,2.5009885091403388,7.445286081666283,2.7286051531260953,2.868502205074539,7.511693891721602,2.7407469587179336,2.871565795050931,2.7286051531260953,2.7286051531260953,2.4037876272589362,1.0,1.137188859936354,2.0858940596591315,36.08517016138371
4.319999999999952,-1.542161141257756,1.542161141257756,4.4310822822163285,2.105013606183183,2.5016863088173533,7.4240950195538975,2.724719255180962,2.868425382666592,7.492186434694394,2.7371858604585833,2.8715657288203964,2.724719255180962,2.724719255180962,2.4026242458982034,1.0,1.134761113054283,2.0776545070386567,36.085169561931686
4.329999999999952,-1.5283638946647244,1.5283638946647244,4.411938997243586,2.1004616152749818,2.502366749909537,7.4029922781213395,2.720844037816453,2.868347214609203,7.472798925505185,2.7336420624334097,2.871565662998508,2.720844037816453,2.720844037816453,2.4017963236033086,1.0,1.1324388221305646,2.0694815522843193,36.085168971870985
4.339999999999952,-1.5141403941975193,1.5141403941975193,4.39286151052521,2.095915434965163,2.5030295212061446,7.381986592657092,2.71698115426977,2.868267702290746,7.453540145733006,2.730117240290791,2.8715655976770025,2.71698115426977,2.71698115426977,2.401322006405455,1.0,1.1302249265857374,2.061583063984851,36.085168392398266
4.349999999999952,-1.499486849208095,1.499486849208095,4.373855775038262,2.091376526366848,2.5036743184221386,7.361086763720954,2.713132279068043,2.868186847854603,7.434418925352938,2.7266130868447283,2.8715655329450733,2.713132279068043,2.713132279068043,2.40122046186259,1.0,1.1281289642705377,2.0537564411960254,36.08516782467753
4.3599999999999515,-1.4843997616922486,1.4843997616922486,4.354927819287089,2.0868463813340665,2.504300844204891,7.34030165554403,2.7092991078033504,2.8681046542127304,7.415444140740577,2.723131311696257,2.871565468889146,2.7092991078033504,2.7092991078033504,2.401511960755767,1.0,1.1261585822132036,2.0460790897871166,36.08516726983729
4.369999999999951,-1.4688759438910075,1.4688759438910075,4.3360837463888435,2.0823265225196654,2.504908808139998,7.319640194247014,2.7054833568601033,2.8680211250589034,7.396624712500729,2.71967364080706,2.871565405592665,2.7054833568601033,2.7054833568601033,2.4022179664897565,1.0,1.1243049885926706,2.038614014156574,36.08516672896781
4.379999999999951,-1.4529125359661503,1.4529125359661503,4.3173297329593785,2.07781850337304,2.505497926756319,7.299111365866226,2.701686763091944,2.8679362648816094,7.377969603110406,2.7162418160227206,2.8715653431358708,2.701686763091944,2.701686763091944,2.403361232970138,1.0,1.1225714962085989,2.031235252354829,36.0851662031183
4.389999999999951,-1.4365070236896826,1.4365070236896826,4.2986720277883075,2.073323908073292,2.50606792353037,7.278724214176904,2.6979110834452835,2.8678500789765673,7.359487814366258,2.712837594543075,2.8715652815955837,2.6979110834452835,2.6979110834452835,2.404965911810007,1.0,1.1209615409165385,2.024056482590392,36.085165693294094
4.399999999999951,-1.4196572560732748,1.4196572560732748,4.2801169502921965,2.068844351393356,2.506618528890173,7.258487838303341,2.6941580945266264,2.8677625734588656,7.341188384626644,2.709462748337139,2.871565221044994,2.6941580945266264,2.6941580945266264,2.4070576698087125,1.0,1.1194786901858522,2.0170564994940623,36.085165200454014
4.40999999999995,-1.4023614628861052,1.4023614628861052,4.261670888734896,2.0643814784905663,2.507149480218699,7.238411390105719,2.6904295921108434,2.8676737552746823,7.323080385838866,2.706119063500138,2.8715651615534465,2.6904295921108434,2.6904295921108434,2.409663817743445,1.0,1.1181266527176783,2.0101563140539436,36.085164725507575
4.41999999999995,-1.3846182719880122,1.3846182719880122,4.243340298204445,2.059936964619171,2.5076605218569905,7.218504071333657,2.6867273905876004,2.8675836322125714,7.305172920342208,2.7028083395502183,2.871565103186234,2.6867273905876004,2.6867273905876004,2.4128134516226107,1.0,1.1169110261741202,2.0034722281724378,36.085164269312315
4.42999999999995,-1.3664267263904202,1.3664267263904202,4.22513169833617,2.0555125147602897,2.5081514051070997,7.198775130536834,2.683053322343191,2.8674922129143106,7.287475117437872,2.699532388662502,2.871565046004393,2.683053322343191,2.683053322343191,2.416537607668499,1.0,1.1158415136317716,1.9969644337332146,36.085163832671256
4.43999999999995,-1.3477863009843571,1.3477863009843571,4.207051670772114,2.051109863164846,2.508621888234932,7.179233859723549,2.6794092370751335,2.8673995068852656,7.2699961297172875,2.696293034838255,2.8715649900645017,2.6794092370751335,2.6794092370751335,2.420869432426339,1.0,1.1149136392133603,1.990568701216496,36.08516341633018
4.4499999999999496,-1.328696918862002,1.328696918862002,4.189106856347426,2.0467307728051156,2.5090717364731114,7.159889590758481,2.6757970010369774,2.8673055245042636,7.252745129140787,2.6930921130070518,2.8715649354184842,2.6757970010369774,2.6757970010369774,2.4258443695377796,1.0,1.114131760893608,1.9843686546896047,36.085163020975244
4.459999999999949,-1.3091589671061794,1.3091589671061794,4.171303951994917,2.0423770347305896,2.509500722023969,7.140751691491506,2.672218496210874,2.867210277032957,7.235731302859226,2.689931468059963,2.871564882113419,2.672218496210874,2.672218496210874,2.431500364869434,1.0,1.1135004502923815,1.9783749932594212,36.08516264723042
4.469999999999949,-1.2891733120335065,1.2891733120335065,4.153649707359716,2.0380504673240347,2.50990862406275,7.12182956161022,2.6686756194056667,2.8671137766246497,7.218963848771831,2.6868129538119754,2.871564830191354,2.6686756194056667,2.6686756194056667,2.4378780918510947,1.0,1.1130245132147463,1.972504189449038,36.085162295655124
4.479999999999949,-1.2687413137314214,1.2687413137314214,4.136150921116817,2.0337529154537966,2.5102952287411338,7.103132628209391,2.6651702812783635,2.867016036332572,7.202451970814328,2.6837384318920368,2.871564779689125,2.6651702812783635,2.6651702812783635,2.445021199052964,1.0,1.11270901306298,1.9667710758581913,36.085161966741936
4.489999999999949,-1.247864839857274,1.247864839857274,4.118814436985056,2.029486249518596,2.510660329191174,7.084670341071633,2.661704405277121,2.8669170701175726,7.186204873972243,2.6807097705593277,2.8715647306381853,2.661704405277121,2.661704405277121,2.452976582215184,1.0,1.1125592975189267,1.9613078337779382,36.08516166091432
4.4999999999999485,-1.2265462785736259,1.2265462785736259,4.101647139432237,2.0252523643813474,2.511003725529731,7.066452167654402,2.6582799265040546,2.8668168928552227,7.170231759015312,2.6777288434446294,2.8715646830644372,2.6582799265040546,2.6582799265040546,2.461794683133672,1.0,1.1125810290383193,1.9559765356461727,36.08516137852446
4.509999999999948,-1.204788550554315,1.204788550554315,4.0846559490671295,2.02105317818882,2.511325224863492,7.04848758777951,2.6548987904964494,2.8667155203423027,7.154541816949868,2.6747975282158962,2.871564636988075,2.6548987904964494,2.6548987904964494,2.4715298179996594,1.0,1.1127802197428474,1.9507805550980704,36.08516111985129
4.519999999999948,-1.1825951199554852,1.1825951199554852,4.067847817715235,2.0168906310742867,2.5116246412946586,7.030786088022566,2.651562951925254,2.866612969302641,7.139144223187333,2.671917705167458,2.871564592423436,2.651562951925254,2.651562951925254,2.4822405379803794,1.0,1.1131632714336521,1.9457645714766358,36.085160885098446
4.529999999999948,-1.1599700042667145,1.1599700042667145,4.051229723176626,2.0127666837407228,2.511901795927376,7.013357155800822,2.648274373210001,2.866509257392312,7.124048131428105,2.669091255732577,2.87156454937886,2.648274373210001,2.648274373210001,2.493990025006056,1.0,1.1137370215642541,1.9409810221826103,36.085160674392505
4.539999999999948,-1.1369177829740629,1.1369177829740629,4.034808663665424,2.0086833159225033,2.5121565168749806,6.996210273159435,2.6450350230496826,2.866404403204144,7.109262667261473,2.666320060919445,2.871564507856557,2.6450350230496826,2.6450350230496826,2.5068465258809667,1.0,1.1145087961544116,1.9363393743015809,36.08516048778126
4.549999999999947,-1.1134436049105831,1.1134436049105831,4.018591651932057,2.0046425247240607,2.5123886392681363,6.979354910257343,2.641846874869424,2.8662984262715328,7.094796921483596,2.663605999671047,2.8715644678524885,2.641846874869424,2.641846874869424,2.520883827945713,1.0,1.1154864708640555,1.9318422747802309,36.0851603252321
4.559999999999947,-1.0895531942494023,1.0895531942494023,4.002585709070951,2.000646322834436,2.5125980052639147,6.962800518555591,2.6387119051832073,2.866191347071542,7.080659943137027,2.660950947149727,2.8715644293562557,2.6387119051832073,2.6387119051832073,2.5361817795586448,1.0,1.1166785416169551,1.9274942358457234,36.08516018663063
4.569999999999947,-1.0652528550457208,1.0652528550457208,3.986797858017955,1.9966967366172448,2.512784464055886,6.946556523712407,2.6356320918732963,2.8660831870272614,7.066860732276831,2.6583567729476854,2.8715643923510052,2.6356320918732963,2.6356320918732963,2.552826858601578,1.0,1.118101757498102,1.9234061826371804,36.08516007177932
4.579999999999947,-1.040549474248045,1.040549474248045,3.971235116743509,1.99279580407615,2.5129478718852765,6.930632318190957,2.632609412387443,2.8659739685094126,7.053408232469959,2.6558253392250704,2.8715643568133418,2.632609412387443,2.632609412387443,2.5709127920001933,1.0,1.1197634088962223,1.9194662849823323,36.08515998039638
4.589999999999947,-1.0154505231100432,1.0154505231100432,3.9559044911493255,1.9889455726965797,2.513088092053228,6.91503725358741,2.6296458418554027,2.8658637148371766,7.040311323036127,2.6533584987777523,2.871564322713254,2.6296458418554027,2.6296458418554027,2.5905412288167713,1.0,1.1216709614086566,1.9156762570992043,36.085159912114754
4.599999999999946,-0.9899640569598446,0.9899640569598446,3.940812967678169,1.9851480971650879,2.513204994934217,6.899780632688544,2.6267433511267413,2.865752450278231,7.027578811040233,2.6509580930373517,2.871564290014059,2.6267433511267413,2.6267433511267413,2.611822468731973,1.0,1.1238362974543337,1.9120375697899936,36.08515986648137
4.609999999999946,-0.9640987132342703,0.9640987132342703,3.9259675056481504,1.9814054369684542,2.5132984579906696,6.884871701270026,2.6239039047324173,2.865640200047972,7.015219423048004,2.648625950006532,2.871564258672358,2.6239039047324173,2.6239039047324173,2.634876246560702,1.0,1.1262724720195265,1.9085514310772227,36.08515984295647
4.619999999999946,-0.937863707749125,0.937863707749125,3.911375029324856,1.9777196538753554,2.513368365788793,6.870319639648105,2.6211294587730887,2.865526990307909,7.003241796658332,2.6463638821330546,2.871564228638003,2.6211294587730887,2.6211294587730887,2.6598325716787152,1.0,1.1289948592382435,1.9052949164807058,36.085159840913164
4.629999999999946,-0.9112688291719673,0.9112688291719673,3.8970424197464824,1.9740928093041832,2.513414610015662,6.856133553999309,2.618421958737611,2.8654128481632086,6.9916544718275135,2.6441736841265766,2.871564199854088,2.618421958737611,2.618421958737611,2.6868326186470846,1.0,1.1320390619561365,1.9022021299665774,36.08515985963719
4.6399999999999455,-0.8843244316335216,0.8843244316335216,3.8829765063190393,1.970526961581353,2.513437089497579,6.842322467464516,2.6157833372556905,2.8652978016593735,6.980465882002314,2.6420571307226335,2.8715641722569494,2.6157833372556905,2.6157833372556905,2.7160296616085438,1.0,1.1354033746071017,1.8992601086749257,36.085159898326864
4.649999999999945,-0.8570414254731769,0.8570414254731769,3.8691840582005437,1.9670241630952436,2.513435710219716,6.828895311055422,2.6132155117891487,2.865181879778042,6.969684345080601,2.6400159743987537,2.871564145776183,2.6132155117891487,2.6132155117891487,2.7475900397866253,1.0,1.1391074853885836,1.896468732518663,36.085159956093264
4.659999999999945,-0.8294312661108204,0.8294312661108204,3.8556717754949514,1.9635864573516877,2.513410385347054,6.815860914383251,2.6107203822667895,2.865065112431884,6.959318054219775,2.638051943048085,2.8715641203346856,2.6107203822667895,2.6107203822667895,2.7816941341007655,1.0,1.1431903172677125,1.8938275081455527,36.08516003196062
4.669999999999945,-0.801505941002676,0.801505941002676,3.842446280278335,1.9602158759377333,2.5133610352466165,6.8032279962311355,2.60829982866831,2.864947530458589,6.949375068515117,2.6361667376164046,2.8715640958487043,2.60829982866831,2.60829982866831,2.8185373247916785,1.0,1.147672176751116,1.891335538237802,36.08516012486688
4.679999999999945,-0.7732779547382742,0.7732779547382742,3.829514107481526,1.9569144354011818,2.513287587510999,6.7910051549932,2.6059557085632132,2.8648291656139167,6.939863303571487,2.6343620297088037,2.8715640722279128,2.6059557085632132,2.6059557085632132,2.858330886066407,1.0,1.152569586471163,1.888991487272449,36.08516023366457
4.689999999999944,-0.7447603122368073,0.7447603122368073,3.8168816956550713,1.9536841340541902,2.513189976983176,6.779200859004938,2.6036898546111322,2.864710050563809,6.930790521993486,2.6326394591727684,2.8715640493754995,2.6036898546111322,2.6036898546111322,2.9013027548491297,1.0,1.1579480033743446,1.8868456633118529,36.085160357121886
4.699999999999944,-0.7159665001215316,0.7159665001215316,3.804555377643831,1.9505269487099712,2.513068145782573,6.767823436790831,2.6015040720304152,2.8645902188755343,6.922164323820417,2.6310006316647696,2.871564027188278,2.6015040720304152,2.6015040720304152,2.947698085098073,1.0,1.163811063127536,1.8848467781513218,36.08516049392394
4.709999999999944,-0.6869104662710298,0.6869104662710298,3.792541371199995,1.9474448313623662,2.5129220433323836,6.756881067256475,2.5994001360422514,2.86446970500787,6.913992136933768,2.629447116207848,2.871564005556818,2.5994001360422514,2.5994001360422514,2.9977794646708276,1.0,1.1702327355289734,1.8829852149305866,36.08516064267432
4.719999999999944,-0.6576065976137766,0.6576065976137766,3.7808457695645283,1.9444397058187555,2.512751626388085,6.746381769853736,2.5973797892980026,2.8643485443002845,6.906281207466037,2.627980442748012,2.8715639843655882,2.5973797892980026,2.5973797892980026,3.0518266256577986,1.0,1.1772344018997791,1.8812574983161436,36.08516080189692
4.729999999999944,-0.6280696962318724,0.6280696962318724,3.7694745320481453,1.941513464297414,2.51255685906714,6.73633339474835,2.595444739297747,2.86422677296113,6.899038590240657,2.626602099717553,2.8715639634931307,2.595444739297747,2.595444739297747,3.1101354180650516,1.0,1.1849061392668172,1.8796594796033048,36.08516097003788
4.739999999999943,-0.5983149538170199,0.5983149538170199,3.7584334746439385,1.9386679640010402,2.5123377128798143,6.726743613020375,2.5935966558083727,2.8641044280548194,6.892271139273731,2.6253135316136493,2.871563942812241,2.5935966558083727,2.5935966558083727,3.1730157366505933,1.0,1.1932899128726298,1.8781862607117952,36.085161145467936
4.749999999999943,-0.5683579246011091,0.5683579246011091,3.7477282607044993,1.9359050236787183,2.5120941667610728,6.717619906928626,2.5918371682898265,2.863981547487979,6.885985498368894,2.6241161366008354,2.871563922190173,2.5918371682898265,2.5918371682898265,3.2407879870003784,1.0,1.2024658511610848,1.8768321042603966,36.08516132648485
4.759999999999943,-0.5382144968104209,0.5382144968104209,3.7373643917169437,1.9332264201890434,2.511826207103503,6.708969560270669,2.590167863338334,2.863858169994567,6.880188091837078,2.6230112641460535,2.8715639014888694,2.590167863338334,2.590167863338334,3.3137775448576363,1.0,1.2125381343047739,1.8755903263452893,36.08516151131616
4.769999999999943,-0.5079008627807874,0.5079008627807874,3.727347198209732,1.9306338850775753,2.5115338277911756,6.7007996488703965,2.5885902821555975,2.8637343351199527,6.874885115373389,2.622000212695146,2.871563880565197,2.5885902821555975,2.5885902821555975,3.392306498432305,1.0,1.2236038013558777,1.874453167591636,36.08516169812223
4.7799999999999425,-0.4774334878253473,0.4774334878253473,3.7176818308252333,1.9281291011820845,2.5112170302344032,6.693117031225343,2.587105918053094,2.8636100832039353,6.87008252712328,2.6210842273996615,2.8715638592712107,2.587105918053094,2.587105918053094,3.4766817658265134,1.0,1.2357843932386725,1.8734116368249134,36.08516188499931
4.789999999999942,-0.4468290779729052,0.4468290779729052,3.708373251592054,1.925713699279323,2.5108758234052875,6.685928339345827,2.5857162140006444,2.8634854553627074,6.865786038970206,2.620264497902875,2.8715638374544326,2.5857162140006444,2.5857162140006444,3.567178453976026,1.0,1.249226486622138,1.872455319971458,36.08516206998308
4.799999999999942,-0.41610454672183195,0.41610454672183195,3.6994262254308254,1.923389254787191,2.5105102238739927,6.679239969817807,2.584422560228456,2.8633604934697425,6.862001108076636,2.619542156193833,2.8715638149581415,2.584422560228456,2.584422560228456,3.664017088954616,1.0,1.2641021417285765,1.8715721444479698,36.0851622510522
4.809999999999942,-0.38527698093063295,0.38527698093063295,3.690845311926732,1.9211572845362588,2.510120255845634,6.673058075120871,2.5832262918917634,2.8632352401356096,6.8587329287097765,2.61891827453813,2.8715637916216883,2.5832262918917634,2.5832262918917634,3.767333139069132,1.0,1.2806223634570244,1.8707480861614068,36.08516242613217
4.819999999999942,-0.3543636059854692,0.3543636059854692,3.6826348574013035,1.9190192436245406,2.5097059511977005,6.667388555232099,2.5821286868070885,2.8631097386867057,6.855986424382706,2.618393863493937,2.8715637672808176,2.5821286868070885,2.5821286868070885,3.877137146464941,1.0,1.2990362420594606,1.8699668018354016,36.08516259309933
4.8299999999999415,-0.3233817503987571,0.3233817503987571,3.674798987315138,1.9169765223693112,2.509267349517889,6.662237049545759,2.581130963268962,2.862984033142897,6.8537662403406125,2.617969870021543,2.8715637417680115,2.581130963268962,2.581130963268962,3.993263908849738,1.0,1.3196242942958816,1.869219761880725,36.08516274978507
4.839999999999941,-0.29234880998364593,0.29234880998364593,3.667341599032072,1.915030443369523,2.5088044981422453,6.657608929137605,2.5802342779557064,2.8628581681940704,6.8520767364209,2.617647175694406,2.8715637149128383,2.5802342779557064,2.5802342779557064,4.115309714343452,1.0,1.3427739092735929,1.8684832626808965,36.08516289398019
4.849999999999941,-0.2612822117643815,0.2612822117643815,3.660266354973951,1.9131822586920335,2.5083174521934923,6.653509289401417,2.579439723932586,2.862732189175591,6.85092198031438,2.6174265950193103,2.87156368654232,2.579439723932586,2.579439723932586,4.242557922195994,1.0,1.3689076095425483,1.867721858998148,36.08516302343942
4.859999999999941,-0.2301993777733099,0.2301993777733099,3.6535766761936563,1.911433147194444,2.507806274619421,6.6499429430839445,2.5787483287602813,2.862606142042655,6.850305741253529,2.617308873872843,2.8715636564813063,2.5787483287602813,2.5787483287602813,4.373895568458303,1.0,1.398572880948132,1.866904540124612,36.08516313588606
4.869999999999941,-0.1991176888820394,0.1991176888820394,3.6472757363922783,1.9097842119968105,2.507271036231205,6.6469144137427065,2.5781610527162004,2.8624800733435545,6.85023148415192,2.6172946880609222,2.8715636245528584,2.5781610527162004,2.5781610527162004,4.507727523976943,1.0,1.4324439442149084,1.8659939549905777,36.08516322901675
4.87999999999994,-0.16805444884539558,0.16805444884539558,3.6413664564044543,1.9082364781138774,2.506711815741511,6.644427929649497,2.577678787135724,2.8623540301918324,6.850702364217269,2.617384642007603,2.8715635905786447,2.577678787135724,2.577678787135724,4.641900207432462,1.0,1.4714102206190223,1.864944654332507,36.08516330050631
4.88999999999994,-0.13702684869321247,0.13702684869321247,3.6358514991737745,1.9067908902587547,2.5061286998022507,6.642487418160342,2.577302352879914,2.8622280602373467,6.85172122205845,2.617579267578816,2.871563554379335,2.577302352879914,2.577302352879914,4.773653559290206,1.0,1.5165689154056712,1.863700690873323,36.08516334801277
4.89999999999994,-0.10605193162287505,0.10605193162287505,3.6307332652379802,1.905448310828184,2.505521783041836,6.641096500570686,2.577032498935682,2.862102211636236,6.85329057930478,2.6178790230460955,2.8715635157750095,2.577032498935682,2.577032498935682,4.899626442489632,1.0,1.5694327298367055,1.862192286855452,36.08516336918232
4.90999999999994,-0.07514655856295505,0.07514655856295505,3.626013888741317,1.904209518078648,2.5048911681017683,6.640258487472378,2.5768699011537968,2.8619765330197873,6.8554126347536455,2.6182842921947276,2.8715634745855647,2.5768699011537968,2.5768699011537968,5.015943873792338,1.0,1.6321769188436608,1.860331117591708,36.085163361654395
4.9199999999999395,-0.04432737450964545,0.04432737450964545,3.621695233988937,1.9030752045016341,2.504236965672412,6.639976374626707,2.5768151611294723,2.861851073462228,6.858089261060189,2.6187953835800517,2.8715634306311215,2.5768151611294723,2.5768151611294723,5.118410171757709,1.0,1.7080566688016465,1.8580034919212642,36.085163323066794
4.929999999999939,-0.013610775822679725,0.013610775822679725,3.6177788925557266,1.9020459754053598,2.503559294527785,6.640252839365434,2.5768688052296014,2.861725882447419,6.861322001980387,2.6194125299349826,2.8715633837324384,2.5768688052296014,2.5768688052296014,5.202816006185444,1.0,1.8027817030949962,1.8550602490788612,36.085163251060735
4.939999999999939,0.01698712142651434,0.01698712142651434,3.6142661809592735,1.9011223477091825,2.5028582815591887,6.6410902375292515,2.5770312837699993,2.8616010098344855,6.865112070176368,2.6201358877310863,2.871563333711319,2.5770312837699993,2.5770312837699993,5.265338436905709,1.0,0.20040976488932,0.25729631810324916,36.08516314328599
4.949999999999939,0.04745051191452317,0.04745051191452317,3.6111581389040435,1.9003047489558205,2.5021340618075105,6.642490600950696,2.577302970345298,2.8614765058223735,6.8694603455903485,2.6209655368948193,2.87156328039102,2.577302970345298,2.577302970345298,5.3029771755424875,1.0,0.3320549177256498,0.4387299422906524,36.085162997405945
4.959999999999939,0.07776393022343812,0.07776393022343812,3.6084555281011865,1.8995935165453652,2.5013867784940147,6.644455635485991,2.577684161313405,2.8613524209133487,6.874367374390934,2.621901480679801,2.8715632235966506,2.577684161313405,2.577684161313405,5.313941240193162,1.0,0.42092082507946005,0.5739176425743118,36.085162811102585
4.9699999999999385,0.10791227857805076,0.10791227857805076,3.6061588316655637,1.8989888971938629,2.500616583049437,6.64698671959784,2.5781750754356927,2.8612288058754523,6.879833368493136,2.622943645695259,2.8715631631555745,2.5781750754356927,2.5781750754356927,5.297894661815415,1.0,0.4905059813346969,0.6922047872830851,36.08516258208147
4.979999999999938,0.13788085309248324,0.13788085309248324,3.6042682540890727,1.8984910466180958,2.4998236351412007,6.650084903488625,2.5787758536733327,2.8611057117039165,6.885858205650807,2.624091882090032,2.8715630988977976,2.5787758536733327,2.5787758536733327,5.255997369692738,1.0,0.5480333669222451,0.8030731405072571,36.085162308076626
4.989999999999938,0.16765536840982792,0.16765536840982792,3.6027837217865355,1.898100029446956,2.4990081026985598,6.653750908781107,2.5794865591394553,2.860983189581568,6.892441430117816,2.6253459638908194,2.8715630306563478,2.5794865591394553,2.5794865591394553,5.190730985325622,1.0,0.5969588155821319,0.9119771763884161,36.08516198685522
4.999999999999938,0.19722198069199037,0.19722198069199037,3.6017048842079444,1.89781581935865,2.4981701619354757,6.657985128741276,2.5803071772060933,2.8608612908382134,6.899582253871787,2.626705589492623,2.8715629582676523,2.5803071772060933,2.5803071772060933,5.105557069482285,1.0,0.6393020040986747,1.02354881539408,36.085161616222294
5.009999999999938,0.22656730885660814,0.22656730885660814,3.601031115508267,1.8976382994417738,2.497309997371035,6.662787629035654,2.581237615764123,2.8607400669090524,6.907279558391956,2.6281703822986735,2.8715628815718945,2.581237615764123,2.581237615764123,5.0044929884977245,1.0,0.6764089681649315,1.144100322958794,36.08516119402528
5.019999999999937,0.2556784540468632,0.2556784540468632,3.600761516763628,1.8975672627771665,2.496427801847206,6.668158149013164,2.5822777056337616,2.860619569292106,6.9155318969803385,2.6297398915064467,2.8715628004133658,2.5822777056337616,2.5822777056337616,4.891695633070628,1.0,0.7092467011902552,1.2883717556223597,36.08516071815832
5.029999999999937,0.2845430172696147,0.2845430172696147,3.6008949187203494,1.8976024132363316,2.495523776543732,6.67409610349953,2.58342720112248,2.8604998495047025,6.924337497613369,2.6314135930357603,2.871562714640803,2.58342720112248,2.58342720112248,4.77112055510134,1.0,0.7385513328257172,2.7396032200760776,36.0851601865665
5.039999999999937,0.3131491151719642,0.3131491151719642,3.6014298850611404,1.897743366491144,2.4945981309899707,6.68060058509013,2.584685780726572,2.8603809590390306,6.933694266309014,2.63319089059434,2.87156262410771,2.584685780726572,2.584685780726572,4.646289179697061,1.0,0.7648998744232904,2.652867759343523,36.0851595972499
5.049999999999937,0.34148539394130417,0.34148539394130417,3.6023647161707135,1.8979896512285608,2.493651083073462,6.687670366925363,2.5860530479720176,2.86026294931679,6.943599790992563,2.635071116875703,2.8715625286726665,2.5860530479720176,2.5860530479720176,4.520164978463437,1.0,0.788753001275032,2.5680945990883908,36.08515894826749
5.0599999999999365,0.3695410413271774,0.3695410413271774,3.6036974533811357,1.898340710563079,2.4926828590450363,6.69530390593087,2.5875285323897144,2.860145871642957,6.954051345842504,2.6370535348836786,2.871562428199617,2.5875285323897144,2.5875285323897144,4.395119248828167,1.0,0.8104876463495014,2.486663746313561,36.08515823774071
5.069999999999936,0.3973057967683436,0.3973057967683436,3.6054258836755673,1.8987959036388211,2.4916936935202454,6.703499346503314,2.5891116906196445,2.8600297771586924,6.9650458960962,2.6391373393774336,2.871562322558156,2.5891116906196445,2.5891116906196445,4.2729592997042225,1.0,0.8304196059821372,2.411098786334795,36.08515746385706
5.079999999999936,0.4247699596522306,0.4247699596522306,3.607547544827392,1.8993545074122924,2.4906838294769247,6.712254524620969,2.5908019076380517,2.8599147167934262,6.976580103293847,2.641321658430462,2.871562211623778,2.5908019076380517,2.5908019076380517,4.154992906919121,1.0,0.8488105824670843,2.344731221141045,36.085156624873264
5.089999999999936,0.4519243957222166,0.4519243957222166,3.6100597309504012,1.9000157186061386,2.4896535182486836,6.721566972357211,2.592598498101318,2.8598007412161373,6.988650330937616,2.6436055550966024,2.871562095278126,2.592598498101318,2.592598498101318,4.042108446972277,1.0,0.8658688555373354,2.2904614723016294,36.085155719118426
5.099999999999936,0.4787605416645428,0.4787605416645428,3.6129594984344555,1.9007786558235695,2.4886030195141142,6.731433922773737,2.5945007077998143,2.85968790078587,7.001252650542065,2.6459880291758813,2.8715619734092135,2.5945007077998143,2.5945007077998143,3.934856739211924,1.0,0.8817928052967334,2.2483716999584153,36.0851547449968
5.1099999999999355,0.5052704079096888,0.5052704079096888,3.616243672240026,1.9016423618125533,2.4875326012815293,6.741852315169549,2.5965077152147167,2.8595762455015077,7.014382848050717,2.648468019072671,2.8715618459116357,2.5965077152147167,2.5965077152147167,3.8335264281939603,1.0,0.8967106985272965,2.2170902837682744,36.08515370099047
5.119999999999935,0.5314465797146664,0.5314465797146664,3.6199088525241456,1.9026058058684006,2.486442539869036,6.75281880066087,2.598618633170491,2.859465824950849,7.028036430593077,2.651044403738473,2.871561712686755,2.598618633170491,2.598618633170491,3.738209029417958,1.0,0.9107698686946876,2.19427331185808,36.08515258566173
5.129999999999935,0.5572822165440315,0.5572822165440315,3.623951421569662,1.9036678863629712,2.485333119879734,6.764329748066633,2.6008325105755334,2.8593566882590125,7.042208633555708,2.6537160046914794,2.871561573642877,2.6008325105755334,2.6008325105755334,3.6488525555471107,1.0,0.9240625849130042,2.1777935918806386,36.08515139765532
5.139999999999935,0.5827710498556501,0.5827710498556501,3.6283675509892013,1.9048274333884425,2.4842046341718698,6.7763812500737135,2.603148334243309,2.859248884036213,7.056894427940518,2.6564815881049353,2.8715614286954,2.603148334243309,2.603148334243309,3.5653042456931954,1.0,0.936716384482888,2.166011342605325,36.08515013570039
5.149999999999935,0.6079073793206745,0.6079073793206745,3.633153209174869,1.9060832115033355,2.4830573838237506,6.788969129655847,2.6055650307861913,2.8591424603249447,7.072088527983212,2.6593398669563113,2.8715612777669537,2.6055650307861913,2.6055650307861913,3.4873437013513855,1.0,0.9487832570793827,2.157703223979408,36.0851487986122
5.159999999999934,0.6326860675772621,0.6326860675772621,3.6383041689647175,1.9074339225684116,2.4818916780932296,6.80208894672002,2.608081468574174,2.859037464546609,7.087785399004655,2.6622895032292515,2.8715611207875185,2.608081468574174,2.608081468574174,3.4147079989939315,1.0,0.9603372790583747,2.152049747867445,36.085147385293794
5.169999999999934,0.6571025335779679,0.6571025335779679,3.6438160154968635,1.9088782086599616,2.4807078343716005,6.815736004954214,2.6106964597505806,2.8589339434476377,7.103979265468037,2.6653291101603265,2.871560957694525,2.6106964597505806,2.6106964597505806,3.34711032682772,1.0,0.9714409659731124,2.148434614020708,36.08514589473723
5.179999999999934,0.6811527446189398,0.6811527446189398,3.649684154222473,1.9104146550480796,2.4795061781317176,6.829905358850566,2.613408762296967,2.8588319430451357,7.120664119214792,2.6684572545226937,2.871560788432939,2.613408762296967,2.613408762296967,3.28425352980295,1.0,0.9821473504524826,2.1464027356165953,36.085144326024746
5.189999999999934,0.704833207142501,0.704833207142501,3.655903819049064,1.9120417932276126,2.4782870428701824,6.844591820878258,2.61621708213945,2.8587315085721157,7.137833727852648,2.671672458938904,2.87156061295533,2.61621708213945,2.61621708213945,3.225839731619142,1.0,0.9925016246337433,2.145635672705696,36.08514267832973
5.199999999999934,0.7281409563779826,0.7281409563779826,3.6624700805860857,1.9137581039896567,2.4770507700434363,6.859789968781063,2.619120075288848,2.8586326844223375,7.155481643269585,2.674973204215247,2.8715604312219236,2.619120075288848,2.619120075288848,3.1715769840636856,1.0,1.0025424498689082,2.1458944193855864,36.08514095091743
5.209999999999933,0.7510735449370963,0.7510735449370963,3.6693778544653464,1.915562020521744,2.4757977089976073,6.875494152974865,2.622116350007159,2.8585355140948234,7.173601210248033,2.6783579316902424,2.8715602432006344,2.622116350007159,2.622116350007159,3.1211836962362938,1.0,1.0123030095747239,2.1469957098466437,36.08513914314547
5.219999999999933,0.7736290304229634,0.7736290304229634,3.6766219097095396,1.9174519315251528,2.474528216891965,6.891698504021263,2.6252044689930845,2.8584400401380923,7.192185575154323,2.6818250455900965,2.871560048867089,2.6252044689930845,2.6252044689930845,3.074391428097405,1.0,1.0218118619933236,2.148796344732936,36.085137254464314
5.229999999999933,0.7958059621733424,0.7958059621733424,3.6841968771229823,1.9194261843381688,2.4732426586158556,6.908396940154115,2.628382951579567,2.858346304094154,7.2112276946791924,2.685372915384229,2.871559848204633,2.628382951579567,2.628382951579567,3.030946495476463,1.0,1.0310936356625275,2.1511825401217504,36.085135284417376
5.239999999999933,0.817603367200743,0.817603367200743,3.6920972576795816,1.9214830880545324,2.4719414066989707,6.925583174836767,2.631650275936521,2.858254346442321,7.230720344605998,2.6889998781342475,2.871559641204323,2.631650275936521,2.631650275936521,2.9906107245370057,1.0,1.040169600283186,2.1540625170268317,36.085133232641084
5.2499999999999325,0.8390207354342553,0.8390207354342553,3.7003174308840516,1.9236209166267795,2.4706248412148613,6.943250724328551,2.6350048812722435,2.858164206542896,7.250656128584174,2.692704240830057,2.871559427864903,2.6350048812722435,2.6350048812722435,2.9531616085997414,1.0,1.0490581380811408,2.1574035575279122,36.085131098864764
5.259999999999932,0.8600580043388762,0.8600580043388762,3.7088516630835064,1.925837911944696,2.4692933496775575,6.961392915240326,2.638445170027288,2.8580759225807695,7.2710274868865685,2.696484282707127,2.871559208192773,2.638445170027288,2.638445170027288,2.9183920548143356,1.0,1.0577998740403207,2.1611416491815607,36.08512888291031
5.269999999999932,0.8807155430177731,0.8807155430177731,3.717694115707665,1.9281322868796282,2.4679473269312147,6.980002892059698,2.6419695100548943,2.8579895315090083,7.291826705130257,2.7003382575392765,2.871558982201942,2.6419695100548943,2.6419695100548943,2.8861098584368086,1.0,1.0663882093524117,2.1651956481493198,36.08512658469182
5.279999999999932,0.9009941358486506,0.9009941358486506,3.7268388534171306,1.9305022282859792,2.46658717503269,6.999073624627803,2.6455762367824147,2.8579050689924648,7.313045922941569,2.704264395901697,2.8715587499139668,2.6455762367824147,2.6455762367824147,2.8561370049811643,1.0,1.0748336721512959,2.169520562621578,36.08512420421498
5.289999999999932,0.9208949657683924,0.9208949657683924,3.7362798521404206,1.9329458999517861,2.4652133031269785,7.018597915550621,2.649263655348524,2.8578225693514816,7.334677142547222,2.708260907399289,2.871558511357888,2.649263655348524,2.649263655348524,2.828308872458743,1.0,1.0831464209453152,2.1740779129238823,36.08512174157639
5.299999999999931,0.9404195972644896,0.9404195972644896,3.746011006981713,1.9354614454908972,2.463826127315431,7.038568407528951,2.653030042711343,2.857742065505742,7.3567122372745635,2.7123259828557784,2.871558266570145,2.653030042711343,2.653030042711343,2.8024733850558476,1.0,1.0913633633017026,2.178869009961933,36.08511919696277
5.309999999999931,0.9595699591512612,0.9595699591512612,3.7560261399825565,1.9380469911698623,2.462426070516716,7.058977590592403,2.6568736497229977,2.857663588918327,7.3791429599451765,2.7164577964594216,2.8715580155944913,2.6568736497229977,2.6568736497229977,2.7784901541777707,1.0,1.09947317967616,2.1839153553962225,36.08511657065002
5.319999999999931,0.9783483272056904,0.9783483272056904,3.7663190077220667,1.9407006486632776,2.4610135623204688,7.079817809223919,2.660792703166468,2.8575871695400323,7.401960951147213,2.7206545078615205,2.8715577584818903,2.660792703166468,2.660792703166468,2.7562296314552173,1.0,1.1074756982348388,2.189114828138807,36.08511386300218
5.329999999999931,0.9967573067260502,0.9967573067260502,3.7768833087414926,1.9434205177319428,2.4595890388336117,7.10108126936252,2.664785407750973,2.857512835754022,7.425157747373053,2.724914264224299,2.871557495290412,2.664785407750973,2.664785407750973,2.7355722900367323,1.0,1.1153946367989445,2.1944444220098402,36.085111074470305
5.339999999999931,1.0147998150955917,1.0147998150955917,3.787712690780289,1.9462046888188018,2.458152942519315,7.122760045273205,2.6688499480624994,2.8574406143208573,7.448724789010081,2.7292352022150967,2.871557226085113,2.6688499480624994,2.6688499480624994,2.7164078444972097,1.0,1.1232399123004142,2.199891733622869,36.085108205591254
5.34999999999993,1.0324790643674335,1.0324790643674335,3.7988007578121317,1.9490512455582412,2.456705722028611,7.144846086274077,2.6729844904664293,2.857370530323985,7.472653428173509,2.733615449944178,2.871556950937914,2.6729844904664293,2.6729844904664293,2.6986345153897684,1.0,1.1309942199065859,2.205561184336991,36.085105256986374
5.35999999999993,1.0497985439874034,1.0497985439874034,3.810141076870608,1.9519582671949234,2.455247832024657,7.167331223311897,2.677187184959598,2.8573026071157326,7.496934936371307,2.7380531288437973,2.8715566699274704,2.677187184959598,2.677187184959598,2.682158341414945,1.0,1.138682050291474,2.211311999136612,36.08510222936009
5.36999999999993,1.0667620036548615,1.0667620036548615,3.821727184655506,1.954923830908894,2.453779732999688,7.190207175378417,2.6814561669694355,2.8572368662638854,7.521560511992491,2.742546355486538,2.87155638313903,2.6814561669694355,2.6814561669694355,2.666892540047321,1.0,1.1463091896259838,2.2171289024815537,36.08509912349847
5.37999999999993,1.0833734364048766,1.0833734364048766,3.833552593911912,1.9579460140442873,2.4523018910846766,7.213465555760976,2.6857895590982137,2.857173327498897,7.546521287611068,2.747093243341235,2.8715560906642894,2.6857895590982137,2.6857895590982137,2.6527569159996105,1.0,1.1538553227285895,2.2230243995750136,36.085095940267735
5.3899999999999295,1.099637061927071,1.099637061927071,3.8456107995754336,1.9610228962394687,2.4508147778517744,7.237097878121807,2.690185472810714,2.857112008661807,7.571808337098937,2.7516919044651305,2.8715557926012454,2.690185472810714,2.690185472810714,2.639677315934953,1.0,1.1613575540484755,2.2290864617102377,36.08509268061257
5.399999999999929,1.1155573101918816,1.1155573101918816,3.8578952846780687,1.9641525614569935,2.4493188701095874,7.261095562401573,2.6946420100639665,2.8570529256529413,7.597412682542236,2.756340451131216,2.871555489054038,2.6946420100639665,2.6946420100639665,2.6275851272240662,1.0,1.168795652487426,2.2351815819887824,36.08508934555455
5.409999999999929,1.1311388053981644,1.1311388053981644,3.8703995260102917,1.967333099912237,2.4478146496913697,7.285449940543709,2.6991572648780044,2.8569960923814266,7.623325300956386,2.7610369973899997,2.871555180132785,2.6991572648780044,2.6991572648780044,2.6164168181847525,1.0,1.1761666351147135,2.241298892347197,36.08508593619044
5.419999999999929,1.146386350279449,1.146386350279449,3.883116999535991,1.9705626099000233,2.4463026032362385,7.310152262036888,2.7037293248468655,2.856941520715629,7.649537130796181,2.765779660565205,2.8715548659534207,2.7037293248468655,2.7037293248468655,2.6061135170629024,1.0,1.1835052786112883,2.247502774891156,36.085082453690426
5.429999999999929,1.1613049108111233,1.1613049108111233,3.896041185557951,1.9738391995190365,2.4447832219635073,7.335193699274,2.7083562725893358,2.8568892204345473,7.676039078258093,2.77056656268318,2.8715545466375207,2.7083562725893358,2.7083562725893358,2.596620626962206,1.0,1.190770974524788,2.2537992323538085,36.085078899296306
5.4399999999999284,1.175899601315971,1.175899601315971,3.9091655736324,1.9771609882941754,2.4432570014402857,7.360565352726781,2.713036187139195,2.8568391991802495,7.702822023372818,2.7753958318360317,2.8715542223121266,2.713036187139195,2.713036187139195,2.5878874739643964,1.0,1.1980014670299588,2.260093955585481,36.08507527431971
5.449999999999928,1.1901756700302695,1.1901756700302695,3.9224836672322065,1.9805261086974355,2.441724441342453,7.386258255935975,2.7177671452749546,2.8567914624114117,7.729876825886831,2.780265603478709,2.871553893109567,2.7177671452749546,2.7177671452749546,2.5798669857739314,1.0,1.2051749714017117,2.266378876432877,36.085071580140216
5.459999999999928,1.2041384851020527,1.2041384851020527,3.9359889881590115,1.983932707568231,2.4401860452092,7.412263380317795,2.722547222789312,2.8567460133580176,7.757194330932586,2.785174021660511,2.871553559167275,2.722547222789312,2.722547222789312,2.5725153983495352,1.0,1.2122962370426957,2.272786352105611,36.08506781820343
5.469999999999928,1.2177935210827877,1.2177935210827877,3.949675080705492,1.9873789474344072,2.4386423201912706,7.4385716397879245,2.7273744956987342,2.856702852977309,7.784765374487517,2.7901192401916295,2.8715532206275967,2.7273744956987342,2.7273744956987342,2.565791988134888,1.0,1.2193800381721107,2.2792011988378515,36.08506399001906
5.479999999999928,1.2311463458858531,1.2311463458858531,3.9635355155696117,1.9908630077354925,2.437093776793115,7.465173895205146,2.7322470413937947,2.856661979911027,7.812580788622778,2.795099423745563,2.8715528776376047,2.7322470413937947,2.7322470413937947,2.559658827661196,1.0,1.226397363976896,2.285588140078314,36.08506009715898
5.489999999999927,1.2442026082518658,1.2442026082518658,3.977563893523467,1.9943830859500056,2.4355409286091416,7.492060958637109,2.7371629397310473,2.8566233904440255,7.840631406543196,2.8001127488983717,2.8715525303489007,2.7371629397310473,2.7371629397310473,2.5540805624579614,1.0,1.2333922607623853,2.2919793296211073,36.08505614125527
5.499999999999927,1.2569680257086346,1.2569680257086346,3.9917538488399575,1.9979373986288853,2.4339842920542702,7.519223597451333,2.7421202740673745,2.856587078464329,7.868908067420452,2.805157405105897,2.8715521789174216,2.7421202740673745,2.7421202740673745,2.549024207369776,1.0,1.2403137834788216,2.2984666844439583,36.08505212399814
5.509999999999927,1.2694483730347157,1.2694483730347157,4.0060990524810425,2.0015241823373113,2.432424386089041,7.546652538235101,2.7471171322379213,2.856553035424683,7.897401621022033,2.810231595620196,2.8715518235032365,2.7471171322379213,2.7471171322379213,2.5444589605330425,1.0,1.2472145810380615,2.304911051619895,36.085048047133995
5.519999999999927,1.2816494712389088,1.2816494712389088,4.020593215052004,2.005141694507399,2.4308617319394874,7.574338470548183,2.7521516074788073,2.856521250305676,7.926102932138886,2.8153335383465468,2.871551464270345,2.7521516074788073,2.7521516074788073,2.540356033414982,1.0,1.2540453090111034,2.311307320379059,36.08504391246332
5.5299999999999265,1.2935771770437752,1.2935771770437752,4.035230089526501,2.0087882142043996,2.429296852812042,7.602272050512856,2.757221799295961,2.8564917095804994,7.9550028848152285,2.8204614666425116,2.87155110138647,2.757221799295961,2.757221799295961,2.5366884954568327,1.0,1.2608473696560771,2.317756648344697,36.08503972183869
5.539999999999926,1.305237372863609,1.305237372863609,4.050003473747704,2.0124620428091817,2.4277302736037423,7.630443904245961,2.7623258142815015,2.8564643971814028,7.984092386384175,2.8256136300605883,2.871550735022853,2.7623258142815015,2.7623258142815015,2.5334311319932135,1.0,1.2675850489018912,2.324220506566678,36.085035477162656
5.549999999999926,1.3166359573127182,1.3166359573127182,4.064907212711199,2.016161504619905,2.4261625206080106,7.658844631138087,2.76746176687919,2.8564392944679073,8.013362371313306,2.8307882950360854,2.8715503653540404,2.76746176687919,2.76746176687919,2.5305603142399353,1.0,1.2742888878286835,2.3306244098161657,36.085031180385705
5.559999999999926,1.3277788361793876,1.3277788361793876,4.079935200635654,2.019884947375878,2.4245941212162965,7.687464806985143,2.772627780100521,2.856416380196856,8.04280380486453,2.8359837455219186,2.8715499925576706,2.772627780100521,2.772627780100521,2.528053880253354,1.0,1.2809303998857384,2.3369644459693535,36.08502683350409
5.569999999999926,1.3386719139148104,1.3386719139148104,4.095081382827625,2.023630742706689,2.4230256036158884,7.716294986977935,2.777821986193128,2.856395630494343,8.072407686572754,2.8411982835720484,2.8715496168142605,2.777821986193128,2.777821986193128,2.5258910258658296,1.0,1.2875356615390747,2.3434029498339464,36.08502243855782
5.5799999999999255,1.3493210855851945,1.3493210855851945,4.110339757347052,2.0273972865097387,2.4214574964842055,7.7453257085554315,2.7830425272631807,2.856377018829601,8.102165053548283,2.846430229875358,2.871549238306987,2.7830425272631807,2.7830425272631807,2.5240522046946263,1.0,1.294077167836049,2.349783634216235,36.08501799762849
5.589999999999925,1.3597322293203953,1.3597322293203953,4.125704376480309,2.0311829992593746,2.419890328679895,7.774547494127601,2.788287555853521,2.856360515990896,8.132066983607794,2.85167792424176,2.871548857221467,2.788287555853521,2.788287555853521,2.522519036406056,1.0,1.3005827860426338,2.3560910721234714,36.08501351283717
5.599999999999925,1.3699111992006001,1.3699111992006001,4.141169348027822,2.034986326250823,2.4183246289310603,7.803950853673866,2.7935552354793107,2.856346090063492,8.162104598239127,2.856939726042383,2.8715484737455355,2.7935552354793107,2.7935552354793107,2.5212742224934295,1.0,1.307019844633003,2.3623552037287183,36.08500898634229
5.609999999999925,1.37986381860931,1.37986381860931,4.15672883641343,2.038805737782153,2.41676092552098,7.833526287223137,2.7988437411229548,2.8563337064097554,8.19226906540499,2.8622140146056494,2.8715480880690247,2.7988437411229548,2.7988437411229548,2.520301468897108,1.0,1.3134241742367059,2.368685806556261,36.085004420337484
5.619999999999925,1.389595874025597,1.389595874025597,4.172377063622805,2.0426397292774867,2.4151997459716505,7.863264287221703,2.804151259690123,2.8563233276514346,8.222551602191029,2.8674991895711197,2.871547700383535,2.804151259690123,2.804151259690123,2.5195854148580565,1.0,1.319751833980744,2.3749352234684302,36.08499981704948
5.629999999999924,1.3991131092402795,1.3991131092402795,4.188108309978335,2.0464868213546685,2.4136416167255215,7.893155340795038,2.809475990428649,2.856314913654189,8.25294347730351,2.872793671202913,2.8715473108822076,2.809475990428649,2.809475990428649,2.51911156745352,1.0,1.3260527594543818,2.3811010323238078,36.08499517873594
5.639999999999924,1.40842121998751,1.40842121998751,4.203916914757933,2.050345559840568,2.4120870628257998,7.923189931909715,2.814816145312108,2.8563084215144205,8.2834360134221,2.8780959006645523,2.8715469197595,2.814816145312108,2.814816145312108,2.5188662413151213,1.0,1.3322729094507966,2.3872391477226333,36.08499050768332
5.649999999999924,1.4175258489764098,1.4175258489764098,4.219797276665281,2.0542145157371663,2.4105366075956725,7.953358543441595,2.820169949389858,2.8563038055484475,8.314020589413147,2.8834043402570417,2.8715465272109486,2.820169949389858,2.820169949389858,2.518836503076495,1.0,1.3384606608072105,2.39340825304057,36.08498580620472
5.659999999999924,1.4264325813136498,1.4264325813136498,4.235743854159058,2.0580922851415235,2.408990772316853,7.983651659156341,2.8255356411053003,2.856301017284089,8.344688642408835,2.888717473621959,2.8715461334329397,2.8255356411053003,2.8255356411053003,2.519010120139784,1.0,1.3445740517930032,2.399487514940822,36.08498107663775
5.6699999999999235,1.4351469402901667,1.4351469402901667,4.251751165648632,2.0619774891226705,2.4074500759078283,8.014059765608366,2.8309114725841154,2.8563000054546994,8.375431669757662,2.8940338059113375,2.871545738622476,2.8309114725841154,2.8309114725841154,2.5193755133885656,1.0,1.3506393175217308,2.4054751990876895,36.08497632134234
5.679999999999923,1.4436743835337513,1.4436743835337513,4.267813789563742,2.065868773558413,2.405915034602183,8.044573353964084,2.8362957098941717,2.8563007159957015,8.406241230851522,2.8993518639260607,2.8715453429769364,2.8362957098941717,2.8362957098941717,2.519921713509227,1.0,1.3566429555843458,2.4114268341159324,36.08497154269865
5.689999999999923,1.4520202995048013,1.4520202995048013,4.2839263643055805,2.0697648089349623,2.404386161627418,8.075182921755408,2.841686633278801,2.856303092043675,8.437108948834721,2.9046701962244734,2.8715449466938434,2.841686633278801,2.841686633278801,2.5206383206140193,1.0,1.3625795973360484,2.4174009424908025,36.084966743104864
5.699999999999923,1.4601900043152383,1.4601900043152383,4.3000835880866894,2.0736642901122373,2.4028639668846354,8.105878974569205,2.847082537365084,2.8563070739380243,8.468026512200105,2.909987373202864,2.87154454997062,2.847082537365084,2.847082537365084,2.5215154668871684,1.0,1.3684702730774863,2.42327864487215,36.08496192497505
5.709999999999923,1.4681887388679378,1.4681887388679378,4.316280218666903,2.077565936057603,2.401348956629515,8.13665202767832,2.8524817313487425,2.8563125992252925,8.498985676277458,2.9153019871494372,2.871544153004353,2.8524817313487425,2.8524817313487425,2.5225437820008447,1.0,1.3742782512076708,2.429058781023732,36.084957090737056
5.7199999999999225,1.4760216662984018,1.4760216662984018,4.332511072992597,2.08146848955073,2.399841633154953,8.167492607619703,2.857882539157217,2.856319602666141,8.5299782646192,2.9206126522733546,2.8715437559915475,2.857882539157217,2.857882539157217,2.523714361070843,1.0,1.3800462174890902,2.43476424199839,36.08495224283035
5.729999999999922,1.4836938696934876,1.4836938696934876,4.348771026746264,2.0853707168621756,2.3983424944757856,8.19839125372495,2.863283299592436,2.8563280162450453,8.560996170288293,2.9259180047103666,2.8715433591278883,2.863283299592436,2.863283299592436,2.5250187349425812,1.0,1.3857364030200383,2.440516364619962,36.0849473837038
5.739999999999922,1.4912103500885017,1.4912103500885017,4.365055013813422,2.0892714074081957,2.396852034015991,8.229338519608458,2.8686823664547556,2.856337769182738,8.592031357053212,2.9312167025065228,2.871542962607992,2.8686823664547556,2.8686823664547556,2.5264488426168437,1.0,1.3913606226093882,2.446167265754829,36.08494251581369
5.749999999999922,1.4985760247303521,1.4985760247303521,4.381358025673635,2.093169373384207,2.3953707402987603,8.26032497461823,2.87407810864949,2.8563487879514287,8.623075860494668,2.9365074255813943,2.871542566625161,2.87407810864949,2.87407810864949,2.5279970056417356,1.0,1.3969293970216208,2.451716265899594,36.08493764162145
5.759999999999922,1.5057957255675318,1.5057957255675318,4.39767511072235,2.0970634493792386,2.3938990966398523,8.291341205254172,2.8794689102774096,2.8563609962928442,8.654121789028652,2.9417888756721906,2.87154217137114,2.8794689102774096,2.8794689102774096,2.52965590431267,1.0,1.4024133686024394,2.4571628379301167,36.08493276359162
5.769999999999921,1.5128741979850806,1.5128741979850806,4.414001373530072,2.1009524919735982,2.3924375808446023,8.322377816558571,2.8848531707105254,2.8563743152391012,8.685161324850274,2.947059776260107,2.87154177703587,2.8848531707105254,2.8848531707105254,2.531418555536206,1.0,1.4078466464763955,2.4626243315226826,36.08492788418968
5.779999999999921,1.519816099756816,1.519816099756816,4.430331974045189,2.1048353793219055,2.390986664909005,8.353425433483276,2.890229304654438,2.856388663136447,8.716186724802705,2.9523188724801908,2.871541383807233,2.890229304654438,2.890229304654438,2.5332782922261576,1.0,1.4132037738048693,2.4680282960677946,36.08492300587998
5.789999999999921,1.5266260001975085,1.5266260001975085,4.446662126746728,2.1087110107235483,2.3895468147252235,8.384474702237886,2.8955957421984664,2.856403955671889,8.747190321175397,2.957564931015953,2.871540991870808,2.8955957421984664,2.8955957421984664,2.5352287441118597,1.0,1.418477283889047,2.4733274089951087,36.08491813112361
5.799999999999921,1.5333083795128346,1.5333083795128346,4.4629870997529455,2.112578306182506,2.3881184897919385,8.41551629162307,2.9009509288547215,2.856420105902737,8.778164522435635,2.9627967399799187,2.8715406014096234,2.9009509288547215,2.9009509288547215,2.537263819848854,1.0,1.4237037254463785,2.4785215221393115,36.08491326237633
5.809999999999921,1.5398676283317783,1.5398676283317783,4.4793022138916845,2.116436205958423,2.3867021429298916,8.44654089435301,2.906293325587252,2.8564370242890678,8.80910181389736,2.9680131087812534,2.8715402126038967,2.906292908368346,2.906293116977777,2.539377690331697,0.9999997128137892,1.428842497330075,2.4836106090390473,36.08490840208648
5.81999999999992,1.5463080474095456,1.5463080474095456,4.495602841738073,2.1202836701106937,2.3852982200029955,8.477539228370674,2.911621408832315,2.8564546187291286,8.839994758330942,2.9732128679815277,2.8715398256307956,2.911612498674807,2.9116169537433243,2.541564773117135,0.9999938743784406,1.4339020534021063,2.4887494167690356,36.084903552692886
5.82999999999992,1.5526338474815136,1.5526338474815136,4.511884406625074,2.1241196780372507,2.3839071596453807,8.508502038159548,2.9169336705107898,2.8564727945977033,8.870835996517645,2.9783948691396924,2.8715394406641765,2.9169004082897754,2.916917039257773,2.5438197178736526,0.9999771609507987,1.438904333642731,2.493783898718941,36.084898716622874
5.83999999999992,1.5588491492811625,1.5588491492811625,4.528142381632133,2.127943228009651,2.382529392994718,8.539420096055164,2.9222286180337025,2.8564914547874274,8.901618247752198,2.983557984647223,2.871539057874338,2.9221511221952245,2.922189869341699,2.546137392780495,0.9999468547564991,1.4438175305168055,2.4987119023613156,36.084893896290154
5.84999999999992,1.5649579836779546,1.5649579836779546,4.544372288556982,2.131753336705957,2.381165343432173,8.570284203559643,2.9275047743017675,2.856510499753079,8.932334310296824,2.988701107554388,2.8715386774277656,2.9273606039268913,2.92743268644262,2.5485128718056576,0.9999012544028528,1.4486491709122262,2.503533696649404,36.08488909409283
5.8599999999999195,1.570964291959167,1.570964291959167,4.560569696875531,2.135549038742855,2.379815426329318,8.60108519266225,2.93276067769981,2.856529827558835,8.962977061789987,2.9938231513885363,2.871538299486882,2.932525518074125,2.932643090786144,2.550941422798193,0.9998391364393242,1.4534198868989945,2.5082496465871778,36.084884312411376
5.869999999999919,1.5768719262223136,1.5768719262223136,4.576730222694444,2.1393293862083147,2.3784800488023294,8.631813927168798,2.9379948820868966,2.8565493339284953,8.993539459612885,2.998923049965251,2.871537924209792,2.937643194273323,2.937819022314998,2.5534184963355058,0.999759728214528,1.4580998619228476,2.5129865033875034,36.08487955360662
5.879999999999919,1.5826846498738596,1.5826846498738596,4.592849527700979,2.1430934481960833,2.3771596094737903,8.662461304042525,2.9432059567829305,2.856568912298673,9.024014541216657,3.0039997571931756,2.8715375517500337,2.9427112961177433,2.942958595096651,2.5559397152711645,0.9996624786560117,1.4626895445096817,2.5176378672393374,36.084874820017845
5.889999999999919,1.5884061382369088,1.5884061382369088,4.608923318114291,2.1468403103431544,2.375854498242383,8.693018254758924,2.9483924865524473,2.856588453874937,9.054395424413126,3.0090522468732788,2.8715371822563207,2.947728033396636,2.9480602034616927,2.5585008649331566,0.9995472025886857,1.4672209033160144,2.5221826935211142,36.08487011396071
5.899999999999919,1.5940399792493913,1.5940399792493913,4.624947343642329,2.1505690743713233,2.3745650960607794,8.723475746676751,2.9535530715862803,2.8566078476909085,9.084675307631716,3.014079512493278,2.871536815872299,2.952691853121956,2.9531223675146796,2.5610978839265646,0.9994138673668563,1.4716596458200897,2.5266215729897543,36.08486543772543
5.909999999999918,1.5995896742400055,1.5995896742400055,4.640917396448215,2.154278857633852,2.373291774722001,8.753824784427408,2.9586863274817436,2.8566269806702755,9.114847470145179,3.019080567017909,2.871536452736288,2.9576008454887015,2.958143435979418,2.5637268554983166,0.999262185056448,1.4760059378511021,2.5309551707547513,36.084860793574784
5.919999999999918,1.605058638790437,1.605058638790437,4.656829310129763,2.1579687926681803,2.372034896654502,8.784056411324544,2.963790885221922,2.8566457376917396,9.144905272266483,3.0240544426756744,2.871536092981033,2.9624541503078996,2.963122289759946,2.56638399942502,0.9990925757661041,1.4802771002066315,2.5352093151402504,36.08485618374223
5.929999999999918,1.6104502036590702,1.6104502036590702,4.67267895871566,2.1616380267555573,2.3707948147262456,8.814161710795673,2.96886539115462,2.856664001656836,9.174842155519228,3.029000190742686,2.8715357367334557,2.967250811760663,2.9680577691669523,2.5690656643879586,0.9989053815233832,1.484466282780328,2.53946988937264,36.08485161043005
5.939999999999918,1.615767615776645,1.615767615776645,4.688462255681624,2.165285721488419,2.369571872057995,8.84413180783743,2.9739085069714957,2.8566816535606385,9.204651642783775,3.0339168813241697,2.871535384114408,2.971989266136964,2.972948417518299,2.5717683208021542,0.9987005162195426,1.488560829070271,2.5436250717645255,36.08484707580753
5.949999999999918,1.621014039288342,1.621014039288342,4.704175152989567,2.1689110523462154,2.3683664018460475,8.873957870495866,2.978918909687853,2.8566985725652914,9.234327338421192,3.0388036031341663,2.8715350352384177,2.9766691943634127,2.977793408226068,2.5744885540689557,0.9984787321026497,1.492560715651368,2.547675694481208,36.08484258200908
5.959999999999917,1.626192556654791,1.626192556654791,4.719813640152799,2.1725132082804004,2.36717872719462,8.903631111373064,2.983895291623529,2.8567146360763607,9.263862928376936,3.043659463273928,2.8715346902134486,2.9812893377837097,2.9825914517658596,2.5772230582239635,0.9982401261986137,1.4964884498315798,2.5516226455131013,36.08483813113249
5.969999999999917,1.6313061697912272,1.6313061697912272,4.735373743329887,2.1760913913091717,2.366009160958076,8.933142789161225,2.9888363603852963,2.8567297198219506,9.293252180266203,3.048483587009483,2.871534349140653,2.985849601422616,2.9873418485098,2.579968629954268,0.9979855765818522,1.5003224723634203,2.555466864160233,36.084833725237154
5.979999999999917,1.6363578012503786,1.6363578012503786,4.750851524449781,2.1796448161225217,2.3648580055931747,8.962484210205181,2.993740838851149,2.856743697934557,9.322488943442698,3.05327511754881,2.8715340121141257,2.9903490019612375,2.992043461523717,2.5827221629609682,0.997715341074803,1.5040593805223592,2.559209336676801,36.08482936634231
5.989999999999917,1.6413502954392338,1.6413502954392338,4.766243080370544,2.1831727096981,2.363725553021503,8.991646730094155,2.998607465156811,2.8567564430356174,9.351567149052435,3.058033215819023,2.8715336792206694,2.994786861611423,2.996695314244436,2.585480642644707,0.997429872506643,1.5076989810651185,2.562940914703113,36.08482505642543
5.9999999999999165,1.6462864198589509,1.6462864198589509,4.781544542073856,2.186674310928323,2.36261208450223,9.020621755283505,3.0034349926847934,2.8567678263226988,9.380480810074237,3.062757060243962,2.871533350539547,2.9991628501833274,3.001296611739137,2.5882411410936808,0.9971298464866765,1.5112585627623507,2.5666018749969157,36.08482079742043
6.009999999999916,1.651168866374289,1.651168866374289,4.796752073897315,2.1901488702591236,2.3615178705153284,9.049400744746928,3.0082221900562676,2.856777717659285,9.409224021348328,3.067445846522531,2.871533026142249,3.0034770309126753,3.005846763904967,2.591000812355074,0.9968161917049757,1.5147233279393606,2.5701615404160916,36.08481659121611
6.019999999999916,1.6560002525068014,1.6560002525068014,4.811861872806339,2.193595649340675,2.360443170655362,9.077975211659608,3.012967841126023,2.856785985667115,9.437790959594437,3.072098787408119,2.871532706092255,3.0077276639315396,3.010344284553256,2.5937568879722868,0.9964885965281274,1.5180881014406644,2.5736209919631547,36.08481243965457
6.029999999999916,1.6607831227361949,1.6607831227361949,4.826870167707362,2.1970139206903907,2.359388233535942,9.10633672511257,3.0176707449807325,2.8567924978209946,9.466175883420723,3.07671511248941,2.871532390444806,3.011914906095824,3.0147886456325,2.596506672771621,0.9961480249519266,1.521352540735743,2.5769813428091872,36.08480834452961
6.039999999999916,1.6655199498174271,1.6655199498174271,4.841773218803786,2.2004029673684284,2.358353296704939,9.134476911858409,3.0223297159407356,2.856797120546042,9.494373133324755,3.081294067972863,2.871532079246667,3.0160391534578053,3.0191794470601456,2.5992475408832796,0.9957955886136739,1.5245192522869322,2.5802437346365026,36.084804307585216
6.0499999999999154,1.6702131361053543,1.6702131361053543,4.856567316996013,2.2037620826659152,2.3573385865705063,9.162387458088443,3.026943583565515,2.856799719317295,9.52237713168763,3.085834916467119,2.871531772535906,3.020098922235697,3.0235153537360984,2.6019769319826285,0.9954311079163133,1.527599696014811,2.583409334110922,36.08480033051409
6.059999999999915,1.6748650148937674,1.6748650148937674,4.871248783326795,2.2070905698060503,2.3563443183379698,9.1900601112412,3.0315111926630256,2.856800158761613,9.550182382762376,3.0903369367695777,2.871531470341663,3.0240937805308765,3.0277955656473607,2.6046923477386854,0.9950551049802459,1.5305769305772128,2.586490036954253,36.08479641495617
6.069999999999915,1.6794778517423647,1.6794778517423647,4.885813968472823,2.2103877416581965,2.3553706959576153,9.217486681842088,3.036031403303017,2.856798302761801,9.57778347265756,3.094799423655362,2.871531172683936,3.028025128246622,3.0320202101781355,2.6073913484577336,0.9946693261628856,1.533450486167662,2.5895671509243448,36.08479256249733
6.079999999999915,1.6840538458131988,1.6840538458131988,4.900259252283515,2.2136529204650657,2.354417912083385,9.244659045373941,3.040503090834466,2.8567940145628836,9.605175069317069,3.0992216876688685,2.8715308795733607,3.031891519054555,3.036187994278535,2.6100715499108165,0.9942735756378689,1.536219841263911,2.5925482313138315,36.084788774667906
6.089999999999915,1.6885951312039782,1.6885951312039782,4.914581043367674,2.2168854375830236,2.35348614804249,9.271569144178029,3.0449251459072073,2.8567871568804515,9.63235192249693,3.1036030549180946,2.8715305910109925,3.0356906724348205,3.040297213076137,2.612730620334673,0.9938670830668318,1.5388844253276974,2.595434481602382,36.08478505294144
6.099999999999914,1.693103778270323,1.693103778270323,4.928775778728607,2.2200846332355457,2.352575573815919,9.29820898938507,3.049296474497859,2.856777592010998,9.65930886373991,3.1079428668718974,2.8715303069881006,3.0394245493340644,3.0443482997464204,2.615366277596393,0.9934519303278085,1.5414531110153575,2.5982271182528414,36.08478139873345
6.109999999999914,1.6975817949444634,1.6975817949444634,4.942839923448172,2.223249856279805,2.35168634802981,9.324570662875631,3.0536159979400868,2.8567651819441613,9.686040806348657,3.112240480160339,2.871530027485962,3.043092592020973,3.0483404308231563,2.6179762865127736,0.9930284815772541,1.5439193470423695,2.6009273677145788,36.084777813400144
6.119999999999914,1.7020311280421783,1.7020311280421783,4.956769970420043,2.226380463986343,2.350818617957642,9.350646319269224,3.05788265295927,2.856749788476784,9.712542745358101,3.11649526637826,2.871529752475655,3.0466943374059396,3.0522728382788227,2.6205584563159756,0.9925971512687154,1.5462776859608387,2.6035364635298537,36.0847742982373
6.129999999999914,1.706453664565887,1.706453664565887,4.970562440132411,2.229475821831762,2.3499725195331793,9.376428187941364,3.0620953917115914,2.8567312733287005,9.738809757507639,3.120706611892191,2.871529481917868,3.050229422242113,3.0561448122436157,2.6231106382576517,0.9921584074163351,1.5485274709488575,2.606055643531797,36.084770854479146
6.1399999999999135,1.7108512329749495,1.7108512329749495,4.984213880500147,2.232535303304328,2.3491481773740945,9.401908575067699,3.0662531818275705,2.8567094982601535,9.764837001213763,3.1248739176507208,2.8715292157627013,3.053697588507761,3.059955703826042,2.625630723344292,0.9917127749802908,1.5506680081693962,2.608486147151558,36.08476748329729
6.149999999999913,1.7152256044621934,1.7152256044621934,4.997720866746411,2.2355582897223707,2.348345704816175,9.427079865694264,3.070355006460045,2.8566843251907525,9.79061971654358,3.128996598998404,2.8715289539494817,3.0570986889663736,3.0637049280333666,2.6281166401970006,0.9912608393739966,1.55269857000177,2.610829212799356,36.08476418579966
6.159999999999913,1.7195784942037065,1.7195784942037065,5.011080001333537,2.2385441700653432,2.347565203958005,9.45193452583289,3.0743998643365975,2.856655616319859,9.816153225189733,3.133074085493309,2.871528696406579,3.0604326928999956,3.067391966789592,2.630566353029393,0.9908032500925695,1.5546183983875566,2.613108914362699,36.08476096302965
6.169999999999913,1.7239115625845456,1.7239115625845456,5.024287913942916,2.2414923408173664,2.3468067657160034,9.476465104580614,3.0783867698163943,2.8566232342483064,9.841432930447116,3.137105820728258,2.871528443051229,3.0636971052214332,3.071015069040921,2.632977859737754,0.9903389897976644,1.5564309069874855,2.6153561696590906,36.08475781596511
6.179999999999913,1.7282264164199146,1.7282264164199146,5.037341261503475,2.244402205823073,2.346070469889691,9.500664236261988,3.0823147529514223,2.856587042101349,9.866454317191776,3.1410912621558413,2.8715281937893615,3.0668920690273382,3.074573819708362,2.635349190097974,0.9898687996210372,1.5581353285875073,2.6175167921277023,36.08475474551759
6.1899999999999125,1.7325246101396752,1.7325246101396752,5.050236728268344,2.24727317615557,2.3453563852370114,9.524524642593002,3.0861828595520717,2.8565469036527165,9.891212951862336,3.145029880917244,2.871527948515431,3.070019307796899,3.0780686088978926,2.6376784040641685,0.9893944642335134,1.5597257589829416,2.619591988697713,36.08475175253145
6.199999999999912,1.7368076469633646,1.7368076469633646,5.062971025939106,2.2501046699962886,2.3446645695595825,9.548039134865386,3.089990151257021,2.8565026834496834,9.915704482444232,3.1489211616749366,2.8715277071122616,3.0730792186156974,3.081499167617768,2.6399635901642395,0.9889168632757145,1.561201410248631,2.621582956230078,36.08474883778322
6.209999999999912,1.7410769800488934,1.7410769800488934,5.075540893836947,2.252896112526485,2.3439950697976735,9.571200616149849,3.0937357056073567,2.8564542469390215,9.939924638457013,3.1527646024492557,2.871527469450889,3.076068616686787,3.084863428792921,2.642202863987936,0.9884344684209667,1.562561477933766,2.623490879262074,36.08474600198089
6.219999999999912,1.745334013612895,1.745334013612895,5.087943099120048,2.255646935830173,2.3433479221347313,9.594002083516942,3.0974186161248762,2.856401460593728,9.963869230944951,3.1565597144589157,2.871527235390415,3.078986140437373,3.0881602515805455,2.644394366763324,0.9879469600616885,1.5638051447885641,2.6253169278268897,36.084743245763285
6.229999999999912,1.7495801040362033,1.7495801040362033,5.100174437046338,2.2583565788082134,2.3427231521112653,9.616436630273983,3.1010379923944793,2.8563441920404062,9.987534152471124,3.160306021965456,2.8715270047778643,3.08183678406624,3.091391711343884,2.6465362640177896,0.9874582481754577,1.5649315845475043,2.627062255334753,36.08474056969955
6.239999999999911,1.7538165609294987,1.7538165609294987,5.1122317312807235,2.2610244871032963,2.3421207747478734,9.638497448216572,3.104592960150585,2.85628231018718,10.010915377115142,3.1640030621216444,2.871526777448053,3.0846151794925416,3.0945546626045055,2.6486267443200355,0.9869653130714552,1.565939965776859,2.6287279965308583,36.084737974288615
6.249999999999911,1.7580446481960825,1.7580446481960825,5.124111834245901,2.2636501130355593,2.341540794677185,9.660177829893108,3.108082661367472,2.856215685352011,10.034008960474642,3.167650384823843,2.871526553223457,3.087321923246567,3.097648977884958,2.6506640180997163,0.9864691015505325,1.5668294557486322,2.6303152654995525,36.08473545995883
6.259999999999911,1.7622655850444902,1.7622655850444902,5.135811627515634,2.2662329155485397,2.3409832062845095,9.681471170880664,3.1115062543534546,2.856144189391309,10.05681103967062,3.1712475525683295,2.871526331914099,3.0899614513298936,3.1006764794515838,2.6526463165416225,0.985973102545659,1.5675992243634986,2.631825153746523,36.08473302706754
6.269999999999911,1.766480546990752,1.766480546990752,5.147328022249497,2.2687723601651837,2.340447993856922,9.70237097207058,3.114862913848791,2.8560676958286875,10.079317833356724,3.174794140311577,2.871526113317431,3.092523294914318,3.1036314655771724,2.6545718905515376,0.985470873166935,1.568248448081471,2.633258728326644,36.08473067590086
6.2799999999999105,1.7706906668286744,1.7706906668286744,5.1586579596679085,2.2712679189536202,2.3399351317405657,9.722870841962063,3.1181518311272245,2.8559860799837473,10.10152564173248,3.1782897353344737,2.8715258972182283,3.09502027938736,3.106520017740162,2.656439009791072,0.9849714488984673,1.5687763138630806,2.6346170300304665,36.08472840667337
6.28999999999991,1.774897035566141,1.774897035566141,5.169798411566259,2.2737190705023917,2.3394445845058938,9.742964498961998,3.121372214101035,2.85589921910076,10.123430846560527,3.1817339371104754,2.8715256833884983,3.09743709880264,3.1093340014381083,2.658245961778986,0.9844651600835858,1.5691820231091445,2.6359010716276776,36.084726219528
6.29999999999991,1.779100703352481,1.779100703352481,5.180746380866941,2.2761252999048494,2.3389763071205936,9.76264577368924,3.1245232874294984,2.855806992477105,10.145029911187802,3.1851263571776554,2.87152547158739,3.0997893902581,3.112080942755901,2.659991051056684,0.9839628669943197,1.569464795566948,2.637111836147024,36.08472411453595
6.30999999999991,1.7833026803503544,1.7833026803503544,5.191498902207954,2.278486098752405,2.3385302451299066,9.78190861128152,3.1276042926306262,2.85570928159134,10.166319380570695,3.188466619014647,2.87152526156111,3.102060233137421,3.1147519013944747,2.661672598415723,0.9834538204761426,1.5696238732226813,2.6382502752228367,36.08472209169658
6.31999999999991,1.7875039376024437,1.7875039376024437,5.202053042566815,2.28080096513633,2.338106334844087,9.800747073703135,3.130614488196069,2.85560597023076,10.187295881304065,3.1917543579204315,2.8715250530428564,3.104264625428629,3.1173541029715124,2.6632889401853514,0.9829484158944741,1.5696585241288656,2.639329949632965,36.08472015093751
6.3299999999999095,1.7917054078644332,1.7917054078644332,5.2124059019183955,2.283069403657803,2.337704503532684,9.81915534205148,3.1335531497090456,2.855496944618321,10.2079561216541,3.1949892208979516,2.8715248457527545,3.1063903304051683,3.119880991080884,2.664838427578192,0.982438994339448,1.5695680461729484,2.64036089120123,36.084718292114744
6.339999999999909,1.7959079863971958,1.7959079863971958,5.222554613925333,2.2852909254458904,2.3373246696253696,9.837127718860588,3.1364195699651836,2.8553820935387653,10.228296891594862,3.1981708665415085,2.8715246393977982,3.10844430080167,3.1223357379624246,2.666319426092392,0.9819305902087997,1.5693517707775833,2.6413195801178317,36.08471651501278
6.349999999999909,1.8001125317501052,1.8001125317501052,5.232496346659578,2.287465048183158,2.336966742919007,9.854658630399616,3.1392130590961194,2.855261308463848,10.24831506284849,3.2012989649279073,2.8715244336718135,3.1104257943114004,3.12471762741754,2.6677303149686242,0.9814231251437031,1.5690090664943603,2.642206852478208,36.08471481934488
6.359999999999909,1.804319866495651,1.804319866495651,5.242228303353697,2.289591296138614,2.3366306247906588,9.871742628964423,3.1419329446957365,2.8551344836764905,10.26800758892883,3.204373197511306,2.8715242282554176,3.112327082500329,3.127022406910797,2.6690694867004603,0.9809119069230462,1.5685393425056797,2.643023506637326,36.08471320475342
6.369999999999909,1.808530777952538,1.808530777952538,5.251747723180428,2.2916692002076626,2.336316208416214,9.88837439516015,3.144578571948895,2.855001516393741,10.287371505188435,3.207393257021726,2.8715240228159935,3.1141583837311604,3.129254937029244,2.670335346596789,0.9804040694824887,1.5679420519929315,2.6437703016969745,36.084711670810194
6.379999999999908,1.8127460188643063,1.8127460188643063,5.261051882059088,2.293698297958798,2.3360233789943385,9.904548740172826,3.147149303762506,2.854862306888401,10.306403928868711,3.210358847367177,2.8715238170076787,3.115912457669423,3.131411229862143,2.6715263123949877,0.9798952153745594,1.567216695381236,2.6444479560370557,36.08471021701693
6.389999999999908,1.8169663080621283,1.8169663080621283,5.270138093487294,2.2956781336867094,2.335752013975407,9.920260608027954,3.1496445208988195,2.8547167586091713,10.325102059153073,3.21326968353935,2.8715236104713537,3.117587826455144,3.133490228449217,2.67264081392371,0.9793847444393592,1.5663628234258617,2.645057145868514,36.08470884280577
6.399999999999908,1.8211923310904734,1.8211923310904734,5.279003709396573,2.297608258471529,2.335501983295119,9.935505077834003,3.15206362211076,2.8545647782991828,10.343463177222874,3.216125491522816,2.87152340283465,3.119191170251091,3.135495030066933,2.6736772928142165,0.9788774057484433,1.5653800401429365,2.6455985038202425,36.08470754753988
6.409999999999908,1.8254247408025546,1.8254247408025546,5.287646121030311,2.2994882302439192,2.335273149612462,9.950277366008754,3.1544060242791754,2.8544062761127718,10.361484646315931,3.218926008207696,2.8715231937119627,3.120718627124495,3.1374233868255654,2.6746342022592646,0.9783709957137264,1.5642680055668283,2.6460726175526847,36.08470633051405
6.419999999999908,1.8296641579384187,1.8296641579384187,5.296062759842579,2.3013176138557188,2.335065368551698,9.964572828486387,3.15667116255184,2.8542411657303606,10.379163911787439,3.2216709813057323,2.8715229827044775,3.1221633627267296,3.1392715453023556,2.6755100068186533,0.9778613572548476,1.563026438312771,2.646480028387123,36.084705190955525
6.429999999999907,1.8339111716566576,1.8339111716566576,5.3042510984163505,2.303095981155877,2.334878488948044,9.978386962903235,3.15885849048406,2.8540693644713016,10.39649850117297,3.224360169269706,2.871522769400204,3.123534291092873,3.1410437693187845,2.6763031822706056,0.9773546619435666,1.5616551179554052,2.646821229967838,36.08470412802469
6.439999999999907,1.8381663400497752,1.8381663400497752,5.31220865139954,2.3048229110713776,2.334712353096728,9.991715410760012,3.1609674801807137,2.853890793404557,10.413486024253418,3.2269933412161573,2.8715225533740263,3.1248307523378474,3.142739465931981,2.6770122155082046,0.976850773917975,1.5601538871907514,2.647096666934494,36.084703140815975
6.449999999999907,1.8424301906302791,1.8424301906302791,5.319932976457483,2.3064979896929203,2.33456679700507,10.004553959558528,3.162997622439595,2.853705377457056,10.430124173121538,3.229570276851324,2.871522334187756,3.126047556372927,3.144355744293241,2.677635604480211,0.9763465782366515,1.558522653782133,2.6473067336111984,36.084702228358765
6.459999999999907,1.8467032207742815,1.8467032207742815,5.327421675240237,2.308120810365055,2.3344416506472823,10.01689854491057,3.1649484268958585,2.8535130455196223,10.446410722249844,3.2320907664002636,2.871522111390203,3.1271824824718215,3.145891231729013,2.678171858175604,0.9758409023867075,1.5567613922919927,2.647451772718495,36.0847013896184
6.4699999999999065,1.8509858981555094,1.8509858981555094,5.33467239436331,2.3096909737805422,2.334336738221639,10.028745252616968,3.166819422167448,2.853313730550315,10.462343528559622,3.2345546105390803,2.871521884517258,3.1282415130219294,3.147348744051969,2.678619496651263,0.9753379288656284,1.5548740199214253,2.6475320740842787,36.08470062349726
6.479999999999906,1.85527866113622,1.85527866113622,5.341682826400312,2.311208088078681,2.334251878409689,10.040090320714597,3.1686101560013022,2.8531073696750524,10.477920531490707,3.2369616203301987,2.8715216530919823,3.129224106153651,3.1487277852826385,2.6789770511022675,0.9748375504811592,1.5528638288724153,2.647547873373385,36.08469992883581
6.489999999999906,1.8595819191341152,1.8595819191341152,5.348450710886044,2.3126717689473453,2.3341868846371927,10.050930141489197,3.1703201954202034,2.852893904285399,10.49313975307178,3.2393116171606247,2.8715214166247085,3.130129750541027,3.1500278843556724,2.679243063974302,0.9743396679009212,1.550725079817173,2.6474993508209494,36.08469930441391
6.499999999999906,1.8638960529578104,1.8638960529578104,5.354973835328603,2.314081639728513,2.3341415653364357,10.061261263451831,3.171949126870075,2.8526732801333696,10.507999297990848,3.2416044326831193,2.871521174613159,3.130952963184323,3.1512460429010885,2.679416089117723,0.9738409233227615,1.5484580953890485,2.6473866299721,36.0846987489519
6.509999999999906,1.8682214151170395,1.8682214151170395,5.361250036229009,2.315437331527029,2.3341157242096124,10.071080393276825,3.17349655636757,2.8524454474231367,10.522497353665567,3.2438399087602283,2.8715209265425727,3.1316946762348365,3.1523825425937124,2.679494691982878,0.9733421422189166,1.5460632717087128,2.6472097764217084,36.08469826111206
6.519999999999905,1.8725583301025868,1.8725583301025868,5.36727720010698,2.316738483322401,2.3341091604929405,10.080384397699051,3.174962109647775,2.852210360899506,10.536632190313183,3.2460178974111007,2.871520671885841,3.132358475568378,3.1534390308529363,2.679477449856283,0.9728458644711415,1.5435410783711465,2.6469687965551913,36.0846978394999
6.529999999999905,1.8769070946351312,1.8769070946351312,5.373053264531397,2.3179847420833894,2.3341216692211804,10.08917030536834,3.176345432311848,2.851967979933032,10.550402161019615,3.2481382607610185,2.871520410103662,3.1329439732851694,3.1544151379979226,2.6793629521372995,0.9723520206286526,1.5408920581860601,2.646663636288569,36.08469748266557
6.539999999999905,1.881267977882306,1.881267977882306,5.378576219154072,2.319175762885183,2.3341530414922556,10.097435308658897,3.177646189974412,2.8517182686016738,10.563805701807482,3.250200870993589,2.8715201406447033,3.1334508130998313,3.155310520227282,2.6791498006549888,0.9718605491945981,1.5381265259155714,2.646294179805962,36.0846971891055
6.549999999999905,1.8856412216597187,1.8856412216597187,5.383844106745427,2.3203112090289584,2.3342030647316343,10.105176765431573,3.178864068410534,2.8514611957688376,10.57684133170262,3.252205610305508,2.871519862945773,3.133878670515637,3.156124859792119,2.6788366100248244,0.9713713966180519,1.5352437605383653,2.6458602482824385,36.084696957263695
6.559999999999905,1.8900270405857633,1.8900270405857633,5.38885502423071,2.3213907521636057,2.3342715229561755,10.11239220074679,3.179998773702089,2.8511967351577314,10.589507652798796,3.2541523708638467,2.8715195764320147,3.1342272530067903,3.156857865172767,2.678422008044954,0.9708845172946408,1.5322377990947846,2.6453615986090258,36.08469678553359
6.569999999999904,1.8944256222190383,1.8944256222190383,5.393607123725425,2.3224140724094453,2.334358197037115,10.119079308526041,3.181050032383339,2.850924865421878,10.601803350320225,3.2560410547657757,2.871519280517104,3.1344937460070508,3.157507964493891,2.6779046361317453,0.9703982119134578,1.5291095435498558,2.644797922099582,36.08469667225952
6.579999999999904,1.8988371271616986,1.8988371271616986,5.3980986135685605,2.3233808584837226,2.3344628649618886,10.125235953159756,3.1820175915855264,2.850645570211706,10.613727192681601,3.25787157400067,2.871518974603458,3.134677510847192,3.1580747075752478,2.677283149794323,0.9699121866032352,1.525859963618473,2.6441688431879125,36.08469661573854
6.589999999999904,1.9032616891345493,1.9032616891345493,5.402327759352406,2.3242908078277136,2.3345853020944864,10.130860171059451,3.1829012191803017,2.8503588382370997,10.625278031545129,3.2596438504145095,2.8715186580824685,3.134781723584685,3.158559607179839,2.6765562191478236,0.969428613582267,1.5225002323967582,2.6434739181094016,36.084696614222125
6.599999999999904,1.9076994150234006,1.9076994150234006,5.406292884947551,2.32514362673525,2.334725281434038,10.13595017215203,3.183700703921779,2.850064663325806,10.636454801874336,3.261357815676522,2.8715183303347356,3.134806223380756,3.158962479722779,2.675722529465104,0.968947479670109,1.5190350653465245,2.6427126335654414,36.084696665918
6.6099999999999035,1.9121503848982353,1.9121503848982353,5.409992373521829,2.3259390304824907,2.3348825738713312,10.140504341314141,3.1844158555870403,2.849763044477596,10.64725652198418,3.26301341124798,2.871517990730319,3.134750882671362,3.1592831689237864,2.674780781766619,0.9684687799925479,1.515453738585807,2.6418844053677315,36.08469676899197
6.619999999999903,1.9166146519877068,1.9166146519877068,5.413424668551937,2.3266767434587767,2.335056948442978,10.144521239744435,3.185046505114868,2.849453985914098,10.657682293587127,3.2646105883530927,2.8715176386290033,3.1346156073861593,3.159521545998947,2.6737296934481862,0.9679925180291679,1.5117575391450733,2.640988577071181,36.08469692156988
6.629999999999903,1.921092242653962,1.921092242653962,5.4165882748264504,2.327356499298389,2.335248172582928,10.14799960627177,3.1855925047425275,2.8491374971241883,10.667731301834753,3.266149307951912,2.8715172733805745,3.1344003371730693,3.1596775098543466,2.672567998946342,0.9675187056690107,1.507951452474685,2.640024418566075,36.08469712173945
6.639999999999903,1.9255831563044747,1.9255831563044747,5.419481759439015,2.327978041013062,2.335456012371064,10.150938358597164,3.1860537281403722,2.848813592904875,10.677402815354542,3.2676295407151867,2.8715168943251093,3.1341050456281114,3.1597509872812926,2.671294450440988,0.9670473632742699,1.5040584606245766,2.6389911246663282,36.084697367552394
6.649999999999903,1.9300873652951869,1.9300873652951869,5.422103752770493,2.3285411211250904,2.335680232778588,10.153336594467557,3.186430070544081,2.8484822933975735,10.686696186281457,3.269051267001094,2.8715165007932777,3.1337297405301316,3.159741933152849,2.669907818594988,0.9665785197519394,1.5000568378904,2.637917234311066,36.084697657026325
6.659999999999902,1.9346048147974797,1.9346048147974797,5.424452949458826,2.329045501800861,2.3359205979099396,10.155193592779328,3.186721448884312,2.8481436241197047,10.695610850283858,3.2704144768337633,2.8715160921066585,3.133274464080096,3.159650330621421,2.668406893330379,0.9661122126333679,1.4959481282932265,2.636774771702575,36.084697988146864
6.669999999999902,1.939135422629589,1.939135422629589,5.426528109355479,2.329490954984689,2.336176871240965,10.156508814609523,3.1869278019135487,2.8477976159915386,10.704146326583405,3.271719169883535,2.8715156675780698,3.13273929314461,3.1594761913170917,2.66679048464081,0.9656484881616711,1.4917440740396495,2.635561573935082,36.08469835886974
6.679999999999902,1.943679079068499,1.943679079068499,5.428328058467223,2.329877262532776,2.3364488158530903,10.157281904172935,3.1870490903299458,2.847444305358207,10.712302217968535,3.2729653554488682,2.8715152265119075,3.132124339503315,3.159219555546448,2.665057423439816,0.9651874013869446,1.4874603827582218,2.634276472723744,36.0846987671229
6.689999999999902,1.9482356466156723,1.9482356466156723,5.429851689882122,2.330204216347169,2.3367361946632426,10.15751268970295,3.1870852968979273,2.847083734006829,10.720078210801088,3.274153052439835,2.871514768204502,3.131429750099839,3.158880492491608,2.663206562444487,0.9647290162692564,1.4830766742050543,2.6329182168854115,36.08469921080868
6.699999999999902,1.9528049597471513,1.9528049597471513,5.4310979646785995,2.330471618509567,2.3370387706492584,10.157201184254363,3.1870364265653386,2.846715949178687,10.727474075015715,3.275282289363119,2.871514291944485,3.1306557072959653,3.158459100409157,2.6612367770940546,0.9642734057893871,1.4785946746329333,2.631485470760775,36.08469968780594
6.709999999999901,1.9573868246184194,1.9573868246184194,5.432065912816387,2.330679281414838,2.3373563070705523,10.156347586426188,3.186902506576909,2.8463410035763865,10.734489664111614,3.2763531043084493,2.871513797013168,3.129802429128691,3.157955506828725,2.6591469665028935,0.9638206520672882,1.4740475011014336,2.629976812614309,36.08470019597237
6.719999999999901,1.9619810187507118,1.9619810187507118,5.4327546340082815,2.3308270279041046,2.3376885676838026,10.154952281002677,3.1866835865838135,2.8459589553659685,10.741124915136202,3.2773655449363903,2.87151328268494,3.128870169569846,3.1573698687508958,2.6569360544473795,0.9633708464882469,1.469414471189383,2.628390732995951,36.084700733146605
6.729999999999901,1.9665872906721944,1.9665872906721944,5.433163298571565,2.330914691397256,2.338035316953425,10.153015839510664,3.186379738749081,2.8455698681739094,10.74737984866036,3.278319668467424,2.8715127482276714,3.1278592187879526,3.1567023728441654,2.6546029903859965,0.9629240898367519,1.464690756739415,2.6267256330795385,36.08470129715056
6.739999999999901,1.9712053595327261,1.9712053595327261,5.433291148257999,2.330942116024763,2.338396320256614,10.150539020691495,3.1859910578486397,2.8451738110789813,10.753254568744774,3.279215541672242,2.8715121929031278,3.1267699034120136,3.1559532356406637,2.652146750512053,0.9624804924380551,1.4599025329555764,2.6249798229669015,36.08470188579166
6.7499999999999005,1.9758349146922218,1.9758349146922218,5.433137497061316,2.330909156758649,2.3387713440827302,10.147522770885812,3.1855176613677427,2.8447708585989337,10.758749262897009,3.2800532408631735,2.871511615967411,3.1256025867969006,3.15512270373033,2.6495663388382975,0.9620401743074329,1.455046915577818,2.6231515199575703,36.084702496865134
6.7599999999999,1.9804756152575214,1.9804756152575214,5.432701732001074,2.3308156795424804,2.3391601562268356,10.143968224329418,3.1849596895925414,2.8443610906719696,10.763864202018896,3.2808328518866814,2.871511016671396,3.1243576692900286,3.1542110539532437,2.6468607883126696,0.9616032653071538,1.4501084304100305,2.6212388467986734,36.084703128156335
6.7699999999999,1.9851270896080873,1.9851270896080873,5.431983313881901,2.330661561420255,2.339562525977159,10.139876703358684,3.1843173056965735,2.8439445926329814,10.768599740343834,3.281554470116843,2.8715103942611924,3.1230355884990133,3.1532185935898207,2.644029161964377,0.9611699053111716,1.4451127137106492,2.6192398298920683,36.08470377744296
6.7799999999999,1.989788934868816,1.989788934868816,5.430981778026949,2.330446690664034,2.3399782242963214,10.135249718523749,3.1835906958218967,2.843521455184553,10.77295631536363,3.2822182004497553,2.871509747978609,3.121636819559996,3.1521456605485527,2.6410705540794135,0.960740244377573,1.4400616609201373,2.617152397483261,36.08470444249747
6.7899999999999,1.9944607163579546,1.9944607163579546,5.429696734984616,2.3301709669002006,2.340407023996101,10.130088968608085,3.182780069154651,2.843091774362685,10.7769344477444,3.2828241572987733,2.871509077061639,3.1201618754063425,3.1509926235509957,2.6379840914045634,0.9603144429287948,1.4349355942979363,2.6149743778166887,36.08470512108935
6.7999999999998995,1.9991419670004686,1.9991419670004686,5.428127871207449,2.3298343012341993,2.340848699905591,10.124396340552826,3.1818856579947723,2.8426556514972607,10.780534741231234,3.283372464590521,2.871508380744957,3.1186113070373875,3.1497598823136843,2.634768934378897,0.9598926719396508,1.429766066254157,2.612703497263866,36.08470581098743
6.809999999999899,2.003832186696945,2.003832186696945,5.426274949702188,2.3294366163736218,2.341303029032559,10.118173909284467,3.180907717819627,2.84221319316724,10.783757882541181,3.283863255761601,2.8715076582604167,3.1169857037869466,3.1484478677266616,2.6314242783916653,0.9594751131332023,1.424546558074853,2.6103826719198437,36.08470650996221
6.819999999999899,2.008530841666931,2.008530841666931,5.424137810649962,2.3289778467495053,2.341769790717847,10.11142393744451,3.1798465273412977,2.8417645111505894,10.786604641244187,3.284296673755918,2.8715069088375746,3.1152856935912947,3.1470570420283113,2.627949355065435,0.9590619591845302,1.4192597747711932,2.60797072453054,36.08470721578814
6.829999999999899,2.013237363751575,2.013237363751575,5.421716371995614,2.3284579386357,2.3422487667826677,10.104148875019712,3.178702388557273,2.8413097223689627,10.789075869631546,3.2846728710225537,2.871506131704224,3.1135119432563196,3.145587898976164,2.6243434335632436,0.9586534139324475,1.4139494648002087,2.6054589461344535,36.084707926246004
6.839999999999899,2.0179511496734883,2.0179511496734883,5.419010630005192,2.3278768502661804,2.342739741668626,10.096351358871734,3.177475626794285,2.8408489488271385,10.791172502571609,3.2849920095141187,2.871505326086929,3.1116639337992034,3.14404033131825,2.6206058219184705,0.9582488993234088,1.4085877992240803,2.6028445889963865,36.08470863912514
6.849999999999898,2.0226715602700454,2.0226715602700454,5.416020659790555,2.327234551950137,2.3432425025703583,10.088034212164882,3.176166590745026,2.8403823175472516,10.792895557352267,3.2852542606855053,2.871504491211583,3.109737987588206,3.142412610474792,2.6167358683860344,0.9578457764391007,1.4031713258662255,2.600124794886701,36.084709352225744
6.859999999999898,2.027397919678178,2.027397919678178,5.412746615800201,2.3265310261847363,2.3437568395606263,10.079200443690905,3.1747756524974964,2.8399099604978386,10.79424613350989,3.285459805492968,2.871503626303972,3.1077399919530593,3.1407079601079304,2.6127329628134714,0.9574475868243408,1.3977469826672655,2.5972965932716057,36.08471006336117
6.869999999999898,2.0321295144833273,2.0321295144833273,5.409188732275313,2.3257662677653816,2.344282545707774,10.069853247089746,3.1733032075567165,2.8394320145177314,10.79522541264438,3.2856088343934644,2.8715027305903535,3.105670763549267,3.1389269971711364,2.6085965380303353,0.9570545751248072,1.392268364816436,2.5943568995068724,36.08471077036015
6.879999999999898,2.03686559283241,2.03686559283241,5.40534732367009,2.32494028389335,2.344819417185411,10.05999599996527,3.1717496748585425,2.838948621234844,10.795834658219981,3.2857015473441864,2.8715018032980404,3.103531159025893,3.137070370826108,2.6043260712543193,0.9566669981317242,1.3867629371088888,2.5913025130391025,36.08471147106903
6.8899999999998975,2.041605363507854,2.041605363507854,5.401222785035458,2.3240530942806488,2.3453672533742336,10.049632262895045,3.170115496775322,2.838459926979901,10.796075215351504,3.2857381538022024,2.871500843656002,3.1013220752854123,3.1351387625852163,2.5999210855123835,0.9562851250427278,1.3812385863852694,2.588130115620613,36.084712163354
6.899999999999897,2.046347994941904,2.046347994941904,5.396815592365218,2.3231047312519553,2.3459258569558843,10.03876577833341,3.1684011391131346,2.8379660826951505,10.795948510575627,3.285718872724145,2.8714998508954728,3.0990444497408025,3.1331328864476795,2.5953811510751157,0.9559092377311055,1.3756668238382803,2.5848598794920745,36.08471284510327
6.909999999999897,2.051092614224369,2.051092614224369,5.392126302903769,2.322095239843484,2.3464950339987696,10.027400469407022,3.1666070911003503,2.8374672438381343,10.795456051606996,3.285643932565882,2.8714988242505717,3.096699260569619,3.131053489029111,2.5907058869024526,0.9555396310235192,1.3701009071711319,2.5815002907573463,36.08471351422921
6.919999999999897,2.0558383060284844,2.0558383060284844,5.387155555414543,2.3210246778986523,2.3470745940357483,10.015540438602317,3.164733865367247,2.836963570280566,10.79459942707879,3.2855135712820895,2.8714977629589318,3.094287526964761,3.128901349684087,2.585894962098829,0.9551766129862754,1.3644991949840612,2.5780120918223255,36.08471416867046
6.929999999999897,2.060584111526402,2.060584111526402,5.381904070408259,2.319893116160367,2.3476643501336527,10.003189966344259,3.1627819979164324,2.8364552262024008,10.793380306267466,3.285328036325667,2.871496666262339,3.091806755720124,3.1266754401444348,2.5809480973757286,0.9548181984631816,1.358877943678526,2.5743914499740317,36.08471480639412
6.9399999999998965,2.065329027245403,2.065329027245403,5.376372650330243,2.318700638359821,2.3482641189545608,9.990353509465972,3.160752048083806,2.8359423799811614,10.791800438801388,3.285087584646928,2.871495533407383,3.089254059016985,3.1243745371080442,2.5758650665195293,0.9544621279147629,1.3532562007910192,2.5706344102201975,36.08471542539763
6.949999999999896,2.0700720038778853,2.0700720038778853,5.370562179705961,2.317447341301623,2.3488737208087938,9.97703569956886,3.1586445984898113,2.8354252040766137,10.789861654353105,3.284792482692492,2.871494363646119,3.086637513078769,3.122003108031098,2.5706456978624783,0.9541132473673646,1.347598089631987,2.5667368941096314,36.084716023711
6.959999999999896,2.0748119450575797,2.0748119450575797,5.364473625244038,2.3161333349451274,2.3494929796996016,9.963241341272989,3.156460254980726,2.8349038749108693,10.78756586231501,3.284443006403827,2.8714931562367334,3.0839582936742134,3.1195620590033672,2.565289875754543,0.9537719130341604,1.3419584469960952,2.5626946986299184,36.08471659939865
6.969999999999896,2.079547706076709,2.079547706076709,5.358108035896015,2.3147587424818195,2.35012172335951,9.948975410357587,3.1541996465597397,2.8343785727440114,10.784915051458169,3.2840394412153713,2.8714919104442176,3.0812176186232167,3.1170523292796837,2.559797542033816,0.9534384957329762,1.336293914750137,2.5585281690635546,36.084717150561296
6.979999999999896,2.0842780925700395,2.0842780925700395,5.351466542872152,2.313323700408603,2.3507597832783405,9.934243051791581,3.151863425307572,2.8338494815453577,10.781911289574039,3.283582082052166,2.871490625541063,3.0784167480261817,3.114474891356508,2.5541686974930786,0.9531133812255679,1.3306251620174219,2.5542465270016375,36.08471767533804
6.989999999999895,2.0890018591419794,2.0890018591419794,5.344550359612608,2.3118283585968507,2.3514069947228706,9.919049577654288,3.1494522662923927,2.8333167888604365,10.778556723098959,3.283071233326953,2.871489300807946,3.0755569844883577,3.1118307510390695,2.5484034033400937,0.9527969705661542,1.324962541348837,2.5498068177906936,36.08471817190803
6.999999999999895,2.0937177079479503,2.0937177079479503,5.3373607817134285,2.3102728803570862,2.3520631967481838,9.903400464946444,3.1469668674688083,2.8327806856738147,10.774853576721188,3.282507208936667,2.871487935534439,3.072628567601332,3.1091151851896286,2.5425017826490905,0.9524824478757578,1.3192742008908636,2.5452043500149615,36.08471863849234
7.009999999999895,2.098424287237073,2.098424287237073,5.329899186806687,2.3086574424991437,2.3527282322007146,9.887301353291848,3.1444079495656805,2.832241366267874,10.770804152970316,3.2818903322582726,2.871486529019714,3.0696405908328077,3.106333261094176,2.5364640218008856,0.9521752513390096,1.3136211849915365,2.5404343117974735,36.08471907335566
7.019999999999895,2.1031201898269116,2.1031201898269116,5.322167034394345,2.3069822353876814,2.3534019477130332,9.870758042530111,3.1417762559625584,2.8316990280776655,10.76641083178896,3.281220936143886,2.8714850805732635,3.066597217539201,3.1034875018452412,2.530290371909029,0.9518776060823401,1.3079452148608885,2.5354917710165146,36.08471947480805
7.0299999999998946,2.1078039515458324,2.1078039515458324,5.31416586563531,2.3052474629929236,2.3540841936904267,9.853776490201021,3.1390725525544996,2.831153871541964,10.761676070086587,3.280499362915132,2.8714835895156243,3.063499911422022,3.1005790411554583,2.5239811502293006,0.9515899688161503,1.302285743476336,2.5304234459389443,36.08471984120653
7.039999999999894,2.11247404961915,2.11247404961915,5.305897303085309,2.303453342936494,2.354774824289331,9.836362808921207,3.1362976276050727,2.830606099950656,10.756602401275355,3.2797259643566803,2.8714820551791096,3.060350179586308,3.097609046178329,2.5175367415498764,0.9513128132250507,1.2966299989713246,2.525186579130705,36.08472017095663
7.049999999999894,2.1171289010024292,2.1171289010024292,5.297363050389188,2.3016001065322333,2.3554736973877093,9.818523263653978,3.133452291587344,2.8300559192885943,10.75119243478798,3.2789011017089216,2.8714804769085456,3.0571440631770894,3.0945758556178595,2.5109575995594136,0.9510430317919095,1.2909708503383392,2.519761954620568,36.084720462514
7.059999999999894,2.121766860665603,2.121766860665603,5.288564891925426,2.2996879988218892,2.3561806745474505,9.800264268873264,3.1305373770126534,2.829503538076061,10.745448855577493,3.27802514565973,2.8714788540620155,3.0538773436395683,3.0914776815570835,2.5042442481903273,0.950777323449082,1.285341614384839,2.5141442555911513,36.084720714385774
7.069999999999894,2.126386219822705,2.126386219822705,5.27950469240256,2.2977172786055644,2.356895620968905,9.781592385622682,3.127553738246984,2.8289491672059808,10.739374423598946,3.2770984763352695,2.871477186011607,3.050562271238514,3.0883213024978287,2.4973972829344633,0.9505231380935896,1.2796972189386877,2.508335015885043,36.084720925131975
7.0799999999998935,2.130985204114466,2.130985204114466,5.270184396407469,2.2956882184668435,2.3576184054376834,9.762514318471126,3.1245022513147798,2.828393019778041,10.732971973273012,3.276121483289808,2.8714754721441715,3.0472005167145375,3.0851080131864794,2.490417372128415,0.9502810113046699,1.2740929718033014,2.502384079018343,36.08472109336692
7.089999999999893,2.1355619717365903,2.1355619717365903,5.260606027905389,2.293601104792503,2.358348900263834,9.74303691236606,3.121383813690021,2.827835310929864,10.726244412931628,3.275094565494503,2.8714737118620732,3.043793794978196,3.081839141684176,2.4833052582056996,0.9500514975519108,1.2684838970921133,2.496224285817391,36.08472121776035
7.099999999999893,2.140114611504595,2.140114611504595,5.250771689691725,2.2914562377867322,2.359086981213577,9.723167149386224,3.118199344074433,2.8272762576653916,10.719194724245575,3.2740181313251115,2.8714719045839634,3.0403336966911136,3.078510762324403,2.476061758913023,0.949828504597257,1.2628959018942127,2.4898500837812763,36.08472129703878
7.109999999999893,2.1446411408884134,2.1446411408884134,5.240683562795785,2.289253931479814,2.359832527433731,9.702912145395285,3.114949782162673,2.8267160786806502,10.711825961634341,3.2728925985486206,2.8714700497455374,3.0368230312184337,3.075124789904775,2.4686877684879227,0.9496132650831961,1.2573272397439546,2.483260553149073,36.08472132998652
7.119999999999893,2.1491395039675796,2.1491395039675796,5.230343905836584,2.286994513731195,2.3605854213690325,9.682279146598356,3.1116360883943925,2.8261549941870463,10.704141251658156,3.2717183943087393,2.8714681468003116,3.0332720524993406,3.0716870217499928,2.4611842587950328,0.9494118948646265,1.2517612385181935,2.476514951752306,36.08472131544675
7.129999999999892,2.1536075693519865,2.1536075693519865,5.219755054331114,2.284678326226936,2.3613455486725403,9.66127552600329,3.10825924369305,2.825593225732383,10.696143792392608,3.2704959551102655,2.8714661952203886,3.0296826410540976,3.0681989121265727,2.4535522804183576,0.9492250174523068,1.24623765625525,2.4695395151936084,36.08472125232256
7.139999999999892,2.158043128034451,2.158043128034451,5.208919419955429,2.2823057244715113,2.3621127981093264,9.639908779788952,3.1048202491914005,2.8250309960197493,10.68783685278584,3.2692257268022713,2.8714641944972406,3.026052135035789,3.0646595617413754,2.4457929637068965,0.9490502605062174,1.2407083084862378,2.4623286648053506,36.08472113957779
7.149999999999892,2.1624438912071065,2.1624438912071065,5.197839489759091,2.279877077773951,2.3628870614536868,9.61818652358268,3.1013201259435763,2.82446852872447,10.679223771998762,3.2679081645601307,2.8714621441424777,3.0223704448186086,3.0610642146483547,2.4379075197711058,0.9488803388524818,1.235224687312828,2.4549179529473357,36.08472097623793
7.159999999999892,2.166807488009164,2.166807488009164,5.186517825333628,2.277392769228362,2.3636682333801207,9.596116488649464,3.097759914623705,2.823906048309296,10.67030795872843,3.2665437328663502,2.871460043688635,3.0186554374526864,3.057422669320923,2.429897241427713,0.9487263512654116,1.2297472257360265,2.4473024470731275,36.084720761390926
7.169999999999892,2.1711314632248815,2.1711314632248815,5.174957061935731,2.274853195688841,2.364456211348316,9.573706517995433,3.0941406752110403,2.823343779838,10.661092890515025,3.265132905490223,2.8714578926899392,3.014909160001304,3.0537365041779276,2.4217635040905168,0.9485889964852785,1.2242970900170989,2.4394375780436106,36.084720494187735
7.179999999999891,2.1754132749377533,2.1754132749377533,5.163159907566117,2.2722587677388586,2.3652508954824407,9.550964562388344,3.090463486661563,2.822781948787588,10.651582113032747,3.2636761654662902,2.871455690723097,3.011127723433855,3.0500042168402324,2.413507766604898,0.9484650477671561,1.2188753342769472,2.4313469751988297,36.084720173843095
7.189999999999891,2.1796502921245278,2.1796502921245278,5.151129142005021,2.269609909655186,2.3660521884450056,9.527898676298156,3.086729446566083,2.8222207808592947,10.641779239365038,3.2621740050716235,2.8714534373880705,3.0073019627208137,3.046221566087112,2.4051315720238873,0.9483477645182704,1.213462921309683,2.4230603099813246,36.08471979963603
7.199999999999891,2.18383979219692,2.18383979219692,5.138867615805506,2.2669070593664635,2.3668599953056146,9.50451701376067,3.082939670794852,2.821660501788545,10.631687949264682,3.260626925801951,2.8714511323088505,3.0034505080233123,3.042398786784826,2.396636548323773,0.9482487563268389,1.2081004066515868,2.4145126094567106,36.08471937091025
7.209999999999891,2.187978958500309,2.187978958500309,5.126378249245827,2.26415066840655,2.367674223404925,9.480827824167536,3.0790952931287356,2.821101337154102,10.62131198839919,3.259035438346627,2.871448775134236,2.9995755733012825,3.038537578543611,2.388024409057368,0.948168803863377,1.2027399915211183,2.4057423514337675,36.08471888707467
7.2199999999998905,2.1920648777620206,2.1920648777620206,5.113664031242334,2.261341201862809,2.3684947822141376,9.456839447986084,3.0751974648770255,2.8205435121865605,10.610655167582122,3.2574000625624913,2.8714463655386036,2.995664617678116,3.0346319671487687,2.3792969539432227,0.9480989017542749,1.197429633635097,2.396764620299209,36.084718347603584
7.22999999999989,2.1960945374912235,2.1960945374912235,5.1007280182244035,2.258479138319503,2.3693215831903918,9.432560312412527,3.0712473544819745,2.8199872515764066,10.599721361990882,3.2557213274466354,2.8714439032226817,2.9917241078154,3.0306858808784027,2.3704560693892414,0.9480426031133908,1.1921339247240645,2.3875173063944555,36.08471775203707
7.23999999999989,2.200064823323353,2.200064823323353,5.087573332973203,2.255564969796526,2.370154539628393,9.407998926962374,3.0672461471102013,2.8194327792818124,10.588514510371752,3.2539997711081283,2.8714413879143104,2.987766151392431,3.026706193357512,2.3615037289493603,0.9480072206193623,1.1868696994332357,2.3780853922538348,36.08471709998099
7.24999999999989,2.203972516344682,2.203972516344682,5.074203163426083,2.252599201683709,2.3709935665086888,9.383163879001856,3.0631950442310814,2.818880318336396,10.577038614232807,3.2522359407387413,2.871438819369209,2.9837884243858976,3.022692271938058,2.3524419937121217,0.9479904955258301,1.1816417008392965,2.3684110250310217,36.0847163911072
7.25999999999989,2.2078142903485376,2.2078142903485376,5.060620761448678,2.249582352670975,2.371838580342954,9.358063829224584,3.0590952631823325,2.8183300906571125,10.565297737025501,3.250430392582727,2.8714361973717293,2.979775904454616,3.018636879153279,2.343273012620242,0.9479816908588105,1.1764268529283601,2.3584983678090934,36.08471562515352
7.269999999999889,2.2115867090717845,2.2115867090717845,5.046829441576831,2.246514954674647,2.372689499016707,9.33270750707765,3.05494803672299,2.817782316852488,10.553296003315841,3.2485836919057265,2.871433521735608,2.975752302686113,3.0145529515471576,2.333999022720466,0.9479958309172902,1.171269404744961,2.3484105880953154,36.08471480192366
7.279999999999889,2.2152862233841684,2.2152862233841684,5.032832579730759,2.243397552760268,2.3735462416298576,9.307103706141527,3.0507546125739986,2.817237216031403,10.541037597945918,3.2466964129628626,2.87143079230471,2.9717201198697403,3.010442388716928,2.324622349343271,0.948033853460915,1.166121017192762,2.338050814623084,36.084713921287104
7.289999999999889,2.218909168450877,2.218909168450877,5.018633611903864,2.2402307050622854,2.3744087283355317,9.281261279468444,3.046516252946707,2.8166950056126034,10.528526765186875,3.244769138966111,2.8714280089537647,2.9676543586355333,3.0062927801005146,2.315145406212256,0.9480783174617421,1.161022783625605,2.327561172312223,36.08471298317884
7.299999999999889,2.222451760862314,2.222451760862314,5.004236032828914,2.2370149827010355,2.3752768801775868,9.255189134883906,3.0422342340595514,2.816155901135166,10.51576780788425,3.2428024620510345,2.8714251715891006,2.9635833830649037,3.0021195031544363,2.3055706954833157,0.9481473830119059,1.1559496534381835,2.3168139165139725,36.08471198759917
7.309999999999889,2.225910095734679,2.225910095734679,4.98964339462435,2.2337509696974616,2.376150618927279,9.228896230256307,3.0379098456432683,2.8156201160700767,10.502765086596854,3.2407969832429884,2.8714222801493565,2.959510635450245,2.997924965065697,2.2959008077140113,0.9482426087011814,1.150907307808891,2.3059236567950414,36.08471093461324
7.319999999999888,2.2292801438033703,2.2292801438033703,4.974859305423725,2.230439262886063,2.3770298669195333,9.202391568739605,3.0335443904349915,2.8150878616331716,10.489523018730234,3.238753312422889,2.8714193346061974,2.955410342818697,2.993696371181672,2.2861384217638605,0.9483459580017728,1.1459120070181166,2.2948196426897542,36.08470982435067
7.329999999999888,2.2325577484778334,2.2325577484778334,4.959887427991347,2.22708047182659,2.377914546889265,9.175684193994393,3.029139183661654,2.814559346599585,10.476046077666064,3.2366720682926875,2.8714163349650157,2.9513111310492333,2.9894492490546436,2.276286304626604,0.948475821215529,1.1409304017151356,2.2835743364781704,36.084708657005
7.339999999999888,2.235738622906247,2.235738622906247,4.944731478327446,2.2236752187150546,2.378804581808232,9.14878318539256,3.0246955525131054,2.81403477711994,10.462338791888646,3.2345538783406664,2.8714132812656166,2.947214430864649,2.98518497353591,2.2663473111958403,0.9486324017518357,1.1360132608987654,2.2721507209581513,36.08470743283313
7.349999999999888,2.2388183470214873,2.2388183470214873,4.9293952242662185,2.2202241382946495,2.3796998947228754,9.121697653211179,3.0202148356054375,2.8135143565384544,10.448405744109932,3.232399378806699,2.8714101735828965,2.9430970179138165,2.980892095386186,2.2563243839657967,0.9487992923710018,1.131113958165847,2.260603466776739,36.084706152154645
7.3599999999998875,2.2417923645905504,2.2417923645905504,4.913882484070383,2.2167278777672244,2.3806004085936197,9.094436733821171,3.0156983824350156,2.812998285213168,10.434251570394494,3.2302092146476356,2.871407012027504,2.938989537667993,2.976587201670084,2.2462205526693912,0.9489963115182136,1.1262584551467947,2.248902902915523,36.08470481535113
7.369999999999887,2.244655980280453,2.244655980280453,4.898197125025839,2.213187096705979,2.3815060461361077,9.067009584876564,3.0111475528237674,2.812486760338472,10.419880959285907,3.227984039502969,2.8714037967464936,2.9348822259353087,2.9722658555829677,2.236038933856107,0.9492161068680675,1.1214439129168796,2.2371128249575922,36.0847034228653
7.379999999999887,2.2474043567258946,2.2474043567258946,4.882343062040356,2.2096024669701007,2.382416729664828,9.039425380510247,3.0065637163563066,2.8119799757701394,10.40529865093615,3.2257245156609624,2.8714005279239574,2.930769686301842,2.967925899097049,2.225782730412656,0.9494542236208233,1.1166525349387908,2.225182280300935,36.08470197520022
7.389999999999887,2.2500325116259807,2.2500325116259807,4.866324256250124,2.205974672622087,2.3833323809396103,9.011693306542249,3.0019482518095226,2.8114781218530376,10.390509436239647,3.22343131402542,2.871397205781642,2.926674691164928,2.9635798262409767,2.2154552310298197,0.9497252566208584,1.1119251996780546,2.2132125678408503,36.084700472918286
7.399999999999887,2.2525353148800007,2.2525353148800007,4.850144713638305,2.2023044098485354,2.3842529210154337,8.98382255570672,2.9973025465752903,2.810981385251716,10.375518155973682,3.2211051140833145,2.8713938305795557,2.9225720771138946,2.9592152074467206,2.205059809619293,0.9500113807256927,1.10721821463881,2.201101995529435,36.08469891664031
7.4099999999998865,2.2549074857574545,2.2549074857574545,4.8338084836696815,2.1985923868852275,2.3851782700960023,8.955822322903844,2.9926279960770006,2.8104899487840376,10.360329699946956,3.2187466038734636,2.8713904026165458,2.9184856161354737,2.9548450588745507,2.1945999246848724,0.9503278825181702,1.1025627225425902,2.189017714668483,36.084697307044415
7.419999999999886,2.257143590117945,2.257143590117945,4.817319657945637,2.1948393239473445,2.38610834739153,8.927701800483144,2.9879260031806583,2.8100039912580566,10.344949006158137,3.216356479956495,2.8713869222308714,2.9144112782124125,2.9504679438242154,2.184079118652768,0.9506712425041364,1.0979474190565623,2.1767916673683154,36.08469564486489
7.429999999999886,2.2592380377067194,2.2592380377067194,4.800682368883802,2.1910459531657027,2.3870430709811457,8.899470173564588,2.983197977601317,2.8095236873122893,10.329381059966401,3.213935447386335,2.8713833898007435,2.9103423231666437,2.9460810227671237,2.173501017166373,0.9510360605942632,1.0933613971026102,2.1646445846407745,36.08469393089106
7.439999999999886,2.2611850795121606,2.2611850795121606,4.783900788426717,2.187213018529909,2.3879823576803325,8.871136615404122,2.978445335305673,2.8090492072595774,10.313630893275864,3.211484219683457,2.871379805744851,2.906302021610886,2.9416970450600477,2.1628693283513303,0.9514373789250095,1.0888402865477689,2.1523990015543193,36.08469216596597
7.449999999999886,2.262978805221847,2.262978805221847,4.76697912678391,2.183341275839375,2.388926122913798,8.842710282810303,2.97366949791168,2.8085807169347023,10.297703583736084,3.209003518810175,2.8713761705228653,2.902259664153026,2.93730072953917,2.152187842057313,0.95185345467447,1.0843444402939941,2.1402074772711575,36.084690350985134
7.459999999999885,2.2646131407733394,2.2646131407733394,4.749921631211864,2.1794314926631357,2.3898742805941127,8.814200311618709,2.968871892086068,2.8081183775459175,10.281604253960682,3.2064940751482265,2.87137248463592,2.8982528822796882,2.9329122771196747,2.141460429083499,0.9523091604083901,1.0799018370118756,2.1280027652012263,36.08468848689519
7.469999999999885,2.2660818460291265,2.2660818460291265,4.732732584836256,2.1754844483094464,2.390826743006491,8.785615812231052,2.964053948940716,2.8076623455305585,10.265338070766374,3.2039566274789637,2.8713687486270656,2.89425258268983,2.9285172559605144,2.130691040395355,0.9527838110106707,1.0755048755623422,2.1158158134106553,36.084686574692384
7.479999999999885,2.267378512582209,2.267378512582209,4.715416305520954,2.1715009338061435,2.3917834207000017,8.756965865225762,2.959217103428838,2.807212772414895,10.2489102444346,3.201391922966415,2.8713649630817026,2.8902867762267497,2.924130863498646,2.1198837063409535,0.95329576866782,1.0711371948242872,2.103707625647476,36.0846846154212
7.489999999999885,2.2684965617044015,2.2684965617044015,4.697977144788137,2.1674817518927667,2.3927442223854882,8.728259517047011,2.954362793741996,2.8067698046783747,10.232326027998154,3.19880071714356,2.871361128627986,2.8863360566111522,2.919743702903719,2.1090425358757363,0.953830931981065,1.0668418018730514,2.091571871630526,36.08468261017283
7.4999999999998845,2.269429242474338,2.269429242474338,4.680419486793846,2.1634277170254257,2.393709054840459,8.699505775779125,2.949492460708982,2.8063335836224077,10.215590716555157,3.1961837739021135,2.8713572459372028,2.8824205507383165,2.9153668727256408,2.098171715805346,0.9544023130206913,1.0625769466756696,2.0796101082739233,36.0846805600835
7.509999999999884,2.2701696300864334,2.2701696300864334,4.662747747363278,2.1593396553954354,2.3946778228211376,8.670713607013354,2.944607547197649,2.805904245243838,10.198709646612826,3.1935418654861607,2.871353315724121,2.8785250345687006,2.910993151256946,2.087275510056865,0.9549986450065661,1.058360577211196,2.06762233119427,36.08467846633298
7.519999999999884,2.270710624365212,2.270710624365212,4.644966373089907,2.1552184049626866,2.3956504289818428,8.641891929814012,2.939709497520803,2.80548192011324,10.18168819546351,3.1908757724899774,2.8713493387473106,2.874669184639567,2.906633392234979,2.076358258989613,0.9556326807306676,1.0542023508322806,2.0557974008862225,36.08467633014284
7.529999999999884,2.271044948505853,2.271044948505853,4.62707984050245,2.1510648155047423,2.396626773801825,8.613049612790904,2.9347997568472888,2.805066733258182,10.16453178059554,3.1881862838603925,2.871345315809434,2.8708343660609033,2.9022786146192865,2.0654243787574558,0.9562907660268752,1.0500780094739348,2.0440168776601353,36.0846741527748
7.539999999999884,2.2711651480802164,2.2711651480802164,4.609092655303549,2.1468797486826197,2.397606755519615,8.584195470285124,2.9298797706194573,2.804658804051564,10.147245859141437,3.18547419690404,2.871341247757498,2.8670475238921975,2.897943418590192,2.0544783607354935,0.9569907313006135,1.0460181047264285,2.0323467473507804,36.08467193552891
7.5499999999998835,2.271063590297663,2.271063590297663,4.591009351683769,2.142664078124186,2.398590270074916,8.555338258675025,2.9249509839781975,2.8042582461051873,10.129835927366035,3.182740317299863,2.87133713548309,2.863278724301832,2.893612988610217,2.0435247710248747,0.9577110568341042,1.042005752956783,2.02080698946365,36.08466967974182
7.559999999999883,2.2707324635856696,2.2707324635856696,4.57283449171437,2.1384186895260644,2.399577211058008,8.526486672809353,2.9200148411967626,2.803865167168643,10.112307520197193,3.1799854591172574,2.871332979922551,2.8595608791301155,2.88930499223082,2.032568250050541,0.9584737694831095,1.0380308610469788,2.0093253436295275,36.08466738678489
7.569999999999883,2.2701637774724164,2.2701637774724164,4.554572664821978,2.1341444807749026,2.400567469666564,8.49764934257428,2.915072785124632,2.803479669033655,10.094666210801579,3.177210444840187,2.87132878205715,2.8558725213098786,2.885008996640744,2.0216135122677232,0.9592631755225299,1.0341329102634265,1.998053650719693,36.08466505806245
7.579999999999883,2.2693493628580397,2.2693493628580397,4.536228487348088,2.1298423620888207,2.4015609346697264,8.468834829601104,2.910126256642674,2.803101847443966,10.0769176102083,3.1744161053977,2.8713245429131864,2.85222686563751,2.880732479620998,2.01066534599418,0.9600876774729927,1.0302757186772742,1.9868033052183007,36.084662695009776
7.589999999999883,2.268280872631755,2.268280872631755,4.517806602195902,2.125513256179764,2.4025574923792283,8.440051624121248,2.9051766941308834,2.8027317920108765,10.059067366982767,3.1716032802011616,2.8713202635620796,2.8486298146024196,2.8764791320191154,1.9997286133863672,0.9609506192837067,1.026465810670248,1.975808528651968,36.08466029909118
7.599999999999882,2.266949782726866,2.266949782726866,4.499311678566693,2.1211580984374296,2.403557026627297,8.411308141974958,2.9002255329499733,2.8023695861345432,10.041121166953504,3.16877281718862,2.871315945120408,2.845060987316531,2.8722391005436583,1.9888082505790823,0.9618369807468969,1.0227297219322973,1.9648542917713487,36.08465787179818
7.609999999999882,2.265347393615904,2.265347393615904,4.480748411787558,2.116777837135385,2.4045594187509556,8.382612721780175,2.8952742049381395,2.802015306931093,10.023084732994349,3.1659255728766507,2.871311588749914,2.841544110472135,2.8680252564702293,1.9779092680095056,0.9627625657692488,1.019037629885199,1.9541146776584086,36.084655414647365
7.619999999999882,2.2634648322819433,2.2634648322819433,4.462121523231887,2.1123734336598456,2.4055645475823355,8.35397362226762,2.8903241379242606,2.8016690251656695,10.004963824864515,3.163062412420045,2.871307195657454,2.8380764887677006,2.863836848278735,1.9670367509481417,0.9637247291779568,1.0153997004232744,1.9434704560226785,36.08465292917849
7.629999999999882,2.2612930546882457,2.2612930546882457,4.443435760333469,2.107945862761534,2.4065722894445045,8.325399019788144,2.8853767552588594,2.801330805191463,9.986764239108824,3.1601842096796866,2.871302767094928,2.834641249317135,2.8596658423777885,1.9561958602608098,0.964710840365341,1.0118350959792528,1.9330073771788134,36.084650416952414
7.6399999999998816,2.25882284882153,2.25882284882153,4.42469589669471,2.103496112830901,2.407582518152233,8.29689700599797,2.880433475364076,2.8010007048948107,9.968491809020518,3.1572918472989664,2.871298304359147,2.8312573444953215,2.8555226221005863,1.9453918334276439,0.9657334334962093,1.0083187739254087,1.922682868625484,36.08464787954906
7.649999999999881,2.2560448382988847,2.2560448382988847,4.405906732288751,2.099025186196857,2.4085951050170884,8.268475585727465,2.8754957113039596,2.80067877564641,9.950152404668662,3.1543862167890384,2.871293808791661,2.8279235686758604,2.8514071977572923,1.9346299858470655,0.9667908986409052,1.0048596227948445,1.9125150301857468,36.08464531856537
7.659999999999881,2.2529494865903748,2.2529494865903748,4.387073093754942,2.0945340994490738,2.4096099188561224,8.240142675038474,2.870564870376295,2.800365062258717,9.931751932992253,3.1514682186232266,2.8712892817785396,2.824637417307336,2.8473189136014487,1.9239157124548079,0.9678807002274082,1.0014776582469924,1.9025163408647174,36.08464273561316
7.669999999999881,2.249527101920555,2.249527101920555,4.368199834786276,2.090023883783694,2.410626826003401,8.211906099475199,2.8656423537272055,2.800059602949574,9.913296337962832,3.1485387623408467,2.871284724750112,2.8213889319027396,2.8432532991737,1.9132544896904544,0.9689950088584859,0.9981485879673416,1.8926600658286785,36.08464013231715
7.679999999999881,2.245767842848893,2.245767842848893,4.349291836606961,2.085495585372206,2.4116456903234935,8.18377359251312,2.8607295559897166,2.799762429312099,9.894791600817307,3.145598766660698,2.871280139180647,2.8181890889449877,2.839216610270522,1.9026518778465205,0.9701408017780194,0.9948756635529008,1.8829902955500695,36.08463751031275
7.6899999999998805,2.2416617245866086,2.2416617245866086,4.330354008537506,2.080950265753006,2.4126663732260125,8.15575279421011,2.855827864947415,2.7994735662908843,9.87624374036238,3.142649159604422,2.8712755265879903,2.8150363802957927,2.835208699210115,1.8921135238379245,0.9713162307198564,0.9916883618855695,1.8734598056104497,36.08463487124399
7.69999999999988,2.2371986261069314,2.2371986261069314,4.311391288644074,2.0763890022450213,2.4136887336802193,8.127851250063474,2.8509386612243124,2.799193032164525,9.857658813351826,3.139690878629905,2.8712708885331457,2.811929223783978,2.8312293810228124,1.8816451644328007,0.9725193850298809,0.9885589220500558,1.8641195846276186,36.08463221676141
7.70999999999988,2.2323682980488475,2.2323682980488475,4.292408644468126,2.0718128883825697,2.4147126282286013,8.100076410076186,2.8460633180019355,2.798920838534496,9.839042914937487,3.136724870774848,2.8712662266198112,2.8088659625124874,2.827278433418001,1.8712526299890073,0.9737482902936941,0.9854891791615974,1.8549272661338065,36.084629548519935
7.71999999999988,2.227160371500421,2.227160371500421,4.273411073831564,2.0672230343704,2.415737910998341,8.072435628035125,2.8412032007646206,2.7986569903203926,9.820402179194657,3.1337520928105747,2.8712615424938495,2.805844864597344,2.8233555969731885,1.8609418487444367,0.9750009072721573,0.9825007714599999,1.8459152342457237,36.08462686817667
7.72999999999988,2.2215643676613883,2.2215643676613883,4.254403605711928,2.0626205675576705,2.4167644337094587,8.04493616100352,2.836359667073892,2.7984014857615507,9.801742779722048,3.130773511406095,2.8712568378427155,2.8028641233778058,2.819460575562183,1.8507188517133315,0.9762751311790255,0.979584331927414,1.83707188261519,36.084624177388925
7.739999999999879,2.2155697084617536,2.2155697084617536,4.23539130118125,2.058006632929362,2.417792045678418,8.01758516902935,2.8315340663727406,2.79815431642502,9.783070930316237,3.1277901033023676,2.8712521143948195,2.799921858137878,2.815593037039507,1.8405897782453953,0.97756879133632,0.9767331116734942,1.8283851073050974,36.08462147781189
7.749999999999879,2.2091657281392334,2.2091657281392334,4.216379254401509,2.0533823936134032,2.4188205938158855,7.990389715070661,2.826727739820491,2.797915467219912,9.764392885720147,3.1248028554966707,2.871247373918833,2.797016115379723,2.811752614197985,1.8305608823094657,0.9788796512441239,0.9739513872487551,1.8199001460195474,36.084618771096636
7.759999999999879,2.202341685840469,2.202341685840469,4.197372593668669,2.048749031401521,2.4198499226173467,7.9633567651383,2.8219420201588656,2.797684916418084,9.745714942444387,3.1218127654368364,2.871242618222942,2.7941448706896814,2.80793890601627,1.8206385395690647,0.9802054091023221,0.9712624168884437,1.8115344805188698,36.08461605888793
7.769999999999879,2.1950867792970628,2.1950867792970628,4.178376482496545,2.0441077472815725,2.4208798741451805,7.936493188655662,2.8171782316097187,2.7974626356811503,9.72704343966011,3.118820841225111,2.8712378491540305,2.791295949730069,2.80414636692112,1.8108292553232566,0.9815364325748498,0.9686446253488273,1.8034161530213892,36.084613342822074
7.779999999999879,2.1873901595450818,2.1873901595450818,4.159396120730758,2.039459761978833,2.4219102880008507,7.909805759034474,2.8124376898047845,2.7972485900937816,9.708384760161268,3.11582810183124,2.8712330685968137,2.7884727814646784,2.80037737932532,1.8011396733929885,0.982874287620095,0.9661002729167385,1.7953777494161796,36.084610624524835
7.789999999999878,2.1792409468117606,2.1792409468117606,4.140436745682375,2.034806316503459,2.4229410012857557,7.883301154464717,2.8077217017476497,2.797042738203258,9.689745331393715,3.11283557731431,2.8712282784728935,2.7856745715216618,2.7966321796597238,1.7915765860405763,0.9842174982083052,0.9636342236931834,1.7876220723707146,36.084607905609225
7.799999999999878,2.1706282475361003,2.1706282475361003,4.121503633269761,2.030148672701032,2.42397184854938,7.856985958915989,2.8030315658079896,2.796845032065236,9.671131626547789,3.109844309052752,2.8712234807397685,2.7828815292959983,2.792901401223957,1.7821469450182337,0.9855508200531221,0.9612660387327492,1.7799666944521368,36.08460518767344
7.809999999999878,2.1615411725713964,2.1615411725713964,4.1026020991564875,2.0254881138028153,2.4250026617232927,7.830866663346763,2.798368571747968,2.796655417295671,9.652550165710611,3.106855349981813,2.8712186773897637,2.780101704661999,2.789189776565076,1.7728578738507288,0.98687910158366,0.9589779362683213,1.7725185342132903,36.08460247229868
7.819999999999878,2.1519688566062394,2.1519688566062394,4.083737499872222,2.0208259449720605,2.426033270039625,7.804949667116971,2.7937340007804914,2.796473833128837,9.634007517073368,3.1038697648376563,2.8712138704489005,2.7773218616304614,2.7854912809837775,1.7637166814673457,0.9881917577580643,0.9567724651097714,1.7652522115088527,36.084599761047045
7.8299999999998775,2.1419004788041964,2.1419004788041964,4.064915233902744,2.016163493842388,2.427063499932644,7.779241279598481,2.7891291256588464,2.796300212481384,9.615510298188228,3.1008886304071335,2.871209061975698,2.7745312426475923,2.781801163791241,1.7547308773095662,0.989479941589469,0.9546522632026316,1.7581049505979647,36.08459705545936
7.839999999999877,2.1313252846968216,2.1313252846968216,4.046140742734352,2.011502111043971,2.4280931749221204,7.753747721976898,2.784555210797031,2.796134482022355,9.597065177268721,3.097913035782109,2.871204254059906,2.7717256950634495,2.7781180188070294,1.745908188053302,0.9907395595281159,0.952630110252777,1.7512329670116218,36.08459435705308
7.849999999999877,2.1202326093359978,2.1202326093359978,4.02741951183732,2.0068431707129784,2.429122115477178,7.728475129237157,2.7800135124198873,2.7959765622490824,9.578678874526577,3.0949440826170957,2.871199448821167,2.7688945178782824,2.7744371506292484,1.7372565760982859,0.9919617165101074,0.9507064959826612,1.7444725725366292,36.084591667320105
7.859999999999877,2.108611901700963,2.108611901700963,4.0087570715721705,2.0021880709793898,2.4301501388594504,7.703429552324218,2.775505278741912,2.795826367568878,9.56035816353707,3.091982885388771,2.871194648407605,2.766022859475673,2.770751793954545,1.7287842599924839,0.9931344360598126,0.9488758203297271,1.7379067567343272,36.08458898772462
7.869999999999877,2.096452750382158,2.096452750382158,3.9901589980019074,1.9975382344280441,2.431177058944422,7.678616960469043,2.7710317501733974,2.7956838063864344,9.542109872624174,3.0890305716558024,2.8711898549943475,2.763106535958874,2.767060561973252,1.7204997369762964,0.9942534723673434,0.9471410607494624,1.731553580964587,36.08458631970099
7.879999999999876,2.083744910512823,2.083744910512823,3.971630913592785,1.9928951085274873,2.4322026860198913,7.654043243668913,2.766594159552303,2.795548781196813,9.523940886255682,3.0860882823172253,2.8711850707819666,2.760127537443865,2.763355131119328,1.7124118078500827,0.9953044416990982,0.9455052993522165,1.725325480564299,36.08458366465151
7.889999999999876,2.07047833195598,2.07047833195598,3.953178487785474,1.9882601660209043,2.433226826560699,7.629714215309889,2.7621937324000085,2.7954211886839397,9.505858146437612,3.083157171867437,2.8711802979948553,2.7570719224707303,2.7596292382142997,1.7045296043892844,0.9962758736833571,0.9439717268671056,1.7193284739865584,36.08458102394425
7.899999999999876,2.056643188695631,2.056643188695631,3.9348074374181183,1.983634905273175,2.434249282978891,7.60563561491801,2.7578316871988418,2.795300919824482,9.487868654096244,3.080238408645708,2.871175538879512,2.753929506517374,2.755878512053315,1.6968626195544936,0.9971590023286084,0.9425533912209698,1.7135192699691804,36.0845783989108
7.909999999999876,2.0422299094382765,2.0422299094382765,3.9165235269822656,1.9790208505678422,2.435269853348704,7.581813111024707,2.7535092356890156,2.7951878599969775,9.469979470434906,3.07733317507788,2.871170795702766,2.7506832560169965,2.752095151710876,1.6894207407692765,0.9979400104262581,0.9412460101659167,1.7078483941896807,36.084575790844085
7.919999999999876,2.027229209352724,2.027229209352724,3.8983325686923225,1.9744195523475558,2.4362883311058896,7.55825230413042,2.7492275831823054,2.795081889096125,9.452197718251947,3.0744426679077863,2.8711660707499136,2.7473196626869893,2.748273123903824,1.682214286566878,0.9986076277688081,0.940050066000465,1.7024058772450483,36.08457320099604
7.929999999999875,2.0116321229152327,2.0116321229152327,3.880240422348955,1.9698325873913638,2.4373045047210753,7.534958729749487,2.7449879288895764,2.7949828816520603,9.43453058320497,3.0715680984156886,2.871161366322775,2.7438251327220398,2.7444063453369574,1.675254046938203,0.9991505027698311,0.9389691869944613,1.6971643685685356,36.0845706305753
7.939999999999875,1.9954300377896819,1.9954300377896819,3.862252994976685,1.9652615589220395,2.438318157347056,7.511937861517834,2.7407914662589405,2.7948907069545164,9.416985315005554,3.068710692620853,2.871156684737678,2.740190476077224,2.7404909215959665,1.6685513277481427,0.9995605102317033,0.9380071365217961,1.69207412628293,36.08456808074495
7.949999999999875,1.9786147296871306,1.9786147296871306,3.844376240215922,1.9607080966364987,2.4393290664401026,7.489195114343999,2.736639383321083,2.794805229181708,9.399569228527666,3.0658716914651967,2.871152028323357,2.736410566455684,2.736524967698903,1.6621179996256592,0.9998325251438385,0.9371678200993651,1.6871703873699373,36.084565552619964
7.959999999999875,1.9611783980980368,1.9611783980980368,3.8266161574496973,1.9561738566522398,2.4403370033556295,7.466735847582723,2.7325328630380135,2.7947263075337974,9.382289704811901,3.0630523509747434,2.8711473994187644,2.7324925291564743,2.7325126958737544,1.655966551775427,0.9999704561273389,0.9364552932106579,1.6825187353401885,36.08456304726495
7.9699999999998745,1.9431137028227337,1.9431137028227337,3.808978790645658,1.9516605213626825,2.4413417329187452,7.444565368209208,2.728473083651222,2.794653796370786,9.365154191946813,3.0602539423954367,2.871142800370809,2.728473083651222,2.728473083651222,1.650110151205693,1.0,0.9358737700209785,1.6780308758987064,36.084560565691525
7.979999999999874,1.9244138011901606,1.9244138011901606,3.7914702268941696,1.9471697991942485,2.442343012970502,7.422688933971075,2.724461219024979,2.7945875453546765,9.348170205807591,3.0574777522996945,2.8711382335320064,2.724461219024979,2.724461219024979,1.6445627079186909,1.0,0.9354276331180297,1.673712189412247,36.08455810885583
7.989999999999874,1.905072385819799,1.905072385819799,3.774096594623896,1.9427034242580354,2.443340593890902,7.401111756493979,2.7204984389802505,2.794527399595742,9.331345330631585,3.0547250826599086,2.8711337012580445,2.7204984389802505,2.7204984389802505,1.6393389466669541,1.0,0.9351214444412059,1.6696077125727877,36.0845556776559
7.999999999999874,1.885083722838075,1.885083722838075,3.7568640614768873,1.9382631558890262,2.444334218099957,7.379839004315961,2.7165859096144853,2.794473199802725,9.314687219409354,3.05199725088496,2.871129205905265,2.7165859096144853,2.7165859096144853,1.6344544859416132,1.0,0.9349599575558468,1.6657421623488593,36.08455327292897
8.009999999999874,1.8644426903636935,1.8644426903636935,3.7397788318260017,1.933850778065878,2.445323619538444,7.358875805824617,2.7127247936022956,2.7944247824368094,9.29820359406915,3.0492955898156464,2.8711247498280614,2.7127247936022956,2.7127247936022956,1.6299259249276838,1.0,0.9349481314912347,1.6620577143516406,36.084550895448764
8.019999999999873,1.843144817117855,1.843144817117855,3.722847143918509,1.9294680987045392,2.4463085231301793,7.338227252070597,2.7089162504718742,2.7943819798691747,9.281902245432269,3.046621447674829,2.8711203353761903,2.7089162504718742,2.7089162504718742,1.6257709392370032,1.0,0.9350911463684275,1.6585596890343008,36.084548545922615
8.029999999999873,1.8211863210124644,1.8211863210124644,3.7060752666308296,1.9251169488191697,2.4472886442280375,7.3178983994301285,2.705161436851806,2.794344620541957,9.265791032916162,3.0439761879679943,2.871115964891999,2.705161436851806,2.705161436851806,1.6220083863121546,1.0,0.9353944210746974,1.6552534192838992,36.0845462249886
8.039999999999873,1.7985641474636929,1.7985641474636929,3.689469495820784,1.920799181544178,2.4482636880461124,7.297894272088957,2.70146150668281,2.794312529132436,9.249877883961801,3.041361189329837,2.871111640707565,2.70146150668281,2.70146150668281,1.618658421484997,1.0,0.9358636333248395,1.65219384202161,36.08454393321257
8.049999999999873,1.775276007333271,1.775276007333271,3.6730361502652054,1.916516671011553,2.449233349080794,7.278219864319602,2.697817611388806,2.7942855267202473,9.234170793161695,3.0387778453124366,2.8711073651417562,2.697817611388806,2.697817611388806,1.615742625771483,1.0,0.9365047424232481,1.6493584423780543,36.08454167108506
8.059999999999873,1.751320414198494,1.751320414198494,3.6567815671724873,1.9122713110781344,2.450197310523788,7.258880142523798,2.694230900001668,2.794263430957442,9.218677821064796,3.0362275641105683,2.8711031404972,2.694230900001668,2.694230900001668,1.6132841465906504,1.0,0.937324015183233,1.6467257378964464,36.08453943901823
8.069999999999872,1.7266967207886073,1.7266967207886073,3.6407120972616056,1.908065013898008,2.451155243670365,7.239880047011906,2.6907025192339464,2.794246056241194,9.203407092634775,3.0337117682197126,2.871098969057173,2.6907025192339464,2.6907025192339464,1.6113078527100235,1.0,0.9383280554608995,1.6443008771950367,36.084537237342595
8.079999999999872,1.7014051543445152,1.7014051543445152,3.624834099401208,1.9038997083358167,2.4521068073264405,7.221224493491461,2.687233613493896,2.794233213888945,9.188366795338409,3.031231894022364,2.8710948530824068,2.687233613493896,2.687233613493896,1.6098405048420266,1.0,0.9395238378723766,1.6420889873458275,36.08453506630378
8.089999999999872,1.6754468506685318,1.6754468506685318,3.60915393480467,1.8997773382174739,2.4530516472183272,7.202918374237289,2.6838253248371604,2.7942247123158115,9.173565176841308,3.02878939129833,2.871090794807812,2.6838253248371604,2.6838253248371604,1.6089109434459519,1.0,0.940918746349224,1.6400951671583555,36.084532926059275
8.099999999999872,1.6488238866081333,1.6488238866081333,3.5936779607795315,1.8956998604155488,2.4539893954092427,7.18496655891647,2.680478792849604,2.7942203572140256,9.159010542289131,3.0263857226548523,2.8710867964391245,2.680478792849604,2.680478792849604,1.6085502954266029,1.0,0.9425206183066928,1.6383244807760646,36.08453081667493
8.109999999999872,1.6215393107535243,1.6215393107535243,3.5784125240323372,1.8916692427674393,2.4549196697269227,7.167373895042244,2.6771951544559176,2.794219951734227,9.144711251153227,3.0240223628725413,2.8710828601494667,2.6771951544559176,2.6771951544559176,1.608792201562488,1.0,0.9443434446371458,1.63679527631594,36.08452873812166
8.119999999999871,1.5935971720670632,1.5935971720670632,3.5633639535328077,1.8876874618253965,2.4558420732068598,7.150145208032188,2.673975543648855,2.7942232966683735,9.130675713620946,3.021700798163337,2.8710789880758423,2.673975543648855,2.673975543648855,1.6096730666410686,1.0,0.9464008998995097,1.6355174524809462,36.08452669027194
8.129999999999871,1.565002546216095,1.565002546216095,3.5485385529441875,1.8837565004384689,2.456756193555933,7.133285300847353,2.670821091134214,2.794230190634094,9.116912386512386,3.019422525336987,2.8710751823155474,2.670821091134214,2.670821091134214,1.6112323344226762,1.0,0.9486934033328687,1.6344719002739934,36.08452467289642
8.139999999999871,1.5357615593354752,1.5357615593354752,3.5339425926298556,1.8798783451675418,2.4576616026413105,7.116798953190853,2.6677329238870318,2.794240430260248,9.103429768706915,3.0171890508728345,2.871071444922517,2.6677329238870318,2.6677329238870318,1.61351278969358,1.0,0.9512311226994109,1.6336633748452394,36.084522685660424
8.14999999999987,1.5058814089893642,1.5058814089893642,3.519582301249468,1.8760549835357885,2.4585578560096977,7.100690920246254,2.66471216461483,2.794253810373492,9.09023639606496,3.0150018898940942,2.8710677779036007,2.66471216461483,2.66471216461483,1.6165608897955206,1.0,0.9540273637405443,1.6330965807102469,36.08452072812058
8.15999999999987,1.4753703820662767,1.4753703820662767,3.505463856961385,1.8722884011181038,2.45944449244208,7.084965930938406,2.6617599311242186,2.794270124185644,9.077340835832606,3.01286256504219,2.8710641832147727,2.6617599311242186,2.6617599311242186,1.6204271281247429,1.0,0.9571125153783215,1.6327761706441546,36.08451879972148
8.16999999999987,1.4442378693784346,1.4442378693784346,3.4915933782515616,1.8685805784743568,2.4603210335492123,7.069628685701824,2.658877335587677,2.7942891634816283,9.064751680519219,3.0107726052492274,2.871060662757281,2.658877335587677,2.658877335587677,1.625166432165486,1.0,0.9604795635031815,1.6327067459916893,36.0845168997924
8.17999999999987,1.4124943767467908,1.4124943767467908,3.4779769144126584,1.8649334879326551,2.461186983413137,7.0546838537444865,2.656065483707901,2.7943107188077936,9.052477541240822,3.0087335444071517,2.87105721837374,2.656065483707901,2.656065483707901,1.6308385986442544,1.0,0.9641441051671114,1.6328928586156035,36.084515027544136
8.18999999999987,1.380151532330542,1.380151532330542,3.464620435700745,1.861349090230187,2.46204182828003,7.040136069797909,2.653325473777748,2.794334579660392,9.040527040525134,3.006746919932759,2.8710538518441684,2.653325473777748,2.653325473777748,1.637508768339096,1.0,0.9681468186722956,1.6333390147473257,36.084513182065976
8.19999999999987,1.3472220900256304,1.3472220900256304,3.4515298232005245,1.85782933102062,2.462885036309652,7.025989930347578,2.6506583956344842,2.794360534674006,9.028908804577185,3.0048142712282875,2.8710505648819797,2.6506583956344842,2.6506583956344842,1.6452479429222215,1.0,0.972477556646626,1.6340496810068736,36.08451136232289
8.20999999999987,1.313719928731836,1.313719928731836,3.438710858433641,1.8543761372584693,2.4637160573865904,7.012249989341253,2.6480653295078,2.794388371809717,9.01763145500793,3.0029371380380128,2.8710473591299284,2.6480653295078,2.6480653295078,1.654133545913934,1.0,0.9771756775633006,1.63502929291093,36.08450956715286
8.21999999999987,1.2796600473407536,1.2796600473407536,3.4261692127481393,1.8509914134722882,2.4645343229983774,6.998920753376294,2.6455473447618156,2.794417878542796,9.006703600031802,3.001117058701943,2.8710442361560133,2.6455473447618156,2.6455473447618156,1.6642500293269045,1.0,0.982252657940079,1.6362822662081524,36.08450779526445
8.229999999999869,1.2450585552807834,1.2450585552807834,3.4139104365305597,1.8476770379399534,2.4653392461854393,6.9860066763709545,2.643105498532163,2.794448842049725,8.996133825142815,2.999355568308435,2.871041197449358,2.643105498532163,2.643105498532163,1.6756895268103427,1.0,0.9877395742554463,1.637824611433884,36.084506045234804
8.239999999999869,1.2099326585454167,1.2099326585454167,3.4019399482854733,1.844434858780725,2.4661302215675804,6.973512153728494,2.640740834260056,2.794481049394323,8.985930683282868,2.997654196748329,2.8710382444160487,2.640740834260056,2.640740834260056,1.6885525529679195,1.0,0.9936550505715379,1.6396812811952894,36.08450431550771
8.249999999999869,1.1743006410720476,1.1743006410720476,3.3902630236303724,1.8412666899801269,2.466906625451524,6.961441516007019,2.638454380126179,2.7945142877127864,8.97610268451959,2.9960144666739494,2.871035378374962,2.638454380126179,2.638454380126179,1.702948746894395,1.0,1.000042361940782,1.6418311830645689,36.08450260439229
8.259999999999868,1.1381818414554734,1.1381818414554734,3.378884784256743,1.8381743073649852,2.467667816023704,6.949799022112024,2.6362471473881244,2.7945483443974304,8.966658285255315,2.9944378913671454,2.8710326005535682,2.6362471473881244,2.6362471473881244,1.7189976556852873,1.0,1.0069152085726412,1.6442788246520357,36.084500910061884
8.269999999999868,1.1015966249485376,1.1015966249485376,3.3678101869107624,1.835159444547193,2.4684131336322044,6.938588852032742,2.6341201286260167,2.7945830072789373,8.95760587699263,2.99292597252131,2.8710299120837264,2.6341201286260167,2.6341201286260167,1.7368295504982667,1.0,1.0143262166773217,1.6470287921159263,36.08449923055345
8.279999999999868,1.0645663507588716,1.0645663507588716,3.3570440124494905,1.8322237888559056,2.469141901161356,6.927815099147541,2.632074295901911,2.7946180648069046,8.948953774686071,2.9914801979431638,2.871027313997475,2.632074295901911,2.632074295901911,1.7565862633890525,1.0,1.022310665085424,1.6500857875306683,36.084497563767464
8.289999999999868,1.0271133347108472,1.0271133347108472,3.346590855030332,1.8293689772788682,2.469853424502104,6.917481762127543,2.6301105988394373,2.794653306228507,8.940710204713396,2.990102039180836,2.871024807222823,2.6301105988394373,2.6301105988394373,1.7784220272187885,1.0,1.0309067185511578,1.6534546730547264,36.08449590746829
8.299999999999867,0.9892608073138323,0.9892608073138323,3.3364551114932763,1.8265965924344862,2.4705469931208057,6.907592736471735,2.6282299626310737,2.7946885217650674,8.932883292503794,2.988792949085599,2.871022392579544,2.6282299626310737,2.6282299626310737,1.8025042929224726,1.0,1.0401659614379235,1.6572119575521844,36.08449425928499
8.309999999999867,0.951032867383385,0.951032867383385,3.3266409709965603,1.8239081585969619,2.4712218807286424,6.898151805710487,2.626433285981292,2.794723502786357,8.925481049863981,2.9875543593153213,2.8710200707749873,2.626433285981292,2.626433285981292,1.8290144876703247,1.0,1.050145171728137,1.6613154730348478,36.08449261671292
8.319999999999867,0.9124544313569767,0.9124544313569767,3.317152404967238,1.8213051377974088,2.4718773460532995,6.889162632318045,2.6247214389946305,2.7947580419824294,8.91851136204669,2.98638767778845,2.8710178423999038,2.6247214389946305,2.6247214389946305,1.8581486630794621,1.0,1.0609069281689771,1.665753612442604,36.08449097711573
8.329999999999867,0.8735511784722954,0.8735511784722954,3.3079931574283763,1.8187889260242311,2.4725126337140426,6.880628748377916,2.6230952610185385,2.7947919335328093,8.911981974609317,2.9852942860979916,2.871015707924295,2.6230952610185385,2.6230952610185385,1.8901179635311658,1.0,1.0725203076935885,1.670532353825074,36.08448933772798
8.339999999999867,0.8343494920715624,0.8343494920715624,3.2991667357644205,1.8163608495462624,2.4731269752007217,6.872553546048102,2.621555558451528,2.794824973272851,8.905900480113369,2.9842755368955745,2.871013667693293,2.621555558451528,2.621555558451528,1.9251488194178141,1.0,1.085061689119438,1.6757659740800797,36.08448769565854
8.349999999999866,0.7948763972420977,0.7948763972420977,3.290676401985538,1.8140221613821421,2.473719589956649,6.864940267875852,2.620103102527809,2.794856958857104,8.900274304718119,2.983332751256239,2.871011721923065,2.620103102527809,2.620103102527809,1.9634827370536565,1.0,1.0986156824980275,1.6813757511723528,36.08448604789438
8.359999999999866,0.7551594951159403,0.7551594951159403,3.282525164550441,1.81177403793918,2.474289686564688,6.857791997014029,2.618738627090155,2.7948876899194923,8.895110694723995,2.9824672160350723,2.871009870696767,2.618738627090155,2.618738627090155,2.0053755139692155,1.0,1.113276207503647,1.6873540208054174,36.08448439130529
8.369999999999866,0.7152268941224488,0.7152268941224488,3.2747157708054297,1.809617575844529,2.474836464035232,6.851111647393078,2.617462826363171,2.7949169682301584,8.890416703123263,2.9816801812272327,2.871008113960528,2.617462826363171,2.617462826363171,2.051095653025242,1.0,1.1291493943350854,1.6938386108138936,36.084482722648964
8.379999999999866,0.6751071385546337,0.6751071385546337,3.2672507000949764,1.8075537889907942,2.475359113194144,6.844901953904147,2.616276352739547,2.794944597848806,8.88619917621687,2.9809728573431977,2.871006451519488,2.616276352739547,2.616276352739547,2.100921678788566,1.0,1.1463779083777468,1.700740024603131,36.08448103857692
8.389999999999866,0.6348291348135686,0.6348291348135686,3.260132157596265,1.8055836058173171,2.475856818168061,6.83916546265,2.6151798145921057,2.794970385274372,8.882464740357385,2.980346412811334,2.8710048830338755,2.6151798145921057,2.6151798145921057,2.1551379727868913,1.0,1.1650703489117862,1.7081027400202655,36.08447933564089
8.399999999999865,0.5944220757199876,0.5944220757199876,3.253362068926707,1.803707866847264,2.476328757963816,6.833904521320908,2.6141737741246103,2.7949941395908917,8.879219788878443,2.9798019714199873,2.871003408015148,2.6141737741246103,2.6141737741246103,2.2140286396043964,1.0,1.1854128234492753,1.7160083539972288,36.08447761029998
8.409999999999865,0.5539153633064567,0.5539153633064567,3.246942075569408,1.8019273224992753,2.4767741081381036,6.829121269752822,2.6132587452743405,2.795015672609397,8.876470469271151,2.979340609811364,2.8710020258221762,2.6132587452743405,2.6132587452743405,2.277868794859116,1.0,1.2075623772583324,1.7243781821478181,36.084475858928215
8.419999999999865,0.5133385305145782,0.5133385305145782,3.2408735311572037,1.8002426311909192,2.4771920425528853,6.824817630724783,2.612435191679362,2.795034799005709,8.874222670667391,2.9789633550393653,2.8710007356574927,2.612435191679362,2.612435191679362,2.346912535451956,1.0,1.2317233280228541,1.7333828204577126,36.08447407782276
8.429999999999865,0.4727211622333552,0.4727211622333552,3.2351574986509264,1.7986543577494054,2.4775817352113783,6.820995301051478,2.611703524723179,2.795051336453997,8.872482011689039,2.9786711822034064,2.8709995365635947,2.611703524723179,2.611703524723179,2.421376727394031,1.0,1.2581272522340696,1.7429116644291898,36.084472263212604
8.439999999999864,0.4320928161045154,0.4320928161045154,3.229794748442261,1.7971629721431113,2.4779423621689314,6.817655743025616,2.6110641016692058,2.795065105755959,8.871253828720544,2.9784650121699507,2.8709984274193108,2.6110641016692058,2.6110641016692058,2.5014196566383,1.0,1.2870351122730133,1.753128638678527,36.08447041126768
8.449999999999864,0.3914829435598701,0.3914829435598701,3.224785757405914,1.7957688485453562,2.4782731035124694,6.814800176262783,2.6105172238969776,2.7950759309655107,8.8705431646605,2.9783457093931354,2.8709974069362243,2.6105172238969776,2.6105172238969776,2.5871135851094587,1.0,1.3187417616255281,1.763998267243348,36.08446851810846
8.459999999999864,0.35092081152009197,0.35092081152009197,3.2201307089197426,1.7944722647396205,2.4785731454016773,6.812429569999119,2.610063135251544,2.7950836395088654,8.870354758205208,2.9783140798453758,2.8709964736551696,2.610063135251544,2.610063135251544,2.6784104194506577,1.0,1.3536305499690129,1.7755659759585414,36.08446657981581
8.469999999999864,0.31043542517471356,0.31043542517471356,3.2158294938653316,1.7932734018730472,2.4788416821645836,6.810544635889354,2.609702020516778,2.795088062299886,8.870693033714574,2.9783708690682853,2.870995625942781,2.609702020516778,2.609702020516778,2.7751001534424957,1.0,1.3920883736058856,1.787997716621382,36.084464592441265
8.479999999999864,0.27005545230002215,0.27005545230002215,3.2118817126149906,1.7921723445625954,2.4790779184397227,6.809145821349497,2.609434004022615,2.795089033850617,8.87156209170722,2.978516760353586,2.870994861988115,2.609434004022615,2.609434004022615,2.8767626433441675,1.0,1.4346426184677463,1.8012474707884976,36.08446255201742
8.489999999999863,0.2298091494902727,0.2298091494902727,3.2082866780045864,1.79116908135569,2.47928107135666,6.8082333034849425,2.609259148395372,2.795086392376883,8.872965700028095,2.9787523730629397,2.870994179799336,2.609259148395372,2.609259148395372,2.9827147927982343,1.0,1.4819392024033047,1.8154107909967514,36.08446045456864
8.499999999999863,0.18972429070889404,0.18972429070889404,3.2050434192849893,1.7902635055446416,2.4794503727462627,6.807806983640682,2.6091774534593624,2.7950799798988877,8.874907285727883,2.9790782610948443,2.8709935772004638,2.6091774534593624,2.6091774534593624,3.0919574956050524,1.0,1.534781048770876,1.8306330774761193,36.084458296121724
8.509999999999863,0.1498280985332717,0.1498280985332717,3.202150687038263,1.789455416331534,2.479585071371789,6.807866482606259,2.6091888552970364,2.795069642336707,8.877389927689103,2.979494911505825,2.870993051828199,2.6091888552970364,2.6091888552970364,3.2031296938267984,1.0,1.594272798899131,1.8470405192457524,36.084456072716755
8.519999999999863,0.11014717842660775,0.11014717842660775,3.1996069590381455,1.7887445203376993,2.479684435171603,6.808411136503443,2.6092932254737953,2.7950552296006217,8.880416350029364,2.9800027432922547,2.8709926011288074,2.6092932254737953,2.6092932254737953,3.314480310933219,1.0,1.661958868372146,1.864725795873624,36.08445378041783
8.529999999999863,0.07070745635045217,0.07070745635045217,3.197410447027963,1.7881304334494068,2.4797477535040886,6.809439993380088,2.609490370432527,2.7950365956762075,8.883988916307361,2.9806021063381407,2.8709922223550755,2.609490370432527,2.609490370432527,3.4238717420463396,1.0,1.7401289130931537,1.8838612504925107,36.084451415323805
8.539999999999862,0.031534120023951354,0.031534120023951354,3.195559104382884,1.787612682988931,2.479774339385208,6.8109518105286915,2.6097800310617543,2.795013598704137,8.888109624552362,2.981293280533192,2.8709919125633414,2.6097800310617543,2.6097800310617543,3.5288295191585948,1.0,1.832670106978923,1.9046519226559993,36.084448973578766
8.549999999999862,-0.007348435939892456,0.007348435939892456,3.1940506346174606,1.7871907101978401,2.4797635317090307,6.81294505254333,2.610161882440116,2.794986101054639,8.892780103132884,2.9820764750644613,2.870991668610592,2.610161882440116,2.610161882440116,3.6266497879534163,1.0,0.08421109855520428,0.10683355223038545,36.08444645138244
8.559999999999862,-0.04591666077940568,0.04591666077940568,3.192882500693806,1.7868638730171378,2.4797146974415365,6.815417890123707,2.610635533758726,2.7949539693965653,8.898001607475278,2.9829518278837956,2.8709914871516355,2.610635533758726,2.610635533758726,3.714567733444753,1.0,0.20914705026340177,0.26933700310795733,36.08444384500018
8.569999999999862,-0.08414789405146891,0.08414789405146891,3.192051935080487,1.7866314491468258,2.479627233778023,6.818368199630068,2.611200528421758,2.794917074761046,8.903775017637795,2.9839194053522617,2.8709913646363567,2.611200528421758,2.611200528421758,3.789976089924511,1.0,0.28123486625909466,0.3677235585298641,36.084441150772776
8.579999999999862,-0.12202040763119192,0.12202040763119192,3.1915559505074547,1.7864926393655964,2.4795005702545274,6.821793563387899,2.611856344324454,2.7948752925996976,8.910100836740828,2.9849792020616874,2.8709912973070395,2.611856344324454,2.611856344324454,3.850666255941624,1.0,0.3363592429226886,0.4465956130599429,36.084438365125756
8.589999999999861,-0.15951344318461116,0.15951344318461116,3.191391351357962,1.7864465710896484,2.479334170803832,6.825691270736611,2.612602394306606,2.7948285028373707,8.916979190249057,2.986131140832408,2.870991281195781,2.612602394306606,2.612602394306606,3.895051159038948,1.0,0.38196053624666376,0.5149855549839445,36.084435484578385
8.599999999999861,-0.1966072449800492,0.1966072449800492,3.19155474563467,1.7864923021481705,2.4791275357468208,6.83005831981174,2.6134380267784696,2.7947765899194277,8.924409826096612,2.9873750728853268,2.870991312121987,2.6134380267784696,2.6134380267784696,3.9223256293336934,1.0,0.42118179799537214,0.5766200841852359,36.08443250575212
8.60999999999986,-0.23328308804104578,0.23328308804104578,3.192042557433834,1.786628824751754,2.4788802037102267,6.834891420045856,2.614362526514993,2.794719442853557,8.932392115641678,2.9887107781854163,2.8709913856899565,2.614362526514993,2.614362526514993,3.9325305097431382,1.0,0.45572870927148146,0.6334471563457283,36.08442942537859
8.61999999999986,-0.2695233016014836,0.2695233016014836,3.192851039858839,1.7868550696289947,2.4785917534621245,6.84018699536924,2.6153751156132916,2.7946569552461247,8.940925055432851,2.990137965952884,2.8709914972865627,2.6153751156132916,2.6153751156132916,3.9265088689060152,1.0,0.4866545716916299,0.6866279062206251,36.08442624030704
8.62999999999986,-0.3053112879104144,0.3053112879104144,3.193976288302199,1.7871699103057324,2.478261805656908,6.845941188087464,2.6164749546073365,2.794589025333088,8.950007269765397,2.9916562753373586,2.8709916420790296,2.6164749546073365,2.6164749546073365,3.905768483650502,1.0,0.5146754272218599,0.7369138217243641,36.08442294751127
8.63999999999986,-0.3406315364312047,0.3406315364312047,3.1954142540236714,1.7875721675008456,2.4778900244819035,6.852149863409488,2.6176611437329864,2.794515556005493,8.95963701400187,2.9932652762496463,2.870991815012816,2.6176611437329864,2.6176611437329864,3.872284486565962,1.0,0.5403065836474422,0.7848202924412957,36.084419544095894
8.64999999999986,-0.3754696335246736,0.3754696335246736,3.1971607579512606,1.7880606136122066,2.4774761191982457,6.858808614596589,2.618932724335734,2.7944364548295915,8.969812178628159,2.994964470344875,2.870992010809607,2.618932724335734,2.618932724335734,3.8282834770426946,1.0,0.5639382311164246,0.8307036346993831,36.084416027302105
8.65999999999986,-0.4098122677287238,0.4098122677287238,3.1992115046315046,1.7886339772663116,2.4770198455691688,6.86591276869961,2.62028868041283,2.794351634061628,8.98053029401291,2.9967532921501747,2.870992223965427,2.62028868041283,2.62028868041283,3.7760453450804583,1.0,0.5858699500551751,0.8748186830674864,36.084412394512796
8.66999999999986,-0.443647230789715,0.443647230789715,3.2015620962557985,1.7892909479052865,2.4765210071693953,6.873457392849411,2.621727940280877,2.7942610106573325,8.991788535835614,2.9986311103294474,2.8709924487488694,2.621727940280877,2.621727940280877,3.7177462926088647,1.0,0.6063462466861881,0.9173779261620796,36.084408643257085
8.67999999999986,-0.47696341457057173,0.47696341457057173,3.2042080466902974,1.790030180385319,2.4759794565699096,6.881437301063291,2.6232493783594597,2.794164506276197,9.003583731146255,3.0005972290772807,2.870992679199464,2.6232493783594597,2.6232493783594597,3.655352182297901,1.0,0.6255644127016495,0.9584773107503571,36.084404771214245
8.68999999999986,-0.5097508040747042,0.5097508040747042,3.207144795438325,1.790850299561168,2.475395096393019,6.889847061528316,2.6248518170609776,2.7940620472805895,9.015912365017417,3.002650889633595,2.8709929091261768,2.6248518170609776,2.6248518170609776,3.5905599150562595,1.0,0.6436810851258812,0.9982191528797221,36.084400776217024
8.699999999999859,-0.5420004667309964,0.5420004667309964,3.2103677214661044,1.791749904832174,2.4747678802332365,6.898681004321131,2.6265340287765415,2.7939535647297853,9.028770587748184,3.004791271910278,2.870993132106065,2.6265340287765415,2.6265340287765415,3.5247778440297566,1.0,0.660846720825042,1.0366664883327354,36.08439665625445
8.709999999999859,-0.5737045381990001,0.5737045381990001,3.2138721568250004,1.7927275746261617,2.4740978134401908,6.907933229522667,2.6282947379475283,2.7938389943690014,9.042154222577905,3.0070174962207825,2.8709933414830777,2.6282947379475283,2.6282947379475283,3.4591339088398176,1.0,0.6771650918429943,1.0739180104247485,36.08439240947391
8.719999999999859,-0.6048562048887449,0.6048562048887449,3.217653400006221,1.793781870798738,2.4733849537604504,6.917597615685595,2.630132623212296,2.7937182766135242,9.056058773866983,3.0093286251034437,2.8709935303670235,2.630132623212296,2.630132623212296,3.3945008176024443,1.0,0.6927378156556848,1.1099672076601366,36.0843880341829
8.729999999999858,-0.6354496834688889,0.6354496834688889,3.2217067289671713,1.7949113429267674,2.4726294118358183,6.927667828611955,2.632046319617486,2.7935913565280215,9.070479435701285,3.011723665229147,2.870993691632715,2.632046319617486,2.632046319617486,3.3315297247579427,1.0,0.7076502611854264,1.1448230868146951,36.08438352885003
8.739999999999858,-0.665480197568641,0.665480197568641,3.226027413772149,1.7961145324761862,2.4718313515563786,6.938137330398393,2.6340344208833706,2.7934581838011474,9.08541110087665,3.014201569383947,2.870993817919288,2.6340344208833706,2.6340344208833706,3.270686344876595,1.0,0.7219741659393644,1.1784868837727507,36.0843788921057
8.749999999999858,-0.6949439519621876,0.6949439519621876,3.230610728793963,1.7973899768258315,2.470990990267226,6.94899938870671,2.6360954817128133,2.7933187127155636,9.100848370219978,3.0167612385172244,2.8709939016297152,2.6360954817128133,2.6360954817128133,3.212285679378898,1.0,0.7357701793459646,1.2110553149741303,36.08437412274214
8.759999999999858,-0.7238381044641904,0.7238381044641904,3.2354519644271362,1.7987362131305236,2.470108598828554,6.960247086218107,2.6382280201336097,2.7931729021134677,9.116785562203836,3.0194015238460477,2.8709939349305156,2.6382280201336097,2.6382280201336097,3.1565232637003513,1.0,0.749109305366622,1.2424537719645146,36.08436921971319
8.769999999999857,-0.7521607357844904,0.7521607357844904,3.240546438267728,1.8001517820083195,2.4691845015294014,6.971873330230238,2.6404305198641826,2.793020715357782,9.133216722812104,3.022121229006557,2.8709939097516797,2.6404305198641826,2.6404305198641826,3.1035020443315067,1.0,0.7620197675403362,1.2727660483586498,36.084364182133434
8.779999999999857,-0.7799108176239221,0.7799108176239221,3.2458895057192363,1.8016352310385242,2.4682190758560694,6.983870862357412,2.6427014326929577,2.792862120289115,9.15013563561528,3.0249191122433805,2.870993817786805,2.6427014326929577,2.6427014326929577,3.0532547527930434,1.0,0.7745570746454357,1.3019336016476766,36.084359009277144
8.789999999999857,-0.8070881792211207,0.8070881792211207,3.2514765699887347,1.8031851180588017,2.467212752116851,6.996232268295541,2.6450391808620797,2.7926970891786302,9.167535832014975,3.0277938886283153,2.8709936504934612,2.6450391808620797,2.6450391808620797,3.0057620717751434,1.0,0.7867481999250655,1.3300243003659744,36.08435370057674
8.799999999999857,-0.8336934726114259,0.8336934726114259,3.257303091442037,1.8048000142514509,2.4661660129253367,7.0089499876149794,2.647442159446544,2.792525598676981,9.185410601618633,3.0307442322998215,2.870993399093797,2.647442159446544,2.647442159446544,2.9609670938728327,1.0,0.798640789295552,1.3570821474835162,36.08434825562098
8.809999999999857,-0.859728136828571,0.859728136828571,3.263364596291441,1.8064785070106537,2.465079392545187,7.022016323546043,2.6499087387202684,2.7923476297594387,9.203753002707014,3.0337687787151832,2.870993054575382,2.6499087387202684,2.6499087387202684,2.918786639400331,1.0,0.8102469183969829,1.38312955183086,36.08434267415286
8.819999999999856,-0.8851943612824618,0.8851943612824618,3.2696566845942874,1.808219202584213,2.4639534760998174,7.0354234527239345,2.65243726650112,2.792163167667371,9.222555872758553,3.0368661269075647,2.87099260769231,2.65243726650112,2.65243726650112,2.879119986306186,1.0,0.8216014470024137,1.4081690517746903,36.08433695606714
8.829999999999856,-0.9100950485047877,0.9100950485047877,3.2761750375453147,1.8100207284849847,2.4627888986509903,7.0491634348616445,2.6550260704674153,2.7919722018462307,9.241811838996599,3.040034841740568,2.8709920489665626,2.6550260704674153,2.6550260704674153,2.841855511575075,1.0,0.8327332003212491,1.4322183849716712,36.084331101407834
8.839999999999856,-0.9344337764953436,0.9344337764953436,3.2829154240502967,1.8118817356688313,2.4615863441508252,7.063228222321449,2.6576734604389323,2.7917747258802126,9.26151332892739,3.043273456153323,2.8709913686896456,2.6576734604389323,2.6576734604389323,2.806875673939885,1.0,0.84365148628823,1.4555115109752328,36.084325110365285
8.849999999999856,-0.9582147608506456,0.9582147608506456,3.2898737065730037,1.8138009004775038,2.460346544272206,7.077609669557864,2.6603777306160614,2.79157073742373,9.28165258083862,3.0465804733895703,2.870990556924496,2.6603777306160614,2.6603777306160614,2.7740606961336973,1.0,0.8543757522077907,1.4777868662052531,36.08431898327316
8.859999999999856,-0.9814428168601775,0.9814428168601775,3.297045846251832,1.8157769263463592,2.459070277123002,7.092299542406893,2.6631371617712247,2.791360238129903,9.30222165423039,3.0499543692046265,2.870989603507689,2.6631371617712247,2.6631371617712247,2.74329123850556,1.0,0.8649231005913401,1.499445528372572,36.08431272060532
8.869999999999855,-1.0041233217304104,1.0041233217304104,3.3044279072866507,1.8178085452782564,2.4577583658499003,7.107289527198743,2.6659500233872997,2.7911432335761948,9.323212440152579,3.053393594044597,2.8709884980519265,2.6659500233872997,2.6659500233872997,2.714450297760534,1.0,0.8753085849088493,1.5202359004601471,36.08430632297248
8.879999999999855,-1.0262621771045104,1.0262621771045104,3.3120160606003237,1.8198945190862914,2.456411677138044,7.122571239673272,2.6688145757383133,2.7909197331874034,9.344616671424555,3.0568965751926505,2.870987229948835,2.6688145757383133,2.6688145757383133,2.687424515688951,1.0,0.8855493030820757,1.5402816269281785,36.084299791118795
8.889999999999855,-1.0478657720269802,1.0478657720269802,3.31980658678324,1.8220336404093203,2.455031119612911,7.138136233679725,2.671729071908251,2.790689750156152,9.366425932715337,3.060461718877617,2.8709857883720664,2.671729071908251,2.671729071908251,2.662105042616887,1.0,0.8956537704101646,1.559783182876432,36.08429312591837
8.899999999999855,-1.0689409464625144,1.0689409464625144,3.3277958783326183,1.8242247335053372,2.4536176421512224,7.153976009644319,2.6746917597443485,2.7904533013610813,9.388631670464399,3.0640874123406463,2.87098416228072,2.6746917597443485,2.6746917597443485,2.6383880679661464,1.0,0.9056298607117281,1.57862285640532,36.08428632837173
8.909999999999854,-1.0894949555183069,1.0894949555183069,3.3359804412017384,1.8264666548288635,2.452172232107819,7.1700820227915285,2.6777008837417835,2.7902104072829026,9.411225202625236,3.067772025856099,2.8709823404230748,2.6777008837417835,2.6777008837417835,2.61617510459443,1.0,0.9154866784243458,1.5968624694501947,36.08427939960214
8.919999999999854,-1.1095354344376525,1.1095354344376525,3.3443568956772394,1.828758293399442,2.4506959134656823,7.186445691106797,2.680754686857191,2.7899610919185034,9.434197728215908,3.0715139147032864,2.8709803113406593,2.680754686857191,2.680754686857191,2.595373093344269,1.0,0.9252322112073568,1.6145539170778556,36.084272340852
8.929999999999854,-1.1290703644968638,1.1290703644968638,3.3529219766054457,1.8310985709691998,2.4491897449163904,7.203058403030557,2.6838514122489263,2.7897053826932834,9.457540336662609,3.0753114210861003,2.8709780633726454,2.6838514122489263,2.6838514122489263,2.5758943784220576,1.0,0.9348734505872225,1.6317407362500218,36.0842651534792
8.939999999999854,-1.1481080398643029,1.1481080398643029,3.3616725329912085,1.833486441998197,2.4476548178784165,7.219911524875232,2.6869893049424727,2.7894433103718987,9.481244016924247,3.0791628759979957,2.8709755846605827,2.6869893049424727,2.6869893049424727,2.5576565919612158,1.0,0.9444164967290972,1.6484593691762583,36.08425783895339
8.949999999999854,-1.1666570354996129,1.1666570354996129,3.3706055269949986,1.8359208934469369,2.44609225446071,7.2369964079587845,2.6901666134198425,2.789174908967604,9.505299666387772,3.0830666010301777,2.8709728631534697,2.6901666134198425,2.6901666134198425,2.5405824766522023,1.0,0.9538666496400843,1.6647401876382075,36.084250398852376
8.959999999999853,-1.18472617613997,1.18472617613997,3.379718032355983,1.8384009443959668,2.4445032053790676,7.254304395450086,2.6933815911322494,2.788900215650364,9.529698099525666,3.087020910121223,2.870969886613177,2.6933815911322494,2.6933815911322494,2.524599668041228,1.0,0.9632339607161723,1.6806083286942652,36.08424283485847
8.969999999999853,-1.2023245064457861,1.2023245064457861,3.3890072322705698,1.8409256455029817,2.442888847832728,7.2718268289230625,2.696632497935724,2.7886192706539275,9.554430056308734,3.0910241112467456,2.870966642620212,2.696632497935724,2.696632497935724,2.5096404525243896,1.0,0.972519604394963,1.6960843803601644,36.084235148754836
8.979999999999853,-1.2194612623245635,1.2194612623245635,3.3984704167573767,1.8434940783081937,2.4412503833486183,7.289555054618036,2.6999176014497253,2.7883321171820374,9.579486210368698,3.095074508048021,2.870963118579839,2.6999176014497253,2.6999176014497253,2.49564151281067,1.0,0.9817257706980618,1.7111849471427785,36.08422734242192
8.989999999999853,-1.236145843473725,1.236145843473725,3.4081049795407545,1.8461053543990262,2.43958903560057,7.307480429410238,2.7032351783391393,2.78803880131395,9.604857176906698,3.0991704013988484,2.870959301728556,2.7032351783391393,2.7032351783391393,2.482543669394517,1.0,0.9908552921705115,1.7259231186954194,36.084219417833914
8.999999999999853,-1.2523877871520215,1.2523877871520215,3.4179084144860665,1.8487586144453976,2.4379060482106976,7.325594326486636,2.7065835155203755,2.7877393719094634,9.63053352034505,3.1033100909101963,2.870955179140925,2.7065835155203755,2.7065835155203755,2.470291624131361,1.0,0.9999105205443273,1.7403329264859198,36.08421137705525
9.009999999999852,-1.2681967432017518,1.2681967432017518,3.427878311620591,1.8514530271169698,2.4362026825400043,7.343888140733647,2.709960911292568,2.7874338805136016,9.656505761720856,3.107491876372464,2.870950737736761,2.709960911292568,2.709960911292568,2.4588337101650146,1.0,1.0088933674582767,1.7545411749764843,36.084203222237115
9.019999999999852,-1.2835824503379432,1.2835824503379432,3.4380123527744484,1.8541877878937851,2.434480215475073,7.362353293839246,2.713365676395138,2.787122381261156,9.68276438582126,3.1117140591354566,2.8709459642886888,2.713365676395138,2.713365676395138,2.448121651073067,1.0,1.0178053401576557,1.7684303896457272,36.08419495561406
9.029999999999852,-1.2985547136739357,1.2985547136739357,3.4483083068762936,1.8569621177816993,2.4327399372175305,7.3809812391141225,2.7167961349932246,2.7868049307812353,9.709299848061134,3.115974943426396,2.870940845430047,2.7167961349932246,2.7167961349932246,2.438110331066241,1.0,1.0266509736368403,1.7820027783717518,36.08418657950067
9.039999999999852,-1.3131233835019296,1.3131233835019296,3.4587640249385574,1.859775261943915,2.4309831490827074,7.39976346603738,2.7202506255926826,2.7864815881020046,9.736102581105003,3.1202728376065134,2.8709353676631713,2.7202506255926826,2.7202506255926826,2.42875757731637,1.0,1.0354413487539929,1.795258539243138,36.0841780962882
9.049999999999851,-1.3272983353103631,1.3272983353103631,3.469377434766981,1.8626264882597854,2.42921116131371,7.418691504533172,2.7237275018865548,2.786152414555778,9.763163001235819,3.124606055366951,2.8709295173680256,2.7237275018865548,2.7237275018865548,2.4200239549306333,1.0,1.0441650042946453,1.8084178912094895,36.084169508441384
9.059999999999851,-1.3410894510100864,1.3410894510100864,3.480146535428891,1.8655150858218463,2.427425290916808,7.437756928985288,2.727225133535053,2.7858174736846193,9.790471514474032,3.1289729168648988,2.8709232808112017,2.727225133535053,2.727225133535053,2.41187257468762,1.0,1.0528221928771182,1.8212896393321327,36.08416081849521
9.069999999999851,-1.3545066013710325,1.3545066013710325,3.491069391514216,1.868440363381774,2.425626859523807,7.456951361997446,2.73074190688125,2.7854768311466183,9.818018522451066,3.1333717498010136,2.870916644155278,2.73074190688125,2.73074190688125,2.4042689133656587,1.0,1.0614128924580069,1.8338556369782728,36.08415202905176
9.07999999999985,-1.3675596296039871,1.3675596296039871,3.5021441272227087,1.8714016477556892,2.4238171912867403,7.476266477907482,2.7342762256047726,2.7851305546229965,9.845794428041907,3.1378008904393386,2.8709095934685376,2.7342762256047726,2.7342762256047726,2.3971806462968024,1.0,1.0699470945747678,1.8463037130352784,36.08414314277719
9.08999999999985,-1.380258336102961,1.380258336102961,3.5133689203100564,1.8743982821988652,2.4219976108099193,7.495694006064187,2.737826511315899,2.7847787137261837,9.873789640762137,3.142258684571042,2.870902114735043,2.737826511315899,2.737826511315899,2.390577491648602,1.0,1.0784267382312256,1.858535776643638,36.08413416239859
9.09999999999985,-1.3926124642947744,1.3926124642947744,3.5247419959247424,1.8774296247595388,2.4201694411240813,7.51522573387584,2.741391204092521,2.7844213799090234,9.901994581935032,3.146743488423394,2.8708941938650656,2.741391204092521,2.741391204092521,2.3844310658535357,1.0,1.0868403688337491,1.8704602794301632,36.084125090701065
9.10999999999985,-1.404631687548529,1.404631687548529,3.5362616203665627,1.8804950466211185,2.4183340017070156,7.5348535096398495,2.744968762962495,2.7840586263752405,9.930399689634928,3.151253669515504,2.8708858167058717,2.744968762962495,2.744968762962495,2.378714749559787,1.0,1.0951871216109266,1.8823486594510492,36.084115930524774
9.11999999999985,-1.416325597138931,1.416325597138931,3.5479260947966123,1.8835939304416471,2.416492606554752,7.554569245163065,2.748557666333938,2.783690527991311,9.958995423413262,3.1557876074624005,2.8708769690528495,2.748557666333938,2.748557666333938,2.3734035634571797,1.0,1.1034816756250385,1.8939657482482948,36.084106684762006
9.12999999999985,-1.4277036912034609,1.4277036912034609,3.5597337489274428,1.8867256686989349,2.41464656230704,7.574364918182645,2.7521564123760562,2.7833171611998577,9.98777226881398,3.1603436947291,2.8708676366609884,2.7521564123760562,2.7521564123760562,2.3684740533311395,1.0,1.111718709632571,1.9053807761733432,36.084097356354384
9.13999999999985,-1.4387753646675159,1.4387753646675159,3.5716829347208163,1.8898896620492998,2.4127971664305323,7.59423257459725,2.7557635193530756,2.7829386039347086,10.016720741685267,3.164920337336355,2.8708578052566915,2.7557635193530756,2.7557635193530756,2.3639041837098667,1.0,1.1198873651428025,1.9167044881130018,36.08408794828998
9.14999999999985,-1.4495499000767154,1.4495499000767154,3.583772020119234,1.8930853177073752,2.4109457054627446,7.614164330518592,2.7593775259138775,2.7825549355377284,10.045831392294566,3.1695159555197963,2.8708474605499337,2.7593775259138775,2.7593775259138775,2.3596732394914066,1.0,1.1279928249896258,1.927704413695601,36.084078463600555
9.15999999999985,-1.460036459333566,1.460036459333566,3.595999382836063,1.8963120478539557,2.4090934533195254,7.634152374153238,2.7629969913398815,2.782166236677538,10.075094809254185,3.174128984344238,2.8708365882467377,2.7629969913398815,2.7629969913398815,2.355761734964715,1.0,1.136049949497185,1.9387367917890306,36.08406890535888
9.169999999999849,-1.4702440762624012,1.4702440762624012,3.6083634042276542,1.8995692680783332,2.40724166966847,7.654188967524541,2.766620495753717,2.7817725892702425,10.104501623264625,3.178757874274891,2.8708251740619843,2.766620495753717,2.766620495753717,2.3521513296698875,1.0,1.144036107425187,1.9494436467070713,36.08405927667596
9.179999999999849,-1.48018164996584,1.48018164996584,3.620862463269512,1.9028563958611044,2.405391598370364,7.674266448044527,2.7702466402911723,2.7813740764022388,10.134042510682889,3.1834010917072466,2.870813203732535,2.7702466402911723,2.7702466402911723,2.348824750575728,1.0,1.1519550284506588,1.9601086196787703,36.08404958069837
9.189999999999849,-1.489857938975552,1.489857938975552,3.6334949306570272,1.9061728491028895,2.403544465990449,7.6943772299453554,2.773874047238871,2.7809707822552387,10.16370819692307,3.1880571194574086,2.870800663030664,2.773874047238871,2.773874047238871,2.3457657200864928,1.0,1.1598260542523315,1.9705226251182024,36.08403982060563
9.199999999999848,-1.4992815560798172,1.4992815560798172,3.6462591630499164,1.909518044703929,2.4017014803809857,7.714513805579878,2.777501360140059,2.780562792033564,10.193489459696305,3.1927244572146067,2.8707875377777983,2.777501360140059,2.777501360140059,2.3429588894231017,1.0,1.167622652265707,1.9808544685607332,36.084029999607594
9.209999999999848,-1.5084609638702335,1.5084609638702335,3.6591534974779805,1.91289139719901,2.399863829336305,7.734668746600537,2.781127243870826,2.78015019189381,10.223377132097268,3.197401621957628,2.8707738138585484,2.781127243870826,2.781127243870826,2.3403897769567483,1.0,1.1753548426374136,1.9909718374840046,36.084020120941794
9.219999999999848,-1.5174044709055494,1.5174044709055494,3.6721762459243816,1.9162923174516935,2.3980326793212434,7.75483470502573,2.784750384689035,2.779733068876952,10.253362105544163,3.2020871483368722,2.870759477235025,2.784750384689035,2.784750384689035,2.3380447111041764,1.0,1.1830313586990686,2.0009995268833674,36.08401018787096
9.229999999999848,-1.5261202285025974,1.5261202285025974,3.6853256901011497,1.919720211411327,2.3962091742735825,7.775004414202377,2.7883694902581286,2.7793115108429602,10.283435332579101,3.2067795890237143,2.8707445139614327,2.7883694902581286,2.7883694902581286,2.3359107774237704,1.0,1.1906292574690593,2.010813044990456,36.0840002036804
9.239999999999847,-1.5346162280649336,1.5346162280649336,3.698600076430192,1.9231744789358536,2.3943944344808648,7.795170689673282,2.7919832896479306,2.7788856064079903,10.313587829535543,3.2114775150287977,2.870728910198935,2.7919832896479306,2.7919832896479306,2.3339757695797196,1.0,1.1981725127690854,2.020561306206168,36.08399017167553
9.249999999999847,-1.5429002989757261,1.5429002989757261,3.711997611241686,1.9266545126829786,2.3925895555316856,7.815326429957504,2.7955905333144737,2.778455444884198,10.34381067907942,3.216179515990894,2.8707126522307638,2.7955905333144737,2.7955905333144737,2.33222814386795,1.0,1.2056443482599843,2.030060756857608,36.08398009517927
9.259999999999847,-1.5509801069656293,1.5509801069656293,3.7255164562003076,1.9301596970718014,2.3907956073413423,7.83546461725169,2.799189993060794,2.778021116222235,10.374095032630212,3.220884200437857,2.8706957264775887,2.799189993060794,2.799189993060794,2.3306569770221026,1.0,1.2130419884052015,2.0395508824531685,36.08396997752967
9.269999999999847,-1.5588631529551422,1.5588631529551422,3.739154723968432,1.9336894073166022,2.38901363325148,7.855578318059954,2.8027804619805585,2.777582710956454,10.40443211266822,3.225590196021221,2.870678119513109,2.8027804619805585,2.8027804619805585,2.32925192704073,1.0,1.2203834055964862,2.04872513950332,36.08395982207733
9.279999999999847,-1.5665567723163611,1.5665567723163611,3.7529104741140435,1.9372430085340464,2.387244649203183,7.875660683759668,2.8063607543863047,2.7771403201528777,10.434813214933948,3.230296149725896,2.870659818079874,2.8063607543863047,2.8063607543863047,2.3280031967980057,1.0,1.227638942675111,2.0579738424684697,36.083949632183014
9.289999999999846,-1.5740681345508518,1.5740681345508518,3.766781709269917,1.9408198549246958,2.3854896429827366,7.895704951110006,2.8099297057239716,2.7766940353599363,10.465229710525392,3.235000728056393,2.8706408091053053,2.809927950899753,2.809928828311451,2.326901500219828,0.9999987504810988,1.2348410984504596,2.0669215102585197,36.08393941121512
9.299999999999846,-1.5814042433205617,1.5814042433205617,3.7807663715492748,1.944419289029317,2.3837495735391205,7.915704442709961,2.813486172475344,2.7762439485620107,10.495673047898691,3.239702617200951,2.8706210797179237,2.813469269799766,2.813477721099424,2.32593803082514,0.9999879725704865,1.2419590248585046,2.075831005106422,36.08392916254732
9.309999999999846,-1.5885719368301598,1.5885719368301598,3.7948623392220155,1.9480406410601436,2.3820253703721224,7.9356525674120055,2.8170290320499016,2.7757901521357886,10.526134754777516,3.2444005231748925,2.870600617263747,2.8169755594973966,2.817002295392211,2.3251044324488737,0.9999619763415726,1.249011357202522,2.084566871237895,36.083918889556095
9.319999999999846,-1.5955778885221492,1.5955778885221492,3.809067423654403,1.9516832283068897,2.3803179329897883,7.9555428206973735,2.8205571826675264,2.7753327388094426,10.556606439976186,3.2490931719444713,2.870579409322864,2.8204412464657125,2.820499212774376,2.324392771978091,0.9999176154702681,1.2559867152210056,2.093118967480995,36.08390859561834
9.329999999999846,-1.6024286080538535,1.6024286080538535,3.823379366514081,1.955346354617023,2.3786281304337957,7.97536878501851,2.824069543233401,2.774871801624622,10.587079795141419,3.2537793095324425,2.870557443726154,2.823862406632949,2.823965969214846,2.3237955139468376,0.9998529098053567,1.2628874862013155,2.101656164429929,36.08389828410889
9.339999999999845,-1.6091304425411566,1.6091304425411566,3.837795837241132,1.9590293099494789,2.3769568008712163,7.9951241301138465,2.827565053206353,2.7744074339012714,10.617546596417263,3.2584577021065138,2.870534708572149,2.827235890292726,2.827400457315927,2.3233054968479694,0.9997664200222698,1.269715152544388,2.1099239941996335,36.08388795839828
9.349999999999845,-1.6156895780447904,1.6156895780447904,3.852314430785018,1.9627313700007494,2.375304751250982,8.01480261329987,2.8310426724618387,2.7739397292052406,10.647998706037594,3.2631271360517955,2.8705111922440114,2.830559425178438,2.8308010177251695,2.322915911031925,0.9996573200103956,1.2764622561552337,2.1181807973069704,36.08387762185022
9.359999999999845,-1.6221120412692123,1.6221120412692123,3.8669326656062437,1.966451795902011,2.373672757023304,8.034398079744944,2.8345013811506505,2.7734687813186762,10.678428073850354,3.267786418028319,2.8704868834266146,2.83383071228872,2.8341659868553015,2.322620278073075,0.9995247515384508,1.283136968615463,2.1262703872744386,36.083867277819294
9.369999999999845,-1.6284037014570945,1.6284037014570945,3.881647981940698,1.970189833985725,2.372061561920182,8.053904462729074,2.837940179554367,2.7729946842131716,10.708826738777352,3.272434375014624,2.870461771123715,2.8370487276821184,2.837494347900205,2.3224124314940777,0.9993687515591918,1.2897279792367635,2.134128888308567,36.0838569296486
9.379999999999844,-1.6345702724649063,1.6345702724649063,3.8964577403238825,1.9739447156199392,2.370471877795049,8.073315783893479,2.841358087938491,2.7725175320256397,10.739186830213404,3.277069854338385,2.870435844675189,2.840212227162926,2.8407849829608667,2.322286498747627,0.9991891858965154,1.2962443556373373,2.142050083498726,36.08384658066738
9.389999999999844,-1.6406173149902241,1.6406173149902241,3.911359220371357,1.9777156571083108,2.3689043845195696,8.092626153483529,2.844754146404137,2.7720374190368635,10.76950056936819,3.281691723694989,2.870409093774319,2.8433199373906537,2.84403676850617,2.3222368843631145,0.9989858849212415,1.3026765692329871,2.1497280343780414,36.083836234188695
9.399999999999844,-1.6465502389493814,1.6465502389493814,3.926349619811146,1.9815018596537188,2.3673597299355,8.11182977058817,2.8481274147390545,2.771554439652696,10.799760270554112,3.2862988711549215,2.8703815084851163,2.8463713385941936,2.8472489669794316,2.3222582541732457,0.998759201409487,1.3090291195633017,2.157247222209438,36.08382589350714
9.409999999999844,-1.6523743059551097,1.6523743059551097,3.9414260537630774,1.9853025093831613,2.3658385298595106,8.13092092337885,2.851476972268731,2.7710686883878353,10.829958342423147,3.290890205160778,2.870353079259649,2.8493662995962583,2.8504210443516476,2.3223455205424735,0.9985097498274995,1.315299588596468,2.164772493448434,36.08381556189648
9.419999999999844,-1.65809463194059,1.65809463194059,3.9565855542595494,1.9891167774315186,2.3643413681388226,8.14989398935041,2.854801917708199,2.7705802598521463,10.860087289155539,3.295464654514677,2.8703237969553688,2.852303307022857,2.8535517836987325,2.3224938285253383,0.9982371442805359,1.3214827210671927,2.1720698750847576,36.083805242607376
9.429999999999843,-1.663716189841,1.663716189841,3.97182507000156,1.9929438200816298,2.3628687967554725,8.168743435566348,2.858101369015163,2.7700892487394393,10.89013971160289,3.3000211683567864,2.8702936528524026,2.855183451791821,2.8566412807651553,2.322698542888564,0.9979428391407748,1.32758828392659,2.1792234069401806,36.08379493886513
9.439999999999843,-1.6692438123706008,1.6692438123706008,3.9871414663434352,1.9967827789580506,2.3614213359770213,8.187463818910368,2.8613744632449576,2.7695957498186625,10.920108308388146,3.3045587161356575,2.8702626386708,2.858005488622502,2.8596884707043824,2.3229552359359475,0.9976266087342641,1.3335963055321676,2.186381651865487,36.08378465386736
9.449999999999843,-1.6746821948762736,1.6746821948762736,4.002531525499194,2.000632781271764,2.3599994745515014,8.206049786346028,2.8646203564078134,2.7690998579274173,10.949985876964556,3.3090762875709827,2.8702307465877137,2.860770437558225,2.862693432154013,2.3232596760798985,0.9972898253851269,1.339533611094513,2.1933256588200196,36.083774390781805
9.459999999999843,-1.6800358982264774,1.6800358982264774,4.0179919469631775,2.0044929401130793,2.358603669944376,8.22449607518587,2.8678382233288318,2.768601667967731,10.979765314635813,3.313572892609398,2.8701979692544746,2.863477770806197,2.865655477644228,2.3236078171078405,0.9969327428928467,1.34536924734265,2.200084539368737,36.08376415274405
9.469999999999843,-1.6853093517680622,1.6853093517680622,4.033519348137088,2.008362354789864,2.357234348615357,8.242797513371318,2.8710272575110323,2.7681012749040015,11.009439619539078,3.3180475613738687,2.8701642998135695,2.866127283576048,2.8685740904165042,2.3239957880957,0.9965558295634314,1.3511262510418738,2.2069012468597426,36.083753942855374
9.479999999999842,-1.6905068563008503,1.6905068563008503,4.049110265155489,2.0122401112082744,2.3558919063328396,8.260949019764219,2.874186671001767,2.767598773763018,11.039001891592644,3.3224993441071806,2.8701297319154695,2.8687191357641515,2.871448945513734,2.3244198839244126,0.9961597976363904,1.35678868511812,2.2135159590428155,36.08374376418044
9.489999999999842,-1.6956325870861761,1.6956325870861761,4.064761153901401,2.016125282293092,2.3545767085238305,8.278945604450817,2.877315694262765,2.767094259635987,11.068445333409754,3.326927311110021,2.8700942597353043,2.8712538971517767,2.8742799327083883,2.3248765563586904,0.9957456352806985,1.3623566170857613,2.2199356513428885,36.08373361974526
9.499999999999842,-1.7006905968782406,1.7006905968782406,4.080468391203532,2.020016928444792,2.3532890906571966,8.296782369058596,2.880413576044002,2.766587827682444,11.09776325117989,3.331330552674095,2.87005787798935,2.8737325962137317,2.8770671813250366,2.3253624056504294,0.9953146412621049,1.3678420040740642,2.2263465406312495,36.0837235125349
9.509999999999842,-1.7056848189541898,1.7056848189541898,4.096228276206493,2.0239140980304704,2.352029358658148,8.314454507086287,2.8834795832615647,2.7660795731359706,11.126949055518736,3.335708179010678,2.8700205819513185,2.8761535550935804,2.879809471935456,2.3258741726319347,0.994866172705935,1.3732237988972238,2.2326534960534055,36.08371344549148
9.519999999999841,-1.710619070156038,1.710619070156038,4.112037031905204,2.02781582790578,2.3507977893518532,8.331957304247112,2.8865130008796274,2.7655695913116034,11.155996262287955,3.3400593201750106,2.869982367468399,2.878517948677229,2.882507025403416,2.3264087312667683,0.994401600628395,1.378519220165066,2.238775964306644,36.083703421511956
9.529999999999841,-1.7154970539271979,1.7154970539271979,4.127890806834682,2.0317211439650573,2.349594630934174,8.349286138825091,2.8895131317966167,2.7650579776148336,11.184898493385528,3.3443831259868433,2.869943230977064,2.880826970292791,2.885160081661293,2.326963081628371,0.993922294569365,1.3837180878295676,2.244725449182984,36.083693443446116
9.539999999999841,-1.720322363331785,1.720322363331785,4.143785676906313,2.035629061716872,2.348420103467505,8.366436482044147,2.892479296735613,2.764544827552081,11.213649477507587,3.3486787659474873,2.869903169518581,2.8830795566596086,2.887767756516064,2.327534343278849,0.9934280016662557,1.388812210759399,2.2507440804540297,36.08368351409447
9.54999999999984,-1.72509848407887,1.72509848407887,4.159717647381679,2.039538586882258,2.3472743993997964,8.383403898449457,2.8954108341389926,2.764030236742534,11.242243050882328,3.352945429153646,2.8698621807542284,2.8852759439689804,2.890329827162207,2.328119749022288,0.9929193803272844,1.393821785298824,2.256587804434887,36.08367363620626
9.55999999999984,-1.7298287975003706,1.7298287975003706,4.175682654975151,2.043448716012993,2.3461576841048366,8.400184046300392,2.8983071000672775,2.7635143009312464,11.270673157976532,3.357182324208283,2.8698202629801735,2.887418963158085,2.892847384810863,2.3287166390088374,0.9923989159022207,1.398726564338329,2.2622624210095745,36.08366381247744
9.56999999999984,-1.7345165835255123,1.7345165835255123,4.191676570076352,2.047358437127303,2.3450700964419777,8.416772677974244,2.901167468102151,2.762997116003356,11.298933852175114,3.3613886791287784,2.8697774151420026,2.8895060320434256,2.895318808430918,2.3293224551675,0.9918652315056788,1.403524856036575,2.267787275910857,36.08365404554875
9.57999999999984,-1.7391650236209961,1.7391650236209961,4.207695199083811,2.051266730360489,2.344011749333506,8.433165640379713,2.903991329253535,2.7624787779993194,11.327019296434017,3.365563741252573,2.8697336368488675,2.8915370455763916,2.897743730553039,2.3299347359471385,0.9913186977741043,1.4082352106174134,2.2733690865280956,36.08364433800372
9.58999999999984,-1.7437772036930017,1.7437772036930017,4.2237342868411965,2.055172568628045,2.3429827303579205,8.44935887537908,2.9067780918706334,2.7619593831310345,11.35492376390666,3.3697067771405065,2.869688928387224,2.8935144809174007,2.9001230927035175,2.3305511113466473,0.9907615031984525,1.412837267969619,2.2787901386026674,36.08363469236685
9.59999999999984,-1.7483561169698925,1.7483561169698925,4.2397895191676005,2.059074918298895,2.3419831023574638,8.465348420217786,2.909527181556788,2.761439027798722,11.382641638544005,3.3738170724779972,2.86964329073414,2.8954382646684875,2.9024565624810887,2.3311692982165884,0.9901940094277198,1.4173305670514527,2.2840556700795323,36.083625111101654
9.60999999999984,-1.7529046668268502,1.7529046668268502,4.255856525473597,2.0629727398765105,2.341012904058286,8.481130407960078,2.9122380410880013,2.760917808608451,11.410167415668337,3.377893931974232,2.8695967255701476,2.8973084146272234,2.9047438621931976,2.3317870958157956,0.9896166286162315,1.4217282340759756,2.2891707599502893,36.08361559660898
9.61999999999984,-1.7574256695908812,1.7574256695908812,4.2719308814548995,2.066864988685739,2.3400721507016886,8.496701067929152,2.914910130334922,2.76039582239017,11.437495702520602,3.3819366792594745,2.8695492352916068,2.899125044343855,2.906984771219488,2.3324023816076114,0.9890298266383266,1.4260179872041907,2.2942943682502253,36.083606151225055
9.62999999999984,-1.7619218572897173,1.7619218572897173,4.288008111855658,2.070750615563269,2.339160834684966,8.51205672615035,2.9175429261881223,2.759873166216116,11.464621218781197,3.385944656780615,2.869500823022564,2.9008883678223008,2.909179128459705,2.3330131072814537,0.9884341264131113,1.4301962426763954,2.2993283419684434,36.08359677721989
9.639999999999839,-1.7663958803674382,1.7663958803674382,4.304083693293685,2.0746285675497877,2.3382789262104167,8.527193805795562,2.920135922486411,2.759349937419479,11.491538797064017,3.389917225695049,2.8694514926260712,2.902598704360822,2.911326834863968,2.3336172949863787,0.9878301113387418,1.4342675780736622,2.3042188286906145,36.08358747679548
9.649999999999839,-1.7708503103384956,1.7708503103384956,4.320153057140051,2.0784977885819487,2.337426373941152,8.542108827627166,2.922688629947974,2.758826233613191,11.518243383383393,3.3938537657629553,2.869401248714949,2.9042564835274316,2.913427856042895,2.3342130337642093,0.9872184288354073,1.4382345972720847,2.308970426401303,36.08357825208425
9.659999999999838,-1.7752876424240676,1.7752876424240676,4.336211592445809,2.0823572201824088,2.336603105662415,8.556798410439606,2.925200576104074,2.758302152708691,11.54473003759364,3.397753675238045,2.8693500966619507,2.905862250264265,2.9154822249545096,2.334798476170628,0.9865997939958857,1.4420869691494047,2.3135875937923203,36.08356910514733
9.669999999999838,-1.7797102981078894,1.7797102981078894,4.352254648908792,2.086205802146277,2.335809028947157,8.571259271496677,2.927671305235046,2.7577777929345677,11.570993933800713,3.4016163707568072,2.8692980426093344,2.9074166701143263,2.917490044664286,2.3353718350733788,0.9859749933422646,1.4458242205367238,2.318254584671761,36.08356003797314
9.679999999999838,-1.7841206276668893,1.7841206276668893,4.36827753987375,2.0900424732224345,2.3350440318246846,8.585488226962578,2.9301003783083233,2.7572532528549107,11.597030360745634,3.405441287226317,2.8692450934777685,2.908919667461491,2.9194510527009214,2.3359313806174806,0.985344275056334,1.449451144361265,2.322799985452065,36.08355105247573
9.689999999999838,-1.7885209126388464,1.7885209126388464,4.384275545359296,2.0938661717882776,2.3343079834512794,8.599482192324567,2.9324873729181795,2.7567286313872783,11.622834722159004,3.409227877710583,2.869191256974601,2.910366460318628,2.9213626139810613,2.3364754373479455,0.9847045438974394,1.4529660921876488,2.3272167130292876,36.083542150493415
9.699999999999838,-1.7929133682595406,1.7929133682595406,4.400243915105457,2.0976758365165615,2.333600734781712,8.613238182805253,2.934831883226917,2.756204027820121,11.64840253708616,3.4129756133154774,2.8691365416014216,2.9117630906155147,2.923227575958147,2.3370023814811822,0.9840603506438106,1.4563622313905384,2.3315088001217408,36.08353333378737
9.709999999999837,-1.7973001458261815,1.7973001458261815,4.416177871635877,2.101470407033103,2.332922119240651,8.626753313762286,2.937133519907171,2.755679541829546,11.673729440182312,3.416683983072229,2.86908095666092,2.913110655398595,2.925046296421221,2.337510638316765,0.9834127323653463,1.4596387894927352,2.3356801541500514,36.08352460404026
9.719999999999837,-1.8016833350271406,1.8016833350271406,4.4320726133290105,2.1052488245642156,2.3322719533930285,8.640024801073311,2.9393919100850283,2.7551552734952924,11.698811181977094,3.420352493819474,2.869024512262999,2.914407532928937,2.9268177651458105,2.337998679781829,0.9827607917139575,1.4627952393119756,2.33983370647587,36.08351596285494
9.729999999999837,-1.806064966220185,1.806064966220185,4.447923317492939,2.109010032572851,2.331650037612472,8.653049961503964,2.94160669728364,2.7546313233157904,11.723643629107709,3.4239806700838296,2.868967219330131,2.915648250632848,2.9285390264012583,2.3384650221007943,0.9821008976395799,1.465837832076508,2.3439406840424066,36.08350741175323
9.739999999999837,-1.8104470126542787,1.8104470126542787,4.463725143438707,2.112752977382521,2.33105615674696,8.665826213056663,2.943777541366987,2.7541077922221757,11.748222764520133,3.4275680539589777,2.8689090896019263,2.9168421437316745,2.9302146379365057,2.3389082235836303,0.9814398687404775,1.4687567482923924,2.347931617074183,36.083498952174736
9.749999999999837,-1.8148313926554371,1.8148313926554371,4.479473235547389,2.11647660878815,2.3304900807809403,8.678351075298,2.945904118483492,2.753584781591143,11.772544687637554,3.431114204983208,2.8688501356388962,2.9179852815703504,2.9318424433847827,2.339326882526236,0.9807751410643448,1.4715509857242657,2.35181002468547,36.083490585475786
9.759999999999836,-1.8192199717447575,1.8192199717447575,4.495162726326354,2.120179880653138,2.329951565493153,8.69062216966244,2.947986121009127,2.7530623932564966,11.79660561449534,3.4346187000153803,2.8687903708253724,2.919073762498332,2.9334203051951997,2.339719635216962,0.9801041579456415,1.4742194587238995,2.3555793107971987,36.08348231292827
9.769999999999836,-1.8236145647290465,1.8236145647290465,4.510788739450528,2.1238617514919675,2.3294403531095145,8.702637219730027,2.9500232574896805,2.752540729519316,11.820401877841748,3.438081133109245,2.8687298093715894,2.9201184810098173,2.9349536066862023,2.3400851540436225,0.9794347928709731,1.4767610064403582,2.3592427658808055,36.083474135718724
9.779999999999836,-1.8280169377300954,1.8280169377300954,4.526346392784658,2.127521185037803,2.328956172950398,8.714394051475981,2.9520152525818664,2.752019893156571,11.843929927203682,3.441501115386087,2.868668466314876,2.9211039219490638,2.936434327219611,2.3404221456957277,0.9787562789726536,1.4791776244836183,2.3628717843407174,36.08346605494744
9.789999999999836,-1.8324288101684503,1.8324288101684503,4.5418308013829245,2.1311571507945923,2.3284987420717576,8.725890593489762,2.9539618469929096,2.751499987428116,11.867186328916587,3.4448782749056006,2.8686063575199583,2.9220458036540027,2.937870321756854,2.340729349456949,0.9780798580833422,1.4814665039367203,2.3664769473395415,36.083458071627554
9.799999999999836,-1.8368518567086412,1.8368518567086412,4.557237080462538,2.13476862457329,2.328067765899532,8.737124877161524,2.9558627974182974,2.750981116081917,11.890167766117843,3.4482122565349487,2.868543499678342,2.9229318880228377,2.9392552451757425,2.3410055355831583,0.9773970590584162,1.4836239534206248,2.3699797324241882,36.08345018668425
9.809999999999835,-1.8412877091517958,1.8412877091517958,4.572560348348087,2.138354589011861,2.3276629388568533,8.748095036833636,2.957717876477342,2.7504633833574252,11.912871038702779,3.4515027218159307,2.8684799103067578,2.92377244726903,2.9405942072461366,2.3412495037616443,0.9767152523405587,1.4856487046477231,2.373383072803802,36.083442400954084
9.819999999999835,-1.845737958285296,1.845737958285296,4.587795729383872,2.1419140340788356,2.327283944983593,8.758799309915181,2.959526872646231,2.749946893986978,11.935293063242586,3.454749348830185,2.868415607744648,2.924557543660676,2.941882042378,2.3414600816473765,0.9760275718795512,1.4875394482687436,2.3766897950786015,36.0834347151843
9.829999999999835,-1.850204155690782,1.850204155690782,4.602938356811557,2.1454459575602356,2.3269304585478436,8.769236036957183,2.9612895901882315,2.749431753195133,11.957430872863274,3.4579518320623372,2.8683506111506856,2.925298723993085,2.9431245317768653,2.3416361234724277,0.9753422549901252,1.4892948427198862,2.3799026204445664,36.083427130032284
9.839999999999835,-1.8546878155092998,1.8546878155092998,4.61798337561074,2.148949365529756,2.3266021446489518,8.779403661686542,2.963005849080717,2.748918066695831,11.979281617085018,3.4611098822610384,2.8682849404982944,2.925981410411813,2.9443141553452747,2.3417765087248923,0.9746491542558806,1.4909135231452288,2.3830241658260034,36.083419646065046
9.849999999999834,-1.8591904161615325,1.8591904161615325,4.632925945300359,2.1524232728021593,2.3262986598117674,8.789300730996521,2.964675484938701,2.74840594068729,12.000842561621056,3.464223226297788,2.8682186165701604,2.926622795603388,2.94545959451788,2.3418801408938648,0.9739604497973773,1.492394110364154,2.3860923650251005,36.08341226375878
9.859999999999834,-1.8637134020354698,1.8637134020354698,4.647761242699047,2.155866703369911,2.3260196525718064,8.798925894891822,2.966298348934547,2.7478954818445525,12.022111088135434,3.4672916070234754,2.8681516609517246,2.927204670775091,2.9465514852489947,2.341945946277211,0.9732634237299235,1.4937366340919203,2.3891587223540287,36.08340498349853
9.869999999999834,-1.868258185125276,1.868258185125276,4.662484464642678,2.1592786908230903,2.325764764051055,8.808277906386234,2.9678743077135583,2.747386797309582,12.043084693958853,3.4703147831225416,2.868084096023632,2.927741510545733,2.9475971448860805,2.3419728728491016,0.9725683208244891,1.494939300931826,2.3921358538050472,36.083397805577896
9.879999999999834,-1.8728261466364327,1.8728261466364327,4.677090830657756,2.162658278752738,2.3255336285241666,8.81735562135096,2.969403243305119,2.7468799946788356,12.063760991762011,3.4732925289647016,2.8680159449531257,2.9282291911743816,2.948594409681099,2.3419598891843947,0.9718722970144968,1.4959994427536283,2.3950260406466524,36.08339073019879
9.889999999999834,-1.8774186385551188,1.8774186385551188,4.691575585589308,2.166004521137781,2.32532587397486,8.82615799831174,2.9708850530291033,2.7463751819882387,12.084137709185594,3.4762246344541077,2.867947231684386,2.928660585030705,2.9495395828950612,2.341905983437175,0.9711704039869354,1.496915748489336,2.397831463889313,36.08338375747141
9.899999999999833,-1.8820369851797685,1.8820369851797685,4.705934002182293,2.1693164827157636,2.325141122642311,8.834684098193014,2.972319649397254,2.745872467695475,12.104212688426484,3.4791109048759115,2.8678779809277763,2.929048280046888,2.950439054204958,2.3418101623708614,0.9704715104714239,1.4976869266651145,2.4005542049661837,36.083376887414104
9.909999999999833,-1.8866824846180819,1.8866824846180819,4.720161383615591,2.1725932393376333,2.3249789915574035,8.842933084007363,2.9737069600092347,2.7453719606595386,12.123983885779378,3.481951160740107,2.8678082181480167,2.929382815013302,2.9512879477473573,2.3416714504374947,0.9697690034245092,1.4983117138847803,2.403196246339626,36.08337011995342
9.919999999999833,-1.8913564102497147,1.8913564102497147,4.734253065987973,2.175833878306883,2.3248390930686877,8.85090422048864,2.9750469274431017,2.744873770117466,12.143449371133345,3.4847452376225934,2.86773796955125,2.9296636859792704,2.952085972232096,2.341488888903892,0.9690625536355166,1.4987888831303497,2.405759472031341,36.083363454924225
9.929999999999833,-1.8960600121609101,1.8960600121609101,4.74820442075547,2.179037498703377,2.324721035357953,8.85859687366714,2.9763395091399,2.744378005658216,12.162607327422776,3.4874929860033808,2.8676672620710084,2.929899599664552,2.952837563332441,2.3412615350225376,0.9683582663792636,1.4991172518355156,2.4082456680706934,36.08335689206986
9.939999999999833,-1.900794518538806,1.900794518538806,4.7620108571198125,2.182203211692214,2.324624422945313,8.866010510385411,2.9775846772821444,2.7438847771936166,12.181456050032143,3.4901942711018457,2.867596123353062,2.9300854176155307,2.9535400744621034,2.3409884612451712,0.9676525333368712,1.4992956896999723,2.4107038799023015,36.083350431042476
9.949999999999832,-1.9055611370478207,1.9055611370478207,4.775667824367741,2.1853301408180275,2.3245488571837454,8.873144697753233,2.9787824186659275,2.743394194926352,12.199993946154155,3.492848972708977,2.867524581739157,2.9302135797982327,2.95418961791001,2.3406687544771545,0.9669400536258382,1.4993231261906594,2.4131315758453704,36.083344071403296
9.959999999999832,-1.91036105616279,1.91036105616279,4.789170814161126,2.188417422285138,2.3244939367430275,8.87999910254055,2.979932734566428,2.74290636931493,12.21821953410089,3.495456985016536,2.8674526662496245,2.930295732779372,2.9547921639540413,2.340301515370807,0.9662289563870704,1.4991985577077755,2.4154824753877286,36.08333781262309
9.969999999999832,-1.9151954464995444,1.9151954464995444,4.802515362777948,2.191464205223975,2.324459258083042,8.886573490507,2.98103564059657,2.7424214110356147,12.236131442567462,3.4980182164430564,2.8673804065648696,2.930331417475668,2.955347485303151,2.339885857655998,0.9655188810734284,1.4989210543519036,2.4177580389630315,36.08333165408267
9.979999999999832,-1.9200654620788264,1.9200654620788264,4.815697053304384,2.194469651944265,2.3244444159164326,8.892867725667104,2.9820911665586456,2.7419394309412715,12.253728409847998,3.5005325894566384,2.867307833005725,2.930312295945244,2.9558513117992544,2.3394209075063848,0.96480395243886,1.4984897662986914,2.4199596298687247,36.08332559507343
9.989999999999831,-1.924972241612317,1.924972241612317,4.828711517778241,2.1974329381754156,2.3244490036606056,8.898881769489915,2.983099356288676,2.741460540017121,12.271009283003464,3.503000040394442,2.867234976512691,2.930239362684629,2.9563041693586256,2.3389058029397685,0.9640848195680128,1.4979039296898058,2.4220885142357917,36.08331963479812
9.999999999999831,-1.929916909727521,1.929916909727521,4.841554439284216,2.2003532532946193,2.3244726138790885,8.904615680032371,2.9840602674933314,2.7409848493333593,12.287973016981356,3.505420519278872,2.86716186862403,2.930119177923782,2.956709455331187,2.338339693251125,0.9633660036730318,1.4971628720639654,2.424145860924941,36.08331377237145
10.009999999999831,-1.9349005781939794,1.9349005781939794,4.854221554001452,2.2032298005431596,2.3245148387122674,8.910069611005467,2.9849739715792274,2.740512469994657,12.30461867368678,3.507793989630346,2.8670885414527585,2.929951375230236,2.9570670153650696,2.3377217384769526,0.962647173340307,1.4962660172593008,2.426132741314114,36.08330800682099
10.01999999999983,-1.9399243471114704,1.9399243471114704,4.866708653204007,2.206061797231439,2.3245752702975415,8.915243810772543,2.9858405534744388,2.74004351308651,12.320945421005097,3.5101204282766565,2.867015027662501,2.929735612466066,2.957376713650091,2.337051108889648,0.961928005723827,1.4952128897883779,2.4280501289945535,36.08330233708811
10.02999999999983,-1.9449893060902412,1.9449893060902412,4.87901158521492,2.2088484749332444,2.324653501178922,8.92013862127915,2.9866601114420686,2.739578089618458,12.336952531775813,3.512399825158835,2.8669413604422442,2.929459095634192,2.9576320025516485,2.336326984520695,0.9611994856160353,1.4940031186450071,2.4298988993574087,36.083296762028816
10.03999999999983,-1.9500965354103679,1.9500965354103679,4.891126257314585,2.211589079669771,2.3247491247061407,8.924754476914014,2.9874327568857537,2.739116310464159,12.352639382717875,3.5146321831335174,2.8668675734799707,2.9291344142534657,2.9578394158880843,2.3355485547115116,0.9604703031381575,1.4926377642252873,2.431679829074647,36.08329128041496
10.04999999999983,-1.9552471071615924,1.9552471071615924,4.903048637604297,2.214282872083939,2.3248617354233247,8.929091903300725,2.9881586141469674,2.7386582862983535,12.368005453306381,3.516817517771768,2.866793700935206,2.928761307042623,2.9579988774491515,2.3347150176908826,0.9597401661926085,1.4911192746433573,2.433393595470762,36.08328589093529
10.05999999999983,-1.9604420863646468,1.9604420863646468,4.914774756825814,2.2169291276055296,2.324990929447284,8.933151516019949,2.9888378202940267,2.738204127530714,12.383050324600733,3.5189558571543254,2.8667197774104722,2.928339515695557,2.9581103182368214,2.33382558017793,0.959008776770016,1.4894447222508789,2.4350797374068756,36.08328059219663
10.06999999999983,-1.965682532083417,1.965682532083417,4.926300710137806,2.219527136607662,2.325136304835512,8.936934019262045,2.9894705249027034,2.7377539442366285,12.397773678024592,3.52104724166328,2.8666458379216677,2.927868803424235,2.9581736859212766,2.332879457009662,0.9582758439967243,1.4876142848771476,2.4367160975461672,36.083275382725226
10.07999999999983,-1.9709694985229818,1.9709694985229818,4.937622658850219,2.2220762045551496,2.3252974619439364,8.94044020441011,2.990056889828371,2.7373078460849243,12.412175294097715,3.5230917237701482,2.8665719178673807,2.9273483163209564,2.958188614619177,2.3318758707921776,0.9575406395673258,1.4856282579705078,2.4382829382687805,36.0832702609681
10.08999999999983,-1.9763040361133446,1.9763040361133446,4.948736832117474,2.224575652145252,2.3254740037745307,8.943670948553564,2.99059708896962,2.7368659422625963,12.4262550511201,3.5250893678203536,2.86649805299716,2.9267694807082494,2.9581507501972735,2.3308140515746567,0.9567970562587991,1.4834870541672227,2.439780593061389,36.0832652252944
10.09999999999983,-1.9816871925791173,1.9816871925791173,4.959639528591539,2.227024815441341,2.325665536312841,8.946627212932619,2.991091308023314,2.7364283413965547,12.440012923808736,3.5270402498141036,2.866424279378752,2.926141552750392,2.958064960894864,2.3296932365453,0.9560513932302531,1.4811912022658174,2.4412092921015205,36.083260273996935
10.109999999999829,-1.9871200140134468,1.9871200140134468,4.970327118035886,2.229423045999993,2.3258716688555277,8.949310041313913,2.9915397442310394,2.735995151472476,12.453448981887522,3.528944457183695,2.8663506333643265,2.9254643708304173,2.9579312547082193,2.328512669748457,0.9553033810254383,1.478741345611171,2.4425691610119524,36.083255405293805
10.119999999999829,-1.9926035459226255,1.9926035459226255,4.980796042901377,2.231769710992014,2.326092014327988,8.95172055829795,2.9919426061169605,2.7355664797507804,12.466563388630753,3.5308020885672358,2.866277151555714,2.9247377921217788,2.957749654335518,2.327271601822168,0.9545527561265404,1.4761458938368897,2.4438602194950567,36.083250617329945
10.129999999999828,-1.9981388342857898,1.9981388342857898,4.99104281986512,2.234064193317891,2.326326189592162,8.953859967558925,2.992300113217076,2.7351424326798277,12.479356399360872,3.5326132535788393,2.866203870768668,2.923961691950257,2.9575201967226357,2.325969289755459,0.9537992606659144,1.4734040973587794,2.445082379823099,36.08324590817887
10.139999999999828,-2.0037269265938953,2.0037269265938953,5.001064041333338,2.2363058917181564,2.3265738157445757,8.955729550017734,2.9926124957999045,2.734723115806378,12.49182835990114,3.534378072575307,2.866130827996178,2.9231359631579594,2.9572429326049745,2.324604996664677,0.9530426421475869,1.4705127517212344,2.4462354451990174,36.0832412758444
10.149999999999828,-2.0093688728907506,2.0093688728907506,5.010856376909269,2.238494220879131,2.3268345184047416,8.957330661949122,2.9928799945786535,2.734308633683411,12.5039797049839,3.53609667641934,2.8660580603708747,2.922260515468729,2.9569179260450142,2.323177991588252,0.9522826531778927,1.4674730424217721,2.4473191079743466,36.08323671826256
10.159999999999828,-2.0150657268122916,2.0150657268122916,5.020416574827131,2.2406286115345244,2.327107927993957,8.958664733023955,2.9931028604149166,2.733899089775371,12.515810956615327,3.5377692062393398,2.865985605126531,2.9213352748542407,2.9565452539652894,2.3216875492992757,0.9515190512045929,1.4642862513141943,2.448332947723856,36.08323223330343
10.169999999999828,-2.0208185466213684,2.0208185466213684,5.0297414633531625,2.242708510563324,2.3273936800045987,8.959733264287859,2.9932813540139955,2.7334945863609343,12.527322722397598,3.5393958131858603,2.8659134995586903,2.9203601829001378,2.9561250056765167,2.3201329501353203,0.9507515982638514,1.460963529762037,2.4492764291760216,36.08322781877307
10.179999999999827,-2.026628396245701,2.026628396245701,5.038827952154689,2.244733381084419,2.327691415259987,8.96053782607746,2.9934157456119355,2.7330952244333906,12.538515693809295,3.540976658184758,2.865841780984477,2.9193326316716566,2.955655948739985,2.318513479844928,0.9499782811116598,1.4575076947257852,2.4501488999938386,36.08322347241556
10.189999999999827,-2.032496346316746,2.032496346316746,5.047673033638198,2.246702702548381,2.32800078016488,8.961080055875735,2.9935063146543945,2.7327011035987336,12.549390644445277,3.54251191168714,2.8657704867015914,2.918252689287436,2.9551382439115077,2.316828429450261,0.9491989398008688,1.4539114843912215,2.4509495884053085,36.08321919191507
10.199999999999827,-2.038423475206744,2.038423475206744,5.056273784257304,2.248615970826789,2.328321426946681,8.961361656107984,2.9935533494674824,2.732312321971574,12.55994842821704,3.544001753416192,2.865699653946535,2.917123221242414,2.954573512420165,2.31507709512539,0.9484153481916661,1.4501766056592786,2.451677600683301,36.08321497489791
10.209999999999827,-2.044410870082833,2.044410870082833,5.0646273657915275,2.250472698299521,2.3286530138873967,8.96138439188015,2.993557146920725,2.7319289760689722,12.570189977514755,3.545446372110958,2.8656293198521094,2.9159442248617764,2.9539618884896885,2.313258778089734,0.9476272835643711,1.4463140076462502,2.4523319184650068,36.08321081893482
10.219999999999827,-2.0504596279514438,2.0504596279514438,5.072731026596677,2.252272413940347,2.3289952055464287,8.961150088661277,2.9935180120823186,2.731551160702322,12.580116301332351,3.5468459652672193,2.865559521404208,2.914715710283791,2.9533035164980292,2.3113727845161782,0.9468345269166272,1.4423346351389572,2.4529113959221087,36.08320672154306
10.229999999999826,-2.056570856725807,2.056570856725807,5.080582102827671,2.25401466340121,2.3293476729742326,8.960660629912109,2.9934362578668865,2.731178968867393,12.589728483356955,3.548200738875544,2.865490295397953,2.913437699808464,2.9525985504699976,2.3094184254534116,0.9460368627402129,1.4382246923644404,2.453414756766191,36.08320268018871
10.239999999999826,-2.0627456762877863,2.0627456762877863,5.088178019634492,2.255699009095516,2.3297100939169044,8.95991795466181,2.993312204675919,2.730812491632667,12.599027680024033,3.5495109071566513,2.865421678393222,2.9121102272431627,2.951847153564078,2.30739501676203,0.9452340788022726,1.4339861728862227,2.453840591101946,36.083198692289024
10.249999999999826,-2.068985219571007,2.068985219571007,5.0955162923320225,2.2573250302807573,2.33008215301171,8.958924055035082,2.993146180031153,2.730451818026094,12.60801511854,3.5507766922942365,2.865353706669577,2.910733337244806,2.951049497553352,2.30530187906399,0.944425965930469,1.4296452866362739,2.454187352116086,36.08319475521468
10.259999999999826,-2.075290633661055,2.075290633661055,5.102594527544329,2.2588923231407754,2.3304635419736273,8.95768097373195,2.9929385182011257,2.7300970349204037,12.616692094873567,3.551998324165366,2.8652864161806795,2.9093070846583244,2.950205762300476,2.303138337704963,0.943612317801589,1.4251906354681203,2.4544533526042955,36.08319086629227
10.269999999999825,-2.081663080884484,2.081663080884484,5.109410424324012,2.2604005008679353,2.330853959772896,8.956190801462634,2.992689559821171,2.7297482269171174,12.625059971717747,3.5531760400686236,2.865219842508212,2.9078315338510263,2.949316135226664,2.300903722729182,0.9427929307331185,1.4206163617284426,2.45463676134936,36.08318702280665
10.279999999999825,-2.088103739957053,2.088103739957053,5.115961775247111,2.2618491937454874,2.3312531128036067,8.954455674340071,2.992399651507143,2.7294054762293993,12.633120176424162,3.5543100844501683,2.8651540208153445,2.9063067580425894,2.948380810774667,2.298597368866376,0.9419676034773179,1.4159428693799787,2.4547355993206796,36.08318322200339
10.289999999999825,-2.094613807099028,2.094613807099028,5.122246467484019,2.2632380492303543,2.331660715043341,8.952477771232752,2.992069145463178,2.729068862563894,12.640874198911435,3.5554007086278525,2.8650889857998276,2.904732838630424,2.9473999898657484,2.2962186155303637,0.9411361370173554,1.4111757203909516,2.454747735737298,36.083179461091305
10.299999999999825,-2.1011944972177425,2.1011944972177425,5.128262483846748,2.2645667320365606,2.3320764882038723,8.95025931108059,2.991698399083803,2.7287384630017177,12.648323589549662,3.5564481705136184,2.8650247716467234,2.903109864510152,2.946373879350676,2.2937668068289043,0.9402983343650517,1.4062981957407812,2.4546708839525997,36.083175737244936
10.309999999999825,-2.1078470450732265,2.1078470450732265,5.1340079038129005,2.265834924219525,2.3325001618729084,8.947802550176752,2.9912877745507456,2.728414351878733,12.655469957022888,3.5574527343343423,2.86496141198084,2.901437931390999,2.9453026914547746,2.2912412915844116,0.939454000359788,1.4013326416863139,2.4545025972001637,36.08317204760704
10.319999999999824,-2.114572706497458,2.114572706497458,5.13948090452653,2.267042325261381,2.3329314736468802,8.945109779418376,2.9908376384247903,2.7280966006652947,12.662314966171568,3.5584146703513304,2.864898939818942,2.89971714110587,2.944186643217076,2.2886414233650925,0.9386029414681459,1.396285879676565,2.4542402641731256,36.08316838929128
10.329999999999824,-2.1213727596173135,2.1213727596173135,5.144679761776071,2.268188652157503,2.3333701692547533,8.942183321529294,2.990348361233068,2.727785277845607,12.668860335817241,3.5593342545786903,2.8648373875217468,2.8979476009159493,2.9430259559236536,2.2859665605261186,0.9377449655838466,1.3911379667085535,2.4538811044625333,36.08316475938463
10.339999999999824,-2.128248506118174,2.128248506118174,5.14960285094942,2.269273639504372,2.333816002672821,8.93902552825788,2.98982031705216,2.7274804487968733,12.675107836571524,3.5602117685007904,2.8647767867458076,2.896129422809657,2.941820854535211,2.2832160662604024,0.9368798818275642,1.385921707175654,2.453422163842943,36.0831611549501
10.349999999999824,-2.1352012725315195,2.1352012725315195,5.154248647966136,2.2702970395889026,2.334268736230468,8.935638777553342,2.9892538830874407,2.7271821756683994,12.681059288631744,3.561047498789049,2.864717168395296,2.8942627227957916,2.940571567109021,2.28038930865855,0.9360075003461815,1.3806278206124363,2.452860309417464,36.08315757302926
10.359999999999824,-2.1422324115625364,2.1422324115625364,5.158615730186735,2.271258622479337,2.3347281407068317,8.932025470723755,2.9886494392490657,2.726890517260822,12.686716559565447,3.5618417370182867,2.864658562573781,2.8923476201907388,2.939278324215321,2.2774856607775575,0.9351276321110626,1.3752417162226318,2.452192224620909,36.08315401064494
10.369999999999823,-2.1493433034396325,2.1493433034396325,5.162702777298872,2.272158176117779,2.3351939954183294,8.928188029579319,2.9880073677250727,2.726605528905639,12.692081562086297,3.5625947793829007,2.864600998536026,2.8903842368996173,2.937941358348292,2.274504500717811,0.9342400887149255,1.369815444852736,2.451414404095168,36.08315046480373
10.379999999999823,-2.156535357307608,2.156535357307608,5.1665085721802,2.272995506414432,2.3356660882969726,8.924128893564358,2.987328052552039,2.726327262345206,12.69715625182374,3.5633069264131234,2.8645445046398934,2.888372696691231,2.936560903331725,2.271445211707924,0.9333446821668738,1.3643056328593632,2.4505231484343875,36.08314693249871
10.389999999999823,-2.1638100126764113,2.1638100126764113,5.170032001737558,2.2737704373435674,2.336144215959417,8.919850516881588,2.9866118791837666,2.726055765613403,12.70194262508895,3.5639784826916325,2.864489108298393,2.8863131244667186,2.935137193719521,2.26830718219695,0.9324412246851685,1.3587334386021397,2.449514558802521,36.08314341071203
10.399999999999823,-2.1711687408771216,2.1711687408771216,5.17327205772213,2.2744828110412554,2.336628183766643,8.915355365612466,2.985859234058509,2.725791082917105,12.706442716639751,3.564609756570802,2.8644348359319496,2.8842056455218237,2.93367046419118,2.26508980595349,0.9315295284873092,1.3531145809617888,2.448384531452607,36.08313989641758
10.409999999999823,-2.178613046595772,2.178613046595772,5.176227837520033,2.2751324879048327,2.3371178058742004,8.910645914837172,2.9850705041652152,2.725533254518689,12.710658597446997,3.565201059890872,2.8643817129209466,2.8820503848026218,2.9321609489423768,2.2617924821711832,0.9306094055769745,1.3474180692150641,2.4471287521264884,36.08313638658352
10.419999999999822,-2.1861444694432883,2.1861444694432883,5.178898544917799,2.2757193466940953,2.3376129052729153,8.905724645758227,2.984246076609338,2.7252823166197135,12.71459237246532,3.5657527076993603,2.864329763558604,2.8798474661546622,2.9306088810708233,2.2584146155800813,0.9296806675273935,1.3416990126000494,2.445742690362987,36.083132878174986
10.429999999999822,-2.1937645855716643,2.1937645855716643,5.1812834908421355,2.2762432846341656,2.338113313819942,8.900594042831464,2.9833863381787253,2.7250383012459736,12.71824617841082,3.5662650179719986,2.864279011004262,2.877597011565388,2.9290144919575325,2.254955616563362,0.9287431252606952,1.335912998309546,2.4442215937209824,36.08312936815664
10.439999999999822,-2.2014750093523947,2.2014750093523947,5.183382094073141,2.2767042175199528,2.3386188722600663,8.895256590908335,2.9824916749101473,2.724801236134119,12.72162218154864,3.5667383113355315,2.8642294772371293,2.875293589594891,2.927375072058848,2.25141490127883,0.927792761374156,1.3300876853201673,2.4425604819220155,36.08312585349525
10.449999999999822,-2.2092773951144173,2.2092773951144173,5.18519388193027,2.27710207982213,2.3391294302371266,8.889714772393546,2.981562471657025,2.7245711446200014,12.724722575493276,3.5671729107927015,2.8641811830105577,2.8729418775886195,2.92569325725963,2.2477918917846376,0.9268325308806828,1.3242245950907492,2.4407541409259794,36.08312233116232
10.459999999999821,-2.217173438929054,2.217173438929054,5.186718490930124,2.277436824794515,2.339644846295416,8.883971064422038,2.980599111658936,2.7243480455289353,12.72754957902455,3.567569141449756,2.8641341478069093,2.870542458129315,2.92396951834288,2.244086016168626,0.925862566032627,1.3183074528240069,2.4387971169585274,36.08311879813655
10.469999999999821,-2.2251648804846873,2.2251648804846873,5.187955667415075,2.2777084245827153,2.34016498787096,8.878027936059347,2.9796019761134787,2.7241319530680714,12.730105433922153,3.5679273302468135,2.864088389793091,2.868095429585863,2.9222040683031096,2.240296708680676,0.9248826669890028,1.312378694819979,2.436683710485511,36.08311525140644
10.479999999999821,-2.233253505005678,2.233253505005678,5.188905268151745,2.27791687033389,2.3406897312724855,8.871887845529518,2.978571443751101,2.7239228767210437,12.732392402821933,3.568247805691462,2.8640439257768016,2.865600884258728,2.920397115059468,2.2364234098674247,0.9238926318478642,1.3063894723961498,2.4344079701689894,36.08311168797275
10.48999999999982,-2.2414411452599627,2.2414411452599627,5.189567260898218,2.2780621723074677,2.341218961651964,8.86555323747467,2.977507890413503,2.723720821145087,12.734412767096837,3.568530897595933,2.8640007711635795,2.8630589075792248,2.9185488608106116,2.2324655667086835,0.9228922563918193,1.3003990896219058,2.43198787650814,36.08310810485102
10.49999999999982,-2.2497296836391487,2.2497296836391487,5.189941724938773,2.278144359986604,2.3417525729645523,8.859026540250458,2.976411688636244,2.7235257860707875,12.736168824765734,3.5687769368182334,2.863958939914698,2.8604695773009365,2.9166595013857712,2.2284226327548864,0.9218813338259815,1.2943589247379523,2.4293982971991923,36.08310449907392
10.50999999999982,-2.2581210543250787,2.2581210543250787,5.1900288515849935,2.2781634821902035,2.3422904679177745,8.852310163261608,2.97528320723618,2.7233377662046614,12.737662888433253,3.5689862550076112,2.863918444505979,2.8578329626831236,2.9147292255921586,2.2242940682648413,0.9208596545078491,1.2883074898074296,2.426626617210644,36.08310086769376
10.51999999999982,-2.266617245536192,2.266617245536192,5.18982894464187,2.278119607185248,2.34283255790978,8.845406494341756,2.9741228109043774,2.7231567511347357,12.738897283263746,3.5691591843547337,2.863879295887607,2.8551491236658846,2.9127582145587643,2.2200793403430588,0.9198270056685557,1.2822253355329596,2.423665737053102,36.08309720778479
10.52999999999982,-2.275220301866721,2.275220301866721,5.189342420837577,2.2780128227991994,2.3433787629565086,8.838317897181918,2.972930859805172,2.722982725239301,12.739874344992723,3.5692960573469836,2.8638415034449864,2.852418110036845,2.9107466410766474,2.21577792307589,0.9187831711249232,1.2761235368623587,2.420508284634541,36.083093516445636
10.53999999999982,-2.2839323267393037,2.2839323267393037,5.188569810215585,2.277843236532221,2.34392901160756,8.831046708811858,2.9717077091820214,2.722815667599007,12.740596417979,3.5693972065292763,2.8638050749607062,2.849639960589149,2.9086946689357798,2.2113892976657046,0.9177279309817656,1.2700073759976673,2.417146610596809,36.08308979080142
10.54999999999982,-2.2927554849356344,2.2927554849356344,5.187511756487566,2.277610975668928,2.3444832408506233,8.82359523713864,2.9704537089708434,2.7226555519124918,12.741065853300794,3.569462964270787,2.863770016577708,2.846814702270401,2.906602452258455,2.206912952562276,0.9166610613238014,1.2638648566956228,2.413572783819394,36.08308602800619
10.55999999999982,-2.301692005251314,2.301692005251314,5.18616901734569,2.2773161873893772,2.3450413960042615,8.815965758546742,2.969169203421513,2.7225023464156948,12.741285006899156,3.5694936625380294,2.863736332763687,2.8439374582169106,2.9044675197970395,2.2023483835905644,0.9155789690739132,1.2577217489486707,2.409778587089925,36.08308222524502
10.569999999999819,-2.3107441832703723,2.3107441832703723,5.184542464732772,2.2769590388789984,2.345603430598865,8.808160515564047,2.967854530728224,2.722356013805031,12.741256237772115,3.569489632674693,2.86370402627681,2.841006106690046,2.9022888615441595,2.1976950940740103,0.9144799615103937,1.2515471426522875,2.4057850687056046,36.08307837973618
10.579999999999819,-2.319914384252111,2.319914384252111,5.182633085068759,2.276539717437137,2.346169306245599,8.800181714598109,2.966510022669418,2.7222165111645884,12.740981906222885,3.569451205188675,2.8636730981327982,2.8380270310673925,2.900070014704156,2.1929525949524797,0.9133682016521073,1.2453832791672892,2.401555807188332,36.08307448873326
10.589999999999819,-2.329205046144853,2.329205046144853,5.180441979432003,2.2760584305838907,2.3467389924931465,8.792031523747026,2.965136004257988,2.722083789897513,12.740464372165604,3.5693787095467475,2.8636435475734636,2.8350001899903847,2.897811080302839,2.1881204048939398,0.912243437681041,1.2391842591047024,2.397079019426651,36.08307054952722
10.599999999999818,-2.3386186827558686,2.3386186827558686,5.177970363693754,2.275515406164888,2.3473124666720775,8.783712070689342,2.9637327934024924,2.721957795661742,12.739705993491965,3.56927247397729,2.863615372036727,2.8319255255156492,2.89551214607774,2.183198050398934,0.9111054118048348,1.2330050211597943,2.3923453668715564,36.083066559448376
10.609999999999818,-2.348157887037247,2.348157887037247,5.17521956860439,2.274910892453678,2.347889713726642,8.775225440657378,2.9623007005801045,2.721838468310238,12.738709124502316,3.569132825281558,2.8635885671282106,2.8288029621985564,2.8931732857858528,2.1781850658969115,0.9099538598710372,1.2267883579066707,2.387345230492647,36.083062515868356
10.619999999999818,-2.357825334558084,2.357825334558084,5.172191039829794,2.274245158251369,2.348470726033826,8.766573674498373,2.9608400285220364,2.7217257418358876,12.737476114404648,3.5689600886539274,2.863563126594439,2.825632406164427,2.890794558507201,2.1730809938334303,0.9087885109660151,1.2205983772124722,2.3820879662336383,36.08305841620196
10.629999999999818,-2.367623787110301,2.367623787110301,5.168886337936451,2.273518492983167,2.349055503209484,8.757758766827944,2.95935107191221,2.721619544321194,12.736009305885018,3.56875458751159,2.863539042297731,2.8224137441667954,2.8883760079440433,2.167885384747239,0.9076090869977372,1.2143703693444554,2.376557505094333,36.08305425790904
10.639999999999818,-2.3775560965004754,2.3775560965004754,5.165307138323758,2.272731206791458,2.3496440519013864,8.748782664280194,2.957834117099908,2.7215197978929453,12.73431103375295,3.568516643334167,2.8635163041928116,2.8191468426320045,2.885917661715432,2.1625977973362325,0.9064153022615862,1.2081732199875983,2.370729895989018,36.08305003849619
10.649999999999817,-2.3876252085256673,2.3876252085256673,5.161455231102212,2.2718836306250836,2.350236385569018,8.739647263859048,2.956289441827212,2.721426418681961,12.73238362366535,3.5682465755137143,2.8634949003052363,2.815821338649535,2.883414026701242,2.157217798511238,0.9051998517630535,1.2019401455556418,2.3645946324329556,36.08304575551851
10.659999999999817,-2.3978341671407817,2.3978341671407817,5.1573325209161265,2.27097611632446,2.350832524249983,8.73035441139518,2.954717314971972,2.721339316788101,12.730229390932543,3.5679447012156094,2.8634748167116513,2.812441248680269,2.8808673429104976,2.151744963436594,0.9039653134497838,1.195738015211119,2.3581575307388296,36.08304140658124
10.669999999999817,-2.4081861188174614,2.4081861188174614,5.152941026709671,2.2700090367022048,2.3514324943128675,8.720905900113156,2.95311799630715,2.7212583962506343,12.727850639410102,3.567611335250815,2.8634560375219538,2.8090116745439664,2.8782804398853448,2.14617887555645,0.9027150176545853,1.1895029203055356,2.3514108648879937,36.08303698934126
10.679999999999817,-2.418684317149201,2.418684317149201,5.148282881435098,2.268982785618943,2.352036328196447,8.711303469313213,2.951491736277304,2.7211835550241252,12.725249660479943,3.5672467899600027,2.8634385448634188,2.8055323762616435,2.8756532639123753,2.1405191266057186,0.9014486329407875,1.1832999410662928,2.3443248639563334,36.08303250150873
10.689999999999817,-2.4293321276491935,2.4293321276491935,5.143360331702202,2.267897778053985,2.3526440641351125,8.70154880317229,2.9498387757930584,2.721114684959965,12.722428732124593,3.5668513751100694,2.86342231886681,2.8020030881395472,2.8729857412984647,2.134765316604588,0.9001658175465681,1.1770653147875716,2.3368912974410216,36.08302794084841
10.699999999999816,-2.440133032827052,2.440133032827052,5.138175737368136,2.2667544501705814,2.3532557458704386,8.691643529668871,2.948159346044388,2.7210516717936644,12.719390118098021,3.5664253978035236,2.8634073376545683,2.7984235177078163,2.870277777621703,2.1289170538354925,0.8988662188265979,1.1708650018942268,2.329136785004267,36.0830233051811
10.709999999999816,-2.451090637499594,2.451090637499594,5.1327315710669685,2.265553259375504,2.353871422348806,8.681589219636333,2.9464536683335667,2.7209943951380393,12.716136067197095,3.5659691624013092,2.8633935773310735,2.7947933446385194,2.8675292569740343,2.1229739548014415,0.8975494726697952,1.164634528545496,2.3210123832719285,36.08301859238495
10.719999999999816,-2.4622086743950224,2.4622086743950224,5.127030417678446,2.264294684372696,2.354491147405033,8.67138738594938,2.9447219539286524,2.7209427284824033,12.712668812637146,3.5654829704595628,2.8633810119750684,2.7911057572465636,2.8647365311781376,2.116935644164588,0.8962107708450651,1.1584381345386485,2.312515356342791,36.08301380039667
10.729999999999816,-2.473491010029581,2.473491010029581,5.121074973735782,2.2629792252108243,2.355114979431991,8.661039482848427,2.942964403938387,2.7208965391978785,12.708990571535567,3.564967120680858,2.8633696136342635,2.7873536255132803,2.8618957565106604,2.1108017546639153,0.8948450946086892,1.152215223258351,2.303674211991406,36.08300892721274
10.739999999999815,-2.484941650910928,2.484941650910928,5.114868046772435,2.261607403324555,2.355742981036194,8.650546905406598,2.941181209209422,2.7208556885489528,12.70510354450736,3.564421908880507,2.863359352322158,2.7835489526808233,2.859013480997353,2.104571927010923,0.8934605552981068,1.1460233062879517,2.2944354178175006,36.08300397089048
10.749999999999815,-2.496564750067686,2.496564750067686,5.108412554608154,2.260179761569454,2.356375218679405,8.639910989144333,2.9393725502467927,2.720820031711363,12.701009915376272,3.5638476279684395,2.8633501960171515,2.779691277818718,2.856089483169222,2.098245809762188,0.8920567242964932,1.1398101463451633,2.2848299798654854,36.082998929549134
10.759999999999815,-2.5083646139226867,2.5083646139226867,5.101711524574896,2.2586968642504677,2.357011762306313,8.629133009796508,2.9375385971585986,2.720789417796435,12.696711851005825,3.5632445679472835,2.8633421106639263,2.7757801059376965,2.8531235157797545,2.091823059167666,0.8906331579271606,1.1336236038446752,2.274840660521266,36.08299380137078
10.769999999999815,-2.520345709540273,2.520345709540273,5.094768092683567,2.2571592971439935,2.3576526849583725,8.618214183237088,2.935679509625853,2.7207636898819594,12.692211501253944,3.562613015927206,2.8633350601771888,2.7718149067447446,2.850115304968167,2.085303338993625,0.8891893966982487,1.1274219474128537,2.2644557810536714,36.08298858460131
10.779999999999815,-2.532512672278398,2.532512672278398,5.087585502732823,2.255567667513618,2.3582980623739647,8.607155665566587,2.9337954368985217,2.72074268504971,12.687510999055453,3.5619532561581226,2.86332900644776,2.767795113366204,2.8470645494068907,2.0786863203190693,0.8877249645145419,1.1212413130966383,2.2537100573436732,36.082983277551186
10.789999999999814,-2.544870313855101,2.544870313855101,5.080167105361782,2.2539226041197113,2.358947972575026,8.5959585533675,2.931886517818775,2.7207262344296956,12.682612460636497,3.5612655700798976,2.863323909351074,2.7637001444402394,2.8439599800599917,2.0719716813045523,0.8862256880740722,1.115052516647621,2.242554656726968,36.08297787859631
10.799999999999814,-2.557423630864937,2.557423630864937,5.072516357048684,2.2522247572231073,2.3596024954404062,8.584623884133242,2.9299528808725306,2.7207141632512273,12.677517985865292,3.5605502363911805,2.8633197267580845,2.759545692577526,2.8408101540162924,2.065159106932248,0.8847022429567465,1.108877989717695,2.231058945226975,36.08297238617863
10.809999999999814,-2.570177813778121,2.570177813778121,5.0646368190583315,2.2504747985832525,2.360261712266192,8.573152636876102,2.9279946442703926,2.720706290900894,12.672229658743378,3.559807531137516,2.8633164145486236,2.755333808411324,2.837616175531581,2.05824828871618,0.8831559713659137,1.1027030507180415,2.2191607986719366,36.0829667988069
10.819999999999814,-2.583138256445075,2.583138256445075,5.0565321563414045,2.24867342145128,2.3609257053133526,8.56154573292004,2.9260119160591334,2.720702430987516,12.666749548042045,3.5590377278194234,2.8633139266272196,2.751063744224271,2.8343776101372335,2.051238924381497,0.8815863079181305,1.0965345208032733,2.20693409936081,36.08296111505716
10.829999999999814,-2.5963105661530728,2.5963105661530728,5.048206136389553,2.246821340558602,2.36159455734307,8.549804036884224,2.924004794264918,2.7207023914141706,12.661079708088447,3.5582410975211403,2.8633122149413985,2.746734708258849,2.8310939908962474,2.0441307175116905,0.8799926658138576,1.090374109861599,2.1943406759339794,36.08295533357337
10.839999999999813,-2.6097005742621704,2.6097005742621704,5.039662628050693,2.2449192921017658,2.362268351140204,8.537928357863574,2.921973367069518,2.7207059744573403,12.655222179706184,3.557417909060754,2.8633112295024863,2.742345830949304,2.827764799636767,2.036923377162668,0.8783744137715885,1.0842111778454036,2.1814139348581416,36.08294945306786
10.849999999999813,-2.623314347450721,2.623314347450721,5.030905600309672,2.242968033724438,2.3629471690253903,8.525919450812662,2.919917713020807,2.7207129768532665,12.649178991315411,3.5565684291624997,2.8633109184089,2.7378701102823526,2.8243750866938697,2.0296166174425663,0.8767130632730628,1.0780656664897175,2.1681910884965,36.08294347232166
10.859999999999813,-2.637158199638685,2.637158199638685,5.021939121040162,2.240968344497566,2.3636310923563695,8.513778018139678,2.917837901278904,2.7207231898915887,12.642952160197396,3.5556929226519824,2.8633112278719897,2.7333317777191937,2.8209381291190887,2.022210157056224,0.8750251627122855,1.0719076614128824,2.1546182613995595,36.08293739018504
10.869999999999813,-2.65123870462492,2.65123870462492,5.01276735573457,2.2389210248989513,2.3643202010191513,8.501504711517534,2.915733991899387,2.7207363995162916,12.636543693929156,3.5547916526751826,2.8633121022443686,2.728729825823804,2.817453303219342,2.014703718813217,0.8733100130336201,1.0657771457310241,2.140834571926126,36.08293120557773
10.879999999999812,-2.6655627094550964,2.6655627094550964,5.003394566219507,2.2368268967936493,2.3650145729097685,8.489100133919369,2.913606036155089,2.720752386434058,12.629955591993568,3.5538648809420947,2.8633134840507894,2.7240631943368347,2.8139199469777005,2.0070970290983494,0.871566887812734,1.0596274533652585,2.1267611671389535,36.08292491748922
10.889999999999812,-2.680137348632392,2.680137348632392,4.993825109365328,2.2346868034168295,2.3657142834074105,8.476564841886175,2.9114540768980324,2.7207709262300663,12.62318984757096,3.552912867995915,2.863315314021537,2.7193307683495678,2.810337358860994,1.9993898173034899,0.8697950319837343,1.053507458265927,2.112412896474279,36.08291852497905
10.899999999999812,-2.6949700591783796,2.6949700591783796,4.984063435799336,2.2325016093609733,2.366419404839819,8.463899348034717,2.9092781489631956,2.7207917894912756,12.616248449518292,3.5519358735087394,2.8633175311283456,2.714514855078593,2.8066956121384377,1.9915818152196403,0.8679823856125218,1.047372896742396,2.0979351945278086,36.08291202717702
10.909999999999812,-2.7100685966435782,2.7100685966435782,4.974114088633211,2.2302722005695204,2.3671300059419167,8.451104123814233,2.907078279615847,2.7208147419372657,12.609133384542567,3.5509341566047894,2.863320072622828,2.7096171483967,2.802995507716016,1.9836727563880878,0.8661301302710912,1.0412550258546658,2.083230855234233,36.08290542328334
10.919999999999812,-2.7254410520876493,2.7254410520876493,4.96398170221653,2.227999484339377,2.3678461513087288,8.438179602521055,2.9048544890443404,2.720839544558656,12.60184663957534,3.549907976212248,2.8633228740774053,2.7046488495820014,2.799243147293779,1.9756623754094784,0.864245942986469,1.0351350647166047,2.0683248791897735,36.08289871256888
10.929999999999811,-2.7410958701648585,2.7410958701648585,4.9536710009293206,2.225684389334957,2.368567900843772,8.425126182580723,2.902606790900332,2.720865953763163,12.59439020435564,3.5488575914448357,2.863325869428736,2.6996085777728904,2.795437638344432,1.9675504072096073,0.8623289220711782,1.0290177998420484,2.0533401389928017,36.08289189437523
10.939999999999811,-2.757041868346352,2.757041868346352,4.943186798028109,2.2233278656167896,2.369295309204137,8.411944231107842,2.9003351928885466,2.7208937215293107,12.586766074229356,3.5477832620143746,2.863328991023605,2.694494886481846,2.7915780414047933,1.9593365862606995,0.8603781295429741,1.0229116876359055,2.03823398374286,36.08288496811497
10.949999999999811,-2.7732882573730397,2.7732882573730397,4.932533994561211,2.2209308846880425,2.37002842524365,8.398634087754543,2.898039697408326,2.7209225955678513,12.578976253173176,3.5466852486756104,2.8633321696672827,2.6892907381919335,2.7876546698948363,1.951020645756869,0.8583820173724778,1.0167932729113138,2.023002104527239,36.082877933271725
10.95999999999981,-2.78984466304569,2.78984466304569,4.921717578370624,2.2184944395627015,2.3707672914555538,8.385196068859225,2.8957203022493774,2.7209523194908978,12.571022757052427,3.54556381370473,2.863335334674293,2.683992149258197,2.7836650943416723,1.9426023167424153,0.8563379409545211,1.0107000447336623,2.0076702234182915,36.082870789400346
10.96999999999981,-2.80672114945973,2.80672114945973,4.910742623199477,2.2160195448595386,2.371511943416298,8.37163047190791,2.8933770013442612,2.7209826329888287,12.562907617122159,3.5444192214130315,2.8633384139216056,2.678614163896052,2.7796175627135695,1.9340813271915134,0.8542562207866939,1.0045891790599293,1.9923727315928266,36.082863536127185
10.97999999999981,-2.8239282437567796,2.8239282437567796,4.899614287925753,2.213507236926447,2.372262409232098,8.357937580321684,2.891009785580409,2.7210132720149436,12.554632883782176,3.543251738697404,2.8633413339041835,2.6731550171087033,2.7755109077719804,1.9254574010377739,0.8521357360897679,0.9984969661496523,1.9770144772308127,36.082856173150155
10.98999999999981,-2.8414769625523895,2.8414769625523895,4.8883378159449205,2.2109585740001827,2.373018708990063,8.344117668584362,2.8886186436745787,2.7210439689779227,12.546200630597077,3.5420616356293233,2.86334401979288,2.6676128647627815,2.7713439059122695,1.9167302571520333,0.8499753203961873,0.9923975300339671,1.9616143775549366,36.08284870023913
10.99999999999981,-2.85937884016844,2.85937884016844,4.876918534725968,2.2083746364070493,2.3737808542158025,8.330171007725886,2.8862035631129497,2.7210744529420854,12.537612958593627,3.5408491860842686,2.863346395494635,2.661961220649954,2.767101389712101,1.9078996082666098,0.8477570723785555,0.9862988285274357,1.946189955934445,36.08284111723622
11.00999999999981,-2.8776459587665846,2.8776459587665846,4.865361855567681,2.205756526810627,2.3745488473395167,8.316097871177966,2.883764531160262,2.721104449835451,12.528872000848638,3.5396146684135887,2.8633483837149343,2.656209959423995,2.7627886694569344,1.898965159844099,0.8454878131134256,0.980209326051631,1.9308377518946687,36.08283342405612
11.01999999999981,-2.89629098061288,2.89629098061288,4.853673273584079,2.203105370513194,2.375322681172715,8.301898541019874,2.8813015359416783,2.7211336826656267,12.519979927381794,3.538358366161036,2.8633499060224827,2.65036829922864,2.7584107192510263,1.8899266088886335,0.8431739195731315,0.9741023888416702,1.9155159234631955,36.08282562068665
11.02999999999981,-2.91532718256854,2.91532718256854,4.8418583679505325,2.200422315818155,2.3761023383978084,8.28757331463372,2.8788145676013452,2.7211618717434907,12.510938950369013,3.537080568826361,2.8633508829160625,2.644434012173851,2.753966040170267,1.8807836426972835,0.8408139983074586,0.9680202694706729,1.900209909210327,36.08281770718933
11.039999999999809,-2.9347684930536655,2.9347684930536655,4.829922802444633,2.197708534461436,2.376887791072929,8.273122511790142,2.8763036195419533,2.721188734914692,12.50175132969364,3.535781572678612,2.863351233893497,2.6383994801972683,2.7494500478246797,1.8715359375491,0.8384030107241912,0.9619209704487728,1.8849307805260542,36.08280968370013
11.049999999999809,-2.9546295316363356,2.9546295316363356,4.817872326318699,2.1949652221205462,2.377679000154456,8.25854648218714,2.8737686897499493,2.721213987798934,12.492419378853981,3.5344616816219667,2.8633508775226986,2.632232744396999,2.7448442185226454,1.8621831573289884,0.8359194390999258,0.9558255744393586,1.8696902782920857,36.08280155043024
11.059999999999809,-2.9749256515188516,2.9749256515188516,4.805712775543847,2.1921935990107824,2.378475915039836,8.243845613466661,2.8712097822114395,2.721237344037039,12.482945471247799,3.5331212081172363,2.863349731514725,2.6259646274597985,2.740165794254486,1.852724952083323,0.833384322349591,0.9497318744948772,1.8545901899459976,36.08279330766732
11.069999999999808,-2.995672985121018,2.995672985121018,4.793450074468799,2.189394910578902,2.3792784731333567,8.229020339735825,2.868626908424277,2.7212585155457565,12.473332046856314,3.53176047416247,2.863347712798788,2.619592452677973,2.735412950834147,1.8431609565038711,0.8307959975708062,0.9436200814346807,1.839538913374595,36.08278495577658
11.079999999999808,-3.0168884930641235,3.0168884930641235,4.781090237940063,2.186570428305492,2.380086599437697,8.214071150621946,2.866020089012278,2.7212772127802953,12.463581619352214,3.530379812336374,2.863344737599159,2.6131134305197645,2.7305837822154313,1.833490788336196,0.8281527338888236,0.9375295694039151,1.8245422805373117,36.082776495202424
11.089999999999808,-3.0385900168268423,3.0385900168268423,4.7686393739339215,2.183721450628244,2.380900206174098,8.198998600893312,2.86338935544807,2.72129314500453,12.453696783659057,3.5289795669086916,2.8633407215138993,2.606489197556075,2.7256558698982807,1.8237140467082797,0.8254287787478305,0.9314201963509422,1.8096051134699576,36.08276792647017
11.099999999999808,-3.0607963354195005,3.0607963354195005,4.756103686754719,2.1808493039994117,2.3817191924341437,8.18380332068047,2.8607347518916306,2.7213060205688526,12.443680223991866,3.5275600950220345,2.863335579595354,2.599742603393238,2.7206419314363,1.8138303103746107,0.8226397613164401,0.9253079578058447,1.7947313043842321,36.082759250188225
11.109999999999808,-3.083527226403036,3.083527226403036,4.743489480858361,2.1779553440918757,2.382543443866181,8.168486026336238,2.858056337152268,2.721315547195604,12.433534722411995,3.5261217679501646,2.863329226432336,2.592878395807913,2.7155443241920594,1.8038391358704329,0.8197890740628119,0.919198362263895,1.7800071605649768,36.08275046705054
11.119999999999807,-3.1068035317000224,3.1068035317000224,4.730803165364672,2.1750409571694673,2.3833728323995036,8.15304753197614,2.855354186782463,2.721321432272026,12.423263167932676,3.5246649724381856,2.8633215762339215,2.5858932374650676,2.7103607362004243,1.7937400555702212,0.8168746553703311,0.9130691162531271,1.7653540279522648,36.082741577839506
11.129999999999807,-3.130647228576189,3.130647228576189,4.718051259327564,2.172107561638595,2.384207216009445,8.137488761745189,2.852628395312854,2.7213233831506747,12.41286856621561,3.523190112130711,2.863312542914799,2.5787504692005143,2.7050694458064357,1.7835325756437712,0.8138720227359285,0.9069475975491119,1.7507677233587076,36.082732583429454
11.139999999999807,-3.1550815063133437,3.1550815063133437,4.705240397837522,2.1691566097996526,2.3850464385266137,8.121810762861433,2.849879078638501,2.721321107457198,12.402354049903211,3.5216976090946837,2.8633020401820746,2.571463848571022,2.699677912911765,1.7732161739024965,0.8107906738642293,0.9008139496458107,1.7362491942222726,36.08272348479048
11.149999999999807,-3.1801308491077167,3.1801308491077167,4.6923773390372086,2.1661895898183077,2.3858903294934968,8.106014719491679,2.847106376567563,2.7213143134054096,12.391722889635975,3.5201879054442498,2.8632899816234647,2.5640435518047298,2.6941915790686366,1.76279029752767,0.807637685061015,0.8946602255199847,1.721798853720298,36.08271428299314
11.159999999999807,-3.2058211257766027,3.2058211257766027,4.6794689721377845,2.1632080279385484,2.3867387040716705,8.090101967520754,2.8443104555446745,2.721302710119541,12.380978505809868,3.51866146507587,2.8632762807967977,2.556485594360621,2.688607639068361,1.7522543606713732,0.8044106072587845,0.8885188142759807,1.7074619626327154,36.0827049792137
11.169999999999806,-3.232179686914559,3.232179686914559,4.666522326531004,2.160213490961253,2.3875913630028798,8.074074010281716,2.8414915115624955,2.7212860079635752,12.370124481134752,3.5171187755227646,2.8632608513207325,2.548745528343017,2.682899455943622,1.7416077419198361,0.8010798770832266,0.8823551965405713,1.6932250249585414,36.08269557474033
11.179999999999806,-3.259235470294381,3.259235470294381,4.653544582100471,2.1572075890142033,2.38844809262718,8.057932535321896,2.8386497732763543,2.721263918877528,12.35916457406168,3.5155603499387804,2.8632436069666207,2.540846030687696,2.6770796807288497,1.7308497816076436,0.7976609926405018,0.8761749261900151,1.6790513915512248,36.082686070980124
11.189999999999806,-3.287019115257088,3.287019115257088,4.640543080844586,2.1541919786417796,2.389308664961309,8.041679432287546,2.835785505338432,2.721236156720553,12.348102733154672,3.5139867292229026,2.8632244617514124,2.5327938223919335,2.671151669799093,1.7199797789699534,0.7941587355071332,0.8699981586808808,1.6649398679065113,36.08267646946733
11.199999999999806,-3.3155630870503057,3.3155630870503057,4.627525339933864,2.1511683662451584,2.3901728378403893,8.025316812018948,2.832899011969708,2.7212024376207125,12.336943112491225,3.5123984842969094,2.863203330031535,2.524581842624467,2.6651106401718407,1.7089969891183483,0.7905686653745435,0.8637974410922222,1.6508889648344907,36.08266677187263
11.209999999999805,-3.3449018121149594,3.3449018121149594,4.614499066336723,2.1481385119066982,2.39104035512593,8.008847026958211,2.8299906407898616,2.7211624803312593,12.325690088185654,3.5107962185500963,2.8631801265976535,2.51615299183445,2.6589219513336064,1.6979006198243052,0.7868529811857019,0.857578423070468,1.6368969275061964,36.08265698001403
11.219999999999805,-3.375071825473685,3.375071825473685,4.601472173160504,2.145104233635397,2.391910946982996,7.992272692983404,2.8270607869275475,2.7211160065932454,12.31434827614056,3.509180570466638,2.863154766770214,2.5075543023971876,2.6526127211679533,1.6866898280923923,0.7830434419931435,0.8513582991764967,1.6230199719262666,36.082647095869156
11.229999999999805,-3.4061119314691934,3.4061119314691934,4.588452797868676,2.14206741207383,2.3927843302292624,7.9755967127958485,2.8241098974359775,2.7210627415042796,12.302922551144114,3.5075522164529658,2.863127166495706,2.498780333831777,2.646178967897908,1.6753637165032182,0.7791367593991796,0.8451119778700256,1.6092053109129199,36.08263712158955
11.239999999999805,-3.4380633793284496,3.4380633793284496,4.575449322551363,2.1390299957109913,2.39366020875843,7.958822301002318,2.8211384760415994,2.7210024138931996,12.291418067445296,3.505911873884638,2.8630972424435353,2.489795814115313,2.6395987090024353,1.6639213293038748,0.7751098586146019,0.8388404013577551,1.5954394132574945,36.08262705951689
11.249999999999805,-3.470970055119345,3.470970055119345,4.562470396444249,2.1359940066498897,2.3945382740403387,7.941953011050563,2.81814708825685,2.7209347567004754,12.279840280955277,3.504260304394535,2.8630649121034493,2.480591102875277,2.6328651196043764,1.6523616482210004,0.770956784905193,0.8325674029001155,1.5817197125772664,36.08261691220193
11.259999999999804,-3.504878691957218,3.504878691957218,4.549524960911603,2.132961546983818,2.395418205699763,7.924992764196114,2.815136366891685,2.7208595073640525,12.26819497324174,3.5025983174268984,2.863030093883399,2.4711908156933537,2.625992028252684,1.6406835879687336,0.7666943273245974,0.8262653891743933,1.5680434696445584,36.08260668242577
11.269999999999804,-3.5398391004817666,3.5398391004817666,4.53662227713239,2.1299348058408714,2.3962996721756733,7.907945880699826,2.812107018002662,2.7207764082104227,12.25648827750366,3.5009267740847796,2.8629927072078014,2.4615816183933683,2.6189703796546566,1.6288859914205753,0.7623141092137955,0.8199337838862125,1.5544077801205844,36.08259637322474
11.279999999999804,-3.575904421924828,3.575904421924828,4.523771956755004,2.1269160671627367,2.397182331462339,7.8908171134810186,2.8090598273231953,2.720685206850615,12.244726706738346,3.4992465913019544,2.8629526726160925,2.451702919808419,2.6117621073045854,1.6169676244105853,0.7577766423305692,0.813588335890447,1.5408362342388764,36.08258598791878
11.289999999999804,-3.61313140641353,3.61313140641353,4.510983995816625,2.123907718291128,2.3980658319333217,7.8736116844794495,2.8059956672239266,2.720585656580821,12.232917184339804,3.497558746374363,2.862909911861516,2.4416055055397075,2.6043968296458653,1.6049271701252827,0.7531160567237684,0.8072186810972458,1.5273252139395335,36.08257553014403
11.299999999999804,-3.6515807194592282,3.6515807194592282,4.498268812257911,2.1209122594435423,2.3989498132490055,7.856335324012351,2.802915504258441,2.720477516787355,12.221067077398907,3.495864281890661,2.8628643480101004,2.4312819633844556,2.5968687999658253,1.5927632230430724,0.748328035142138,0.8008156988203124,1.5138415300606143,36.082565003890466
11.309999999999803,-3.691317280037924,3.691317280037924,4.485637287403898,2.117932314169624,2.3998339073478143,7.83899431345045,2.799820407356595,2.7203605533555923,12.209184233012111,3.49416431110675,2.8628159055397364,2.420659017996457,2.58913141983656,1.5804742823729157,0.7433651372515598,0.7943784444496462,1.5003816699532309,36.082554413545196
11.319999999999803,-3.732410634122951,3.732410634122951,4.473100811828088,2.114970640890338,2.400717739520841,7.821595531580506,2.796711556735965,2.7202345390825613,12.197277017946906,3.4924600238151484,2.862764510439344,2.409783544253104,2.5812119140836964,1.5680587449382186,0.7382589111664217,0.7879261624046145,1.4869419552404568,36.082543763942354
11.329999999999803,-3.7749353680526134,3.7749353680526134,4.460671336070108,2.112030145634789,2.401600929569049,7.804146505071967,2.7935902536112858,2.7200992540928173,12.185354362060167,3.490752692767015,2.8627100903080818,2.3986544888273067,2.5731080639547317,1.555514897445408,0.7330094218758448,0.7814368180442002,1.4735185350562257,36.08253306042079
11.339999999999803,-3.8189715668335005,3.8189715668335005,4.448361426739195,2.1091138961040476,2.4024830930416465,7.786655463523652,2.79045793079266,2.7199544862572136,12.173425805921095,3.4890436807126815,2.8626525744545814,2.3871945282747298,2.5647697399905858,1.5428409080693528,0.7275671283291586,0.774908333802866,1.4601073771571353,36.0825223088907
11.349999999999802,-3.8646053231012556,3.8646053231012556,4.436184328607765,2.1062251372082152,2.4033638425536417,7.769131399633654,2.787316164275889,2.7198000316141906,12.161501553154592,3.4873344481357953,2.8625918939962167,2.3754484200662347,2.5562227862407476,1.530034817279478,0.7219622365154924,0.7683393209710254,1.4467042568529151,36.08251151591081
11.359999999999802,-3.9119293034861284,3.9119293034861284,4.424154033383026,2.1033673082424347,2.4042427891799694,7.7515841351141725,2.7841666859428824,2.7196356947931704,12.149592528095637,3.485626561767,2.8625279819584346,2.363417424496973,2.5474659747484565,1.5170945278210033,0.7161965769651133,0.761740420130349,1.4333149681847919,36.08250068877801
11.369999999999802,-3.9610433799498503,3.9610433799498503,4.412285355942741,2.1005440618903335,2.4051195439228694,7.734024393064309,2.781011397507085,2.7194612894396584,12.137710439432302,3.4839217039756076,2.8624607733741874,2.3510050623426983,2.538435734310957,1.504017793755025,0.7102089316646915,0.7551018081478598,1.4199449705216678,36.08248983563138
11.379999999999802,-4.012055335115467,4.012055335115467,4.400594018935952,2.097759285269869,2.4059937192485394,7.7164638776207894,2.777852385858685,2.719276638641623,12.125867850616393,3.482221683152351,2.862390205383564,2.3382824068692463,2.529174456510431,1.4908022084489483,0.7040466327276594,0.7484163527872493,1.4065652468443546,36.08247896557329
11.389999999999802,-4.065081651748879,4.065081651748879,4.389096746784434,2.095017123267596,2.4068649306883794,7.698915361831706,2.7746919399875196,2.719081575356789,12.114078257940003,3.480528445213457,2.8623162173337535,2.3252123386314563,2.5196557071663843,1.4774451913948088,0.6976871902369969,0.7416821067510494,1.3931706172673075,36.082468088810984
11.399999999999801,-4.120248398446545,4.120248398446545,4.377811370279613,2.092322004443774,2.40773279849937,7.681392784845711,2.7715325696887834,2.7188759428404046,12.102356177315682,3.4788440863763475,2.8622387508795124,2.311740653457788,2.5098413117753897,1.4639439737170366,0.6910975361163342,0.7348969542466346,1.3797556064899006,36.082457216821815
11.409999999999801,-4.177692225447583,4.177692225447583,4.36675694315761,2.0896786698336207,2.4085969493774178,7.663911359682515,2.7683770262886003,2.718659595073154,12.090717240962954,3.477170867380974,2.8621577500843682,2.29792035894043,2.4997620895367527,1.4502955822128065,0.6843134357235021,0.7280615206088163,1.366314415138369,36.08244636254719
11.419999999999801,-4.237561486867825,4.237561486867825,4.355953872257693,2.0870922050205865,2.409457018216741,7.646487693055859,2.7652283256642405,2.7184323971888555,12.079178305398099,3.4755112293586534,2.8620731615228983,2.2836623047789923,2.4893562056616876,1.4364968217469392,0.6772801350663813,0.7211784881680526,1.352840887197873,36.08243554062025
11.4299999999998,-4.300017508513285,4.300017508513285,4.3454240631342,2.084568075917455,2.4103126499076426,7.62913991896346,2.762089773878369,2.7181942259017013,12.067757572355177,3.473867811583391,2.861984934384484,2.2689991163137533,2.4786406730560917,1.4225442557987835,0.6700207160572198,0.7142357449378185,1.3393284730231023,36.082424767634485
11.4399999999998,-4.365236023762841,4.365236023762841,4.335191083307775,2.0821121687622344,2.411163501164272,7.611887848048388,2.7589649957997633,2.717944969932808,12.05647472454047,3.472243471379919,2.8618930205790765,2.253903623000587,2.467593084515124,1.4084341849300999,0.6625205171576956,0.7072303856114939,1.3257701873262369,36.082414062460764
11.4499999999998,-4.433408804115559,4.433408804115559,4.325280345719535,2.0797308349206,2.412009242373329,7.594753135082192,2.75585796714602,2.717684530436013,12.045351078450246,3.4706413065095396,2.8617973748456516,2.2383251823416854,2.456174576023797,1.3941626229098454,0.6547505674262788,0.7001592655882612,1.312158561416379,36.082403446623395
11.4599999999998,-4.504745515890166,4.504745515890166,4.315719315405551,2.0774309411880703,2.4128495594539787,7.577759467335259,2.752773050459347,2.717412821422947,12.034409756874345,3.469064680410895,2.861697954864222,2.2223055561729783,2.4444075240455088,1.379725270193118,0.6467402348057951,0.6930189819954711,1.2984855888273872,36.082392944747085
11.4699999999998,-4.579475840537954,4.579475840537954,4.306537742955704,2.075219926406766,2.4136841557187068,7.560932777098822,2.7497150356171134,2.717129770187638,12.023675884180319,3.4675172507401197,2.861594721372493,2.205732400382127,2.4322099104483867,1.3651174844061915,0.6384230600636446,0.6858058521892095,1.2847426632979786,36.082382585089995
11.4799999999998,-4.657851903305406,4.657851903305406,4.29776792898231,2.073105865358137,2.4145127537243645,7.544301482226388,2.7466891855880577,2.716835317731132,12.013176808042802,3.466003001735977,2.861487638288574,2.1886922580379182,2.4196336181928357,1.3503342474362412,0.6298567921056486,0.6785158893282336,1.2709205078592003,36.08237240018217
11.4899999999998,-4.740151063833669,4.740151063833669,4.2894450246271525,2.07109754107023,2.415335097102251,7.527896759293692,2.74370128827715,2.7165294191869487,12.002942351974541,3.4645262810338937,2.861376672841486,2.1710372944787175,2.4065697815730553,1.335370128661359,0.6209546745495581,0.6711447745423771,1.2570090935370861,36.08236242759224
11.4999999999998,-4.826679133253982,4.826679133253982,4.281607374115021,2.0692045268931296,2.4161509523559204,7.511752854867728,2.740757715462592,2.7162120442486377,11.993005103857591,3.4630918416723504,2.8612617957117115,2.1528696178191287,2.3930803464137105,1.3202192437816964,0.6117844916875109,0.6636878251122127,1.2429975458609073,36.08235271085235
11.509999999999799,-4.917774095786911,4.917774095786911,4.274296906561571,2.0674372799583476,2.4169601106153737,7.495907441466007,2.7378654900243014,2.715883177601282,11.983400746703213,3.4617048901810237,2.8611429811846705,2.1340376666440295,2.379050427643114,1.3048752086235111,0.6022593748432477,0.65613995796319,1.228874036992176,36.082343300578486
11.519999999999799,-5.013810429658772,5.013810429658772,4.267559585719961,2.0658072479590057,2.4177623893364912,7.4804020261288295,2.735032362903377,2.715542819359486,11.974168439136438,3.460371141819391,2.8610202073207205,2.114623883596377,2.3645273615976388,1.2893310871812962,0.5924357673864415,0.6484956476212248,1.2146256608081052,36.08233425583302
11.529999999999799,-5.115204143004208,5.115204143004208,4.261445928176283,2.064326991582555,2.418557633935205,7.465282421184712,2.732266901527871,2.7151909855154868,11.965351254665741,3.459096884255447,2.8608934561464108,2.094511344970656,2.3494167690974286,1.2735793330349725,0.5822502358854198,0.6407488775985213,1.2002728687980742,36.08232564578986
11.539999999999798,-5.2224186667248365,5.2224186667248365,4.256011602773499,2.0630103254161134,2.419345719346813,7.450599288849036,2.7295785918066247,2.714827708402233,11.956996690743047,3.457889051248326,2.860762713872992,2.073720502474226,2.3337201559349015,1.257611723124229,0.571723160504444,0.6328930839383659,1.1857782964626598,36.08231755177918
11.549999999999798,-5.335971779405713,5.335971779405713,4.251318126879923,2.0618724807513975,2.420126551502369,7.436408773868861,2.7269779562491627,2.7144530371780826,11.94915726104762,3.456755308240319,2.86062797115,2.0522152279440133,2.3173973403191463,1.2414192826739248,0.5608417977896308,0.6249210893555327,1.171118711935069,36.08231006981078
11.559999999999798,-5.456443781492909,5.456443781492909,4.247433678683808,2.060930294474757,2.420900068716346,7.422773241660261,2.724476691340974,2.7140670383421077,11.941891187478635,3.4557041521922325,2.860489223364116,2.0299033531365636,2.300364595061278,1.2249921998346842,0.5495621327368727,0.6168250260367507,1.15627563867331,36.08230331370574
11.569999999999798,-5.584487189851471,5.584487189851471,4.244434049205102,2.060202429181439,2.4216662429828486,7.409762143473012,2.7220878280233745,2.713669796292086,11.935263212198922,3.4547450285366823,2.8603464709966246,2.0068186164594928,2.2826288243945174,1.2083197283206137,0.53791521094197,0.6085962446821765,1.1412285634174903,36.082297419004725
11.579999999999798,-5.720838293144425,5.720838293144425,4.2424037634557585,2.0597096308595924,2.4224250811820935,7.397453035320702,2.719825920039866,2.7132614139415656,11.929345554981142,3.4538884688103555,2.8601997200571283,1.9828946135031447,2.2641208729470654,1.191390075977402,0.5258749444600291,0.6002340549339736,1.126019937352112,36.08229254787597
11.589999999999797,-5.866330998564129,5.866330998564129,4.24143740753759,2.0594750320257806,2.423176626204956,7.385932784082625,2.7177072660760624,2.7128420134181397,11.92421904739762,3.453146253403933,2.8600489826169397,1.9580392166094445,2.244748174421508,1.1741902767806185,0.513403097195367,0.5917275234872128,1.110578725951517,36.082288895318236
11.599999999999797,-6.0219135181030214,6.0219135181030214,4.241641207966257,2.0595245101639983,2.4239209580118,7.375299002792137,2.715750173118311,2.712411736873056,11.91997448351411,3.452531604998586,2.859894277473618,1.9322646754849255,2.224494717658471,1.1567060432215783,0.500522820955919,0.583059212898273,1.0948655420494,36.08228669705519
11.609999999999797,-6.188668597758224,6.188668597758224,4.243134921870649,2.0598871138658663,2.424658194653538,7.365661768326111,2.713975270396934,2.7119707474434014,11.916714237309492,3.4520594197246215,2.859735630989201,1.9055140147808547,2.203288648683232,1.1389215953545364,0.48721986115031934,0.5742163259199443,1.0789315729718867,36.08228623965691
11.619999999999797,-6.367838199577398,6.367838199577398,4.246054112934414,2.060595572385424,2.425388493299087,7.357145689403354,2.7124058858149076,2.7115192304235323,11.914554210897803,3.4517465449968663,2.859573078160155,1.877727199693182,2.18105152630324,1.1208194619110978,0.4734810002202849,0.5652069294118452,1.0626892283727398,36.082287873618384
11.629999999999797,-6.560853823560753,6.560853823560753,4.250552909412106,2.0616869086774807,2.426112051336479,7.349892412246207,2.711068500102166,2.7110573947245418,11.913626195962129,3.4516121155138695,2.8594066639992124,1.8488411284216397,2.1576977549513163,1.1023802477771585,0.45929441536930893,0.5559989830534106,1.0461424576885936,36.082292030403465
11.639999999999796,-6.7693740324980185,6.7693740324980185,4.256807369235329,2.063203181762603,2.4268291076475252,7.344063677242255,2.7099932983758936,2.7105854747320777,11.914080755301965,3.4516779622818183,2.8592364453407333,1.818779627019867,2.1331256687735474,1.0835823606946358,0.4446448000209715,0.5465840374428848,1.0292533721557113,36.082299244857865
11.649999999999796,-6.995331258274779,6.995331258274779,4.2650196159403375,2.065192391991685,2.427539944203012,7.339845075011156,2.709214844749518,2.7101037327185606,11.916090764446317,3.451969114063206,2.8590624932270394,1.7874942667330829,2.1072505780246567,1.0644016881844034,0.4295354156994264,0.5369529463480879,1.0120097937979047,36.082310184970375
11.659999999999796,-7.240990683157224,7.240990683157224,4.275422961978263,2.0677095932403717,2.4282448881944747,7.337450698128773,2.7087729137247316,2.7096124620334643,11.919855798371353,3.4525144168231003,2.8588848961006836,1.7549117167047903,2.079961040286588,1.0448112132340366,0.4139603845026624,0.5270811524207731,0.9943340637996252,36.08232569181028
11.669999999999796,-7.509024993558224,7.509024993558224,4.288288308907567,2.070818270372262,2.4289443150207686,7.337128950813316,2.708713523208631,2.709111991395763,11.925607610590951,3.453347305237478,2.8587037641281414,1.720939220068467,2.0511213282783807,1.0247805540361474,0.3979089036425216,0.516952437844657,0.9762531259822625,36.08234683373143
11.679999999999795,-7.802610233047877,7.802610233047877,4.303932215949209,2.0745920601287398,2.429638652602285,7.339169871219562,2.709090229434886,2.7086026907654976,11.933617038866243,3.454506772155215,2.858519235133144,1.685510050508209,2.0206096631801347,1.0042754086875167,0.38138894349181146,0.5065550355377862,0.9576903892665546,36.08237498085329
11.689999999999795,-8.125550045321962,8.125550045321962,4.322727172939475,2.079116921421081,2.4303283877331046,7.343914451859516,2.7099657658095087,2.7080849795068236,11.944202795020395,3.4560385986010624,2.8583314828533166,1.6485464673415062,1.9882860694849216,0.9832568798112207,0.3644086677972165,0.49585382167171277,0.9385945538254181,36.08241190878747
11.699999999999795,-8.482438626642782,8.482438626642782,4.345114821687534,2.084493900611737,2.4310140755536134,7.351766631924609,2.7114141387705066,2.707559337924966,11.957742773573889,3.4579969308219303,2.858140728603788,1.6099699669272696,1.9540003003631436,0.9616806458718661,0.34698231784113365,0.4848270497741687,0.9189202858615865,36.08245994522829
11.709999999999795,-8.87887722889761,8.87887722889761,4.37162317385268,2.0908426946694676,2.4316963538220016,7.363208910510885,2.713523338855018,2.7070263238531718,11.974688772935973,3.4604463256834332,2.8579472580250544,1.569574447579008,1.91747119379575,0.9394959345089939,0.3290729720141726,0.47344864029506134,0.8986097354013497,36.082522180484546
11.719999999999795,-9.321765934212616,9.321765934212616,4.402889326113546,2.098306299402817,2.4323759646386742,7.37882293932769,2.7163988917917945,2.706486596938873,11.995585908209012,3.463464437266393,2.8577514455654462,1.5273746460599047,1.8786094737819399,0.9166442369720885,0.3107556367137469,0.46168725976774494,0.8775894067426199,36.08260277525884
11.729999999999794,-9.819703110243948,9.819703110243948,4.439689860474115,2.1070571564326666,2.4330537879158607,7.399317074997752,2.7201685747390276,2.7059409549140883,12.021098579126864,3.4671455953171137,2.857553790984309,1.4831044868259462,1.837044253002444,0.8930576792922745,0.2919884972734321,0.44950507301079046,0.8557937866892927,36.08270741953501
11.739999999999794,-10.383541948145025,10.383541948145025,4.482982183220199,2.117305406222777,2.4337308937117736,7.425563834779844,2.7249887770007133,2.7053903889594912,12.052045762448312,3.471605646159758,2.8573549749863325,1.436711198016934,1.7925909578945984,0.8686569313228214,0.27283802416324077,0.436856022435851,0.8331500985287655,36.08284403192655
11.749999999999794,-11.027181204481813,11.027181204481813,4.533961749111351,2.1293101580350737,2.434408625579365,7.458651730122922,2.7310532272592054,2.704836170299685,12.089449835853125,3.4769886160085606,2.8571559461254785,1.3880072896137556,1.7449143185330984,0.843348482925901,0.25332590669926136,0.423683407148045,0.8095204941890228,36.083023852022336
11.759999999999794,-11.768713804538443,11.768713804538443,4.5941428804934334,2.1433951759984518,2.4350887363428826,7.499958449354745,2.7386052014400954,2.704279989427641,12.134605484138955,3.483476063379646,2.8569580603773095,1.3368004843659942,1.6936494152464527,0.8170210367833408,0.23349032640375372,0.4099518211651696,0.7847962564207082,36.08326319463518
11.769999999999794,-12.632137669046978,12.632137669046978,4.665475538932245,2.159971189375508,2.435773615444843,7.55125655888605,2.7479549775944383,2.703724187083046,12.18917917570573,3.4913004991987915,2.856763312505157,1.2828969369009067,1.638403776459467,0.7895406411835977,0.21338934395582362,0.3955679859678245,0.758853095373993,36.08358635761789
11.779999999999793,-13.649978349202925,13.649978349202925,4.750518498558165,2.1795684202516252,2.436466682471779,7.614870196477877,2.759505426064221,2.7031721515722946,12.255356540271512,3.500765136405399,2.856574733808543,1.2259901830209172,1.5786325645120605,0.7607439806564777,0.1930645129553803,0.3804580073836267,0.7315075824737287,36.08403062055234
11.789999999999793,-14.867445693465479,14.867445693465479,4.852704022077673,2.202885385597188,2.437173096124067,7.693914446479183,2.7737906277293503,2.702629031672333,12.336067344077527,3.512273813938419,2.8563971054964603,1.1658551342088876,1.5138458865716193,0.7304288957192521,0.17261740588886576,0.36452262870151203,0.7025272339116896,36.084655209749805
11.799999999999793,-16.349284453423028,16.349284453423028,4.97675690628399,2.230864609581673,2.4379010947240722,7.7926741097798224,2.7915361559148435,2.702103081186891,12.435341130297271,3.5263779052020605,2.8562383037544983,1.1020899628594047,1.443317482072506,0.698340594287674,0.15212570905508327,0.3476266607982201,0.6716771812150163,36.08555820140181
11.809999999999793,-18.19160242753922,18.19160242753922,5.129386262568527,2.2648148406809168,2.4386646846496456,7.917228537892623,2.8137570147211757,2.701608351514091,12.558893146674004,3.543852867526247,2.8561119928649603,1.0342856075468538,1.3662669468964301,0.6641508964764785,0.13171357184195254,0.3296190324970646,0.6386151212268179,36.0869103649164
11.817908177608727,-20.0,20.0,5.2692618255778525,2.2954872741049672,2.4427861564267994,8.02949671985542,2.8336366598163956,2.7047315520295765,12.663860147577415,3.558631780274185,2.8595271235802184,0.9774913010653256,1.3000362551029807,0.6353338814106086,0.11587922144187905,0.3144363240029065,0.6106031306444004,36.13217893424091
