time,phi_center,abs_phi_center,mean_r2_signed_R4,rms_signed_R4,signed_energy_den_R4,mean_r2_signed_R8,rms_signed_R8,signed_energy_den_R8,mean_r2_signed_R12,rms_signed_R12,signed_energy_den_R12,rms_absrho_R8,rms_positive_rho_R8,rms_gradient_R8,signed_cancellation_ratio_R8,field_r50,field_r20,total_energy
0.0,1.2027299618659357,1.2027299618659357,6.6858060402075274,2.5856925649054894,2.597433656394658,8.02544444572851,2.832921538929116,2.869761307543852,8.025608303464008,2.8329504590557186,2.869769168586168,2.832921538929116,2.832921538929116,3.1622714945686785,1.0,2.354829039102485,3.5883458806647206,36.06258295011614
0.01,1.2027117102693137,1.2027117102693137,6.685623700359711,2.585657305282297,2.5974493329573622,8.025211400547123,2.8328804070322353,2.8697613131935467,8.025375313022936,2.83290933724024,2.8697691768047426,2.8328804070322353,2.8328804070322353,3.1622503557160777,1.0,2.3547663944143253,3.5883133176700905,36.06258305339379
0.02,1.2026569399461076,1.2026569399461076,6.685076751167264,2.5855515371323126,2.5974963570156597,8.02451233804747,2.8327570206509893,2.8697613301343745,8.024676414778234,2.832785981110863,2.8697692014536873,2.8327570206509893,2.8327570206509893,3.162186934772148,1.0,2.35457845866738,3.5882156212636316,36.06258336314157
0.03,1.2025656043200024,1.2025656043200024,6.684165403654242,2.585375292613094,2.5975747116808265,8.02334747735875,2.832551407716857,2.8697613583415795,8.02351182796111,2.8325804186220576,2.869769242512681,2.832551407716857,2.832551407716857,3.1620812185818776,1.0,2.354265226772335,3.5880527691509596,36.0625838791041
0.04,1.2024376257914342,1.2024376257914342,6.68289000943077,2.5851286253164987,2.5976843688074234,8.02171718368188,2.832263614793277,2.8697613977739187,8.021881917942528,2.832292696375593,2.8697692999478726,2.832263614793277,2.832263614793277,3.1619331852315105,1.0,2.3538266901797935,3.5878247241334686,36.06258460085601
0.05,1.2022728957496787,1.2022728957496787,6.681251060548238,2.584811610262581,2.5978252889969387,8.01962196826782,2.8318937070920973,2.8697614483737035,8.019787196211533,2.831922879637003,2.8697693737119203,2.8318937070920973,2.8318937070920973,3.161742804065451,1.0,2.3532628368208597,3.587531434073508,36.06258552780239
0.060000000000000005,1.2020712745670301,1.2020712745670301,6.67924918929666,2.5844243438910453,2.5979974216028996,8.017062488387099,2.8314417684965902,2.8697615100668386,8.01722832034483,2.8314710523586197,2.8697694637440376,2.8314417684965902,2.8314417684965902,3.1615100357099735,1.0,2.352573651056081,3.5871728318666416,36.06258665917935
0.07,1.2018325915814496,1.2018325915814496,6.67688516794443,2.583966944050258,2.598200704737468,8.014039547290414,2.8309079015910097,2.869761582762889,8.014206093967422,2.8309373172091647,2.8697695699700536,2.8309079015910097,2.8309079015910097,3.161234832103753,1.0,2.3517591136238627,3.586748835415049,36.06258799405486
0.08,1.20155664508296,1.20155664508296,6.674159908420633,2.583439549983826,2.5984350652795074,8.01055409416019,2.8302922276966718,2.869761666355148,8.010721466704219,2.8303217956098594,2.8697696923024885,2.8302922276966718,2.8302922276966718,3.1609171365352826,1.0,2.3508192015668747,3.586259347587858,36.062589531329586
0.09,1.2012432023151074,1.2012432023151074,6.671074461940099,2.5828423223147206,2.598700418884171,8.006607224052834,2.829594886914527,2.8697617607207246,8.006775534122376,2.829624627777044,2.8697698306406414,2.829594886914527,2.829594886914527,3.1605568836872084,1.0,2.3497538881205537,3.5857042561577575,36.06259126973811
0.09999999999999999,1.2008919994908633,1.2008919994908633,6.667630018571604,2.5821754430269843,2.5989966699939746,8.002200177831543,2.8288160381741942,2.8697618657206445,8.002369537664148,2.828845972771255,2.8697699848706892,2.8288160381741942,2.8288160381741942,3.160153999687662,1.0,2.3485631425645797,3.5850834337142867,36.06259320785008
0.10999999999999999,1.2005027418112466,1.2005027418112466,6.663827906749382,2.5814391154449843,2.5993237118514325,7.9973343420893395,2.827955859289416,2.86976198119996,7.997504864570015,2.8279860085527324,2.8697701548658063,2.827955859289416,2.827955859289416,3.159708402168649,1.0,2.34724693005396,3.5843967375644694,36.062595344071745
0.11999999999999998,1.2000751034746997,1.2000751034746997,6.659669592728421,2.580633564210235,2.599681426513221,7.992011249062067,2.8270145470198886,2.869762106987877,7.992183047791789,2.8270449320433144,2.8697703404862844,2.8270145470198886,2.8270145470198886,3.1592200003315862,1.0,2.3458052114467534,3.5836440096317626,36.06259767664749
0.12999999999999998,1.199608727673677,1.199608727673677,6.655156679983848,2.579759035255783,2.600069684865935,7.9862325765310285,2.82599231713942,2.869762242897891,7.986405765895326,2.826022959194657,2.869770541579679,2.82599231713942,2.82599231713942,3.158688695020072,1.0,2.344237943133673,3.5828250763565097,36.06260020366165
0.13999999999999999,1.1991032265868342,1.1991032265868342,6.6502909085549415,2.5788157957781594,2.6004883466434268,7.980000147714887,2.8248894045103583,2.8697623887279384,7.980174842952544,2.824920325062734,2.869770757980959,2.8248894045103583,2.8248894045103583,3.158114378799991,1.0,2.342545076857898,3.581939748589934,36.062602923040366
0.15,1.1985581813786939,1.1985581813786939,6.645074154334133,2.57780413420689,2.6009372604457868,7.973315931150413,2.8237060631642263,2.869762544260561,7.973492248422297,2.823737283888552,2.8697709895126735,2.8237060631642263,2.8237060631642263,3.157496936047059,1.0,2.3407265595084272,3.580987821470331,36.062605832553736
0.16,1.1979731422131081,1.1979731422131081,6.639508428301596,2.5767243601715717,2.601416263759965,7.966182040561717,2.822442566388503,2.869762709263075,7.966360097019714,2.8224741091850096,2.86977123598513,2.822442566388503,2.822442566388503,3.156836243041935,1.0,2.3387823328780555,3.5799690742751746,36.06260892981801
0.17,1.1973476282782893,1.1973476282782893,6.633595875705917,2.5755768044665097,2.6019251829820864,7.958600734717413,2.821099206819465,2.869762883487767,7.958780648573505,2.821131093829832,2.8697714971965853,2.821099206819465,2.821099206819465,3.1561321680730168,1.0,2.3367150956842386,3.578883270250774,36.06261221229801
0.18000000000000002,1.1966811278113871,1.1966811278113871,6.6273387751914665,2.5743618190129114,2.6024638334414805,7.950574417275277,2.819676296541019,2.8697630666720855,7.950756307870753,2.819708550164494,2.869771772933446,2.819676296541019,2.819676296541019,3.155384571547058,1.0,2.3345282387474313,3.5777301564303348,36.062615677309644
0.19000000000000003,1.195973098117538,1.195973098117538,6.620739537873052,2.573079776818638,2.603032019426467,7.94210563661385,2.8181741671894325,2.8697632585388555,7.942289624488673,2.818206810099052,2.8697720629704846,2.8181741671894325,2.8181741671894325,3.1545933061077616,1.0,2.332216175746554,3.5765094634448595,36.06261932202261
0.20000000000000004,1.1952229655815576,1.1952229655815576,6.613800706358527,2.571731071935502,2.603629534211929,7.9331970856504315,2.8165931700638684,2.8697634587965,7.933383292612731,2.8166262252227807,2.8697723670710644,2.8165931700638684,2.8165931700638684,3.153758216762486,1.0,2.3297788580676584,3.5752209053282793,36.06262314346326
0.21000000000000005,1.1944301256813241,1.1944301256813241,6.606524953720038,2.5703161194141155,2.6042561600887204,7.923851601644822,2.8149336762426254,2.869763667139274,7.924040150840564,2.8149671669205243,2.869772684987379,2.8149336762426254,2.8149336762426254,3.152879141017235,1.0,2.327216232264641,3.573864179307864,36.06262713851755
0.22000000000000006,1.193593943011626,1.193593943011626,6.598915082414611,2.5688353552562706,2.6049116683949376,7.9140721659882285,2.8131960767049686,2.8697638832475088,7.914263181971047,2.8132300264946424,2.869773016460698,2.8131960767049686,2.8131960767049686,3.151955909020104,1.0,2.3245282397076905,3.572438965571028,36.06263130393418
0.23000000000000007,1.19271375132219,1.19271375132219,6.5909740231548115,2.567289236364849,2.6055958195491074,7.903861903976693,2.811380782458451,2.869764106787868,7.904055512777868,2.8114152152924454,2.869773361221628,2.811380782458451,2.811380782458451,3.1509883437133506,1.0,2.3217148161969803,3.5709449270042484,36.06263563632786
0.24000000000000007,1.1917888535642556,1.1917888535642556,6.582704833730273,2.5656782404912493,2.606308363085338,7.893224084568243,2.809488224671576,2.869764337413612,7.893420413766864,2.8095231648389847,2.8697737189903822,2.809488224671576,2.809488224671576,3.149976260994285,1.0,2.3187758915496834,3.5694144021198135,36.06264013218269
0.25000000000000006,1.1908185219396061,1.1908185219396061,6.574110697780872,2.5640028661803154,2.607049037690462,7.882162120123145,2.8075188548116903,2.8697645747648797,7.8823612989164475,2.8075543269750716,2.8697740894770636,2.8075188548116903,2.8075188548116903,3.1489194698851755,1.0,2.315711389169166,3.567816945432484,36.06264478785571
0.26000000000000006,1.189801997946221,1.189801997946221,6.565194923522381,2.5622636327127584,2.607817571243237,7.870679566126463,2.805473144787963,2.869764818468968,7.870881725400325,2.8055091740003855,2.869774472381951,2.805473144787963,2.805473144787963,3.1478177727123615,1.0,2.3125268444357365,3.566151019715844,36.06264959958052
0.2700000000000001,1.188738492424272,1.188738492424272,6.555960942425408,2.560461080045039,2.6086136808556573,7.8587801208920975,2.803351587099288,2.8697650681406324,7.858985393291725,2.8033881988215126,2.8697748673958015,2.803351587099288,2.803351587099288,3.146670965294801,1.0,2.3092252358913807,3.5644162195777054,36.062654563471035
0.2800000000000001,1.1876271856094414,1.1876271856094414,6.546412307848561,2.5585957687467085,2.609437072916397,7.846467625247521,2.8011546949869657,2.8697653233823934,7.846676145248313,2.8011919151047673,2.869775274200162,2.8011546949869657,2.8011546949869657,3.145478837142265,1.0,2.3057987585509188,3.562612120892179,36.062659675525495
0.2900000000000001,1.1864672271995311,1.1864672271995311,6.536552693626655,2.556668279935169,2.6102874431364746,7.8337460621983475,2.798883002591989,2.8697655837848495,7.833957966176926,2.7989208574336155,2.8697756924676865,2.798883002591989,2.798883002591989,3.144241171663404,1.0,2.302247354197604,3.560738280409765,36.06266493163031
0.3000000000000001,1.1852577364359191,1.1852577364359191,6.52638589261489,2.554679215207829,2.611164476597168,7.820619556571842,2.7965370651167563,2.869765848927001,7.8208349828772805,2.7965755814705386,2.8697761218624613,2.7965370651167563,2.7965370651167563,3.142957746383937,1.0,2.298570957477589,3.558794235332575,36.06267032756429
0.3100000000000001,1.18399780219564,1.18399780219564,6.515915815189937,2.5526291965716323,2.6120678478002453,7.80709237463845,2.794117458991023,2.8697661183765852,7.807311463663658,2.794156664123123,2.8697765620403475,2.794117458991023,2.794117458991023,3.141628333175199,1.0,2.2947694953233615,3.556779502857261,36.06267585900285
0.3200000000000001,1.1826864830863797,1.1826864830863797,6.505146487708859,2.5505188663699117,2.6129972207205614,7.793168923710432,2.7916247820418905,2.8697663916904137,7.793391817963724,2.791664703714206,2.8697770126493194,2.7916247820418905,2.7916247820418905,3.140252698493316,1.0,2.290842886359959,3.554693579691594,36.0626815215223
0.3300000000000001,1.1813228075469813,1.1813228075469813,6.4940820509268065,2.548348887206539,2.613952248861085,7.77885375171658,2.7890596536676266,2.869766668414723,7.77908059589343,2.789100320155844,2.869777473329817,2.7890596536676266,2.7890596536676266,3.1388306036292652,1.0,2.286807749802855,3.552535941540736,36.062687310604275
0.34000000000000014,1.1799057739533236,1.1799057739533236,6.482726758374452,2.5461199418673215,2.6149325753104096,7.7641515467520525,2.7864227150150875,2.86976694808553,7.764382487806992,2.786464155126886,2.8697779437151096,2.7864227150150875,2.7864227150150875,3.1373618049701046,1.0,2.2826498305390914,3.5503060425616986,36.06269322164032
0.35000000000000014,1.1784343507377986,1.1784343507377986,6.47108497469616,2.543832733238599,2.6159378328028082,7.749067136602293,2.7837146291605204,2.8697672302289945,7.749302323820984,2.7837568722539303,2.8697784234316575,2.7837146291605204,2.7837146291605204,3.1358460542716684,1.0,2.278367736238047,3.5480033147761687,36.06269924993637
0.36000000000000015,1.1769074765262169,1.1769074765262169,6.459161173949838,2.5414879842229903,2.616967643780892,7.733605488239931,2.780936081293479,2.86976751436179,7.733845073311411,2.780979157295396,2.869778912099485,2.780936081293479,2.780936081293479,3.1342830989430226,1.0,2.2739614064279867,3.5456271674357427,36.06270539071753
0.37000000000000016,1.1753240602913873,1.1753240602913873,6.4469599378694875,2.5390864376522293,2.6180216204609303,7.717771707293625,2.778087778903616,2.869767799991481,7.718015844382685,2.778131718328468,2.869779409332562,2.778087778903616,2.778087778903616,3.1326726823430118,1.0,2.2694307706346932,3.5431769863378375,36.06271163913281
0.38000000000000017,1.173682981520439,1.173682981520439,6.434485954091389,2.536628856197017,2.6190993649009133,7.701571037487719,2.775170451970062,2.869768086616902,7.701819883307445,2.7752152859386325,2.869779914739186,2.775170451970062,2.775170451970062,3.131014544089211,1.0,2.2647881650176247,3.5406521330925167,36.06271799025991
0.3900000000000002,1.1719830903915607,1.1719830903915607,6.421744014345014,2.534116022273845,2.6202004690713756,7.685008860051563,2.772184853153116,2.8697683737285486,7.685262573935983,2.772230613411515,2.8697804279223735,2.772184853153116,2.772184853153116,3.1293084203796715,1.0,2.2600315120159973,3.5380519443417495,36.06272443911019
0.4000000000000002,1.170223207961347,1.170223207961347,6.408739012609506,2.5315487379486705,2.6213245149291073,7.668090693097306,2.769131757987927,2.869768660808971,7.668349437074208,2.7691784769267236,2.869780948480253,2.769131757987927,2.769131757987927,3.1275540443277783,1.0,2.255151779951686,3.535375730927003,36.062730980633596
0.4100000000000002,1.1684021263663293,1.1684021263663293,6.3954759432369,2.528927824837415,2.622471074493742,7.650822190965045,2.7660119650798776,2.8697689473331693,7.651086129828875,2.7660596757533766,2.869781476006465,2.7660119650798776,2.7660119650798776,3.125751146310669,1.0,2.250148918957892,3.532675047699001,36.06273760972366
0.4200000000000002,1.1665186090446533,1.1665186090446533,6.381959899042908,2.526254124003147,2.6236397099273514,7.633209143534022,2.7628262963013115,2.8697692327689968,7.63347844491891,2.7628750324469817,2.8697820100905647,2.7628262963013115,2.7628262963013115,3.123899454331587,1.0,2.2450228666283705,3.5299035065175004,36.06274432122258
0.4300000000000002,1.164571390978396,1.164571390978396,6.368196069366335,2.5235284958498756,2.6248299736170724,7.615257475498697,2.759575596989272,2.869769516577569,7.615532309951553,2.759625393047316,2.8697825503184298,2.759575596989272,2.759575596989272,3.1219986943966336,1.0,2.239797106287679,3.527055242075356,36.06275110992634
0.4400000000000002,1.1625591789594651,1.1625591789594651,6.354189738098096,2.5207518200128503,2.626041408260832,7.5969732456083925,2.756260736143878,2.8697697982136705,7.597253786662106,2.7563116272769497,2.8697830962726667,2.756260736143878,2.756260736143878,3.1200485909063986,1.0,2.234451728808459,3.524129461210108,36.06275797058982
0.45000000000000023,1.1604806518713666,1.1604806518713666,6.339946281680776,2.517924995245247,2.627273546956249,7.57836264586924,2.752882606626959,2.8697700771261694,7.5786490701159295,2.752934628740016,2.869783647533026,2.752882606626959,2.752882606626959,3.11804886706296,1.0,2.228984668060016,3.521125340093914,36.06276489793202
0.46000000000000024,1.1583344609899497,1.1583344609899497,6.325471167079702,2.515048939301123,2.6285259132927616,7.559432000707138,2.7494421253605497,2.869770352758433,7.559724487871433,2.7494953151208374,2.8697842036768155,2.7494421253605497,2.7494421253605497,3.1159992452928242,1.0,2.223395877847706,3.5180420229713145,36.06277188664122
0.47000000000000025,1.1561192303015768,1.1561192303015768,6.3107699497264385,2.5121245888145034,2.629798021447059,7.540187766090337,2.745940233524819,2.8697706245487455,7.540486499102725,2.7459946283819865,2.8697847642793146,2.745940233524819,2.745940233524819,3.113899447686391,1.0,2.21770706528088,3.51487862080792,36.06277893138023
0.48000000000000026,1.1538335568445395,1.1538335568445395,6.295848271435701,2.5091528991744805,2.6310893762818535,7.520636528610392,2.7423778967550025,2.869770891930728,7.520941693680529,2.742433534961336,2.8697853289141944,2.7423778967550025,2.7423778967550025,3.111749196454592,1.0,2.2119054166436487,3.511634209837789,36.06278602679164
0.49000000000000027,1.1514760110762308,1.1514760110762308,6.2807118582964945,2.5061348443961458,2.632399473448095,7.500785004520006,2.7387561053368747,2.869771154333761,7.50109679121007,2.738813025967649,2.8697858971539305,2.7387561053368747,2.7387561053368747,3.109548214403408,1.0,2.20598380688849,3.5083078299998403,36.06279316750303
0.5000000000000002,1.1490451372691957,1.1490451372691957,6.265366518538471,2.503071416987232,2.633727799490643,7.4806400387265075,2.735075874400289,2.8697714111834056,7.480958640024473,2.7351341173742236,2.8697864685702266,2.735075874400289,2.735075874400289,3.1072962254270426,1.0,2.199942200113856,3.5048984832522083,36.06280034813226
0.5100000000000002,1.1465394539349723,1.1465394539349723,6.2498181403743125,2.4999636278102755,2.6350738319574947,7.460208603739449,2.731338244110284,2.869771661901824,7.460534216132327,2.7313978502100946,2.869787042734427,2.731338244110284,2.731338244110284,3.104992955020589,1.0,2.193811339567431,3.5014051317569836,36.06280756329269
0.5200000000000002,1.1439574542719753,1.1439574542719753,6.234072689818988,2.496812505940121,2.636437039512616,7.439497798570966,2.7275442798552265,2.869771905908208,7.439830622117974,2.7276052907482735,2.869787619217937,2.7275442798552265,2.7275442798552265,3.102638130813134,1.0,2.187564515540039,3.497864934427904,36.062814807598414
0.5300000000000002,1.141297606639807,1.141297606639807,6.218136208486766,2.493619098516605,2.6378168820524217,7.418514847587476,2.723695072431471,2.869772142619194,7.418855085993086,2.7237575306904773,2.8697881975926323,2.723695072431471,2.723695072431471,3.100231483122328,1.0,2.181199720057419,3.4942740054692503,36.06282207566953
0.5400000000000003,1.1385583550613705,1.1385583550613705,6.2020148113667,2.4903844705921814,2.6392128108259896,7.397267099311232,2.719791738223946,2.8697723714492906,7.3976149599981,2.7198556873477866,2.869788777431281,2.719791738223946,2.719791738223946,3.097772745531561,1.0,2.1747314898512666,3.4905973314896417,36.062829362137215
0.5500000000000003,1.1357381197552447,1.1357381197552447,6.185714684577444,2.4871097049743187,2.6406242685590344,7.3757620251703315,2.7158354193820973,2.869772591811296,7.376117719352057,2.715900903816643,2.8697893583079472,2.7158354193820973,2.7158354193820973,3.095261655491019,1.0,2.1681680456781027,3.4868337100822493,36.062836661649044
0.5600000000000003,1.1328352977041793,1.1328352977041793,6.169242083102067,2.483795902062419,2.6420506895817297,7.354007218195652,2.711827283990566,2.869772803116716,7.354370960949349,2.711894349149566,2.869789939798404,2.711827283990566,2.711827283990566,3.0926979549440348,1.0,2.1614888804929104,3.4829818883402353,36.062843968874006
0.5700000000000003,1.1298482632577906,1.1298482632577906,6.152603328503663,2.4804441796790475,2.643491499960398,7.332010391663298,2.707768526233972,2.8697730047761802,7.332382402001957,2.707837218519968,2.8697905214805344,2.707768526233972,2.707768526233972,3.090081390980299,1.0,2.1546980008276178,3.4790405600580745,36.06285127850763
0.5800000000000003,1.1267753687704107,1.1267753687704107,6.135804806622352,2.477055672895212,2.644946117633154,7.30977937768104,2.7036603665551335,2.869773196199858,7.310159878625619,2.703730733380382,2.8697911029347383,2.7036603665551335,2.7036603665551335,3.087411716517712,1.0,2.1478275226348806,3.4750083627093415,36.062858585277056
0.5900000000000003,1.1236149452729307,1.1236149452729307,6.1188529652544,2.4736315338494537,2.646413952549525,7.2873221257172816,2.6995040518060502,2.8697733767978666,7.287711344368507,2.6995761416134396,2.8697916837443236,2.6995040518060502,2.6995040518060502,3.084688691014838,1.0,2.1408437840419783,3.470883874183954,36.062865883945996
0.6000000000000003,1.1203653031793854,1.1203653031793854,6.101754311814029,2.4701729315604664,2.6478944068141166,7.264646701071043,2.6953008553909235,2.869773545980677,7.265044868680912,2.695374717674875,2.869792263495901,2.6953008553909235,2.6953008553909235,3.0819120812161676,1.0,2.1337467683333964,3.466665609263998,36.062873169319644
0.6100000000000003,1.1170247330306173,1.1170247330306173,6.084515410978573,2.4666810517329907,2.6493868748343528,7.241761283281495,2.6910520774004905,2.8697737031595203,7.242168635324372,2.691127762727807,2.8697928417797725,2.6910520774004905,2.6910520774004905,3.079081661932684,1.0,2.1265792508638666,3.4623973317104175,36.06288043624957
0.6200000000000003,1.113591506278635,1.113591506278635,6.067142882317384,2.4631570965566496,2.6508907434723614,7.218674164475516,2.6867590447368954,2.869773847746783,7.2190909407188615,2.6868366047675587,2.8697934181903095,2.6867590447368954,2.6867590447368954,3.0761972168605145,1.0,2.119301671292598,3.4580728829429486,36.06288767963849
0.6300000000000003,1.1100638761131054,1.1100638761131054,6.049643397905203,2.459602284497476,2.6524053922010156,7.195393747651815,2.682423111228319,2.869773979156401,7.19582019222646,2.682502598736199,2.8697939923263274,2.682423111228319,2.682423111228319,3.073258539440794,1.0,2.11191468706597,3.4536515815400803,36.06289489444501
0.6400000000000003,1.1064400783346404,1.1064400783346404,6.032023679920298,2.456017850081774,2.6539301932642,7.1719285449001005,2.6780456577325378,2.869774096804253,7.172364906370024,2.678127126625998,2.8697945637914586,2.6780456577325378,2.6780456577325378,3.0702654337642867,1.0,2.1044626717442085,3.449131675087002,36.06290207568819
0.6500000000000004,1.1027183322643395,1.1027183322643395,6.014290498227899,2.452405043672007,2.655464511841322,7.1482871755538255,2.673628092228578,2.8697742001085356,7.148733706985428,2.673711597570955,2.8697951321945094,2.673628092228578,2.673628092228578,3.0672177155247318,1.0,2.096902840964929,3.44451132691349,36.06290921845216
0.6600000000000004,1.098896841703557,1.098896841703557,5.996450667949311,2.448765131234376,2.657007706216113,7.124478364275061,2.6691718498955925,2.869774288490145,7.1249353233058335,2.669257447925515,2.8697956971498133,2.6691718498955925,2.6691718498955925,3.0641152130253873,1.0,2.0892450187064964,3.4397886104865596,36.0629163178905
0.6700000000000004,1.0949737959324597,1.0949737959324597,5.978511047017072,2.4450993940977273,2.6585591279497467,7.10051093906996,2.6646783931780513,2.8697743613730475,7.100978587976555,2.664766141329583,2.869796258277579,2.6646783931780513,2.6646783931780513,3.060957768243834,1.0,2.081520175454782,3.4349615033290295,36.0629233692306
0.6800000000000004,1.0909473707586128,1.0909473707586128,5.960478533716462,2.4414091287034343,2.6601181220583117,7.076393829233456,2.6601492118363317,2.869774418184642,7.076872434999058,2.6602391687589027,2.8697968152042277,2.6601492118363317,2.6601492118363317,3.0577452379607357,1.0,2.073690421740337,3.4300278804061053,36.062930367777945
0.6900000000000004,1.08681572961319,1.08681572961319,5.942360064213649,2.4376956463458783,2.6616840271946605,7.052136063221668,2.655585822981752,2.8697744583561144,7.05262589760267,2.6556780485598535,2.8697973675627155,2.655585822981752,2.655585822981752,3.054477494958974,1.0,2.065781575257715,3.425080354791165,36.06293730892013
0.7000000000000004,1.0825770246968232,1.0825770246968232,5.9241626100707725,2.4339602729031493,2.663256175834654,7.027746766450637,2.65098977109506,2.8697744813227914,7.0282481060425335,2.651084326467669,2.8697979149928616,2.65098977109506,2.65098977109506,3.051154429300444,1.0,2.057796760320925,3.4200249616025338,36.06294418813096
0.7100000000000004,1.078229398181324,1.078229398181324,5.905893175748064,2.4302043485575577,2.6648338944678414,7.003235159020026,2.646362628027388,2.8697744865244776,7.003748285322467,2.6464595756070914,2.8697984571416475,2.646362628027388,2.646362628027388,3.0477759496886874,1.0,2.0497099901203937,3.4148580541790228,36.062951000974294
0.7200000000000004,1.0737709834550735,1.0737709834550735,5.8875587960932885,2.4264292275055723,2.6664165037925667,6.978610553360329,2.641705992982627,2.869774473405789,6.979135752841299,2.641805396474407,2.8697989936635224,2.641705992982627,2.641705992982627,3.0443419849266418,1.0,2.0415710233309228,3.409577063578298,36.06295774310783
0.7300000000000004,1.0691999064265454,1.0691999064265454,5.869166533818547,2.4226362776567485,2.6680033189155457,6.953882351802314,2.6370214924801645,2.869774441416479,6.954419915961356,2.637123416899815,2.8697995242206904,2.6370214924801645,2.6370214924801645,3.0408524854799768,1.0,2.0333395362909417,3.404179277957985,36.06296441028669
0.7400000000000004,1.0645142868755746,1.0645142868755746,5.850723476964564,2.418826880321236,2.6695936495559014,6.929060044067326,2.6323107802969097,2.8697743900117527,6.929610269497789,2.632415291989049,2.869800048483386,2.6323107802969097,2.6323107802969097,3.0373074251578513,1.0,2.025030449777313,3.3986618316958626,36.06297099836692
0.7500000000000004,1.0597122398597296,1.0597122398597296,5.832236736352557,2.415002429885435,2.6711868002536727,6.904153204677215,2.627575537387501,2.869774318652574,6.904716393127417,2.6276827040431305,2.869800566130144,2.627575537387501,2.627575537387501,3.0337068029244882,1.0,2.016661721207876,3.3930698975878792,36.06297750330886
0.7600000000000005,1.0547918771809215,1.0547918771809215,5.813713443023618,2.4111643334753476,2.6727820705828065,6.879171490282611,2.6228174717815596,2.86977422680596,6.879747948715885,2.6229273624551412,2.869801076848049,2.6228174717815596,2.6228174717815596,3.030050644856703,1.0,2.0081970699381957,3.38741155899086,36.06298392118032
0.7700000000000005,1.049751308902357,1.049751308902357,5.795160745665672,2.4073140106071897,2.6743787553686276,6.85412463690832,2.6180383184568403,2.8697741139452733,6.8547146775618755,2.6181510035828484,2.8698015803329846,2.6180383184568403,2.6180383184568403,3.026339006264532,1.0,1.9996941799643488,3.3816263200153305,36.06299024815964
0.7800000000000005,1.0445886449286315,1.0445886449286315,5.7765858080279235,2.403452892824805,2.6759761449097823,6.829022457114729,2.6132398391871208,2.8697739795504957,6.82962639755726,2.6133553905960167,2.869802076289859,2.6132398391871208,2.6132398391871208,3.0225719739943684,1.0,1.991102950075634,3.375710638942626,36.06299648053862
0.7900000000000005,1.0393019966392036,1.0393019966392036,5.757995806322706,2.3995824233234218,2.67757352520465,6.803874837074061,2.6084238223636245,2.8697738231084964,6.804493000262023,2.6085423132972223,2.869802564432827,2.6084238223636245,2.6084238223636245,3.018749668936565,1.0,1.9824546566356565,3.3696607528904066,36.06300261472521
0.8000000000000005,1.033889478577772,1.033889478577772,5.739397926614667,2.395704056559296,2.6791701781822113,6.778691733560427,2.603592082788782,2.8697736441132893,6.779324447892943,2.60371358791495,2.8698030444854927,2.603592082788782,2.603592082788782,3.0148722487624164,1.0,1.9737444115695597,3.363472659302528,36.06300864724612
0.8100000000000005,1.0283492102036185,1.0283492102036185,5.720799362197082,2.391819257844765,2.680765381937352,6.753483170852676,2.5987464614411073,2.86977344206628,6.754130770224964,2.598871056867763,2.8698035161811055,2.5987464614411073,2.5987464614411073,3.0109399109187245,1.0,1.9649608630703757,3.357223881481758,36.063014574749246
0.8200000000000005,1.0226793176963187,1.0226793176963187,5.702207310955207,2.38792950292826,2.6823584109705934,6.728259237549092,2.593888825209957,2.869773216476503,6.728922061404377,2.5940165884983037,2.869803979262736,2.593888825209957,2.593888825209957,3.006952895911952,1.0,1.9561390799408043,3.3508657601208,36.06302039400595
0.8300000000000005,1.016877935824819,1.016877935824819,5.683628972716422,2.3840362775588004,2.6839485364322075,6.703030083293059,2.5890210665989297,2.8697729668608423,6.703708476672864,2.589152076775882,2.8698044334834454,2.5890210665989297,2.5890210665989297,3.002911490918256,1.0,1.9472303180731374,3.3443587096149185,36.0630261019131
0.8400000000000005,1.0109432098722724,1.0109432098722724,5.665071546586968,2.3801410770345037,2.6855350263707107,6.677805915408882,2.58414510339665,2.8697726927442515,6.678500229001657,2.584279440966409,2.869804878606435,2.58414510339665,2.58414510339665,2.998816033760614,1.0,1.938304297717607,3.3376976546288355,36.06303169549499
0.8500000000000005,1.0048732976235673,1.0048732976235673,5.646542228275105,2.3762454057346654,2.6871171459856775,6.652596995447038,2.5792628783136933,2.8697723936599524,6.653307585635014,2.5794006252684003,2.869805314405188,2.5792628783136933,2.5792628783136933,2.9946669172998326,1.0,1.9292936921800972,3.3308771632080103,36.063037171905144
0.8600000000000005,0.9986663714070548,0.9986663714070548,5.628048207400362,2.3723507766349314,2.6886941578848527,6.627413635638163,2.574376358584378,2.869772069149631,6.628140864542397,2.574517598413807,2.8698057406635926,2.574376358584378,2.574376358584378,2.9904645942926127,1.0,1.9202569382395003,3.3239646741985402,36.06304252842782
0.8700000000000006,0.9923206201950341,0.9923206201950341,5.609596664788698,2.36845871080513,2.6902653223455157,6.6022661952553,2.5694875355321924,2.8697717187636163,6.603010430778777,2.569632353232419,2.869806157176054,2.5694875355321924,2.5694875355321924,2.9862095827771524,1.0,1.911151656578816,3.3169385853274918,36.063047762479435
0.8800000000000006,0.9858342517633601,0.9858342517633601,5.591194769753261,2.3645707368893114,2.691829897580049,6.577165076883822,2.564598424097586,2.8697713420610484,6.577926692752584,2.5647469061785775,2.869806563747591,2.564598424097586,2.564598424097586,2.9819024720550806,1.0,1.9020132025697292,3.309737910818085,36.06305287160979
0.8900000000000006,0.9792054949065712,0.9792054949065712,5.572849677360526,2.3606883905675744,2.69338714000565,6.552120722598697,2.559711062326898,2.8697709386100416,6.552900098400897,2.559863296818972,2.869806960193918,2.559711062326898,2.559711062326898,2.977543929348065,1.0,1.892819653872031,3.3023555967868194,36.06305785350308
0.9000000000000006,0.9724326017108166,0.9724326017108166,5.554568525681502,2.356813213999256,2.6949363045181447,6.527143610048865,2.554827510821203,2.869770507987829,6.527941131271654,2.554983587280289,2.8698073463415135,2.554827510821203,2.554827510821203,2.9731347072183643,1.0,1.883588400490455,3.2947840417679126,36.06306270597879
0.9100000000000006,0.9655138498814229,0.9655138498814229,5.536358433027777,2.3529467552470833,2.696476644769826,6.502244248448461,2.5499498521438535,2.8697700497808984,6.503060306512635,2.5501098616555002,2.8698077220276774,2.5499498521438535,2.5499498521438535,2.9686756518551136,1.0,1.8743124517841172,3.287152841927213,36.063067426992355
0.9200000000000006,0.9584475451266137,0.9584475451266137,5.518226495172124,2.349090567681911,2.698007413451259,6.477433174474908,2.5450801901855487,2.8697695635851193,6.478268166767229,2.5452442253676226,2.8698080871005676,2.5450801901855487,2.5450801901855487,2.964167712342514,1.0,1.864996716099928,3.279324096885606,36.063072014635694
0.9300000000000006,0.9512320235907203,0.9512320235907203,5.50017978255345,2.345246209367675,2.699527862576973,6.45272094807391,2.5402206494857706,2.869769049005856,6.453575277977014,2.54038880448978,2.8698084414192273,2.5402206494857706,2.5402206494857706,2.9596119510425996,1.0,1.8556435701902043,3.2712841386559717,36.06307646713748
0.9400000000000006,0.9438656543391469,0.9438656543391469,5.482225337465835,2.34141524242622,2.701037243774971,6.428118148171548,2.535373374509472,2.8697685056580715,6.428992225091351,2.535545745020458,2.8698087848535963,2.535373374509472,2.535373374509472,2.955009555244246,1.0,1.8462509580687785,3.2630228277469087,36.063080782863345
0.9500000000000006,0.9363468418932042,0.9363468418932042,5.464370171231499,2.337599232381697,2.7025348085799634,6.4036353682938,2.5305405288779315,2.8697679331664205,6.404529607684308,2.5307172121128643,2.869809117284511,2.5305405288779315,2.5305405288779315,2.950361850251959,1.0,1.8368250232890857,3.2546580008620407,36.063084960315834
0.9600000000000006,0.9286740288097435,0.9286740288097435,5.446621261357464,2.333799747484232,2.7040198087302505,6.37928321209396,2.5257242945527447,2.86976733116533,6.380198035479406,2.525905389257366,2.869809438603685,2.5257242945527447,2.5257242945527447,2.9456703141131246,1.0,1.8273622940382221,3.246081863960968,36.06308899813418
0.9700000000000006,0.9208456983104023,0.9208456983104023,5.4289855486758585,2.330018358012627,2.7054914964681487,6.355072288788555,2.520926870971975,2.8697666992990727,6.356008123782765,2.5211124774160245,2.86980974871368,2.520926870971975,2.520926870971975,2.9409365942114936,1.0,1.8178670449266479,3.2372543202951887,36.063092895093966
0.9800000000000006,0.9128603769498059,0.9128603769498059,5.4114699344676715,2.3262566355558607,2.7069491248438653,6.3310132085025375,2.5161504741375342,2.8697660372218263,6.331970488825427,2.516340694108297,2.869810047527864,2.5161504741375342,2.5161504741375342,2.9361625259881734,1.0,1.8083399677362122,3.2281740837540065,36.06309665010652
0.9900000000000007,0.9047166373252996,0.9047166373252996,5.394081277569969,2.3225161522732125,2.7083919480227285,6.307116577524672,2.511397335652937,2.869765344597729,6.308095743015808,2.5115922724470643,2.869810334970352,2.511397335652937,2.511397335652937,2.931350154090177,1.0,1.7987777951593338,3.218976024557491,36.063100262218256
1.0000000000000007,0.8964131008216022,0.8964131008216022,5.3768263914665315,2.318798480132875,2.709819221595643,6.283392993474213,2.5066697017106607,2.8697646211009156,6.284394490103309,2.5068694601241823,2.869810610975936,2.5066697017106607,2.5066697017106607,2.9265017562914064,1.0,1.7891909963753045,3.209488318370388,36.06310373060975
1.0100000000000007,0.8879484403873873,0.8879484403873873,5.359712041361984,2.3151051901289463,2.7112302028926765,6.259853040380126,2.501969832028381,2.869763866415555,6.2608773202544175,2.502174518344877,2.8698108754900007,2.501969832028381,2.501969832028381,2.92161987058285,1.0,1.7795630451276596,3.1996932994279765,36.0631070545947
1.0200000000000007,0.8793213833481046,0.8793213833481046,5.342744941239538,2.311437851476768,2.712624151299643,6.2365072836743165,2.4972999987334954,2.869763080235869,6.237554805042695,2.497509720710351,2.8698111284684273,2.4972999987334954,2.4972999987334954,2.9167073258889626,1.0,1.769919844794825,3.189702702721603,36.06311023361871
1.0300000000000007,0.8705307142360663,0.8705307142360663,5.325931750902496,2.3077980307865973,2.7140003285775696,6.2133662651004755,2.4926624851953934,2.8697622622661516,6.214437492354301,2.4928773520480907,2.8698113698774863,2.4926624851953934,2.4926624851953934,2.911767276936953,1.0,1.7602258359944878,3.17943403451802,36.0631132672579
1.0400000000000007,0.8615752776507072,0.8615752776507072,5.309279072999832,2.3041872912156753,2.715357999184905,6.190440497540387,2.488059584805072,2.8697614122207695,6.1915359012108775,2.4882797071894625,2.869811599693712,2.488059584805072,2.488059584805072,2.906803243886723,1.0,1.750528071249902,3.168803514516857,36.06311615521743
1.0500000000000007,0.852453981131569,0.852453981131569,5.292793450036152,2.3006071915988073,2.7166964306023433,6.167740459759692,2.4834935997017773,2.869760529824163,6.168860516511801,2.483719089694284,2.8698118179037753,2.4834935997017773,2.4834935997017773,2.9018191574233203,1.0,1.7407668941904428,3.1579152157384645,36.06311889732979
1.0600000000000007,0.843165798049864,0.843165798049864,5.276481361366476,2.2970592855576184,2.718014893660117,6.145276591075366,2.478966839446499,2.8697596148108366,6.146421783698062,2.4791978105221983,2.8698120245043324,2.478966839446499,2.478966839446499,2.896819410123111,1.0,1.73101393800681,3.146708066045474,36.063121493552956
1.0700000000000007,0.8337097705024652,0.8337097705024652,5.260349220176403,2.2935451205887367,2.7193126628676088,6.123059285947347,2.474481619642253,2.86975866692534,6.1242301033401745,2.47471818665079,2.869812219501871,2.474481619642253,2.474481619642253,2.8918089150321205,1.0,1.7211983534734976,3.135067202162294,36.063123943968485
1.0800000000000007,0.8240850122117355,0.8240850122117355,5.244403370448221,2.290066237131193,2.7205890167451456,6.1010988884969315,2.4700402605012193,2.8697576859222433,6.102295825652799,2.4702825396405164,2.869812402912545,2.4700402605012193,2.4700402605012193,2.8867931725429354,1.0,1.7113719777098124,3.123155142372458,36.06312624877938
1.0900000000000007,0.814290711426293,0.814290711426293,5.228650083913763,2.2866241676134194,2.7218432381578013,6.079405686954899,2.4656450853589815,2.8697566715661083,6.080629244938948,2.4658931941466866,2.8698125747619945,2.4656450853589815,2.4656450853589815,2.8817783468287774,1.0,1.7014992470820913,3.110800821625159,36.06312840830786
1.1000000000000008,0.8043261338097084,0.8043261338097084,5.213095556994838,2.283220435480297,2.7230746146510536,6.057989908042367,2.461298419136202,2.8697556236314514,6.059240593966883,2.461552476378857,2.8698127350851603,2.461298419136202,2.461298419136202,2.8767713532936514,1.0,1.6915925038951363,3.097986166200744,36.06313042299299
1.1100000000000008,0.794190625319752,0.794190625319752,5.197745907732202,2.2798565542007685,2.7242824387881313,6.0368617112878304,2.4570025867482985,2.8697545419027004,6.038140038283071,2.4572627125081827,2.869812883926082,2.4570025867482985,2.4570025867482985,2.871779958730568,1.0,1.681657629811261,3.084809514064785,36.06313229338821
1.1200000000000008,0.7838836150676937,0.7838836150676937,5.182607172704157,2.2765340262566154,2.725466008488876,6.016031183283887,2.4527599114637955,2.869753426174146,6.017337670464724,2.4530262270234138,2.8698130213376998,2.4527599114637955,2.4527599114637955,2.8668128961506936,1.0,1.6716610505713856,3.0710264283182664,36.06313402015879
1.1300000000000008,0.7734046181497222,0.7734046181497222,5.167685303936073,2.2732543421131024,2.726624627369936,5.995508331887477,2.448572713212225,2.8697522762498946,5.99684350431581,2.448845341036426,2.869813147381629,2.448572713212225,2.448572713212225,2.8618799965609627,1.0,1.66165648197004,3.0568770719848244,36.06313560407904
1.1400000000000008,0.762753238451993,0.762753238451993,5.1529861658021,2.2700189791722227,2.727757605086126,5.975303080367769,2.4444433068426377,2.869751091943807,5.9766674690105495,2.4447223705383294,2.8698132621279457,2.4444433068426377,2.4444433068426377,2.8569923403325883,1.0,1.651581584741519,3.042045925728085,36.06313704602954
1.1500000000000008,0.751929171405321,0.751929171405321,5.1385155319206675,2.2668294007094287,2.728864257672748,5.955425261505919,2.4403740003339487,2.869749873079441,5.956819403188767,2.440659624607407,2.8698133656549483,2.4403740003339487,2.4403740003339487,2.852162431225306,1.0,1.641473008834447,3.026739160757242,36.06313834699426
1.1600000000000008,0.7409322067085022,0.7409322067085022,5.124279082045385,2.2636870547947625,2.729943907888698,5.935884611651328,2.4363670929585566,2.8697486194899913,5.937309049007589,2.436659403570304,2.869813458048925,2.4363670929585566,2.4363670929585566,2.847404396619738,1.0,1.6313123011560318,3.0106760033849826,36.063139508057546
1.1700000000000008,0.7297622309877483,0.7297622309877483,5.1102823989531725,2.2605933731994288,2.730995885560148,5.9166907647392035,2.432424873400863,2.8697473310182198,5.9181460461543995,2.4327239971181274,2.8698135394039057,2.432424873400863,2.432424873400863,2.8427342180711155,1.0,1.6210778110588058,2.9940712364305924,36.063140530400986
1.1800000000000008,0.718419230402879,0.718419230402879,5.09653096533157,2.2575497702889233,2.7320195279246153,5.8978532462744795,2.42854961783252,2.869746007516393,5.899339925826054,2.428855682379267,2.8698136098214095,2.42854961783252,2.42854961783252,2.838169996939538,1.0,1.6108157554459814,2.9766002219090284,36.06314141530035
1.1900000000000008,0.7069032931796676,0.7069032931796676,5.08303016066737,2.2545576419039213,2.733014179975209,5.879381467287453,2.424743587946456,2.869744648846211,5.880900104679708,2.4250567219509955,2.8698136694101906,2.424743587946456,2.424743587946456,2.833732260582246,1.0,1.600467784326182,2.958472234403039,36.06314216412229
1.2000000000000008,0.6952146120735287,0.6952146120735287,5.069785258138856,2.2516183642302385,2.7339791948048386,5.861284718266674,2.421009028951911,2.86974325487874,5.862835878760855,2.4213293618921106,2.8698137182859726,2.421009028951911,2.421009028951911,2.8294443154171276,1.0,1.5900508766194992,2.9394482331809257,36.063142778321044
1.2100000000000009,0.6833534867450454,0.6833534867450454,5.056801421514075,2.248733292659242,2.734913933950189,5.8435721630749775,2.4173481675329636,2.869741825494342,5.845156417414375,2.417675829679069,2.869813756571186,2.4173481675329636,2.4173481675329636,2.825332654085703,1.0,1.5795713352873693,2.919442219787669,36.06314325943513
1.2200000000000009,0.6713203260476758,0.6713203260476758,5.044083702057818,2.2459037606402057,2.735817767735221,5.826252832854675,2.413763209773211,2.8697403605826066,5.827870757184694,2.414098332128311,2.869813784394694,2.413763209773211,2.413763209773211,2.821427424953435,1.0,1.5689910385786432,2.8986348652099205,36.063143609083916
1.2300000000000009,0.6591156502124595,0.6591156502124595,5.031637035450032,2.243131078526182,2.7366900756139967,5.809335619928281,2.4102563390494964,2.8697388600422835,5.8109877957114,2.4105990532876675,2.869813801891519,2.4102563390494964,2.4102563390494964,2.817762973271267,1.0,1.5583290925971884,2.8767331068299766,36.06314382896416
1.2400000000000009,0.6467400929352453,0.6467400929352453,5.0194662387186675,2.240416532415048,2.737530246512594,5.79282927170133,2.4068297138977925,2.8697373237812114,5.794516285626842,2.4071801522999565,2.869813809202568,2.4068297138977925,2.4068297138977925,2.8143784644547236,1.0,1.547575686243837,2.853689421254898,36.06314392084656
1.2500000000000009,0.6341944033370773,0.6341944033370773,5.007576007190065,2.2377613829874856,2.738337679169882,5.776742384574071,2.4034854658545517,2.8697357517162603,5.778464828462579,2.403843761242103,2.869813806474348,2.4034854658545517,2.4034854658545517,2.8113186010626947,1.0,1.5367004352668188,2.829454624226153,36.063143886572206
1.260000000000001,0.6214794478157425,0.6214794478157425,4.995970911460163,2.235166864343726,2.739111782476937,5.76108339786912,2.400225697277054,2.869734143773262,5.762841868571659,2.4005919829433027,2.8698137938586923,2.400225697277054,2.400225697277054,2.8086344460889476,1.0,1.5257106386639079,2.803984811796637,36.063143728049084
1.270000000000001,0.6085962117542746,0.6085962117542746,4.984655394390021,2.2326341828409824,2.739851975814839,5.7458605877822775,2.3970524791464785,2.869732499886956,5.7476556870740465,2.3974268887859846,2.869813771512468,2.3970524791464785,2.3970524791464785,2.8063843659764984,1.0,1.5146062405247913,2.7772596632299376,36.06314344724849
1.280000000000001,0.595545801099757,0.595545801099757,4.973633768129211,2.2301645159335695,2.7405576893906445,5.731082061364032,2.393967848857631,2.86973082000093,5.732914395832627,2.394350516493487,2.8698137395973022,2.393967848857631,2.393967848857631,2.8046351071158284,1.0,1.5033508011322865,2.749132981015344,36.0631430462015
1.290000000000001,0.582329443795,0.582329443795,4.962910211170924,2.2277590110177816,2.7412283645712647,5.716755750539394,2.3909738079994507,2.8697291040675723,5.7186259314674945,2.3913648679085955,2.8698136982792932,2.3909738079994507,2.3909738079994507,2.803463019175607,1.0,1.4919337123218726,2.7195608203920485,36.063142526995385
1.300000000000001,0.5689484910508619,0.5689484910508619,4.952488765442672,2.2254187842836846,2.741863454215021,5.7028894061739654,2.388072320130604,2.8697273520480198,5.704798049416409,2.3884719067672555,2.869813647728728,2.388072320130604,2.388072320130604,2.802955436976118,1.0,1.4803645751559376,2.6885700903391507,36.06314189177006
1.310000000000001,0.5554044184679925,0.5554044184679925,4.942373333436696,2.223144919576026,2.742462423000629,5.689490592194251,2.385265308554638,2.8697255639121186,5.691438318049432,2.385673556471931,2.8698135881198015,2.385265308554638,2.385265308554638,2.803212229085901,1.0,1.4686139523048558,2.6560515880374678,36.06314114271455
1.320000000000001,0.5416988269816088,0.5416988269816088,4.932567675384266,2.220938467266544,2.7430247477533625,5.676566679770476,2.3825546540993505,2.8697237396383892,5.678554112846023,2.382971697869285,2.8698135196303354,2.3825546540993505,2.3825546540993505,2.8043475149625285,1.0,1.456657367372612,2.621938292217435,36.06314028206344
1.330000000000001,0.5278334436365216,0.5278334436365216,4.9230754064782865,2.218800443140006,2.743549917768141,5.66412484157027,2.37994219290517,2.869721879213991,5.666152610642927,2.3803681670369663,2.8698134424414983,2.37994219290517,2.37994219290517,2.806491541966953,1.0,1.4444780555164278,2.5861580987066413,36.06313931209339
1.340000000000001,0.5138101221777497,0.5138101221777497,4.913899994148619,2.2167318272963508,2.744037435129299,5.652172046091711,2.3774297142274703,2.8697199826347037,5.654240783961382,2.377864753084452,2.86981335673753,2.3774297142274703,2.3774297142274703,2.8097926971868783,1.0,1.4320572407818422,2.5490788055955544,36.06313823511965
1.350000000000001,0.4996308434551835,0.4996308434551835,4.905044755394776,2.214733563071363,2.7444868150267787,5.64071505208437,2.3750189582578853,2.869718049904905,5.642825395422284,2.3754631959730053,2.869813262705467,2.3750189582578853,2.3750189582578853,2.814419604354971,1.0,1.41938309438849,2.5102716644509773,36.06313705349263
1.360000000000001,0.48529771563285223,0.48529771563285223,4.896512854180676,2.2128065559783296,2.7448975860684843,5.629760403067081,2.3727116139697806,2.8697160810375633,5.631912992258032,2.3731651843599155,2.8698131605348727,2.3727116139697806,2.3727116139697806,2.820563220205602,1.0,1.4064254653748358,2.4702089365603013,36.06313576959447
1.370000000000001,0.4708129741973294,0.4708129741973294,4.888307298896226,2.210951672673156,2.745269290588552,5.619314421951264,2.370509316993136,2.8697140760542346,5.621509900929863,2.370972353472276,2.8698130504175716,2.370509316993136,2.370509316993136,2.8284387936096627,1.0,1.393151388630749,2.4286193248683516,36.06313438583573
1.380000000000001,0.4561789817655154,0.4561789817655154,4.8804309398907035,2.209169739945463,2.7456014849512655,5.609383205778637,2.3684136475241475,2.8697120349850693,5.611622221859561,2.36888628301562,2.869812932547386,2.3684136475241475,2.3684136475241475,2.8382874803390066,1.0,1.3795312928060532,2.385687722746286,36.06313290465208
1.390000000000001,0.4413982276794355,0.4413982276794355,4.872886467082754,2.2074615437381357,2.7458937398503833,5.599972620582256,2.366426128274926,2.869709957868824,5.60225582428446,2.366908495122796,2.869812807119876,2.366426128274926,2.366426128274926,2.850377311605219,1.0,1.3655319608460095,2.3416704041507295,36.06313132850105
1.400000000000001,0.4264733273851783,0.4264733273851783,4.865676407652156,2.2058278281978754,2.7461456406035833,5.591088296379802,2.364548222468682,2.8697078447528837,5.593416341244635,2.3650404523484654,2.8698126743320898,2.364548222468682,2.364548222468682,2.865003091347031,1.0,1.3511160276121543,2.296477524522715,36.063129659858845
1.410000000000001,0.41140702160066506,0.41140702160066506,4.858803123818297,2.204269294759217,2.7463567874418007,5.582735622307999,2.3627813318857926,2.8697056956932956,5.585109164711237,2.363283555714641,2.869812534382316,2.3627813318857926,2.3627813318857926,2.8824846434266522,1.0,1.3362413906330952,2.2502143272838215,36.06312790121726
1.420000000000001,0.3962021752535276,0.3962021752535276,4.852268810710478,2.202786601264516,2.7465267957931756,5.574919741907112,2.3611267949661476,2.869703510754808,5.57733944086485,2.361639142812646,2.8698123874698376,2.3611267949661476,2.3611267949661476,2.9031626480730552,1.0,1.3208605159962221,2.2029569827694617,36.06312605508061
1.430000000000001,0.38086177620445,0.38086177620445,4.846075494335125,2.2013803611223404,2.7466552965613715,5.5676455485642675,2.3595858849730957,2.8697012900109193,5.570112065532651,2.360108485966832,2.869812233794703,2.3595858849730957,2.3595858849730957,2.9273911089247684,1.0,1.304925133756682,2.1547744368944053,36.063124123962794
1.440000000000001,0.3653889337355729,0.3653889337355729,4.840225029644946,2.2000511425066795,2.746741936397993,5.560917681124391,2.358159808224284,2.869699033543939,5.563431679793218,2.3586927904653496,2.8698120735574895,2.358159808224284,2.358159808224284,2.955525305333196,1.0,1.2883822420727715,2.105839129522838,36.06312211038438
1.450000000000001,0.3497868768218626,0.3497868768218626,4.834719098715132,2.198799467599338,2.746786377968852,5.5547405196773765,2.3568497023945705,2.869696741445055,5.557302665757479,2.357393192863142,2.869811906959084,2.3568497023945705,2.3568497023945705,2.987903960579079,1.0,1.27115268508131,2.0559987863950266,36.063120016869846
1.460000000000001,0.3340589521659083,0.3340589521659083,4.829559209031513,2.1976258118777894,2.7467883002138325,5.549118181529936,2.3556566348960826,2.8696944138144156,5.551729142534417,2.356210759362247,2.869811734200466,2.3556566348960826,2.3556566348960826,3.024824379648346,1.0,1.2531572702851428,2.005271238667326,36.0631178459448
1.470000000000001,0.3182086220081669,0.3182086220081669,4.82474669189569,2.196530603450744,2.746747398600087,5.54405451737051,2.354581601340355,2.8696920507612136,5.546714962389761,2.3551464842743353,2.8698115554824977,2.354581601340355,2.354581601340355,3.0665096036578494,1.0,1.2343347064841903,1.9537674453605638,36.06311560013341
1.480000000000001,0.30223946171072846,0.30223946171072846,4.820282700951932,2.1955142224435558,2.746663385368327,5.539553107635288,2.353625524087315,2.8696896524037907,5.542263707105827,2.3542012885702506,2.8698113710057243,2.353625524087315,2.353625524087315,3.113067350797087,1.0,1.2145570168660011,1.9013175907904876,36.063113281955815
1.490000000000001,0.28615515711387896,0.28615515711387896,4.816168210840548,2.1945770004355163,2.746535989771952,5.53561725908329,2.3527892508856993,2.869687218869741,5.538378684550417,2.353376018521141,2.8698111809701765,2.3527892508856993,2.3527892508856993,3.1644418347792995,1.0,1.1937394242751156,1.8478564037082439,36.06311089392575
1.500000000000001,0.2699595016671063,0.2699595016671063,4.812404015982449,2.1937192199510056,2.7463649583087655,5.5322500015881095,2.3520735536092636,2.8696847502960354,5.535062925462382,2.352671444435534,2.8698109855751874,2.3520735536092636,2.3520735536092636,3.2203615884376644,1.0,1.1717313925579063,1.793323343120176,36.06310843854815
1.5100000000000011,0.25365639334273976,0.25365639334273976,4.808990729499253,2.192941114006314,2.7461500549450384,5.529454085153713,2.3514791270929267,2.8696822468291456,5.532319180461255,2.352088259496496,2.869810785019209,2.3514791270929267,2.3514791270929267,3.2802891269817667,1.0,1.1483855495215707,1.7375876722937096,36.06310591831687
1.5200000000000011,0.23724983132781954,0.23724983132781954,4.8059287822732975,2.1922428657138555,2.745891061331683,5.527231977161302,2.3510065880727136,2.8696797086251875,5.530149917287972,2.351627078702738,2.869810579499644,2.3510065880727136,2.3510065880727136,3.3433813029254376,1.0,1.1235233698957956,1.6804474967001333,36.06310333571262
1.5300000000000011,0.22074391250414005,0.22074391250414005,4.803218422151684,2.191624607945367,2.7455877770122887,5.525585859853989,2.3506564742331,2.8696771358500675,5.528557318283413,2.3512884379172654,2.8698103692126824,2.3506564742331,2.3506564742331,3.4084717174042893,1.0,1.096928909047282,1.6216254719508485,36.06310069320084
1.5400000000000011,0.20414282772096107,0.20414282772096107,4.800859713298226,2.1910864230555185,2.7452400196227837,5.524517628065614,2.3504292433650527,2.8696745286796412,5.527543278111115,2.3510727930268587,2.8698101543531473,2.3504292433650527,2.3504292433650527,3.4740872763604136,1.0,1.0683468947350712,1.5609582056625249,36.0630979932298
1.5500000000000012,0.18745085786026267,0.18745085786026267,4.798852535697,2.1906283426672357,2.7448476250825182,5.5240288871996395,2.3503252726377344,2.869671887299884,5.527109401730116,2.3509805192153586,2.8698099351143425,2.3503252726377344,2.3503252726377344,3.5385084439333654,1.0,1.0374620684671323,1.4980124045992305,36.063095238228705
1.5600000000000012,0.17067236971230887,0.17067236971230887,4.797196584810973,2.1902503475198842,2.7444104477764952,5.524120951463695,2.3503448579865243,2.8696692119070675,5.527257002623439,2.3510119103533778,2.869809711687921,2.3503448579865243,2.3503448579865243,3.5998759776520983,1.0,1.0038899121589646,1.4323652560216462,36.06309243060598
1.5700000000000012,0.15381181165500626,0.15381181165500626,4.795891371398822,2.1899523673812684,2.7439283607285794,5.5247948423648445,2.3504882136196397,2.869666502707947,5.52798710128738,2.3511671785067474,2.869809484263749,2.3504882136196397,2.3504882136196397,3.6563364042198914,1.0,0.967139734105078,1.36351538404822,36.063089572747614
1.5800000000000012,0.13687370915826427,0.13687370915826427,4.794936221492911,2.1897342810242777,2.743401255765425,5.526051287470202,2.3507554716452757,2.869663759919956,5.529300423986156,2.3514464535655826,2.8698092530297834,2.3507554716452757,2.3507554716452757,3.7062067907281055,1.0,0.9265835464300249,1.2906991123693747,36.06308666701563
1.5900000000000012,0.11986266010928491,0.11986266010928491,4.794330276540973,2.1895959162687926,2.742829043670933,5.527890719437055,2.3511466818208206,2.869660983771416,5.531197401776138,2.3518497829955334,2.869809018171958,2.3511466818208206,2.3511466818208206,3.7481307779098376,1.0,0.8813902381136868,1.2129780798735479,36.0630837157466
1.6000000000000012,0.10278332997717053,0.10278332997717053,4.794072493713823,2.189537050089316,2.7422116543310273,5.530313275316116,2.3516618114252985,2.8696581745017427,5.533678169803241,2.3523771317123536,2.8698087798740772,2.3516618114252985,2.3516618114252985,3.7811965789358135,1.0,0.8304240915995657,1.1290266062158978,36.06308072125036
1.6100000000000012,0.08564044682479235,0.08564044682479235,4.794161646381036,2.189557408788597,2.7415490368685416,5.533318796131023,2.3523007452558065,2.8696553323616736,5.53674256687662,2.3530283820805518,2.8698085383177157,2.3523007452558065,2.3523007452558065,3.8049953741842404,1.0,0.7720478497984304,1.036939816310692,36.063077685808686
1.6200000000000012,0.06843879617429037,0.06843879617429037,4.794596324756198,2.1896566682373284,2.7408411597680318,5.536906826736622,2.353063285748308,2.869652457613495,5.540390135321249,2.35380333403648,2.8698082936821256,2.353063285748308,2.353063285748308,3.819612934353298,1.0,0.7037848777417853,0.9337683577471191,36.06307461167424
1.6300000000000012,0.05118321573919625,0.05118321573919625,4.795374936713035,2.189834454179821,2.7400880109903167,5.541076615958098,2.3539491532227492,2.8696495505312773,5.544620121111347,2.354701705335805,2.8698080461441577,2.3539491532227492,2.3539491532227492,3.825562992441042,1.0,0.6214739373022496,0.8145427393681024,36.063071501069444
1.6400000000000012,0.033878590039638085,0.033878590039638085,4.796495708773258,2.190090342605359,2.7392895980765704,5.545827117012301,2.354957986252048,2.869646611401121,5.549431474286146,2.3557231319249183,2.869807795878179,2.354957986252048,2.354957986252048,3.8236822345870394,1.0,0.5171059024053122,0.6695446893452366,36.06306835618557
1.6500000000000012,0.016529844902134702,0.016529844902134702,4.79795668726668,2.190423860184754,2.73844594824179,5.551156988212197,2.356089342154112,2.869643640521405,5.554822849648795,2.35686716843542,2.8698075430560084,2.356089342154112,2.356089342154112,3.815010731676009,1.0,0.3701087214129827,0.4734671070626093,36.06306517918183
1.6600000000000013,-0.0008580581322516537,0.0008580581322516537,4.799755739663709,2.190834484771433,2.73755710845747,5.557064593954633,2.3573426976056395,2.8696406382030437,5.560792607748706,2.3581332888004245,2.869807287846854,2.3573426976056395,2.3573426976056395,3.800678645824942,1.0,nan,nan,36.06306197218464
1.6700000000000013,-0.01828012748608837,0.01828012748608837,4.801890556080001,2.1913216459661964,2.736623145523314,5.563548005991112,2.358717449376061,2.869637604769748,5.56733881614697,2.359520886991037,2.869807030417256,2.358717449376061,2.358717449376061,3.7818129848822233,1.0,3.5950359444122846,3.704548044620968,36.063058737286916
1.6800000000000013,-0.03573134729939362,0.03573134729939362,4.804358650952547,2.191884725744615,2.735644146127856,5.570605004980592,2.3602129151796016,2.869634540558294,5.5744592509639,2.361029277870967,2.8698067709310426,2.3602129151796016,2.3602129151796016,3.759470365486633,1.0,3.4815115527824805,3.6781202401641355,36.06305547654746
1.6900000000000013,-0.05320668323242402,0.05320668323242402,4.807157364886203,2.192523059145833,2.7346202168978113,5.57823308232279,2.361828334643056,2.869631445918792,5.582151398707163,2.362657698166868,2.869806509549285,2.361828334643056,2.361828334643056,3.7345955031999947,1.0,3.3814675724092615,3.6541424553408404,36.06305219199048
1.7000000000000013,-0.07070108831899205,0.07070108831899205,4.810283866669176,2.1932359350213955,2.733551484436049,5.5864294422697744,2.363562870386522,2.8696283212149636,5.590412458378316,2.3644053075516296,2.869806246430267,2.363562870386522,2.363562870386522,3.7080013731960375,1.0,3.2914905809200414,3.63204693777302,36.06304888560511
1.7100000000000013,-0.08820950885387313,0.08820950885387313,4.813735155455576,2.1940225968425158,2.7324380953480367,5.5951910043131186,2.3654156092139744,2.86962516682442,5.599239343855007,2.3662711898375064,2.86980598172945,2.3654156092139744,2.3654156092139744,3.680365486126683,1.0,3.209484872813422,3.6116026273758877,36.06304555934506
1.7200000000000013,-0.10572689028240066,0.10572689028240066,4.817508063112821,2.1948822435640643,2.7312802162566636,5.604514405843227,2.3673855634102416,2.8696219831389445,5.60862868654544,2.368254354275621,2.869805715599457,2.3673855634102416,2.3673855634102416,3.652236803332797,1.0,3.133878147002986,3.5927432537886808,36.06304221512834
1.7300000000000013,-0.12324818311115228,0.12324818311115228,4.8215992567312025,2.1958140305433886,2.7300780338052912,5.6143960050768476,2.369471672140616,2.8696187705647755,5.618576838311179,2.3703537369580894,2.869805448190049,2.369471672140616,2.369471672140616,3.624048728063818,1.0,3.0636959114313775,3.5750910155210445,36.06303885483705
1.7400000000000013,-0.14076834879388395,0.14076834879388395,4.826005241292546,2.196817070511914,2.728831754648974,5.624831884248294,2.3716728029490692,2.8696155295228936,5.629079874653739,2.3725682023186896,2.869805179648119,2.3716728029490692,2.3716728029490692,3.5961347909785166,1.0,2.9981381328863237,3.5587065622156393,36.063035480317204
1.7500000000000013,-0.1582823655956099,0.1582823655956099,4.830722362494567,2.197890434597359,2.7275416054337245,5.635817853059169,2.373987753350714,2.8696122604493066,5.640133598159842,2.3748965447277577,2.869804910117682,2.373987753350714,2.373987753350714,3.5687447645724757,1.0,2.936636864513654,3.5433070227145733,36.06303209337867
1.7600000000000013,-0.17578523442072908,0.17578523442072908,4.835746809727068,2.199033153394252,2.7262078327637562,5.647349452380996,2.3764152525139615,2.8696089637953386,5.6517335421997075,2.377337490176712,2.869804639739872,2.3764152525139615,2.3764152525139615,3.5420598433121087,1.0,2.878755598249636,3.528855694716775,36.063028695795154
1.7700000000000014,-0.1932719845867726,0.1932719845867726,4.841074619195821,2.200244218080307,2.7248307031566257,5.65942195820451,2.378953963027555,2.8696056400279146,5.66387497487211,2.3798896980473927,2.869804368652952,2.378953963027555,2.378953963027555,3.516206182394973,1.0,2.8241531952935395,3.515306607389232,36.063025289304214
1.7800000000000014,-0.2107376795260992,0.2107376795260992,4.8467016771895635,2.2015225815761155,2.723410502986213,5.6720303858289,2.3816024827474673,2.86960228962985,5.67655290318958,2.3825517629612123,2.8698040969923118,2.3816024827474673,2.3816024827474673,3.4912665257632383,1.0,2.77256084515757,3.502443742498956,36.06302187560738
1.7900000000000014,-0.22817742241725728,0.22817742241725728,4.8526237234852925,2.2028671597455194,2.7219475384134855,5.685169494283744,2.384359346718473,2.8695989131001296,5.689762077496406,2.3853222167028933,2.8698038248904876,2.384359346718473,2.384359346718473,3.467289921994187,1.0,2.723751186285883,3.4903893846103964,36.06301845637027
1.8000000000000014,-0.24558636171646314,0.24558636171646314,4.85883635488658,2.2042768326339095,2.7204421353050012,5.698833790975983,2.3872230291650554,2.869595510954196,5.703496996111854,2.3881995302134733,2.869803552477172,2.3872230291650554,2.3872230291650554,3.444299674232379,1.0,2.6775410473864887,3.4789650101086096,36.06301503322285
1.8100000000000014,-0.26295969658701357,0.26295969658701357,4.8653350288894615,2.205750445741644,2.7188946391391244,5.713017536553738,2.39019194554616,2.869592083724223,5.717751910190375,2.3911821156470654,2.8698032798792372,2.39019194554616,2.39019194554616,3.4222997384099614,1.0,2.633796843911278,3.4680827357355177,36.06301160775955
1.8200000000000014,-0.2802926822123305,0.2802926822123305,4.8721150674700455,2.2072868113297024,2.7173054148999265,5.727714749978415,2.393264454668229,2.8695886319593917,5.732520828790281,2.3942683284858197,2.8698030072207557,2.393264454668229,2.393264454668229,3.401279803234861,1.0,2.5923709568415343,3.457824350652363,36.06300818153969
1.8300000000000014,-0.2975806349748095,0.2975806349748095,4.879171660987811,2.208884709754633,2.715674846958761,5.742919213796099,2.3964388608508456,2.869585156226166,5.747797524141889,2.397456469707404,2.8698027346230237,2.3964388608508456,2.3964388608508456,3.3812192770046625,1.0,2.553152949712577,3.448090441095177,36.06300475608772
1.8400000000000014,-0.31481893750437956,0.31481893750437956,4.886499872198226,2.210542890829813,2.7140033389435176,5.758624479598949,2.3997134161393,2.8695816571085526,5.763575537105823,2.400744787999304,2.869802462204593,2.3997134161393,2.3997134161393,3.3620903840248215,1.0,2.5160393668291636,3.438795824067267,36.06300133289357
1.8500000000000014,-0.33200304356334354,0.33200304356334354,4.894094640368171,2.2122600752100037,2.712291313595558,5.774823873666879,2.403086322558322,2.8695781352083634,5.779848182811794,2.4041314820142,2.869802190081301,2.403086322558322,2.403086322558322,3.343860545745411,1.0,2.4809362368165044,3.429915885830336,36.062997913413064
1.8600000000000014,-0.34912848278076763,0.34912848278076763,4.901950785487354,2.2140349557961714,2.7105392126143677,5.791510502779537,2.4065557344012496,2.8695745911454673,5.796608556467894,2.407614702660684,2.8698019183663033,2.4065557344012496,2.4065557344012496,3.326494193547851,1.0,2.44773496410806,3.4215585639472805,36.06299449906836
1.8700000000000014,-0.36619086521062694,0.36619086521062694,4.910063012568797,2.215866199157521,2.708747496489938,5.8086772601883725,2.4101197605489175,2.8695710255580376,5.813849539330151,2.411192555423592,2.8698016471701084,2.4101197605489175,2.4101197605489175,3.3099541339615897,1.0,2.416367472529659,3.4135649512794712,36.06299109124836
1.8800000000000014,-0.38318588571338347,0.38318588571338347,4.918425916031282,2.217752446967714,2.7069166443229404,5.826316831738285,2.413776466812593,2.8695674391027888,5.831563804821889,2.414863102708286,2.869801376600618,2.413776466812593,2.413776466812593,3.2942025641017207,1.0,2.3867417566088327,3.405915999207601,36.062987691309175
1.8900000000000015,-0.4001093281495695,0.4001093281495695,4.927033984156454,2.2196923174522305,2.705047153632743,5.844421702128164,2.4175238782953445,2.8695638324552046,5.849743824792174,2.418624366203271,2.8698011067631626,2.4175238782953445,2.4175238782953445,3.2792018156015055,1.0,2.3587644314638783,3.3985942094188712,36.06298430057466
1.9000000000000015,-0.41695706937591587,0.41695706937591587,4.93588160361329,2.221684406843891,2.7031395401533205,5.862984161299478,2.4213599817663374,2.8695602063097567,5.868381875902539,2.422474329255635,2.869800837760545,2.4213599817663374,2.4213599817663374,3.2649148891359916,1.0,2.3323592250928082,3.3916424827152944,36.062980920336905
1.9100000000000015,-0.43372508304427604,0.43372508304427604,4.944963064042374,2.2237272908435455,2.7011943376171694,5.8819963109418785,2.425282728042625,2.869556561380117,5.887470046130978,2.4264109392538966,2.869800569693081,2.425282728042625,2.425282728042625,3.251305828450454,1.0,2.307448194749043,3.3850265831211765,36.06297755185671
1.9200000000000015,-0.4504094431856647,0.4504094431856647,4.9542725626925606,2.2258195260830473,2.699212097527276,5.901450071104821,2.429290034373175,2.8695528983993497,5.907000241382136,2.430432110012978,2.869800302658639,2.429290034373175,2.429290034373175,3.2383399722002415,1.0,2.2839519166959685,3.3786889989371507,36.0629741963642
1.9300000000000015,-0.46700632759095523,0.46700632759095523,4.963804209102362,2.227959651587605,2.697193388917275,5.921337186903935,2.4333797868199563,2.8695492181201043,5.926964192192542,2.4345357241561567,2.8698000367526912,2.4333797868199563,2.4333797868199563,3.2259841134540985,1.0,2.261793641229826,3.3726171120704347,36.06297085505933
1.9400000000000015,-0.48351202096302653,0.48351202096302653,4.973552029818562,2.2301461902347484,2.6951387980998773,5.941649235311061,2.437549842631133,2.8695455213147802,5.947353460519736,2.4387196354890275,2.8697997720683492,2.437549842631133,2.437549842631133,3.214206590023174,1.0,2.2408991208273523,3.3667991802276447,36.062967529112456
1.9500000000000015,-0.49992291785657117,0.49992291785657117,4.983509973144396,2.23237765020715,2.693048928403728,5.962377632016705,2.4417980326015303,2.8695418087756948,5.96815944660407,2.442981671360649,2.8697995086964148,2.4417980326015303,2.4417980326015303,3.2029773235142183,1.0,2.2211965095605724,3.361229220202816,36.06296421966488
1.9600000000000015,-0.5162355253838852,0.5162355253838852,4.993671913909817,2.2346525264366757,2.690924399898786,5.9835136383538075,2.4461221634157617,2.8695380813152243,5.989373395892116,2.4473196350072697,2.869799246725422,2.4461221634157617,2.4461221634157617,3.1922678208825817,1.0,2.2026180751465914,3.3559616240957864,36.062960927829444
1.9700000000000015,-0.5324464657026479,0.5324464657026479,5.004031658256344,2.2369693020370987,2.688765849110405,6.0050483682717415,2.4505200199695865,2.8695343397659365,6.0109864060105345,2.4517313078742,2.869798986241685,2.4505200199695865,2.4505200199695865,3.182051149043091,1.0,2.1850989415457014,3.3509142715194686,36.06295765469107
1.9800000000000015,-0.5485524782664515,0.5485524782664515,5.01458294842903,2.2393264497230034,2.6865739287222574,6.02697279534957,2.45498936766528,2.869530584980706,6.032989433779538,2.456214451911628,2.869798727329342,2.45498936766528,2.45498936766528,3.1723018905936993,1.0,2.1685749687251135,3.346078238975456,36.062954401307366
1.9900000000000015,-0.5645504218545092,0.5645504218545092,5.025319467568318,2.2417224332125327,2.684349307268263,6.04927775983774,2.4595279546770232,2.8695268178328113,6.055373302255037,2.4607668118403736,2.869798470070397,2.4595279546770232,2.4595279546770232,3.162996086764676,1.0,2.1529843847162025,3.3414451197988155,36.06295116870914
2.0000000000000013,-0.580437276358223,0.580437276358223,5.036234844494496,2.244155708611703,2.682092668813718,6.071953975717482,2.4641335141825174,2.8695230392160216,6.0781287077888235,2.465386117383811,2.869798214544772,2.4641335141825174,2.4641335141825174,3.1541111722030823,1.0,2.1382774939039253,3.3370069751930838,36.06294795790103
2.010000000000001,-0.5962101443532599,0.5962101443532599,5.047322658477758,2.2466247257781524,2.6798047126258018,6.094992037767491,2.4688037665572957,2.8695192500446565,6.101246227096348,2.470070085462424,2.869797960830345,2.4688037665572957,2.4688037665572957,3.1456259050419892,1.0,2.1243979760502603,3.3327562904274823,36.062944769862035
2.020000000000001,-0.6118662524323351,0.6118662524323351,5.058576443986963,2.2491279296622864,2.6774861528336515,6.1183824286276,2.4735364215284155,2.8695154512536307,6.1247163243217795,2.474816422347682,2.8697977090029965,2.4735364215284155,2.4735364215284155,3.137520294810484,1.0,2.1112869998304267,3.328685935633146,36.06294160554602
2.0300000000000007,-0.6274029523142872,0.6274029523142872,5.0699896954103325,2.251663761623909,2.6751377180782416,6.142115525849341,2.4783291802844394,2.8695116437984853,6.148529358090309,2.4796228257721595,2.869797459136655,2.4783291802844394,2.4783291802844394,3.1297755300546224,1.0,2.098917504552543,3.324830956948896,36.06293846588234
2.0400000000000005,-0.6428177217276948,0.6428177217276948,5.081555871741577,2.2542306607225395,2.672760151152261,6.16618160892373,2.4831797375388938,2.8695078286553914,6.172675588538029,2.4844869869930952,2.8697972113033345,2.4831797375388938,2.4831797375388938,3.1223739070145404,1.0,2.0872235486789474,3.321151646617006,36.06293535177634
2.0500000000000003,-0.6581081650808163,0.6581081650808163,5.0932684012251705,2.256827064979763,2.6703542086302385,6.190570866276711,2.488085783544593,2.8695040068211326,6.197145184309768,2.4894065928067612,2.8697969655731823,2.488085783544593,2.488085783544593,3.1152987603028115,1.0,2.0761791069782074,3.317631308224066,36.06293226410987
2.06,-0.6732720138978169,0.6732720138978169,5.105120685954573,2.2594514126120466,2.66792066048914,6.215273402223118,2.4930450060564726,2.8695001793130746,6.221928229515868,2.4943793275113286,2.8697967220145157,2.4930450060564726,2.4930450060564726,3.10853439622555,1.0,2.0657338771250773,3.3142640970686315,36.06292920374186
2.07,-0.6883071270563895,0.6883071270563895,5.117106106417669,2.2621021432326325,2.6654602897197015,6.2402792438702726,2.4980550922408162,2.8694963471691013,6.247014730638912,2.4994028748160853,2.869796480693865,2.4980550922408162,2.4980550922408162,3.1020660291587587,1.0,2.0558621870896134,3.3110444080689985,36.06292617150872
2.0799999999999996,-0.7032114908109508,0.7032114908109508,5.129218025983667,2.264777699021179,2.6629738919287558,6.265578347962734,2.5031137305289852,2.8694925114475383,6.272394623382029,2.5044749196951503,2.8697962416760103,2.5031137305289852,2.5031137305289852,3.095879721220946,1.0,2.046515339924322,3.307966855157218,36.062923168224955
2.0899999999999994,-0.7179832186068423,0.7179832186068423,5.141449795326241,2.2674765258600234,2.660462274932804,6.291160607659995,2.5082186124139967,2.8694886732270453,6.2980577794505,2.5095931501840094,2.8697960050240225,2.5082186124139967,2.5082186124139967,3.089962325355875,1.0,2.0376833462969985,3.3050262526975174,36.062920194683564
2.099999999999999,-0.7326205507041439,0.7326205507041439,5.1537947567777005,2.270197074435984,2.6579262583431413,6.317015859239396,2.513367434188522,2.8694848336064873,6.323994013259,2.514755259117475,2.869795770799297,2.513367434188522,2.513367434188522,3.0843014318461073,1.0,2.029306545904736,3.3022175986997664,36.0629172516565
2.109999999999999,-0.7471218536022145,0.7471218536022145,5.166246248609471,2.2729378013068176,2.6553666731427894,6.343133888716767,2.5185578986230923,2.8694809937047796,6.35019308855698,2.519958945807844,2.869795539061593,2.5185578986230923,2.5185578986230923,3.0788853182108964,1.0,2.0213914465323484,3.2995360596634167,36.062914339895215
2.1199999999999988,-0.7614856192815932,0.7614856192815932,5.178797609234291,2.2756971699315116,2.6527843612555597,6.369504438377836,2.5237877165835156,2.86947715466071,6.376644724965235,2.525201917662276,2.8697953098690654,2.5237877165835156,2.5237877165835156,3.0737029023946882,1.0,2.013885654041041,3.296976956871756,36.06291146013098
2.1299999999999986,-0.7757104642647955,0.7757104642647955,5.191442181325913,2.2784736516637434,2.650180175107529,6.396117213213748,2.529054608586724,2.8694733176327283,6.403338604417024,2.530481891738612,2.8697950832783,2.529054608586724,2.529054608586724,3.068743699120317,1.0,2.0067635435625175,3.2945359111105255,36.062908613075386
2.1399999999999983,-0.7897951285016583,0.7897951285016583,5.204173315852338,2.281265726707947,2.647554977181251,6.422961887254473,2.534356306294455,2.8694694837987154,6.430264377497506,2.535796596239041,2.8697948593443465,2.534356306294455,2.534356306294455,3.0639977792601862,1.0,2.000032370152844,3.29223919348089,36.0629057994207
2.149999999999998,-0.8037384740961033,0.8037384740961033,5.216984376018928,2.284071885037537,2.6449096395630205,6.450028109794281,2.5396905539443737,2.8694656543557198,6.457411669675728,2.541143771941235,2.8697946381207475,2.5396905539443737,2.5396905539443737,3.0594557320664713,1.0,1.9936380828422358,3.290050423124137,36.06290301984031
2.159999999999998,-0.8175394838664162,0.8175394838664162,5.229868741118052,2.2868906272749583,2.642245043483506,6.4773055115038956,2.5450551097184313,2.8694618305196666,6.484770087423726,2.54652117356674,2.86979441965957,2.5450551097184313,2.5450551097184313,3.0551086300954853,1.0,1.9875612158557079,3.28796547063081,36.062900274989076
2.1699999999999977,-0.8311972597573752,0.8311972597573752,5.242819810282147,2.289720465533325,2.639562078852101,6.504783710424276,2.5504477470484033,2.8694580135250405,6.5123292242177815,2.551926571086594,2.8697942040114333,2.5504477470484033,2.5504477470484033,3.050947996660093,1.0,1.9818169773859702,3.2859803096615856,36.062897565503675
2.1799999999999975,-0.8447110211120161,0.8447110211120161,5.255831006137464,2.2925599242195314,2.63686164378532,6.5324523178375085,2.555866255858766,2.869454204624531,6.540078666417224,2.557357750964308,2.869793991225537,2.555866255858766,2.555866255858766,3.0469657756461586,1.0,1.9763568271319596,3.2840910094218425,36.062894892002944
2.1899999999999973,-0.8580801028064482,0.8580801028064482,5.268895778356005,2.295407540798802,2.6341446441295844,6.560300944010554,2.561308443747171,2.8694504050886573,6.568007999016642,2.5628125173364986,2.8697937813496863,2.561308443747171,2.561308443747171,3.043154303533517,1.0,1.9711630222999046,3.282293727843321,36.06289225508825
2.199999999999997,-0.8713039532540205,0.8713039532540205,5.282007607103454,2.2982618665207526,2.6314119929787605,6.588319203808137,2.566772137102968,2.8694466162053516,6.596106811267722,2.5682886931316196,2.869793574430317,2.566772137102968,2.566772137102968,3.039506283468052,1.0,1.9662266839541167,3.280584705407442,36.06288965534378
2.209999999999997,-0.8843821322970798,0.8843821322970798,5.295160006381186,2.301121467107112,2.6286646101867928,6.616496722171333,2.572255182164346,2.8694428392795177,6.6243647021673215,2.573784121127357,2.8697933705125207,2.572255182164346,2.572255182164346,3.0360147612385817,1.0,1.961552534336801,3.2789602595364573,36.062887093336805
2.2199999999999966,-0.8973143089795618,0.8973143089795618,5.308346527260751,2.3039849234013556,2.6259034218758086,6.644823139458928,2.577755446014794,2.8694390756325547,6.652771285808859,2.579296664947415,2.869793169640065,2.577755446014794,2.577755446014794,3.0326731030200764,1.0,1.957102077152582,3.277416779516778,36.06288456961802
2.2299999999999964,-0.9101002592248096,0.9101002592248096,5.321560761009478,2.3068508319805767,2.623129359940044,6.673288116648905,2.583270817519701,2.869435326601845,6.681316196594382,2.5848242099985024,2.8697929718554165,2.583270817519701,2.583270817519701,3.029474974752768,1.0,1.9528627458857988,3.2759507218841977,36.062882084721785
2.239999999999996,-0.9227398634087425,0.9227398634087425,5.334796342106093,2.3097178057299756,2.62034336154598,6.701881340397867,2.5887992082040405,2.8694315935402117,6.709989094305137,2.5903646643484652,2.8697927771997582,2.5887992082040405,2.5887992082040405,3.0264143230348632,1.0,1.948822688786723,3.2745586062490584,36.06287963916633
2.249999999999996,-0.9352331038556936,0.9352331038556936,5.3480469511455695,2.3125844743804644,2.617546368629045,6.730592527956527,2.5943385530721557,2.8694278778153377,6.7387796690287605,2.595915959546603,2.8697925857130118,2.5943385530721557,2.5943385530721557,3.0234853574146334,1.0,1.9449867355756671,3.27323701149661,36.06287723345413
2.259999999999996,-0.9475800622449987,0.9475800622449987,5.361306317632623,2.3154494850099026,2.6147393273872854,6.759411431939757,2.5998868113707867,2.8694241808091574,6.767677645941675,2.601476051387303,2.8697923974338533,2.5998868113707867,2.5998868113707867,3.020682533975453,1.0,1.941338468134015,3.2719825723507423,36.06287486807194
2.2699999999999956,-0.9597809169534911,0.9597809169534911,5.3745682226635285,2.3183115025085668,2.611923187772358,6.78832784495011,2.6054419672965485,2.869420503917199,6.796672789945488,2.6070429206182024,2.8697922123997284,2.6054419672965485,2.6054419672965485,3.0180005401149272,1.0,1.937857206951139,3.2707919762463007,36.062872543491146
2.2799999999999954,-0.9718359403311082,0.9718359403311082,5.3878265014962,2.321169210009516,2.60909890297825,6.817331604053924,2.6110020306491384,2.8694168485479032,6.825754910156641,2.612614573594169,2.869792030646872,2.6110020306491384,2.6110020306491384,3.015434280426376,1.0,1.934533406526835,3.269661960492911,36.06287026016791
2.289999999999995,-0.9837454959173902,0.9837454959173902,5.40107504600865,2.3240213092845448,2.606267428928103,6.84641259510958,2.6165650374316285,2.8694132161218997,6.8549138642488145,2.6181890428784578,2.869791852210317,2.6165650374316285,2.6165650374316285,3.012978863597783,1.0,1.9313580031459483,3.2685893097025027,36.062868018543355
2.299999999999995,-0.9955100356139869,0.9955100356139869,5.414307807046208,2.3268665211064876,2.6034297237595356,6.875560756947737,2.6221290503992623,2.8694096080712406,6.884139562647945,2.6237643877924604,2.8697916771239127,2.6221290503992623,2.6221290503992623,3.0106295902496587,1.0,1.9283223791599309,3.267570853446339,36.062865819043715
2.3099999999999947,-1.0071300968106587,1.0071300968106587,5.4275187966580605,2.329703585578659,2.6005867473088435,6.904766085403615,2.6276921595581957,2.8694060258386096,6.913421972579974,2.6293386949155058,2.8697915054203325,2.6276921595581957,2.6276921595581957,3.008381941639315,1.0,1.9254342692161164,3.266603464130691,36.062863662080524
2.3199999999999945,-1.0186062994759884,1.0186062994759884,5.440702090223884,2.332531262432271,2.59773946059448,6.934018637201839,2.6332524826157173,2.8694024708764743,6.9427511219717575,2.6349100785362216,2.8697913371310877,2.6332524826157173,2.6332524826157173,3.0062315691645707,1.0,1.9226749897511755,3.2656840550654005,36.0628615480507
2.3299999999999943,-1.0299393432240607,1.0299393432240607,5.45385182847152,2.3353483312926833,2.594888825300201,6.963308533694389,2.6388081653834536,2.869398944646214,6.972117103205827,2.640476681057007,2.869791172286539,2.6388081653834536,2.6388081653834536,3.0041742846051798,1.0,1.9200315569360134,3.264809578701404,36.062859477336765
2.339999999999994,-1.041130004353787,1.041130004353787,5.466962219386805,2.3381535919153826,2.592035803258268,6.992625964452725,2.6443573821351616,2.869395448617199,7.001510076729972,2.6460366733531817,2.8697910109159004,2.6443573821351616,2.6443573821351616,3.0022060510450426,1.0,1.9174968451747354,3.263977025031856,36.06285745030686
2.349999999999994,-1.052179132876918,1.052179132876918,5.480027540016898,2.340945864392617,2.589181355933098,7.021961190715184,2.649898335920679,2.869391984265833,7.030920274522779,2.6515882550884062,2.869790853047257,2.649898335920679,2.649898335920679,3.0003229744227786,1.0,1.915064043010314,3.2631834201298613,36.06285546731493
2.3599999999999937,-1.0630876495307198,1.0630876495307198,5.493042138168484,2.3437239893316115,2.5863264439057527,7.051304548691065,2.655429258837649,2.8693885530745527,7.060338003416633,2.657129654987997,2.8697906987075577,2.655429258837649,2.655429258837649,2.9985212956623557,1.0,1.912726632475445,3.2624258248204963,36.06285352870076
2.3699999999999934,-1.0738565427940217,1.0738565427940217,5.506000434002503,2.3464868280053275,2.583472026359663,7.080646452723075,2.6609484122626417,2.8693851565307864,7.089753648279707,2.662659131071739,2.8697905479226384,2.6609484122626417,2.6609484122626417,2.9967973833393073,1.0,1.9104783701994408,3.26170133345929,36.0628516347901
2.3799999999999932,-1.0844868658981988,1.0844868658981988,5.518896921527091,2.3492332624767363,2.5806190605679555,7.109977398309875,2.6664540870432916,2.8693817961258707,7.119157675058898,2.668174970847845,2.869790400717214,2.6664540870432916,2.6664540870432916,2.9951477268415854,1.0,1.9083132701176058,3.261014464348064,36.06284978589471
2.389999999999993,-1.0949797338490257,1.0949797338490257,5.5317261699905975,2.3519621956975834,2.5777685013827973,7.13928796499081,2.671944603653079,2.869378473353925,7.148540633685589,2.6736754914696714,2.869790257114891,2.671944603653079,2.671944603653079,2.9935689299873554,1.0,1.9062399192380632,3.2603571131199254,36.062847982312455
2.399999999999993,-1.1053363204594273,1.1053363204594273,5.544482825176628,2.354672551582625,2.5749213007271106,7.168568819094961,2.6774183123103796,2.86937518971068,7.177893160846538,2.679159039856824,2.8697901171381703,2.6774183123103796,2.6774183123103796,2.992057705065039,1.0,1.9042401236328899,3.2597240701740597,36.062846224327274
2.4099999999999926,-1.115557855396929,1.115557855396929,5.55716161060315,2.357363275060327,2.572078407089065,7.197810716356824,2.6828735930633827,2.8693719466922682,7.207205982622193,2.6846239927822655,2.869789980808445,2.6828735930633827,2.6828735930633827,2.990610867263665,1.0,1.9023066147901648,3.2591125904477782,36.062844512209324
2.4199999999999924,-1.1256456212548651,1.1256456212548651,5.5697573286278645,2.3600333321010245,2.569240765019706,7.227004504401179,2.688308855842494,2.8693687457939645,7.236469916994888,2.6900687569270207,2.8697898481460102,2.688308855842494,2.688308855842494,2.9892253294641233,1.0,1.9004343074115224,3.258519957897857,36.06284284621496
2.429999999999992,-1.135600950644961,1.135600950644961,5.582264861461997,2.3626817097235078,2.5664093146341007,7.2561411250996475,2.693722540481786,2.869365588508888,7.265675876229614,2.695491768904074,2.8697897191700603,2.693722540481786,2.693722540481786,2.9878980973642624,1.0,1.8986183070162497,3.2579434847797697,36.062841226586755
2.439999999999992,-1.1454252233256155,1.1454252233256155,5.594679172094858,2.36530741598103,2.563584991116373,7.285211616801762,2.699113116711073,2.869362476326652,7.294814869130014,2.700891495253005,2.869789593898691,2.699113116711073,2.699113116711073,2.9866262649129154,1.0,1.8968538992777468,3.2573805109723644,36.06283965355348
2.4499999999999917,-1.15511986335549,1.15511986335549,5.6069953051315204,2.3679094799277105,2.5607687242289887,7.314207116443289,2.704479084120136,2.8693594107319806,7.323878003172515,2.706266432406927,2.869789472348899,2.704479084120136,2.704479084120136,2.985407010029908,1.0,1.8951365401776166,3.2568284033574653,36.06283812733022
2.4599999999999915,-1.1646863362877886,1.1646863362877886,5.6192083875460295,2.370486951566287,2.55796143782665,7.343118861534792,2.7098189720966217,2.8693563932032653,7.352856486521472,2.711615106633217,2.8697893545365813,2.7098189720966217,2.7098189720966217,2.9842375905909386,1.0,1.8934618468859037,3.256284555235731,36.06283664811823
2.4699999999999913,-1.1741261464009431,1.1741261464009431,5.631313629352577,2.3730389017781772,2.555164049375162,7.371938192033395,2.7151313397390915,2.869353425211088,7.381741629928344,2.7169360739495407,2.8697892404765373,2.7151313397390915,2.7151313397390915,2.9831153406578683,1.0,1.891825589312671,3.2557463857819897,36.06283521610501
2.479999999999991,-1.1834408339754976,1.1834408339754976,5.643306324197177,2.375564422236782,2.5523774694756125,7.400656552100824,2.7204147757466735,2.869350508216691,7.410524848518021,2.7222279200166213,2.8697891301824594,2.7204147757466735,2.7204147757466735,2.9820376669365136,1.0,1.8902236822615266,3.255211339528068,36.06283383146426
2.489999999999991,-1.192631972612216,1.192631972612216,5.655181849872323,2.378062625304961,2.549602601394214,7.429265491750849,2.725667898286739,2.8693476436704035,7.439197663465345,2.7274892600091656,2.86978902366694,2.725667898286739,2.725667898286739,2.981002045445443,1.0,1.8886528817237624,3.254676885877327,36.06283249435585
2.4999999999999907,-1.201701166596955,1.201701166596955,5.666935668757188,2.3805326439175727,2.5468403405981466,7.457756668389294,2.730889354841989,2.869344833010025,7.467751703565108,2.732718738466348,2.86978892094146,2.730889354841989,2.730889354841989,2.980006018380576,1.0,1.8871205546372711,3.254140518643791,36.062831204925764
2.5099999999999905,-1.2106500483192435,1.2106500483192435,5.678563328185909,2.382973631449981,2.5440915742977235,7.486121848249834,2.7360778220382977,2.8693420776591516,7.4961787066986565,2.7379150291231933,2.8697888220163916,2.7360778220382977,2.7360778220382977,2.979047191161585,1.0,1.8856110455188237,3.2535997556074854,36.06282996330611
2.5199999999999902,-1.2194802757377674,1.2194802757377674,5.690060460746523,2.3853847615733867,2.5413571809952207,7.514352907728797,2.741232005454627,2.8693393790254698,7.524470521200398,2.743076834724175,2.8697887269009894,2.741232005454627,2.741232005454627,2.978123229647197,1.0,1.8841208020858755,3.2530521380923543,36.06282876961497
2.52999999999999,-1.2281935298994704,1.2281935298994704,5.701422784513101,2.387765228097834,2.5386380300406675,7.542441834622234,2.7463506394162844,2.8693367384989883,7.552619107127436,2.748202886820301,2.8697886356033875,2.7463506394162844,2.7463506394162844,2.977231857507518,1.0,1.8826463852830784,3.2524952305586976,36.06282762395645
2.53999999999999,-1.236791512514779,1.236791512514779,5.712646103213652,2.390114244803719,2.5359349811949174,7.570380729268487,2.7514324867727513,2.8693341574502393,7.580616537435611,2.7532919455509273,2.8697885481305936,2.7514324867727513,2.7514324867727513,2.9763708537424045,1.0,1.8811844640877224,3.2519266202066643,36.06282652642055
2.5499999999999896,-1.245275943588714,1.245275943588714,5.723726306336296,2.3924310452625996,2.5332488842003116,7.598161805599571,2.756476338661294,2.8693316372284166,7.608454999065212,2.7583427994114893,2.8697884644884852,2.756476338661294,2.756476338661294,2.9755380503358175,1.0,1.8797318106483178,3.251343916590283,36.062825477083095
2.5599999999999894,-1.253648559106423,1.253648559106423,5.734659369176267,2.3947148826480924,2.5305805783592,7.625777392104563,2.761481014257488,2.8693291791594766,7.636126793939628,2.763354265008312,2.8697883846817986,2.761481014257488,2.761481014257488,2.9747313300368337,1.0,1.8782852957328724,3.250744751242762,36.06282447600567
2.569999999999989,-1.2619111087762345,1.2619111087762345,5.745441352826233,2.3969650295376095,2.5279308921206334,7.653219932708257,2.766445360513787,2.869326784544191,7.663624339880148,2.768325186801606,2.8697883087141256,2.766445360513787,2.766445360513787,2.9739486242587465,1.0,1.8768418844594588,3.250126777308989,36.06282352323553
2.579999999999989,-1.2700653538367688,1.2700653538367688,5.756068404112372,2.3991807777056677,2.525300642675487,7.6804819875683235,2.7713682518872016,2.8693244546561503,7.690940171440169,2.7732544368377328,2.8697882365879055,2.7713682518872016,2.7713682518872016,2.973187911088369,1.0,1.8753986322793952,3.2494876691776193,36.06282261880549
2.5899999999999888,-1.2781130649142753,1.2781130649142753,5.766536755478707,2.4013614379094843,2.5226906355602874,7.707556233794121,2.7762485900571154,2.869322190739721,7.718066940661986,2.7781409144717597,2.8697881683044146,2.7762485900571154,2.7762485900571154,2.9724472133982363,1.0,1.873952681211931,3.248825122126413,36.06282176273386
2.5999999999999885,-1.2860560199466344,1.2860560199466344,5.776842724822024,2.4035063396675334,2.5201016642699985,7.734435466090342,2.7810853036342382,2.8693199940079572,7.744997417759308,2.782983546081311,2.8697881038637623,2.7810853036342382,2.7810853036342382,2.9717245970550206,1.0,1.8725012562909809,3.248136851962793,36.062820955024335
2.6099999999999883,-1.293896002159741,1.293896002159741,5.786982715279819,2.40561483103173,2.517534509880018,7.761112597328607,2.78587734786164,2.8693178656404625,7.7717244917286505,2.7877812847726506,2.869788043264876,2.78587734786164,2.78587734786164,2.971018169217962,1.0,1.8710416622262773,3.2474205946736756,36.06282019566582
2.619999999999988,-1.301634798112405,1.301634798112405,5.796953214973537,2.407686278353876,2.5149899406776255,7.787580659050052,2.790623704308779,2.8693158067812137,7.798241170892657,2.792533110079925,2.869787986505499,2.790623704308779,2.790623704308779,2.9703260767216246,1.0,1.8695715964294952,3.2466741060669078,36.0628194846324
2.629999999999988,-1.3092741957915386,1.3092741957915386,5.80675079670941,2.4097200660469693,2.5124687118031,7.81383280190197,2.795323380559389,2.869313818536325,7.824540583378372,2.797238027658421,2.8697879335821748,2.795323380559389,2.795323380559389,2.969646504537742,1.0,1.8681002089889513,3.2458951614223213,36.062818821883205
2.6399999999999877,-1.316815982772295,1.316815982772295,5.816372117639126,2.4117155963419745,2.5099715649007446,7.8398622960114475,2.799975409894067,2.869311901971782,7.850615977533438,2.801895068972683,2.869787884490239,2.799975409894067,2.799975409894067,2.968977674311308,1.0,1.866613215077723,3.2450815551362275,36.06281820736222
2.6499999999999875,-1.3242619444339014,1.3242619444339014,5.825813918882509,2.413672289040604,2.5074992277800106,7.865662531298916,2.804578850968344,2.8693100581111173,7.876460722283148,2.806503290980281,2.86978783922381,2.804578850968344,2.804578850968344,2.968317842966472,1.0,1.8651082277295998,3.244231100367964,36.06281764099825
2.6599999999999873,-1.3316138622360778,1.3316138622360778,5.835073025114341,2.415589581264653,2.5050524140869257,7.891227017734482,2.809132787487,2.8693082879330483,7.902068307431169,2.8110617758119743,2.869787797775777,2.809132787487,2.809132787487,2.9676653013781586,1.0,1.8635829254673628,3.2433416286823875,36.06281712270468
2.669999999999987,-1.3388735120494968,1.3388735120494968,5.844146344117403,2.4174669272023976,2.5026318229860234,7.916549385539806,2.813636327875336,2.869306592369071,7.927432343906792,2.815569630449013,2.8697877601377866,2.813636327875336,2.813636327875336,2.967018373105622,1.0,1.8620350499265341,3.2424109896939997,36.062816652379446
2.679999999999987,-1.3460426625492068,1.3460426625492068,5.85303086630379,2.4193037978525536,2.5002381388529327,7.9416233853382945,2.8180886049480938,2.869304972301004,7.952546563961319,2.8200259863982318,2.8697877263002374,2.8180886049480938,2.8180886049480938,2.966375413184499,1.0,1.8604624035975303,3.241437050702423,36.062816229904804
2.6899999999999866,-1.3531230736573834,1.3531230736573834,5.8617236642064094,2.421099680766244,2.4978720309778164,7.966442888256192,2.8224887755766526,2.8693034285584957,7.977404821316385,2.824429999365604,2.869787696252262,2.8224887755766526,2.8224887755766526,2.9657348069741643,1.0,1.858862847693835,3.240417696332073,36.06281585514724
2.6999999999999864,-1.3601164950462423,1.3601164950462423,5.870221891942665,2.4228540797874447,2.4955341532797957,7.991001885977254,2.8268360203551346,2.8693019619164857,8.002001091266672,2.8287808489288584,2.8697876699817173,2.8268360203551346,2.8268360203551346,2.9650949690574766,1.0,1.857234300124374,3.23935082816373,36.06281552795727
2.709999999999986,-1.3670246646950168,1.3670246646950168,5.878522784652114,2.424566514792307,2.4932251440325195,8.01529449075342,2.831129543265977,2.8693005730926253,8.026329470739606,2.833077738209738,2.869787647475172,2.831129543265977,2.831129543265977,2.9644543421902223,1.0,1.8555747335696087,3.2382343643630516,36.06281524816934
2.719999999999986,-1.3738493074937208,1.3738493074937208,5.886623657909936,2.426236521427772,2.490945625601007,8.039314935374014,2.835368571345534,2.8692992627446534,8.050384178314445,2.8373198935464514,2.869787628717894,2.835368571345534,2.835368571345534,2.963811396297818,1.0,1.8538821736624542,3.2370662393121616,36.06281501560166
2.7299999999999858,-1.3805921339110405,1.3805921339110405,5.894521907117962,2.42786365084985,2.4886962041898895,8.063057573095792,2.839552354350205,2.8692980314677383,8.074159554203113,2.8415065641668176,2.8697876136938385,2.839552354350205,2.839552354350205,2.9631646275169925,1.0,1.8521546972462413,3.2358444032253724,36.062814830055984
2.7399999999999856,-1.3872548387020542,1.3872548387020542,5.902215006874954,2.4294474694619255,2.486477469603158,8.086516877536132,2.8436801644235823,2.8692968797917766,8.097650060195091,2.8456370218626077,2.8697876023856352,2.8436801644235823,2.8436801644235823,2.9625125572804203,1.0,1.8503927329968224,3.2345668217724564,36.062814691317556
2.7499999999999853,-1.3938390996718908,1.3938390996718908,5.909700510327738,2.430987558653425,2.484289995015532,8.109687442531625,2.847751295765068,2.869295808178651,8.120850279568577,2.8497105606655175,2.8697875947745732,2.847751295765068,2.847751295765068,2.9618537314423956,1.0,1.8486048651235822,3.233231475691707,36.06281459915485
2.759999999999985,-1.4003465764861072,1.4003465764861072,5.916976048504841,2.4324835145391717,2.4821343367555184,8.132563981964179,2.851765064300385,2.869294817019453,8.14375491697001,2.853726496525203,2.8697875908405885,2.851765064300385,2.851765064300385,2.961186719443844,1.0,1.8467770152900786,3.2318363604007887,36.06281455331947
2.769999999999985,-1.4067789095268575,1.4067789095268575,5.924039329634077,2.433934947699728,2.480011034100263,8.155141329556669,2.8557208073543654,2.869293906631673,8.166358798264065,2.857684166989779,2.8697875905622534,2.8557208073543654,2.8557208073543654,2.960510113515102,1.0,1.8449074678504611,3.2303794856048906,36.062814553545984
2.7799999999999847,-1.4131377187981964,1.4131377187981964,5.930888138445597,2.435341482923,2.477920609082246,8.177414438640252,2.859617883326416,2.8692930772563483,8.188656870356077,2.8615829308891394,2.8697875939167634,2.859617883326416,2.859617883326416,2.9598225279150383,1.0,1.8429945510525843,3.228858874897363,36.062814599551736
2.7899999999999845,-1.4194246028755988,1.4194246028755988,5.937520335461822,2.4367027589473897,2.475863566307885,8.199378381895093,2.8634556713689654,2.8692923290551793,8.210644200988805,2.86542216802146,2.869787600879918,2.8634556713689654,2.8634556713689654,2.959122598205234,1.0,1.8410366357746997,3.22729963195359,36.062814691036685
2.7999999999999843,-1.425641137892961,1.425641137892961,5.943933856275586,2.4380184282067243,2.4738403927880923,8.22102835106649,2.867233571069244,2.869291662107615,8.232315978515354,2.8692012788431827,2.869787611426114,2.867233571069244,2.867233571069244,2.9584089805580387,1.0,1.8390321343309297,3.2256745969520115,36.06281482768327
2.809999999999984,-1.431788876578729,1.431788876578729,5.95012671081783,2.4392881565772075,2.4718515577808224,8.242359656658088,2.870951002134674,2.8692910764079054,8.25366751165002,2.872919684162789,2.869787625528332,2.870951002134674,2.870951002134674,2.9576803510974607,1.0,1.8369794993274953,3.223981520667255,36.06281500915622
2.819999999999984,-1.4378693473269841,1.4378693473269841,5.956096982616108,2.4405116231266155,2.4698975126456264,8.263367727603876,2.874607404082143,2.8692905718621247,8.274694229198731,2.8765768248386365,2.86978764315812,2.874607404082143,2.874607404082143,2.956935405271932,1.0,1.8348772225813321,3.2222185363702764,36.06281523510245
2.8299999999999836,-1.4438840533095425,1.4438840533095425,5.961842828045066,2.441688519865928,2.467978690710239,8.284048110920649,2.878202235931424,2.869290148285159,8.295391679770699,2.880172161481098,2.8697876642855853,2.878202235931424,2.878202235931424,2.9561728572581143,1.0,1.8327238340898275,3.220383789972978,36.06281550515082
2.8399999999999834,-1.4498344716247136,1.4498344716247136,5.967362475570126,2.4428185515035956,2.4660955071491917,8.3043964713424,2.8817349759029542,2.8692898053976825,8.315755531472774,2.8837051741592403,2.869787688879379,2.8817349759029542,2.8817349759029542,2.9553914393949556,1.0,1.830529428137955,3.2184754396093602,36.06281581891206
2.849999999999983,-1.4557220524826413,1.4557220524826413,5.972654224985432,2.4439014352026214,2.4642483588744497,8.324408590938194,2.8852051211201943,2.8692895428230902,8.335781571588049,2.887175362112258,2.869787716906684,2.8852051211201943,2.8852051211201943,2.954589901647367,1.0,1.8282883316130116,3.2164916552106266,36.0628161759786
2.859999999999983,-1.4615482184198583,1.4615482184198583,5.977716446647132,2.4449369003406063,2.462437624438048,8.34408036871489,2.888612187316755,2.8692893600844167,8.355465706239956,2.890582243465831,2.869787748333206,2.888612187316755,2.888612187316755,2.953767011098889,1.0,1.8259925057371789,3.214430618079998,36.06281657592441
2.869999999999983,-1.4673143635543708,1.4673143635543708,5.982547580703033,2.4459246882729304,2.46066366394671,8.363407820206051,2.8919557085484646,2.869289256601235,8.37480396004334,2.8939253549536037,2.8697877831231615,2.8919557085484646,2.8919557085484646,2.9529215514728504,1.0,1.8236406438536443,3.212290520454442,36.06281701830488
2.8799999999999826,-1.4730218528673076,1.4730218528673076,5.987146136319602,2.4468645520991967,2.458926818988394,8.382387077048357,2.895235236910527,2.869289231686527,8.39379247574363,2.8972042516439243,2.8697878212392647,2.895235236910527,2.895235236910527,2.9520523226815643,1.0,1.8212314734697608,3.2100695650655973,36.06281750265667
2.8899999999999824,-1.4786720215110785,1.4786720215110785,5.9915106909072335,2.447756256433069,2.45722741257073,8.401014386546649,2.8984503422599204,2.869289284543542,8.412427513845367,2.9004185066719885,2.869787862642718,2.8984503422599204,2.8984503422599204,2.951158140403171,1.0,1.818763755530037,3.207765964698368,36.062818028497624
2.899999999999982,-1.48426617415293,1.48426617415293,5.995639889344672,2.4485995771756297,2.4555657490712917,8.41928611122886,2.9016006119431497,2.8692894142626373,8.430705452231132,2.9035677109775024,2.8697879072932073,2.9016006119431497,2.9016006119431497,2.9502378356858125,1.0,1.816236283720319,3.2053779417368027,36.062818595326625
2.909999999999982,-1.4898055843398361,1.4898055843398361,5.999532443203466,2.4493943012923554,2.4539421141996196,8.437198728391797,2.904685650529468,2.8692896198181015,8.448622785772036,2.9066514730479875,2.869787955148885,2.904685650529468,2.904685650529468,2.9492902545788624,1.0,1.813647883815225,3.2029037277096175,36.06281920262347
2.9199999999999817,-1.495291493889297,1.495291493889297,6.003187129973252,2.4501402265938275,2.452356774970927,8.45474882963886,2.907705079549654,2.869289900064971,8.466176125930636,2.909669418667804,2.8697880061663676,2.907705079549654,2.907705079549654,2.9483142577909947,1.0,1.8110166850173839,3.2003415628292537,36.0628198498488
2.9299999999999815,-1.5007251123032868,1.5007251123032868,6.006602792288636,2.45083716152025,2.4508099796914102,8.471933120410668,2.9106585372404417,2.869290253735835,8.483362200357295,2.912621190672981,2.869788060300728,2.9106585372404417,2.9106585372404417,2.947308720374924,1.0,1.8083255122657398,3.197689695525632,36.06282053644401
2.9399999999999813,-1.5061076162070088,1.5061076162070088,6.0097783371584255,2.451484924929873,2.4493019579550475,8.488748419509436,2.9135456782946507,2.8692906794376247,8.500177852480844,2.915506448711929,2.8697881175054842,2.9135445787289527,2.913545128511646,2.9462725314387055,0.999999244839073,1.805570779790151,3.194975138543483,36.06282126183113
2.949999999999981,-1.5114401488055924,1.5114401488055924,6.012712735197925,2.4520833458913924,2.447832920651793,8.505191658618005,2.916366173617093,2.8692911756484145,8.516620041094297,2.918324869012067,2.869788177732601,2.9163557230462374,2.9163609483175996,2.9452045938834845,0.9999928246883069,1.8027514589267783,3.192192646965819,36.06282202541283
2.959999999999981,-1.5167238193615595,1.5167238193615595,6.0154050198649385,2.4526322634803894,2.4464030599870523,8.521259881814292,2.9191197100862945,2.8692917407142002,8.532685839936459,2.921076144152435,2.8697882409324755,2.919086796220274,2.9191032530137706,2.944103824167695,0.999977407580013,1.7998665509317748,3.189317677924043,36.062822826572265
2.9699999999999807,-1.5219597026856049,1.5219597026856049,6.01785428670015,2.4531315265798836,2.4450125495123105,8.536950245081888,2.9218059903220626,2.869292372845695,8.548372437270062,2.9237599828423098,2.869788307053945,2.921734965976807,2.9217704774998206,2.9429691520976595,0.9999512614133136,1.7969150865434351,3.186348576060601,36.06282366467314
2.9799999999999804,-1.5271488386513716,1.5271488386513716,6.02005969257247,2.4535809936850406,2.443661544166784,8.552260015817525,2.924424732458937,2.869293070115114,8.563677135457134,2.9263761097058483,2.8697883760442755,2.9242983373216282,2.924361532833056,2.941799520644654,0.9999132884129152,1.7939047363064453,3.183283692518313,36.062824539059605
2.9899999999999802,-1.5322922317195393,1.5322922317195393,6.022020454929945,2.4539805327120963,2.4423501803299623,8.567186572336015,2.9269756699255316,2.8692938304529725,8.578597350532124,2.92892426507278,2.869788447849163,2.9267755278109946,2.9268755937102884,2.940593885788472,0.9998627327713013,1.790842751918039,3.1801213844308673,36.06282544905628
2.99999999999998,-1.5373908504753337,1.5373908504753337,6.023735851056757,2.4543300208115366,2.4410785758848816,8.581727403373277,2.929458551229779,2.8692946516448865,8.59313061177342,2.9314042047751485,2.8697885224127355,2.9291657822626034,2.929312155709682,2.93935121638759,0.9997992598731545,1.7877122835969337,3.1768600144063184,36.06282639396821
3.00999999999998,-1.542445627181293,1.542445627181293,6.025205217336859,2.4546293441855656,2.439846830291984,8.59588010758797,2.9318731397500764,2.869295531328389,8.6072745612737,2.9338156999501006,2.8697885996775514,2.9314683839247304,2.931670740743917,2.938070494076038,0.9997225504905793,1.7845125023272193,3.1734979500003178,36.06282737308098
3.0199999999999796,-1.547457457338817,1.547457457338817,6.026427948524733,2.4548783979099116,2.4386550246733996,8.60964239306228,2.9342192135323293,2.8692964669897543,8.621026953509567,2.9361585368487115,2.869788679584604,2.9336832367594927,2.933951188160216,2.9367507131871275,0.9996327024172996,1.7812426074368704,3.170033563183955,36.06282838566064
3.0299999999999794,-1.5524271992596945,1.5524271992596945,6.027403497023742,2.455077085759985,2.4375032219074786,8.623012076802263,2.9364965650928765,2.8692974559608415,8.634385654910945,2.9384325166508325,2.8697887620733233,2.935809948209434,2.9361531959562126,2.9353908807041806,0.9995295976941545,1.7779018263136248,3.1664652298036065,36.06282943095383
3.039999999999979,-1.5573556736446903,1.5573556736446903,6.028131372172524,2.4552253200414262,2.4363914667333986,8.63598708423819,2.9387050012272735,2.86929849541596,8.647348643430508,2.9406374552859296,2.8697888470815855,2.9378488386953263,2.9382768255947904,2.933990016238445,0.9994135994434353,1.7745077902928315,3.1628240013094335,36.06283050818786
3.049999999999979,-1.5622436631720296,1.5622436631720296,6.028611139539854,2.4553230214250537,2.4353197858656643,8.648565448725273,2.9408443428249096,2.8692995823687513,8.65991400811356,2.9427731832598925,2.869788934545716,2.9397999938191375,2.9403220279178535,2.9325471520344117,0.999284897637587,1.7710517403108026,3.159119193525962,36.06283161657074
3.0599999999999787,-1.5670919120888391,1.5670919120888391,6.028842420228362,2.4553701187862416,2.434288188118318,8.66074531104513,2.9429144246894317,2.869300713669103,8.672079948668586,2.9448395454877647,2.8697890244005015,2.9416640511983205,2.942289036686714,2.931061333002706,0.9991440528518286,1.7675235794506718,3.1553086415087432,36.062832755291375
3.0699999999999785,-1.571901125804621,1.571901125804621,6.028824890187527,2.4553665490487417,2.4332966645386436,8.672524918908234,2.9449150953649297,2.869301886000087,8.683844775038766,2.946836401132368,2.8697891165791978,2.9434405232474985,2.944177529413514,2.9295316167808285,0.9989908364809257,1.7639226747787888,3.1513908024487325,36.062833923519655
3.0799999999999783,-1.5766719704982093,1.5766719704982093,6.028558279536227,2.4553122570329475,2.432345188550202,8.683902626457698,2.946846216967845,2.869303095874933,8.695206906974647,2.9487636234487575,2.869789211013546,2.945130686167811,2.94598807273721,2.9279570738219514,0.9988262288899418,1.7602484209916052,3.1473641350933583,36.062835120406625
3.089999999999978,-1.5814050727113405,1.5814050727113405,6.028042371895295,2.455207195308635,2.4314337161049435,8.694876893774559,2.9487076650245543,2.869304339634039,8.706164873608168,2.9506210996344766,2.8697893076337855,2.946734930728899,2.9477207969483863,2.9263367875120263,0.9986505873209356,1.7565182649380229,3.1432270991541564,36.06283634508469
3.099999999999978,-1.5861010189588285,1.5861010189588285,6.027277003730288,2.4550513240521648,2.4305621858442263,8.705446286384834,2.9504993283145877,2.869305613442016,8.716717313028166,2.952408730685534,2.869789406368665,2.9482538399397615,2.94937593511532,2.9246698543154714,0.9984643913239597,1.752727122950544,3.138978154690501,36.06283759666779
3.1099999999999777,-1.5907603553269705,1.5907603553269705,6.026262063704846,2.4548446109081623,2.429730519268508,8.715609474768481,2.9522211087194132,2.869306913284781,8.726862971857477,2.954126431258059,2.8697895071454704,2.949688342718167,2.950953900032124,2.922955383949693,0.9982683494847394,1.7488620144285385,3.1346157614956467,36.06283887425167
3.1199999999999775,-1.595383587075496,1.595383587075496,6.024997492044907,2.4545870308556808,2.4289386209154795,8.725365233870422,2.953872921076738,2.8693082349666943,8.736600704831769,2.955774129535572,2.869789609890038,2.9510383170456116,2.9524545848520445,2.92119249958871,0.9980624319601972,1.7449224758796615,3.130191888911746,36.0628401769141
3.1299999999999772,-1.5999711782366814,1.5999711782366814,6.0234832799140285,2.454278566078844,2.428186378546435,8.734712442613798,2.955454693040277,2.869309574107746,8.74592947438009,2.9573517671017915,2.8697897145267777,2.9523051520085453,2.953878645736029,2.9193803380961523,0.997847644974403,1.7409080713616607,3.1256949111324546,36.06284150371523
3.139999999999977,-1.6045235512113776,1.6045235512113776,6.021719468800077,2.4539192058419683,2.4274736633406375,8.743650083415476,2.9569663649449036,2.869310926140799,8.7548483502072,2.9588592988189215,2.869789820978703,2.95348945651435,2.955226354711601,2.9175180502879146,0.9976244446763289,1.7368514997909352,3.1210833830839557,36.06284285369783
3.149999999999977,-1.6090410863574682,1.6090410863574682,6.019706149913541,2.4535089463691673,2.4268003300974414,8.75217724170396,2.958407889677142,2.8693122863088867,8.763356508877742,2.9602966927113474,2.8697899291674505,2.9545927288947853,2.9564984357634336,2.9156048012247253,0.9973938931752079,1.7327208338972873,3.1163558279597017,36.06284422588766
3.1599999999999766,-1.6135241215817957,1.6135241215817957,6.017443463597633,2.4530477907284305,2.4261662174459526,8.760293105439724,2.959779232550922,2.8693136496625757,8.771453233402111,2.961663929854654,2.8697900390133153,2.9556137214180502,2.957694243507454,2.913639770534897,0.9971551388022816,1.728515312865259,3.1115107657574343,36.06284561929387
3.1699999999999764,-1.6179729519070698,1.6179729519070698,6.014931598750461,2.4525357487201815,2.4255711480619624,8.767996964637994,2.9610803711885287,2.8693150110573913,8.779137912824124,2.962961004269905,2.869790150435277,2.9565550224444817,2.9588150607103603,2.911622152767545,0.9969099800736487,1.7242346453972088,3.1065467126063018,36.06284703290936
3.179999999999976,-1.6223878290557985,1.6223878290557985,6.012170792259409,2.4519728367703033,2.4250149288919296,8.775288210894033,2.962311295406685,2.8693163651513136,8.786410041810322,2.9641879228230996,2.8697902633510406,2.9574171997828502,2.9598611642600385,2.909551157776507,0.996658804655786,1.719905677351274,3.1014621800612887,36.06284846571123
3.189999999999976,-1.6267689610045784,1.6267689610045784,6.009161328447895,2.451359077827623,2.424497351383763,8.782166336910874,2.963472007107689,2.869317706402349,8.793269220240893,2.9653447051297244,2.8697903776770635,2.95820092405477,2.96083288876942,2.9074260111352213,0.9964020619236122,1.7155109322014137,3.096364661927159,36.06284991666125
3.1999999999999758,-1.6311165115427813,1.6311165115427813,6.0059035385347395,2.4506945012658634,2.424018191724141,8.788630936029552,2.9645625201755403,2.869319029066176,8.799715152802065,2.9664313834643243,2.869790493328604,2.958906975064678,2.961730629777236,2.9052459545828175,0.9961402675549458,1.7110415804233066,3.0911513932441586,36.06285138470633
3.2099999999999755,-1.6354305998116252,1.6354305998116252,6.002397800106219,2.4499791427900397,2.423577211082137,8.794681701761709,2.96558286037698,2.869320327193876,8.805747648579914,2.9674480026750114,2.8697906102197543,2.959536248427024,2.9625548470859777,2.9030102465016316,0.9958740083315355,1.706497477611597,3.085817035037438,36.06285286877906
3.2199999999999753,-1.6397112998413705,1.6397112998413705,5.998644536601005,2.4492130443473075,2.423174155858885,8.800318427324642,2.9665330652673743,2.8693215946297475,8.811366620655376,2.968394620102822,2.869790728263492,2.960089762446171,2.963306068234577,2.9007181624263683,0.9956039471476786,1.7019098845281497,3.0803601414814548,36.062854367798266
3.229999999999975,-1.643958640067086,1.643958640067086,5.994644216808092,2.448396254042244,2.4228087579430317,8.805541005178615,2.967413184101367,2.8693228250092147,8.816572085700448,2.9692713055058557,2.869790847371717,2.960568665242959,2.9639848921023693,2.898368995585121,0.9953308282267989,1.697255463678686,3.074779258736879,36.062855880669574
3.239999999999975,-1.6481726028413106,1.6481726028413106,5.990397354377825,2.4475288260565646,2.4224807349717308,8.810349426566475,2.9682232777482347,2.869324011756825,8.821364163575247,2.970078140988086,2.8697909674553115,2.9609730868001467,2.964591412792739,2.895962057472406,0.9950546798396185,1.6925273714719928,3.0690974402083837,36.06285740628607
3.2499999999999747,-1.6523531239231413,1.6523531239231413,5.98590450734618,2.4466108205732637,2.422189790596904,8.814743781055416,2.968963418611859,2.8693251480843514,8.825743076925926,2.970815220932787,2.8697910884241815,2.96130291163859,2.965125606934339,2.8934966784544143,0.994775350083908,1.687730632122324,3.0633942201674342,36.062858943528894
3.2599999999999745,-1.6565000919635982,1.6565000919635982,5.981166277672341,2.445642303705172,2.421935614756528,8.818724256080829,2.969633690555256,2.869326226988993,8.829709150783168,2.97148265194047,2.869791210187315,2.961561384954561,2.965589144182196,2.8909722084066005,0.9944950140026635,1.6828960960949053,3.0575666696718504,36.062860491267976
3.2699999999999743,-1.6606133479693757,1.6606133479693757,5.976183310789713,2.444623347427925,2.42171788395068,8.822291136492169,2.9702341888295893,2.8693272412516904,8.833262812161106,2.9720805527712577,2.8697913326528393,2.9617490970386955,2.96598236787448,2.888388017383732,0.9942139944693177,1.6779893920588065,3.0516133591712125,36.062862048362724
3.279999999999974,-1.6646926847510106,1.6646926847510106,5.970956295170425,2.443554029517339,2.421536261522084,8.825444804100695,2.9707650200075895,2.869328183435542,8.836404589656457,2.9726090542916097,2.869791455728078,2.961863734922708,2.966304168799929,2.8857434963225193,0.9939305863459886,1.6730106437889856,3.0455328473467755,36.06286361366277
3.289999999999974,-1.6687378463588511,1.6687378463588511,5.965485961903398,2.4424344334911834,2.4213903979409035,8.82818573722902,2.971226301921316,2.86932904588435,8.839135113047698,2.973068299425309,2.8697915793196156,2.961911196182503,2.9665575675620954,2.8830380577768824,0.9936487847333055,1.6679869394760034,3.0393250519625337,36.06286518600877
3.2999999999999736,-1.6727485274982663,1.6727485274982663,5.959773084286067,2.441264648555348,2.421279931093516,8.830514510262333,2.971618163604189,2.869329820721277,8.841455112894067,2.9734584431086417,2.869791703333357,2.961886879189772,2.9667403165192434,2.880271136685909,0.9933652774618486,1.6629083505459141,3.0331295961912224,36.06286676423321
3.3099999999999734,-1.6767243729319354,1.6767243729319354,5.953818477429785,2.4400447695544,2.4212044865750104,8.832431793201179,2.9719407452372226,2.8693304998476363,8.84336542013414,2.9737796522496653,2.8697918276745993,2.9617971629844133,2.966855690989415,2.877442191174538,0.9930843787728713,1.657759761522114,3.026806762480931,36.06286834716121
3.319999999999973,-1.6806649768583064,1.6806649768583064,5.947622997878985,2.4387748969265255,2.4211636779851657,8.83393835121575,2.972194198099402,2.869331074941805,8.844866965683835,2.974032105691503,2.8697919522480975,2.9616372197874856,2.9669013401336706,2.874550703386933,0.9928026025106353,1.6525551848565347,3.020355114296331,36.06286993361149
3.329999999999973,-1.6845698822778874,1.6845698822778874,5.941187543244147,2.437455136662857,2.4211571072276232,8.835035044201465,2.972378684522123,2.8693315374582777,8.845960780033586,2.974215994179573,2.869792076958137,2.961414069188117,2.966880874151898,2.8715961803525354,0.9925246945988095,1.6473127754621701,3.01377319943143,36.06287152239715
3.3399999999999728,-1.6884385803363777,1.6884385803363777,5.934513051848578,2.4360856002711766,2.4211843648120306,8.835722826335822,2.9724943778476387,2.869331878626859,8.84664799284447,2.9743315203326732,2.8697922017086115,2.9611220214066103,2.966791519104301,2.8685781548847107,0.9922465517413466,1.6420028222711947,3.0071016651220734,36.062873112326756
3.3499999999999726,-1.6922705096500452,1.6922705096500452,5.927600502389089,2.434666404744003,2.421245030158877,8.836002745636389,2.9725414623914648,2.8693320894519947,8.846929832543129,2.974378898617849,2.869792326403091,2.9607668947901544,2.966636293567938,2.8654961865118866,0.9919720712138391,1.6366317497597465,3.000412670259359,36.06287470220516
3.3599999999999723,-1.696065055608495,1.696065055608495,5.92045091361057,2.4331976725310605,2.4213386719067858,8.83587594351979,2.972520133408652,2.8693321607122577,8.846807625915158,2.9743583553289534,2.869792450944911,2.9603494607248093,2.966415684340118,2.8623498624410524,0.9917016299962114,1.63123488827385,2.993593291636618,36.062876290834595
3.369999999999972,-1.6998215496675828,1.6998215496675828,5.913065343994493,2.4316795315161275,2.421464848221994,8.83534365436166,2.972430597063901,2.8693320829599838,8.846282797696903,2.9742701285688398,2.869792575237245,2.9598653729191056,2.966127608142132,2.85913879855344,0.9914320360655843,1.6257733371731027,2.9866420624508137,36.06287787701568
3.379999999999972,-1.703539268606131,1.703539268606131,5.90544489146138,2.430112114998273,2.421623107109788,8.834407205057365,2.9722730704054374,2.8693318465210647,8.845356870165302,2.9741144682350917,2.8697926991831935,2.9593208363118975,2.965775296678526,2.8558626404321874,0.9911674353684065,1.62025119573003,2.9795574963997753,36.06287945954844
3.3899999999999717,-1.7072174337770718,1.7072174337770718,5.897590693087249,2.428495561677486,2.42181298672764,8.833068014583528,2.9720477813426096,2.869331441494907,8.84403146272573,2.9738916360092427,2.8697928226858664,2.9587163556954175,2.965359119447816,2.852521064421739,0.9909079982736536,1.614710498327997,2.9724860248138905,36.062881037233424
3.3999999999999715,-1.7108552103267822,1.7108552103267822,5.889503924834054,2.4268300156447,2.4220340156997953,8.831327593560175,2.971754968627154,2.869330857754551,8.842308291497492,2.9736019053493847,2.8697929456484736,2.9580502197430185,2.9648783353557175,2.849113778718703,0.9906523444491366,1.6091083433448437,2.965302214549699,36.0628826088728
3.4099999999999713,-1.7144517064029432,1.7144517064029432,5.881185801294155,2.425115626376226,2.4222857134330806,8.829187543813472,2.971394881838069,2.86933008494697,8.84018916889692,2.973245561486121,2.8697930679744097,2.957322947714074,2.9643333314152196,2.8456405244938625,0.9904006406204777,1.6034515625977361,2.9579849126347506,36.06288417327146
3.419999999999971,-1.7180059723330259,1.7180059723330259,5.872637575448828,2.423352548732608,2.422567590433676,8.826649557939005,2.9709677813700717,2.8693291124935336,8.837676003217789,2.972822901421776,2.869793189567351,2.9565377477266037,2.9637258547095806,2.842101077044979,0.9901549197723232,1.5977788149678225,2.9505326004571466,36.06288572923823
3.429999999999971,-1.7215169997864552,1.7215169997864552,5.863860538440823,2.421540942961903,2.422879148624643,8.823715418865469,2.970473938425562,2.8693279295906633,8.83477079820895,2.972334233932811,2.869793310331346,2.9556952249388035,2.9630563471594553,2.838495246980007,0.9899153948717805,1.592048194240985,2.9430809901463277,36.06288727558701
3.4399999999999706,-1.7249837209172942,1.7249837209172942,5.854856019361012,2.419680974707412,2.4232198816639325,8.820386999418865,2.969913635010093,2.8693265252106652,8.83147565264899,2.9717798795753683,2.869793430170909,2.954796008366547,2.9623252681247663,2.8348228814303127,0.9896822889048956,1.5862741212531406,2.93553552682564,36.06288881113794
3.4499999999999704,-1.7284050074804398,1.7284050074804398,5.84562538504914,2.417772815019877,2.4235892752626866,8.81666626188703,2.9692871639312743,2.8693248881027515,8.827792759917768,2.971160170693894,2.8697935489911193,2.953840751149265,2.9615330945363794,2.8310838652934325,0.9894558351191383,1.5804821798981388,2.9278548021208732,36.06289033471869
3.45999999999997,-1.7317796699328807,1.7317796699328807,5.836170039908683,2.4158166403741577,2.423986807503581,8.81255525758455,2.9685948288010864,2.869323006794263,8.823724407564711,2.970475451432769,2.869793666697719,2.95282965641303,2.9606800818576815,2.8272781225048904,0.9892359463086082,1.5746362723387846,2.9200372530050207,36.06289184516565
3.46999999999997,-1.7351064565120404,1.7351064565120404,5.826491425735894,2.4138126326904277,2.4244119491589844,8.808056126418084,2.9678369440415833,2.8693208695920767,8.819272976873757,2.9697260777509022,2.8697937831972102,2.9517624544402747,2.9597662523759296,2.8234056173385653,0.9890221986532363,1.5687630517277513,2.9122487869131306,36.06289334132521
3.47999999999997,-1.7383840522951994,1.7383840522951994,5.8165910215630054,2.411760979359896,2.4248641640087296,8.803171096452036,2.9670138348939386,2.8693184645842287,8.814440942424774,2.968912417439217,2.869793898396959,2.9506417512170025,2.9587930837392253,2.8194663557350643,0.9888161682741148,1.5628657278109042,2.9043436071712967,36.06289482205501
3.4899999999999696,-1.7416110782363186,1.7416110782363186,5.80647034351567,2.4096618732751014,2.4253429091572705,8.797902483474667,2.9661258374308175,2.869315779641734,8.80923087165148,2.968034850140995,2.8697940122052925,2.949468309057502,2.9577611296702426,2.815460386657537,0.988618139009894,1.5569186332820057,2.896301215435594,36.062896286225204
3.4999999999999694,-1.7447860901895218,1.7447860901895218,5.796130944684673,2.4075155128648027,2.42584763535001,8.792252690564665,2.965173298572052,2.8693128024206196,8.803645424395643,2.967093767375012,2.8697941245316057,2.948242915984092,2.9566709622590324,2.811387803474333,0.9884284064294696,1.5509650578521812,2.8881623354775665,36.062897732719804
3.509999999999969,-1.7479075779069264,1.7479075779069264,5.785574415011962,2.4053221021335087,2.426377787288603,8.786224207658217,2.9641565761036,2.8693095203641725,8.797687352457652,2.966089572561431,2.869794235286462,2.9469663859949464,2.9555231720998427,2.80724874536791,0.9882472780876611,1.5449769874996007,2.880036058646176,36.06289916043793
3.519999999999969,-1.75097396402755,1.75097396402755,5.774802381191039,2.403081850705681,2.4269328039450206,8.779819611116713,2.9630760386997688,2.869305920705405,8.791359499143296,2.965022681050399,2.8697943443817,2.9456395593297158,2.95431836842727,2.8030433987693453,0.988075073781507,1.5389507712504475,2.8717720561470736,36.0629005682952
3.5299999999999687,-1.7539836030364266,1.7539836030364266,5.763816506581806,2.400794973874655,2.427512118874177,8.773041563295136,2.9619320659487003,2.8693019904697428,8.784664798806812,2.9638935201533156,2.869794451730535,2.9442633027322107,2.953057179251267,2.798771998817846,0.9879121258067857,1.5329289333135383,2.8633686827038316,36.06290195522492
3.5399999999999685,-1.7569347802242654,1.7569347802242654,5.752618491139925,2.398461692656342,2.4281151605249374,8.765892812111261,2.960725048381099,2.8692977164779396,8.777606276390177,2.9627025291767275,2.869794557247666,2.94283850970935,2.9517402514905173,2.7944348308445828,0.9877587792143314,1.5268654389959837,2.8549669122805037,36.06290332017956
3.5499999999999683,-1.7598257106175021,1.7598257106175021,5.741210071360781,2.396082233847741,2.4287413525492876,8.758376190615843,2.959455387502208,2.869293085349218,8.770187046958638,2.9614501594588143,2.869794660849379,2.9413661007855394,2.9503682511036375,2.790032231880239,0.98761539206568,1.5207912738176272,2.8464839191376097,36.06290466213192
3.559999999999968,-1.7626545379042284,1.7626545379042284,5.729593020238116,2.393656830090336,2.4293901141095264,8.750494616563893,2.958123495827024,2.8692880835046504,8.762410315232565,2.9601368744084393,2.8697947624536515,2.9398459900118614,2.9489413413495877,2.7855645921856103,0.9874816123534187,1.5147050963639197,2.8378608900400226,36.062905980076586
3.569999999999968,-1.765419333339626,1.765419333339626,5.717769147237509,2.3911857199384388,2.4300608601832474,8.742251091987287,2.956729796918766,2.8692826971707692,8.754279375115651,2.958763149546724,2.8697948619802625,2.9382783364713356,2.947459814405286,2.781032356804651,0.9873572525543093,1.5085820443683187,2.82916844046572,36.062907273031165
3.5799999999999677,-1.7681180946481052,1.7681180946481052,5.705740298284728,2.3886691479325317,2.4307530018659738,8.733648702768855,2.955274725430591,2.869276912383422,8.745797609219606,2.9573294725511405,2.8697949593508874,2.9366654497608256,2.94592505358951,2.7764360271393556,0.9872436244351243,1.5024795094694998,2.820468521586495,36.06290854003763
3.5899999999999674,-1.7707487449102504,1.7707487449102504,5.693508355769167,2.386107364677702,2.4314659466712625,8.724690618218201,2.9537587271505776,2.8692707149918704,8.73696848838537,2.955836343302073,2.8697950544892104,2.935008348484687,2.944337795976184,2.771776162545904,0.9871411311760941,1.4963451115941853,2.811627801109076,36.06290978016364
3.5999999999999672,-1.7733091314448135,1.7733091314448135,5.681075238562471,2.383500626927224,2.432199098828104,8.715380090649523,2.9521822590499935,2.8692640906631306,8.727795571201048,2.954284273931852,2.8697951473210233,2.933308079198029,2.9426987981775667,2.767053381951515,0.9870501899661875,1.4902055775247625,2.8026704733493033,36.062910992503795
3.609999999999967,-1.7757970246836123,1.7757970246836123,5.668442902052499,2.3808491976713895,2.4329518595754784,8.705720454961666,2.950545789334859,2.8692570248865716,8.718282503516706,2.952673788876229,2.8697952377743268,2.931565716615154,2.9410088364523648,2.762268365491548,0.9869712322404166,1.4840674152965208,2.7937552553929628,36.06291217618095
3.619999999999967,-1.7782101170425317,1.7782101170425317,5.655613338192843,2.3781533462316604,2.4337236274538827,8.695715128220712,2.9488497975008343,2.869249502978758,8.708433017956207,2.9510054249282915,2.8697953257794326,2.929782363806495,2.939268706807496,2.7574218561663697,0.9869047039121235,1.4779012171491064,2.7846984070385994,36.062913330347506
3.6299999999999666,-1.780546021791944,1.780546021791944,5.642588575568044,2.3754133483602478,2.434513798593716,8.685367609245453,2.9470947743914606,2.8692415100885538,8.698250933426271,2.9492797312947903,2.869795411269064,2.9279555996121123,2.937477430660366,2.752514661517667,0.9868485726849123,1.4717657419798684,2.775500686701137,36.06291445418661
3.6399999999999664,-1.7828022719290986,1.7828022719290986,5.629370679474735,2.3726294863452098,2.4353217670003415,8.674681478196062,2.9452812222597795,2.869233031202481,8.68774015462307,2.9474972696548964,2.869795494178454,2.92608723352494,2.9356361715050916,2.747547655323884,0.9868037650727612,1.4656072803313915,2.7663715366675303,36.06291554691342
3.649999999999966,-1.7849763190439076,1.7849763190439076,5.615961752018936,2.3698020491211786,2.4361469248357164,8.663660396166327,2.9434096548333746,2.86922405115034,8.676904671536514,2.9456586142213617,2.8697955744454373,2.924180737565227,2.9337469381624985,2.7425217793145906,0.9867723713524631,1.4594566772365656,2.757099918520529,36.06291660777634
3.659999999999966,-1.787065532213317,1.787065532213317,5.602363932229709,2.366931332385819,2.436988662696436,8.652308104779856,2.941480597382865,2.8692145546110894,8.665748558952625,2.943764351804102,2.8697956520105468,2.9222373159376027,2.931810599527932,2.7374380449037172,0.986754886396857,1.4533134945782775,2.7476851378626312,36.0629176360581
3.6699999999999657,-1.7890671968741962,1.7890671968741962,5.588579396189461,2.3640176387221525,2.437846369888077,8.64062842579063,2.939494586793898,2.869204526118998,8.654275975954182,2.9418150818761846,2.8697957268171073,2.920254818578952,2.929826335651829,2.7322975349416585,0.9867494421508543,1.4471565506190986,2.7383434029647855,36.062918631077075
3.6799999999999655,-1.7909785137404732,1.7909785137404732,5.574610357181124,2.3610612777268454,2.4387194346957113,8.628625260688402,2.937452171642698,2.869193950070053,8.642491165420097,2.939811416642247,2.8697957988113236,2.9182327878301004,2.9277941869320245,2.7271014054864438,0.9867553489891594,1.4410361099102293,2.72885842454469,36.06291959218827
3.6899999999999653,-1.7927965977091262,1.7927965977091262,5.56045906585255,2.35806256614462,2.4396072446504733,8.616302590309308,2.9353539122751977,2.869182810728645,8.630398453523807,2.937753981109345,2.8697958679423676,2.9161769542428946,2.925717325087624,2.72185088759429,0.986776264924919,1.4349006182508603,2.719249042926519,36.06292051878449
3.699999999999965,-1.79451847680737,1.79451847680737,5.546127810398366,2.355021828008897,2.4405091867920734,8.603664474452241,2.9332003808898297,2.8691710922345197,8.6180022492311,2.9356434131602396,2.869795934162462,2.9140873847836755,2.9235960665866756,2.7165472891300406,0.9868118629659022,1.4287910453163906,2.7096963496487296,36.062921410297385
3.709999999999965,-1.7961410911451623,1.7961410911451623,5.531618916759651,2.3519393947888307,2.4414246479271458,8.590715051501473,2.9309921616240247,2.8691587786099984,8.60530704379776,2.9334803636291413,2.8697959974269605,2.9119579312712114,2.921427594369317,2.711191996598191,0.9868574296348741,1.4226895736222354,2.6999997877975086,36.062922266198434
3.7199999999999647,-1.7976612919125472,1.7976612919125472,5.516934748841717,2.3488156055428693,2.4423530148833494,8.577458538056003,2.928729850644474,2.8691458537674768,8.59231741026747,2.9312654963799285,2.869796057694432,2.909797984126059,2.919216945359984,2.7057864769954065,0.9869191853910777,1.4165938484833331,2.690217779665052,36.06292308600003
3.7299999999999645,-1.7990758403971334,1.7990758403971334,5.502077708750425,2.345650807079013,2.4432936747590897,8.563899228566235,2.9264140562412275,2.869132301517189,8.579038002970476,2.928999488386858,2.8697961149267237,2.907605222929943,2.9169632471239693,2.7003322796856866,0.9869951024350744,1.4105335989218826,2.6804563880100525,36.06292386925626
3.7399999999999642,-1.8003814070451134,1.8003814070451134,5.487050237047279,2.3424453541219012,2.444246015168824,8.550041494978464,2.924045398925684,2.869118105575251,8.565473557023399,2.926683029817783,2.869796169089044,2.9053769447925184,2.914665440106781,2.6948310382995797,0.9870828688859297,1.404467359190346,2.670550757274685,36.062924615563944
3.749999999999964,-1.8015745705633923,1.8015745705633923,5.4718548130237865,2.339199609486926,2.445209424483824,8.535889786387788,2.921624511532546,2.8691032495719813,8.55162888783077,2.9243168241199125,2.869796220150021,2.9031216634280397,2.912328134797431,2.689284472659151,0.987188080853015,1.398447685931972,2.660618091540429,36.06292532456339
3.759999999999964,-1.8026518170670807,1.8026518170670807,5.456493954995388,2.335913944261515,2.446183292068342,8.521448628700043,2.919152039325811,2.869087717060485,8.537508890588734,2.9219015881081165,2.869796268081773,2.90082992793064,2.9099468759141627,2.6836943907307056,0.9873036522065617,1.3924335837898163,2.650651298142246,36.06292599593922
3.7699999999999636,-1.8036095392874167,1.8036095392874167,5.440970220615388,2.3325887379937744,2.447167008511105,8.506722624303293,2.916628640108866,2.869071491525525,8.523118539791556,2.919438052055833,2.8697963128599584,2.8985118868891533,2.9075271106394456,2.6780626906076255,0.9874363223832806,1.3864463830949176,2.6405402687960255,36.06292662942109
3.7799999999999634,-1.8044440358322424,1.8044440358322424,5.425286207209272,2.3292243788886617,2.448159965852071,8.491716451749559,2.9140549843387578,2.869054556392659,8.508462888741317,2.9169269597885576,2.8697963544638387,2.896161556102343,2.9050661465133265,2.672391362526053,0.9875814352081056,1.380491261415306,2.630479457883325,36.062927224784424
3.789999999999963,-1.805151510513413,1.805151510513413,5.409444552129836,2.3258212640118834,2.4491615578043837,8.476434865447304,2.911431755244712,2.869036895037654,8.493547069061517,2.914369068779985,2.8697963928763266,2.8937843108925527,2.902567031988553,2.6666824909165303,0.9877423498307784,1.3745437806376066,2.6203120391265493,36.062927781850995
3.799999999999963,-1.8057280717553,1.8057280717553,5.393447933133505,2.322379799501689,2.4501711799714836,8.460882695365404,2.908759648950976,2.869018490796175,8.478376290215046,2.911765150250797,2.869796428084026,2.891376633570312,2.900028332499264,2.6609382564952,0.9879161342842996,1.3686543054894056,2.6100555001453762,36.062928300489475
3.8099999999999627,-1.806169732072732,1.806169732072732,5.377299068778295,2.318900400788765,2.4511882300593104,8.445064846749103,2.9060393746040507,2.8689993269737406,8.462955839027124,2.9091159892701297,2.869796460077279,2.8889438288439564,2.8974530723473113,2.655160938398586,0.9881060881251628,1.3627715987115618,2.599835584345825,36.062928780616
3.8199999999999625,-1.8064724076421617,1.8064724076421617,5.3610007188437905,2.3153834928244157,2.4522121080835744,8.428986299848686,2.903271654504395,2.8689793868559565,8.44729107921382,2.906422384859747,2.869796488850198,2.886480127142957,2.8948386936702426,2.6493529163665572,0.9883076649481166,1.3569361594046294,2.5894742676781064,36.06292922219457
3.8299999999999623,-1.8066319179660377,1.8066319179660377,5.344555684773555,2.3118295103172195,2.4532422165720384,8.412652109661346,2.9004572242426443,2.8689586537190097,8.431387450916638,2.903685150100926,2.8697965144006963,2.8839942799929568,2.8921899716044757,2.643516672978576,0.9885265967758654,1.3511293185621625,2.579132339792141,36.06292962523744
3.839999999999962,-1.8066439856469638,1.8066439856469638,5.32796681014038,2.3082388979783657,2.4542779607618,8.396067405686969,2.8975968328404433,2.86893711084044,8.415250470243855,2.9009051122440828,2.8697965367305125,2.8814771460663935,2.8895026610519534,2.6376547959489876,0.9887559233271987,1.3453497992572911,2.5687259561041,36.062929989805404
3.849999999999962,-1.8065042362617199,1.8065042362617199,5.311236981134717,2.3046121107758495,2.4553187487915387,8.379237391698355,2.894691242895925,2.868914741510166,8.398885728819094,2.898083112821144,2.8697965558452294,2.8789366810336117,2.886781147734709,2.631769980487734,0.9890008024679833,1.339625077136946,2.558224436428881,36.06293031600808
3.8599999999999617,-1.8062081983700256,1.8062081983700256,5.294369127076707,2.3009496141977355,2.456363991888697,8.362167345526435,2.891741230733904,2.8688915290417825,8.382298893337682,2.895220007760668,2.8697965717542897,2.8763729209352733,2.884025828609038,2.625865031733595,0.9892607664941842,1.3339158841199146,2.547779059755605,36.06293060400398
3.8699999999999615,-1.8057513036446198,1.8057513036446198,5.277366220952104,2.297251884524661,2.45741310455161,8.344862618861047,2.8887475865608345,2.868867456784114,8.365495705131398,2.8923166675057206,2.8697965844709996,2.8737793037553434,2.881233781895303,2.6199428672678193,0.9895306473643858,1.3282712130775576,2.5371973848794678,36.062930854000726
3.8799999999999613,-1.805128887146869,1.805128887146869,5.260231279972417,2.293519409111773,2.458465504726542,8.327328637067783,2.885711114624571,2.8688425081330235,8.348481979742024,2.8893739771344977,2.869796594012534,2.8711630804982406,2.878409056179366,2.6140065197168196,0.989815084816189,1.3226538608042442,2.526657689556898,36.06293106625497
3.889999999999961,-1.8043361877501838,1.8043361877501838,5.24296736615955,2.2897526866802775,2.459520613979652,8.30957089902138,2.882632633378971,2.8688166665434776,8.331263606504255,2.8863928364836715,2.8697966003999302,2.868523745296791,2.8755517960939856,2.6080591394535317,0.9901131970220615,1.3170796278819048,2.5160480368657137,36.06293124107236
3.899999999999961,-1.803368348725718,1.803368348725718,5.225577586955203,2.285952227618767,2.4605778576638717,8.291594976956043,2.8795129756533555,2.8687899155418615,8.313846548138386,2.8833741602744496,2.869796603658079,2.86585973718819,2.872661622280906,2.6021039974079367,0.9904233390124023,1.3115599700335088,2.5053871593692603,36.06293137880742
3.9099999999999606,-1.8022204185004382,1.8022204185004382,5.208065095855152,2.2821185542944855,2.4616366650807198,8.273406516333166,2.876352988826852,2.868762238738536,8.296236840353178,2.8803188782412925,2.869796603815705,2.8631689712013,2.8697378996386993,2.5961444879983406,0.9907434787582258,1.3060644870614642,2.494758345974569,36.062931479863295
3.9199999999999604,-1.8008873515965222,1.8008873515965222,5.190433093068638,2.2782522013746935,2.462696469637048,8.255011235726704,2.873153535007606,2.868733619840641,8.278440591459258,2.8772279352632557,2.8697966009053464,2.860454758436699,2.8667827181347945,2.590184132196067,0.9910754195229018,1.300645536904057,2.484001312421738,36.06293154469149
3.92999999999996,-1.799364009769158,1.799364009769158,5.17268482620286,2.274353716158254,2.463756708996749,8.236414926726498,2.8699154912168576,2.8687040426651316,8.260463981993368,2.8741022914978807,2.8697965949633244,2.8577166690062885,2.8637962908861767,2.584226580737467,0.9914182875151396,1.2952570173876488,2.4733562086697822,36.06293157379146
3.93999999999996,-1.7976451633528785,1.7976451633528785,5.154823590972639,2.2704236589175686,2.464816825227443,8.217623453859703,2.8666397495778404,2.8686734911520477,8.242313264353673,2.870942922517561,2.8697965860297088,2.8549542994852315,2.8607788523148505,2.5782756174984054,0.9917712150823095,1.2899215112298614,2.462595348262617,36.062931567710194
3.9499999999999598,-1.7957254928151802,1.7957254928151802,5.1368527319351225,2.266462603250961,2.4658762649421693,8.198642754530498,2.8633272175094655,2.868641949378009,8.223994762446356,2.867750819448293,2.8697965741482685,2.852167272871218,2.8577306582649054,2.5723351630478315,0.9921333402783951,1.2846454581209497,2.451871028764457,36.06293152704158
3.9599999999999596,-1.793599590563608,1.793599590563608,5.118775643249406,2.2624711364455914,2.4669344794361234,8.179478838978,2.859978817924706,2.868609401569931,8.205514871343457,2.864526989110673,2.8697965593664323,2.849355238641585,2.8546519861665574,2.5664092783985017,0.9925038065100256,1.2794021605116808,2.441118244800759,36.06293145242588
3.9699999999999593,-1.7912619629742785,1.7912619629742785,5.100595769460805,2.2584498598509564,2.4679909248184635,8.160137790252396,2.856595489433601,2.8685758321189545,8.186880056952083,2.861272454163022,2.869796541735228,2.8465178729098786,2.851543135247959,2.5605021689746197,0.9928817622619371,1.2742402840111795,2.4303337602674473,36.06293134454898
3.979999999999959,-1.7887070327007324,1.7887070327007324,5.082316606309374,2.254399389262997,2.4690450621392435,8.140625764209018,2.8531781865507484,2.8685412255945844,8.168096855694813,2.8579882532464707,2.869796521309217,2.8436548786833593,2.8484044267955158,2.5546181888178805,0.9932663609032493,1.2691183546797955,2.4196022053591943,36.062931204141535
3.989999999999959,-1.7859291412373681,1.7859291412373681,5.0639417015622525,2.250320355318827,2.470096357511504,8.120948989520098,2.8497278799071495,2.868505566759031,8.149171874201052,2.8546754411318025,2.8697964981464312,2.8407659862228622,2.8452362044633754,2.5487618450553464,0.9936567605759858,1.2640516806414284,2.4087768903611377,36.062931031978174
3.9999999999999587,-1.7829225517789575,1.7829225517789575,5.045474655869122,2.246213403902025,2.471144282228585,8.10111376770376,2.84624555646623,2.8684688405817367,8.13011178900905,2.8513350888678533,2.869796472308294,2.837848080654183,2.842037391690114,2.542937802654667,0.9940500619595467,1.2590563459295256,2.398080924151162,36.06293082887648
4.009999999999959,-1.7796814523762923,1.7796814523762923,5.02691912364012,2.2420791965584357,2.472188312876709,8.081126473169588,2.842732219743813,2.868431032254103,8.11092334627807,2.847968283931208,2.869796443859537,2.834901776597772,2.8388087952408694,2.537150889494378,0.9944460224783528,1.2541023550740615,2.3872828058637885,36.062930595695995
4.019999999999959,-1.7761999594044682,1.7761999594044682,5.008278813945204,2.2379184109223473,2.4732279314428918,8.060993553280165,2.8391888900318283,2.8683921272043817,8.091613361510115,2.844576130376917,2.8697964128681135,2.8319282463589968,2.835551510384707,2.5314061017794995,0.994844786532093,1.249225976602451,2.3765894762645248,36.062930333337015
4.0299999999999585,-1.772472121360771,1.772472121360771,4.989557491433907,2.2337317411528868,2.4742626254182585,8.040721528427493,2.835616604625437,2.8683521111127477,8.072188719280362,2.841159748989902,2.869796379405101,2.8289221504333253,2.832263373052453,2.5257086098352537,0.9952418009423037,1.2444072313837158,2.3658506132715664,36.062930042739424
4.039999999999958,-1.7684919230052365,1.7684919230052365,4.9707589772742695,2.229519898380427,2.4752918878968106,8.020316992123382,2.832016418053289,2.8683109699265255,8.052656372975475,2.8377202774367096,2.8697963435446017,2.8258866075145592,2.8289464747598587,2.5200637643146697,0.9956385718159677,1.239636904905706,2.3551641434454837,36.062929724881386
4.049999999999958,-1.7642532898466479,1.7642532898466479,4.951887150109385,2.2252836111627174,2.476315217669742,7.999786611102388,2.828389402310507,2.8682686898755705,8.033023344538575,2.834258870417199,2.869796305363627,2.8228156249290826,2.825598345038792,2.514477102858927,0.9960300330865062,1.2349584484337408,2.3445016756281856,36.06292938077792
4.059999999999958,-1.7597500930201637,1.7597500930201637,4.932945947029995,2.22102362595043,2.4773321193153555,7.979137125435861,2.8247366470940016,2.868225257487795,8.013296724219533,2.830776699815712,2.8697962649419924,2.819711186033025,2.822220525307986,2.508954357252733,0.9964168363982178,1.230330020998714,2.3338421788615515,36.06292901147954
4.069999999999958,-1.7549761545199647,1.7549761545199647,4.91393936456116,2.216740707561703,2.4783421032846777,7.958375348655428,2.821059260039645,2.8681806596048265,7.9934836703291685,2.8272749548512555,2.8697962223621882,2.816570531751789,2.8188121883685846,2.5035014611207576,0.9967961988866619,1.2257654778966338,2.323274114792677,36.062928618070586
4.079999999999957,-1.7499252528527303,1.7499252528527303,4.894871459660923,2.212435639665236,2.4793446859828467,7.937508167883906,2.8173583669607787,2.8681348833977847,7.9735914089954285,2.8237548422261143,2.869796177709256,2.8133913617867146,2.815372748121931,2.4981245582151947,0.9971656447249826,1.2212858791889827,2.3126615170001914,36.06292820166768
4.089999999999957,-1.744591129086142,1.744591129086142,4.875746350728559,2.2081092252713765,2.4803393898463604,7.916542543971482,2.8136351120874723,2.8680879163831774,7.953627233919753,2.8202175862723347,2.869796131070653,2.81017181662613,2.8119018502428994,2.492830011348976,0.9975229925000678,1.2168615925512336,2.3022065702922947,36.06292776341803
4.099999999999957,-1.738967493328385,1.738967493328385,4.856568218619785,2.203762287230586,2.4813257434162765,7.89548551163474,2.809890658305896,2.8680397464388925,7.933598506131184,2.816664429095377,2.869796082536114,2.806910459499446,2.8083993628372665,2.4876244120340023,0.9978663427070993,1.212511929623108,2.291688178632982,36.06292730449759
4.109999999999957,-1.7330480316327819,1.7330480316327819,4.837341307665988,2.1993956687385716,2.4823032814074586,7.87434417959576,2.8061261873970955,2.867990361820282,7.913512653735933,2.813096630714262,2.8697960321975033,2.8036037904004134,2.8048641314687934,2.4825145908890773,0.9981922822315665,1.2082450425716196,2.281337843105788,36.06292682610928
4.119999999999957,-1.7268264133609899,1.7268264133609899,4.818069926694231,2.1950102338472663,2.4832715447739644,7.853125730718319,2.802342900274397,2.8679397511763254,7.893377171659437,2.8095154691973914,2.869795980148667,2.800250835833713,2.8012962778200747,2.477507628888018,0.9984991974908723,1.2040388934518786,2.2709624508964916,36.06292632948103
4.129999999999956,-1.7202962989890593,1.7202962989890593,4.798758450044569,2.1906068679807813,2.4842300807706694,7.831837422137888,2.7985420172185886,2.8678879035658533,7.87319962137802,2.8059222407932154,2.8697959264852715,2.796848174774312,2.797694708810853,2.4726108695248232,0.9987836824220404,1.1999130819750399,2.2607065091434646,36.062925815863764
4.139999999999956,-1.713451348391271,1.713451348391271,4.77941131858073,2.186186478455287,2.4851784430112462,7.8104865853817795,2.7947247781099627,2.8678348084738343,7.852987630636672,2.8023182600548195,2.869795871304648,2.7933937944378826,2.79405904704512,2.467831931979738,0.9990433234845492,1.1958729942881696,2.2504940450313664,36.06292528652938
4.149999999999956,-1.7062852295861017,1.7062852295861017,4.760033040690063,2.1817499950017334,2.486116191522576,7.789080626475514,2.790892442656204,2.867780455827695,7.832748893149362,2.7987048599574345,2.869795814705617,2.789885926754754,2.790389047807206,2.4631787253777424,0.9992758601328003,1.1918992393921382,2.240350515493548,36.06292474276861
4.159999999999956,-1.6987916279787745,1.6987916279787745,4.74062819326817,2.1772983702901563,2.487042892795724,7.767627026031175,2.7870462906150615,2.867724836013664,7.812491168277857,2.795083392007805,2.8697957567883217,2.7863220903431962,2.7866841195609826,2.458659464239428,0.999478491991289,1.1880062685740687,2.230320938635625,36.06292418588879
4.1699999999999555,-1.6909642560826286,1.6909642560826286,4.721201422683314,2.172832580454213,2.4879581198335905,7.746133339313047,2.783187622010605,2.867667939893141,7.79222228068476,2.7914552263442736,2.8697956976540495,2.7827009308537907,2.782944244382556,2.454282685233494,0.9996492113106779,1.1842073954860977,2.2203067730579598,36.06292361721165
4.179999999999955,-1.6827968637350144,1.6827968637350144,4.701757445715417,2.16835362561447,2.488861452195313,7.724607196275636,2.779317757341833,2.8676097588190586,7.77195011995608,2.7878217518263395,2.8697956374050477,2.7790214890190903,2.779169611296683,2.4500572653503188,0.9997862750892584,1.180480648213624,2.210479853002983,36.06292303807097
4.189999999999955,-1.6742832488083093,1.6742832488083093,4.682301050463918,2.163862530398805,2.4897524760375926,7.70305630156873,2.775438037782276,2.867550284652224,7.751682640188369,2.7841843761123957,2.8697955761443397,2.775283414249105,2.775360722776798,2.4459924416272862,0.9998883619355035,1.176829689403316,2.200637772643694,36.06292244981023
4.199999999999955,-1.6654172684244997,1.6654172684244997,4.662837097218546,2.1593603444581793,2.4906307841530038,7.681488434503742,2.7715498253691457,2.8674895097776423,7.731427859535018,2.7805445257242365,2.869795513975534,2.771488815200125,2.77151931978009,2.442097832568982,0.9999559149089452,1.173286881171908,2.1910058578271188,36.06292185378017
4.209999999999955,-1.6561928506599548,1.6561928506599548,4.643370519286547,2.154848142975868,2.4914959760054396,7.65991144897536,2.767654503180511,2.867427427120787,7.7111938597060785,2.776903646096868,2.8697954510026276,2.767642103284198,2.767648303211501,2.4383834614190056,0.9999910330301716,1.1698222239002525,2.181397632271462,36.0629212513363
4.2199999999999545,-1.6466040067447285,1.6466040067447285,4.6239063237695985,2.1503270271681,2.492347657762809,7.638333273331958,2.7637534754988473,2.867364030163815,7.690988785415439,2.773263201612036,2.8697953873298108,2.7637534602446197,2.7637534678717337,2.434859781455294,0.9999999889606822,1.1664379309525776,2.171932003083247,36.06292064383642
4.229999999999954,-1.6366448437562178,1.6366448437562178,4.604449592283177,2.145798124773898,2.493185442327088,7.616761910188051,2.759848167959254,2.8672993129616997,7.670820843769026,2.7696246756138323,2.8697953230612656,2.759848167959254,2.759848167959254,2.431537703497478,1.0,1.1631514936051646,2.162576360227101,36.06292003263803
4.239999999999954,-1.626309577788379,1.626309577788379,4.5850054816108425,2.141262590531774,2.4940089493618673,7.595205436171511,2.755940027680485,2.8672332701582794,7.650698303587176,2.7659895704046273,2.869795258300956,2.755940027680485,2.755940027680485,2.4284286258332832,1.0,1.1599646133567125,2.153288988305651,36.06291941909569
4.249999999999954,-1.6155925475931796,1.6155925475931796,4.565579224285384,2.1367216066407395,2.4948178053175103,7.573672001598043,2.7520305233768836,2.86716589700219,7.630629494654036,2.762359407219494,2.869795193152428,2.7520305233768836,2.7520305233768836,2.4255444667912993,1.0,1.1568645354482001,2.1442037440012394,36.06291880455846
4.259999999999954,-1.6044882286868656,1.6044882286868656,4.5461761290885185,2.1321763832029745,2.4956116434540485,7.552169830064982,2.7481211454491925,2.8670971893626773,7.610622806886565,2.758735726177222,2.869795127718591,2.7481211454491925,2.7481211454491925,2.422897700210064,1.0,1.153853680281612,2.1351431465609036,36.06291819036709
4.269999999999953,-1.592991247889245,1.592991247889245,4.526801581460401,2.1276281586453023,2.496390103861936,7.530707217956157,2.744213406052116,2.867027143745265,7.59068668941523,2.7551200862059044,2.869795062101515,2.744213406052116,2.744213406052116,2.4205013940783244,1.0,1.1509505691041175,2.1263067546261305,36.06291757785145
4.279999999999953,-1.5810963982931392,1.5810963982931392,4.507461043809824,2.123078200116478,2.4971528334807886,7.509292533849176,2.7403088391364165,2.8669557573072577,7.570829649568343,2.751514064941036,2.8697949964022036,2.7403088391364165,2.7403088391364165,2.418369252648989,1.0,1.1481515138085148,2.1175448746853047,36.06291696832771
4.289999999999953,-1.5687986546387631,1.5687986546387631,4.488160055715684,2.118527803857123,2.4978994861162396,7.487934217816263,2.7364090004632464,2.8668830278730786,7.551060251751494,2.7479192585939445,2.8697949307203903,2.7364090004632464,2.7364090004632464,2.416515662359916,1.0,1.1454486302813063,2.108909332478195,36.06291636309561
4.299999999999953,-1.5560931890494025,1.5560931890494025,4.468904234009944,2.1139782955389927,2.4986297224550285,7.466640780609379,2.732515467588313,2.866808953949394,7.531387116213445,2.7443372817883454,2.869794865154311,2.732515467588313,2.732515467588313,2.4149557419285923,1.0,1.1428445828822833,2.1004613022952947,36.062915763435626
4.3099999999999525,-1.542975387141258,1.542975387141258,4.449699272732078,2.1094310305701103,2.4993432100784516,7.445420802720146,2.7286298398134083,2.8667335347400402,7.511818917689411,2.740769767362704,2.8697947998004927,2.7286298398134083,2.7286298398134083,2.4137053970253515,1.0,1.140345514463388,2.092065446204813,36.062915170606296
4.319999999999952,-1.5294408644145612,1.5294408644145612,4.430550942944571,2.1048873943621236,2.500039623474313,7.424282933304834,2.724753738102736,2.8666567701607035,7.4923643839125775,2.7372183661360627,2.869794734753527,2.724753738102736,2.724753738102736,2.4127813799714675,1.0,1.137968934584512,2.0839117022706306,36.0629145858413
4.329999999999952,-1.5154854829475277,1.5154854829475277,4.41146509239906,2.1003488025561516,2.5007186440474687,7.403235888964442,2.720888804961431,2.866578660853362,7.473032293984375,2.7336847466349106,2.8697946701058563,2.720888804961431,2.720888804961431,2.4122013549546066,1.0,1.135698795111981,2.0758541827267485,36.06291401034673
4.339999999999952,-1.5011053683269338,1.5011053683269338,4.39244764504224,2.0958167012031943,2.501379960129129,7.382288452369771,2.7170367042735677,2.866499208200443,7.453831476593987,2.730170594778646,2.8697946059475496,2.7170367042735677,2.7170367042735677,2.411983969305324,1.0,1.133538059306116,2.0679119470907192,36.062913445298236
4.349999999999952,-1.4862969267531294,1.4862969267531294,4.3735046003507145,2.0912925668951043,2.5020232669850095,7.361449470721188,2.7131991210969364,2.866418414338699,7.434770808077365,2.7266776135211446,2.869794542366086,2.7131991210969364,2.7131991210969364,2.4121489314349644,1.0,1.1314897895860414,2.060204281632941,36.06291289183824
4.3599999999999515,-1.4710568623163978,1.4710568623163978,4.3546420324837465,2.0867779068419683,2.5026482668224763,7.340727854032778,2.709377761411793,2.8663362821727754,7.415859210306007,2.7232075224459127,2.869794479446134,2.709377761411793,2.709377761411793,2.4127170960981066,1.0,1.1295571532221722,2.052574577448472,36.06291235107313
4.369999999999951,-1.4553821943475602,1.4553821943475602,4.335866089242906,2.0822742588916827,2.5032546687967816,7.320132573230491,2.7055743518207906,2.86625281538844,7.397105648395688,2.71976205731231,2.8697944172693335,2.7055743518207906,2.7055743518207906,2.4137105577121893,1.0,1.1277531914797645,2.0451264429791163,36.062911824070476
4.379999999999951,-1.4392702748202704,1.4392702748202704,4.31718299082753,2.0777831914873914,2.503842189016547,7.299672658053892,2.7017906391972515,2.8661680184654745,7.378519128225449,2.7163429695503196,2.8697943559140815,2.7017906391972515,2.7017906391972515,2.4151527525437526,1.0,1.1260765418617085,2.0378659234013563,36.06291131185629
4.389999999999951,-1.4227188057244566,1.4227188057244566,4.298599028375081,2.0733063035584203,2.5044105505485703,7.279357194751321,2.698028390278968,2.866081896690185,7.36010869375714,2.712952025701365,2.869794295455317,2.698028390278968,2.698028390278968,2.4170685706556165,1.0,1.124524601673939,2.030697504593565,36.06291081541224
4.399999999999951,-1.4057258563604713,1.4057258563604713,4.280120562275584,2.06884522434028,2.504959483422106,7.259195323558253,2.6942893912047112,2.8659944561675337,7.341883424146062,2.7095910068026985,2.8697942359643083,2.6942893912047112,2.6942893912047112,2.4194844786028917,1.0,1.1231009818608721,2.0237438145996496,36.06291033567294
4.40999999999995,-1.3882898804739836,1.3882898804739836,4.261754020249507,2.0644016131192853,2.505488724632717,7.239196235949024,2.690575446990666,2.865905703832853,7.323852430633475,2.7062617077129616,2.8697941775084437,2.690575446990666,2.690575446990666,2.422428653968743,1.0,1.121809439451867,2.016960482125181,36.06290987352332
4.41999999999995,-1.3704097331862515,1.3704097331862515,4.243505895178854,2.0599771588973637,2.50599801814582,7.219369171652275,2.6868883809440756,2.865815647463137,7.306024853211953,2.702965936376549,2.8697941201510293,2.6868883809440756,2.6868883809440756,2.4259311329440365,1.0,1.1206538890780868,2.0102823150148916,36.0629094297959
4.42999999999995,-1.3520846875992474,1.3520846875992474,4.225382742681526,2.055573579972638,2.5064871149000205,7.19972341542091,2.683230034011417,2.865724295687872,7.288409857055128,2.699705513024546,2.869794063951083,2.683230034011417,2.683230034011417,2.4300239722788834,1.0,1.1196384160041086,2.0038165108374804,36.062909005268295
4.43999999999995,-1.3333144510648183,1.3333144510648183,4.207391178419473,2.0511926234314206,2.506955772810366,7.180268293547746,2.6796022640585573,2.865631657999405,7.271016628703638,2.69648226931008,2.8697940089631353,2.6796022640585573,2.6796022640585573,2.4347414270693455,1.0,1.1187672908473267,1.9975355500179197,36.06290860066058
4.4499999999999496,-1.314099180975024,1.314099180975024,4.189537875131815,2.046836064547382,2.5074037567716037,7.161013170118636,2.676006945080419,2.865537744762815,7.2538543719997515,2.69329804737607,2.8697939552370437,2.676006945080419,2.676006945080419,2.4401201459894195,1.0,1.1180449862848805,1.9913714887379437,36.062908216632856
4.459999999999949,-1.2944395000269433,1.2944395000269433,4.171829559384609,2.042505706083733,2.5078308386615564,7.141967442995454,2.6724459663378517,2.865442567225275,7.236932303763791,2.690154698853542,2.8697939028177966,2.6724459663378517,2.6724459663378517,2.446199385736937,1.0,1.1174761960177595,1.9853802988525888,36.06290785378281
4.469999999999949,-1.2743365108701978,1.2743365108701978,4.154273008029848,2.0382033774944657,2.5082367973447126,7.123140539522031,2.6689212314195467,2.8653461375248774,7.220259649206118,2.6870540837888095,2.8697938517453343,2.6689212314195467,2.6689212314195467,2.453021246631893,1.0,1.1170662494751467,1.9796214869716766,36.0629075126434
4.479999999999949,-1.253791810062733,1.253791810062733,4.136875044366966,2.0339309340208596,2.5086214186761246,7.104541911946935,2.6654346572270224,2.8652484686989057,7.203845637069318,2.683998069498061,2.8697938020543754,2.6654346572270224,2.6654346572270224,2.4606309314858854,1.0,1.1168215893126947,1.973989730637311,36.06290719368053
4.489999999999949,-1.2328075012120554,1.2328075012120554,4.119642534001188,2.029690255679715,2.5089844955057115,7.086181032557924,2.6619881728809247,2.865149574691533,7.1876994944961154,2.680988529348105,2.8697937537742453,2.6619881728809247,2.6619881728809247,2.4690770300500158,1.0,1.116744674321104,1.968488692114632,36.062906897290915
4.4999999999999485,-1.211386207259828,1.211386207259828,4.102582380394017,2.0254832461400456,2.5093258276830523,7.068067388523836,2.6585837185471206,2.8650494703609266,7.171830441619574,2.678027341462289,2.8697937069287147,2.6585837185471206,2.6585837185471206,2.4784118315425845,1.0,1.1168413082363793,1.963230736494261,36.06290662379994
4.509999999999948,-1.189531081797875,1.189531081797875,4.085701520102357,2.021311831485275,2.509645222062755,7.050210476440834,2.6552232441813315,2.864948171485734,7.156247685873106,2.675116387350858,2.8697936615358484,2.6552232441813315,2.6552232441813315,2.4886916679524798,1.0,1.117117697609243,1.9581433537601753,36.06290637345973
4.519999999999948,-1.1672458193237834,1.1672458193237834,4.069006917703916,2.0171779588583445,2.5099424925104854,7.032619796581027,2.6519087081913337,2.8648456947709295,7.140960416019154,2.6722575504653654,2.8697936176078587,2.6519087081913337,2.6519087081913337,2.499977291001969,1.0,1.1175840762427218,1.9531945245383575,36.062906146447226
4.529999999999948,-1.1445346643669212,1.1445346643669212,4.052505560407942,2.013083594987536,2.510217459909729,7.015304846842739,2.648642076016074,2.864742057853016,7.1259777958965556,2.6694527146770284,2.8697935751509718,2.648642076016074,2.648642076016074,2.512334285823303,1.0,1.1182452698069738,1.9483872646676919,36.06290594286242
4.539999999999948,-1.1214024193869838,1.1214024193869838,4.036204452351713,2.0090307245912675,2.5104699521693634,6.998275116403178,2.645425318621408,2.864637279304534,7.111308957887945,2.6667037626793015,2.869793534165301,2.645425318621408,2.645425318621408,2.52583352454208,1.0,1.119108839055796,1.9438199278052573,36.06290576272674
4.549999999999947,-1.0978544513748572,1.0978544513748572,4.020110608584711,2.005021348660585,2.5106998042320967,6.981540079075433,2.6422604109124888,2.8645313786378885,7.096962996110002,2.6640125743152945,2.8697934946447337,2.6422604109124888,2.6422604109124888,2.540551663045719,1.0,1.1201829194311772,1.9394266883347837,36.06290560598151
4.559999999999947,-1.0738966970579364,1.0738966970579364,4.004231048743969,2.00105748261862,2.5109068580838563,6.965109186373439,2.639149330063276,2.8644243763084534,7.082948959330838,2.661381024831063,2.869793456576825,2.639149330063276,2.639149330063276,2.556571684218359,1.0,1.1214762956159623,1.9351800610019076,36.062905472486584
4.569999999999947,-1.0495356666605298,1.0495356666605298,3.9885727904257458,1.9971411543568336,2.511090962764168,6.948991860290015,2.636094053764018,2.8643162937169366,7.069275843620286,2.6588109830562017,2.8697934199427118,2.636094053764018,2.636094053764018,2.5739834908034966,1.0,1.122998488033588,1.9310822164646648,36.06290536201918
4.579999999999947,-1.0247784461237244,1.0247784461237244,3.9731428422603887,1.993274402148482,2.5112519743775885,6.933197485794626,2.63309655838798,2.864207153210998,7.05595258474059,2.6563043095136125,2.869793384717027,2.63309655838798,2.63309655838798,2.5928845507572054,1.0,1.1247598535135677,1.9271467638156374,36.06290527427271
4.589999999999947,-0.9996326977333558,0.9996326977333558,3.9579481966989962,1.9894592724403775,2.5113897561062304,6.91773540305934,2.630158817079178,2.864096978086086,7.0429880502865085,2.65386285446074,2.8697933508678406,2.630158817079178,2.630158817079178,2.6133805974016266,1.0,1.1267717027773991,1.923454544752621,36.06290520885602
4.599999999999946,-0.9741066590965426,0.9741066590965426,3.942995822522269,1.985697817524678,2.511504178223438,6.9026148994229795,2.627282797763305,2.863985792585485,7.03039103158561,2.6514884558650467,2.869793318356603,2.627282797763305,2.627282797763305,2.6355863857772297,1.0,1.1290478222810514,1.91991286837634,36.06290516529256
4.609999999999946,-0.9482091404049113,0.9482091404049113,3.928292657083828,1.9819920930931658,2.5115951181086404,6.887845201105295,2.6244704610845395,2.8638736218995517,7.018170235371233,2.649182937316944,2.869793287138109,2.6244704610845395,2.6244704610845395,2.6596265051822208,1.0,1.1316177624987855,1.9165228390103692,36.06290514301988
4.619999999999946,-0.9219495199459399,0.9219495199459399,3.9138455983020712,1.9783441556771844,2.511662460263407,6.873435464684692,2.6217237582713957,2.863760492164122,7.006334275242257,2.6469481058838795,2.869793257160478,2.6217237582713957,2.6217237582713957,2.685636245788272,1.0,1.1344806224103583,1.9132852753999252,36.062905141389294
4.629999999999946,-0.8953377378214764,0.8953377378214764,3.8996614964165044,1.974756059977157,2.5117060963287496,6.859394768354805,2.6190446289352924,2.8636464304580667,6.994891662925632,2.644785749909741,2.869793228365146,2.6190446289352924,2.6190446289352924,2.713762514176057,1.0,1.1376530437460448,1.910200688359557,36.062905159665696
4.6399999999999455,-0.8683842878441991,0.8683842878441991,3.885747145526344,1.9712298560863835,2.511725925103682,6.845732102976855,2.6164349988059814,2.86353146479999,6.983850799359236,2.642697636764228,2.8697932006868734,2.6164349988059814,2.6164349988059814,2.7441647882958433,1.0,1.1411566376594884,1.9072904922034626,36.06290519702765
4.649999999999945,-0.8411002075879181,0.8411002075879181,3.8721092749309602,1.9677675866145778,2.5117218525650418,6.832456362946587,2.6138967774085087,2.863415624144039,6.973219965614353,2.640685510547281,2.8697931740537763,2.6138967774085087,2.6138967774085087,2.7770160962623955,1.0,1.1450325499950758,1.9045871401286294,36.062905252567596
4.659999999999945,-0.8134970665951087,0.8134970665951087,3.8587545402935266,1.964371283717395,2.5116937918886033,6.8195763368960485,2.6114318556868468,2.8632989383748235,6.963007313678685,2.6387510897541446,2.8697931483873678,2.6114318556868468,2.6114318556868468,2.812503994917617,1.0,1.1492815571576593,1.9020325286437654,36.06290532529239
4.669999999999945,-0.7855869527146745,0.7855869527146745,3.845689514650966,1.9610429660389814,2.511641663471462,6.80710069825223,2.6090421035798235,2.8631814383014134,6.953220857122389,2.6368960649070696,2.8697931236026175,2.6090421035798235,2.6090421035798235,2.850831512409759,1.0,1.153938133041567,1.8996256456804923,36.06290541412394
4.679999999999945,-0.7573824566035028,0.7573824566035028,3.8329206792948627,1.957784635575339,2.5115653949556966,6.795037995676057,2.606729367555454,2.8630631556504142,6.943868461671094,2.6351220961600803,2.869793099608036,2.606729367555454,2.606729367555454,2.8922180030463207,1.0,1.1590480972727166,1.8973650369161574,36.06290551790019
4.689999999999944,-0.7288966544011587,0.7288966544011587,3.8204544145496078,1.9545982744670598,2.5114649212533084,6.783396643406621,2.6044954681102097,2.862944123058094,6.934957835711349,2.633430810883656,2.869793076305773,2.6044954681102097,2.6044954681102097,2.936899840934937,1.0,1.1646210150236556,1.8952487663890527,36.06290563537625
4.699999999999944,-0.7001430886082638,0.7001430886082638,3.808296990475478,1.9514858417307255,2.511340184572384,6.772184911536987,2.602342197240207,2.8628243740615504,6.926496520755163,2.6318238012365422,2.8697930535917258,2.602342197240207,2.602342197240207,2.985130849551736,1.0,1.1707323842446282,1.8932743716957467,36.06290576522574
4.709999999999944,-0.6711357472065522,0.6711357472065522,3.7964545575256,1.948449269938943,2.511191134444509,6.761410916249037,2.600271315891678,2.862703943088909,6.918491881891507,2.630302621732242,2.8697930313556874,2.600271315891678,2.600271315891678,3.037182324954446,1.0,1.1773924111524727,1.8914388125871222,36.06290590604254
4.719999999999944,-0.6418890410867399,0.6418890410867399,3.784933137187027,1.9454904618596893,2.511017727753352,6.75108261003595,2.5982845513984705,2.862582865448534,6.9109510982538085,2.6288687868080842,2.8697930094814907,2.5982845513984705,2.5982845513984705,3.0933424578436326,1.0,1.1846888174324746,1.8897384114637208,36.06290605634254
4.729999999999944,-0.6124177798305012,0.6124177798305012,3.773738612637077,1.9426112870662202,2.510819928764411,6.741207771941893,2.5963835949146445,2.8624611773172335,6.90388115353318,2.627523768404994,2.8697929878471884,2.5963835949146445,2.5963835949146445,3.1539148903391343,1.0,1.1926580077064513,1.8881841410162337,36.062906214565785
4.739999999999943,-0.5827371459299363,0.5827371459299363,3.7628767194469894,1.9398135785293877,2.510597709155871,6.731793997849207,2.594570098850522,2.8623389157274657,6.897288826568092,2.6262689935663657,2.8697929663252415,2.594570098850522,2.594570098850522,3.219216052797877,1.0,1.2013755954911596,1.886779110368588,36.062906379078804
4.749999999999943,-0.5528626675283601,0.5528626675283601,3.7523530363656334,1.9370991292047068,2.5103510480505173,6.722848690844126,2.592845674320808,2.8622161185535093,6.891180682041607,2.6251058420645834,2.8697929447827315,2.592845674320808,2.592845674320808,3.289570809456876,1.0,1.210941529135143,1.8854905239810764,36.062906548177196
4.759999999999943,-0.5228101897737991,0.5228101897737991,3.742172976216462,1.9344696886269535,2.510079932048645,6.714379051692334,2.5912118886135755,2.8620928244966106,6.885563061317805,2.624035644063892,2.869792923081588,2.5912118886135755,2.5912118886135755,3.365305794554689,1.0,1.2214358602513196,1.884311482544491,36.062906720088435
4.769999999999943,-0.49259584489014974,0.49259584489014974,3.7323417769412024,1.9319269595254378,2.509784355261909,6.706392069456174,2.5896702626890886,2.8619690730690808,6.880442073449183,2.6230596778283912,2.8697929010788386,2.5896702626890886,2.5896702626890886,3.44673963981687,1.0,1.232974263009525,1.8832339780692091,36.06290689297487
4.7799999999999425,-0.46223602108053774,0.46223602108053774,3.7228644928238697,1.9294725944733886,2.5094643193480293,6.698894512285085,2.5882222687174847,2.861844904577343,6.87582358638687,2.622179167483959,2.869792878626871,2.5882222687174847,2.5882222687174847,3.534169080799975,1.0,1.2456914335105453,1.8822487278138182,36.062907064937
4.789999999999942,-0.4317473303712218,0.4317473303712218,3.7137459859285324,1.9271081925850797,2.5091198335462814,6.691892918411033,2.5868693276644326,2.8617203601039147,6.871713218425327,2.621395280842881,2.8697928555737144,2.5868693276644326,2.5868693276644326,3.627849693115467,1.0,1.25974500134451,1.8813449703950136,36.06290723401693
4.799999999999942,-0.401146575551858,0.401146575551858,3.704990917783918,1.9248352962744417,2.5087509147136897,6.685393587380084,2.5856128069338,2.8615954814883273,6.868116329912754,2.620709127299852,2.8697928317633377,2.5856128069338,2.5856128069338,3.7279697754706334,1.0,1.2753204492373909,1.880510213262869,36.06290739820199
4.809999999999942,-0.37045071631536586,0.37045071631536586,3.696603741347421,1.922655388088937,2.5083575873618096,6.679402571550971,2.5844540180763462,2.8614703113069595,6.865038015257951,2.620121755807915,2.869792807035959,2.5844540180763462,2.5844540180763462,3.83461571765414,1.0,1.292638838387749,1.8797299172010649,36.06290755542868
4.819999999999942,-0.33967683475265575,0.33967683475265575,3.688588693280205,1.9205698876323676,2.5079398836940308,6.673925667890564,2.583394214573255,2.861344892851797,6.8624830952634905,2.6196341529426377,2.8697927812283783,2.583394214573255,2.583394214573255,3.947727164731543,1.0,1.3119867333259134,1.8789870984437091,36.0629077035866
4.8299999999999415,-0.3088421003527458,0.3088421003527458,3.6809497865642022,1.9185801485901501,2.5074978436432667,6.668968410095395,2.582434589703173,2.8612192701080987,6.860456109814178,2.619247241062626,2.8697927541743145,2.582434589703173,2.582434589703173,4.067040574770875,1.0,1.3336610148532582,1.8782618219499745,36.06290784052276
4.839999999999941,-0.27796373464210145,0.27796373464210145,3.6736908034905325,1.916687455870292,2.507031514909932,6.66453606106713,2.5815762745011295,2.861093487730976,6.858961310948491,2.618961876574092,2.869792725704756,2.5815762745011295,2.5815762745011295,4.192020611461779,1.0,1.3580831708655374,1.877530549322158,36.062907964045856
4.849999999999941,-0.24705897562505957,0.24705897562505957,3.6668152890474643,1.9148930228729395,2.506540953000094,6.6606336057686395,2.5808203358174002,2.860967591020871,6.858002656339415,2.618778848306862,2.8697926956483295,2.5808203358174002,2.5808203358174002,4.321780549931,1.0,1.385725409734948,1.8767652901880154,36.06290807193082
4.859999999999941,-0.2161450421823721,0.2161450421823721,3.6603265447345046,1.9131979889009147,2.506026221263648,6.657265744485779,2.580167774484012,2.860841625897942,6.857583803209517,2.618698876008755,2.8697926638316695,2.580167774484012,2.580167774484012,4.4549958924608575,1.0,1.4171883389275524,1.8759324843106582,36.062908161923474
4.869999999999941,-0.18523909856226103,0.18523909856226103,3.6542276228273307,1.911603416723074,2.5054873909324162,6.654436886518358,2.5796195235961363,2.8607156388753463,6.85770810270336,2.6187226089647906,2.869792630079803,2.5796195235961363,2.5796195235961363,4.589820008368088,1.0,1.453249875205057,1.874991509374149,36.062908231745176
4.87999999999994,-0.15435821912808506,0.15435821912808506,3.648521321116409,1.9101102903016907,2.5049245411580054,6.652151144321939,2.5791764469151657,2.86058967703143,6.8583785947385785,2.6188506247471577,2.8697925942165394,2.5791764469151657,2.5791764469151657,4.723816805495554,1.0,1.494859469473646,1.8738926598401635,36.06290827909779
4.88999999999994,-0.12351935352431029,0.12351935352431029,3.643210178139967,1.9087195126943002,2.5043377590493017,6.650412328120154,2.578839337399706,2.8604637879808115,6.859598003354806,2.6190834281012902,2.8697925560648656,2.578839337399706,2.578839337399706,4.8539323996590635,1.0,1.5433310041394512,1.8725743648789048,36.062908301668465
4.89999999999994,-0.09273929238495886,0.09273929238495886,3.6382964689298496,1.9074319041396601,2.5037271397094276,6.649223941005122,2.5786089158701677,2.860338019844375,6.861368732577671,2.6194214499728123,2.8697925154473434,2.5786089158701677,2.5786089158701677,4.976533347421649,1.0,1.6004271132397212,1.8709592895649967,36.06290829713468
4.90999999999994,-0.062034633739700466,0.062034633739700466,3.6337822012862957,1.9062482003365395,2.5030927862720347,6.648589174541388,2.5784858298120215,2.8602124212181708,6.863692862812686,2.619865046679444,2.869792472186516,2.5784858298120215,2.5784858298120215,5.087539537147341,1.0,1.668753329359533,1.8689657706626848,36.06290826316923
4.9199999999999395,-0.031421750258715825,0.031421750258715825,3.6296691125953466,1.9051690509231318,2.5024348099367444,6.648510904886477,2.5784706523221232,2.860087041141223,6.866572147781662,2.620414499231307,2.8697924261053096,2.5784706523221232,2.5784706523221232,5.182670647008839,1.0,1.752530303926026,1.8664963235873904,36.062908197445196
4.929999999999939,-0.0009167574648455828,0.0009167574648455828,3.625958667199944,1.9041950181638287,2.5017533300035937,6.648991689438828,2.5785638812018656,2.8599619290622624,6.87000801201176,2.621070012802359,2.8697923770274376,2.5785638812018656,2.5785638812018656,5.257802833775363,1.0,1.865226867329033,3.75072375128411,36.06290809764106
4.939999999999939,0.02946451696730968,0.02946451696730968,3.6226520543332685,1.9033265758490499,2.501048473906297,6.650033764021432,2.5787659382001755,2.859837134805374,6.874001548884949,2.6218317163549894,2.869792324777806,2.5787659382001755,2.5787659382001755,5.30939864353783,1.0,0.26470318011445493,0.34380688021879774,36.06290796144563
4.949999999999939,0.05970656269705503,0.05970656269705503,3.6197501866201542,1.9025641084126848,2.5003203772441616,6.65163904060705,2.5790771684087024,2.859712708534586,6.8785535192530824,2.622699662419066,2.8697922691829056,2.5790771684087024,2.5790771684087024,5.334937679787888,1.0,0.37335590773031935,0.4996631625827798,36.06290778656306
4.959999999999939,0.08979421488239901,0.08979421488239901,3.617253699149798,1.9019079102705783,2.499569183812475,6.653809105588426,2.5794978398107693,2.859588700717398,6.883664350621319,2.623673827026012,2.8697922100712137,2.5794978398107693,2.5794978398107693,5.333254696870498,1.0,0.4531832954822266,0.6266754886067617,36.06290757071774
4.9699999999999385,0.1197126809357821,0.1197126809357821,3.615162949120327,1.9013581853823143,2.4987950456311783,6.656545218594477,2.580028142984971,2.8594651620872584,6.8893341369001435,2.624754109797743,2.8697921472735803,2.580028142984971,2.580028142984971,5.304700711218766,1.0,0.5174369470732721,0.7416177786904742,36.062907311659146
4.979999999999938,0.14944756576026916,0.14944756576026916,3.6134780160531426,1.9009150470373848,2.497998122971631,6.659848311850922,2.580668190963519,2.8593421436050175,6.895562638723776,2.6259403341895977,2.8697920806236077,2.580668190963519,2.580668190963519,5.251084372551181,1.0,0.5712824469867402,0.8516708066763743,36.06290700716658
4.989999999999938,0.17898489539975357,0.17898489539975357,3.6121987025723423,1.9005785178656371,2.4971785843813055,6.6637189900815414,2.58141801924476,2.859219696419349,6.902349284330304,2.6272322478856536,2.869792009958025,2.58141801924476,2.58141801924476,5.175410476347305,1.0,0.6174434095067344,0.9616719347628081,36.06290665505385
4.999999999999938,0.20831113903203893,0.20831113903203893,3.6113245357420922,1.9003485300707583,2.496336606706179,6.668157530943758,2.5822775859585194,2.859097871826176,6.909693170996543,2.6286295233441597,2.869791935117051,2.5822775859585194,2.5822775859585194,5.081484666638327,1.0,0.6576112412725929,1.0767234569242874,36.062906253173765
5.009999999999938,0.23741322923929603,0.23741322923929603,3.6108547689522426,1.9002249258843655,2.495472375110659,6.67316388599018,2.583246772182282,2.858976721227104,6.917593067018349,2.6301317584901236,2.8697918559447446,2.583246772182282,2.583246772182282,4.973477240271293,1.0,0.6929652366855087,1.2051811724673636,36.06290579942255
5.019999999999937,0.2662785805182429,0.2662785805182429,3.6107883843402506,1.9002074582371922,2.494586083094826,6.678737682145343,2.5843253824055017,2.8588562960868864,6.926047414224867,2.6317384775514583,2.869791772289347,2.5843253824055017,2.5843253824055017,4.855529920804787,1.0,0.7243566691141429,1.3748324540856742,36.062905291744094
5.029999999999937,0.2948951059822401,0.2948951059822401,3.611124095735165,1.900295791642755,2.4936779325088105,6.6848782236850814,2.585513145138713,2.858736647889936,6.935054331013261,2.6334491320345,2.869791684003606,2.585513145138713,2.585513145138713,4.731458633086761,1.0,0.7524463244823539,2.6834960810142627,36.06290472813402
5.039999999999937,0.32325123223078217,0.32325123223078217,3.6118603521073727,1.9004895032878695,2.4927481335640795,6.6915844947037915,2.5868097136634907,2.858617828095913,6.94461161588829,2.6352631018341013,2.8697915909450895,2.5868097136634907,2.5868097136634907,4.604569674540734,1.0,0.7777788479284388,2.597512100119108,36.062904106643636
5.049999999999937,0.3513359123792935,0.3513359123792935,3.6129953415058087,1.9007880843233969,2.4917969048414568,6.698855162053198,2.5882146669187236,2.8584998880944053,6.954716751489509,2.637179696473016,2.8697914929764843,2.5882146669187236,2.5882146669187236,4.477579157831245,1.0,0.8007788759934297,2.5143034706186635,36.06290342538362
5.0599999999999365,0.3791386372426,0.3791386372426,3.6145269954625285,1.9011909413476933,2.4908244732956586,6.706688578734547,2.5897275105181525,2.8583828791587242,6.965366909087054,2.6391981564647726,2.869791389965877,2.5897275105181525,2.5897275105181525,4.352611015454514,1.0,0.8217805926100341,2.4360410522531804,36.06290268252759
5.069999999999936,0.4066494446560626,0.4066494446560626,3.6164529938429237,1.901697398074395,2.4898310742561445,6.71508278772454,2.5913476778935975,2.858266852398851,6.976558953525456,2.6413176547938066,2.8697912817870224,2.5913476778935975,2.5913476778935975,4.231245590031235,1.0,0.8410927746941419,2.365941960382135,36.06290187631549
5.079999999999936,0.43385892697941986,0.43385892697941986,3.618770770118312,1.9023066971753824,2.4888169514240857,6.72403552621413,2.5930745315578823,2.85815185871355,6.9882894485936236,2.6435372985062315,2.8697911683195914,2.5930745315578823,2.5930745315578823,4.1145945322807185,1.0,0.8589422558940009,2.307322669659678,36.06290100505667
5.089999999999936,0.460758236796165,0.460758236796165,3.6214775170364004,1.9030180022891008,2.487782356865248,6.733544230237947,2.594907364481042,2.858037948741685,7.000554662797854,2.6458561304042694,2.8697910494494074,2.594907364481042,2.594907364481042,4.003384211118528,1.0,0.8755298351549654,2.261394301871004,36.0629000671329
5.099999999999936,0.4873390908277344,0.4873390908277344,3.6245701926639295,1.9038304001837794,2.4867275509985904,6.743606039671247,2.5968454015730793,2.857925172812769,7.01335057551379,2.64827313083711,2.8697909250686573,2.5968454015730793,2.5968454015730793,3.898036345596424,1.0,0.891052293692217,2.2270317592378257,36.06289906100101
5.1099999999999355,0.5135937721238716,0.5135937721238716,3.6280455267748932,1.9047429030645824,2.4856528025803746,6.754217803570245,2.5988878012661965,2.8578135808967717,7.0266728834922185,2.65078721958067,2.869790795076092,2.5988878012661965,2.5988878012661965,3.7987397911825544,1.0,0.9056158482131568,2.201967142574829,36.062897985195505
5.119999999999935,0.5395151305701619,0.5395151305701619,3.6319000275569446,1.9057544510132842,2.4845583886836033,6.765376085831187,2.601033657189231,2.8577032225532375,7.040517007693081,2.653397257798591,2.8697906593772116,2.601033657189231,2.601033657189231,3.7055110425561293,1.0,0.9193723778983218,2.183888853840926,36.06289683833079
5.129999999999935,0.565096581760226,0.565096581760226,3.6361299886079888,1.9068639145486992,2.483444594672585,6.777077171142868,2.6032819999267978,2.8575941468797192,7.054878100421418,2.656102050076657,2.8697905178844207,2.6032819999267978,2.6032819999267978,3.6182432465201146,1.0,0.9323986942108067,2.1709834137891737,36.06289561910334
5.139999999999935,0.5903321043132275,0.5903321043132275,3.640731496194598,1.9080700972958509,2.4823117141724356,6.789317071206924,2.6056317988554953,2.857486402459595,7.0697510527386,2.6589003465227123,2.8697903705171806,2.6056317988554953,2.6056317988554953,3.536744714574572,1.0,0.9448052592627425,2.1618901843599865,36.06289432629343
5.149999999999935,0.6152162356853331,0.6152162356853331,3.6457004367435806,1.9093717387516713,2.481160049033339,6.802091531200158,2.6080819640494735,2.8573800373092912,7.085130502122054,2.6617908449241563,2.8697902172021337,2.6080819640494735,2.6080819640494735,3.460768438562805,1.0,0.9566669103918656,2.155635099039939,36.062892958767016
5.159999999999934,0.6397440665578745,0.6397440665578745,3.6510325045379837,1.9107675171349296,2.479989909289381,6.815396036452948,2.6106313482475745,2.8572750988249433,7.101010840346538,2.6647721929550636,2.8697900578732196,2.6106313482475745,2.6106313482475745,3.3900342213144805,1.0,0.9680389987305439,2.1515951368155055,36.062891515477
5.169999999999934,0.6639112338826794,0.6639112338826794,3.6567232095889177,1.9122560523080891,2.478801613111776,6.829225819317971,2.6132787488742895,2.857171633728561,7.117386221560238,2.667842990425081,2.8697898924717626,2.6132787488742895,2.6132787488742895,3.3242449283702564,1.0,0.9789803279774081,2.1492436655395464,36.06288999546458
5.179999999999934,0.6877139126501346,0.6877139126501346,3.6627678856547674,1.9138359087588381,2.477595486756329,6.843575866203721,2.6160229101068135,2.857069688013712,7.134250570528999,2.6710017915622966,2.8697897209465557,2.6160229101068135,2.6160229101068135,3.2630981667314995,1.0,0.9895408660074514,2.148228775958114,36.062888397860256
5.189999999999934,0.711148806484937,0.711148806484937,3.6691616983797535,1.9155055986291853,2.4763718645049573,6.858440924747599,2.6188625249805684,2.8569693068907887,7.1515975910225515,2.6742471073224614,2.8697895432539213,2.6188625249805684,2.6188625249805684,3.2062944713283086,1.0,0.9997632543334424,2.148290946710658,36.06288672188475
5.199999999999934,0.7342131371254865,0.7342131371254865,3.6758996535243553,1.9172635847802344,2.475131088601119,6.873815511103883,2.6217962375256936,2.856870534731894,7.169420774316982,2.677577407717092,2.8697893593577533,2.6217962375256936,2.6217962375256936,3.153542865556506,1.0,1.0096840154701854,2.1492330683389373,36.062884966849616
5.209999999999933,0.7569046329068174,0.7569046329068174,3.6829766052606776,1.9191082838810003,2.473873509178994,6.8896939173225,2.624822644927177,2.8567734150153994,7.187713407788232,2.6809911241531985,2.869789169229553,2.624822644927177,2.624822644927177,3.1045644747504415,1.0,1.0193345262505356,2.1509024023471066,36.062883132157744
5.219999999999933,0.7792215163085692,0.7792215163085692,3.690387264506596,1.921038069509971,2.4725994841862837,6.9060702187952145,2.627940299701501,2.856677990270207,7.206468583572287,2.684486651777633,2.8697889728484425,2.627940299701501,2.627940299701501,3.0590947155153954,1.0,1.0287418082141622,2.1531784718644236,36.0628812173037
5.229999999999933,0.8011624906603959,0.8011624906603959,3.6981262072734347,1.9230512752585238,2.4713093793004806,6.922938281746575,2.631147711882891,2.856584302019799,7.225679207268274,2.688062351819294,2.8697887702011666,2.631147711882891,2.631147711882891,3.0168844583444208,1.0,1.0379294547508544,2.155976211556504,36.062879221873814
5.239999999999933,0.8227267261124671,0.8227267261124671,3.7061878830027584,1.9251461978257023,2.470003567838495,6.940291770747995,2.634443351212547,2.85649239072608,7.245338006661762,2.6917165539227494,2.869788561282082,2.634443351212547,2.634443351212547,2.977700462236617,1.0,1.0469390749026117,2.1592629460504806,36.0628771455462
5.2499999999999325,0.8439138449228126,0.8439138449228126,3.714566622868957,1.927321100094366,2.4686824306595123,6.9581241562341,2.637825649324477,2.856402295733109,7.26543754044637,2.695447558467122,2.8697883460931317,2.637825649324477,2.637825649324477,2.9413253036782536,1.0,1.0557696538892465,2.1629291222210303,36.06287498809056
5.259999999999932,0.8647239061729425,0.8647239061729425,3.723256648025381,1.929574214179227,2.4673463560609767,6.976428722001653,2.64129300192191,2.8563140552107393,7.285970206922854,2.6992536388644277,2.869788124643809,2.64129300192191,2.64129300192191,2.9075569640167096,1.0,1.0644361505472963,2.166919804991096,36.06287274936789
5.269999999999932,0.8851573899910028,0.8851573899910028,3.7322520777728756,1.9319037444378215,2.4659957396676058,6.995198572672325,2.6448437709385266,2.8562277060982453,7.306928252655889,2.7031330438318957,2.869787896951105,2.6448437709385266,2.6448437709385266,2.8762081951265204,1.0,1.07295148735568,2.171188615278159,36.06287042932999
5.279999999999932,0.9052151813539373,0.9052151813539373,3.741546937630824,1.9343078704360441,2.4646309843133465,7.014426641101733,2.6484762866791414,2.8561432840479712,7.328303781069822,2.7070839996331517,2.8697876630394523,2.6484762866791414,2.6484762866791414,2.847105750142168,1.0,1.081339887323166,2.1756960244444508,36.06286802801885
5.289999999999932,0.9248985535459432,0.9248985535459432,3.751135167292007,1.9367847498604502,2.4632524999161935,7.034105695718272,2.6521888499347614,2.856060823369081,7.350088760965889,2.7111047122835163,2.869787422940652,2.6521888499347614,2.6521888499347614,2.820089541335797,1.0,1.0896192835397918,2.1804787283720684,36.062865545565984
5.299999999999931,0.9442091513694748,0.9442091513694748,3.761010628443815,1.9393325213701271,2.4618607033458164,7.054228347776468,2.6559797340673494,2.8559803569714433,7.372275034944423,2.7151933697150232,2.8697871766937886,2.6559797340673494,2.6559797340673494,2.7950117689176355,1.0,1.0977794281844342,2.1854836229438814,36.062862982191604
5.309999999999931,0.9631489741564404,0.9631489741564404,3.771167112439707,1.9419493073815566,2.4604560182839252,7.074787058510677,2.65984718705994,2.855901916309729,7.394854327716852,2.719348143897146,2.869786924345145,2.65984718705994,2.65984718705994,2.7717360510568394,1.0,1.1058273166419408,2.1906459884749783,36.06286033820357
5.319999999999931,0.981720358657009,0.981720358657009,3.7815983478059887,1.9446332167804778,2.4590388750773564,7.095774146176233,2.663789433528152,2.855825531327773,7.4178182542934135,2.723567192909588,2.8697866659480966,2.663789433528152,2.663789433528152,2.7501365755529235,1.0,1.113804575170986,2.1959424399648424,36.06285761399647
5.329999999999931,0.9999259618843572,0.9999259618843572,3.7922980075703583,1.9473823475553942,2.457609710583826,7.117181792966233,2.6678046766894745,2.8557512304032584,7.441158328033628,2.7278486629638437,2.8697864015630064,2.6678046766894745,2.6678046766894745,2.7300972864153352,1.0,1.121687084908544,2.2013959469309246,36.06285481005042
5.339999999999931,1.0177687439538434,1.0177687439538434,3.803259716399898,1.9501947893479508,2.45616896801036,7.13900205179334,2.671891100287087,2.855679040292789,7.464865968547881,2.732190690370619,2.869786131257106,2.671891100287087,2.671891100287087,2.711511113438129,1.0,1.1294752810945263,2.2070378106202737,36.06285192692981
5.34999999999993,1.0352519509907838,1.0352519509907838,3.8144770575374736,1.9530686259160157,2.454717096744378,7.161226852927184,2.676046870465311,2.8556089860774136,7.488932509439434,2.736591403450547,2.869785855104372,2.676046870465311,2.676046870465311,2.6942792491677428,1.0,1.1372099208221949,2.212764348238955,36.062848965282015
5.35999999999993,1.0523790981616175,1.0523790981616175,3.8259435795267267,1.9560019375058724,2.4532545521774574,7.183848010478983,2.6802701375941536,2.855541091108657,7.513349205877444,2.741048924385963,2.8697855731853927,2.6802701375941536,2.6802701375941536,2.678310475064897,1.0,1.1448656648196178,2.2185601166624074,36.06284592583605
5.36999999999993,1.0691539528654825,1.0691539528654825,3.83765280271711,1.9589928031305042,2.4517817955217973,7.206857228726175,2.684559038040731,2.8554753769551313,7.538107241992612,2.745561371011876,2.8697852855872306,2.684559038040731,2.684559038040731,2.663520536866202,1.0,1.1524408783878832,2.224472880981982,36.062842809401
5.37999999999993,1.0855805181510954,1.0855805181510954,3.8495982255415404,1.9620393027514869,2.45029929361942,7.23024610827088,2.6889116958856945,2.8554118633497847,7.563197738088129,2.7501268585445526,2.8697849924032797,2.6889116958856945,2.6889116958856945,2.649831567940713,1.0,1.1599797302853134,2.2305183221629696,36.06283961686458
5.3899999999999295,1.101663016376223,1.101663016376223,3.861773330560452,1.9651395193625443,2.4488075187441694,7.254006152027096,2.6933262245831076,2.855350568137855,7.588611757659683,2.754743501246474,2.869784693733112,2.6933262245831076,2.6933262245831076,2.6371715586512114,1.0,1.1674409774612087,2.236599684026061,36.06283634919155
5.399999999999929,1.1174058731771075,1.1174058731771075,3.874171590267115,1.968291540973317,2.4473069483965655,7.278128771032435,2.6978007285625147,2.8552915072255907,7.614340314219236,2.759409414026711,2.869784389682322,2.6978007285625147,2.6978007285625147,2.6254738692502744,1.0,1.1748474466245704,2.2427059998477468,36.062833007422
5.409999999999929,1.1328137017674105,1.1328137017674105,3.886786472650157,1.9714934624923708,2.445798065091608,7.302605290081274,2.7023333047722433,2.8552346945298117,7.640374377918233,2.7641227139760334,2.869784080362368,2.7023333047722433,2.7023333047722433,2.614676783579763,1.0,1.182207040531128,2.248937251626285,36.062829592669736
5.419999999999929,1.1478912875851657,1.1478912875851657,3.8996114465102525,1.9747433875089322,2.44428135613962,7.327426953176977,2.7069220441632553,2.8551801419283698,7.666704881966835,2.76888152183636,2.8697837658904026,2.7069220441632553,2.7069220441632553,2.6047231007344624,1.0,1.189492737281501,2.255226819474709,36.062826106120504
5.429999999999929,1.1626435733444793,1.1626435733444793,3.912639986528934,1.9780394299732587,2.4427573134202403,7.3525849288018295,2.711565033113134,2.8551278592115734,7.693322728846631,2.7736839634043804,2.869783446389104,2.711565033113134,2.711565033113134,2.595559761848855,1.0,1.1967555861788919,2.2615172567381805,36.062822549030194
5.4399999999999284,1.177075644496586,1.177075644496586,3.925865578088371,1.9813797157759465,2.4412264331497004,7.378070315004028,2.716260354790024,2.855077854034652,7.7202187963150575,2.7785281708694365,2.8697831219865018,2.716260354790024,2.716260354790024,2.587137509235916,1.0,1.2039481014346998,2.267809578511543,36.062818922723075
5.449999999999928,1.1911927151159831,1.1911927151159831,3.9392817218418794,1.9847623842268574,2.4396892156415166,7.403874144301883,2.721006090456595,2.8550301318713185,7.747383943200591,2.7834122840859545,2.8697827928157955,2.721006090456595,2.721006090456595,2.579410575223185,1.0,1.2111002091744245,2.274245332542859,36.06281522858988
5.459999999999928,1.2050001142488314,1.2050001142488314,3.9528819380357096,1.9881855894346758,2.4381461650607616,7.429987388406129,2.7258003207142907,2.8549846959684997,7.774809014988418,2.7883344517809228,2.869782459015174,2.7258003207142907,2.7258003207142907,2.572336398176085,1.0,1.2182026698416444,2.2806623199407947,36.06281146808594
5.469999999999928,1.2185032727231837,1.2185032727231837,3.9666597705834663,1.9916475015884378,2.4365977891720805,7.456400962761819,2.7306411266883495,2.8549415473023005,7.802484849197039,2.7932928326971087,2.869782120727629,2.7306411266883495,2.7306411266883495,2.565875363358682,1.0,1.2252499768258753,2.287053799314697,36.06280764272932
5.479999999999928,1.2317077104364134,1.2317077104364134,3.980608790895208,1.9951463081426404,2.435044599081636,7.483105730911978,2.7355265911542475,2.854900684535274,7.830402280546792,2.7982855966728613,2.869781778100764,2.7355265911542475,2.7355265911542475,2.559990566448651,1.0,1.2322637096431703,2.29349134750437,36.06280375409877
5.489999999999927,1.2446190241256032,1.2446190241256032,3.9947226014639554,1.9986802149078164,2.433487108973185,7.51009250868567,2.740454799606385,2.854862103975056,7.85855214592195,2.803310925659505,2.869781431286604,2.740454799606385,2.740454799606385,2.554647597689858,1.0,1.239210280165555,2.2999870433680987,36.06279980383188
5.499999999999927,1.2572428756352887,1.2572428756352887,4.008994839212939,2.0022474470486755,2.4319258358385,7.53735206821375,2.745423841270005,2.854825799534433,7.886925289128497,2.8083670146774793,2.8697810804413955,2.745423841270005,2.745423841270005,2.549814344828444,1.0,1.2461351395527485,2.3064420235510026,36.062795793623
5.509999999999927,1.2695849806816895,1.2695849806816895,4.0234191786075275,2.0058462499921395,2.43036129920235,7.5648751417759055,2.7504318100574507,2.854791762692914,7.915512565450199,2.8134520727124888,2.869780725725411,2.7504318100574507,2.7504318100574507,2.5454608131338397,1.0,1.2529855538493613,2.312851103914562,36.06279172522132
5.519999999999927,1.2816510981164968,1.2816510981164968,4.037989334536224,2.009474890247754,2.4287940208423007,7.592652425483143,2.7554768054699976,2.8547599824598695,7.944304846006013,2.818564323553041,2.8697803673027473,2.7554768054699976,2.7554768054699976,2.5415589609530866,1.0,1.2598181422672916,2.3193576027806126,36.062787600428734
5.5299999999999265,1.2934470196739816,1.2934470196739816,4.052699064965645,2.0131316561431456,2.4272245245035684,7.620674582800145,2.760556933446609,2.854730445339297,7.973293021912278,2.823702006570856,2.8697800053411195,2.760556933446609,2.760556933446609,2.5380825493842423,1.0,1.2665766495880189,2.3258379328543364,36.062783421097905
5.539999999999926,1.3049785602378887,1.3049785602378887,4.067542173374805,2.0168148584772982,2.4256533356092125,7.64893224791232,2.7656703071610544,2.854703135296289,8.002468008253471,2.828863377445696,2.8697796400116564,2.7656703071610544,2.7656703071610544,2.535007004782165,1.0,1.2733116572693755,2.332260376626738,36.0627791891302
5.549999999999926,1.31625154858249,1.31625154858249,4.082512510974404,2.0205228310945667,2.4240809809659187,7.6774160289426145,2.7708150477689077,2.85467803372526,8.031820747865604,2.834046708836254,2.8697792714886883,2.7708150477689077,2.7708150477689077,2.532309292927593,1.0,1.2799754234458074,2.338655186924497,36.06277490647354
5.559999999999926,1.327271818606684,1.327271818606684,4.0976039787171405,2.0242539313824093,2.4225079884656973,7.706116511023445,2.7759892851060224,2.8546551194199954,8.06134221493662,2.8392502909987734,2.8697788999495386,2.7759892851060224,2.7759892851060224,2.529967803798425,1.0,1.286612779680884,2.345127974146711,36.06277057512046
5.569999999999926,1.3380452010414978,1.3380452010414978,4.112810529105394,2.0280065406959107,2.4209348867837663,7.735024259229264,2.781191158340121,2.8546343685455895,8.091023418428408,2.8444724323551474,2.869778525574308,2.781191158340121,2.781191158340121,2.527962245980817,1.0,1.293178206674868,2.3515327022483685,36.062766197105894
5.5799999999999255,1.3485775156433035,1.3485775156433035,4.128126167802848,2.0317790647122163,2.419362205072954,7.764129821375507,2.786418816577204,2.8546157546123334,8.120855405325194,2.8497114600122577,2.869778148545658,2.786418816577204,2.786418816577204,2.5262735498478293,1.0,1.2997170845204635,2.3578660432662777,36.06276177450514
5.589999999999925,1.358874563829353,1.358874563829353,4.14354495505687,2.0355699337180413,2.4177904726549357,7.79342373068976,2.7916704194244994,2.854599248451607,8.150829263713277,2.854965720234356,2.8697777690485973,2.7916704194244994,2.7916704194244994,2.5248837787151888,1.0,1.3061799350504604,2.364209006066397,36.06275730943179
5.599999999999925,1.3689421217844704,1.3689421217844704,4.159061006938624,2.0393776028334294,2.41622021870864,7.822896508361094,2.7969441375117046,2.8545848181938487,8.18093612569716,2.860233578870292,2.869777387270256,2.7969441375117046,2.7969441375117046,2.523776047258198,1.0,1.3126188911098555,2.3705689237200764,36.062752804035576
5.609999999999925,1.3787859339921427,1.3787859339921427,4.174668496408046,2.043200552174956,2.414651971956162,7.852538665973664,2.80223815297231,2.8545724292486447,8.211167170157358,2.8655134217374307,2.869777003399666,2.80223815297231,2.80223815297231,2.5229344465411647,1.0,1.3189779636918728,2.3768493764375713,36.06274826050022
5.619999999999925,1.3884117072091176,1.3884117072091176,4.190361654210941,2.047037286961559,2.413086260346547,7.882340707830582,2.80755065988676,2.854562044287008,8.241513625355019,2.870803654964062,2.8697766176275374,2.80755065988676,2.80755065988676,2.522343975071859,1.0,1.325311478995526,2.3830478685153573,36.06274368104147
5.629999999999924,1.397825104846757,1.397825104846757,4.206134769615549,2.050886337566163,2.411523610737792,7.912293133174247,2.812879864689256,2.8545536232258963,8.271966771388774,2.8761027052921415,2.8697762301460346,2.812879864689256,2.812879864689256,2.5219904753487157,1.0,1.331568138560014,2.3892773289739857,36.06273906790475
5.639999999999924,1.407031741756161,1.407031741756161,4.221982190995953,2.0547462595162336,2.4099645485774377,7.9423864383091765,2.8182239865399588,2.85454712321503,8.302517942509157,2.8814090203421583,2.869775841148543,2.8182239865399588,2.8182239865399588,2.521860575418471,1.0,1.3377872641819566,2.3954823657643316,36.06273442336324
5.649999999999924,1.4160371794137265,1.4160371794137265,4.237898326269798,2.0586156334463697,2.4084095975821227,7.972611118633462,2.823581257664362,2.8545424986260524,8.333158529295888,2.8867210688419287,2.8697754508294446,2.823581257664362,2.823581257664362,2.5219416350070607,1.0,1.3439389223325244,2.4015990678078123,36.06272974971563
5.659999999999924,1.4248469214754689,1.4248469214754689,4.253877643197742,2.062493065005975,2.4068592794164805,8.00295767058487,2.828949923661582,2.8545397010440987,8.363879980703434,2.8920373408210747,2.8697750593838878,2.828949923661582,2.828949923661582,2.5222216958273993,1.0,1.3500379425884486,2.4076256295111107,36.06272504928406
5.6699999999999235,1.433466409684073,1.433466409684073,4.269914669552072,2.0663771847250136,2.4053141133717624,8.033416593507534,2.834328243783266,2.854538679261807,8.394673805980144,2.897356347772939,2.8697746670075484,2.834328243783266,2.834328243783266,2.522689435704517,1.0,1.356081720984751,2.4136818027295233,36.06272032441192
5.679999999999923,1.4419010201547888,1.4419010201547888,4.286003993161898,2.0702666478407794,2.4037746160445796,8.06397839144518,2.839714491184841,2.854539379275834,8.425531576466176,2.9026766227856275,2.8697742738964034,2.839714491184841,2.839714491184841,2.5233341261917883,1.0,1.362054606160318,2.4196978747638513,36.06271557746178
5.689999999999923,1.4501560599616992,1.4501560599616992,4.302140261842277,2.074160134088561,2.402241301016145,8.094633574866593,2.8451069531507236,2.854541744285911,8.456444927275523,2.9079967206438737,2.8697738802464894,2.8451069531507236,2.8451069531507236,2.52414559338208,1.0,1.367987395641568,2.425618842456551,36.06271081081325
5.699999999999923,1.4582367640641691,1.4582367640641691,4.318318183214518,2.0780563474589706,2.4007146785324323,8.125372662329083,2.850503931295146,2.854545714696495,8.487405558867204,2.9133152179033432,2.8697734862536666,2.850503931295146,2.850503931295146,2.52511418164478,1.0,1.3738380682030373,2.431443477772019,36.06270602686082
5.709999999999923,1.4661482925365346,1.4661482925365346,4.334532524424903,2.08195401592468,2.399195255185622,8.156186182085415,2.8559037417401547,2.8545512281210472,8.518405238510645,2.918630712938971,2.8697730921133857,2.8559037417401547,2.8559037417401547,2.5262307200442318,1.0,1.3796463454388421,2.4372674115853767,36.06270122801181
5.7199999999999225,1.4738957280894796,1.4738957280894796,4.3507781117688875,2.0858518911391783,2.397683533597259,8.187064673639723,2.861304715272339,2.8545582193889762,8.549435801650358,2.9239418259689023,2.869772698020439,2.861304715272339,2.861304715272339,2.527486491217275,1.0,1.3853813362218708,2.443066965724341,36.06269641668415
5.729999999999922,1.4814840738658885,1.4814840738658885,4.36704983022779,2.0897487481101145,2.3961800121035037,8.217998689257549,2.866705197479774,2.854566620555307,8.580489153174568,2.929247199055513,2.869772304168724,2.866705197479774,2.866705197479774,2.5288732025076306,1.0,1.3910485724375299,2.4487664022444897,36.06269159530433
5.739999999999922,1.4889182515034967,1.4889182515034967,4.38334262292479,2.0936433848496714,2.394685184442885,8.248978795435233,2.872103548870624,2.8545763609130796,8.611557268592687,2.9345454960849877,2.8697719107510054,2.872103548870624,2.872103548870624,2.530382959173044,1.0,1.396664336610107,2.4543649782121237,36.062686766305305
5.749999999999922,1.4962030994523503,1.4962030994523503,4.399651490507021,2.0975346220043716,2.3931995394469454,8.279995574333533,2.8774981449748207,2.8545873670085333,8.642632195126215,2.9398354027268625,2.869771517958661,2.8774981449748207,2.8774981449748207,2.5320082394974737,1.0,1.402196007592245,2.4598977315058064,36.062681932124306
5.759999999999922,1.503343371526443,1.503343371526443,4.415971490460261,2.101421302466562,2.3917235607341865,8.311039625180287,2.8828873764301455,2.854599562659101,8.673706052717522,2.9451156263748834,2.8697711259814493,2.8828873764301455,2.8828873764301455,2.5337418716555,1.0,1.4076766311354945,2.465458639201401,36.06267709520085
5.769999999999921,1.5103437356773475,1.5103437356773475,4.43229773636271,2.105302290969805,2.3902577264076887,8.342101565646717,2.8882696490540347,2.8546128689742356,8.704771034961002,2.9503848960705112,2.8697707350072537,2.8882696490540347,2.8882696490540347,2.53557701218956,1.0,1.413083750232787,2.470915891022967,36.06267225797455
5.779999999999921,1.5172087729914596,1.5172087729914596,4.448625397084084,2.109176473670253,2.3888025087568105,8.37317203320182,2.893643383902346,2.854627204379107,8.735819409960698,2.955641962410315,2.869770345221844,2.893643383902346,2.893643383902346,2.5375071259728124,1.0,1.4184074937730506,2.4762691512343173,36.06266742288307
5.789999999999921,1.5239429768702855,1.5239429768702855,4.464949695936115,2.113042757716018,2.387358373963352,8.40424168644909,2.89900701731629,2.8546424846411766,8.76684352111864,2.9608855974384825,2.8697699568086232,2.89900701731629,2.89900701731629,2.5395259675414983,1.0,1.423686279147082,2.4815182151618016,36.06266259236007
5.799999999999921,1.5305507524160298,1.5305507524160298,4.481265909780412,2.116900070806464,2.3859257818125483,8.435301206449594,2.9043590009586615,2.854658622899688,8.797835787857798,2.9661145945256058,2.8697695699483843,2.9043590009586615,2.9043590009586615,2.541627563690659,1.0,1.4288782166627487,2.4867557447572652,36.062657768833134
5.809999999999921,1.5370364159785939,1.5370364159785939,4.4975693680993905,2.1207473607432337,2.384505185409282,8.466341298035385,2.909697801840491,2.8546755296980733,8.828788706283499,2.971327768234851,2.8697691848190585,2.909697506865092,2.9096976543527804,2.5438061972361954,0.9999997972021987,1.4339925594129288,2.491954439392051,36.06265295472167
5.81999999999992,1.5434041948782857,1.5434041948782857,4.513855452035842,2.124583594974752,2.383097030899873,8.49735269111683,2.915021902339128,2.854693113019304,8.85969484978704,2.9765239541765895,2.869768801595469,2.915013954597989,2.915017928460424,2.5460563918544974,0.999994542597043,1.4390504510087547,2.4970471837862167,36.06264815243492
5.82999999999992,1.5496582272848431,1.5496582272848431,4.530119593406549,2.12840776013586,2.381701757199806,8.528326141987458,2.9203298002087807,2.854711278324188,8.890546869595012,2.9817020088524964,2.86976842044908,2.920298964564363,2.920314382264246,2.548372897918366,0.9999788525491542,1.4440201502362708,2.5020340935996273,36.062643364369926
5.83999999999992,1.555802562223778,1.555802562223778,4.546357273695043,2.132218861584111,2.3803197957277558,8.559252434629572,2.925620008584432,2.8547299285926293,8.921337495267805,2.9868608094900915,2.869768041547747,2.9255470995746657,2.9255835533963865,2.550750679254803,0.9999500603936647,1.4489112523608803,2.5069153888852567,36.06263859290948
5.84999999999992,1.5618411597352204,1.5618411597352204,4.562564023028626,2.1360159229342432,2.378951570146235,8.590122382023814,2.9308910559800436,2.8547489643678468,8.952059535150566,2.9919992538686513,2.869767665055466,2.9307541826279793,2.9308226168988356,2.553184900756393,0.9999063646312201,1.4537410068395502,2.5117792244621127,36.06263384042017
5.8599999999999195,1.567777891149505,1.567777891149505,4.578735419144317,2.139797985592172,2.3775974961092157,8.620926827465635,2.9361414862818913,2.8547682838035646,8.982705876779738,2.997116260137357,2.8697672911321273,2.9359170520644127,2.936029262713144,2.5556709167837197,0.9998466569530379,1.458480979739564,2.516599613746083,36.06262910925035
5.869999999999919,1.5736165394723869,1.5736165394723869,4.5948670863484224,2.143564108289841,2.3762579810170394,8.65165664589136,2.941369858737823,2.8547877827141663,9.01326948724827,3.0022107666265323,2.8697669199332596,2.9410330386323613,2.9412014341507353,2.5582042603013178,0.9997701607236126,1.4631349262123052,2.521313455173303,36.062624401728236
5.879999999999919,1.5793607998912553,1.5793607998912553,4.610954694474109,2.14731336662214,2.3749334237789212,8.68230274521656,2.9465747479432047,2.854807354627809,9.04374341353228,3.007281731652736,2.869766551609787,2.946100040823566,2.9463373655434295,2.5607806326944274,0.9996764808684968,1.4677289092769845,2.525921216775308,36.06261972015987
5.889999999999919,1.5850142803582383,1.5850142803582383,4.626993957841167,2.1510448525870323,2.3736242145833657,8.71285606768902,2.9517547438242593,2.8548268908424936,9.074120782782074,3.012328133318493,2.869766186307772,2.9511158727376845,2.95143525609982,2.5633958942180266,0.9995651555045872,1.4722313038752342,2.530423448424291,36.062615066827284
5.899999999999919,1.5905805022833583,1.5905805022833583,4.642980634222021,2.1547576741299754,2.3723307346767597,8.74330759125861,2.956908451619463,2.8548462804850816,9.10439480258001,3.0173489693073305,2.869765824168174,2.956078763855845,2.956493519822867,2.5660460550335498,0.9994359977570305,1.4766423091579468,2.5348338675185538,36.06261044398653
5.909999999999918,1.5960629012911711,1.5960629012911711,4.658910523817776,2.1584509546936146,2.3710533561504388,8.773648330966083,2.962034491859621,2.8548654105732325,9.134558761167801,3.0223432566748274,2.8697654653265947,2.960987948833079,2.9615110806161633,2.568727266792244,0.999289498001282,1.4809843345108296,2.539266331391415,36.06260585386581
5.919999999999918,1.6014648280711057,1.6014648280711057,4.674779468247928,2.162123832773675,2.3697924417364824,8.803869340352705,2.967131500347213,2.854884166080261,9.164606027645654,3.0273100316362798,2.8697651099130326,2.965841646304991,2.9664863612938728,2.5714358147273826,0.9991254396163151,1.4852409852300876,2.543592970151525,36.062601298663616
5.929999999999918,1.6067895492766522,1.6067895492766522,4.690583349557197,2.165775461481914,2.3685483446124795,8.83396171289241,2.9721981281355405,2.8549024300028845,9.194530052145463,3.0322483493515935,2.8697647580516366,2.9706385311424692,2.971418019973974,2.5741681102204854,0.9989439068353329,1.4894041302070102,2.547814520717179,36.06259678054691
5.939999999999918,1.6120402484949377,1.6120402484949377,4.706318089242694,2.1694050081169016,2.367321408215511,8.863916583448106,2.97723304150819,2.8549200834318285,9.224324365980245,3.037157283707949,2.8697644098604584,2.975377973335295,2.976305069764047,2.5769206838094747,0.9987454465186798,1.4934767284815507,2.551931782604145,36.06259230164928
5.949999999999918,1.617220027269295,1.617220027269295,4.721979647304472,2.1730116537433646,2.3661119660655707,8.893725129753403,2.982234921959268,2.854937005625283,9.253982581771867,3.042035927100774,2.8697640654512098,2.980059667511699,2.981146693586952,2.5796901786091233,0.99853081384523,1.4974791925488882,2.555945613237961,36.06258786406916
5.959999999999917,1.6223319061747217,1.6223319061747217,4.737564021322352,2.1765945927807393,2.3649203415986153,8.923378573921195,2.987202466174865,2.854953074085152,9.283498393559011,3.0468833902135164,2.8697637249290135,2.984681723613992,2.985941288461058,2.5824733441164645,0.9982996693583359,1.5013858679619427,2.5598569234319117,36.06258346986809
5.969999999999917,1.6273788259234545,1.6273788259234545,4.753067245561663,2.1801530326015337,2.3637468480094563,8.952868183979966,2.9921343860161036,2.854968164636087,9.31286557688715,3.0516988017966566,2.869763388392169,2.989243933295929,2.9906881004152566,2.585267030375919,0.998052808418495,1.5051966637862169,2.56378267176443,36.06257912106895
5.979999999999917,1.6323636485232218,1.6323636485232218,4.76848539011042,2.1836861931400353,2.3625917881046545,8.98218527543898,2.997029408504191,2.854982151507242,9.342077988882373,3.0564813084464255,2.869763055931905,2.9937458935806935,2.9953862855362905,2.588068182480784,0.9977908792356377,1.5089143983301514,2.5676153163137907,36.06257481965431
5.989999999999917,1.6372891584536873,1.6372891584536873,4.783814560050233,2.1871933065118485,2.3614554541655814,9.011321212882981,3.0018862758077596,2.8549949074167285,9.371129568310565,3.061230074383591,2.8697627276321453,2.99818697452988,3.0000348937206964,2.5908738353895178,0.9975143615371636,1.5125557589596659,2.5713457790059513,36.06257056756475
5.9999999999999165,1.64215806388733,1.64215806388733,4.799050894663094,2.1906736166446827,2.360338127821794,9.040267411597172,3.0067037452328376,2.855006303658707,9.400014335623633,3.065944281232722,2.869762403569267,3.002566893196688,3.0046331561681447,2.5936811090368543,0.9972239572084316,1.5160987149992304,2.5749750827072426,36.06256636669719
6.009999999999916,1.6469729979133627,1.6469729979133627,4.814190566675979,2.194126378920772,2.359240079934853,9.069015339222975,3.0114805892157057,2.855016210193075,9.428726392994054,3.070623127802247,2.86976208381187,3.0068842852611755,3.009179769750132,2.5964872037212463,0.9969196193587272,1.519543019293424,2.57850428834162,36.06256221890333
6.019999999999916,1.6517365198013692,1.6517365198013692,4.829229781545106,2.197550859831259,2.3581615704926917,9.0975565174449,3.0162155953188923,2.8550244957377053,9.457259924339272,3.0752658298656512,2.869761768420544,3.0111387226410593,3.0136739078072634,2.599289395751536,0.9966019238918739,1.522888362697312,2.5819344910886124,36.06255812598806
6.029999999999916,1.6564511162606572,1.6564511162606572,4.8441647767814064,2.20094633664281,2.357102848514633,9.125882523708922,3.0209075662305396,2.855031027863157,9.485609195337112,3.079871619944103,2.869761457447635,3.015332056738579,3.0181158942585644,2.60208503333697,0.9962729785722088,1.52614723515388,2.585266816730548,36.06255408970798
6.039999999999916,1.6611192027277248,1.6611192027277248,4.858991821318725,2.2043120970767105,2.3560641519671424,9.153984992972376,3.0255553197673275,2.855035673089818,9.513768553433444,3.0844397470907814,2.869761150937021,3.019459594713867,3.022502779575045,2.6048715327058516,0.995930438378103,1.5293117751116576,2.5885813658400427,36.06255011176986
6.0499999999999154,1.6657431246506245,1.6657431246506245,4.873707214925999,2.207647439000621,2.3550457076903686,9.181855619485475,3.0301576888811375,2.8550382969874093,9.54173242784323,3.0889694766771703,2.8697608489238884,3.0235256520339493,3.0268361389860527,2.607646374439188,0.9955780513105623,1.5323745509715863,2.591827852020585,36.06254619382922
6.059999999999915,1.6703251587842467,1.6703251587842467,4.888307287664612,2.2109516701331606,2.3540477313355272,9.209486158604351,3.0347135216696075,2.8550387642767805,9.569495329545978,3.0934600901815394,2.8697605514345073,3.0275262620168863,3.031113401806678,2.6104071000066518,0.995213939055844,1.5353351251789196,2.5949771706720544,36.06254233748892
6.069999999999915,1.674867514477528,1.674867514477528,4.902788399391868,2.2142241077614226,2.3530704273131575,9.236868428635406,3.0392216813907154,2.855036938933927,9.597051851276591,3.0979108849798425,2.8697602584860147,3.031462432156035,3.0353344999935783,2.6131513084931037,0.9948395793381307,1.538193007850832,2.598030499749101,36.0625385442978
6.079999999999915,1.6793723349822365,1.6793723349822365,4.917146939311435,2.2174640784714947,2.3521139887522673,9.263994312710645,3.043681046481488,2.8550326842961624,9.624396667512489,3.1023211741392105,2.869759970086201,3.035334692546738,3.039499134368856,2.6158766535047464,0.99445610954508,1.5409545917060705,2.6009890353870757,36.06253481574936
6.089999999999915,1.6838416987260911,1.6838416987260911,4.9313793255715,2.2206709178920456,2.351178597470359,9.290855760693649,3.048090510580952,2.8550258631703516,9.651524534457891,3.106690286214236,2.8697596862332957,3.0391422824099767,3.0436063657565082,2.618580840244758,0.9940637803548377,1.5436200419125965,2.603853988812535,36.06253115328046
6.099999999999914,1.688277620609742,1.688277620609742,4.94548200491115,2.2238439704509734,2.35026442395433,9.317444791115618,3.0524489825573853,2.8550163379431437,9.678430290026002,3.111017565046202,2.8697594069157653,3.042884522650403,3.0476553036510303,2.6212616227489574,0.9936628845897889,1.546179791362117,2.606626583334848,36.06252755827016
6.109999999999914,1.6926820532718654,1.6926820532718654,4.959451452355406,2.2269825891450985,2.349371627352209,9.343753493140897,3.0567553865399333,2.8550039706931045,9.705108853819802,3.1153023695654007,2.8697591321121037,3.046559988158233,3.051644690308789,2.6239168012727268,0.9932531996905092,1.548633252944887,2.6093080514584917,36.06252403203845
6.119999999999914,1.6970568883649293,1.6970568883649293,4.97328417095926,2.2300861353228623,2.3485003554756765,9.369774028561311,3.061008661954636,2.8549886233046653,9.731555227112162,3.119544073596679,2.8697588617906375,3.050169501954254,3.055574405457454,2.6265442198210245,0.99283600416442,1.5509797983854814,2.611899632076677,36.0625205758452
6.129999999999914,1.701403957799378,1.701403957799378,4.986976691600817,2.2331539784799475,2.347650744813313,9.395498633818509,3.0652077635648958,2.8549701575838027,9.757764492825837,3.1237420656683286,2.8697585959093295,3.053712963609461,3.0594438731222287,2.6291417638138714,0.992411939190193,1.553218761265419,2.6144705772601715,36.06251719088902
6.1399999999999135,1.705725034988861,1.705725034988861,5.000525572823641,2.2361854960677214,2.3468229205544953,9.420919622053432,3.069351661516391,2.85494843537535,9.783731815513898,3.127895748824423,2.8697583344155912,3.057189532076156,3.063252152896018,2.6317073578802592,0.9919811343343939,1.555349440146974,2.61696942200879,36.06251387830626
6.149999999999913,1.7100218360691726,1.7100218360691726,5.0139274007282255,2.2391800733143876,2.346016996623836,9.446029385182038,3.07343934138646,2.854923318681836,9.80945244134113,3.132004540440695,2.869758077246093,3.060598035148859,3.0669981454065463,2.634238963773861,0.991543484434279,1.5573803148665164,2.6193792349551797,36.06251063917002
6.159999999999913,1.7142960211029838,1.7142960211029838,5.027178788912417,2.2421371030586905,2.3452330757260795,9.470820395996133,3.077469804237912,2.8548946697837714,9.834921698066827,3.136067872044039,2.8697578243265904,3.063939104746653,3.070681666992026,2.636734578404434,0.9911000820510615,1.5593018023749154,2.621701243945972,36.06250747448926
6.169999999999913,1.7185491952768466,1.7185491952768466,5.040276378460496,2.2450559855960153,2.3444712494013116,9.49528521028834,3.081442066677279,2.8548623513612554,9.86013499502945,3.14008518913571,2.8697575755717426,3.067212775039448,3.0743022417188084,2.6391922319791754,0.990651603620118,1.5611118226101168,2.623936673632983,36.06250438520789
6.179999999999913,1.7227829100557144,1.7227829100557144,5.053216837980546,2.247936128536695,2.3437315980903617,9.519416468999946,3.0853551609174503,2.8548262266168143,9.885087823133393,3.1440559510182693,2.8697573308849504,3.0704192044321847,3.0778594646215325,2.641609986248722,0.9901987944860592,1.562809630518921,2.6260867430797825,36.062501372203954
6.1899999999999125,1.7269986643430173,1.7269986643430173,5.065996863689644,2.2507769466763348,2.3430141912102367,9.543206900390443,3.089208134844663,2.854786159399354,9.909775754838341,3.147979630626339,2.869757090158189,3.0735586816483407,3.081353004918751,2.6439859328528246,0.9897424727887186,1.5643944592743675,2.62815266342575,36.06249843628896
6.199999999999912,1.731197905591116,1.731197905591116,5.078613179546266,2.253577861877922,2.3423190872394337,9.566649322227457,3.093000052089792,2.8547420143291125,9.934194444151428,3.1518557143612123,2.8697568532718463,3.0766266472824753,3.0847800963900642,2.646318191761068,0.9892802036375936,1.5658655238427748,2.6301356356464454,36.06249557820705
6.209999999999912,1.7353820309174988,1.7353820309174988,5.0910625374292735,2.256338302965509,2.3416463338129594,9.58973664399566,3.096729992103874,2.8546936569235166,9.958339626622378,3.1556837019293265,2.869756620094584,3.0796252730928257,3.0881413725707265,2.648604909804337,0.9888140396039942,1.5672220246069046,2.6320368483644483,36.06249279863449
6.219999999999912,1.7395523881715402,1.7395523881715402,5.103341717362752,2.2590577056292194,2.3409959678268506,9.612461869123326,3.100397050237812,2.854640953723796,9.98220711934203,3.1594631061846616,2.869756390483179,3.0825571374652663,3.091437682210298,2.6508442592930175,0.9883462867481541,1.568463151076376,2.633857475749161,36.06249009817898
6.229999999999912,1.743710276992911,1.743710276992911,5.115447527785849,2.261735512341319,2.3403680155520217,9.634818097224995,3.104000337826173,2.8545837724222602,10.005792820944247,3.1631934529750545,2.8697561642823928,3.085417459937638,3.0946661706412573,2.653034436718175,0.9878743295414728,1.5695880856456987,2.6355986754711767,36.062487477379264
6.239999999999911,1.7478569498412837,1.7478569498412837,5.1273768058667635,2.2643711722831052,2.339762492757217,9.656798526358719,3.107538982274996,2.854521981990114,10.029092711611431,3.1668742809924475,2.8697559413248395,3.0882066369470036,3.097826601858078,2.6551736615322445,0.9873989927428574,1.5705960074042635,2.637261586723476,36.06248493670456
6.249999999999911,1.7519936129937932,1.7519936129937932,5.139126417859885,2.26696414128232,2.3391794048408423,9.678396455296388,3.111012127153539,2.854455452805669,10.052102853083824,3.1705051416270917,2.8697557214308604,3.090930063034597,3.1009212730659064,2.6572601750059857,0.9869244128060122,1.5714860959897672,2.6388473283087968,36.0624824765542
6.259999999999911,1.7561214275237922,1.7561214275237922,5.1506932595051085,2.2695138817608296,2.33861874697146,9.699605285805381,3.1144189322898392,2.8543840567828527,10.074819388672564,3.174085598825678,2.8697555044084053,3.0935754327684144,3.1039435514321347,2.659292239158666,0.9864429392276692,1.572260493099785,2.6404058292602572,36.0624800972574
6.269999999999911,1.7602415102509195,1.7602415102509195,5.1620742564682045,2.2720198626922707,2.338080504236693,9.720418524940024,3.1177585738700206,2.8543076674998638,10.09723854327667,3.177615228953416,2.8697552900529253,3.096155521075913,3.106899479870724,2.6612681357586787,0.9859635836801517,1.5729155139516173,2.641890267060705,36.06247779907281
6.2799999999999105,1.764354934657747,1.764354934657747,5.173266364821143,2.2744815595693764,2.3375646518003,9.740829787341031,3.121030244541221,2.8542261603278627,10.119356623403924,3.1810936206600275,2.8697550781472696,3.0986594733654775,3.1097831721757445,2.6631861653919686,0.9854796458341156,1.5734496896649024,2.6432980406887436,36.06247558218853
6.28999999999991,1.7684627317900394,1.7684627317900394,5.184266571561163,2.2768984543806874,2.3370711550671515,9.760832797541212,3.1242331535180297,2.8541394125595545,10.141170017195693,3.1845203747496567,2.8697548684615937,3.1010957748352097,3.1125985248877828,2.665044646595833,0.9849972483486145,1.5738622581958008,2.64463018614054,36.062473446721775
6.29999999999991,1.7725658911159667,1.7725658911159667,5.195071895167356,2.279270035596343,2.3365999698558535,9.780421392275704,3.127366526692339,2.854047303537534,10.1626751944557,3.1878951040546646,2.86975466075327,3.103455386974166,3.115340582855456,2.666841915055832,0.984510883284683,1.5741524726290785,2.6458877121008584,36.062471392718976
6.30999999999991,1.776665361364568,1.776665361364568,5.2056793861935535,2.2815957981626704,2.336151042578732,9.79958952279481,3.1304296067464623,2.8539497147822654,10.18386870668264,3.1912174333132866,2.8697544547668103,3.1057479237670353,3.1180138345766846,2.6685763228637107,0.9840273842305479,1.5743196049813835,2.647071598251503,36.06246942015566
6.31999999999991,1.7807620513386502,1.7807620513386502,5.216086127896101,2.283875243505236,2.3357243104289056,9.818331257177686,3.1334216532694232,2.853846530119552,10.204747187106676,3.194486999051127,2.8697542502338007,3.1079605166811586,3.1206114000759473,2.670246237834379,0.9835386935789747,1.5743629499671632,2.6481827936248705,36.062467528936594
6.3299999999999095,1.7848568306888946,1.7848568306888946,5.226289236895281,2.2861078795400886,2.335319701574154,9.836640782644935,3.136341942876276,2.8537376358073665,10.225307350729679,3.197703449466457,2.8697540468728375,3.1101061875328018,3.1231395138267035,2.671850042880127,0.9830538646441279,1.5742818287231752,2.6492222150095355,36.06246571889589
6.339999999999909,1.7889505306661515,1.7889505306661515,5.236285863868962,2.288293220692873,2.3349371353572907,9.854512407868175,3.1391897693303243,2.8536229206619015,10.245545994369122,3.2008664443192756,2.869753844389476,3.112172956712521,3.1255917593965963,2.67338613544041,0.9825654111344369,1.5740755924649739,2.650190745393201,36.06246398979719
6.349999999999909,1.7930439448440072,1.7930439448440072,5.2460731942770815,2.290430787925512,2.3345765225027355,9.871940565274665,3.1419644436681113,2.8535022761827085,10.26545999670556,3.2039756548241063,2.869753642476192,3.114167743302217,3.1279713010623853,2.6748529269656327,0.9820783227295183,1.5737436260671316,2.6510892324463406,36.06246234133398
6.359999999999909,1.7971378298075946,1.7971378298075946,5.255648449115552,2.292520108770161,2.3342377653289894,9.888919813345057,3.144665294327054,2.8533755966767727,10.285046318333526,3.207030763546481,2.8697534408123437,3.1160915898533306,3.130278337180041,2.676248842453495,0.9815936848818198,1.573285351556126,2.651918487046905,36.06246077312989
6.369999999999909,1.8012329058168441,1.8012329058168441,5.265008885698161,2.2945607173701377,2.3339207579666916,9.905444838902186,3.147291667275562,2.853242779381396,10.304302001815678,3.2100314643030647,2.8697532390641496,3.1179334441523214,3.1325069398575347,2.6775723200365644,0.9811046102234714,1.5727002314958338,2.6526792818379694,36.06245928473911
6.379999999999908,1.8053298574408883,1.8053298574408883,5.274151798464987,2.2965521545275185,2.3336253865819545,9.92151045938894,3.149842926145515,2.853103724585756,10.323224171740097,3.212977462065381,2.8697530368846804,3.1197048003733676,3.1346626249788176,2.678821810619835,0.9806190495844128,1.571987772254307,2.653372349818356,36.06245787564689
6.389999999999908,1.8094293341598515,1.8094293341598515,5.283074519815885,2.2984939677571234,2.3333515296046543,9.9371116251332,3.152318452366956,2.8529583357509734,10.341810034780533,3.2158684728670934,2.869752833913844,3.1214032818007937,3.136743883829091,2.679995777567148,0.9801357981972099,1.5711498409141549,2.653998382966477,36.06245654527005
6.399999999999908,1.8135319509369507,1.8135319509369507,5.291774420967561,2.300385711346591,2.3330990579613555,9.952243421597725,3.1547176453048418,2.8528065196285843,10.360056879759332,3.218704223714775,2.8697526297784037,3.1230187780178085,3.1387452870554178,2.681092696435398,0.9796485672005459,1.5701861115783924,2.6545580308930576,36.0624552929576
6.409999999999908,1.8176382887616473,1.8176382887616473,5.300248912832754,2.302226946422258,2.3328678353125505,9.966901071612979,3.157039922397716,2.852648186377247,10.377962077712992,3.221484452502137,2.869752424091987,3.1245618927495995,3.14067193198199,2.68211105475558,0.9791646675365882,1.5690945945100017,2.6550518995199592,36.062454117991436
6.419999999999908,1.821748895167132,1.821748895167132,5.308495446920042,2.3040172410205706,2.332657718293883,9.981079937590767,3.1592847192981464,2.852483249677561,10.395523081959965,3.2242089079276433,2.8697522164551152,3.1260319336950917,3.142523191611019,2.6830493518597613,0.9786839665096168,1.567875043306566,2.6554805497806973,36.06245301958705
6.429999999999907,1.82586428471181,1.82586428471181,5.316511516252764,2.305756170164739,2.3324685567610297,9.9947755237166,3.1614514900147683,2.852311626844864,10.41273742817063,3.226877349415473,2.8697520064552395,3.1274213291103585,3.1442949496712296,2.683906098753172,0.9782018122372798,1.5665272732164888,2.65584449634734,36.062451996894374
6.439999999999907,1.8299849394288996,1.8299849394288996,5.324294656305607,2.307443315946376,2.3323001940379187,10.007983478118671,3.163539707055796,2.852133238939847,10.429602734439007,3.2294895470397496,2.8697517936667944,3.128732244342782,3.1459880467333834,2.6846798180306433,0.9777199327886072,1.5650511632343005,2.656144206378706,36.06245104899868
6.449999999999907,1.8341113092582533,1.8341113092582533,5.331842445957343,2.30907826761185,2.3321524671679374,10.020699595011354,3.165548861573827,2.8519480108768733,10.446116701356186,3.2320452814520073,2.8697515776512494,3.129968551444984,3.147604203042522,2.6853690438367064,0.9772411532944889,1.563446657972764,2.656380098278362,36.062450174921466
6.459999999999907,1.838243812433799,1.838243812433799,5.339152508458251,2.3106606216530916,2.332025207167817,10.03291981681102,3.1674784635117916,2.851755871529855,10.46227711208501,3.234544343811816,2.869751357957184,3.1311296750472803,3.1491428873327014,2.6859723218687046,0.9767653700481738,1.5617137693243115,2.656552540477843,36.06244937362146
6.4699999999999065,1.8423828358552403,1.8423828358552403,5.346222512410742,2.3121899819025993,2.331918239283859,10.044640236222087,3.1693280417498735,2.851556753835556,10.47808183243583,3.236986535720504,2.869751134120369,3.1322122652359212,3.1506021645752567,2.686488209422324,0.9762906541026846,1.559852577883791,2.6566618502240207,36.06244864399581
6.479999999999906,1.8465287354114859,1.8465287354114859,5.353050172761741,2.313665959632406,2.331831383250165,10.055857098291183,3.1710971442532605,2.8513505948941784,10.493528810943044,3.2393716691579315,2.869750905663858,3.1332120523301796,3.1519796383415497,2.686915275479017,0.9758144700376321,1.557863234151928,2.656708292389745,36.062447984881075
6.489999999999906,1.8506818362970259,1.8506818362970259,5.359633251805335,2.3150881736567475,2.3317644535485518,10.066566802427193,3.172785338220535,2.851137336067116,10.508616078942104,3.2416995664222346,2.8697506720980943,3.1341354882089374,3.15327838279172,2.68725210083479,0.9753412738728536,1.5557459594842558,2.656692078278781,36.06244739505454
6.499999999999906,1.8548424332776812,1.8548424332776812,5.365969560194297,2.31645625043822,2.331717259669815,10.076765904385088,3.174392210232549,2.8509169230717344,10.523341750646713,3.2439700600724897,2.869750432921024,3.1349821189466494,3.1544979660101538,2.687497278269913,0.9748709919739841,1.5535127377969549,2.656613364451227,36.0624468732354
6.509999999999906,1.8590107909358193,1.8590107909358193,5.372056957958997,2.317769824197174,2.3316896063760204,10.08645111821139,3.175917366401618,2.8506893060730523,10.537704023225876,3.2461829928742274,2.8697501876182265,3.135751521866483,3.1556379815202225,2.687649412759113,0.974403558801886,1.551154238040429,2.656472251547751,36.06244641808615
6.519999999999905,1.86318714389231,1.86318714389231,5.3778933555323265,2.3190285370241406,2.331681293963499,10.09561931814907,3.177360432520848,2.8504544397721974,10.551701176880496,3.2483382177477296,2.8697499356630534,3.1364433057098493,3.1566980484557337,2.6877071217218473,0.9739389168959461,1.5486701994827043,2.6562687831125062,36.062446028213905
6.529999999999905,1.8673716969803908,1.8673716969803908,5.3834767147792135,2.320232038995069,2.3316921185262105,10.104267540499796,3.178721054213439,2.8502122834915107,10.565331574919215,3.2504355977190524,2.8697496765167787,3.1370539810228593,3.1576762143557793,2.6876690353122865,0.9734749784057447,1.5460612028210676,2.6560029444284234,36.0624457021719
6.539999999999905,1.8715646254064404,1.8715646254064404,5.388805050029361,2.3213799882891557,2.331721872219169,10.112392985441284,3.1799988970817714,2.8499628012561877,10.57859366383313,3.2524750058737006,2.869749409628766,3.137582684420153,3.15857187497443,2.687533796748651,0.9730113575004281,1.5433279014653314,2.6556746613405973,36.06244543846095
6.549999999999905,1.8757660748707752,1.8757660748707752,5.393876429111761,2.32247205130907,2.3317703435216126,10.11999301879769,3.181193646856112,2.8497059618723246,10.591485973369073,3.254456325312889,2.869749134436641,3.1380331779627637,3.159386797934657,2.687300062681565,0.9725506648409511,1.5404710207766577,2.6552837990828606,36.062445235531
6.559999999999905,1.8799761616650037,1.8799761616650037,5.39868897438978,2.3235079028033843,2.331837317499592,10.12706517376085,3.1823050095427448,2.849441739001262,10.604007116601075,3.256379449112323,2.8697488503664856,3.1384051989309043,3.160120707353485,2.6869665036011097,0.9720928750724891,1.5375053439114221,2.654830161095168,36.06244509178282
6.569999999999904,1.8841949727288723,1.8841949727288723,5.403240863795289,2.3244872259909903,2.3319225760676705,10.133607152560234,3.183332711571355,2.8491701112301127,10.61615578999973,3.258244280283437,2.869748556833032,3.1386985172916755,3.1607733540249265,2.6865318042822564,0.9716379712023734,1.5344238403542372,2.654313487840538,36.06244500556953
6.579999999999904,1.8884225656915796,1.8884225656915796,5.407530331860691,2.325409712687356,2.3320258982494364,10.139616828079532,3.1842764999414754,2.8488910621383554,10.627930773499042,3.260050731737014,2.8697482532398797,3.1389129359130803,3.1613445156123734,2.685994664268385,0.971185944632071,1.5312230199657615,2.6537334556041405,36.06244497519841
6.589999999999904,1.8926589688674818,1.8926589688674818,5.411555670747401,2.3262750634323965,2.332147060436513,10.145092245417668,3.185136142367806,2.8486045803604023,10.639330930560389,3.261798726249121,2.869747938979721,3.139048290784962,3.1618339968438622,2.6853537983925677,0.970736795197564,1.5279039544343627,2.6530896752914215,36.062444998932634
6.599999999999904,1.8969041812289622,1.8969041812289622,5.415315231269588,2.32708298761982,2.332285836645774,10.150031623392191,3.1859114274242137,2.848310659644026,10.650355208233327,3.263488196429294,2.8697476134345807,3.1391044512465074,3.162241629709957,2.6846079373363385,0.97029053121804,1.5244677791782772,2.6523816912093268,36.06244507499309
6.6099999999999035,1.9011581723506552,1.9011581723506552,5.418807423911856,2.3278332036277547,2.3324419987744607,10.154433355982974,3.186602164686231,2.848009298904549,10.661002637212732,3.2651190846908986,2.8697472759760654,3.139081320219978,3.162567273663986,2.683755828225614,0.969847169552816,1.5209371007843144,2.651608979832597,36.06244520156023
6.619999999999903,1.905420882318444,1.905420882318444,5.4220307198396265,2.3285254389505017,2.3326153168529227,10.158296013714065,3.1872081848718423,2.8477005022746953,10.671272331892043,3.2666913432236053,2.8697469259656274,3.1389788344502887,3.162810815824346,2.68279623526347,0.9694067356664086,1.5172966840682578,2.650770948557517,36.062445376775955
6.629999999999903,1.9096922216025594,1.9096922216025594,5.424983651901006,2.3291594303312526,2.3328055592946773,10.161618344971679,3.187729339980369,2.8473842791500292,10.681163490412136,3.2682049339679016,2.8697465627548424,3.1387969647501195,3.1629721711786223,2.6817279403994276,0.9689692637016938,1.5135448679872332,2.6498669344418957,36.06244559874557
6.639999999999903,1.9139720709148924,1.9139720709148924,5.427664815618867,2.3297349238956064,2.3330124931435354,10.16439927725627,3.188165503429248,2.8470606442298716,10.690675394705472,3.2696598285915726,2.869746185685698,3.1385357162501735,3.1630512827892185,2.680549744034917,0.9685347965610807,1.509683080264549,2.648896202917579,36.06244586553977
6.649999999999903,1.918260281015168,1.918260281015168,5.430072870172,2.3302516752857407,2.3332358843174847,10.166637918366629,3.188516570188499,2.846729617553625,10.699807410535172,3.271056008468087,2.8697457940908992,3.1381949416978587,3.1630480261789806,2.67926046576455,0.9681032648144928,1.5057332606557206,2.6478579464955683,36.062446175196676
6.659999999999902,1.9225566725060907,1.9225566725060907,5.43220653936411,2.3307094497950853,2.3334754978490837,10.168333557514094,3.188782456912684,2.8463912245324194,10.70855898752859,3.2723934646568082,2.869745387294179,3.1377736700900996,3.162961865032005,2.677858945152813,0.9676740517698053,1.5016875054410452,2.646751283438094,36.06244652572384
6.669999999999902,1.9268610355768763,1.9268610355768763,5.434064612579508,2.3311080225033565,2.333731098122094,10.169485666364745,3.18896310207013,2.8460454959760106,10.716929659205048,3.273672197884976,2.8697449646106286,3.1372736830776886,3.1627936847862435,2.6763440425457747,0.9672483109565132,1.4975384570980963,2.6455752564209596,36.06244691510038
6.679999999999902,1.931173129728822,1.931173129728822,5.435645945724322,2.3314471784117954,2.3340024491040885,10.170093900007766,3.18905846606922,2.8456924681148554,10.724919042997278,3.274892218531364,2.8697445253470386,3.136695129890066,3.16254354528104,2.6747146399173576,0.9668261237417838,1.4932877695793167,2.644328831164708,36.06244734127907
6.689999999999902,1.9354926834603594,1.9354926834603594,5.436949462152109,2.3317267125784937,2.3342893145747934,10.17015809784794,3.189068531381529,2.8453321826173053,10.732526840266278,3.2760535466115748,2.869744068802253,3.1360381956444416,3.162211535601349,2.6729696417497055,0.966407580991415,1.4889701221051315,2.6430108950471887,36.062447802188494
6.699999999999902,1.9398193939256196,1.9398193939256196,5.437974153572718,2.331946430253645,2.3345914583499017,10.16967828442047,3.188993302661589,2.8449646866018465,10.7397528363091,3.277156211764874,2.869743594267532,3.1353031016163966,3.161797774284832,2.6711079759471352,0.9659927831967398,1.4845583598174503,2.6416202556881987,36.062448295735244
6.709999999999901,1.944152926555885,1.944152926555885,5.438719080943326,2.332106147014609,2.334908644500133,10.168654670126148,3.188832806863061,2.8445900326443465,10.746596900359243,3.278200253242508,2.869743101026938,3.134490105513301,3.1613024095284445,2.6691285947831145,0.9655818406094101,1.4800523388241391,2.640155639511786,36.06244881980608
6.719999999999901,1.948492914647047,1.948492914647047,5.439183375340517,2.3322056889006415,2.3352406375652905,10.167087651885167,3.1885870933510922,2.8442082787802354,10.753058985579258,3.279185719897435,2.869742588357723,3.1335995017502154,3.1607256193942304,2.6670304758796832,0.96517487338404,1.4754735072280627,2.63862421188429,36.06244937227017
6.729999999999901,1.9528389589183464,1.9528389589183464,5.43936623881233,2.3322448925471635,2.335587202763105,10.164977813707642,3.1882562340106295,2.843819488501601,10.759139129045167,3.280112670175396,2.8697420555307325,3.1326306031506914,3.160067088594523,2.6648126232186664,0.9647713524936199,1.470825086696771,2.6370477858334396,36.06244995098135
6.739999999999901,1.9571906270320873,1.9571906270320873,5.439266945209211,2.3322236053194407,2.3359481061926273,10.162325927179193,3.187840323350464,2.8434237307491363,10.764837451722288,3.2809811721072535,2.8697415018108288,3.1315835863767574,3.1593269563446427,2.6624740681839962,0.9643712941876175,1.466090131405659,2.6353939871515677,36.062450553780316
6.7499999999999005,1.961547453083935,1.961547453083935,5.438884840992825,2.3321416854455532,2.3363231150319663,10.159132951859801,3.1873394786027736,2.8430210798989206,10.770154158432188,3.2817913033025405,2.8697409264573133,3.130459587951387,3.1585058664699086,2.660013870634409,0.9639753218727659,1.461282848252324,2.6336611525060745,36.06245117849696
6.7599999999999,1.9659089370487435,1.9659089370487435,5.438219346021628,2.331999002148506,2.3367119977301676,10.155400035594294,3.186753839817926,2.8426116157439902,10.775089537810212,3.282543150944129,2.8697403287243772,3.129259045757279,3.157604115138849,2.657431120005698,0.9635835927608026,1.4564247006716606,2.631847529732025,36.062451822952596
6.7699999999999,1.9702745442091505,1.9702745442091505,5.437269954312233,2.3317954357773827,2.3371145241930225,10.151128514732788,3.186083569954308,2.842195423470692,10.7796439622534,3.2832368117839748,2.8697397078615507,3.1279824355640735,3.1566220292767535,2.6547249364416925,0.9631962745915754,1.4514879070094264,2.6299512762910138,36.062452484962286
6.7799999999999,1.9746437045335186,1.9746437045335186,5.436036234775522,2.3315308779373956,2.337530465962621,10.146319914259607,3.1853288549629544,2.8417725936297806,10.783817887858302,3.28387239213985,2.869739063114173,3.126630271315444,3.1555599667621452,2.6518944719530397,0.9628135458234954,1.4464856375789288,2.6279704577214735,36.06245316233709
6.7899999999999,1.9790158120149517,1.9790158120149517,5.434517831926466,2.331205231618715,2.337959596390476,10.140975947828977,3.184489903866705,2.8413432221022723,10.787611854348325,3.2844500078929997,2.869738393723874,3.1252031054163285,3.154418316620267,2.6489389116027997,0.9624355958318022,1.441444952497541,2.625903046074876,36.06245385288645
6.7999999999998995,1.9833902239989183,1.9833902239989183,5.432714466566723,2.3308184113239543,2.3384016908040124,10.135098517706213,3.183566948833684,2.8409074100600265,10.791026484990356,3.2849697844866634,2.8697376989290606,3.123701529019975,3.153197499213252,2.6458574747178316,0.9620626251146633,1.4363335098873005,2.623746918323401,36.06245455442035
6.809999999999899,1.9877662604383772,1.9877662604383772,5.4306259364389575,2.3303703431941796,2.3388565266662886,10.12868971461282,3.182560245244828,2.840465263921062,10.794062486500142,3.2854318569253786,2.86973697796543,3.1221261723144735,3.1518979664266458,2.6426494161248453,0.9616948455071457,1.4311696362768258,2.621499854776036,36.062455264751726
6.819999999999899,1.9921432031449364,1.9921432031449364,5.428252116851992,2.3298609651333257,2.3393238837287567,10.121751817474243,3.1814700717552324,2.8400168952996196,10.796720648936262,3.285836369775017,2.8697362300664766,3.120477704808436,3.1505202018519167,2.6393140274099443,0.9613324804030807,1.425973301554486,2.6191595374655314,36.06245598169872
6.829999999999899,1.9965202949832543,1.9965202949832543,5.425592961275755,2.3292902269308895,2.3398035441769314,10.114287293068934,3.180296730349062,2.8395624209509713,10.79900184558219,3.2861834771634695,2.8697354544640223,3.1187568356155198,3.1490647209646396,2.6358506382004063,0.9609757649848744,1.4207139550678736,2.6167235485389098,36.062456703086916
6.839999999999899,2.0008967390288293,2.0008967390288293,5.4226485019051385,2.328658090382772,2.340295292768812,10.10629879557749,3.179040546387776,2.8391019627110023,10.80090703281616,3.286473342781919,2.8697346503887635,3.116964313737456,3.147532071297969,2.632258617467381,0.9606249464613007,1.4154210407422159,2.6141893686424362,36.0624574267517
6.849999999999898,2.0052716976972085,2.0052716976972085,5.419418850191835,2.3279645294101527,2.3407989169659253,10.097789166030742,3.1777018686514222,2.8386356474305794,10.802437249968618,3.286706139886652,2.8697338170708138,3.1151009283452398,3.145922832611053,2.628537374848107,0.9602802843133091,1.4100951675641125,2.6115719098331867,36.06245815054042
6.859999999999898,2.0096442918221835,2.0096442918221835,5.415904197343201,2.3272095301762583,2.341314207056862,10.088761431655644,3.1762810693727412,2.8381636069047427,10.803593619166772,3.28688205130132,2.869732953740266,3.1131675090581767,3.144237617052023,2.624686361986169,0.9599420505479059,1.4047137700636791,2.6088871833765,36.06245887231472
6.869999999999898,2.014013599705749,2.014013599705749,5.412104814787322,2.3263930912009094,2.3418409562731863,10.079218805118014,3.174778544263838,2.837685977796752,10.804377345166019,3.2870012694195934,2.869732059627776,3.111160217348287,3.1424746397437637,2.6207050738882547,0.9596074790370642,1.3993229487778707,2.606096353582081,36.06245958995269
6.879999999999898,2.018378656118732,2.018378656118732,5.408021054603341,2.3255152234727126,2.342378960897614,10.06916468366115,3.1731947125351683,2.8372029015570224,10.804789715167999,3.287063996208166,2.8697311339651335,3.10908067403844,3.1406349423456725,2.6165930502957857,0.9592773238938294,1.3938924969518485,2.6031964357652218,36.06246030135108
6.8899999999998975,2.022738451264262,2.022738451264262,5.403653349916223,2.324575950558773,2.342928020364356,10.058602648139445,3.171530016906579,2.836714524337014,10.804832098624885,3.2870704432100153,2.869730175985868,3.106933260612683,3.138721003614832,2.612349877069712,0.9589541161258622,1.388422450113748,2.6001843375031424,36.06246100442753
6.899999999999897,2.027091929706346,2.027091929706346,5.399002215255132,2.323575308711799,2.34348793735154,10.0475364619463,3.169784923610165,2.8362209968981027,10.804505947029709,3.2870208315478786,2.869729184925854,3.104718962151295,3.1367335619392214,2.607975187586705,0.9586381736120677,1.382954174079833,2.597056857300584,36.062461697122664
6.909999999999897,2.0314379892487047,2.0314379892487047,5.394068246874582,2.3225133469744756,2.3440585178656286,10.035970069835576,3.1679599223846844,2.8357224745155167,10.803812793692485,3.2869153919278915,2.8697281600239193,3.1024388053549248,3.1346733887343166,2.6034686641448945,0.9583298279480374,1.3774426816764054,2.5938106833026446,36.06246237740223
6.919999999999897,2.0357754797728647,2.0357754797728647,5.3888521230376005,2.321390127280979,2.344639571317761,10.023907596636045,3.166055526461285,2.8352191168773793,10.802754253501782,3.2867543646432997,2.869727100522482,3.1000938588072775,3.132541288568553,2.5988300393772064,0.9580294247490049,1.3719222036766767,2.590442392055863,36.06246304325918
6.929999999999897,2.0401032020394805,2.0401032020394805,5.383354604260129,2.3202057245555037,2.3452309105919675,10.011353345858332,3.1640722725402988,2.834711087978953,10.801332022671646,3.286537999578226,2.869726005668181,3.0976852332333595,3.1303380992807393,2.5940590976703284,0.9577373239611703,1.3663884179317651,2.5869484473217703,36.06246369271578
6.9399999999998965,2.0444199064418482,2.0444199064418482,5.377576533515933,2.318960226807681,2.345832352105195,9.99831179819396,3.1620107207588593,2.834198556012134,10.799547878473552,3.2862665562114026,2.8697248747125244,3.0952125983736587,3.1280639254405314,2.589155676587204,0.9574529368865321,1.3608187200108552,2.5833714930208993,36.06246432382555
6.949999999999896,2.048724291722464,2.048724291722464,5.371518836401317,2.3176537352247677,2.3464437158591167,9.984787609906196,3.1598714546490965,2.833681693250305,10.79740367895328,3.2859403036198453,2.869723706912544,3.0926681823818645,3.125715035522021,2.584119668290932,0.9571708242767697,1.3552723557526423,2.5796744445440623,36.0624649346753
6.959999999999896,2.0530150036319847,2.0530150036319847,5.365182521259011,2.3162863642604754,2.3470648254836908,9.970785611112497,3.1576550810866753,2.833160675928616,10.794901362632448,3.285559520482386,2.869722501531462,3.0900630518679053,3.123297445894204,2.5789510209678577,0.9568977680329296,1.3496937767933281,2.5758403932175815,36.06246552338703
6.969999999999896,2.0572906335662506,2.0572906335662506,5.35856867926055,2.3148582417203327,2.3476955082724555,9.95631080395852,3.1553622302294424,2.8326356841197984,10.79204294819463,3.285124495083045,2.869721257839364,3.087398478263936,3.1208121230668335,2.573649740247572,0.9566341804032671,1.3441146476483343,2.5718653299728675,36.062466088119876
6.979999999999896,2.061549717137818,2.061549717137818,5.351678484446606,2.3133695088434547,2.3483355952095524,9.94136836068371,3.1529935554459527,2.8321069016055964,10.788830534155858,3.284635525314165,2.86971997511388,3.084675776196199,3.11826006720811,2.5682158906175134,0.956380489444995,1.3385368848712869,2.5677451334895007,36.06246662707193
6.989999999999895,2.065790732717438,2.065790732717438,5.3445131937246995,2.3118203203806087,2.3489849209884905,9.925963621578585,3.150549733233644,2.831574515743943,10.785266298519414,3.284092918679283,2.869718652640877,3.0818963037127154,3.1156423122083643,2.5626495968297522,0.9561371393858249,1.3329341008493032,2.563475569974355,36.062467138482006
6.999999999999895,2.0700120999170766,2.0700120999170766,5.337074146823807,2.3102108446684704,2.3496433240226664,9.910102092834084,3.148031463126454,2.831038717331965,10.781352498414835,3.2834969922956887,2.8697172897151586,3.0790575458434386,3.11295789905364,2.5569510452975432,0.9559020398483005,1.327365322195589,2.5590677115451568,36.062467620631466
7.009999999999895,2.0742121780481635,2.0742121780481635,5.32936276620541,2.3085412636999605,2.350310646447675,9.893789444283252,3.1454394675916513,2.83049970046495,10.777091469721043,3.2828480728966185,2.869715885641166,3.0761539759746497,3.1102043197260447,2.5511204854791467,0.9556711174303437,1.321773975254132,2.5545485160374364,36.062468071845856
7.019999999999895,2.078389264514169,2.078389264514169,5.321380556930626,2.306811773190571,2.350986734115444,9.87703150703586,3.14277449191568,2.829957662391397,10.772485626673548,3.282146496833063,2.8697144397336976,3.0731972991487075,3.1073879945507734,2.5451582312463885,0.9554515139420396,1.316195945966474,2.549866548200756,36.06246849049658
7.0299999999998946,2.0825415931655984,2.0825415931655984,5.313129106483026,2.305022582640575,2.351671436580275,9.859834271006653,3.140037304078831,2.8294128033642547,10.76753746145572,3.281392610075137,2.869712951318628,3.0701890378752363,3.1045100868809863,2.5390646622354103,0.9552437325772017,1.310624907638621,2.5450171638345385,36.06246887500249
7.039999999999894,2.0866673326140823,2.0866673326140823,5.304610084546931,2.3031739153930455,2.352364607076828,9.84220388233789,3.1372286946185306,2.8288653264885033,10.762249543774153,3.2805867682129906,2.86971141973363,3.0671307589671435,3.1015717938895526,2.532840225177,0.9550482944230446,1.3050443450398672,2.5399956168531093,36.062469223831364
7.049999999999894,2.090764584492193,2.090764584492193,5.29582524274095,2.3012660086875982,2.3530661024901596,9.824146640717183,3.134349476481074,2.828315437565208,10.756624520418107,3.2797293364572186,2.8697098443289186,3.0640194715509264,3.0985719632446522,2.526485435203904,0.9548627316351573,1.2995003557984388,2.5347970607188377,36.06246953550148
7.059999999999894,2.0948313816775395,2.0948313816775395,5.2867764143066305,2.299299113709791,2.353775783317902,9.805668996591713,3.13140048486164,2.827763344932168,10.75066511480317,3.2788206896387564,2.869708224467977,3.0608488174076065,3.0955077078518842,2.5200008771324907,0.9546823520127542,1.2939421864000804,2.52947683027298,36.06246980858291
7.069999999999894,2.0988656864635757,2.0988656864635757,5.277465513752184,2.297273495636117,2.3544935136246896,9.78677754827997,3.1283825770324145,2.827209259301331,10.744374126499164,3.2778612122082236,2.8697065595283116,3.0576323955028495,3.09238648713865,2.513387206716128,0.9545154979724488,1.2884141596175032,2.523974580320449,36.06247004169893
7.0799999999998935,2.1028653886838815,2.1028653886838815,5.267894536451282,2.2951894336745458,2.355219160988972,9.76747903898238,3.125296632158679,2.826653393593105,10.73775443074249,3.2768512982347078,2.869704848902198,3.0543719394143407,3.0892096272115306,2.506645151867656,0.954362755836673,1.282892524543193,2.518280612083363,36.062470233527286
7.089999999999893,2.106828303807278,2.106828303807278,5.258065558197037,2.293047221100568,2.3559525964423376,9.747780353692372,3.122143551102731,2.826095962767724,10.730808977933034,3.2757913514039676,2.8697030919974322,3.0510692277060265,3.0859784877935614,2.4997755138483293,0.9542247317393494,1.2773790572897958,2.51238981631389,36.06247038280139
7.099999999999893,2.110752170965775,2.110752170965775,5.247980734711407,2.2908471652887297,2.356693694401515,9.727688516009453,3.118924256215507,2.8255371836538288,10.723540793115873,3.2746817850160452,2.869701288238093,3.047709908220687,3.082686080218266,2.4927791684206366,0.9540914402170477,1.2718994742416823,2.5063262895006444,36.06247048831149
7.109999999999893,2.1146346509562868,2.1146346509562868,5.237642301110251,2.2885895877396303,2.3574423325932137,9.707210684856141,3.1156396911157973,2.824977274774427,10.715952975447966,3.273523021982275,2.869699437065303,3.04430837842573,3.079340321457779,2.4856570669624403,0.9539717214772767,1.26641302451738,2.500095446143188,36.062470548905736
7.119999999999893,2.1184733241958327,2.1184733241958327,5.227052571324475,2.2862748241024033,2.358198391971995,9.686354151100742,3.1122908204569737,2.8244164561703826,10.708048697650174,3.272315494821698,2.8696975379379905,3.040869432226636,3.0759441638364904,2.478410237539912,0.9538681279615674,1.260974311195022,2.493653103108141,36.06247056349117
7.129999999999892,2.1222656886255273,2.1222656886255273,5.216213937477758,2.2839032241926884,2.358961756631363,9.665126334087999,3.1088786296811266,2.823854949221621,10.69983120544488,3.271059645656875,2.8696955903336607,3.037395016354462,3.0724990942061035,2.471039785936798,0.9537813379996766,1.2555378734902918,2.4869940720759796,36.06247053103467
7.139999999999892,2.1260091575889875,2.1260091575889875,5.205128869221456,2.2814751520061436,2.359732313708302,9.643534778079994,3.1054041247605753,2.8232929764662167,10.691303816979591,3.2697559262091094,2.869693593749166,3.033869472389514,3.0689974836763723,2.4635468966376193,0.9537004318894913,1.2501274143002994,2.480151364632071,36.06247045056383
7.149999999999892,2.1297010576555757,2.1297010576555757,5.193799913027395,2.2789909857275426,2.3605099532814773,9.62158714860966,3.101868331926689,2.8227307614175277,10.682469922236885,3.2684047977930892,2.869691547701473,3.0303083011962393,3.065447862415329,2.4559328337624833,0.9536349638123428,1.244745522550718,2.4731189553332276,36.06247032116773
7.159999999999892,2.1333386264155663,2.1333386264155663,5.182229691439427,2.276451117735548,2.361294568263357,9.599291228749548,3.098272297386004,2.8221685283795765,10.673332982431218,3.2670067313109743,2.86968945172844,3.0267169649510235,3.0618535676873453,2.4481989419512806,0.9535878977593082,1.239368350188341,2.465856228368499,36.06247014199766
7.169999999999892,2.1369190102320084,2.1369190102320084,5.170420902284661,2.273855954603251,2.362086054286501,9.576654915298622,3.094617087023631,2.821606502260836,10.663896529393005,3.2655622072459445,2.8696873053895877,3.0230940392198598,3.0582143760999174,2.440346647195133,0.9535576536550571,1.2340451995198096,2.4583617649698004,36.06246991226772
7.179999999999891,2.1404392619643726,2.1404392619643726,5.158376317845519,2.271205917094599,2.3628843095843153,9.553686214889977,3.09090378609396,2.8210449083866247,10.654164164940575,3.2640717156552452,2.869685108266873,3.019425605210727,3.0545235959125296,2.432377457613087,0.9535343744878068,1.2287242226880009,2.4507065994202644,36.062469631255446
7.189999999999891,2.143896338649647,2.143896338649647,5.146098783993763,2.268501440156863,2.3636892348665244,9.530393240022605,3.0871334988987122,2.8204839723102806,10.64413956024054,3.262535756162764,2.8696828599654625,3.0157326496517434,3.0507926386824473,2.424292964172183,0.9535312420041404,1.2234454443180367,2.4428093345367152,36.06246929830226
7.199999999999891,2.147287099161196,2.147287099161196,5.133591219287936,2.265742972909314,2.364500733189709,9.506784205020505,3.0833073484523896,2.819923919623312,10.63382645515727,3.2609548379511897,2.8696805601145017,3.0120174096987764,3.0470232051291024,2.4160948413491483,0.9535490716319823,1.2181895764763362,2.4346653451471143,36.062468912813905
7.209999999999891,2.1506083018357933,2.1506083018357933,5.120856614035629,2.2629309786282987,2.365318709823206,9.482867421922512,3.0794264761352093,2.8193649757647203,10.623228657592065,3.259329479753783,2.8696782083678896,3.0082637564898187,3.0432074836696,2.4077848477321604,0.9535764974440748,1.2129541893113482,2.426355977884704,36.06246847426073
7.2199999999998905,2.153856602070203,2.153856602070203,5.107898029322281,2.2600659347289587,2.3661430721106957,9.458651296306508,3.0754920413336317,2.8188073658296666,10.612350042812933,3.257660209845854,2.869675804405038,3.0044854110127686,3.0393531444855353,2.399364826561274,0.9536218972195005,1.2077669763520862,2.4178033443542843,36.062467982178
7.22999999999989,2.1570285499054336,2.1570285499054336,5.094718596008244,2.2571483327438284,2.366973729327857,9.434144323051758,3.0715052210686142,2.818251314377705,10.601194552775542,3.255947566035968,2.8696733479316445,3.000690879396537,3.0354651619572173,2.390836706206292,0.9536902189040379,1.20258757005467,2.409000871624496,36.06246743616608
7.23999999999989,2.1601205875820066,2.1601205875820066,5.081321513696077,2.254178678298612,2.367810592536419,9.409355082043318,3.0674672096117535,2.817697045240751,10.589766195436427,3.254192095656989,2.869670838680447,2.9968677146804197,3.0315376575347472,2.3822025005811014,0.9537724884303944,1.1974636166311572,2.400042088923144,36.062466835890476
7.24999999999989,2.1631290470871454,2.1631290470871454,5.067710049670139,2.25115749108545,2.3686535744349984,9.384292233822636,3.0633792180895,2.8171447813310015,10.578069044059196,3.252394355557025,2.8696682764119807,2.993021110773851,3.0275739042403904,2.3734643094936714,0.9538714208645936,1.192358499996045,2.390826510957799,36.0624661810819
7.25999999999989,2.1660501476877876,2.1660501476877876,5.053887537810704,2.248085304834028,2.369502589207121,9.358964515188603,3.059242474075666,2.816594744448992,10.566107236514755,3.250554912090358,2.8696656609153344,2.989164744192696,3.0235815775865276,2.364624318931176,0.9539953975254165,1.1872862692590773,2.3813998473115627,36.06246547153627
7.269999999999889,2.1688799934559584,2.1688799934559584,5.039857377484998,2.2449626672809058,2.3703575523667952,9.333380734753513,3.0550582211724726,2.816047155091987,10.553884974576622,3.248674341108481,2.869662992008885,2.985284874674583,3.0195541520085913,2.355684801279963,0.9541345328779905,1.1822585500615344,2.3717879471830416,36.06246470711446
7.279999999999889,2.1716145707886025,2.1716145707886025,5.02562303241769,2.2417901401374953,2.371218380602083,9.307549768458513,3.050827718580404,2.8155022322629195,10.54140652321232,3.2467532279513205,2.8696602695410482,2.98138801318099,3.0154956035680414,2.3466481154803214,0.9542924109881789,1.1772439594921005,2.3619178186226155,36.06246388774221
7.289999999999889,2.174249745950736,2.174249745950736,5.011188029543494,2.238568299057121,2.3720849916170583,9.28148055505334,3.0465522406571894,2.8149601932800534,10.528676209872069,3.244792167438782,2.8696574933909984,2.9774881279693357,3.0114137765637943,2.337516707116352,0.9544776240150835,1.1722940090469853,2.3519178682427815,36.06246301340979
7.299999999999889,2.1767812625935723,2.1767812625935723,4.996555957844781,2.235297733601674,2.372957303972604,9.25518209154521,3.0422330764662346,2.8144212535875885,10.515698423775941,3.2427917638627277,2.869654663469402,2.973564932706637,3.0072987770419397,2.3282931084414846,0.9546758495978903,1.1673619991440614,2.3416743760702605,36.06246208417164
7.309999999999889,2.179204739325712,2.179204739325712,4.981730467177135,2.2319790472083594,2.3738352369264613,9.228663428622001,3.037871529314892,2.813885626567391,10.50247761520077,3.2407526309795336,2.8696517797191223,2.969636643269756,3.0031606611566146,2.3189799383405587,0.9548985070669022,1.1624709042997161,2.3312691142748196,36.06246110014593
7.319999999999888,2.1815156672795024,2.1815156672795024,4.966715267085985,2.228612857157112,2.3747187102730005,9.20193366605491,3.033468916282959,2.813353523352058,10.489018294768124,3.238675392003361,2.8696488421159323,2.965708368970135,2.9990026994959162,2.3095799022296957,0.9551482743705677,1.1576243288818502,2.320680480116449,36.06246006151413
7.329999999999888,2.1837094077212766,2.1837094077212766,4.951514125617617,2.2251997945392716,2.3756076441831313,9.175001948085974,3.0290265677418504,2.8128251526395056,10.475325032734737,3.2365606796002973,2.869645850669202,2.9617597263851,2.9948149713331413,2.300095791895564,0.9554106830832261,1.1527960874625918,2.3099097047011052,36.06245896852028
7.339999999999888,2.185781189701027,2.185781189701027,4.9361308681279565,2.2217405042281504,2.376501959044829,9.147877458805961,3.0245458268649132,2.812300720509287,10.461402458286855,3.234409135883532,2.8696428054225844,2.9578196175209843,2.9906130750744655,2.290530485276017,0.9557043781050719,1.148036711921985,2.2990107622580616,36.06245782147052
7.349999999999888,2.187726107734337,2.187726107734337,4.920569376092624,2.2182356448521476,2.377401575304723,9.120569417528314,3.0200280491293974,2.8117804302408116,10.447255258840032,3.232221412409743,2.869639706454686,2.9538706740054392,2.98638866316718,2.280886946184483,0.9560168975704898,1.1432988819252774,2.28792204496738,36.0624566207322
7.3599999999998875,2.1895391195578755,2.1895391195578755,4.904833585921987,2.214685888771134,2.378306413311186,9.093087074164908,3.0154746018106184,2.8112644821336934,10.43288817934587,3.2299981701768608,2.869636553879723,2.9499230435854957,2.9821476337339208,2.27116822398089,0.9563542799164473,1.138604787545714,2.2767534637854157,36.062455366733175
7.369999999999887,2.191215043947485,2.191215043947485,4.888927487784934,2.2110919220568226,2.379216393159405,9.065439704609517,3.0108868634688877,2.8107530733303903,10.418306021607481,3.2277400796234326,2.869633347848164,2.9459829935267163,2.97789387828003,2.261377453192385,0.9567199789654273,1.1339601267738735,2.2654010570322423,36.06245405996093
7.379999999999887,2.1927485585962883,2.1927485585962883,4.872855124445241,2.2074544444779014,2.3801314345388525,9.037636606135111,3.0062662234298396,2.810246397641331,10.403513643605208,3.2254478206297508,2.869630088547358,2.9420362935001405,2.9736206940654935,2.2515178530875235,0.9571035702134855,1.1293390620306476,2.2540082847529153,36.06245270096157
7.389999999999887,2.1941341981099796,2.1941341981099796,4.856620590114542,2.2037741694907265,2.3810514565836303,9.009687092810967,3.001614081258776,2.8097446453727395,10.388515958834446,3.2231220825209905,2.869626776202151,2.938110357353478,2.96934291102773,2.2415927272081317,0.9575228187931029,1.1247853840220852,2.2424514611181205,36.06245129033895
7.399999999999887,2.1953663520694913,2.1953663520694913,4.840228029325918,2.2000518242364016,2.381976377726091,8.981600490946043,2.9969318462297476,2.809248003157297,10.373317935657395,3.2207635640725623,2.869623411075475,2.9341731543481453,2.9650446389590295,2.2316054628635307,0.9579552058693341,1.1202624710024955,2.230883471813484,36.06244982875347
7.4099999999998865,2.1964392632384957,2.1964392632384957,4.823681635832224,2.1962881495450963,2.3829061155541904,8.953386134564779,2.992220936790059,2.8087566537878743,10.357924596670507,3.218372973517909,2.8696199934689317,2.9302616062832727,2.960745619105029,2.2215595305923515,0.9584249837276987,1.1157802097264298,2.219184509787931,36.06244831692102
7.419999999999886,2.197347025872985,2.197347025872985,4.806985651533332,2.1924838999484884,2.3838405866729633,8.925053360921876,2.987482780020979,2.8082707760544747,10.342341018089645,3.215951028558993,2.8696165237233466,2.926347504594256,2.956431951406042,2.2114584835977436,0.9589121744165519,1.1113582456285218,2.207492458927766,36.06244675561177
7.429999999999886,2.1980835841863704,2.1980835841863704,4.790144365436489,2.188639843701217,2.3847797065705296,8.896611506062477,2.9827188110954204,2.8077905445845905,10.326572329154796,3.2134984563797127,2.869613002219313,2.9224590360979166,2.9521188589087752,2.2013059571623534,0.9594351526522088,1.1069653505740997,2.1957145019247757,36.062445145648866
7.439999999999886,2.1986427309665832,2.1986427309665832,4.773162112654005,2.184756762812283,2.3857233894890024,8.868069900434435,2.977930472733444,2.8073161296871207,10.310623711556493,3.2110159936625187,2.869609429377705,2.918573256620351,2.947795175245474,2.1911056680500955,0.9599774653938372,1.102632026174375,2.18395038795962,36.06244348790716
7.449999999999886,2.1990181063641567,2.1990181063641567,4.756043273442478,2.1808354530872975,2.386671548300667,8.839437864559146,2.9731192146564096,2.80684769720005,10.294500398885784,3.2085043866084684,2.8696058056601803,2.914716648501645,2.9434752363453107,2.180861413902375,0.960556379896318,1.0983452524049075,2.172155385053582,36.062441783311804
7.459999999999885,2.1992031968808354,2.1992031968808354,4.73879227228776,2.176876724182552,2.38762409438975,8.810724704767745,2.968286493040681,2.806385408342029,10.278207676110025,3.205964390961014,2.869602131569649,2.910864293832514,2.9391468731388346,2.1705770726371285,0.9611540373151328,1.0940909472863465,2.160370805134329,36.062440032836825
7.469999999999885,2.1991913345534915,2.1991913345534915,4.72141357703979,2.1728813996718253,2.388580937540099,8.781939709009283,2.963433769971801,2.8059294195680318,10.261750879076436,3.2033967720337793,2.8695984076507246,2.9070465399317373,2.934826404483196,2.1602566018597824,0.9617904068666229,1.08991185298205,2.1486176992368904,36.06243823750362
7.479999999999885,2.198975696374648,2.198975696374648,4.703911698101372,2.168850317126881,2.389541985829044,8.753092142737648,2.958562512900082,2.8054798824292457,10.245135394045626,3.2008023047426133,2.869594634490151,2.903234401910684,2.9304995816680606,2.149904038295995,0.9624447797392842,1.0857690471211465,2.136862765858341,36.06243639837941
7.489999999999885,2.1985493039622233,2.1985493039622233,4.686291187674856,2.164784328212595,2.3905071455276845,8.724191244883935,2.9536741940985864,2.805036943437338,10.228366657257201,3.198181773642205,2.8695908127171963,2.8994562053225414,2.9261816720863703,2.1395234972568917,0.9631357923482073,1.0816711191505846,2.1252060393632597,36.062434516575635
7.4999999999998845,2.1979050234925355,2.1979050234925355,4.668556639070568,2.160684298797621,2.3914763210078167,8.695246223920872,2.9487702901244903,2.8046007439332743,10.211450154529542,3.1955359729675306,2.8695869430040304,2.8956971937810283,2.921865763469583,2.1291191721483633,0.9638524698997694,1.0776429155941882,2.1135285001283926,36.06243259324633
7.509999999999884,2.1970355659272647,2.1970355659272647,4.6507126860806745,2.1565511090815064,2.3924494146556587,8.66626625402614,2.943852281284871,2.804171419960795,10.194391420896006,3.1928657066804433,2.8695830260660617,2.891963255748899,2.917555570957599,2.1186953340369343,0.9645980405279022,1.0736532998283457,2.102017130490654,36.06243062958639
7.519999999999884,2.19593348756381,2.19593348756381,4.632764002421972,2.152385653739118,2.393426326792518,8.637260471351018,2.9389216511079397,2.8037491021447267,10.177196040279494,3.190171788521661,2.869579062662254,2.8882653291772664,2.9132573975294322,2.1082563312857294,0.965379239658496,1.0697188294024613,2.0904700257507893,36.06242862682986
7.529999999999884,2.194591190906373,2.194591190906373,4.614715301250891,2.1481888420832305,2.3944069556024687,8.608237970400985,2.9339798858207917,2.803333915574237,10.159869645207653,3.1874550420684606,2.86957505359541,2.8845808220050815,2.908960326296126,2.097806589275095,0.9661796027149957,1.0658496397329864,2.079138535984127,36.06242658624817
7.539999999999884,2.193000925915741,2.193000925915741,4.596571334753735,2.1439615982460447,2.395391197067067,8.579207800534736,2.929028473834752,2.802925979691174,10.142417916570654,3.1847163007983386,2.869570999712419,2.8809324260844353,2.9046766961156667,2.0873506102236217,0.967014006209551,1.0620229627782805,2.0677962834369454,36.06242450914819
7.5499999999998835,2.1911547916526373,2.1911547916526373,4.578336893814877,2.1397048613803906,2.396378944907109,8.55017896258789,2.9240689052393907,2.8025254081836124,10.12484658342359,3.181956408158916,2.8695669019044745,2.8773199557853806,2.900407091654688,2.07689297312652,0.9678815056220624,1.0582579796560265,2.056647958886223,36.0624223968705
7.559999999999883,2.1890447383143745,2.1890447383143745,4.560016807765345,2.1354195858812726,2.3973700905313375,8.52116040562762,2.9191026713063075,2.8021323088847243,10.107161422835402,3.1791762176443448,2.8695627611072645,2.8737267943528835,2.896143683375588,2.066438333829643,0.96876970339501,1.0545579033213346,2.0455436650913335,36.062420250787405
7.569999999999883,2.186662569748169,2.186662569748169,4.541615944213851,2.1311067416283613,2.3983645229919697,8.492161023844297,2.914131264003785,2.8017467836770815,10.089368259786262,3.1763765928784737,2.8695585783011097,2.8701683871229786,2.8918950760272972,2.0559914252588882,0.9696884990158167,1.050904521161244,2.034613056857028,36.062418072300986
7.579999999999883,2.1839999464168365,2.1839999464168365,4.5231392089619025,2.12676731424994,2.3993621289468647,8.463189653585864,2.9091561755233877,2.8013689284025114,10.071472967115081,3.1735584077049976,2.8695543545110818,2.8666453958177778,2.8876622921602095,2.045557057826265,0.9706375187820957,1.0473154914334915,2.0237736843551786,36.06241586284114
7.589999999999883,2.181048388869346,2.181048388869346,4.504591546004211,2.122402305408711,2.4003627926280746,8.434255070540772,2.904178897819618,2.8009988327775894,10.053481465518818,3.170722546284808,2.8695500908070772,2.863156752492123,2.8834454700788332,2.0351401200356065,0.9716151756455288,1.043795288853933,2.013091669765935,36.06241362386362
7.599999999999882,2.1777992817560454,2.1777992817560454,4.485977937615164,2.118012733109781,2.401366395816455,8.405365987074733,2.89920092216368,2.800636580314867,10.035399723605149,3.1678699032007533,2.8695457883038458,2.859694125652353,2.8792410414508907,2.0247455793127482,0.9726147768880367,1.040326246067426,2.002538439696768,36.062411356847875
7.609999999999882,2.174243878403796,2.174243878403796,4.467303404521539,2.113599632030991,2.402372817821963,8.376531049726516,2.894223738712423,2.800282248249939,10.01723375799975,3.165001383569958,2.8695414481609918,2.856263228394288,2.8750526178804696,2.014378483086987,0.9736394544880406,1.036920167665932,1.9921323534695017,36.06240906329505
7.619999999999882,2.170373305973454,2.170373305973454,4.448573006161171,2.1091640538756513,2.403381935469192,8.347758836867603,2.889248836093493,2.7999359074744072,9.998989633509412,3.162117903163861,2.869537071582923,2.8528655016155895,2.8708816244375437,2.004043960152844,0.9746893526280541,1.0335913435966193,1.9818812761017173,36.06240674472591
7.629999999999882,2.166178571269428,2.166178571269428,4.429791841026605,2.104707067747577,2.4043936230876084,8.319057856530225,2.884277701007693,2.7995976224748365,9.980673463341994,3.1592203885360695,2.8695326598187596,2.849499661609939,2.866728096480829,1.993747222343529,0.9757626950675095,1.0303184575498119,1.9717751192517177,36.062404402678695
7.6399999999998816,2.1616505671928246,2.1616505671928246,4.410965047092196,2.1002297605481632,2.4054077525059228,8.290436544407944,2.8793118178495263,2.7992674512777604,9.962291409383848,3.1563097771581052,2.869528214162201,2.846164377073236,2.8625920478114493,1.9834935665501479,0.9768576594840355,1.027103265256586,1.961837593650974,36.062402038706935
7.649999999999881,2.1567800798876196,2.1567800798876196,4.392097802322388,2.095733237395062,2.40642419304992,8.26190326203253,2.8743526683468277,2.798945445400803,9.94384968253531,3.1533870175630696,2.869523735951349,2.842858269312838,2.8584734709211466,1.9732883771235634,0.9779723770035897,1.0239778569345295,1.952052291541296,36.06239965437736
7.659999999999881,2.151557796617854,2.151557796617854,4.373195325258253,2.091218622061848,2.407442811543027,8.233466295130462,2.869401731220371,2.798631649809973,9.925354543104365,3.150453069497206,2.869519226568474,2.8395799128387393,2.85437233742776,1.9631371286989918,0.979104932017276,1.0209138078713127,1.9424357272911377,36.06239725126764
7.669999999999881,2.1459743144036905,2.1459743144036905,4.354262875678546,2.086687057437829,2.4084634723088176,8.205133852161978,2.8644604818642514,2.79832610288317,9.906812301258466,3.1475089040792983,2.8695146874397484,2.8363278363638553,2.8502885987096285,1.9530453894869146,0.9802533623093266,1.0179127244397594,1.9329894130123657,36.06239483096425
7.679999999999881,2.14002014943074,2.14002014943074,4.335305755330831,2.0821397060069793,2.4094860371745863,8.176914063044915,2.8595303920477773,2.798028836379964,9.888229317533947,3.144555503967762,2.8695101200349167,2.8331005242404608,2.8462221867503152,1.943018825077713,0.981415659521159,1.0149891670656912,1.9236978389709884,36.06239239506019
7.6899999999998805,2.1336857472988604,2.1336857472988604,4.316329308727346,2.0775777503447004,2.4105103654750573,8.148814978065301,2.854612929639551,2.797739875417657,9.869612003402315,3.1415938635352463,2.869505525866925,2.8298929974455866,2.842171281860414,1.9330632028116936,0.9825873339719995,1.012147598228232,1.9146061432871169,36.062389945152816
7.69999999999988,2.1269614941130013,2.1269614941130013,4.297338923999466,2.073002393630906,2.411536314055239,8.12084456697586,2.8497095583543,2.7974592384536767,9.850966821892102,3.1386249890504763,2.8695009064914934,2.8266991057114166,2.838133480977754,1.923184396770857,0.9837630278880711,1.0093746550031706,1.9056407794181371,36.06238748284153
7.70999999999988,2.1198377284476644,2.1198377284476644,4.27834003380374,2.0684148601776533,2.412563737271358,8.093010718283084,2.844821737522948,2.7971869372743052,9.832300288264674,3.1356498988670074,2.869496263506635,2.8235233527258576,2.8341117812282746,1.9133883934539377,0.9849449577676562,1.0066724781696448,1.896917113369763,36.06238500972554
7.71999999999988,2.112304754225342,2.112304754225342,4.259338116271573,2.063816395969267,2.413592486988757,8.065321238722843,2.8399509218862997,2.7969229769897694,9.813618970741794,3.1326696236184555,2.8694915985521274,2.8203574851460766,2.830102725512253,1.9036812982020062,0.9861262251295394,1.004058146917427,1.888276891024229,36.0623825274016
7.72999999999988,2.104352854530468,2.104352854530468,4.240338695993697,2.0592082692126352,2.414622412575602,8.037783852923795,2.8350985614126003,2.796667356035693,9.794929491282343,3.1296852064197034,2.869486913308916,2.817195425659877,2.8261039706734437,1.8940693424482657,0.9873014408426292,1.0015284938609175,1.8799327115830227,36.062380037461736
7.739999999999879,2.0959723063801485,2.0959723063801485,4.221347345029665,2.0545917708950516,2.4156533608911697,8.010406203257128,2.830266101139101,2.7964200661809078,9.776238526404976,3.12669770307348,2.8694822094984724,2.8140336697654305,2.8221144824432334,1.884558891872747,0.9884670282146717,0.999075877236515,1.8716701396628954,36.0623775414909
7.749999999999879,2.0871533964599203,2.0871533964599203,4.20236968393163,2.0499682153466745,2.4166851762674635,7.98319584987044,2.825454981037645,2.796181092541613,9.757552808052964,3.1237081822815913,2.869477488882088,2.810868300640452,2.8181330249099585,1.8751564555504217,0.9896190851817601,0.9967026990257827,1.8636597877932692,36.062375041064726
7.759999999999879,2.077886437883636,2.077886437883636,4.1834113827706885,2.0453389408043567,2.417717700482881,7.956160270902628,2.8206666359041135,2.7959504136018816,9.73887912449682,3.120717725860002,2.8694727532601076,2.8076897839465254,2.814155540175162,1.8658686961899575,0.9907496411142226,0.9944172874959655,1.8557968731522683,36.06237253774719
7.769999999999879,2.068161787946761,2.068161787946761,4.164478162153198,2.040705309973294,2.4187507727265976,7.929306862875916,2.815902495271439,2.795728001240472,9.720224321269718,3.1177274289568224,2.8694680044711065,2.804489625223868,2.810178509216651,1.856702441569999,0.9918514245949014,0.9922311413384246,1.8481022712168023,36.06237003308822
7.779999999999879,2.0579698669112267,2.0579698669112267,4.145575794213413,2.036068710582581,2.419784229552349,7.902642941260242,2.811163983345732,2.795513820763928,9.701595302129956,3.114738400272157,2.8694632443910004,2.8012603712976336,2.806198949257976,1.8476646972905921,0.9929178699235294,0.9901314035768332,1.8406467400921382,36.062367528621536
7.789999999999878,2.0473011778319092,2.0473011778319092,4.126710103567942,2.031430555930461,2.4208179048202587,7.876175741204245,2.8064525189648664,2.7953078309459176,9.682999030044115,3.111751762278623,2.869458474932093,2.7979956070667265,2.802214408771245,1.8387626609693286,0.9939431207710963,0.9881207712335959,1.8332986630536119,36.06236502586208
7.799999999999878,2.03614632740917,2.03614632740917,4.107886968216552,2.0267922854147025,2.4218516296253796,7.849912418426183,2.801769515578714,2.7951099840727887,9.664442528183695,3.1087686514412254,2.8694536980420633,2.7946855487812443,2.7982207522924374,1.8300037380250733,0.9949188511933224,0.9862020328475929,1.8262200086556928,36.062362526303836
7.809999999999878,2.024496047892436,2.024496047892436,4.0891123203729665,2.0221553650431923,2.422885232211606,7.823860050257157,2.797116381250011,2.794920225995257,9.645932880927376,3.105790218435137,2.869448915702877,2.791319061142231,2.794213176674514,1.8213955592069535,0.9958357116292451,0.9843797567664955,1.8192951491637703,36.06236003141735
7.819999999999878,2.012341220001447,2.012341220001447,4.070392147208442,2.0175212879195206,2.4239185378696755,7.798025636827892,2.792494518674637,2.794738496186203,9.627477234860113,3.102817628359764,2.8694441299296436,2.7878840731241303,2.7901864193378465,1.8129460000427682,0.9966836301933963,0.982669370608869,1.8125151698106483,36.06235754264742
7.8299999999998775,1.9996728968729753,1.9996728968729753,4.05173249149014,2.0128915746979863,2.4249513688179594,7.772416102389458,2.7879053252198966,2.794564727804481,9.609082799759648,3.0998520609473683,2.869439342769389,2.7843724103127716,2.7861371773452936,1.8046632023993547,0.9974553152695071,0.9810589202973435,1.8060183905869736,36.06235506141062
7.839999999999877,1.9864823290084064,1.9864823290084064,4.033139452095447,2.008267774002124,2.4259835440648603,7.7470382967570925,2.783350192979154,2.7943988477646915,9.590756849559975,3.0968947107643126,2.8694345562997765,2.7807689884977105,2.7820586877056095,1.7965555983679211,0.9981384352547169,0.9795515493530185,1.7996528942658694,36.06235258909294
7.849999999999877,1.9727609901957694,1.9727609901957694,4.014619184382832,2.003651462800562,2.4270148792516215,7.72189899686536,2.7788305088409695,2.7942407768128246,9.572506723280666,3.0939467874028903,2.8694297726277407,2.7770645681036483,2.7779471154847073,1.7886319367101775,0.9987248622081937,0.9781505111580441,1.7934644958414283,36.062350127047374
7.859999999999877,1.958500604357164,1.958500604357164,3.9961779003991045,1.9990442467336995,2.428045186474497,7.697004908421729,2.7743476545706613,2.7940904296076887,9.554339825909926,3.0910095156614976,2.8694249938880563,2.7732485316566517,2.7737979291413817,1.78090131212655,0.9992054511923123,0.9768591737273501,1.7875393751271267,36.06234767659135
7.869999999999877,1.9436931733256713,1.9436931733256713,3.9778218689024505,1.9944477603844255,2.4290742740852784,7.672362667644616,2.7699030069019774,2.793947714808038,9.536263629228554,3.088084135710773,2.8694202222418337,2.7693135107829434,2.7696082116442984,1.7733731976361233,0.9995734076669262,0.9756810249179803,1.781759492147601,36.06234523900438
7.879999999999876,1.928331005457416,1.928331005457416,3.9595574151801523,1.9898636674858285,2.4301019464693048,7.647978843070865,2.7654979376363427,2.793812535165296,9.518285672561005,3.085171903243157,2.869415459874943,2.7652555829727024,2.7653767523221484,1.76605748038961,0.9998244489561876,0.9746196781621859,1.7761464073790123,36.06234281552546
7.889999999999876,1.9124067450330384,1.9124067450330384,3.9413909206396154,1.9852936610586394,2.4311280038001812,7.623859937416607,2.7611338137469192,2.793684787621767,9.500413563439052,3.08227408960317,2.8694107089963516,2.7610798857892886,2.7611068493726445,1.758964501271914,0.9999609027034977,0.9736833727500683,1.7708173546870618,36.06234040735062
7.899999999999876,1.8959134023959805,1.8959134023959805,3.9233288221510185,1.9807394634709075,2.4321522417705936,7.6000123894744,2.7568119974844856,2.7935643634142218,9.482654978162586,3.0793919818955473,2.8694059718363976,2.756811692977441,2.756811845230951,1.7521050986901856,0.9999997790619706,0.9728742383025355,1.7656469436809348,36.06233801563028
7.909999999999876,1.8788443847587264,1.8788443847587264,3.905377611119898,1.9762028264122835,2.433174451298742,7.57644257602855,2.7525338464819193,2.7934511481827498,9.465017662241447,3.0765268830682184,2.869401250644981,2.7525338464819193,2.7525338464819193,1.7454906569871098,1.0,0.9721923925881577,1.7606407650005953,36.06233564146676
7.919999999999876,1.861193527544702,1.861193527544702,3.887543832268,1.9716855307751284,2.434194418210071,7.55315681376961,2.748300713853855,2.793345022084739,9.44750943070136,3.073680111966982,2.8693965476896723,2.748300713853855,2.748300713853855,1.7391331599680169,1.0,0.9716419848556284,1.7558798180653001,36.06233328591154
7.929999999999875,1.8429551262381145,1.8429551262381145,3.8698340821008785,1.9671893864345849,2.435211922894199,7.530161361188121,2.7441139482878842,2.793245859913861,9.430138168236333,3.0708530033585673,2.86939186525375,2.7441139482878842,2.7441139482878842,1.7330452500848057,1.0,0.9712273310677411,1.7513403426241974,36.06233094996271
7.939999999999875,1.8241239685709845,1.8241239685709845,3.852255007041201,1.9627162319197344,2.4362267399370823,7.507462420426831,2.7399748941234536,2.793153531223928,9.412911829189346,3.0680469079186756,2.869387205634153,2.7399748941234536,2.7399748941234536,1.727240293880235,1.0,0.9709529250601775,1.7469778022390579,36.0623286345622
7.949999999999875,1.8046953669988801,1.8046953669988801,3.83481330120712,1.9582679339679543,2.4372386377287203,7.485066139069923,2.7358848914144622,2.7930679004574657,9.395838437342489,3.0652631921814626,2.869382571139352,2.7358848914144622,2.7358848914144622,1.721732454363486,1.0,0.9708234510500353,1.742797737197436,36.06232634059312
7.959999999999875,1.784665191272763,1.784665191272763,3.817515703815888,1.9538463869546878,2.438247378046888,7.462978611847047,2.731845275971362,2.792988827078872,9.378926085497254,3.062503238446819,2.869377964087146,2.731845275971362,2.731845275971362,1.7165367710627373,1.0,0.970843797724061,1.738858346112453,36.0623240688769
7.9699999999998745,1.7640299010318201,1.7640299010318201,3.8003689961937748,1.949453512190987,2.4392527156176285,7.441205882229454,2.727857379378448,2.7929161657120014,9.36218293482534,3.0597684446417412,2.86937338680237,2.727857379378448,2.727857379378448,1.711669248583561,1.0,0.9710190741062645,1.7351577411494332,36.0623218201706
7.979999999999874,1.7427865782273524,1.7427865782273524,3.7833799983744063,1.9450912570813756,2.440254397653495,7.419753943895092,2.7239225289818894,2.7928497662820075,9.34561721397006,3.0570602241320106,2.869368841614525,2.7239225289818894,2.7239225289818894,1.7071469545939573,1.0,0.9713546274887704,1.7316514297348928,36.06231959516399
7.989999999999874,1.7209329592631535,1.7209329592631535,3.766555565269027,1.940761594134897,2.4412521633707693,7.398628742039087,2.720042047843946,2.792789474161304,9.329237217878113,3.054380005480345,2.869364330855327,2.720042047843946,2.720042047843946,1.7029881282586756,1.0,0.9718560637093594,1.728344813963517,36.06231739447668
7.999999999999874,1.6984674666506228,1.6984674666506228,3.7499025823936716,1.9364665198225535,2.4422457434871596,7.377836174506038,2.716217254658772,2.79273513031945,9.313051306341762,3.051729232147204,2.8693598568561733,2.716217254658772,2.716217254658772,1.699212300257825,1.0,0.9725292701439524,1.7252432934579096,36.06231521865527
8.009999999999874,1.675389240042156,1.675389240042156,3.7334279611399626,1.9322080532747923,2.443234859701743,7.357382092720367,2.7124494636251506,2.79268657147681,9.297067902231241,3.0491093621303977,2.8693554219455275,2.7124494636251506,2.7124494636251506,1.6958404256484483,1.0,0.973380441801446,1.7223731330372438,36.06231306817037
8.019999999999873,1.6516981664437462,1.6516981664437462,3.717138633578263,1.9279882348132373,2.4442192241591867,7.337272302391174,2.7087399842715016,2.7926436302618,9.281295489397742,3.0465218675397265,2.8693510284462214,2.7087399842715016,2.7087399842715016,1.692895030963462,1.0,0.9744180518139266,1.7197659821650668,36.06231094341366
8.029999999999873,1.6273949094239406,1.6273949094239406,3.7010415467840234,1.9238091243114592,2.4451985389005797,7.317512563968364,2.7050901212285634,2.7926061353715435,9.265742610227598,3.0439682341029117,2.869346678672682,2.7050901212285634,2.7050901212285634,1.6904003770906615,1.0,0.9756552793206786,1.7173744821812773,36.062308844694925
8.039999999999873,1.6024809371396977,1.6024809371396977,3.685143656680602,1.919672799380301,2.4461724953034607,7.298108592827266,2.701501173945195,2.792573911735752,9.250417862829003,3.041449960599221,2.8693423749280704,2.701501173945195,2.701501173945195,1.6883826396357875,1.0,0.977092625525306,1.71520379324866,36.06230677223907
8.049999999999873,1.5769585489632643,1.5769585489632643,3.6694519213944456,1.915581353374073,2.447140773513916,7.279066059159713,2.6979744363428857,2.792546780683648,9.235329897833312,3.038968558217296,2.8693381195013528,2.6979744363428857,2.6979744363428857,1.6868701086480447,1.0,0.9787378347803131,1.713259046075765,36.06230472618316
8.059999999999873,1.5508309005298837,1.5508309005298837,3.6539732941213066,1.9115368932148045,2.448103041873894,7.260390587550389,2.6945111964047186,2.7925245601137294,9.220487414794063,3.036525549833899,2.869333914664283,2.6945111964047186,2.6945111964047186,1.6858934097735419,1.0,0.9805991454460721,1.7115453371823601,36.062302706573426
8.069999999999872,1.5241020269909065,1.5241020269909065,3.638714715505225,1.907541537032739,2.449058956347137,7.242087756218419,2.6911127356947384,2.7925070646661907,9.20589915816788,3.0341224692104767,2.8693297626683174,2.6911127356947384,2.6911127356947384,1.6854857491010333,1.0,0.9826853463227239,1.7100677247577087,36.06230071336233
8.079999999999872,1.49677686428006,1.49677686428006,3.6236831055351804,1.9035974116223158,2.4500081599474086,7.224163095905411,2.6877803288039392,2.7924941058978012,9.191573912863074,3.0317608601047468,2.8693256657414503,2.6877803288039392,2.6877803288039392,1.685683184173106,1.0,0.9850094014094285,1.7088312252412197,36.06229874640572
8.089999999999872,1.4688612681823863,1.4688612681823863,3.608885354967698,1.8997066497140283,2.4509502821729123,7.206622088392811,2.684515242719402,2.7924854924590377,9.177520499343046,3.0294422752947523,2.8693216260849783,2.684515242719402,2.684515242719402,1.68652492385167,1.0,0.9875944722150426,1.707840810779066,36.062296805459866
8.099999999999872,1.4403620310092058,1.4403620310092058,3.594328316287237,1.8958713870638053,2.451884938451049,7.18947016463306,2.6813187361134556,2.792481030273277,9.163747768273657,3.027168275513216,2.869317645870195,2.6813187361134556,2.6813187361134556,1.6880536599445373,1.0,0.990436058408932,1.7071014077202395,36.0622948901788
8.109999999999872,1.4112868956914426,1.4112868956914426,3.580018794219861,1.8920937593628548,2.45281172959786,7.172712702481133,2.6781920585501577,2.7924805227178364,9.150264594705607,3.024940428290383,2.8693137272350193,2.6781920585501577,2.6781920585501577,1.6903159337131044,1.0,0.9935458035206439,1.706617896330104,36.06229300011155
8.119999999999871,1.3816445671013269,1.3816445671013269,3.5659635358194115,1.8883758989722919,2.453730241296708,7.156355024015135,2.675136449606849,2.792483770806661,9.137079871785165,3.0227603067039843,2.8693098722805512,2.675136449606849,2.675136449606849,1.6933625405799033,1.0,0.9969509524022694,1.7063951119230338,36.06229113469959
8.129999999999871,1.351444720408964,1.351444720408964,3.5521692201493607,1.884719931488326,2.4546400436008957,7.140402392437046,2.6721531379090244,2.7924905733744505,9.12420250398887,3.0206294880353783,2.869306083067576,2.6721531379090244,2.6721531379090244,1.69724897652508,1.0,1.0006634159708439,1.7064378476437996,36.06228929327442
8.139999999999871,1.3206980063341864,1.3206980063341864,3.538642447587332,1.8811279721452583,2.4555406904650967,7.124860008547316,2.6692433400773554,2.7925007272620164,9.111641399880636,3.0185495523314896,2.8693023616129985,2.6692433400773554,2.6692433400773554,1.7020359297835306,1.0,1.004686236551495,1.7067508591271585,36.06228747505524
8.14999999999987,1.2894160531026164,1.2894160531026164,3.5253897287833107,1.8776021220650851,2.456431719310558,7.109733006789718,2.6664082595862393,2.7925140275026585,9.099405464392214,3.016522080872642,2.8692987098862286,2.6664082595862393,2.6664082595862393,1.707789821503055,1.0,1.0090610435966685,1.707338871327526,36.06228567914691
8.15999999999987,1.2576114649924184,1.2576114649924184,3.5124174733064026,1.8741444643640475,2.4573126506291505,7.095026450865862,2.6636490855339527,2.7925302675093513,9.08750359063109,3.014548654546994,2.869295129805508,2.6636490855339527,2.6636490855339527,1.7145833989625745,1.0,1.0137879749984402,1.7082065878064618,36.062283904537956
8.16999999999987,1.2252978173351807,1.2252978173351807,3.499731978018969,1.8707570601280565,2.4581829876313606,7.080745328921756,2.6609669913251004,2.7925492392625313,9.075944651222827,3.0126308521328706,2.869291623234195,2.6609669913251004,2.6609669913251004,1.7224963847295738,1.0,1.0188981432439796,1.7093587028229897,36.06228215009905
8.17999999999987,1.1924896478538225,1.1924896478538225,3.487339415220645,1.8674419442704624,2.45904221594338,7.0668945483121,2.6583631332668043,2.7925707334982706,9.064737489198167,3.0107702484909353,2.869288191976998,2.6583631332668043,2.6583631332668043,1.7316161846919653,1.0,1.0244132811703752,1.7107999166128445,36.06228041458148
8.18999999999987,1.1592024442755167,1.1592024442755167,3.4752458206085164,1.8642011212872167,2.459889803358383,7.053478929951247,2.6558386490807844,2.7925945398966245,9.053890908438326,3.008968412668755,2.869284837776168,2.6558386490807844,2.6558386490807844,1.7420386571434372,1.0,1.0303611570044215,1.7125349542700183,36.06227869661615
8.19999999999987,1.1254526281269959,1.1254526281269959,3.463457081103125,1.8610365609259603,2.4607251996470727,7.040503202263075,2.6533946563342354,2.7926204472699485,9.043413663695393,3.0072269059210335,2.8692815623076595,2.6533946563342354,2.6533946563342354,1.7538689439149944,1.0,1.0367641072290554,1.714568588731103,36.06227699471275
8.20999999999987,1.091257534694533,1.091257534694533,3.4519789225933013,1.8579501937870404,2.461547836432431,7.027971994745567,2.6510322507931825,2.7926482437509628,9.03331445020807,3.005547279649427,2.8692783671772535,2.6510322507931825,2.6510322507931825,1.7672223627708195,1.0,1.0436701542196853,1.716905668398789,36.062275307259284
8.21999999999987,1.0566353891033564,1.0566353891033564,3.440816897655789,1.8549439068758358,2.4623571271335236,7.015889831169168,2.6487525047027645,2.7926777169803727,9.023601892936343,3.0039310732665525,2.8692752539166517,2.6487525047027645,2.6487525047027645,1.7822253577124638,1.0,1.0510949996894192,1.7195511500514955,36.06227363252209
8.229999999999869,1.0216052785713485,1.0216052785713485,3.4299763733083863,1.8520195391270542,2.463152466982987,7.004261122431493,2.646556464999659,2.792708654293808,9.014284535442094,3.002379811989498,2.8692722239795496,2.646556464999659,2.646556464999659,1.799016500179923,1.0,1.0590877490729294,1.722510137734236,36.062271968646094
8.239999999999869,0.986187120815037,0.986187120815037,3.4194625188576455,1.849178876922848,2.463933233122628,6.993090159094235,2.644445151462634,2.7927408429079055,9.005370828445866,3.000895004568781,2.8692692787376854,2.644445151462634,2.644445151462634,1.8177475290255765,1.0,1.0676998890960525,1.7258542947372935,36.06227031365558
8.249999999999869,0.95040162872358,0.95040162872358,3.4092802939041853,1.8464236496276214,2.4646987847813118,6.982381103631399,2.642419554807941,2.7927740701053003,8.996869118093326,2.999478140959411,2.8692664194768787,2.642419554807941,2.642419554807941,1.8385844100680369,1.0,1.076967900392786,1.7295472637993023,36.06226866545536
8.259999999999868,0.9142702713601112,0.9142702713601112,3.399434436570254,1.8437555251633158,2.465448463538981,6.972137982421079,2.640480634736994,2.7928081234183395,8.988787633967867,2.9981306899412954,2.8692636473930504,2.640480634736994,2.640480634736994,1.8617083863459332,1.0,1.0869480717358098,1.733577944845994,36.06226702183249
8.269999999999868,0.8778152314195949,0.8778152314195949,3.3899294520152354,1.8411761056496565,2.466181593680333,6.9623646775159544,2.6386293179444427,2.792842790811311,8.98113447688884,2.9968540966968744,2.869260963588241,2.6386293179444427,2.6386293179444427,1.8873169770143268,1.0,1.097702489822773,1.7379525119746113,36.06226538045833
8.279999999999868,0.8410593592973907,0.8410593592973907,3.3807696013054773,1.8386869231344083,2.466897482641299,6.95306491823042,2.6368664960953976,2.792877860860979,8.973917606537483,2.99564978035442,2.869258369066623,2.6368664960953976,2.6368664960953976,1.915624865016725,1.0,1.109299738345832,1.74272417313349,36.062263738891176
8.289999999999868,0.8040261239270882,0.8040261239270882,3.3719588907048856,1.8362894354390011,2.4675954215510125,6.9442422725847655,2.635193023781136,2.7929131229352393,8.96714482895514,2.9945191315059487,2.869255864730511,2.635193023781136,2.635193023781136,1.9468645897435124,1.0,1.1218157034219152,1.7479358722139886,36.0622620945794
8.299999999999867,0.7667395606138757,0.7667395606138757,3.363501061452337,1.8339850221450384,2.468274685871557,6.935900138649017,2.633609716463132,2.792948367369697,8.960823783960477,2.9934635097091924,2.8692534513763848,2.633609716463132,2.633609716463132,1.9812869289628219,1.0,1.1353345046920489,1.7535208765853088,36.06226044486508
8.309999999999867,0.729224216047213,0.729224216047213,3.355399580090958,1.831774980747078,2.4689345361372297,6.928041735831065,2.6321173484157323,2.792983385641964,8.954961932534378,2.992484240983464,2.869251129690907,2.6321173484157323,2.6321173484157323,2.019160812018819,1.0,1.1499495755498244,1.7595077594776403,36.06225878698806
8.319999999999867,0.6915050907946175,0.6915050907946175,3.34765762941284,1.829660522996777,2.4695742187945884,6.920670096155202,2.6307166506781385,2.793017970543503,8.949566544222627,2.9915826153096,2.8692489002469634,2.6307166506781385,2.6307166506781385,2.0607725507720733,1.0,1.1657707785334412,1.766028605790104,36.06225711809064
8.329999999999867,0.653607579508786,0.653607579508786,3.3402781000805617,1.8276427714628922,2.4701929671439697,6.913788055578521,2.6294083090266755,2.793051916348821,8.944644684607802,2.990759884144463,2.8692467634997083,2.6294083090266755,2.6294083090266755,2.106424102706638,1.0,1.182930912898295,1.772959280276548,36.062255435222745
8.339999999999867,0.615557409150752,0.615557409150752,3.3332635829843498,1.8257227563308591,2.4707900023826106,6.907398245393437,2.628192961978522,2.7930850189818317,8.940203202902547,2.9900172579606537,2.8692447197826336,2.628192961978522,2.628192961978522,2.1564299885557077,1.0,1.20154254655802,1.7804042684268484,36.062253735347426
8.349999999999866,0.5773805755372355,0.5773805755372355,3.3266163623903946,1.8239014124646087,2.4713645347489024,6.901503083765079,2.6270711988381814,2.7931170761792217,8.936248719716836,2.9893559038222324,2.869242769303655,2.6270711988381814,2.6270711988381814,2.2111123716013914,1.0,1.2217938485851216,1.7883914128898233,36.06225201534705
8.359999999999866,0.539103278548433,0.539103278548433,3.3203384099321247,1.8221795767520073,2.4719157647667127,6.896104767452495,2.626043557798022,2.793147887650621,8.932787615051955,2.988776943007282,2.869240912141214,2.626043557798022,2.626043557798022,2.2707936659585055,1.0,1.243835413604089,1.7968862802728935,36.062250272029786
8.369999999999866,0.5007518562976297,0.5007518562976297,3.3144313794919817,1.8205579857538132,2.4724428845880775,6.89120526376201,2.625110524104082,2.793177255235438,8.929826016573399,2.9882814486880913,2.8692391482404176,2.625110524104082,2.625110524104082,2.335785878877236,1.0,1.267875966647195,1.8060394007059675,36.062248502136555
8.379999999999866,0.4623527186554839,0.4623527186554839,3.3088966030164815,1.8190372736743141,2.472945079431946,6.886806302780651,2.6242725282982047,2.793204983056179,8.92736978821424,2.9878704436796184,2.8692374774091878,2.6242725282982047,2.6242725282982047,2.406375717073335,1.0,1.2941515300348856,1.8157586679358266,36.06224670234837
8.389999999999866,0.4239322804183415,0.4239322804183415,3.3037350873021136,1.8176179706698858,2.4734215291160435,6.882909369936189,2.6235299445472675,2.7932308776680865,8.92542451915923,2.9875448982666737,2.8692358993144547,2.6235299445472675,2.6235299445472675,2.4828043223928544,1.0,1.3229296487235545,1.826209977449562,36.062244869294105
8.399999999999865,0.3855168945437736,0.3855168945437736,3.298947511784117,1.8163005015096254,2.4738714096782606,6.879515698928824,2.622883089069893,2.7932547482049657,8.923995513258367,2.987305728119967,2.869234413478364,2.622883089069893,2.622883089069893,2.5652403930308383,1.0,1.3545145466826651,1.8373659579019326,36.06224299955845
8.409999999999865,0.34713278573525624,0.34713278573525624,3.294534227354105,1.8150851845999143,2.4742938950833993,6.876626265077693,2.6223322186705658,2.793276406521022,8.923087778916555,2.98715379231076,2.8692330192745326,2.6223322186705658,2.6223322186705658,2.6537454723701845,1.0,1.389253472601673,1.8492785502178428,36.06224108969024
8.419999999999865,0.3088059847782626,0.3088059847782626,3.290495256226317,1.8139722313823652,2.47468815901048,6.874241779122952,2.621877529390523,2.7932956673285925,8.92270601950385,2.987089891433442,2.8692317159243164,2.621877529390523,2.621877529390523,2.748230474973247,1.0,1.4276232171798418,1.8621342011056596,36.06223913621104
8.429999999999865,0.2705622639538542,0.2705622639538542,3.286830292865786,1.8129617461120866,2.475053376715214,6.872362681521621,2.6215191552841306,2.7933123483316185,8.922854624327773,2.987114765844756,2.869230502493136,2.6215191552841306,2.6215191552841306,2.848403252145124,1.0,1.4701133683117686,1.875887803232467,36.062237135623874
8.439999999999864,0.23242707383654068,0.23242707383654068,3.2835387059849426,1.8120537260205456,2.475388726961724,6.870989137272359,2.621257167328753,2.7933262703547355,8.923537660206446,2.987229094027849,2.869229377886813,2.621257167328753,2.621257167328753,2.9537084131314644,1.0,1.5173934730122494,1.890655818877617,36.06223508442207
8.449999999999864,0.19442548184238012,0.19442548184238012,3.2806195416084654,1.811248061864654,2.4756933940170027,6.870121031301076,2.6210915724753066,2.793337257467856,8.92475886367776,2.9874334910885896,2.869228340847964,2.6210915724753066,2.6210915724753066,3.0632629568752066,1.0,1.5703020753122958,1.9066189509710998,36.06223297909831
8.459999999999864,0.15658211279865122,0.15658211279865122,3.2780715271992555,1.8105445388609624,2.475966569701149,6.869757964435831,2.621022312845854,2.7933451371061278,8.926521633876368,2.9877285073909188,2.86922738995242,2.621022312845854,2.621022312845854,3.1757946766913077,1.0,1.630041647160183,1.9239233215081648,36.062230816153594
8.469999999999864,0.11892109183213118,0.11892109183213118,3.2758930768316135,1.809942838001138,2.476207455485909,6.869899249995659,2.6210492650836725,2.7933497401851577,8.928829026106358,2.9881146273371706,2.869226523605689,2.6210492650836725,2.6210492650836725,3.2895946116104624,1.0,1.6981939220041518,1.9427005324928022,36.062228592106315
8.479999999999864,0.08146598983889716,0.08146598983889716,3.2740822973909065,1.8094425377421928,2.476415264633656,6.870543911014132,2.6211722398602753,2.7933509012113986,8.931683746133642,2.9885922682985115,2.8692257400394636,2.6211722398602753,2.6211722398602753,3.4024992652986294,1.0,1.7772199407448486,1.963174682498749,36.0622263035012
8.489999999999863,0.04423977179515924,0.04423977179515924,3.272636995772415,1.8090431160623053,2.4765892243685323,6.871690678114391,2.621390981542889,2.7933484583876016,8.9350881452178,2.989161779699754,2.8692250373081674,2.621390981542889,2.621390981542889,3.511921247617743,1.0,1.8713560353773566,1.9856180388187112,36.062223946918174
8.499999999999863,0.007264748099448283,0.007264748099448283,3.2715546870456387,1.8087439528705103,2.4767285780711634,6.873337988048255,2.6217051680248593,2.793342253713253,8.939044215899075,2.9898234422619465,2.869224413285547,2.6217051680248593,2.6217051680248593,3.6149458964057306,1.0,1.9885233209577167,2.0114051460690585,36.06222151898109
8.509999999999863,-0.02943747081857757,0.02943747081857757,3.2708326035442137,1.808544332756102,2.4768325874880555,6.87548398290787,2.622114410720453,2.7933321330799035,8.943553588551799,2.9905774674052163,2.869223865661315,2.622114410720453,2.622114410720453,3.7085036130017306,1.0,0.17759706791754573,0.22739300156234482,36.06221901636623
8.519999999999863,-0.06584601650166004,0.06584601650166004,3.270467704835782,1.808443448061283,2.476900534946564,6.878126510014122,2.6226182547244883,2.79331794636133,8.948617528711281,2.9914239968134377,2.8692233919378447,2.6226182547244883,2.6226182547244883,3.7896118424092418,1.0,0.2638408139563962,0.34301920098140515,36.06221643581059
8.529999999999863,-0.10194080088294136,0.10194080088294136,3.2704566885207527,1.8084404022584633,2.476931725566141,6.8812631224819345,2.623216179136202,2.7932995474984583,8.954236935177034,2.992363102161406,2.869222989426908,2.623216179136202,2.623216179136202,3.8556591372033417,1.0,0.32604157370969694,0.4304964422863026,36.06221377411987
8.539999999999862,-0.13770255106603604,0.13770255106603604,3.270796001803905,1.8085342136116487,2.4769254894564554,6.884891080458466,2.62390759754578,2.7932767945789925,8.960412338890762,2.9933947850042704,2.869222655246486,2.62390759754578,2.62390759754578,3.9046834708615137,1.0,0.3763285705623672,0.5046777283323232,36.062211028176144
8.549999999999862,-0.17311284033295277,0.17311284033295277,3.271481853778263,1.8087238190996056,2.4768811838929254,6.889007353026296,2.624691858680995,2.793249549911698,8.96714390258373,2.99451897682812,2.8692223863176274,2.624691858680995,2.624691858680995,3.9355875871680994,1.0,0.4190353533140315,0.570764745867829,36.06220819494519
8.559999999999862,-0.20815411534880926,0.20815411534880926,3.272510228356693,1.809008078576957,2.476798195460182,6.893608620759768,2.6255682472104525,2.793217680095317,8.974431421183974,2.9957355392597615,2.8692221793613757,2.6255682472104525,2.6255682472104525,3.948243007491827,1.0,0.45634429648634844,0.6312838750870806,36.06220527148342
8.569999999999862,-0.24280971951986677,0.24280971951986677,3.2738768977832016,1.8093857791480517,2.476675942154071,6.8986912789192445,2.6265359846990948,2.7931810560820556,8.982274322970069,2.997044264432888,2.8692220308957697,2.6265359846990948,2.6265359846990948,3.9434607847685665,1.0,0.4895437723934494,0.6876790185948197,36.06220225494444
8.579999999999862,-0.27706391250920026,0.27706391250920026,3.275577436653006,1.8098556397273806,2.476513875432901,6.904251441264291,2.627594230710726,2.7931395532356484,8.990671671454667,2.99844487550708,2.869221937232912,2.627594230710726,2.627594230710726,3.92284141492368,1.0,0.5194832690587361,0.7408768969736907,36.062199142585094
8.589999999999861,-0.31090188593090246,0.31090188593090246,3.27760723636819,1.8104163157594968,2.4763114822088133,6.910284944463945,2.6287420840515994,2.7930930513839676,8.99962216797757,2.9999370273353354,2.8692218944761216,2.6287420840515994,2.6287420840515994,3.88854456244462,1.0,0.5467599699557745,0.7914624577055301,36.06219593177116
8.599999999999861,-0.34430977526875317,0.34430977526875317,3.2799615199539476,1.8110664040708027,2.476068286770415,6.916787353079026,2.6299785841483625,2.7930414348661805,9.009124154985024,3.0015203072751353,2.869221898517167,2.6299785841483625,2.6299785841483625,3.843031347033118,1.0,0.5718200509373789,0.8398526361354258,36.06219261998252
8.60999999999986,-0.37727466808086546,0.37727466808086546,3.2826353571593714,1.8118044478252533,2.4757838526280667,6.923753965088983,2.6313027125530395,2.792984592574453,9.019175619969118,3.003194236137436,2.8692219450335963,2.6313027125530395,2.6313027125530395,3.788826558950674,1.0,0.5950027658776513,0.8863671385414746,36.062189204817855
8.61999999999986,-0.4097846085921042,0.4097846085921042,3.285623679766137,1.8126289415559205,2.4754577842735865,6.931179817933292,2.6327133945671513,2.7929224179902152,9.029774200038558,3.004958269267405,2.8692220294861634,2.6327133945671513,2.6327133945671513,3.7283315777160055,1.0,0.6165830774567294,0.9312172384329362,36.06218568399892
8.62999999999986,-0.4418285987910291,0.4418285987910291,3.2889212970285078,1.8135383362445106,2.4750897288465037,6.939059695035415,2.6342095009766053,2.792854809215001,9.040917187089907,3.0068117977502196,2.869222147116354,2.6342095009766053,2.6342095009766053,3.663699679287311,1.0,0.6367758804722242,0.9745150998296502,36.06218205537425
8.63999999999986,-0.47339659613583324,0.47339659613583324,3.29252291116866,1.8145310444213016,2.474679377699448,6.9473881327755915,2.6357898498885666,2.7927816689958997,9.052601533546358,3.0087541497347967,2.8692222929440314,2.6357898498885666,2.6357898498885666,3.5967703317137243,1.0,0.6557698104077266,1.0164185732823896,36.062178316922456
8.64999999999986,-0.5044795080354604,0.5044795080354604,3.2964231328524645,1.8156054452585408,2.4742264678557317,6.9561594278772,2.6374532086611886,2.7927029047456493,9.064823858629492,3.0107845918679557,2.8692224617651974,2.6374532086611886,2.6374532086611886,3.5290505287861986,1.0,0.6737049390232757,1.057023812958469,36.062174466755025
8.65999999999986,-0.5350691832656833,0.5350691832656833,3.3006164965725424,1.8167598896311374,2.4737307833527042,6.9653676451704545,2.6391982959168594,2.7926184285574114,9.077580455128112,3.012902330831206,2.869222648149876,2.6391982959168594,2.6391982959168594,3.4617285676530365,1.0,0.6907214265218774,1.0962984131923021,36.06217050311864
8.66999999999986,-0.5651584004713986,0.5651584004713986,3.305097475867495,1.817992705119439,2.473192156465021,6.975006625696184,2.641023783629406,2.7925281572142984,9.090867296627257,3.0151065149721092,2.869222846440146,2.641023783629406,2.641023783629406,3.3957068905877854,1.0,0.7069189507679602,1.1343407714855918,36.06216642439706
8.67999999999986,-0.5947408539540777,0.5947408539540777,3.309860498308835,1.8193022009300255,2.4726104688025443,6.985069995112107,2.6429282992756553,2.7924320121936868,9.10468004515968,3.0173962360219915,2.8692230507483005,2.6429282992756553,2.6429282992756553,3.33164360151334,1.0,0.722392135913753,1.1711222197117368,36.06216222911259
8.68999999999986,-0.6238111369249395,0.6238111369249395,3.3148999601901132,1.8206866727117308,2.471985652278227,6.99555117236358,2.6449104280416718,2.7923299196664115,9.119014059241657,3.019770530891653,2.8692232549551706,2.6449104280416718,2.6449104280416718,3.2699955673104095,1.0,0.7372204622523231,1.2066674171480893,36.062157915927045
8.699999999999859,-0.652364722436807,0.652364722436807,3.320210240856099,1.8221444072455122,2.4713176899419436,7.00644337858104,2.6469687150741015,2.7922218104908927,9.133864402254828,3.0222283835366954,2.8692234527086042,2.6469687150741015,2.6469687150741015,3.211058847790338,1.0,0.7514756476519608,1.240942301388063,36.06215348364239
8.709999999999859,-0.6803979421364375,0.6803979421364375,3.325785716613559,1.8236736869883161,2.4706066166769007,7.017739646166431,2.6491016677671,2.7921076202023007,9.149225851135785,3.0247687268840546,2.869223637422115,2.6491016677671,2.6491016677671,3.155004302566301,1.0,0.7652247794005087,1.2740874154288806,36.062148931200966
8.719999999999859,-0.707907963134909,0.707907963134909,3.3316207741691577,1.825272794452697,2.4698525197559276,7.029432828031663,2.651307758075562,2.7919872889968316,9.165092905335579,3.027390444811435,2.8692238022737087,2.651307758075562,2.651307758075562,3.1019076217060575,1.0,0.7785058636740071,1.3059029485467257,36.06214425768533
8.729999999999858,-0.7348927630949047,0.7348927630949047,3.3377098235441918,1.8269400164056269,2.4690555392556073,7.041515606952719,2.6535854248455464,2.7918607617111997,9.181459796011644,3.0300923741713954,2.8692239402049005,2.6535854248455464,2.6535854248455464,3.0517738631425546,1.0,0.7913809396635626,1.336649267840315,36.06213946231779
8.739999999999858,-0.7613511038132532,0.7613511038132532,3.3440473104203083,1.8286736478716776,2.4682158683268995,7.0539805050041595,2.6559330761531172,2.7917279877974517,9.198320495415668,3.0328733068520464,2.869224043919922,2.6559330761531172,2.6559330761531172,3.0045570178251384,1.0,0.8038757583177385,1.3661728290628956,36.06213454445957
8.749999999999858,-0.7872825034464674,0.7872825034464674,3.3506277278748513,1.8304719959275124,2.4673337533215767,7.066819893039801,2.65834909164312,2.7915889212932092,9.215668726441653,3.0357319918664842,2.869224105885136,2.65834909164312,2.65834909164312,2.9601753047783146,1.0,0.8160451448258125,1.3945293335676603,36.062129503609754
8.759999999999858,-0.8126872076072872,0.8126872076072872,3.3574456274691977,1.8323333832764161,2.4664094937744574,7.0800260001867406,2.6608318248598013,2.791443520787458,9.233497972299661,3.038667137463342,2.8692241183286695,2.6608318248598013,2.6608318248598013,2.918522927751827,1.0,0.8279017623750133,1.4217504501672171,36.06212433940389
8.769999999999857,-0.8375661595090337,0.8375661595090337,3.3644956296581574,1.8342561515933802,2.4654434422420906,7.093590923321323,2.6633796055615737,2.7912917493820113,9.251801486282027,3.0416774132511204,2.869224073240254,2.6633796055615737,2.6633796055615737,2.8794789742062585,1.0,0.8394828911932863,1.4478461427038016,36.062119051612356
8.779999999999857,-0.8619209693310982,0.8619209693310982,3.3717724334931996,1.8362386646330044,2.464436003999178,7.107506636497261,2.665990742012669,2.791133574648766,9.270572301590047,3.0447614523292374,2.8692239623713176,2.665990742012669,2.665990742012669,2.842914050670169,1.0,0.8508212132576205,1.4730468219344126,36.06211364013853
8.789999999999857,-0.8857538829934993,0.8857538829934993,3.3792708255971022,1.8382793110942368,2.4633876365946517,7.121765000297757,2.6686635232448763,2.7909689685829067,9.289803241190905,3.0479178534191016,2.869223777235299,2.6686635232448763,2.6686635232448763,2.8086951520638213,1.0,0.8619270636012994,1.4971797153831008,36.062108105016755
8.799999999999857,-0.9090677505148078,0.9090677505148078,3.386985688392206,1.8403765072376375,2.46229884926993,7.136357771085335,2.6713962212830458,2.790797907552167,9.309486927675987,3.0511451829888374,2.8692235091082186,2.6713962212830458,2.6713962212830458,2.7766891702738765,1.0,0.872821840119661,1.5203795083509792,36.06210244641005
8.809999999999857,-0.9318659940940761,0.9318659940940761,3.3949120075691512,1.8425286992525114,2.461170202242432,7.151276610124805,2.6741870933285137,2.7906203722423246,9.329615793093527,3.054441977365674,2.869223149029498,2.6741870933285137,2.6741870933285137,2.7467653654851447,1.0,0.8835243799179335,1.5426939607355685,36.06209666460782
8.819999999999856,-0.9541525760897585,0.9541525760897585,3.4030448787873686,1.844734365372795,2.460002305858013,7.166513092556762,2.677034383895127,2.7904363475990595,9.350182088730167,3.0578067448303803,2.8692226878030525,2.677034383895127,2.677034383895127,2.718797054637968,1.0,0.8940512845978826,1.564228857339494,36.06209076002321
8.829999999999856,-0.9759319670137071,0.9759319670137071,3.4113795136030296,1.8469920177420989,2.458795819616458,7.182058716200866,2.6799363268930225,2.7902458227663334,9.371177894817865,3.0612379676885406,2.8692221159986477,2.6799363268930225,2.6799363268930225,2.692662714704698,1.0,0.9044187873334507,1.5849117359616338,36.06208473319051
8.839999999999856,-0.9972091136926189,0.9972091136926189,3.419911244624297,1.849300204029702,2.4575514510746914,7.197904910170089,2.6828911476558437,2.790048791021455,9.39259513014425,3.0647341043138225,2.8692214239535376,2.6828911476558437,2.6828911476558437,2.668246653007159,1.0,0.9146407343586797,1.6048676426378454,36.062078584762425
8.849999999999856,-1.0179894077146614,1.0179894077146614,3.4286355298977313,1.8516575088006235,2.4562699546327713,7.214043043279006,2.685897064907553,2.789845249706986,9.414425561546382,3.0682935911588354,2.869220601774389,2.685897064907553,2.685897064907553,2.6454393608766034,1.0,0.9247241564770285,1.6242396049586318,36.062072315507194
8.859999999999856,-1.0382786542509588,1.0382786542509588,3.4375479565334874,1.8540625546441218,2.4549521302081736,7.230464432231143,2.6889522926655176,2.789635200159654,9.436660813269658,3.071914844729531,2.8692196393394975,2.6889522926655176,2.6889522926655176,2.624137638908869,1.0,0.9346791744766865,1.642954209768483,36.06206592630569
8.869999999999855,-1.0580830413929811,1.0580830413929811,3.446644243580544,1.8565140030661078,2.453598821804219,7.247160349572158,2.6920550420769924,2.7894186476364435,9.459292376175245,3.075596263519522,2.8692185263013075,2.6920550420769924,2.6920550420769924,2.6042445603580124,1.0,0.9445146952060386,1.6610699021497959,36.06205941814847
8.879999999999855,-1.07740911006008,1.07740911006008,3.4559202441664967,1.8590105551519864,2.4522109159788346,7.2641220313975765,2.6952035231866214,2.789195601238038,9.48231161678132,3.0793362299010676,2.869217252089231,2.6952035231866214,2.6952035231866214,2.5856693225254306,1.0,0.954238543123083,1.6786357323373413,36.06205279213277
8.889999999999855,-1.0962637245848075,1.0962637245848075,3.4653719469195905,1.861550952007382,2.4507893402201235,7.2813406848054685,2.698395946633012,2.788966073829775,9.505709786124875,3.0831331119698473,2.8692158059127886,2.698395946633012,2.698395946633012,2.5683270232484037,1.0,0.963857960359386,1.6956928162592122,36.062046049459425
8.899999999999855,-1.1146540440325883,1.1146540440325883,3.4749954766934845,1.864133974985029,2.4493350612354607,7.298807495086194,2.7016305252728756,2.7887300819603063,9.529478028432655,3.086985265341034,2.8692141767650567,2.7016305252728756,2.7016305252728756,2.5521383898916827,1.0,0.973384438984117,1.7122755163567007,36.06203919142988
8.909999999999854,-1.132587494335253,1.132587494335253,3.484787094617848,1.8667584457068482,2.447849083161044,7.316513632642998,2.7049054757316378,2.7884876457781305,9.553607389591217,3.090891034894504,2.869212353426451,2.7049054757316378,2.7049054757316378,2.5370294808990757,1.0,0.9828189546383075,1.7284124027544725,36.06203221944309
8.919999999999854,-1.150071741273687,1.150071741273687,3.494743197500213,1.8694232258908663,2.4463324456989763,7.334450259638753,2.708219019879809,2.7882387889461735,9.578088825407713,3.094848756467384,2.869210324468826,2.708219019879809,2.708219019879809,2.522931374420596,1.0,0.9921660178195674,1.7441270406208134,36.062025134992446
8.929999999999854,-1.1671146643697874,1.1671146643697874,3.504860316606603,1.872127216993173,2.444786222189097,7.352608536365687,2.7115693862347845,2.7879835385546103,9.602913209654353,3.098856758492453,2.869208078259917,2.7115693862347845,2.7115693862347845,2.509779854368313,1.0,1.0014295084999734,1.7594386389620398,36.06201793966273
8.939999999999854,-1.1837243317312984,1.1837243317312984,3.515135115850253,1.8748693596755623,2.443211517622842,7.370979627336287,2.7149548112880786,2.7877219250320917,9.628071341890916,3.1029133635812194,2.869205602968117,2.7149548112880786,2.7149548112880786,2.497515101141542,1.0,1.01061273344542,1.7744650783812903,36.0620106351271
8.949999999999854,-1.1999089758491843,1.1999089758491843,3.5255643894193334,1.877648633109862,2.441609466606467,7.389554707094877,2.718373540758311,2.787453982055574,9.653553955060964,3.107016890050803,2.869202886567594,2.718373540758311,2.718373540758311,2.486081391946419,1.0,1.0197184764891545,1.7891699519854594,36.062003223143975
8.959999999999853,-1.2156769704198256,1.2156769704198256,3.536145058875909,1.8804640541302322,2.4399812312809646,7.408324965750682,2.7218238307705884,2.7871797464589143,9.67935172285858,3.1111656533940106,2.869199916843752,2.7218238307705884,2.7218238307705884,2.475426813922723,1.0,1.0287490426072494,1.8035301072720646,36.061995705554125
8.969999999999853,-1.2310368081594958,1.2310368081594958,3.5468741697594295,1.8833146762448991,2.438327999205991,7.4272816142341895,2.725303948963159,2.7868992581404273,9.705455266863616,3.1153579676922547,2.8691966813990453,2.725303948963159,2.725303948963159,2.465502992034313,1.0,1.0377083338416053,1.8175514773028347,36.061988084277644
8.979999999999853,-1.2459970796540074,1.2459970796540074,3.55774888772893,1.8861995885189164,2.436650981215028,7.446415889279773,2.728812175522488,2.7866125599695772,9.731855163444457,3.1195921469712125,2.8691931676591427,2.728812175522488,2.728812175522488,2.4562648327661725,1.0,1.046611153521859,1.8312660303130897,36.061980361311
8.989999999999853,-1.260566453242863,1.260566453242863,3.5687664942787323,1.889117914339582,2.4349514092489253,7.465719058138489,2.732346804148128,2.7863196976929783,9.758541950428322,3.1238665064993287,2.8691893628794425,2.732346804148128,2.732346804148128,2.4476702840154645,1.0,1.0554450326510616,1.844844919556857,36.06197253872417
8.999999999999853,-1.2747536559126982,1.2747536559126982,3.5799243820628575,1.892068810076118,2.433230534174835,7.48518242302575,2.735906142948941,2.786020719839891,9.785506133539949,3.128179364029491,2.8691852541519483,2.735906142948941,2.735906142948941,2.439680111101098,1.0,1.0642107857357208,1.8581099539055281,36.061964618657676
9.009999999999852,-1.288567455246563,1.288567455246563,3.5912200498635856,1.8950514636451394,2.4314896235973915,7.504797325309487,2.7394885152724195,2.7857156776273815,9.812738192610377,3.132529040984357,2.869180828412497,2.7394885152724195,2.7394885152724195,2.4322576884972347,1.0,1.072908907744716,1.8710589740271908,36.06195660331979
9.019999999999852,-1.3020166423548025,1.3020166423548025,3.60265109723961,1.8980650929932856,2.429729959668803,7.524555149444995,2.7430922604690124,2.785404624865322,9.840228587558203,3.136913863586025,2.8691760724483535,2.7430922604690124,2.7430922604690124,2.425368806683486,1.0,1.0815477235543798,1.8838967788881091,36.06194849498377
9.029999999999852,-1.3151100158310005,1.3151100158310005,3.614215218889089,1.9011089445082017,2.427952836904322,7.544447326663369,2.7467157345934745,2.7850876178614,9.867967764146497,3.141332163930853,2.8691709729061534,2.7467157345934745,2.7467157345934745,2.4189814933703966,1.0,1.0901344879656272,1.8964894162022685,36.06194029598493
9.039999999999852,-1.3278563666815208,1.3278563666815208,3.625910198762573,1.9041822913688102,2.4261595600093164,7.564465338420912,2.750357311045405,2.7847647153263093,9.895946159518898,3.1457822810103844,2.869165516300223,2.750357311045405,2.750357311045405,2.4130658482818914,1.0,1.0986554682474345,1.9087704305802071,36.06193200871813
9.049999999999851,-1.3402644642211345,1.3402644642211345,3.6377339039603105,1.907284431845526,2.424351441723935,7.5846007196174305,2.7540153811512074,2.784435978279278,9.924154207519264,3.150262561679465,2.86915968902124,2.7540153811512074,2.7540153811512074,2.4075938906408667,1.0,1.1071101710658897,1.9210111676344426,36.061923635634834
9.059999999999851,-1.3523430429170407,1.3523430429170407,3.6496842784478307,1.9104146875607482,2.4225298006910694,7.6048450615916465,2.7576883546897837,2.7841014699541056,9.952582343799401,3.1547713615727213,2.869153477345269,2.7576883546897837,2.7576883546897837,2.4025394184980344,1.0,1.1155108829100324,1.932972785374674,36.06191517924064
9.069999999999851,-1.3641007901312026,1.3641007901312026,3.661759336622902,1.9135724017195959,2.4206959593530586,7.625190014902352,2.7613746603643543,2.783761255705868,9.981221010719961,3.1593070459706762,2.86914686744315,2.7613746603643543,2.7613746603643543,2.3978778790586364,1.0,1.1238588252863668,1.9447239334955948,36.0619066420925
9.07999999999985,-1.3755463347855308,1.3755463347855308,3.6739571567661966,1.9167569373204827,2.4188512418822636,7.645627291904183,2.7650727462228155,2.78341540291843,10.010060662049955,3.163867990616858,2.8691398453902432,2.7650727462228155,2.7650727462228155,2.3935862491900344,1.0,1.132139986575896,1.9563856064283986,36.06189802679623
9.08999999999985,-1.386688236859121,1.386688236859121,3.6862758744069053,1.9199676753546935,2.416996972150353,7.6661486691270415,2.7687810800290875,2.7830639809129303,10.039091767470458,3.1684525824873027,2.869132397176531,2.7687810800290875,2.7687810800290875,2.3896429253306475,1.0,1.140356034945087,1.9677268649780815,36.06188933600385
9.09999999999985,-1.3975349777233719,1.3975349777233719,3.6987136756335675,1.9232040130037082,2.415134471740819,7.686745989468414,2.772498149587915,2.782707060857381,10.06830481688846,3.1730592205139287,2.869124508717073,2.772498149587915,2.772498149587915,2.3860276220635446,1.0,1.1485305038183369,1.9790783660515625,36.061880572411106
9.10999999999985,-1.4080949513013241,1.4080949513013241,3.7112687903791977,1.9264653618425631,2.413265058008931,7.707411164207868,2.776222463025589,2.782344715677516,10.097690324566967,3.1776863162632916,2.869116165862815,2.776222463025589,2.776222463025589,2.3827212786637118,1.0,1.1566363940608004,1.990126510890765,36.06187173875495
9.11999999999985,-1.4183764559675722,1.4183764559675722,3.7239394857085597,1.929751146057066,2.411390042192995,7.7281361748530895,2.779952549029046,2.7819770199690277,10.127238833077541,3.182332294572259,2.8691073544117325,2.779952549029046,2.779952549029046,2.3797059729746173,1.0,1.1646729347200666,2.001104231803046,36.061862837811034
9.12999999999985,-1.4283876872072918,1.4283876872072918,3.736724059134192,1.9330608006822216,2.4095107275804857,7.748913074826782,2.7836869570457776,2.7816040499113277,10.156940917081565,3.186995594142164,2.8690980601203373,2.7836869570457776,2.7836869570457776,2.376964842015973,1.0,1.172670039381901,2.0118629286751744,36.061853872391254
9.13999999999985,-1.4381367309670487,1.4381367309670487,3.7496208319864146,1.9363937698687255,2.407628407732274,7.76973399100376,2.7874242574469643,2.7812258831829473,10.186787186946722,3.1916746680930252,2.869088268715504,2.7874242574469643,2.7874242574469643,2.3744820087695584,1.0,1.1805957356170842,2.022503427844852,36.061844845341355
9.14999999999985,-1.4476315576951975,1.4476315576951975,3.762628142861227,1.9397495051839109,2.4057443647678496,7.7905911251074516,2.7911630416561932,2.780842598878702,10.216768292204971,3.196367984479411,2.8690779659066408,2.7911630416561932,2.7911630416561932,2.372242514633039,1.0,1.188454686170611,2.0329718419010474,36.06183575953846
9.15999999999985,-1.4568800170044744,1.4568800170044744,3.775744341168547,1.9431274639530334,2.4038598677141336,7.811476754974876,2.794901922246088,2.7804542774287326,10.246874924858453,3.2010740267695237,2.869067137398189,2.794901922246088,2.794901922246088,2.370232257072585,1.0,1.1962678678803862,2.043305752927187,36.06182661788877
9.169999999999849,-1.465889832963973,1.465889832963973,3.7889677808018414,1.9465271076462924,2.4019761709201384,7.832383235699112,2.7986395330051193,2.7800610005195323,10.277097822539746,3.205791294289094,2.8690557689024376,2.7986395330051193,2.7986395330051193,2.3684379320434403,1.0,1.2040059609322296,2.053479259774381,36.06181742332508
9.179999999999849,-1.4746685999507398,1.4746685999507398,3.802296813948785,1.9499479003165148,2.4000945125394315,7.853303000657969,2.802374528976805,2.7796628510170587,10.307427771532632,3.210518302631622,2.8690438461526666,2.802374528976805,2.802374528976805,2.3668469807833934,1.0,1.2116868544444732,2.0635324833630535,36.06180817880455
9.189999999999849,-1.4832237790589877,1.4832237790589877,3.8157297850610763,1.9533893070919264,2.3982161130820607,7.874228562437521,2.806105586473453,2.779259912892024,10.33785560965975,3.2152535840365295,2.8690313549165847,2.806105586473453,2.806105586473453,2.365447540617375,1.0,1.2193074517851143,2.0734031945782707,36.06179888730629
9.199999999999848,-1.4915626950226712,1.4915626950226712,3.829265025000141,1.9568507927279843,2.3963421740372906,7.895152513658747,2.809831403066516,2.7788522711474575,10.368372229043056,3.2199956877367173,2.8690182810100824,2.809831403066516,2.809831403066516,2.3642283994421436,1.0,1.2268498556618779,2.0831978208891,36.06178955182905
9.209999999999848,-1.4996925336164963,1.4996925336164963,3.842900845373984,1.9603318202217663,2.3944738765682256,7.9160675277155175,2.8135506975555846,2.77844001174862,10.398968578743252,3.224743180277036,2.8690046103112694,2.8135506975555846,2.8135506975555846,2.363178953588325,1.0,1.2343491892139635,2.0927549703204305,36.061780175388996
9.219999999999848,-1.5076203395229213,1.5076203395229213,3.856635533079063,1.9638318494919729,2.3926123802791093,7.936966359431658,2.8172622099179296,2.7780232215553418,10.429635667283852,3.229494645805107,2.868990328774804,2.8172622099179296,2.8172622099179296,2.362289168783142,1.0,1.2417668337955072,2.102309999024363,36.06177076101734
9.229999999999848,-1.5153530146177454,1.5153530146177454,3.870467345059586,1.9673503361271438,2.390758822055833,7.957841845644749,2.820964701240473,2.7776019882568583,10.460364565065728,3.234248686335936,2.868975422446488,2.820964701240473,2.820964701240473,2.361549543960999,1.0,1.2491269392243252,2.111562967151709,36.06176131175812
9.239999999999847,-1.5228973166632152,1.5228973166632152,3.88439450329532,1.9708867302042805,2.388914314979925,7.978686905723914,2.824656953635948,2.7771764003092008,10.491146406677508,3.2390039219916837,2.868959877478143,2.824656953635948,2.824656953635948,2.3609510776909626,1.0,1.2564168720789384,2.1208721297847815,36.061751830665884
9.249999999999847,-1.5302598583723697,1.5302598583723697,3.8984151900276047,1.9744404751796405,2.387079947316054,7.99949454202858,2.828337770144963,2.7767465468752066,10.521972393107298,3.243758991217951,2.8689436801427264,2.828337770144963,2.828337770144963,2.360485237010138,1.0,1.2636356384233811,2.1299136225589077,36.06174232080354
9.259999999999847,-1.5374471068113587,1.5374471068113587,3.912527543231944,1.9780110068530823,2.385256781572855,8.020257840314935,2.832005974625572,2.77631251776718,10.55283379386079,3.2485125509778765,2.8689268168497035,2.832005974625572,2.832005974625572,2.3601439284701673,1.0,1.2707933552697304,2.138882850403561,36.06173278524005
9.269999999999847,-1.544465383142323,1.544465383142323,3.926729652344289,1.9815977524069532,2.3834458536366605,8.040969970096427,2.8356604116319053,2.775874403392262,10.583721948990805,3.25326327692531,2.8689092741606452,2.8356604116319053,2.8356604116319053,2.359919471220715,1.0,1.2778695266063291,2.1477260210844435,36.06172322704821
9.279999999999847,-1.5513208626488564,1.5513208626488564,3.9410195542468593,1.9852001295201598,2.3816481719775267,8.061624184964359,2.8392999462833015,2.775432294700535,10.614628271042974,3.2580098635582697,2.8688910388050544,2.8392988814456666,2.839299413864335,2.359804571968969,0.9999992496716407,1.2848903218219339,2.156336814081307,36.06171364930247
9.289999999999846,-1.558019575046585,1.558019575046585,3.955395229518166,1.988817545557703,2.3798647169267424,8.082213822874357,2.8429234641253283,2.7749862831358882,10.64554424692223,3.26275102435387,2.8688720976963906,2.8429109871320164,2.8429172256081126,2.359792301667992,0.9999912143536311,1.2918222565385538,2.1649933040268134,36.06170405507671
9.299999999999846,-1.5645674050457645,1.5645674050457645,3.9698545989507403,1.9924493968356487,2.3780964400248537,8.102732306404086,2.846529870983982,2.774536460589676,10.67646143968433,3.2674854918858216,2.8688524379483034,2.846488502685465,2.8465091866088232,2.3598760737993416,0.9999708911080695,1.2987012584950033,2.1733891765145876,36.06169444744209
9.309999999999846,-1.5709700931484811,1.5709700931484811,3.984395520338968,1.996095067961185,2.376344263439036,8.123173142987362,2.8501180928142893,2.7740829193571592,10.70737149025682,3.272212017925614,2.86883204689103,2.850026491578666,2.850072291089432,2.3600496241268605,0.9999355901303028,1.3054869843747854,2.181705245011975,36.06168482946481
9.319999999999846,-1.5772332366551312,1.5772332366551312,3.9990157855383726,1.9997539312471353,2.374609079448549,8.143529925129377,2.85368707554444,2.7736257520967706,10.738266119093124,3.2769293735283833,2.8688109120879783,2.853521543497833,2.8536043059078064,2.3603069918089257,0.9998836884035543,1.312219182374515,2.189932638360198,36.06167520420399
9.329999999999846,-1.5833622908747258,1.5833622908747258,4.013713117796702,2.003425346200028,2.372891749996813,8.163796330607578,2.8572357849165297,2.773165051792164,10.769137127763777,3.2816363491044793,2.8687890213524474,2.8569706492268714,2.857103207806326,2.3606425017660064,0.9998138348023881,1.3188564434855572,2.1979162201728846,36.0616655747095
9.339999999999845,-1.5893625705029049,1.5893625705029049,4.028485169356185,2.0071086590805653,2.371193106308582,8.183966122662245,2.8607632063248865,2.772700911717087,10.79997640048821,3.286331754477659,2.8687663627644904,2.860371921079052,2.8605675435324174,2.361050748208977,0.9997254570452464,1.3254367073466735,2.205916044228371,36.06165594401982
9.349999999999845,-1.5952392511679199,1.5952392511679199,4.043329519325503,2.010803202535122,2.3695139485705106,8.20403315018073,2.8642683446529116,2.772233425403009,10.830775905610507,3.2910144189308115,2.8687429246879006,2.863723453767596,2.8639958601160362,2.3615265792415707,0.9996179577628237,1.3319230039316947,2.213746440713196,36.06164631515988
9.359999999999845,-1.600997371114653,1.600997371114653,4.0582436718190875,2.014508295296668,2.367855045673391,8.223991347878743,2.8677502241092654,2.7717626866095455,10.861527697022298,3.295683191240065,2.868718695787294,2.867023935274695,2.8673870102699492,2.3620650824574696,0.9994911446280997,1.3383460970773329,2.2213477869455254,36.06163669113898
9.369999999999845,-1.606641833023944,1.606641833023944,4.073225054360602,2.0182232419533284,2.3662171350141734,8.243834736482047,2.8712078880641934,2.7712887892975964,10.892223915535771,3.3003369396980924,2.868693665045284,2.8702725013339205,2.870740079606782,2.3626615714591614,0.9993451273652163,1.3446787194088943,2.229006799139004,36.06162707494866
9.379999999999844,-1.6121774059435572,1.6121774059435572,4.088271016546826,2.0219473327826387,2.364600922355854,8.26355742291138,2.8746403988866813,2.7708118276052067,10.922856790209524,3.304974552127372,2.868667821779724,2.873467519447436,2.874053778300097,2.3633115732315595,0.9991794600936749,1.3509393061809432,2.2364680228203553,36.0616174695606
9.389999999999844,-1.6176087273244701,1.6176087273244701,4.103378828967271,2.0256798436493537,2.363007081743249,8.283153600473321,2.878046837783103,2.7703318958260916,10.953418639629943,3.3095949358841397,2.868641155660997,2.8766089761815823,2.8773276352909387,2.364010816308904,0.9989948241672597,1.357115363143755,2.2437133169611463,36.06160787792454
9.399999999999844,-1.62294030513478,1.62294030513478,4.118545682374465,2.029420035964577,2.3614362554725927,8.302617549059452,2.8814263046379396,2.7698490883907825,10.983901873150426,3.31419701785371,2.8686136567293445,2.8796962967675723,2.88056090758009,2.3647552196783743,0.9987914906828381,1.363208010944184,2.2510042037942726,36.061598302966225
9.409999999999844,-1.6281765200703875,1.6281765200703875,4.1337686870991055,2.0331671567038225,2.359889054112873,8.321943635355845,2.8847779178570825,2.7693634998503502,11.014298992090751,3.318779744437818,2.8685853154121954,2.882728807998571,2.883752811670298,2.3655408823683906,0.9985696468752051,1.3692244539811418,2.2581207053639125,36.06158874758533
9.419999999999844,-1.633321627819215,1.633321627819215,4.149044872703835,2.0369204384815416,2.3583660565767985,8.341126313064773,2.888100814214208,2.768875224862646,11.044602590898602,3.323342081534581,2.868556122541502,2.8857060166413,2.8869026628415226,2.366364073673721,0.9983295919699399,1.3751436307708766,2.2650330599239075,36.06157921465346
9.429999999999843,-1.6383797613817086,1.6383797613817086,4.1643711878689,2.0406790996795405,2.3568678102392235,8.360160123140155,2.891394148700615,2.7683843581809904,11.07480535827516,3.327883014511652,2.868526069371037,2.888628087759337,2.8900101146820543,2.367221223973278,0.9980720746923137,1.3809972736703227,2.2719259279719792,36.06156970701212
9.439999999999843,-1.643354933446332,1.643354933446332,4.1797445005025615,2.0444423446266615,2.3553948311008894,8.379039694038054,2.8946570943788927,2.767890994645264,11.104900078266493,3.332401548173103,2.868495147593645,2.891495131126256,2.8930748019863266,2.3681089160999464,0.9977977895199586,1.386751644701976,2.278719458571688,36.06156022747064
9.449999999999843,-1.6482510387924834,1.6482510387924834,4.195161598068713,2.0482093638270267,2.353947603995304,8.3977597419833,2.897888842240727,2.767395229175304,11.13487963132228,3.336896706720524,2.8684633493584304,2.894306653537486,2.8960960663473867,2.3690238772249472,0.9975069914234762,1.392424876216377,2.2853195154569312,36.061550778804346
9.459999999999843,-1.65307185673274,1.65307185673274,4.210619188123886,2.051979334234116,2.352526582836583,8.416315071253106,2.9010886010691066,2.7668971567665404,11.16473699532334,3.3413675337088167,2.8684306672878375,2.897062449589097,2.8990734021209312,2.3699629712221175,0.997200123438529,1.3980116988681588,2.291781958050686,36.06154136375244
9.469999999999843,-1.6578210535756723,1.6578210535756723,4.226113899055502,2.055751419567916,2.351132190906109,8.434700574478192,2.9042555973051325,2.7663968724877988,11.194465246579119,3.3458130919970888,2.8683970944946413,2.899762638951953,2.902006475226412,2.3709231914801547,0.9968778427121013,1.4034989822578667,2.298272078580874,36.06153198501618
9.479999999999842,-1.6625021850934933,1.6625021850934933,4.241642281013055,2.0595247706723643,2.3497648211758317,8.452911232961949,2.9073890749196174,2.765894471481159,11.224057560796437,3.3502324636950847,2.86836262459878,2.9024077068996035,2.9048951436345214,2.371901654133269,0.9965410489004642,1.4089138091220665,2.304578464753865,36.061522645256886
9.489999999999842,-1.6671186990118174,1.6671186990118174,4.257200807023653,2.0632985259103087,2.348424836666107,8.470942117017692,2.910488295289588,2.7653900489638095,11.253507214020306,3.3546247501054878,2.8683272517440352,2.9049985482029568,2.907739479603093,2.372895591682936,0.9961909150278582,1.4142282778709474,2.310706835465446,36.06151334709408
9.499999999999842,-1.67167393749563,1.67167393749563,4.27278587428324,2.067071811593211,2.3471125708359577,8.488788386324126,2.9135525370797977,2.7648837002317697,11.28280758354777,3.3589890716624504,2.8682909706145368,2.9075327276293037,2.9105378942586673,2.373902346985461,0.9958262560427779,1.4194484833800545,2.3167800240977527,36.06150409310363
9.509999999999842,-1.6761711396328733,1.6761711396328733,4.2883938056147155,2.0708437424428516,2.345828328003683,8.506445290298672,2.91658109612928,2.7643755206654137,11.31195214881548,3.363324567866664,2.868253776451051,2.9100130437112908,2.9132914319513676,2.3749193675819362,0.9954495548515367,1.4245863709185913,2.322809701628442,36.06149488581586
9.519999999999841,-1.6806134439056029,1.6806134439056029,4.304020851084078,2.074613422082311,2.344572383795789,8.52390816848845,2.9195732853429885,2.763865605736661,11.340934492261628,3.367630397217252,2.868215665067048,2.9124379116855565,2.9159989473572248,2.3759442003489135,0.9950601967638972,1.4296219223937596,2.328669933265925,36.0614857277138
9.529999999999841,-1.6850038906630904,1.6850038906630904,4.3196631897656586,2.0783799435535504,2.3433449856222324,8.541172450978218,2.9225284345884845,2.7633540510177554,11.369748300162685,3.371905737140747,2.8681766328645013,2.9148099551619087,2.9186614155600075,2.376974486449653,0.9946605112088094,1.4345634562194338,2.334365925257134,36.06147662123133
9.539999999999841,-1.6893454245520194,1.6893454245520194,4.3353169316475775,2.082142389858959,2.3421463531760383,8.558233658814624,2.925445890597641,2.762840952191506,11.398387363445396,3.3761497839173837,2.868136676849428,2.917124931402242,2.9212763735733644,2.378007956567295,0.9942479866621684,1.4394165264352345,2.340007539029326,36.06146756875148
9.54999999999984,-1.6936408969602152,1.6936408969602152,4.350978119668517,2.085899834524304,2.340976678955367,8.575087404445911,2.928325016873283,2.762326405062879,11.426845578474277,3.3803617526049305,2.868095794647104,2.91938718725376,2.923845679307536,2.379042426402618,0.9938261358505533,1.4441656809901344,2.3456145450439174,36.06145857260469
9.55999999999984,-1.697893068403959,1.697893068403959,4.366642731876988,2.089651342180553,2.339836128806187,8.591729392176033,2.9311651936006666,2.761810505571832,11.455116947814801,3.3845408769602416,2.8680539845169637,2.9215964011688724,2.9263688560087564,2.380075792420285,0.9933951744674552,1.4488160441848361,2.3510649025039023,36.0614496350671
9.56999999999984,-1.7021046109051006,1.7021046109051006,4.382306683704331,2.0933959691621484,2.338724842483753,8.608155418632032,2.9339658175636663,2.761293349807272,11.483195580972374,3.3886864093587024,2.8680112453671414,2.9237519435550374,2.928845280362511,2.3811060278285936,0.9929550885832702,1.453376444795824,2.3563633701636673,36.06144075835893
9.57999999999984,-1.7062781103410667,1.7062781103410667,4.397965830342877,2.097132764119353,2.337642934231116,8.624361373243437,2.936726302065522,2.760775034022,11.511075695107085,3.3927976207117165,2.8679675767686312,2.925852157223686,2.931273820337058,2.382131178778824,0.9925051301115784,1.4578309077247225,2.36152873724914,36.061431944642806
9.58999999999984,-1.7104160687464236,1.7104160687464236,4.413615969220685,2.100860768642388,2.3365904933730044,8.640343238732223,2.9394460768539745,2.7602556546485513,11.538751615724166,3.39687380038237,2.8679229789690446,2.9278994950019244,2.9336554187048107,2.3831493607712035,0.9920474229146563,1.4621795179339248,2.3667467176555466,36.061423196022254
9.59999999999984,-1.7145209066000806,1.7145209066000806,4.429252842564591,2.104579017895168,2.335567584923409,8.65609709161187,2.9421245880505924,2.759735308315774,11.566217777340007,3.400914256099381,2.8678774529059323,2.9298940067527086,2.9359898191261378,2.384158755255424,0.9915823893781189,1.46643663505364,2.371819557932678,36.06141451454006
9.60999999999984,-1.7185949650534362,1.7185949650534362,4.44487214004334,2.1082865412565104,2.3345742502053177,8.671619102693889,2.944761298084089,2.759214091866047,11.593468724123447,3.404918313869431,2.8678310002196556,2.931835833126703,2.938276819384908,2.3851576064144484,0.9911105022509642,1.4705873866900552,2.376751616502244,36.061405902176894
9.61999999999984,-1.7226405081408964,1.7226405081408964,4.460469501482857,2.1119823629668066,2.3336105074810676,8.686905537600088,2.9473556856273877,2.7586921023729856,11.620499110512098,3.40888531788796,2.8677836232657645,2.9337252099672186,2.9405162736619097,2.3861442181211263,0.9906322877425385,1.474629660214524,2.3815471403831765,36.06139736084971
9.62999999999984,-1.7266597249398739,1.7266597249398739,4.476040519645872,2.1156655027782327,2.332676352591865,8.701952757278782,2.949907245538202,2.7581694371595336,11.647303701803267,3.4128146304484903,2.86773532512688,2.935562472853157,2.942708094886601,2.3871169510578083,0.9901483287275152,1.4785660391502866,2.3862528644333896,36.0613888924104
9.639999999999839,-1.7306547316832568,1.7306547316832568,4.491580743068355,2.1193349766066607,2.331771759605072,8.716757218523078,2.952415488802868,2.757646193816283,11.673877374719124,3.416705631850529,2.86768610962403,2.937347487749136,2.944851967864328,2.388074219989836,0.9896588658994918,1.4824034142857851,2.390977190701101,36.061380498644446
9.649999999999839,-1.734627573844865,1.734627573844865,4.50708567894545,2.12298979718355,2.3308966814679284,8.73131547448924,2.9548799424831524,2.7571224702199184,11.700215117945545,3.4205577203060824,2.867635981327431,2.939077993262048,2.946946512998708,2.389014491184348,0.9891626370728314,1.4861293660152457,2.3955707352545597,36.06137218126955
9.659999999999838,-1.7385802281718947,1.7385802281718947,4.522550796059825,2.126628974706172,2.330051050666427,8.745624175213127,2.9573001496657603,2.7565983645516363,11.726312032644145,3.4243703118448137,2.8675849455666826,2.94075685181052,2.948992941478831,2.3899362799664337,0.9886619566768456,1.489743467198066,2.400037387463654,36.06136394193435
9.669999999999838,-1.742514604671048,1.742514604671048,4.537971527745667,2.1302515174846532,2.32923477988813,8.75968006812264,2.9596756694142416,2.7560739753154193,11.752163332936913,3.4281428402178507,2.8675330084403465,2.942384760297867,2.9509913822843683,2.3908381484051633,0.9881576085364473,1.4932458399910502,2.4043809348929095,36.06135578221721
9.679999999999838,-1.7464325485579628,1.7464325485579628,4.553343274881716,2.133856432584375,2.32844776268777,8.773479998543962,2.9620060767229974,2.7555494013560287,11.7777643463628,3.4318747568002537,2.8674801768248916,2.943962536244407,2.9529420340227115,2.3917187031225056,0.9876504479957489,1.4966449542964522,2.408605064574734,36.06134770362508
9.689999999999838,-1.7503358421582744,1.7503358421582744,4.56866140890711,2.1374427264624214,2.327689874154537,8.787020910199475,2.9642909624730627,2.755024741876592,11.80311051430558,3.435565530492117,2.867426458382977,2.94548791786127,2.954843549154226,2.3925765932185987,0.9871391640263789,1.4999288517954636,2.412849652004233,36.06133970759226
9.699999999999838,-1.7542262067526226,1.7542262067526226,4.583921274854009,2.1410094055968107,2.326960971580016,8.800299845695088,2.9665299333893613,2.7545000964556476,11.828197392392362,3.439214647618314,2.8673718615710406,2.9469591174450587,2.9566948259319474,2.3934105083072517,0.9866227651209443,1.5030968606015702,2.4170115030208423,36.061331795479454
9.709999999999837,-1.7581053043992874,1.7581053043992874,4.599118194391277,2.1445554771073834,2.3262608951257864,8.813313946994702,2.9687226119990906,2.7539755650635263,11.853020650861872,3.4428216118268273,2.867316395646186,2.9483818453803776,2.958498558625105,2.394219176655923,0.9861054908425725,1.50614821789702,2.421058575700556,36.061323968572644
9.719999999999837,-1.7619747396853702,1.7619747396853702,4.61424746887378,2.14807994936729,2.3255894684897567,8.826060455879551,2.970868636590913,2.753451248077932,11.877576074901873,3.4463859439856517,2.867260070672321,2.9497541058049466,2.9602535580782963,2.395001363424809,0.9855861808807502,1.50908385150915,2.4249942341695587,36.06131622808223
9.729999999999837,-1.76583606144813,1.76583606144813,4.629304382392133,2.151581832604127,2.3249464995703737,8.838536714390084,2.972967661174619,2.752927246298601,11.901859564954911,3.4499071820782237,2.867202897525538,2.9510711931144784,2.9619572709619084,2.3957558689999883,0.9850617694847139,1.511906784903515,2.4288217485538546,36.06130857514201
9.739999999999837,-1.7696907644458735,1.7696907644458735,4.644284204818015,2.1550601394898505,2.3243317811278708,8.85074016524802,2.9750193554409052,2.7524036609609244,11.925867136991455,3.453384881097306,2.8671448878987205,2.952342203077678,2.963614131536619,2.3964815274158804,0.984538820327915,1.5146092947021386,2.432544295882845,36.06130101080844
9.749999999999837,-1.7735402909816251,1.7735402909816251,4.659182194840448,2.1585138857187016,2.323745091441793,8.862668352256328,2.977023404720952,2.7518805937483783,11.949594922749803,3.4568186129373064,2.867086054305321,2.953557890383894,2.9652193052118463,2.397177204862582,0.9840110786078393,1.5171904533201739,2.4362569108863488,36.0612935360598
9.759999999999836,-1.777386032485145,1.777386032485145,4.673993602988723,2.161942090572438,2.3231861949640993,8.87431892067469,2.978979509945426,2.7513581468036854,11.97303916994176,3.46020796628494,2.867026410082326,2.954725238350697,2.9667761760391698,2.397841798273889,0.9834836034478934,1.5196492699006254,2.439923882763554,36.06128615179546
9.769999999999836,-1.7812293310412886,1.7812293310412886,4.688713674637915,2.165343777472278,2.3226548429671396,8.885689617568165,2.980887387602585,2.7508364227385473,11.996196242423297,3.4635525465081796,2.8669659693923557,2.9558412326776606,2.9682830767963644,2.3984742339920904,0.9829544698989406,1.5219846975724118,2.44348951666531,36.061278858835244
9.779999999999836,-1.785071480881427,1.785071480881427,4.703337652993249,2.16871797451703,2.3221507741859186,8.896778292126692,2.9827467696951233,2.7503155246418536,12.0190626203293,3.466851975543418,2.866904747224898,2.956906139102883,2.969740008003704,2.3990734665058477,0.9824240245126482,1.5241960754365635,2.4469566889329926,36.0612716579188
9.789999999999836,-1.7889137298333235,1.7889137298333235,4.71786078204973,2.1720637150069355,2.3216737154540517,8.907582895953112,2.984557403695414,2.7497955560862497,12.041634900171637,3.4701058917807734,2.866842759396637,2.9579211081714467,2.9711474269155955,2.399638477257671,0.981893225442478,1.5262863064857626,2.450328187363261,36.06126454970511
9.799999999999836,-1.792757280710804,1.792757280710804,4.732278309523927,2.1753800379528925,2.3212233823328843,8.918101483317406,2.986319052498813,2.7492766211329465,12.063909794899518,3.4733139499474444,2.866780022550873,2.9588851959643603,2.972504737070982,2.4001682735177554,0.9813615527209999,1.528249149057471,2.453606711871209,36.06125753477197
9.809999999999835,-1.796603292679182,1.796603292679182,4.74658548975476,2.178665988570703,2.320799479733289,8.928332211374883,2.9880314943746633,2.7487588243346623,12.085884133921464,3.4764758209890463,2.8667165541559996,2.959798020009799,2.9738116339311835,2.40066188732108,0.9808288742925686,1.530083497164371,2.456794875125487,36.061250613615655
9.819999999999835,-1.8004528825631563,1.8004528825631563,4.760777586570713,2.1819206187601585,2.3204017025296877,8.938273340346017,2.989694522914677,2.748242270736606,12.107554863087916,3.479591191948835,2.866652372503029,2.96066333246864,2.975069919373268,2.401118374464901,0.9802979177231882,1.5317882183849276,2.459944373078348,36.06124378665051
9.829999999999835,-1.8043071261173915,1.8043071261173915,4.774849876120868,2.1851429875687467,2.3200297361658864,8.947923233655757,2.9913079469783375,2.7477270658753765,12.12891904463364,3.482659765844726,2.866587496702147,2.9614731094139617,2.9762754251724957,2.4015368135639026,0.9797632099273642,1.5333621615320532,2.4630817678186157,36.061237054208725
9.839999999999835,-1.8081670592543573,1.8081670592543573,4.788797649667573,2.1883321616399036,2.319683257252346,8.957280358030133,2.9928715906350094,2.7472133157756984,12.149973857079202,3.485681261544033,2.866521946678261,2.962239253590047,2.9774341087527563,2.4019163051604484,0.9792331280825223,1.5348041643612345,2.4661312796681707,36.061230416540155
9.849999999999834,-1.8120336792349376,1.8120336792349376,4.802616216338661,2.191487215645727,2.3193619341545637,8.966343283547966,2.994385293102403,2.7467011269448895,12.170716595090498,3.4886554136358177,2.8664557431655626,2.962948179527328,2.9785389890965437,2.4022559708875133,0.9786983085888793,1.5361130612876588,2.469095236847841,36.061223873812146
9.859999999999834,-1.8159079458026484,1.8159079458026484,4.8163009058374735,2.194607232704174,2.319065427572241,8.97511068364565,2.995848908681085,2.7461906063649764,12.19114466929576,3.4915819723007737,2.86638890770105,2.963609988261685,2.979595126533513,2.402554952682022,0.9781658546737695,1.537287691096822,2.4719758833165435,36.0612174261095
9.869999999999834,-1.8197907823045771,1.8197907823045771,4.829847071109051,2.197691304780781,2.3187933911089735,8.983581335072905,2.9972623066847026,2.745681861482367,12.211255606059046,3.4944607031785386,2.8663214626170177,2.9642257198987796,2.980602987723828,2.4028124120464494,0.9776365485063144,1.5383269045899526,2.474775379203606,36.061211073434556
9.879999999999834,-1.823683076738544,1.823683076738544,4.8432500909611145,2.2007385330750027,2.3185454718322154,8.991754117797612,2.9986253713656215,2.745175000194991,12.231047047209618,3.497291387232356,2.8662534310324936,2.9647828400066496,2.9815561388262983,2.4030275293566556,0.9771017392944908,1.5392295721739844,2.477495801238681,36.0612048157071
9.889999999999834,-1.827585682791441,1.827585682791441,4.856505372638621,2.203748028391318,2.318321310823315,8.999628014857679,2.999938001835651,2.7446701308368504,12.250516749726316,3.500073820610976,2.8661848368436154,2.9652947715994067,2.9824613594547316,2.4031995032140476,0.9765707963958523,1.539995173934362,2.480139143137947,36.06119865276474
9.899999999999833,-1.831499420817707,1.831499420817707,4.869608354350941,2.2067189114952863,2.3181205437174053,9.007202112158215,3.0012001119815745,2.744167362159886,12.2696625853764,3.5028078145077273,2.8661157047129193,2.9657611101440287,2.9833184044207663,2.403327549840263,0.9760434669864431,1.5406228937380235,2.482707315974026,36.06119258436298
9.909999999999833,-1.83542507879192,1.83542507879192,4.882554507750723,2.2096503134547607,2.3179428012330154,9.014475598212107,3.0024116303751733,2.743666803313106,12.288482540307982,3.5054931950166415,2.866046060057554,2.966168005362865,2.9841201835933084,2.4034109025126877,0.9755101645833164,1.5411105890073677,2.485262219567141,36.06118661017558
9.919999999999833,-1.83936341322056,1.83936341322056,4.895339340363878,2.212541375966533,2.317787709691242,9.021447763822406,3.0035725001774813,2.743168563818902,12.306974714595539,3.508129802985565,2.865975929036392,2.966528854156195,2.984873493091999,2.4034488110391856,0.9749802015945378,1.541457281904452,2.487780184917051,36.06118072979496
9.929999999999833,-1.8433151500135923,1.8433151500135923,4.907958397970086,2.215391251668672,2.317654891524372,9.028118001704769,3.0046826790369674,2.7426727535465107,12.325137321737838,3.5107174938661525,2.8659053385360376,2.966843464050557,2.9855782166721587,2.403440541270545,0.9744534436073687,1.5416620411487865,2.490223960625884,36.06117494273257
9.939999999999833,-1.8472809853195788,1.8472809853195788,4.920407266933521,2.218199104438896,2.3175439657738557,9.03448580604847,3.005742138981398,2.742179482682548,12.342968688107735,3.5132561375606723,2.8658343161557225,2.967106878461802,2.9862318141807354,2.4033853746491918,0.9739264455879558,1.5417239886326823,2.4925951837929587,36.061169248419496
9.949999999999832,-1.8512615863351876,1.8512615863351876,4.932681576483531,2.2209641096792923,2.3174545485775457,9.040550772014546,3.006750866303117,2.7416888616985844,12.36046725235325,3.5157456182655267,2.8657628901910828,2.9673161499598697,2.986832773851027,2.403282607792831,0.9733971528537041,1.5416423057643496,2.494895410209995,36.06116364620699
9.959999999999832,-1.855257592066669,1.855257592066669,4.944777000945171,2.2236854545877596,2.317386253646155,9.046312595169567,3.007708861437484,2.741201001315722,12.377631564749455,3.5181858343114074,2.8656910896168197,2.967478758412626,2.9873849130790076,2.403131552111737,0.9728707227344745,1.5414162395241113,2.4971261145070685,36.06115813536718
9.969999999999832,-1.8592696140629512,1.8592696140629512,4.956689261919654,2.22636233841656,2.3173386927288697,9.051771070853908,3.0086161388342494,2.7407160124661103,12.394460286500776,3.5205766980000273,2.865618944068228,2.967594478062642,2.987888125870167,2.4029315334584793,0.9723469604045416,1.5410451081912035,2.499288690253776,36.061152715093804
9.979999999999832,-1.8632982371168039,1.8632982371168039,4.968414130414781,2.228993972718361,2.317311476068103,9.056926093483183,3.0094727268216244,2.7402340062514154,12.410952188993202,3.5229181354373256,2.8655464838216016,2.967663109813674,2.988342326416594,2.4026818918089505,0.9718256805967184,1.5405283067160802,2.5013844500148315,36.061147384502995
9.989999999999831,-1.8673440199243314,1.8673440199243314,4.9799474289256525,2.231579581580198,2.317304212843361,9.061777655781858,3.010278667462841,2.7397550938981725,12.42710615299611,3.5252100863630966,2.865473739773514,2.967674212656211,2.988742198847139,2.4023819809736096,0.9712996036239522,1.539865311719395,2.503414625362517,36.0611421426342
9.999999999999831,-1.871407495723721,1.871407495723721,4.991285033465936,2.2341184018457785,2.317316511604225,9.066325847947972,3.011034016404991,2.7392793867100367,12.442921167813424,3.527452503976974,2.8654007434189688,2.96763824780343,2.989093116576745,2.4020311683379196,0.9707759089727775,1.5390576832059208,2.505380366831664,36.061136988451125
10.009999999999831,-1.8754891728895222,1.8754891728895222,5.002422875550111,2.2366096833265545,2.3173479806924475,9.070570856748123,3.011738842719953,2.738806996016899,12.458396330383756,3.5296453547606954,2.8653275268284264,2.967555137706042,2.9893950755154233,2.4016288346310186,0.9702544683380147,1.538104084847502,2.507282743827352,36.06113192084272
10.01999999999983,-1.8795895355021246,1.8795895355021246,5.013356944127183,2.2390526890020213,2.3173982286531927,9.074512964541912,3.01239322873723,2.738338033120882,12.473530844329426,3.5317886182966025,2.8652541226237194,2.96742478120236,2.989648065813779,2.4011743737216946,0.9697351284728456,1.5370039651472422,2.5091300930339826,36.061126938624355
10.02999999999983,-1.8837090438850785,1.8837090438850785,5.024083287466399,2.2414466952096808,2.3174668646354264,9.078152548235204,3.0129972698685283,2.7378726092391883,12.488324018954161,3.533882287082319,2.865180563952843,2.967247102264372,2.989852096704603,2.40066719244081,0.9692177450136078,1.5357572469292122,2.5109736855244695,36.06112204053891
10.03999999999983,-1.8878481351107659,1.8878481351107659,5.034598014995592,2.243790991825128,2.317553498781508,9.081490078161611,3.013551074423928,2.7374108354438342,12.502775268189412,3.535926366341558,2.8651068844636494,2.9670202186795716,2.9900062581680342,2.4001067104293368,0.968700917081638,1.5343639578048744,2.512753002972351,36.06111722525809
10.04999999999983,-1.8920072234700263,1.8920072234700263,5.044897299092765,2.246084882432711,2.3176577426060145,9.084526116891766,3.014054763419498,2.7369528225982687,12.51688410948923,3.5379208738310175,2.865033118276434,2.9667399664920464,2.990108475203103,2.3994923600112306,0.9681816616153343,1.5328242319543743,2.514468838950655,36.06111249138363
10.05999999999983,-1.8961867009235547,1.8961867009235547,5.054977376831663,2.2483276844872195,2.317779209363842,9.087261317970073,3.014508470376236,2.736498681290896,12.530650162673775,3.5398658396433293,2.864959299955441,2.9664126936910495,2.9901620654012433,2.3988235860903964,0.967664249852066,1.531138311395009,2.516121905020883,36.061107837448766
10.06999999999983,-1.9003869375150502,1.9003869375150502,5.064834551682027,2.250518729467059,2.317917514407638,9.089696424578738,3.014912341110225,2.7360485217655275,12.544073148721463,3.5417613060060193,2.864885464479294,2.9660384182146373,2.990167110402808,2.3980998460710334,0.967148568791597,1.5293065467513522,2.517712830327678,36.06110326191958
10.07999999999983,-1.904608281752943,1.904608281752943,5.074465195165315,2.252657363019355,2.3180722755346133,9.091832268128902,3.0152665335138953,2.735602453848807,12.557152888510055,3.5436073270764714,2.864811647210357,2.965617181707965,2.990123709770661,2.3973206098006945,0.9666345139026628,1.5273293975257198,2.51924216112627,36.06109876319654
10.08999999999983,-1.9088510609720564,1.9088510609720564,5.083865748466634,2.2547429450974303,2.318243113322802,9.093669766779048,3.015571217328327,2.7351605868746276,12.569889301506752,3.5454039687328653,2.8647378838630555,2.965149049168733,2.99003198071035,2.3964853595354083,0.9661219890084567,1.5252074318675417,2.52071036023415,36.06109433961609
10.09999999999983,-1.913115581655611,1.913115581655611,5.093032724003683,2.2567748500910945,2.31842965145682,9.095209923880711,3.0158265739065153,2.7347230296056,12.582282404407664,3.5471513083610717,2.8646642104711657,2.964634108597354,2.9898920577880066,2.3955935899262606,0.9656109061836043,1.5229460968182456,2.522117806414797,36.06108998945221
10.109999999999829,-1.917402129743102,1.917402129743102,5.101962706953528,2.258752466950181,2.3186315170431753,9.096453826351869,3.0160327959675555,2.7342898901516155,12.594332309727031,3.548849434637518,2.8645906633540847,2.96407247065141,2.989704092645773,2.3946448080268374,0.9651011856622467,1.5205479334204925,2.523464793677739,36.061085710918164
10.119999999999829,-1.921710970894455,1.921710970894455,5.110652356737952,2.2606751993017378,2.318848340915215,9.097402642978325,3.016190087341699,2.7338612758855727,12.606039224336506,3.5504984473079984,2.8645172790821243,2.9634642683039227,2.9894682537145068,2.393638533320972,0.9645927557568721,1.5180088676840868,2.524751530508065,36.06108150216818
10.129999999999828,-1.9260423507404705,1.9260423507404705,5.119098408468217,2.2625424655613022,2.319079757927744,9.098057622643719,3.0162986627062844,2.733437293356304,12.617403447955164,3.5520984569624705,2.8644440944408114,2.9628096565050672,2.989184725923621,2.39257429777026,0.9640855527875563,1.5153299908407687,2.5259781390077487,36.061077361299304
10.139999999999828,-1.9303964950892663,1.9303964950892663,5.127297674349957,2.2643536990386366,2.319325407241396,9.098420092488714,3.016358747312513,2.733018048198812,12.628425371590572,3.5536495848058194,2.86437114639427,2.9621066635778512,2.988852605293946,2.3914516458808137,0.9635780396780539,1.5125124934207839,2.5271446539623077,36.061073286353206
10.149999999999828,-1.9347736101277546,1.9347736101277546,5.135247045048998,2.2661083480383275,2.319584932596806,9.098491456000257,3.016370576703111,2.732603645041854,12.63910547593178,3.5551519624246417,2.864298472047656,2.961356170539463,2.988472459094902,2.39027013478876,0.9630706405979341,1.5095576618941624,2.528251021811155,36.061069275318154
10.159999999999828,-1.9391738825733116,1.9391738825733116,5.142943491018823,2.267805875955617,2.319857982578642,9.09827319103171,3.0163343964208793,2.7321941874129814,12.64944432969477,3.5566057315500648,2.8642261086087153,2.9605602491551104,2.98804547300263,2.3890293343639963,0.9625645932262352,1.5064780066616024,2.5292970995426862,36.06106532613087
10.169999999999828,-1.9435974798127797,1.9435974798127797,5.15038406379034,2.2694457613678147,2.320144210869561,9.097766847754968,3.016250461708206,2.731789777641109,12.659442587921204,3.5580110438166437,2.8641540933484677,2.959719139481914,2.9875718954879695,2.3877288273317276,0.9620598654633005,1.5032718223491222,2.5302826534938343,36.06106143667867
10.179999999999827,-1.948044550012989,1.948044550012989,5.157565897224681,2.27102749812165,2.320443276494123,9.096974046545721,3.0161190371975906,2.731390516756714,12.669100990231328,3.5593680605173903,2.864082463561054,2.958833102223823,2.987051990186568,2.386368209411334,0.9615564332600425,1.4999347884750953,2.531207358060854,36.06105760480137
10.189999999999827,-1.9525152221968232,1.9525152221968232,5.164486208729611,2.2725505954168788,2.3207548440527335,9.095896475803093,3.015940396593257,2.7309965043897653,12.678420359031866,3.5606769523549686,2.8640112565227893,2.9579024184019316,2.9864860355864464,2.3849470894721176,0.9610542805992085,1.4964686200946244,2.532070794323137,36.06105382829355
10.199999999999827,-1.957009606301639,1.957009606301639,5.171142300440113,2.2740145778864553,2.3210785839456367,9.09453588970514,3.015714822343973,2.730607838665479,12.68740159768004,3.5619378991891533,2.8639405094504338,2.9569273890268075,2.9858743247122614,2.3834650897054908,0.9605533994855004,1.4928761837091302,2.5328724485708882,36.061050104906556
10.209999999999827,-1.9615277932057322,1.9615277932057322,5.177531560363732,2.2754189856735687,2.321414172587021,9.092894105901687,3.015442605307169,2.7302246160980257,12.696045688604634,3.563151089780594,2.8638702594587326,2.955908334772724,2.985217164806263,2.381921845813171,0.9600537899443545,1.4891818757682784,2.5336117107431226,36.061046432350764
10.219999999999827,-1.966069854731811,1.966069854731811,5.18365146349108,2.2767633745058093,2.321761292609261,9.090973003146207,3.0151240444045095,2.7298469314822977,12.704353691385311,3.564316721530974,2.8638005435172667,2.954845595653718,2.984514877005997,2.380317007210966,0.9595554600291869,1.4853663317205947,2.5342878727712073,36.06104280829782
10.229999999999826,-1.9706358436182771,1.9706358436182771,5.189499572871996,2.2780473157667283,2.32211963305732,9.088774518868492,3.014759446269054,2.7294748777838467,12.712326740791392,3.5654350002196633,2.863731398406629,2.953739530701452,2.983767796018829,2.378650237247725,0.9590584258369491,1.4814315837012926,2.534913990087652,36.06103923038282
10.239999999999826,-1.9752257934763853,1.9752257934763853,5.195073540657648,2.2792703965650167,2.3224888895733593,9.086300646690017,3.014349124884179,2.729108546027146,12.719966044781376,3.566506139736952,2.8636628606739927,2.952590517644855,2.9829762697933595,2.3769212134390334,0.9585627115318351,1.4773826217089272,2.535476536028111,36.06103569620667
10.249999999999826,-1.9798397187000871,1.9798397187000871,5.200371109108927,2.2804322198015283,2.3228687645715507,9.083553433884024,3.013893401214453,2.728748025182282,12.727272882464495,3.5675303618139673,2.8635949665880993,2.951398952591587,2.982140659187863,2.3751296277152387,0.9580683493769967,1.473246874605166,2.5359708372612775,36.061032203338414
10.259999999999826,-1.9844776143708487,1.9844776143708487,5.205390111571318,2.281532404234338,2.3232589674031208,9.080534978782445,3.0133926028286533,2.728393402050223,12.73424860202584,3.5685078957494043,2.8635277520937104,2.9501652497113744,2.981261337635879,2.3732751866833985,0.9575753797741463,1.4690007898555892,2.5363958468349974,36.061028749317565
10.269999999999825,-1.9891394561241926,1.9891394561241926,5.210128473416416,2.282570584542002,2.323659214511635,9.077247428131896,3.0128470635151556,2.7280447611468053,12.740894618616483,3.569438978133186,2.863461252765567,2.948889840921308,2.980338690809111,2.371357611902717,0.9570838513109355,1.4646465889685494,2.536750412281591,36.06102533165648
10.279999999999825,-1.993825199991388,1.993825199991388,5.214584212950196,2.2835464113851938,2.324069229578504,9.07369297440111,3.0122571228899284,2.727702184585583,12.747212412210125,3.5703238525671765,2.8633955037619154,2.9475731755732313,2.9793731162778236,2.3693766401730674,0.9565938208160055,1.4602064532385528,2.537033273466176,36.06102194784281
10.289999999999825,-1.9985347822106865,1.9985347822106865,5.218755442287981,2.2844595514668193,2.324488743658742,9.069873853042264,3.0116231259973856,2.727365751959683,12.753203525428018,3.5711627693831063,2.8633305397776296,2.946215720143374,2.9783650231689403,2.3673320238361595,0.9561053534216343,1.4556807887551908,2.5372430603405594,36.061018595341864
10.299999999999825,-2.0032681190247583,2.0032681190247583,5.222640368196111,2.2853096875907455,2.324917495306922,9.065792339708723,3.0109454229043613,2.7270355402228246,12.758869561333762,3.571955985357849,2.8632663949969857,2.944817957924384,2.977314831822049,2.365223531088944,0.9556185226338934,1.4510563636785263,2.5373782905957305,36.06101527159912
10.309999999999825,-2.008025106427033,2.008025106427033,5.226237292900101,2.286096518719212,2.3253552306933503,9.061450747431923,3.0102243682875076,2.7267116235696625,12.764212181199833,3.572703763426214,2.8632031030461453,2.943380388719998,2.976222973443592,2.3630509463087894,0.9551334104102613,1.44634717680015,2.5374373672326347,36.061011974042636
10.319999999999824,-2.012805619907146,2.012805619907146,5.229544614859077,2.2868197600289966,2.3258017037104093,9.056851423760088,3.009460321014399,2.726394073315604,12.769233102247586,3.573406372391417,2.863140696945395,2.9419035285425634,2.9750898897594698,2.360814070390025,0.9546501072446434,1.4415745196396004,2.5374185760287036,36.06100870008556
10.329999999999824,-2.017609514148954,2.017609514148954,5.232560829506197,2.2874791429663786,2.3262566760690424,9.051996747861669,3.0086536437186764,2.7260829577762733,12.773934095362733,3.5740640866334132,2.8630792090611936,2.9403879093136687,2.973916032666363,2.3585127210913663,0.9541687122597489,1.436712524644808,2.5373200829251124,36.061005447128586
10.339999999999824,-2.022436622709818,2.022436622709818,5.235284529954606,2.288074415300911,2.3267199173853554,9.046889127596435,3.0078047023695595,2.725778342146784,12.778316982788226,3.574677185815277,2.8630186710580796,2.9388327610543485,2.9727011807971726,2.356146733393786,0.9536884261524179,1.4317735778718872,2.5371399313235847,36.06100221256247
10.349999999999824,-2.0272867576673463,2.0272867576673463,5.237714407668489,2.288605341178004,2.3271912052572623,9.041530996557213,3.006913865836069,2.7254802883809868,12.782383635796533,3.5752459545878144,2.862959113850501,2.937236701342247,2.971444795616044,2.353715959868351,0.9532080257854144,1.4267863941341326,2.536876039302678,36.06099899377054
10.359999999999824,-2.032159709239057,2.032159709239057,5.239849253098617,2.289071701170284,2.3276703253311557,9.035924811085462,3.005981505446343,2.725188855070868,12.786135972343482,3.575770682292627,2.8629005675546217,2.935603117611802,2.970148813266537,2.3512202710535517,0.9527295708355537,1.4217191222060288,2.5365261967546386,36.060995788131116
10.369999999999823,-2.0370552453725717,2.0370552453725717,5.241687956281725,2.289473292327675,2.328157071358524,9.030073047263716,3.0050079945423964,2.7249040973262777,12.78957595470573,3.576251662663819,2.862843061440164,2.9339325964901244,2.968813719450543,2.3486595558416288,0.9522531915835744,1.4165894258742184,2.5360880624482167,36.06099259302013
10.379999999999823,-2.041973111308256,2.041973111308256,5.24322950740302,2.2898099282261444,2.328651245242447,9.023978197888338,3.0039937080307504,2.7246260666551456,12.792705587104162,3.576689193528585,2.86278662388233,2.9322257388414577,2.967440008166894,2.346033721873397,0.9517790273173734,1.411419254320486,2.5355591610212906,36.06098940581352
10.389999999999823,-2.04691302910512,2.04691302910512,5.244472997320921,2.2900814390149797,2.3291526570739216,9.017642769425736,3.002939021929306,2.7243548108443827,12.79552691331539,3.577083576506899,2.8627312823138955,2.930483159496611,2.966028181363812,2.3433426959410513,0.9513072264698473,1.4061778784493768,2.53493687991306,36.06098622388978
10.399999999999823,-2.0518746971433472,2.0518746971433472,5.245417618053148,2.2902876714625062,2.3296611251579176,9.01106927895556,3.0018443129109076,2.724090373841632,12.798042014273669,3.577435116710528,2.8626770631775043,2.9287054869879445,2.964578748592567,2.3405864243984342,0.9508379467640353,1.4008950564614,2.5342221471139275,36.0609830446324
10.409999999999823,-2.0568577895957736,2.0568577895957736,5.246062663223168,2.2904284890000755,2.3301764760291,9.004260251104235,3.0007099578440157,2.723832795638062,12.800253005665718,3.5777441224416426,2.8626239918782317,2.926893363290316,2.9630922266627318,2.33776487357822,0.9503713553655899,1.3955718795429053,2.5334193981569677,36.06097986543235
10.419999999999822,-2.0618619558588014,2.0618619558588014,5.2464075284658795,2.290503771764168,2.330698544457114,8.997218214972374,2.999536333330932,2.7235821121523673,12.802162035520656,3.5780109048912436,2.8625720927365035,2.92504744356848,2.96156913929948,2.334878030215467,0.9499076290426525,1.390185874870676,2.5325154785918005,36.06097668369056
10.429999999999822,-2.0668868199615824,2.0668868199615824,5.246451711791372,2.290513416636404,2.331227173441359,8.989945701059629,2.998323815244049,2.7233383551161783,12.80377128179766,3.5782357778376848,2.862521388941396,2.923168395931412,2.9600100168033685,2.3319259018769705,0.949446954333201,1.3847853242385755,2.5315070899763685,36.060973496820274
10.439999999999822,-2.071931979939528,2.071931979939528,5.246194813905501,2.2904573372812473,2.331762214195147,8.982445238190532,2.99707277826057,2.7231015519610473,12.805082949973817,3.5784190573455503,2.86247190250441,2.9212569011940044,2.9584153957130277,2.328908517395852,0.9489895277199144,1.379337123610295,2.530390779842695,36.06097030224959
10.449999999999822,-2.076997007170445,2.076997007170445,5.245636538485963,2.290335464181167,2.3323035261191376,8.974719350445016,2.9957835953962055,2.722871725707197,12.8060992706346,3.5785610614651526,2.8624236542137687,2.9193136526466774,2.9567858184712374,2.325825927310784,0.9485355558126697,1.373846167669452,2.529162938712602,36.06096709742373
10.459999999999821,-2.0820814456832393,2.0820814456832393,5.244776692412433,2.290147744668984,2.3328509767639654,8.966770554097236,2.9944566375383093,2.72264889485422,12.8068224970697,3.5786621099329423,2.8623766635893086,2.9173349084731157,2.955119517038318,2.3226782043092604,0.9480821903468699,1.3683481934065742,2.5278197971410306,36.060963879807446
10.469999999999821,-2.087184811421475,2.087184811421475,5.243615185949298,2.2898941429571145,2.3334044417819366,8.958601354566424,2.9930922729789713,2.722433073273907,12.807254902876693,3.5787225238731057,2.8623309488380264,2.915320788806953,2.9534167309311443,2.319465443674295,0.9476292441303003,1.3628006781381354,2.5263574228080374,36.06096064688742
10.479999999999821,-2.092306591485452,2.092306591485452,5.242152032879418,2.289574640163412,2.333963804867696,8.950214243383499,2.9916908669485722,2.722224270105383,12.807398779575255,3.5787426255006456,2.8622865268103492,2.913276544136117,2.951680371675885,2.316187763733941,0.947180069800037,1.3572445322475506,2.52477171766159,36.06095739617449
10.48999999999982,-2.09744624332828,2.09744624332828,5.240387350587295,2.2891892343332594,2.3345289576877555,8.941611695177148,2.9902527811503075,2.7220224896527427,12.807256434234539,3.57872273782624,2.8622434129571923,2.911202906924328,2.949910997348135,2.312845306312989,0.9467349098456177,1.3516639156788353,2.5230584151370015,36.06095412520594
10.49999999999982,-2.102603193920532,2.102603193920532,5.238321360089973,2.288737940457573,2.3350997997987677,8.93279616468318,2.988778373296217,2.721827731285356,12.806830187116413,3.5786631843631795,2.8622016212878707,2.909100620900398,2.948109170226487,2.309438237186211,0.9462940177348527,1.346049853034205,2.5212130774609616,36.060950831547785
10.50999999999982,-2.107776838869587,2.107776838869587,5.23595438601388,2.2882207904863288,2.3356762385544454,8.923770083780942,2.9872679966452527,2.7216399893410217,12.806122369337308,3.5785642888366986,2.862161164328929,2.9069704408895034,2.946275456491292,2.3059667465325218,0.9458576581447766,1.3404463960970496,2.519231093062515,36.06094751279691
10.51999999999982,-2.1129665415100245,2.1129665415100245,5.233286856515901,2.28763783333724,2.3362581890010046,8.91453585856047,2.9857219995439075,2.721459253032165,12.805135320551372,3.578426374896006,2.862122053083955,2.9048131326562197,2.9444104259302613,2.3024310493893783,0.9454261072010068,1.3348047065989543,2.5171076740995066,36.06094416658328
10.52999999999982,-2.1181716319483352,2.1181716319483352,5.230319303146724,2.286989134899142,2.3368455737610385,8.905095866424316,2.984140724969973,2.7212855063552253,12.803871386657626,3.5782497658293257,2.862084296994448,2.902629472759899,2.9425146516514333,2.2988313861067966,0.9449996527256631,1.3291691756967607,2.5148378541257053,36.06094079057199
10.53999999999982,-2.123391406068289,2.123391406068289,5.227052360654665,2.2862747780296804,2.3374383229057147,8.895452453227701,2.9825245100799593,2.721118728003442,12.802332917533985,3.578034784282286,2.862047903901793,2.900412209119584,2.9405845115348104,2.295168022800315,0.9445730455240429,1.323518348175032,2.5124164859134286,36.060937382465426
10.54999999999982,-2.128625124501552,2.128625124501552,5.223486766727981,2.285494862546836,2.3380363738151937,8.885607930460822,2.9808736857607405,2.7209588912831886,12.800522264800762,3.577781751979956,2.8620128800104307,2.8981653635817435,2.9386222644914066,2.2914412518022513,0.9441488168801576,1.3178515750314184,2.509838239447904,36.06093394000521
10.55999999999982,-2.133872011542381,2.133872011542381,5.219623361673801,2.2846495052138307,2.338639671027168,8.875564572477085,2.9791885761859866,2.7208059640340254,12.798441779616542,3.5774909894528792,2.861979229852254,2.8958939777940342,2.9366307017518563,2.287651392110607,0.9437302112053431,1.3121998155342534,2.507114879324499,36.06093046097417
10.569999999999819,-2.1391312540366467,2.1391312540366467,5.215463088031591,2.2837388397169214,2.3392481660734643,8.865324613771008,2.9774694983779444,2.7206599085526566,12.796093810509149,3.5771628157674273,2.861946956252327,2.8935988602170983,2.934610401514971,2.283798789834966,0.9433175577994837,1.3065192343482686,2.504231716184789,36.06092694319835
10.579999999999819,-2.144402000210148,2.144402000210148,5.21100699011929,2.2827630166356054,2.339861817304588,8.854890246309479,2.975716761775132,2.720520681520944,12.79348070124437,3.576797548260786,2.861916060295971,2.891280829415344,2.932561943911287,2.279883818638755,0.9429111988563473,1.3008659649820937,2.501173776990864,36.06092338454879
10.589999999999819,-2.1496833584661665,2.1496833584661665,5.20625621351006,2.2817222034047133,2.340480589702176,8.844263616920136,2.9739306678065205,2.7203882339381407,12.790604788735365,3.5763955022809437,2.861886541297281,2.888940714001867,2.9304859107735513,2.275906880177226,0.9425114897665408,1.2951954584762362,2.497934942647844,36.06091978294335
10.599999999999818,-2.1549743961228454,2.1549743961228454,5.201212004437699,2.2806165842678814,2.3411044546792796,8.83344682474056,2.972111509472779,2.720262511057508,12.787468400995294,3.5759569909319793,2.8618583967691533,2.8865754882172285,2.9283808634525315,2.2718684045305504,0.9421161283280798,1.2895321012276555,2.4945089162073697,36.060916136348496
10.609999999999818,-2.1602741381222295,2.1602741381222295,5.195875709128774,2.2794463602218795,2.341733389868442,8.822441918731856,2.9702595709351494,2.720143452327479,12.784073855136109,3.575482324825017,2.861831622394851,2.8841783799018312,2.926243395950811,2.2677688506314193,0.9417202229263745,1.283878088088861,2.4908892235306563,36.06091244278096
10.619999999999818,-2.1655815656661583,2.1655815656661583,5.190248773059526,2.278211748951253,2.342367378897523,8.81125089526033,2.9683751271125303,2.720030991337507,12.780423455415974,3.574971811835161,2.861806212001201,2.8817611037708537,2.9240797722089664,2.2636087066865667,0.941331669412716,1.2782120755348032,2.4870692143428252,36.06090870030939
10.629999999999818,-2.1708956148331677,2.1708956148331677,5.184332740135669,2.276912984752748,2.343006411153289,8.79987569575081,2.96645844328735,2.7199250557687775,12.776519491338226,3.5744257568647617,2.8617821575334648,2.8793245172956046,2.9218905728204296,2.2593884905916513,0.9409508702428481,1.2725803282892776,2.4830461117124405,36.06090490705594
10.639999999999818,-2.176215175107559,2.176215175107559,5.1781292517932895,2.2755503184489876,2.3436504815327153,8.788318204415184,2.9645097747208027,2.7198255673498934,12.7723642358043,3.573844461613334,2.8617594490319402,2.8768694878217884,2.9196763790400797,2.25510875033897,0.9405782425581394,1.266930470145607,2.478830231685864,36.060901061197725
10.649999999999817,-2.181539087899425,2.181539087899425,5.171640046019019,2.2741240172908377,2.3442995901820884,8.776580246059652,2.9625293662780208,2.7197324418177167,12.767959943323497,3.5732282243544837,2.861738074610357,2.874396892625573,2.9174377726307124,2.250770064417485,0.9402142185507458,1.261314097095859,2.474392192426185,36.0608971609683
10.659999999999817,-2.1868661449740663,2.1868661449740663,5.164866956287879,2.2726343648479577,2.3449537422238906,8.764663583974155,2.96051745206377,2.7196455888834854,12.763308848281936,3.5725773397201546,2.861718020436112,2.8718953105060807,2.915168884033036,2.246373042204694,0.9398507212295752,1.2556944286557667,2.469724751724899,36.060893204659024
10.669999999999817,-2.1921950868540923,2.1921950868540923,5.157811910417142,2.2710816608869755,2.345612947471581,8.752569917907472,2.9584742550692362,2.7195649122043455,12.758413163273426,3.5718920984925377,2.861699270712413,2.8693721822654625,2.9128737209272475,2.241918324349914,0.9394927331677676,1.250090136529248,2.4648205257701137,36.06088919062037
10.679999999999817,-2.1975246011486984,2.1975246011486984,5.150476929334807,2.269466221236793,2.346277220132335,8.740300882131272,2.9563999868304816,2.719490309360442,12.753275077494639,3.57117278740397,2.8616818076623667,2.866833498108564,2.910555529074169,2.2374065831485703,0.9391442505423425,1.2445051120442183,2.45967199439915,36.060885117263105
10.689999999999817,-2.202853320838181,2.202853320838181,5.142864125761301,2.2677883776404935,2.3469465784978842,8.727858043596575,2.9542948470991472,2.719421671837689,12.747896755207181,3.57041968894515,2.8616656115150665,2.864280163923673,2.9082148846157923,2.2328385229071483,0.9388057596730572,1.2389181236006546,2.454292809863323,36.060880983059604
10.699999999999816,-2.208179822502331,2.208179822502331,5.134975702803244,2.266048477593373,2.347621044623594,8.715242900185808,2.95215902352597,2.7193588850163466,12.742280334268866,3.5696330811819954,2.861650660493733,2.861713095977124,2.905852363599744,2.228214880298506,0.9384777637473376,1.2333717463374219,2.4486587003367024,36.06087678654474
10.709999999999816,-2.213502624467914,2.213502624467914,5.126813952458239,2.264246884166618,2.3483006439959775,8.70245687906379,2.9499926913576906,2.7193018281655386,12.736427924736578,3.5688132375814483,2.861636930805954,2.8591190561170956,2.90346110719887,2.2235364247072953,0.9381509545252545,1.2278154553587606,2.4427571938619503,36.06087252631706
10.719999999999816,-2.218820184941892,2.218820184941892,5.118381254029831,2.262383975816181,2.34898540518886,8.689501335130792,2.9477960131479235,2.7192503744438166,12.730341607543108,3.5679604268465632,2.8616243966360573,2.8565069761189403,2.901045882379291,2.2188039585652994,0.9378314008795708,1.222302653472141,2.4365805788658013,36.06086820103966
10.729999999999816,-2.2241309000227716,2.2241309000227716,5.10968007245202,2.2604601461764418,2.34967535950845,8.676377549580845,2.9455691384825524,2.7192043909058894,12.724023433250148,3.5670749127611754,2.861613030139672,2.8538832464924666,2.8986101201211003,2.2140183176765738,0.9375234309406654,1.2167907655737844,2.43013895847751,36.060863809441116
10.739999999999815,-2.2294331017124245,2.2294331017124245,5.100712956522881,2.2584758038382615,2.3503705406276225,8.663086728568395,2.943312203720223,2.7191637385156366,12.717475420879635,3.5661569540444567,2.8616028014405095,2.8512488142886148,2.8961543889475982,2.2091803715323133,0.9372276090465919,1.2113053522056363,2.4234203616565724,36.060859350316186
10.749999999999815,-2.2347250558206295,2.2347250558206295,5.091482537047106,2.2564313721110834,2.3510709842097604,8.649630001986367,2.9410253317484987,2.719128272165503,12.7106995568256,3.5652068042156544,2.8615936786294167,2.8486012018443576,2.893677451902131,2.2042910236154643,0.9369421306167897,1.2058409905233416,2.416405027518166,36.06085482252664
10.759999999999815,-2.2400049598136933,2.2400049598136933,5.0819915248876,2.2543272887687804,2.3517767275225343,8.636008422358634,2.9387086317562403,2.719097840702388,12.703697793848592,3.564224711469325,2.8615856277657126,2.8459262300633434,2.8911719151212805,2.1993512116951757,0.9366570574206595,1.2003866533944734,2.409087398871221,36.06085022500188
10.769999999999815,-2.2452709406306797,2.2452709406306797,5.072242708926437,2.2521640057789836,2.3524878090420667,8.62222296384989,2.936362199022779,2.7190722869601163,12.696472050154622,3.5632109185613223,2.861578612880865,2.84324270063925,2.88864770594588,2.1943619081112495,0.9363853846681858,1.1949726554856501,2.401496812102955,36.06084555673944
10.779999999999815,-2.25052105237792,2.25052105237792,5.062238953935905,2.2499419890156958,2.3532042680479703,8.608274521395774,2.933986114724433,2.719051447798608,12.689024208560584,3.5621656627058464,2.8615725959845304,2.840551594826483,2.8861053851367444,2.1893241200488514,0.9361277442153713,1.1895552590579481,2.3935909074866646,36.060840816805594
10.789999999999814,-2.2557532740033706,2.2557532740033706,5.051983198360627,2.2476617179550455,2.3539261442097943,8.59416390995624,2.931580445758949,2.719035154149806,12.681356115747985,3.561089175483813,2.8615675370729785,2.837853906568489,2.8835455133803802,2.1842388898038254,0.9358847888083388,1.1841917079089477,2.3853628926751065,36.06083600433569
10.799999999999814,-2.2609655068853254,2.2609655068853254,5.041478452012099,2.245323685354096,2.3546534771655026,8.579891863894854,2.929145244588403,2.7190232310704934,12.67346958160674,3.5599816827628117,2.8615633941399397,2.835128290630729,2.880956896451728,2.17910729503905,0.9356416183218937,1.1788290525950254,2.3768601739297703,36.06083111853459
10.809999999999814,-2.266155572349313,2.266155572349313,5.030727793677428,2.242928396912712,2.3553863060926163,8.565459036486972,2.926680549101144,2.7190154978020358,12.665366378670734,3.558843404628916,2.861560123189888,2.832395840906872,2.878350647187029,2.1739304490323894,0.9354128881530535,1.1735035966859007,2.3680291714190735,36.0608261586768
10.819999999999814,-2.271321209118663,2.271321209118663,5.019734368644351,2.240476370918549,2.3561246692727713,8.55086599955942,2.9241863824933287,2.719011767837175,12.657048241646756,3.557674555330596,2.8615576782537864,2.829659051177882,2.8757280942272163,2.1687095009168624,0.935200330518776,1.1681979920286931,2.3588809140527083,36.0608211241068
10.829999999999814,-2.2764600706984095,2.2764600706984095,5.008501386145118,2.2379681378753182,2.35686860365046,8.536113243264492,2.921662753170614,2.7190118489939157,12.648516867038301,3.5564753432349705,2.8615560114073078,2.8269189564244526,2.873089792059467,2.1634456359138063,0.9350046750134826,1.1629133451643543,2.349450866365693,36.06081601423912
10.839999999999813,-2.281569722686881,2.281569722686881,4.9970321167222425,2.2354042401145797,2.357618144386823,8.5212011759909,2.919109654670564,2.7190155434966004,12.63977391286572,3.5552459707966366,2.8615550727915493,2.8241510216709926,2.8704228322188197,2.1581400755598876,0.9348088094538587,1.1576669418097534,2.339683334788605,36.06081082855833
10.849999999999813,-2.286647640010791,2.286647640010791,4.985329889519544,2.232785231391399,2.3583733244094165,8.50613012441435,2.916527065606344,2.7190226480642266,12.63082099848404,3.5539866345393083,2.861554810636253,2.821380873594644,2.867740691733199,2.152794077928942,0.9346306291129098,1.1524256181394785,2.3296484292863435,36.06080556661907
10.859999999999813,-2.2916912041046738,2.2916912041046738,4.973398089502485,2.2301116764643165,2.3591341739589513,8.490900333690378,2.9139149496322605,2.719032954006082,12.621659704499699,3.552697525050465,2.861555171285533,2.818609754210337,2.865044012502389,2.147408937849768,0.9344710456057269,1.1472404380135335,2.319298909033658,36.06080022804593
10.869999999999813,-2.296697699994408,2.296697699994408,4.961240154612227,2.2273841506601926,2.359900720134075,8.475511967792006,2.91127325543172,2.7190462473247563,12.612291572787464,3.551378826989239,2.861556099226123,2.8158309702121347,2.8623292517126453,2.141985987121079,0.9343254351461872,1.1420589822846317,2.3086691711947958,36.06079481253325
10.879999999999812,-2.3016643133333097,2.3016643133333097,4.948859572858406,2.224603239424596,2.3606729864353455,8.459965109994872,2.908601916728185,2.71906230882658,12.602718106608485,3.5500307191077214,2.861557537118149,2.8130333369603897,2.8595904926723525,2.1365265947250025,0.9341860231850156,1.1369227469066427,2.2977688108853194,36.0607893198449
10.889999999999812,-2.306588127351244,2.306588127351244,4.936259879356156,2.2217695378585414,2.3614509923096287,8.44425976351232,2.9059008523196934,2.7190809142395542,12.592940770830616,3.5486533742858875,2.8615594258284105,2.810237140835899,2.85683837954393,2.1310321670406047,0.9340670666751808,1.1318059945180683,2.2865886646798783,36.060783749813915
10.899999999999812,-2.311466119748934,2.311466119748934,4.92344465331351,2.2188836502425064,2.3622347526962106,8.428395852283009,2.9031699661375336,2.7191018343388156,12.58296099225179,3.547246959580315,2.8615617044661894,2.8074435035235923,2.8540734614461387,2.1255041480590826,0.933969446789206,1.126717918477846,2.275179681536568,36.06077810234211
10.909999999999812,-2.3162951594957937,2.3162951594957937,4.910417514975819,2.2159461895487937,2.3630242775760233,8.41237322191357,2.9004091473296607,2.719124835079689,12.57278016002739,3.545811636286873,2.861564310421558,2.8046306746309155,2.851284235483791,2.119944019602398,0.9338780202551674,1.1216676910197032,2.263509374147089,36.06077237739967
10.919999999999812,-2.3210720035913264,2.3210720035913264,4.897182122534536,2.212957776943459,2.363819571525435,8.396191640778854,2.8976182703694517,2.7191496777383515,12.562399626202248,3.5443475600175343,2.861567179406188,2.8018155226675945,2.848479526184992,2.11435330154728,0.933804701565181,1.1166298353573834,2.2516436457236235,36.06076657502451
10.929999999999811,-2.3257932937342325,2.3257932937342325,4.883742169008175,2.209919041279154,2.3646206332761555,8.37985080128218,2.8947971951903955,2.7191761190601755,12.551820706347959,3.5428548807914724,2.8615702454966425,2.7990054700438702,2.8456631781612853,2.1087335520566572,0.9337548266599817,1.1116479105800279,2.239556851274595,36.06076069532172
10.939999999999811,-2.3304555529352498,2.3304555529352498,4.870101379104035,2.206830618580419,2.365427455282884,8.363350321278174,2.8919457673473365,2.7192039114157582,12.54104468030606,3.5413337431405782,2.8615734411801315,2.796187465286324,2.8428282462976164,2.103086367820757,0.9337193741070032,1.1066747498653506,2.2272939211378873,36.06075473846292
10.949999999999811,-2.3350551820599295,2.3350551820599295,4.8562635060697605,2.203693151523088,2.3662400233003984,8.346689745660626,2.8890638182048916,2.7192328029646844,12.530072793037503,3.53978428622953,2.8615766974027226,2.7933596885150647,2.8399736925630563,2.0974133843102436,0.9336971940968521,1.1017503894417051,2.2148741357635235,36.06074870468547
10.95999999999981,-2.339588456317024,2.339588456317024,4.842232328544572,2.200507288909667,2.36705831597186,8.32986854811787,2.886151165153667,2.7192625378270363,12.518906255578909,3.5382066439905553,2.8615799436199563,2.790539661429373,2.8371086585111214,2.0917162760439463,0.9337007613369895,1.0968488221002897,2.202278861499337,36.060742594291696
10.96999999999981,-2.344051521678722,2.344051521678722,4.828011647420493,2.19727368514268,2.3678823044302066,8.312886133058146,2.8832076118549193,2.719292856262688,12.507546246105715,3.536600945272977,2.861583107849876,2.7877187223215882,2.83422848887459,2.0859967568738718,0.9337241660788987,1.0919788007084934,2.189615167013829,36.06073640764799
10.97999999999981,-2.348440391243717,2.348440391243717,4.813605282724658,2.193992999698189,2.3687119519145523,8.29574183770745,2.8802329485143123,2.719323494858382,12.495993911102625,3.534967314007673,2.8615861167283994,2.7848849039247425,2.831326780550336,2.0802565802903947,0.9337591515104563,1.0871505834893735,2.1767679629740084,36.06073014518387
10.98999999999981,-2.3527509415532877,2.3527509415532877,4.799017070534336,2.190665896601838,2.36954721340359,8.278434934382311,2.8772269521854392,2.7193541867226174,12.484250366641326,3.5333058693865333,2.8615888955670377,2.782061613101899,2.82841575269955,2.0744975397506487,0.9338223988193178,1.0823367907086212,2.163938023387957,36.06072380739104
10.99999999999981,-2.3569789088492326,2.3569789088492326,4.7842508599369165,2.187293043909964,2.370388035268075,8.260964632940034,2.8741893871037854,2.7193846616883515,12.472316699765633,3.5316167260570097,2.8615913684128964,2.7792399950844264,2.8254906274105593,2.068721469033361,0.9339078885831084,1.0775836995349066,2.1509806157011715,36.06071739482231
11.00999999999981,-2.3611198852893818,2.3611198852893818,4.769310510047738,2.1838751131984946,2.3712343549444914,8.243330083408807,2.8711200050518277,2.7194146465235116,12.460193969983976,3.5298999943318474,2.8615934581109257,2.7764070164351815,2.8225444207949137,2.0629302426235325,0.934006629064881,1.0728445168081686,2.1379986855625996,36.06071090809042
11.01999999999981,-2.3651693151217486,2.3651693151217486,4.754199887099177,2.1804127790625283,2.3720861006321083,8.225530378800208,2.8680185457559735,2.7194438651493287,12.44788321086915,3.528155780414061,2.86159508636838,2.773587489853384,2.819590069403651,2.05712577613053,0.9341363725692355,1.068151857910759,2.1250160677967442,36.06070434786697
11.02999999999981,-2.369122490820389,2.369122490820389,4.738922861614977,2.1769067186296653,2.372943191015624,8.207564558106599,2.8648847373160753,2.719472038866468,12.435385431765125,3.526384186637231,2.861596173821434,2.7707674786857086,2.8166201006986924,2.0513100267433995,0.9342875285304292,1.0634912261273584,2.111949832822406,36.0606977148811
11.039999999999809,-2.372974549197114,2.372974549197114,4.723483305684346,2.1733576110903483,2.3738055350156757,8.189431609485798,2.8617182966682444,2.7194988865889638,12.422701619600693,3.5245853117211805,2.8615966401039072,2.767942568201801,2.8136320505239545,2.0454849937273556,0.9344572137479296,1.0588587989741562,2.099015732110349,36.060691009918294
11.049999999999809,-2.3767204674833367,2.3767204674833367,4.70788509035074,2.169766137248607,2.374673031569515,8.1711304736356,2.8585189300817304,2.7195241250859157,12.409832740809643,3.5227592510430856,2.8615964039180337,2.7651342008391286,2.8106370569816157,2.0396527189656206,0.9346608852336482,1.0542786106356248,2.0860364612218216,36.060684233818996
11.059999999999809,-2.3803550594012903,2.3803550594012903,4.692132083130818,2.166132979096809,2.3755455694441405,8.152660047360532,2.855286333690639,2.719547469230941,12.396779743357074,3.520906096924068,2.8615953831072325,2.7623181280811187,2.807622205605078,2.0338152875510063,0.9348816475624318,1.0497161842749385,2.0731080665036465,36.060677387477206
11.069999999999808,-2.383872971225824,2.383872971225824,4.676228145679289,2.1624588194181387,2.3764230270842512,8.13401918733332,2.8520201940612764,2.7195686322593406,12.383543558871384,3.5190259389313097,2.861593494730811,2.7595089113023907,2.804594999860536,2.027974828431828,0.9351301037070073,1.0452105606833664,2.060279053390762,36.060670471839124
11.079999999999808,-2.3872686778443297,2.3872686778443297,4.6601771316158205,2.1587443414206833,2.377305272497287,8.115206714053478,2.848720188795923,2.7195873260329364,12.370125104881481,3.5171188641957327,2.861590655140533,2.7567169516224697,2.8015607440095143,2.022133515116971,0.9354139641639806,1.0407322665369947,2.0474416778957023,36.06066348790159
11.089999999999808,-2.390536478839038,2.390536478839038,4.643982884530357,2.154990228407163,2.378192163177914,8.096221416005427,2.8453859871738714,2.7196032613125425,12.356525287158632,3.5151849577452725,2.8615867800589925,2.7539097708792086,2.798502187186999,2.0162935664451616,0.9357104549980808,1.036291088090652,2.034781422747057,36.06065643671066
11.099999999999808,-2.393670494581597,2.393670494581597,4.627649236183438,2.1511971634844254,2.3790835460741695,8.077062054018535,2.842017250830567,2.719616148038002,12.342745002162403,3.5132243028537764,2.861581784659708,2.751124319708435,2.795438583745569,2.010457247423737,0.9360461789306196,1.031899017897163,2.0221686752946706,36.06064931935988
11.109999999999808,-2.3966646623637784,2.3966646623637784,4.611180004918119,2.147365829316961,2.379979257597539,8.057727365831354,2.838613634475702,2.719625695615738,12.328785139589902,3.511236981405542,2.86157558364889,2.7483396780035925,2.7923587535008387,2.004626870142458,0.9364065971264183,1.0275289185628398,2.009632236572044,36.060642136988875
11.119999999999807,-2.3995127325787644,2.3995127325787644,4.594578994300263,2.1434969079287853,2.38087912367908,8.038216070862408,2.8351747866511525,2.719631613213736,12.314646585027818,3.5092230742755324,2.861568091348772,2.7455612118352395,2.7892653320600047,1.9988047947681686,0.9367958681374222,1.0232206967155106,1.9972825654451232,36.06063489078154
11.129999999999807,-2.4022082649633822,2.4022082649633822,4.577849992003695,2.1395910805580804,2.381782959873683,8.018526875189648,2.8317003505296334,2.719633610063877,12.300330222706334,3.5071826617252677,2.8615592217824544,2.7428015666533345,2.7861647701926673,1.9929934306264085,0.9372233948753838,1.018940893885728,1.984968666585494,36.06062758196446
11.139999999999807,-2.404744624910997,2.404744624910997,4.560996768956737,2.1356490275690754,2.382690571514423,7.998658476740856,2.828189964754994,2.7196313957715295,12.285836938354247,3.505115823814421,2.861548888760157,2.740033211034323,2.7830424153827438,1.987195237376345,0.937669872038384,1.0147017458619532,1.9728489772008972,36.06062021180512
11.149999999999807,-2.4071149798882567,2.4071149798882567,4.544023078766101,2.131671428425615,2.3836017539188528,7.97860957069692,2.824643264325058,2.719624680632292,12.271167622154465,3.503022640828127,2.8615370059668086,2.73729232020646,2.7799170607948835,1.9814127262857357,0.9381615529749002,1.0105146061570989,1.96083759770542,36.0606127816102
11.159999999999807,-2.4093122959540523,2.4093122959540523,4.526932657433957,2.1276589617309343,2.384516292648914,7.958378855110018,2.821059881517941,2.719613175955773,12.256323171798934,3.5009031937200055,2.861523487050885,2.7345433638040197,2.77676985731754,1.9756484616129422,0.9386733982263219,1.0063541061034669,1.9489211748112403,36.0606052927238
11.169999999999806,-2.411329334409738,2.411329334409738,4.509729223383147,2.1236123053380402,2.3854339638259927,7.9379650367385235,2.8174394468627932,2.719596594396272,12.241304495642273,3.4987575645709255,2.861508245714388,2.7318179973781165,2.7736172067891003,1.9699050621033969,0.9392284874040709,1.0022548358292187,1.9372310303347238,36.06059774652556
11.179999999999806,-2.4131586486058976,2.4131586486058976,4.492416477805114,2.119532136535116,2.386354534502437,7.917366837100312,2.8137815901559082,2.7195746502902267,12.226112515953023,3.496585837063495,2.861491195803902,2.7290947294669414,2.7704476296547598,1.9641852026082693,0.9398118240966297,0.9981915687631318,1.9255962449305948,36.060590144428915
11.189999999999806,-2.4147925809024917,2.4147925809024917,4.474998105344076,2.1154191323102087,2.3872777630906317,7.896582998746046,2.8100859415231496,2.7195470600002607,12.210748172261676,3.4943880969722976,2.8614722514026005,2.7263882650819857,2.767268622866592,1.958491615833526,0.9404343816557685,0.994166609644165,1.9141854814048447,36.06058248787914
11.199999999999806,-2.416223259864723,2.416223259864723,4.457477775130011,2.11127396969934,2.3882033998504966,7.875612291753713,2.80635213252965,2.7195135422656653,12.195212424804488,3.4921644326698718,2.861451326923132,2.7236903602608407,2.764075653526551,1.9528270942279857,0.9410906709401499,0.9902032899877592,1.9028868310674583,36.060574778351565
11.209999999999805,-2.4174425976356653,2.4174425976356653,4.439859142172003,2.107097326222024,2.3891311874359658,7.85445352044566,2.802579797337742,2.7194738185591203,12.179506258062005,3.4899149356484327,2.8614283372012626,2.72100625330273,2.760871249767006,1.947194492019473,0.9417848914011212,0.986271841783086,1.8917291135935197,36.0605670173496
11.219999999999805,-2.4184422875825513,2.4184422875825513,4.422145849122027,2.102889880407918,2.390060861500722,7.833105530328968,2.7987685739140646,2.7194276134494455,12.163630684391357,3.4876397010573434,2.861403197590189,2.7183332751260485,2.757653798658823,1.9415967274086647,0.9425155714315961,0.9823947258278103,1.8807725027578526,36.060559206402836
11.229999999999805,-2.4192138022165337,2.4192138022165337,4.404341528417842,2.098652312418101,2.390992151363163,7.811567215259787,2.79491810528677,2.719374654970176,12.147586747751166,3.485338828256324,2.8613758240554126,2.7156750490793233,2.7544249779706718,1.9360367849307978,0.9432857710116758,0.9785684048802609,1.8698831284415234,36.06055134706509
11.239999999999805,-2.4197483914203874,2.4197483914203874,4.386449804812046,2.094385304764156,2.391924780730132,7.789837524832089,2.7910280408537798,2.7193146749936856,12.131375527517982,3.4830124213843945,2.8613461332700636,2.713026426190083,2.751181880354479,1.9305177179960082,0.9440922294455426,0.9747773781901219,1.8592709997016459,36.060543440912525
11.249999999999805,-2.4200370810101353,2.4200370810101353,4.368474298292417,2.0900895431278577,2.3928584684786673,7.767915471990721,2.7870980377429713,2.719247409610622,12.11499814239314,3.4806605899445495,2.861314042710574,2.7103976589306864,2.7479296432877587,1.9250426516197272,0.94494282933494,0.9710535865227911,1.8487167873278465,36.060535489541614
11.259999999999804,-2.420070671680248,2.420070671680248,4.350418627396773,2.085765717283888,2.393792929494523,7.745800140868509,2.783127762225175,2.7191725995143563,12.098455754398785,3.478283449404143,2.861279470752588,2.707772656891252,2.7446596538390233,1.9196147853552876,0.9458263710207837,0.9673733003380719,1.8383951029678673,36.06052749456722
11.269999999999804,-2.4198397383463677,2.4198397383463677,4.332286412923276,2.081414522127506,2.394727875565839,7.723490694846633,2.7791168911808355,2.71908999039013,12.081749572961884,3.4758811218109695,2.86124233676699,2.7051769622817696,2.74138501957136,1.914237396441677,0.946761875940477,0.9637336824700299,1.828182147441015,36.0605194576206
11.279999999999804,-2.4193346299578415,2.4193346299578415,4.314081282034878,2.0770366588086207,2.3956630163298325,7.700986384837035,2.7750651136211264,2.718999333308588,12.064880859084873,3.4734537364250113,2.861202561215956,2.7025746506386112,2.7380868056072543,1.908913843180228,0.9477236851833905,0.9601675674057244,1.8181536443548216,36.06051138034747
11.289999999999804,-2.4185454697676105,2.4185454697676105,4.295806872753916,2.072632835973105,2.3965980602699326,7.678286557785197,2.77097213226427,2.718900385123317,12.047850929601607,3.4710014303658254,2.861160065748897,2.700000822183713,2.734783091223851,1.9036475685549907,0.9487378272258776,0.9566431225352714,1.8082789027381927,36.060503264405995
11.299999999999804,-2.4174621561638094,2.4174621561638094,4.277466838840298,2.0682037711116132,2.3975327157602386,7.655390665391075,2.766837665167777,2.718792908872023,12.030661161517164,3.468524349275519,2.861114773298188,2.6974348688834695,2.7314629414320315,1.8984421041125532,0.9497897532348517,0.9531670685642291,1.7985523687542893,36.060495111464846
11.309999999999803,-2.4160743640587032,2.4160743640587032,4.259064855043757,2.063750192015438,2.3984666921536757,7.6322982730453175,2.7626614474172033,2.718676674180921,12.013312996430022,3.466022647997272,2.8610666081745606,2.6948803073460823,2.728127992113078,1.893301074118208,0.9508824960965073,0.9497632115904712,1.7890114834045807,36.060486923201225
11.319999999999803,-2.414371546897781,2.414371546897781,4.24060462271765,2.0592728383382446,2.399399700909682,7.609009068977314,2.758443232871997,2.7185514576719196,11.995807945034885,3.463496491269319,2.8610154961620546,2.6923493027348417,2.7247843665609555,1.8882282000066097,0.9520254356429609,0.9464052595719978,1.7795946582573454,36.06047870129892
11.329999999999803,-2.4123429393376226,2.4123429393376226,4.2220898757786305,2.0547724632617186,2.40033145675668,7.585522873610952,2.754182795968879,2.718417043372102,11.97814759170449,3.4609460544343205,2.8609613646123924,2.6898185228017044,2.7214197683545436,1.8832273051464254,0.9532019311717735,0.9430998451645389,1.770382338238242,36.0604704474463
11.339999999999803,-2.4099775606550318,2.4099775606550318,4.203524386993152,2.0502498352623157,2.4012616788840466,7.561839649123081,2.7498799335831157,2.718273223125035,11.960333599148482,3.458371524164008,2.86090414253868,2.6873025055093605,2.7180415685588963,1.8783023199399707,0.9544230974550165,0.9398694579746655,1.7612821305454915,36.060462163334485
11.349999999999802,-2.4072642189034257,2.4072642189034257,4.18491197456843,2.045705739975432,2.402190092157696,7.537959509199022,2.745534466947924,2.7181197970033435,11.942367713147345,3.455773099198983,2.8608437607082924,2.6848045374762126,2.7146512961511804,1.8734572872804927,0.9556918131654619,0.9366895749613179,1.7523924582614214,36.06045385065534
11.359999999999802,-2.4041915158992113,2.4041915158992113,4.166256509021891,2.0411409821523576,2.4031164283528277,7.513882728978447,2.7411462436321137,2.7179565737220095,11.924251767359129,3.4531509911035063,2.8607801517348426,2.6823135906955473,2.7112430834136863,1.868696368391527,0.9570003973676068,0.9335626178955702,1.7436151257629553,36.060445511099616
11.369999999999802,-2.400747853095417,2.400747853095417,4.147561920299566,2.036556387704393,2.4040404273968288,7.489609755184049,2.7367151395759204,2.7177833710517847,11.905987688196564,3.450505425035087,2.860713250169115,2.679825291087289,2.707814532504683,1.8640238490747865,0.9583460299553295,0.9305178926586885,1.7350417996604073,36.06043714635503
11.379999999999802,-2.396921438372472,2.396921438372472,4.128832205110249,2.0319528058275,2.4049618386147267,7.46514121642446,2.73224106118484,2.7176000162320793,11.887577499771957,3.44783664052866,2.860642992588823,2.6773488609641487,2.70437027999461,1.8594441463951852,0.9597359279168328,0.9275286662950905,1.7265930963900573,36.06042875810442
11.389999999999802,-2.3927002938221653,2.3927002938221653,4.110071434438519,2.0273311111997763,2.4058804219690755,7.440477933661673,2.727723947481063,2.7174063463826705,11.869023328906888,3.4451448922950814,2.860569317687106,2.674881077256258,2.7009085428823614,1.8549618158340244,0.9611681035214521,0.9245967813171991,1.7183296199128328,36.06042034802394
11.399999999999801,-2.388072264583484,2.388072264583484,4.091283761196085,2.0226922062429775,2.406795949285591,7.415620930832154,2.7231637723119326,2.717202208913504,11.85032741020354,3.442430451033621,2.8604921663596117,2.672418629933358,2.6974275148901317,1.8505815589440022,0.9626404723895392,0.9217430326242382,1.710214913975268,36.060411917781146
11.409999999999801,-2.383025028777716,2.383025028777716,4.072473427967188,2.0180370234381697,2.4077082054553904,7.3905714456095435,2.718560546614613,2.7169874619318586,11.831492091174134,3.439693604258108,2.8604114817900776,2.6699581218727233,2.6939253683140403,1.846308231542607,0.964150849686831,0.9189581592560601,1.7022547400717176,36.0604034690333
11.419999999999801,-2.3775461086164045,2.3775461086164045,4.053644774800282,2.0133665276844854,2.40861698960419,7.365330940295498,2.7139143207359178,2.71676197464609,11.812519837424528,3.436934657136287,2.8603272095342693,2.667492662267223,2.6903985071535907,1.8421468524836404,0.9656944032706517,0.9162362330632484,1.6944791055707216,36.06039500342556
11.4299999999998,-2.3716228827127397,2.3716228827127397,4.034802246994659,2.008681718688817,2.4095221162184033,7.339901112823946,2.709225186805989,2.7165256277651144,11.793413237887698,3.434153933341908,2.8602392976021775,2.6650235284720836,2.686847559258762,1.8381026130501479,0.9672723478454519,0.9135826546446069,1.686815744967601,36.06038652258926
11.4399999999998,-2.36524259970731,2.36524259970731,4.015950402827341,2.0039836333731227,2.410423416217701,7.314283907862352,2.7044932811642095,2.716278313892796,11.774175010102363,3.4313517759189835,2.8601476965383417,2.6625485483242626,2.6832714028661666,1.8341808870158627,0.968883293118878,0.9110170513941539,1.6793840314123436,36.06037802814017
11.4499999999998,-2.3583923932068376,2.3583923932068376,3.9970939211624135,1.9992733482849245,2.4113207379632766,7.2884815279922535,2.6997187868354464,2.716019937916312,11.754808005531396,3.4285285481575616,2.860052359500206,2.6600639553918706,2.67966812793503,1.8303872414265343,0.970524609732437,0.9085204835485267,1.6720329355383345,36.060369521676805
11.4599999999998,-2.35105929813216,2.35105929813216,3.9782376088819515,1.9945519819954434,2.412213948190807,7.262496444949461,2.694901936054346,2.7157504173875733,11.735315214914335,3.4256846344802865,2.859953242334378,2.657559792034977,2.676032695068639,1.826727448157155,0.9721889560584989,0.9060952546399426,1.6649280140886373,36.06036100477884
11.4699999999998,-2.343230268508529,2.343230268508529,3.9593864080750563,1.9898206974687584,2.41310293285689,7.236331410902807,2.690043012835075,2.7154696828967113,11.71569977364752,3.4228204413389145,2.8598503036506786,2.6550348515271027,2.6723645800413673,1.8232074963062417,0.9738754903176042,0.9037481263454855,1.6579331829131432,36.0603524790054
11.4799999999998,-2.3348921967787337,2.3348921967787337,3.940545402919096,1.9850807043843572,2.4139875978876653,7.209989469748342,2.6851423555834693,2.7151776784366093,11.695964967184796,3.419936398119824,2.859743504893891,2.6524857640442754,2.668662186514547,1.8198336054939395,0.9755816890702907,0.9014937180727164,1.6511094282708272,36.06034394589349
11.4899999999998,-2.3260319346568905,2.3260319346568905,3.921719826185209,1.9803332613944575,2.4148678698182886,7.183473968394148,2.6802003597481567,2.7148743617574205,11.676114236451063,3.4170329580574816,2.8596328104130744,2.6499085176321673,2.664923628756019,1.8166122401369078,0.9773044782241934,0.8993174861587497,1.6444753290148402,36.06033540695639
11.4999999999998,-2.3166363155788074,2.3166363155788074,3.902915065298506,1.9755796782966022,2.415743696312004,7.156788568008839,2.6752174805067415,2.71455970470999,11.65615118326013,3.414110599154651,2.859518187528364,2.647288727608689,2.6611417916972013,1.8135501247797385,0.9790328476622298,0.8972220463626166,1.6379417788748274,36.06032686368213
11.509999999999799,-2.30669217881204,2.30669217881204,3.8841366678822062,1.970821318101214,2.4166150465477356,7.129937255204942,2.6701942354826813,2.7142336935770173,11.636079575727502,3.4111698251080234,2.8593996065951246,2.6446212675951433,2.6573143285151297,1.8106542605701148,0.9807626756383604,0.8952101100557006,1.631657731723564,36.06031831753192
11.519999999999799,-2.2961863952271844,2.2961863952271844,3.8653903467142334,1.9660595989730916,2.417481911465415,7.1029243531261415,2.665131207487943,2.713896329390819,11.615903353667965,3.408211166237791,2.8592770410653827,2.64189936432571,2.653438105006248,1.8079319429730967,0.9824885019241437,0.8932963519418451,1.6254968723294114,36.06030976993861
11.529999999999799,-2.2851058947985243,2.2851058947985243,3.8466819840246598,1.9612959960252454,2.418344303858626,7.075754532405266,2.660029047286,2.7135476282364706,11.595626633966766,3.405235180419521,2.8591504675464146,2.639114477872901,2.6495091458808893,1.8053907808288965,0.9842034091069012,0.8914765938480332,1.6194788961807192,36.06030122230518
11.539999999999798,-2.2734376958159976,2.2734376958159976,3.828017635062744,1.9565320429430089,2.419202258304698,7.048432821957706,2.65488847636915,2.7131876215390904,11.575253715912211,3.4022424540164993,2.8590198658564083,2.6362471010329407,2.6455179919711798,1.8030387168683626,0.9858919872427288,0.8897482938126415,1.6136948498779273,36.060292676003186
11.549999999999798,-2.2611689358690152,2.2611689358690152,3.8094035308633427,1.9517693334160526,2.4200558309229905,7.020964619572654,2.6497102897435134,2.712816356334014,11.554789086476594,3.39923360281058,2.858885219077105,2.633293416863569,2.641463191904961,1.8008840498111671,0.9875506412899063,0.8881145296671484,1.608031431848154,36.06028413237135
11.559999999999798,-2.248286904584664,2.248286904584664,3.7908460801441652,1.9470095223558013,2.420905098952857,6.993355702262329,2.6444953587144617,2.7124338955185303,11.53423742553114,3.396209272929326,2.8587465136033066,2.6302394423320306,2.637338216977074,1.798935458183517,0.9891678800449822,0.8865784912996664,1.6025342260249578,36.06027559271382
11.569999999999798,-2.234779078111935,2.234779078111935,3.772351870267639,1.942254326875767,2.421750160143694,6.965612236326979,2.6392446336645223,2.712040318083906,11.51360361097944,3.3931701417670523,2.858603739189198,2.6270662662464317,2.6331341303775813,1.797202026005142,0.9907282646139325,0.885143484827699,1.5972590653462928,36.06026705829883
11.579999999999798,-2.2206331553594185,2.2206331553594185,3.7539276672041817,1.9375055270125507,2.4225911319504623,6.937740787091167,2.6339591468151453,2.711635719326309,11.492892723792886,3.3901169188971765,2.8584568889913617,2.623762028330989,2.6288456249618783,1.795693270509464,0.9922215820244605,0.8838240165337875,1.592117088692064,36.06025853035699
11.589999999999797,-2.2058370959602414,2.2058370959602414,3.735580414437493,1.9327649661656983,2.4234281505292032,6.909748328264547,2.6286400149629743,2.7112202110353,11.472110052930198,3.387050346973041,2.858305959608425,2.6203069373017063,2.624463473462855,1.7944191720762948,0.9936313537734703,0.882612299593545,1.587130421499996,36.060250010079685
11.599999999999797,-2.190379159907098,2.190379159907098,3.717317230756892,1.9280345512352448,2.424261369528349,6.881642250877998,2.623288442180539,2.7107939216585044,11.451261100121842,3.383971202614148,2.8581509511172527,2.6166850665130235,2.6199804667001696,1.7933902065732972,0.9949438796991947,0.8815112738578647,1.5823877184431794,36.06024149861747
11.609999999999797,-2.17424794883478,2.17424794883478,3.69914540688702,1.9233162524366658,2.4250909586729623,6.853430371743755,2.617905722470493,2.7103569964410807,11.430351584499023,3.3808802972745164,2.857991867105611,2.6128729130900794,2.615385661588324,1.7926173803208059,0.9961394299304324,0.8805247146099481,1.5777907428010225,36.06023299707832
11.619999999999797,-2.1574324488568934,2.1574324488568934,3.6810724009111153,1.918612102774064,2.425917102140573,6.825120941385986,2.6124932423617837,2.7099095975385947,11.409387447045457,3.377778478089624,2.8578287147012267,2.608853104860046,2.6106712589445134,1.7921122679146269,0.9972028043314366,0.8796565410220724,1.573344774594708,36.0602245065258
11.629999999999797,-2.139922074917975,2.139922074917975,3.6631058324508206,1.9139241971538008,2.4267399967288292,6.796722651386113,2.60705248343529,2.7094519041019094,11.388374854848854,3.3746666286981375,2.8576615045971856,2.6046035666039287,2.605827157552953,1.7918870531631492,0.998114987772994,0.8789108234881909,1.5691166697300205,36.060216027977226
11.639999999999796,-2.1217067165036356,2.1217067165036356,3.645253475572795,1.909254691122375,2.427559849816883,6.7682446410852375,2.601585024765717,2.708984112332698,11.367320205127811,3.371545670034415,2.8574902510735862,2.6001050972302875,2.600844743874615,1.791954573418669,0.998859010172173,0.8782917917815032,1.5650875344583373,36.06020756240176
11.649999999999796,-2.102776784660503,2.102776784660503,3.627523250400491,1.904605799214234,2.428376877124207,6.739696503584066,2.5960925452656856,2.7085064355082165,11.346230129008378,3.368416561087476,2.857314972015411,2.5953408005672465,2.5957165910087516,1.7923283676082786,0.9994195363850298,0.8778038441380613,1.5612218535734002,36.0601991107182
11.659999999999796,-2.0831232601456033,2.0831232601456033,3.6099232134181194,1.899979792897314,2.4291913002723606,6.711088290979101,2.590576825917174,2.7080191039739683,11.32511149502343,3.3652802996219244,2.8571356889265376,2.5903026693770856,2.590439736742608,1.7930227282971178,0.9997880062869318,0.877451557428256,1.5575250034609405,36.06019067379295
11.669999999999796,-2.0627377425749285,2.0627377425749285,3.592461546463051,1.8953789981064608,2.43000334415714,6.682430518772302,2.585039751874679,2.7075223651029328,11.303971412306716,3.3621379228560384,2.8569524269398574,2.5849984826947385,2.5850191170373824,1.794052758146257,0.9999680461131369,0.8772396985750915,1.5540402372491857,36.06018225243758
11.679999999999795,-2.0416125003989043,2.0416125003989043,3.57514654441272,1.8908057923575123,2.430813234140469,6.653734169390114,2.5794833144236686,2.707016483220056,11.282817233452294,3.358990508092021,2.8567652148234357,2.5794833144236686,2.5794833144236686,1.7954344311589936,1.0,0.8771732374120856,1.5507763365172278,36.060173847406396
11.689999999999795,-2.0197405215146897,2.0197405215146897,3.557986601582229,1.886262601437623,2.431621193073365,6.625010694746759,2.5739096127771774,2.7065017394907467,11.261656557009008,3.355839173293173,2.8565740849826886,2.5739096127771774,2.5739096127771774,1.797184659142831,1.0,0.877257361202753,1.5476933462851756,36.06016545939381
11.699999999999795,-1.9971155643086396,1.9971155643086396,3.540990196859494,1.881751895670493,2.4324274381632547,6.596272017785895,2.5683208556926633,2.7059784317721576,11.240497229578835,3.352685077602553,2.8563790734585255,2.5683208556926633,2.5683208556926633,1.7993213638498196,1.0,0.8774974910770047,1.5447966299975031,36.06015708903157
11.709999999999795,-1.973732208892366,1.973732208892366,3.5241658776155447,1.8772761857583835,2.4332321777008925,6.567530532934364,2.562719362890592,2.7054468744260984,11.219347347486918,3.349529421797474,2.856180219921425,2.562719362890592,2.562719362890592,1.8018635552949813,1.0,0.8778993006840422,1.5420915690823354,36.06014873688577
11.719999999999795,-1.9495859082869489,1.9495859082869489,3.5075222424386348,1.8728380182062287,2.4340356076640233,6.538799105401655,2.5571075662556035,2.704907398092488,11.198215257990569,3.3463734486740373,2.8559775676614234,2.5571075662556035,2.5571075662556035,1.8048314167909818,1.0,0.8784687374045426,1.5395870633389277,36.06014040345364
11.729999999999794,-1.9246730393059441,1.9246730393059441,3.491067922751888,1.8684399703367214,2.434837908216786,6.510091069259116,2.551488010800583,2.7043603494223185,11.177109559994067,3.3432184433557532,2.855771163573987,2.551488010800583,2.551488010800583,1.8082463972764429,1.0,0.8792120465141234,1.537335183936412,36.060132089160284
11.739999999999794,-1.8989909528138345,1.8989909528138345,3.474811563385207,1.864084644908918,2.4356392401256284,6.4814202242336245,2.5458633553735015,2.7038060907692114,11.156039104235631,3.34006573352017,2.855561058141742,2.5458633553735015,2.5458633553735015,1.8121313115547242,1.0,0.8801357987771327,1.5352862584208764,36.06012379435506
11.749999999999794,-1.8725380230967181,1.8725380230967181,3.4587618021830395,1.8597746643566901,2.4364397411141705,6.452800831151826,2.5402363730865334,2.7032449998386987,11.13501299291304,3.33691668953737,2.8553473054120646,2.5402363730865334,2.5402363730865334,1.816510449098468,1.0,0.8812469219962691,1.5334455136338219,36.06011551930786
11.759999999999794,-1.8453136960104737,1.8453136960104737,3.4429272487401503,1.85551266466714,2.437239522180973,6.424247605972687,2.5346099514467086,2.7026774692945095,11.114040578714421,3.333772724514138,2.8551299629705165,2.5346099514467086,2.5346099514467086,1.8214096921114888,1.0,0.8825527371562883,1.531818155868509,36.06010726420513
11.769999999999794,-1.817318535544034,1.817318535544034,3.427316462367679,1.851301288922924,2.4380386639055747,6.395775712348533,2.528987092167244,2.702103906321211,11.09313146322136,3.3306352942376263,2.8549090919101046,2.528987092167244,2.528987092167244,1.8268566435716793,1.0,0.8840609999145763,1.5304093631552977,36.0600990291457
11.779999999999793,-1.7885542685292635,1.7885542685292635,3.4119379294013914,1.8471431805362006,2.43883721276936,6.36740075265754,2.5233709106386915,2.701524732142717,11.072295494651897,3.32750589701234,2.854684756796405,2.5233709106386915,2.5233709106386915,1.832880766004066,1.0,0.8857856731512433,1.5292242778577654,36.0600908141365
11.789999999999793,-1.7590238270458445,1.7590238270458445,3.396800039972922,1.8430409762056084,2.43963517751884,6.339138757454223,2.5177646350392293,2.7009403814962636,11.05154276491241,3.324386073384439,2.8544570256285255,2.5177646350392293,2.5177646350392293,1.8395135317486517,1.0,0.8877392909702855,1.5282679997459718,36.060082619088014
11.799999999999793,-1.7287313882432986,1.7287313882432986,3.38191106437297,1.8389972986312324,2.44043252559976,6.311006173288574,2.5121716050637493,2.7003513020616365,11.030883605928446,3.3212774057474403,2.854225969795934,2.5121716050637493,2.5121716050637493,1.846788585488816,1.0,0.8899230365904933,1.5275455796603579,36.060074443809555
11.809999999999793,-1.6976824111302742,1.6976824111302742,3.367279129142654,1.8350147490259183,2.441229179690986,6.283019848849211,2.506595270251903,2.699757953845553,11.010328585226436,3.3181815178236462,2.8539916640311724,2.506595270251903,2.506595270251903,1.854741919787107,1.0,0.8923468891745758,1.5270620139584108,36.0600662880045
11.819999999999792,-1.6658836700622375,1.6658836700622375,3.3529121930354133,1.83109589946442,2.4420250143675037,6.255197019391506,2.5010391878960045,2.699160808521291,10.989888500740255,3.3151000740159042,2.853754186358482,2.5010391878960045,2.5010391878960045,1.8634120643287342,1.0,0.8950248468068073,1.526822239883516,36.060058151265316
11.829999999999792,-1.6333432844491935,1.6333432844491935,3.338818022996997,1.8272432851147646,2.442819852921898,6.227555289417596,2.4955070205105807,2.698560348723784,10.969574374819077,3.3120347786246263,2.8535136180383613,2.4955070205105807,2.4955070205105807,1.872840289489301,1.0,0.8979841470000713,1.5268311320950179,36.06005003306856
11.839999999999792,-1.6000707444057383,1.6000707444057383,3.3250041703149287,1.8234593963987595,2.4436134643735166,6.200112613582179,2.490002532846539,2.6979570673006483,10.949397447415683,3.308987374925399,2.8532700435081053,2.490002532846539,2.490002532846539,1.883070824709647,1.0,0.901219406243186,1.5270935005433264,36.06004193276974
11.849999999999792,-1.5660769319491286,1.5660769319491286,3.311477947091507,1.8197466711307668,2.444405560694026,6.172887275805313,2.4845295884342598,2.6973514665197147,10.929369168437676,3.305959644103006,2.8530235503183565,2.4845295884342598,2.4845295884342598,1.8941510919609328,1.0,0.9047479777710793,1.5276140899445017,36.06003384959828
11.859999999999792,-1.5313741374136498,1.5313741374136498,3.2982464031956145,1.816107486685635,2.445195794277347,6.14589786658174,2.4790921456415735,2.6967440572339085,10.90950118924757,3.3029534040382056,2.8527742290657243,2.4790921456415735,2.4790921456415735,1.9061319542963304,1.0,0.9086046014951217,1.5283975811140975,36.0600257826524
11.869999999999791,-1.4959760707622407,1.4959760707622407,3.285316303848533,1.8125441522480308,2.4459837556808868,6.11916325848493,2.473694253234407,2.6961353580044705,10.889805353301544,3.2999705079442063,2.8525221733215216,2.473694253234407,2.473694253234407,1.9190679790850307,1.0,0.9127819726661829,1.5294485944488418,36.0600177308942
11.879999999999791,-1.4598978675028802,1.4598978675028802,3.2726941079974092,1.8090589011962572,2.4467689716636842,6.09270257987355,2.4683400454300357,2.695525894183745,10.870293685921077,3.2970128428504912,2.852267479556673,2.4683400454300357,2.4683400454300357,1.9330177149752763,1.0,0.9173215491484151,1.5307716958729645,36.06000969314476
11.889999999999791,-1.4231560889071937,1.4231560889071937,3.2603859476270114,1.8056538836740035,2.4475509035455105,6.066535186818002,2.463033736435212,2.69491619695898,10.850978383196074,3.2940823279323292,2.8520102470628697,2.463033736435212,2.463033736435212,1.948043980891728,1.0,0.9222272497050183,1.532371405615573,36.06000166807944
11.89999999999979,-1.3857687163246666,1.3857687163246666,3.2483976081560506,1.802331159403302,2.4483289459090596,6.0406806332752,2.4577796144640796,2.694306802358783,10.831871800023086,3.2911809126851543,2.851750577870032,2.4577796144640796,2.4577796144640796,1.9642141643824562,1.0,0.9275376328202407,1.5342522101974534,36.05999365422361
11.90999999999979,-1.3477551393645564,1.3477551393645564,3.23673451005846,1.7990926907912388,2.44910242566531,6.015158639550796,2.4525820352336423,2.69369825022413,10.812986437287252,3.288310574943804,2.851488576660157,2.4525820352336423,2.4525820352336423,1.981600525320725,1.0,0.9332603883233195,1.5364185780739854,36.05998564994841
11.91999999999979,-1.309136137761643,1.309136137761643,3.225401691842915,1.7959403363817281,2.449870601499735,5.989989059099384,2.4474454149376617,2.6930910831460233,10.794334928202112,3.285473318747561,2.851224350677634,2.4474454149376617,2.4474454149376617,2.000280499245894,1.0,0.9394486350948891,1.5388749794318894,36.05997765346712
11.92999999999979,-1.2699338568317033,1.2699338568317033,3.2144037945152886,1.7928758447018267,2.450632663714506,5.965191843725007,2.4423742227031893,2.6924858453721363,10.775930023826705,3.2826711720528308,2.850958009636103,2.4423742227031893,2.4423742227031893,2.020336992381804,1.0,0.9461103789612649,1.5416690827181232,36.05996966283192
11.93999999999979,-1.2301717764047946,1.2301717764047946,3.203745047639118,1.7899008485497507,2.4513877344790385,5.940787007256203,2.4373729725374824,2.6918830816850186,10.75778457778528,3.2799061842963253,2.850689665621975,2.4373729725374824,2.4373729725374824,2.041858657456256,1.0,0.9532860056854092,1.5447881183789565,36.05996167593107
11.94999999999979,-1.1898746732113725,1.1898746732113725,3.1934292570981713,1.7870168597688638,2.4521348684983204,5.916794587781932,2.43244621477679,2.6912833362546413,10.73991153022055,3.2771804238126028,2.850419432994668,2.43244621477679,2.43244621477679,2.064940135682384,1.0,0.9610268495637916,1.5482169447117293,36.05995369048682
11.95999999999979,-1.149068576751605,1.149068576751605,3.1834597946534235,1.7842252645485726,2.452873054105348,5.893234608546931,2.4275985270523894,2.6906871514683064,10.722323891017172,3.2744959751108524,2.8501474282836936,2.4275985270523894,2.4275985270523894,2.089682245429984,1.0,0.9693608378817173,1.551960234662911,36.059945704053874
11.96999999999979,-1.107780718686546,1.107780718686546,3.173839589373837,1.7815273192892207,2.453601214780842,5.870127037617001,2.4228345047933013,2.69009506674115,10.70503472233783,3.2718549360168505,2.8498737700826835,2.4228345047933013,2.4228345047933013,2.116192091940552,1.0,0.9783366402174304,1.5560323282824093,36.05993771401861
11.979999999999789,-1.0660394759160217,1.0660394759160217,3.1645711210068406,1.7789241470638484,2.4543182111000896,5.847491746436742,2.418158751289241,2.6895076173106967,10.688057120519893,3.269259414687047,2.8495985789404705,2.418158751289241,2.418158751289241,2.144583064596116,1.0,0.9880076268151982,1.5605183422685127,36.05992971759901
11.989999999999789,-1.0238743074818042,1.0238743074818042,3.155656415340102,1.776416734705036,2.455022843103497,5.82534846741374,2.4135758673415966,2.688925333019119,10.671404197386046,3.2667115265027684,2.8493219772493315,2.4135758673415966,2.4135758673415966,2.174974678350858,1.0,0.9984323946723921,1.5653400108674183,36.05992171184551
11.999999999999789,-0.9813156855707805,0.9813156855707805,3.1470970415915724,1.7740059305401357,2.455713853084022,5.803716750674409,2.4090904405344373,2.6883487370870505,10.65508906102735,3.264213390853507,2.8490440891305147,2.4090904405344373,2.4090904405344373,2.2074922035294455,1.0,1.0096753696293286,1.570502834239555,36.05991369364264
12.009999999999788,-0.9383950208620564,0.9383950208620564,3.1388941118496207,1.7716924427929417,2.456389928781437,5.782615920147282,2.4047070341618086,2.6877783448830015,10.639124796122106,3.2617671278192293,2.8487650403171743,2.4047070341618086,2.4047070341618086,2.242266012793268,1.0,1.0218074976239635,1.5761116085096403,36.05990565971159
12.019999999999788,-0.8951445826067105,0.8951445826067105,3.131048282569974,1.7694768386644608,2.4570497069700155,5.7620650291394275,2.400430175851701,2.687214662692588,10.623524443858292,3.2593748547625343,2.8484849580348333,2.400430175851701,2.400430175851701,2.279430555165257,1.0,1.0349070408166479,1.5821054033283415,36.05989760661375
12.029999999999788,-0.8515974137879524,0.8515974137879524,3.123559758120916,1.7673595440998744,2.4576917774231424,5.742082815580861,2.396264345931154,2.6866581864919423,10.608300981531396,3.257038682842345,2.8482039708795015,2.396264345931154,2.396264345931154,2.319122844118967,1.0,1.0490611747940342,1.5884800558171153,36.059889530755186
12.039999999999788,-0.8077872418451466,0.8077872418451466,3.116428296353084,1.7653408442431404,2.458314687235262,5.72268765711992,2.3922139655808214,2.6861094007298343,10.593467301892924,3.2547607134615784,2.847922208693588,2.3922139655808214,2.3922139655808214,2.3614803195644964,1.0,1.0643873949126161,1.5953649059586137,36.0598814283921
12.049999999999788,-0.763748385401479,0.763748385401479,3.109653216155466,1.763420884575054,2.458916945478715,5.703897526259821,2.3882833848310003,2.685568777123119,10.57903619232778,3.2525430346619215,2.8476398024397334,2.3882833848310003,2.3882833848310003,2.4066379121260635,1.0,1.0809736704055826,1.6026373252895312,36.05987329563729
12.059999999999787,-0.7195156575482853,0.7195156575482853,3.103233406944854,1.7615996727250076,2.4594970281702997,5.685729945732614,2.384476870454527,2.685036773470279,10.565020313941215,3.2503877174794416,2.8473568840727115,2.384476870454527,2.384476870454527,2.4547241030598865,1.0,1.098964441350844,1.6104451231399048,36.059865128467536
12.069999999999787,-0.675124266246166,0.675124266246166,3.0971673400222586,1.7598770809412396,2.4600533835199108,5.668201944311509,2.3807985938150056,2.684513832487874,10.55143218063749,3.2482968122752407,2.8470735864095227,2.3807985938150056,2.3807985938150056,2.505855736250011,1.0,1.118483733434661,1.618699988328975,36.059856922731974
12.079999999999787,-0.6306097124139606,0.6306097124139606,3.091453081716761,1.7582528491991023,2.4605844374313808,5.651330013266102,2.377252618731569,2.6840003806747816,10.538284138273694,3.2462723450557402,2.8467900429978465,2.377252618731569,2.377252618731569,2.5601313034424527,1.0,1.1397016037147714,1.627530496691045,36.05984867416143
12.089999999999787,-0.5860076863208231,0.5860076863208231,3.086088308225097,1.7567265889218782,2.461088599223644,5.635130063667036,2.3738428894236105,2.683496827209158,10.525588343972279,3.2443163137974507,2.8465063879829717,2.3738428894236105,2.3738428894236105,2.617622396422261,1.0,1.1627949716341979,1.6368477677107793,36.05984037837853
12.099999999999786,-0.5413539629301424,0.5413539629301424,3.0810703220440363,1.75529778728398,2.46156426753866,5.619617384747306,2.3705732186007893,2.683003562883042,10.513356745675612,3.2424306847912128,2.8462227559733773,2.3705732186007893,2.3705732186007893,2.67836301030425,1.0,1.1879577420874088,1.6468320071947622,36.05983203090875
12.109999999999786,-0.4966842968192338,0.4966842968192338,3.0763960698823882,1.753965812062022,2.462009836401124,5.60480660352652,2.3674472757648735,2.682520959079513,10.501601062024779,3.240617389020922,2.8459392819050953,2.3674472757648735,2.3674472757648735,2.742336405966183,1.0,1.2154207759447915,1.6573773725232261,36.05982362719215
12.119999999999786,-0.4520343173044607,0.4520343173044607,3.0720621619304427,1.752729916995326,2.4624237013939076,5.590711645902115,2.3644685757907875,2.6820493667972585,10.490332762642996,3.238878318591638,2.8456561009050154,2.3644685757907875,2.3644685757907875,2.809459319202417,1.0,1.2454496765525498,1.6685951796393266,36.05981516259582
12.129999999999786,-0.40743942446338655,0.40743942446338655,3.0680648923567118,1.7515892476139239,2.462804265912397,5.57734569940745,2.361640467854379,2.68158911572735,10.479563048901586,3.2372153232217324,2.845373348153288,2.361640467854379,2.361640467854379,2.8795634694563823,1.0,1.278318834818275,1.6805472129817276,36.059806632427026
12.139999999999786,-0.3629346866292373,0.3629346866292373,3.064400260895223,1.7505428474890934,2.4631499474604333,5.564721177831389,2.358966124774027,2.6811405133868895,10.46930283524333,3.2356302068134006,2.8450911587449723,2.358966124774027,2.358966124774027,2.9523746090783822,1.0,1.3144093783503015,1.693223235369167,36.0597980319467
12.149999999999785,-0.3185547400183083,0.3185547400183083,3.0610639953812226,1.7495896648589413,2.463459183950449,5.552849687886872,2.3564485328321667,2.680703844314079,10.459562731134307,3.234124724115368,2.8448096675510985,2.3564485328321667,2.3564485328321667,3.027489804960987,1.0,1.354108732865491,1.7066928929377156,36.059789356383575
12.159999999999785,-0.2743336910571133,0.2743336910571133,3.0580515750890487,1.748728559579516,2.463730439970581,5.541741998107601,2.3540904821411606,2.6802793693290665,10.450353023710878,3.2327005774910362,2.8445290090792943,2.3540904821411606,2.3540904821411606,3.104354291037186,1.0,1.3979236445628056,1.7210854782247562,36.05978060094846
12.169999999999785,-0.23030502199589717,0.23030502199589717,3.055358254723178,1.7479583103504437,2.463962212982028,5.531408010141994,2.3518945576156245,2.6798673248647518,10.441683661183816,3.231359413804632,2.8442493173341363,2.3518945576156245,2.3518945576156245,3.1822400794910424,1.0,1.4464691135257282,1.7364467908264634,36.059771760848875
12.179999999999785,-0.1865015003312675,0.1865015003312675,3.0529790889118775,1.747277622163083,2.464153039410758,5.521856732602329,2.3498631306104465,2.6794679223714803,10.433564237056082,3.230102821437126,2.843970725677398,2.3498631306104465,2.3498631306104465,3.2602295224680806,1.0,1.500596217196719,1.7528508618431091,36.05976283130374
12.189999999999785,-0.14295509253420158,0.14295509253420158,3.050908957052716,1.7466851339187368,2.464301500598735,5.513096257614476,2.347998351280187,2.679081347799296,10.426003975205225,3.2289323274428074,2.8436933666883464,2.347998351280187,2.347998351280187,3.337208034030256,1.0,1.5613502653039315,1.7704096309353774,36.059753807558174
12.199999999999784,-0.09969688253337136,0.09969688253337136,3.049142588360129,1.7461794261644847,2.4644062285812183,5.505133740199843,2.3463021417114724,2.6787077611611325,10.41901171587519,3.227849394856456,2.84341737202426,2.3463021417114724,2.3463021417114724,3.4118709471207525,1.0,1.6302958773000418,1.7892517384004063,36.05974468489801
12.209999999999784,-0.056756995370850945,0.056756995370850945,3.047674586967371,1.7457590288947014,2.464465911658307,5.497975380606345,2.344776189875346,2.6783472961800037,10.41259590261619,3.226855420160034,2.843142872281329,2.344776189875346,2.344776189875346,3.482749592348988,1.0,1.709744142091339,1.8095259168792859,36.059735458664356
12.219999999999784,-0.014164526355641012,0.014164526355641012,3.046499456938499,1.7454224293673148,2.464479299730752,5.491626409689503,2.343421944441398,2.678000060022887,10.406764570204688,3.2259517309167363,2.8428699968561064,2.343421944441398,2.343421944441398,3.5482606679293953,1.0,1.8035516236723321,1.8314052443741733,36.05972612426776
12.229999999999784,0.02805252393780544,0.02805252393780544,3.0456116270503104,1.745168079885233,2.464445209372101,5.486091077428055,2.3422406104898905,2.677666133123634,10.401525333569115,3.2251395835791534,2.8425988738076833,2.3422406104898905,2.3422406104898905,3.6067804233104552,1.0,0.14730239392765623,0.1880936403993555,36.0597166772019
12.239999999999783,0.06986730862878425,0.06986730862878425,3.0450054752094573,1.7449944054951745,2.4643625286115087,5.481372644641234,2.3412331461520943,2.6773455690968224,10.39688537774025,3.2244201614771377,2.8423296297207434,2.3412331461520943,2.3412331461520943,3.6567410283136454,1.0,0.23102380808424144,0.29921147639287743,36.05970711305698
12.249999999999783,0.11125418720958849,0.11125418720958849,3.0446753523761205,1.74489981155828,2.4642302214039153,5.477473377956926,2.340400260202713,2.677038394744055,10.392851448838757,3.2237945729898416,2.842062389569681,2.340400260202713,2.340400260202713,3.6967412621573112,1.0,0.28968824721963243,0.38058065474883684,36.059697427532484
12.259999999999783,0.1521887718353034,0.1521887718353034,3.044615605872583,1.7448826911493458,2.4640473317668343,5.474394548061679,2.339742410621665,2.6767446101537393,10.389429846105774,3.2232638499052126,2.8417972765839457,2.339742410621665,2.339742410621665,3.725658560707177,1.0,0.33669640585645194,0.44866328125349925,36.059687616449246
12.269999999999783,0.19264796712428459,0.19264796712428459,3.044820601962733,1.744941432244284,2.4638129875655976,5.4721364312449,2.33925980413568,2.6764641888949474,10.386626414976533,3.222828945969136,2.8415344121147763,2.33925980413568,2.33925980413568,3.7427462264279825,1.0,0.3764765175396726,0.5087907894419078,36.05967767576092
12.279999999999783,0.23261000344863322,0.23261000344863322,3.045284747596727,1.7450744246583658,2.463526403931626,5.470698314230925,2.3389523967432355,2.6761970783054476,10.384446541190586,3.2224907356252532,2.8412739155035123,2.3389523967432355,2.3389523967432355,3.7476998278109854,1.0,0.41118242460529725,0.5634856480150547,36.05966760156472
12.289999999999782,0.27205446372196185,0.27205446372196185,3.046002511223873,1.7452800667010075,2.463186886301002,5.470078502273982,2.338819895219378,2.67594319987351,10.382895145926884,3.2222500129454392,2.8410159039516305,2.338819895219378,2.338819895219378,3.7406811501055865,1.0,0.4420720623682454,0.614156268389022,36.05965739011119
12.299999999999782,0.31096230376857364,0.31096230376857364,3.046968442585927,1.7455567715161622,2.462793833063399,5.470274330472492,2.338861759590013,2.6757024497126123,10.381976681946425,3.2221074907498704,2.8407604923926946,2.338861759590013,2.338861759590013,3.722295681544673,1.0,0.4699570578516947,0.6617040514288457,36.05964703781337
12.309999999999782,0.34931586639666345,0.34931586639666345,3.0481771914124574,1.745902973080823,2.4623467378141686,5.471282178241071,2.339077206558405,2.6754746991276193,10.381695130720232,3.2220637999146184,2.8405077933663754,2.339077206558405,2.339077206558405,3.693528368215437,1.0,0.49540543915920066,0.706700456374461,36.059636541254946
12.319999999999782,0.38709888929442826,0.38709888929442826,3.049623524949641,1.74631713183764,2.4618451912050774,5.473097486860749,2.339465213859943,2.67525979527054,10.38205400051606,3.2221194888638225,2.840257916894714,2.339465213859943,2.339465213859943,3.6556496207357263,1.0,0.5188353378083104,0.7495641253911529,36.05962589719756
12.329999999999782,0.4242965069937416,0.4242965069937416,3.051302344263615,1.7467977399411803,2.4612888823918833,5.475714780010841,2.340024525514816,2.6750575618834285,10.383056325412934,3.2222750232425743,2.8400109703607943,2.340024525514816,2.340024525514816,3.610107346804936,1.0,0.5405650890946523,0.790595162287449,36.05961510258728
12.339999999999781,0.4608952471250657,0.4608952471250657,3.053208699269343,1.7473433261008962,2.4606776000794746,5.479127687169364,2.340753657942109,2.6748678001255044,10.384704665209187,3.222530785765931,2.8397670583899846,2.340753657942109,2.340753657942109,3.5584205612760953,1.0,0.5608476075461765,0.8299826130158066,36.05960415456008
12.349999999999781,0.4968830212069574,0.4968830212069574,3.0553378024456928,1.7479524600073346,2.460011233167804,5.483328969753354,2.341650906893116,2.674690289481072,10.387001106186538,3.222887076238716,2.839526282733923,2.341650906893116,2.341650906893116,3.502086729815474,1.0,0.5798870367048262,0.8679532325732403,36.059593050446516
12.359999999999781,0.5322491102763075,0.5322491102763075,3.0576850412070478,1.7486237563315465,2.459289771004191,5.488310549855645,2.3427143551563527,2.674524788744333,10.389947262690002,3.2233441117401664,2.8392887421573976,2.3427143551563527,2.3427143551563527,3.442510045802119,1.0,0.5978492627850082,0.9045668516106637,36.05958178777556
12.36999999999978,0.5669841456959687,0.5669841456959687,3.060245988911138,1.7493558782909606,2.4585133032498243,5.494063541421051,2.3439418809819177,2.674371037076717,10.393544279481482,3.2239020269669303,2.8390545323282783,2.3439418809819177,2.3439418809819177,3.380952929223319,1.0,0.6148653631828781,0.9399950503991358,36.05957036427749
12.37999999999978,0.6010800854339738,0.6010800854339738,3.0630164144919156,1.7501475407781812,2.457682019370334,5.500578283692339,2.345331167168581,2.6742287551319244,10.397792834823022,3.2245608747274446,2.8388237457106724,2.345331167168581,2.345331167168581,3.3185092432721452,1.0,0.6310631800677514,0.9741981193999398,36.05955877788602
12.38999999999978,0.634530186193345,0.634530186193345,3.0659922907150503,1.7509975130522175,2.456796207762277,5.507844376744985,2.346879710753192,2.674097646243441,10.402693144244735,3.2253206265803613,2.838596471461438,2.346879710753192,2.346879710753192,3.256095448761942,1.0,0.6465327918118492,1.0073658280601065,36.05954702673971
12.39999999999978,0.6673289717431432,0.6673289717431432,3.069169801061978,1.7519046209945273,2.4558562545290976,5.515850718919679,2.348584833238876,2.6739773976688994,10.408244964951452,3.2261811736093575,2.8383727953302147,2.348584833238876,2.348584833238876,3.194455036028964,1.0,0.6613594488720369,1.0394546782429916,36.05953510918248
12.40999999999978,0.6994721978126072,0.6994721978126072,3.072545345256356,1.752867748934972,2.4548626419217445,5.524585545952741,2.3504436912959097,2.673867681885299,10.414447600822035,3.227142327326459,2.8381527995631197,2.3504436912959097,2.3504436912959097,3.1341717001395137,1.0,0.6756155953710467,1.0705218380164354,36.0595230237636
12.41999999999978,0.7309568139215186,0.7309568139215186,3.0761155434542244,1.7538858410552907,2.453815946460497,5.534036471597262,2.3524532878672133,2.6737681579287784,10.421299907955195,3.2282038206958363,2.8379365628102464,2.3524532878672133,2.3524532878672133,3.0756874226283797,1.0,0.6893623079074996,1.1006651517728363,36.05951076923691
12.42999999999978,0.7617809225055234,0.7617809225055234,3.0798772391260787,1.7549579023800197,2.452716836755814,5.544190529521783,2.3546104836090795,2.673678472772335,10.42880030071627,3.229365309269961,2.8377241600371024,2.3546104836090795,2.3546104836090795,3.0193225366867225,1.0,0.7026593019850913,1.129775238492966,36.05949834455943
12.43999999999978,0.7919437357233936,0.7919437357233936,3.0838275006654152,1.7560829993668907,2.451566071047036,5.55503421626881,2.3569120085970137,2.6735982627346475,10.436946758240063,3.2306263724299757,2.8375156624401296,2.3569120085970137,2.3569120085970137,2.965295749986566,1.0,0.7155525693608551,1.1580489958885964,36.05948574888947
12.449999999999779,0.8214455302562982,0.8214455302562982,3.08796362176417,1.757260260110656,2.450364494478647,5.566553535052381,2.3593544742264525,2.6735271549129536,10.445736831346034,3.2319865147221813,2.837311137366422,2.3593544742264525,2.3593544742264525,2.913742859192257,1.0,0.7280733184585613,1.1853751348578196,36.059472981584214
12.459999999999779,0.8502876005025879,0.8502876005025879,3.0922831206006465,1.7584888741759632,2.4491130361344884,5.5787340401722005,2.361934385238549,2.673464768632779,10.455167649823489,3.2334451672826443,2.8371106482377746,2.361934385238549,2.361934385238549,2.8647334717599207,1.0,0.7402771847315474,1.2118231605544165,36.05946004219682
12.469999999999779,0.8784722104620252,0.8784722104620252,3.096783737890246,1.7597680920764094,2.4478127058508194,5.591560881821801,2.3646481518022506,2.6734107169071892,10.465235930045885,3.2350016893420452,2.836914254479182,2.3646481518022506,2.3646481518022506,2.818285460245518,1.0,0.7521727594632116,1.237442609322267,36.059446930473094
12.479999999999778,0.906002544642542,0.906002544642542,3.101463433853358,1.761097224418163,2.446464590829476,5.605018851069242,2.3674921015853974,2.673364607898203,10.47593798287541,3.2366553698031257,2.836722011451884,2.3674921015853974,2.3674921015853974,2.7743771405009117,1.0,0.7638139783403589,1.2622648228346112,36.059433646347905
12.489999999999778,0.932882658297462,0.932882658297462,3.106320384158268,1.7624756407276294,2.445069852072552,5.619092424791679,2.370462491749591,2.673326046372952,10.487269721820612,3.2384054288832664,2.836533970391088,2.370462491749591,2.370462491749591,2.7329573223739145,1.0,0.7752040383711252,1.2863042103055098,36.05942018994113
12.499999999999778,0.9591174272796371,0.9591174272796371,3.1113529748999293,1.7639027679835215,2.4436297206600606,5.633765810348973,2.37355552080607,2.673294635147255,10.499226671412274,3.2402510198150196,2.8363501783484524,2.37355552080607,2.37355552080607,2.693953461932577,1.0,0.786370892611226,1.3095591025323186,36.059406561553494
12.509999999999778,0.984712497785487,0.984712497785487,3.116559796677767,1.7653780888743824,2.4421454938919274,5.64902298978691,2.3767673402726883,2.6732699765093173,10.511803975764689,3.2421912305977094,2.836170678139423,2.3767673402726883,2.3767673402726883,2.6572781739487863,1.0,0.7973452427859775,1.3320621125975605,36.05939276166201
12.519999999999778,1.009674236229816,1.009674236229816,3.1219396378375905,1.7669011398031274,2.440618531315405,5.664847763367131,2.3800940660753582,2.673251673616445,10.524996407291807,3.2442250857934947,2.835995508295526,2.3800940660753582,2.3800940660753582,2.622834361967055,1.0,0.8081310443212503,1.353976840682298,36.0593787909154
12.529999999999777,1.0340096795035347,1.0340096795035347,3.1274914769440207,1.7684715086605214,2.4390502506586484,5.681223792228642,2.383531789640877,2.673239331857811,10.53879837555004,3.2463515483616434,2.8358247030216805,2.383531789640877,2.383531789640877,2.590519204476942,1.0,0.8187450519031605,1.3750881067652831,36.059364650129254
12.539999999999777,1.0577264858046316,1.0577264858046316,3.1332144745506936,1.7700888323896893,2.4374421236906816,5.698134639994589,2.387076588631917,2.673232560176581,10.553203936181768,3.2485695215250927,2.8356582921586155,2.387076588631917,2.387076588631917,2.560227208600178,1.0,0.8292019885399297,1.3957376876226895,36.05935034028111
12.549999999999777,1.0808328862502272,1.0808328862502272,3.139107964335899,1.77175279436379,2.435795672027428,5.7155638131480035,2.390724537279024,2.6732309723449585,10.568206799935933,3.2508778506637146,2.8354963011504513,2.390724537279024,2.390724537279024,2.531852512990372,1.0,0.839520710397838,1.4156708021804043,36.05933586250548
12.559999999999777,1.103337637434214,1.103337637434214,3.1451714436712996,1.7734631215988956,2.4341124629027737,5.733494800011013,2.39447171626875,2.67323418818604,10.583800341744254,3.2532753252290614,2.835338751017508,2.39447171626875,2.39447171626875,2.505290592649847,1.0,0.8497086732204262,1.4350668014194303,36.059321218088776
12.569999999999776,1.125249975104018,1.125249975104018,3.1514045636909067,1.7752195818238674,2.432394104922901,5.751911108173744,2.3983142221514147,2.673241834736765,10.599977609833951,3.2557606806757082,2.8351856583343924,2.3983142221514147,2.3983142221514147,2.4804394918512687,1.0,0.859772342956728,1.4539749093294911,36.059306408464245
12.579999999999776,1.1465795690560836,1.1465795690560836,3.1578071189267063,1.7770219804286909,2.43064224382128,5.770796300231726,2.402248176236528,2.67325354734659,10.616731334859859,3.2583326004046698,2.8350370352134067,2.402248176236528,2.402248176236528,2.4572006880761346,1.0,0.8697205843698208,1.4723280343144998,36.05929143520689
12.589999999999776,1.167336479398913,1.167336479398913,3.164379036576173,1.778870157312268,2.428858558230844,5.79013402770367,2.406269732948422,2.6732689707070265,10.634053939040935,3.2609897177146903,2.834892889293309,2.406269732948422,2.406269732948422,2.4354796700187467,1.0,0.8795611654519865,1.4901759819972022,36.05927630002842
12.599999999999776,1.1875311142784564,1.1875311142784564,3.171120365465449,1.7807639836501212,2.4270447554889336,5.809908063015319,2.410375087619211,2.6732877598075975,10.651937545288087,3.263730617757551,2.834753223733471,2.410375087619211,2.410375087619211,2.4151862960930646,1.0,0.8893008785071342,1.5075609222556907,36.05926100477219
12.609999999999776,1.207174189135256,1.207174189135256,3.1780312647702336,1.7827033586018268,2.425202567489617,5.830102329449176,2.414560483700745,2.6733095808143075,10.670373986312102,3.266553839493864,2.8346180372134286,2.414560483700745,2.414560483700745,2.396234986197184,1.0,0.8989456453695683,1.524543023752925,36.05924555140829
12.619999999999775,1.2262766875614863,1.2262766875614863,3.18511199255443,1.7846882059772877,2.423333746597029,5.850700928974549,2.4188222193816866,2.673334111867212,10.689354813702193,3.2694578776461083,2.8344873239378625,2.4188222193816866,2.4188222193816866,2.3785447883498416,1.0,0.9085006090799713,1.5411443812819485,36.05922994202859
12.629999999999775,1.2448498238483274,1.2448498238483274,3.192362894184438,1.7867184708801882,2.421440061632312,5.871688167887036,2.423156653600224,2.67336104379425,10.708871306967259,3.272441184645991,2.834361073646992,2.423156653600224,2.423156653600224,2.362039352825703,1.0,0.9179702139293112,1.557347792900602,36.05921417884195
12.639999999999775,1.262905007192187,1.262905007192187,3.1997843906745644,1.788794116346139,2.4195232939457516,5.8930485802015475,2.4275602114471946,2.6733900807390265,10.728914482533444,3.275502172573458,2.8342392716323945,2.4275602114471946,2.4275602114471946,2.346646839218243,1.0,0.9273582755225482,1.5731754984669806,36.05919826416944
12.649999999999775,1.2804538076649612,1.2804538076649612,3.2073769670164682,1.790915119992142,2.41758523358467,5.91476694875786,2.432029388958501,2.673420940700847,10.74947510269299,3.2786392150849704,2.834121898758225,2.432029388958501,2.432029388958501,2.3322997761294872,1.0,0.9366680421708469,1.5886457477977471,36.0591822004397
12.659999999999775,1.2975079238834588,1.2975079238834588,3.215141160542946,1.7930814706931044,2.415627675566591,5.936828324012617,2.4365607572996444,2.673453355985821,10.770543684500568,3.281850649328907,2.834008931487821,2.4365607572996444,2.4365607572996444,2.3189348886486805,1.0,0.9459022487929285,1.603791076425788,36.05916599018442
12.669999999999774,1.3140791524716955,1.3140791524716955,3.2230775493735213,1.795293165300175,2.4136524162662156,5.959218040506218,2.44115096634891,2.673487073568505,10.79211050861428,3.2851347778461513,2.833900341915669,2.44115096634891,2.44115096634891,2.306492905205206,1.0,0.9550631642364659,1.6186657859664413,36.05914963603383
12.679999999999774,1.3301793592121172,1.3301793592121172,3.231186740986487,1.7975502054147159,2.4116612499237298,5.981921731007592,2.445796747689307,2.6735218553640534,10.81416562807975,3.28848987045418,2.8337960978046834,2.445796747689307,2.445796747689307,2.294918352573373,1.0,0.9641526328846618,1.6332400693940052,36.05913314071238
12.689999999999774,1.3458204519500365,1.3458204519500365,3.2394693609591316,1.799852594230742,2.4096559652810052,6.004925338353739,2.4504949170226284,2.673557478411473,10.836698877056266,3.2919141661131244,2.83369616262876,2.4504949170226284,2.4504949170226284,2.2841593456113443,1.0,0.9731796947484551,1.6475198977532837,36.05911650703448
12.699999999999774,1.3610143551791953,1.3610143551791953,3.2479260419149214,1.8022003334576657,2.4076383423513206,6.02821512501443,2.455242376022056,2.6735937349690966,10.859699879484975,3.29540587477248,2.833600495620547,2.455242376022056,2.455242376022056,2.2741673766069277,1.0,0.9821411060126726,1.6615090386706883,36.05909973790036
12.709999999999773,1.37577298632155,1.37577298632155,3.2565574127134753,1.804593420334197,2.405610149327305,6.051777680425543,2.46003611364255,2.6736304325239466,10.88315805769946,3.298963179197285,2.833509051824377,2.46003611364255,2.46003611364255,2.264897107777291,1.0,0.9910358452356215,1.6752092265180158,36.05908283629199
12.719999999999773,1.390108233607441,1.390108233607441,3.265364087916185,1.8070318447432476,2.4035731396309523,6.075599926146689,2.4648732069107915,2.6736673937171647,10.907062640979815,3.302584236772745,2.833421782154278,2.4648732069107915,2.4648732069107915,2.2563061694464643,1.0,0.999864442352345,1.688620304254726,36.059065805269185
12.729999999999773,1.4040319355713993,1.4040319355713993,3.2743466575574245,1.8095155864367194,2.4015290491087025,6.09966911891053,2.4697508212187174,2.6737044561881933,10.931402674051538,3.3062671812864033,2.833338633456998,2.4697508212187174,2.4697508212187174,2.248354965638926,1.0,1.0086271537825464,1.7019170052032655,36.059048647965696
12.739999999999773,1.4175558620910282,1.4175558620910282,3.283505677248388,1.8120446123780694,2.399479593373804,6.123972851641962,2.4746662101467263,2.6737414723408435,10.956167025530982,3.3100101246870803,2.833259548579943,2.4746662101467263,2.4746662101467263,2.2410064882281917,1.0,1.01732398112003,1.7149531380622385,36.0590313675855
12.749999999999773,1.430691696919448,1.430691696919448,3.2928416586377187,1.8146188742096008,2.3974264652974258,6.148499052535327,2.479616714844318,2.6737783090348293,10.981344396319315,3.313811158819904,2.833184466443946,2.479616714844318,2.479616714844318,2.2342261403253922,1.0,1.0259629068064902,1.7277108949872244,36.05901396739907
12.759999999999772,1.4434510216738652,1.4434510216738652,3.3023550602503775,1.817238305850495,2.39537133264926,6.173235982287008,2.4845997629974548,2.673814847206758,11.006923327947003,3.3176683571368315,2.8331133221207585,2.4845997629974548,2.4845997629974548,2.227981569252327,1.0,1.0345443651529336,1.7402138062056243,36.05899645073984
12.769999999999772,1.4558453011928922,1.4558453011928922,3.312046278723377,1.819902821230677,2.3933158358877287,6.198172229588896,2.4896128674131037,2.673850981424899,11.03289221087105,3.3215797763821735,2.8330460469151486,2.4896128674131037,2.4896128674131037,2.2222425091909237,1.0,1.0430602677012528,1.7526473099763291,36.05897882100067
12.779999999999772,1.4678858702573367,1.4678858702573367,3.3219156404545074,1.8226123121647422,2.39126158609926,6.223296704995477,2.4946536242523685,2.673886619382422,11.059239292726993,3.3255434582526497,2.8329825684515013,2.4946536242523685,2.4946536242523685,2.2169806334167306,1.0,1.0515098385005248,1.7648013478517826,36.05896108163043
12.789999999999772,1.479583921559677,1.479583921559677,3.3319633936775275,1.8253666463693061,2.3892101630855573,6.248598633283542,2.4997197109443174,2.6739216813340456,11.085952686537814,3.32955743103161,2.8329228107647797,2.4997197109443174,2.4997197109443174,2.212169415892237,1.0,1.0598931299169962,1.7766694090094677,36.058943236130595
12.799999999999772,1.4909504949233248,1.4909504949233248,3.342189700974911,1.8281656656263159,2.3871631135972526,6.274067544428754,2.5048088838130456,2.6739560994813045,11.113020378881611,3.3336197111970662,2.8328666943957312,2.5048088838130456,2.5048088838130456,2.207784001904311,1.0,1.06822794587147,1.788527642682382,36.05892528805204
12.809999999999771,1.5019964676430433,1.5019964676430433,3.3525946322369116,1.8310091840940919,2.3851219497118503,6.299693263327569,2.5099189754507156,2.6739898173118255,11.140430238019846,3.3377283050032465,2.8328141364901773,2.5099189754507156,2.5099189754507156,2.2038010873693135,1.0,1.0764949213910877,1.800096166599859,36.05890724099169
12.819999999999771,1.5127325459638892,1.5127325459638892,3.363178158073434,1.833896986767096,2.3830881473534506,6.325465898396192,2.5150478918692967,2.6740227888981885,11.168170021987551,3.3418812100353823,2.8327650509022666,2.5150478918692967,2.5150478918692967,2.2001988063919047,1.0,1.0846926980146623,1.8114489285193978,36.058889098589454
12.829999999999771,1.5231692575684057,1.5231692575684057,3.3739401436831145,1.8368288280847278,2.3810631449513413,6.3513758291805615,2.5201936094634796,2.6740549781620198,11.196227386646902,3.346076416737505,2.832719348301513,2.5201936094634796,2.5201936094634796,2.196956626643591,1.0,1.0928277361615513,1.8227338071186132,36.058870864525
12.83999999999977,1.5333169450788495,1.5333169450788495,3.384880343181999,1.8398044306887618,2.379048342234207,6.377413693112489,2.5253541718167947,2.6740863581090926,11.224589893704985,3.350311909913014,2.832676936283475,2.5253541718167947,2.5253541718167947,2.194055252119951,1.0,1.1009073655585195,1.833711137451006,36.058852542514785
12.84999999999977,1.543185760457839,1.543185760457839,3.395998394392344,1.8428234843284215,2.377045099156389,6.40357037154746,2.5305276863823205,2.6741169100411817,11.253245018696465,3.3545856701978063,2.832637719483902,2.5305276863823205,2.5305276863823205,2.191476532837872,1.0,1.108914976637233,1.844640899912056,36.05883413630892
12.85999999999977,1.5527856602955856,1.5527856602955856,3.407293814090238,1.8458856449114711,2.3750547349523794,6.4298369752188815,2.5357123210685555,2.6741466227504493,11.282180158931368,3.358895675505771,2.832601599696178,2.5357123210685555,2.5357123210685555,2.1892033810432876,1.0,1.1168505492105671,1.855334153909202,36.05881564968826
12.86999999999977,1.562126401909614,1.562126401909614,3.4187659937091555,1.8489905336991739,2.3730785273154806,6.456204829242073,2.5409063007600405,2.6741754917020684,11.311382641407967,3.363239902446444,2.8325684759918914,2.5409063007600405,2.5409063007600405,2.1872196935137573,1.0,1.1247356251190326,1.865865677477934,36.05879708646141
12.87999999999977,1.5712175402172281,1.5712175402172281,3.4304141954949743,1.8521377366424383,2.3711177116963897,6.482665457798813,2.546107903801175,2.6742035182106956,11.34083973069029,3.367616327714648,2.8325382448443337,2.546107903801175,2.546107903801175,2.1855102795572012,1.0,1.132545143761925,1.8762751283521641,36.058778450461816
12.88999999999977,1.5800684252972679,1.5800684252972679,3.442237549106589,1.8553268038560184,2.3691734807172975,6.50921056863019,2.551315458470432,2.674230708616286,11.370538636749403,3.3720229294519046,2.832510800254748,2.551315458470432,2.551315458470432,2.1840607943270416,1.0,1.1402799701381718,1.8864454310185537,36.05875974554486
12.89999999999977,1.5886882006301255,1.5886882006301255,3.454235048654941,1.8585572492271905,2.3672469836969596,6.535832037461385,2.556527339470749,2.6742570734645827,11.400466522767303,3.3764576885794533,2.8324860338811426,2.556527339470749,2.556527339470749,2.1828576770939385,1.0,1.1479614278320436,1.896567723200987,36.05874097558502
12.90999999999977,1.597085801957759,1.597085801957759,3.466405550172092,1.8618285501549523,2.365339326282103,6.562521892477518,2.5617419644604174,2.6742826266973934,11.430610512901785,3.380918590102664,2.8324638351694476,2.5617418671642422,2.5617419158123287,2.1818880941346595,0.9999999240283214,1.1555632003266105,1.9064085175117582,36.058722144472995
12.919999999999769,1.6052699566932522,1.6052699566932522,3.4787477695008704,1.865140147415435,2.363451570180477,6.589272298964289,2.566957790647187,2.6743073848575936,11.460957700010272,3.385403624386651,2.832444091486848,2.5669492034064203,2.566953497016019,2.181139885918859,0.9999933037313034,1.1630940782625085,1.9162371745698175,36.05870325611297
12.929999999999769,1.6132491838742111,1.6132491838742111,3.491260280594716,1.8684914451489243,2.3615847329907695,6.616075544221414,2.5721733114666696,2.6743313663134742,11.491495153330414,3.3899107884029065,2.8324266882570512,2.5721350058732235,2.572154158455582,2.1806015182943397,0.9999701695129657,1.1705614159371944,1.9257758892581738,36.0586843144197
12.939999999999769,1.6210317945755959,1.6210317945755959,3.5039415142163324,1.8718818109635909,2.3597397881246596,6.642924022850359,2.5773870533643874,2.674354590506853,11.5222099261145,3.394438086946719,2.832411509097313,2.577291390598656,2.5773392206460395,2.180262037390457,0.9999256030786952,1.1779444313716665,1.935301685246032,36.05866532331583
12.949999999999768,1.6286258927946713,1.6286258927946713,3.516789757023154,1.875310576150829,2.3579176648161946,6.669810222511234,2.5825975726990906,2.674377077229008,11.553089063214891,3.398983533825207,2.832398435956989,2.582412812910683,2.582505187828789,2.18011102797764,0.9998565076837106,1.1852667634994785,1.9445622653032313,36.05864628672909
12.959999999999768,1.6360393767130554,1.6360393767130554,3.5298031510268366,1.8787770360068905,2.3561192482137776,6.6967267102364145,2.587803452783154,2.674398845928221,11.584119608616883,3.403545153015732,2.832387349257408,2.5874951151049608,2.5876492701004965,2.1801385750383013,0.9997608602620679,1.192508322951728,1.9537734919739493,36.05862720858957
12.969999999999768,1.6432799403414216,1.6432799403414216,3.542979693413445,1.8822804502553399,2.354345379550049,6.723666119381111,2.593003301074087,2.674419915052366,11.615288612915386,3.4081209797944947,2.8323781280328504,2.592534956127982,2.5927690966969292,2.180335228320791,0.9996372644609407,1.1996734999727423,1.9627770307130428,36.05860809282695
12.979999999999768,1.6503550754884577,1.6503550754884577,3.5563172367105245,1.8858200435647416,2.352596856385011,6.750621137283316,2.5981957465293712,2.6744403014296494,11.64658314073141,3.4127090618351,2.8323706500724106,2.5975299593956,2.5978627885597647,2.1806919696634157,0.9994850645051984,1.2067686521528869,1.9716596839794354,36.058588943367816
12.989999999999768,1.6572720740432405,1.6572720740432405,3.569813489286829,1.8893950061558935,2.3508744329178204,6.777584493697748,2.6033794371350765,2.674460019690257,11.677990278064028,3.417307460276881,2.8323647920625317,2.602477405676159,2.6029283033199078,2.1812001828898975,0.999303326922431,1.213775150068861,1.9804249264822764,36.05856976413295
12.999999999999767,1.664038030523662,1.664038030523662,3.5834660161701195,1.893004494492847,2.349178820362764,6.804548950060449,2.6085530376169177,2.674479081731306,11.709497139573358,3.4219142507627742,2.83236042972998,2.60737603352142,2.607964334738615,2.1818516260911114,0.9990922421559026,1.2207187827523358,1.9889628291358452,36.05855055903461
13.009999999999767,1.6706598448572667,1.6706598448572667,3.5972722401682624,1.8966476320519483,2.347510687385017,6.8315072896326505,2.6137152273407005,2.674497496227138,11.741090875789737,3.4265275244465405,2.832357437985057,2.612223906754322,2.612969244987007,2.1826384061204096,0.9988514647326752,1.2275677224539614,1.9975065762604085,36.058531331973875
13.019999999999767,1.677144225398891,1.677144225398891,3.6112294432786127,1.900323510163102,2.345870660591896,6.858452308564585,2.6188646984074198,2.674515268186649,11.772758680244099,3.4311453889691266,2.832355691064812,2.6170203584038774,2.6179420363675163,2.183552955141493,0.9985816257296559,1.2343514853961255,2.00576231428868,36.058512086837936
13.029999999999767,1.6834976921098876,1.6834976921098876,3.625334768370596,1.904031188917502,2.344259325075442,6.885376807911947,2.6240001539466316,2.6745323985589655,11.804487796514495,3.4357659694039837,2.8323550626760436,2.621764317387562,2.622881513365229,2.1845880090786047,0.9982830313479202,1.2410409033839158,2.014018884311075,36.0584928274975
13.039999999999766,1.6897265799375645,1.6897265799375645,3.6395852211263313,1.9077696981361065,2.342677225002284,6.912273586630031,2.6291203066101847,2.674548883888468,11.836265525183325,3.440387409171142,2.832355426137874,2.6264551830097167,2.627786719641149,2.185736587828882,0.9979563431171081,1.2476590175140978,2.022079041032341,36.05847355780405
13.049999999999766,1.695837042314685,1.695837042314685,3.653977672224179,1.9115380383932146,2.341124864246857,6.939135435562887,2.634223877266867,2.67456471601977,11.86807923069991,3.445007870919878,2.8323566545236756,2.631091989399874,2.6326565191805322,2.1869919771060404,0.9976019297948617,1.2541834834006216,2.029955330450453,36.058454281587274
13.059999999999766,1.7018350547928156,1.7018350547928156,3.6685088597501436,1.915335182089585,2.339602707064204,6.9659551324375215,2.639309593897147,2.6745798818529707,11.89991634814286,3.4496255373797977,2.832358620802124,2.63567405270677,2.637489919827429,2.188347711793247,0.9972203693922139,1.2606331877857053,2.0378327461996744,36.05843500265241
13.069999999999766,1.7077264187796797,1.7077264187796797,3.6831753918221604,1.9191600745696438,2.3381111787987128,6.992725437866042,2.644376190685819,2.6745943631491613,11.931764389876575,3.4542386121801973,2.8323611979771854,2.640201078582208,2.6422861269573987,2.1897975606911393,0.9968125332859892,1.2669871788741682,2.0454544473796417,36.05841572477763
13.079999999999766,1.7135167653688306,1.7135167653688306,3.697973749412525,1.9230116352774689,2.336650666625279,7.019439092351931,2.6494224073091726,2.674608136385835,11.963610952096221,3.458845320637542,2.8323642592268103,2.6446733448123285,2.6470446350716768,2.1913355125544567,0.9963797251679506,1.2732654070722227,2.053012695537198,36.058396451711474
13.089999999999765,1.7192115592355766,1.7192115592355766,3.712900289353848,1.9268887589463612,2.3352215203195477,7.0460888142900595,2.6544469884120985,2.674621172661604,11.995443721255466,3.463443910510962,2.83236767804013,2.649090041340186,2.6517643955655443,2.1929557633177623,0.9959223978215948,1.2794433143780017,2.060471682891891,36.058377187170194
13.099999999999765,1.7248161025956297,1.7248161025956297,3.7279512475142487,1.9307903168169889,2.3338240530540157,7.072667298944129,2.6594486832695474,2.6746334376492897,12.027250480371336,3.468032652725654,2.832371328352952,2.6534507159723395,2.6564445410670845,2.1946527044173,0.9954412724242929,1.2855467273005743,2.0676937317642845,36.058357934835286
13.109999999999765,1.7303355391989015,1.7303355391989015,3.743122742127727,1.934715157879249,2.332458542216919,7.099167218379405,2.664426245625764,2.674644891596255,12.059019115200433,3.472609842064097,2.832375084681359,2.6577553209023916,2.661084409095822,2.1964209121221057,0.99493737319218,1.2915467041140325,2.074911834418689,36.05833869835082
13.119999999999765,1.7357748583657098,1.7357748583657098,3.7584107772659707,1.9386621101331636,2.331125230251003,7.125581222323428,2.669378433703889,2.674655489370548,12.090737620280905,3.4771737978250243,2.832378822253206,2.6620042630717604,2.665683567836384,2.1982551377932538,0.9944120648154348,1.2974678695193211,2.0819884255171774,36.05831948132103
13.129999999999765,1.7411388990258714,1.7411388990258714,3.77381124643826,1.9426299818643435,2.3298243255093807,7.151901939922531,2.6743040103777527,2.674665180551243,12.122394104834704,3.4817228644501137,2.832382417137331,2.6661984584188017,2.6702418440581903,2.20015029899543,0.9938670927651178,1.303288172289226,2.0888445716817947,36.05830028730767
13.139999999999764,1.746432353789841,1.746432353789841,3.7893199363064074,1.946617562929711,2.32855600312585,7.178121982357556,2.679201743497036,2.674673909561142,12.15397679852459,3.486255412118365,2.832385746370291,2.670332987940871,2.6747561357081526,2.2021014713900877,0.993299700563469,1.3090192421014106,2.0956980508717593,36.05828111982762
13.149999999999764,1.7516597729923673,1.7516597729923673,3.8049325305021524,1.950623626049411,2.3273204058971872,7.204233946278265,2.68407040635641,2.674681615839821,12.185474057060604,3.490769837308184,2.8323886880804414,2.6744136108942707,2.6792287084346715,2.204103881344113,0.9927153402573218,1.3146558378023494,2.1024237979143483,36.05826198235036
13.159999999999764,1.756825568741753,1.756825568741753,3.820644613534777,1.954646928101026,2.3261176451750467,7.230230418012377,2.688908778298806,2.6746882340548526,12.21687436765081,3.4952645633271895,2.832391121609193,2.6784359997095994,2.683656762683406,2.2061528991923987,0.9921116932166058,1.3201909498749411,2.1089436921234763,36.05824287829557
13.169999999999764,1.7619340189548744,1.7619340189548744,3.8364516747771624,1.958686211412426,2.3249478017652687,7.256103978502188,2.6937156454425897,2.674693694348867,12.248166354291326,3.4997380408098158,2.832392927629254,2.6824044071806075,2.688041817020894,2.2082440330968636,0.9914930202992599,1.3256396187005344,2.1154058474043462,36.05822381103062
13.179999999999763,1.7669892713530204,1.7669892713530204,3.8523491125189584,1.962740205049807,2.3238109268324982,7.281847208919035,2.698489801522147,2.674697922620031,12.279338782890814,3.504188748182782,2.8323939882597355,2.6863121555669456,2.692379894882817,2.210372923448395,0.9908551832437615,1.330981424792575,2.12180863554861,36.058204783868284
13.189999999999763,1.7719953474449026,1.7719953474449026,3.868332238075952,1.96680762609767,2.322707042808168,7.307452696903805,2.7032300488311765,2.674700840833379,12.310380566224772,3.5086151920985538,2.83239418717792,2.6901653209576537,2.696673443022653,2.2125353377618913,0.9902038129763393,1.3362291435506832,2.128018552535969,36.05818580006429
13.199999999999763,1.7769561464541477,1.7769561464541477,3.8843962799452285,1.9708871809277233,2.321636144300018,7.332913043379848,2.707935199257886,2.6747023673603825,12.341280768715304,3.5130159078369263,2.832393409727584,2.6939629863512695,2.700921395175653,2.214727166018071,0.9895391589436326,1.341376535557051,2.134060523567333,36.05816686281498
13.209999999999763,1.781875449215081,1.781875449215081,3.9005363879961434,1.9749775664538936,2.3205981990014486,7.358220869883395,2.712604075401236,2.674702417344071,12.372028611032174,3.517389459674913,2.832391543023709,2.6977007640370916,2.7051209400644725,2.2169444164089955,0.9888588077721676,1.3464156234613651,2.140165191423751,36.05814797525513
13.219999999999763,1.7867569220311204,1.7867569220311204,3.9167476376876063,1.9790774713708421,2.3195931485991186,7.383368826355688,2.7172355117574347,2.674700903086947,12.402613474511298,3.521734441225133,2.8323884760534623,2.7013808928201026,2.7092726120405684,2.2191832114473824,0.9881654018666217,1.351361989319605,2.1460885839895347,36.0581291404555
13.229999999999762,1.7916041204630315,1.7916041204630315,3.933025034302688,1.9831855773736073,2.3186209096773207,7.408349599340389,2.721828355965965,2.6746977344589613,12.433024905387004,3.5260494757429317,2.832384099773324,2.705004107537476,2.713376196022812,2.2214397844026994,0.9874604124501458,1.3561995058556775,2.1518376832881905,36.058110361420745
13.239999999999762,1.7964204930837535,1.7964204930837535,3.949363517191951,1.9873005603561709,2.3176813746177696,7.433155920529808,2.726381470104616,2.674692819322753,12.46325261883483,3.5303332164025014,2.8323783072022284,2.7085698986252114,2.7174308572940804,2.223710476029805,0.9867443433346208,1.360926649029524,2.1575081656558193,36.05809164108714
13.249999999999762,1.8012093851628395,1.8012093851628395,3.965757964017477,1.9914210915869794,2.316774412493557,7.4577805756035405,2.7308937320231887,2.6746860639734042,12.493286502821734,3.5345843465422826,2.8323709935106423,2.712077858522892,2.721435820943196,2.2259917315585076,0.9860177592964827,1.3655575686700527,2.1631660944698163,36.0580729823205
13.259999999999762,1.805974042299678,1.805974042299678,3.9822031949899412,1.9955458388596192,2.3158998699560995,7.482216413303693,2.7353640367058447,2.6746773735899487,12.523116621761126,3.538801579879992,2.8323620561054477,2.7155276881248755,2.7253903759530984,2.2282800979149,0.9852812896505151,1.3700753159012713,2.1686595591591393,36.05805438791397
13.269999999999762,1.8107176139970824,1.8107176139970824,3.9986939770916003,1.999673467617051,2.3150575721140645,7.506456354691633,2.7397912976523657,2.6746666526959437,12.55273321997021,3.5429836606976064,2.8323513947105745,2.718919203374893,2.7292938793843393,2.2305722211476144,0.9845356319255427,1.374479832072238,2.173994742930821,36.058035860586074
13.279999999999761,1.8154431571730636,1.8154431571730636,4.015225028278522,2.003802642047994,2.314247323403255,7.530493402532264,2.7441744482689625,2.674653805626433,12.582126724927752,3.5471293639967167,2.83233891144327,2.72225234198809,2.7331457606412757,2.2328648440343675,0.9837815556403484,1.3787813363739871,2.179256925059409,36.0580174029786
13.289999999999761,1.8201536395980584,1.8201536395980584,4.0317910216557875,2.007932026154219,2.313468908446633,7.55432065075328,2.7485124432596773,2.674638736998692,12.611287750330384,3.5512374956246426,2.8323245108859645,2.725527170284131,2.736945525808139,2.2351548038462052,0.9830199061778474,1.3829682790351634,2.1845127409173575,36.05799901765468
13.299999999999761,1.8248519432915873,1.8248519432915873,4.0483865896199,2.012060284787685,2.312722092903657,7.577931293928184,2.752804260009815,2.6746213521842663,12.640207098946231,3.5553068923717728,2.8323081001536483,2.7287438901145133,2.7406927620419554,2.2374390302487983,0.9822516087552862,1.3870386667286314,2.189618605490024,36.05798070709687
13.30999999999976,1.8295408678271894,1.8295408678271894,4.065006327963007,2.016186084656624,2.3120066243082413,7.601318636733907,2.7570488999533374,2.674601557779808,12.668875765264811,3.5593364220406043,2.8322895889567232,2.731898579234562,2.7443849778853253,2.23971454332197,0.9814744470163995,1.3909963320927845,2.1945800107921776,36.05796247370527
13.31999999999976,1.8342231335941335,1.8342231335941335,4.081644799934023,2.020308095299829,2.311322232894695,7.624476103335603,2.7612453899165867,2.6745792620744,12.697284937942529,3.563324983486986,2.8322688896592805,2.734991886844886,2.748022010748738,2.2419784516803394,0.9806896435295047,1.3948404344401713,2.1994022451487165,36.05794431979573
13.32999999999976,1.8389013849815523,1.8389013849815523,4.0982965402521145,2.024424990028555,2.3106686324110823,7.647397246653399,2.765392783431207,2.6745543755110983,12.7254260020435,3.5672715066340968,2.832245917332772,2.7380267916138967,2.7516048960718584,2.244227950679563,0.9799001518376731,1.3985641897776908,2.2042873367835902,36.057926247598054
13.33999999999976,1.8435781935061146,1.8435781935061146,4.114956059068414,2.028535446835577,2.3100455209195125,7.670075757468155,2.7694901620096353,2.674526811140543,12.753290541075827,3.57117495245974,2.8322205898050536,2.7410039943520395,2.755133530369717,2.2464603206941733,0.9791071745279323,1.402166830906903,2.2090418586475997,36.05790825925437
13.34999999999976,1.8482560608597316,1.8482560608597316,4.131617845872233,2.0326381492710976,2.309452581582927,7.692505473325589,2.773536636377026,2.6744964850646107,12.780870338823677,3.5750343129575244,2.8321928277047883,2.7439190738906727,2.758605222042344,2.2486729254543834,0.9783080313436133,1.405651689580418,2.2136638254607046,36.05789035681743
13.35999999999976,1.8529374219200057,1.8529374219200057,4.148276373338422,2.036731787285312,2.308889483438014,7.714680387200611,2.777531347653994,2.674463316868203,12.80815738097603,3.5788486110725652,2.8321625545012017,2.7467694947514576,2.7620182492138996,2.250863210430574,0.9775014428617816,1.4090155124902157,2.218157936983464,36.057872542249115
13.36999999999976,1.8576246476655973,1.8576246476655973,4.164926101112856,2.0408150580375617,2.3083558821539345,7.7365946558863055,2.7814734684850593,2.6744272300373457,12.835143856553259,3.5826169006123525,2.8321296965391936,2.7495631862218834,2.765376231184006,2.2530287012553623,0.9766939718657007,1.412253838758462,2.222553010786292,36.057854817418836
13.37999999999976,1.8623200480596174,1.8623200480596174,4.181561479533421,2.044886666672122,2.3078514207766134,7.7582426080744264,2.7853622041081887,2.6743881523619777,12.86182215913302,3.5863382661334415,2.8320941830698327,2.7522943350025937,2.768675813248111,2.2551670021742924,0.9758818210730368,1.4153655799541167,2.2269871519813043,36.05783718410216
13.389999999999759,1.8670258748435584,1.8670258748435584,4.198176953284173,2.0489453270607716,2.307375730458362,7.779618752097112,2.7891967933613273,2.6743460163218398,12.888184887877337,3.590011822804674,2.832055946276243,2.754959873452616,2.771915050185201,2.2572757945172524,0.9750632337229539,1.4183498075928052,2.231298925185673,36.057819643979435
13.399999999999759,1.8717443242957272,1.8717443242957272,4.214766964980694,2.0529897625123934,2.3069284311726883,7.800717783301966,2.7929765096223003,2.674300759454089,12.914224848363176,3.5936367162476475,2.832014921294923,2.757570669769097,2.7750991195832433,2.2593528351836745,0.9742468700879933,1.4212095567535554,2.235492497078314,36.05780219863448
13.409999999999759,1.876477539911415,1.876477539911415,4.231325958684953,2.057018706449932,2.306509132414163,7.821534591035423,2.7967006616789405,2.6742523247013334,12.939935053218944,3.597212122355164,2.8319710462325394,2.76010910013378,2.7782186877747184,2.2613959551354745,0.9734200241180554,1.4239379253610573,2.239571874861273,36.05778484955333
13.419999999999758,1.8812276150387026,1.8812276150387026,4.247848383348311,2.061030903055146,2.3061174338832586,7.842064265211881,2.8003685945267778,2.6742006607389435,12.965308722569922,3.600737247088424,2.8319242621782474,2.762591884894218,2.78128195875063,2.263403057892526,0.9725956592777224,1.4265335968234627,2.2435409105240423,36.05776759812314
13.429999999999758,1.8859965954505709,1.8859965954505709,4.264328696181531,2.0650251078816284,2.305752926156122,7.8623021024487185,2.803979690092052,2.6741457222806164,12.990339284295839,3.604211326253753,2.8318745132115906,2.7650064610194116,2.7842822103418734,2.265372118026209,0.9717648200389702,1.428995174231802,2.2475220776874534,36.057750445631065
13.439999999999758,1.8907864818626543,1.8907864818626543,4.280761365950991,2.0690000884366806,2.305415191339265,7.882243611749877,2.807533367878266,2.674087470361289,13.015020374104033,3.6076336252596426,2.8318217464060593,2.76736126013484,2.787223460495653,2.267301179647274,0.9709341930903599,1.4313211912122035,2.2514382395769568,36.05773339326324
13.449999999999758,1.8955992324095192,1.8955992324095192,4.297140876200498,2.072954624732654,2.305103803709197,7.901884519723147,2.8110290855348947,2.67402587259664,13.039345835422237,3.611003438854945,2.8317659118283744,2.7696485147661454,2.790101467276933,2.269188354884906,0.970098363402547,1.433511059396208,2.2552478533757374,36.05771644210394
13.459999999999757,1.9004367650441276,1.9004367650441276,4.313461728398367,2.076887509808455,2.3048183303370418,7.921220775318848,2.8144663393472746,2.6739609034185223,13.063309719114967,3.614320090849034,2.8317069625335787,2.7718759709866956,2.7929199427519125,2.271031822354432,0.969263430654749,1.4355641934904173,2.258954303951161,36.05769959313465
13.469999999999757,1.905300959924352,1.905300959924352,4.329718445009652,2.0807975502219462,2.3045583316982245,7.940248554079896,2.8178446646470587,2.6738925442858066,13.086906283028032,3.6175829338147913,2.831644854556036,2.774032824796623,2.7956731227102516,2.2728298256116686,0.9684216764871694,1.437476649171833,2.2625608357348233,36.05768284723333
13.479999999999757,1.9101936617108424,1.9101936617108424,4.345905572493621,2.0846835665140215,2.304323362267318,7.958964261895561,2.821163636142994,2.6738207838702244,13.11012999136587,3.620791348775274,2.831579546896437,2.7761342244512934,2.798368556833378,2.2745806715923553,0.9675846256360084,1.4392468923739217,2.266070555624992,36.05766620517382
13.489999999999757,1.915116681858877,1.915116681858877,4.362017684226775,2.088544393645195,2.304112971098173,7.977364538253498,2.8244228681720975,2.6737456182169015,13.132975513906704,3.6239447448749416,2.8315110015048943,2.7781579959859073,2.8009946827922896,2.2762827290355743,0.9667360782864948,1.4408733636222182,2.269570384161293,36.057649667625064
13.499999999999757,1.9200718008385977,1.9200718008385977,4.378049383351891,2.0923788814055384,2.303926702389474,7.995446258986673,2.827622014871626,2.6736670508794234,13.155437725060635,3.627042559036306,2.83143918326028,2.780125956454209,2.8035625176749206,2.277934426890413,0.9658924312637941,1.4423544892349243,2.2730304641688783,36.05763323515082
13.509999999999756,1.9250607703161846,1.9250607703161846,4.393995305553773,2.096185894798878,2.303764096035875,8.013206538513943,2.8307607702725326,2.673585093029312,13.177511702776261,3.630084255602928,2.83136405994588,2.7820237070616054,2.8060645184337867,2.2795342527054974,0.9650432017637834,1.4436886924917263,2.2763959896071686,36.05761690820907
13.519999999999756,1.9300853153158395,1.9300853153158395,4.409850121762467,2.0999643144021443,2.3036246881649007,8.0306427315749,2.8338388683153637,2.673499763539963,13.19919272730142,3.63306932596963,2.831285602221521,2.7838548284912186,2.80850238723137,2.2810807510013182,0.9641912118723649,1.4448744047081095,2.2796696415174647,36.05760068715178
13.529999999999756,1.9351471363218942,1.9351471363218942,4.425608540785009,2.1037130367008254,2.3035080116597775,8.047752434461446,2.8368560827897924,2.673411089045143,13.220476279803883,3.635997288200843,2.8312037835922834,2.7856276894574754,2.810880314478852,2.282572521625534,0.9633427624655518,1.445910076185724,2.282853972949733,36.057584572224634
13.539999999999756,1.9402479113509346,1.9402479113509346,4.441265311866745,2.1074309744014736,2.30341359666841,8.064533485750367,2.8398122271992503,2.6733191039722453,13.241358040858175,3.638867686637998,2.831118580373938,2.7873233407308464,2.813188455471179,2.284008218091694,0.9624839735374413,1.4467941869667007,2.2859514107634085,36.05756856356683
13.549999999999756,1.9453892980018446,1.9453892980018446,4.4568152271834665,2.1111170567222146,2.303340971098723,8.080983966542643,2.8427071545522664,2.6732238505506154,13.261833888804672,3.6416800914968728,2.831029971655251,2.7889564793936565,2.8154342951638798,2.2853865459020035,0.9616257670441253,1.4475252573313857,2.2889642572334434,36.057552661211076
13.559999999999755,1.9505729354531403,1.9505729354531403,4.4722531242657695,2.1147702296622604,2.30328966110056,8.097102200216947,2.845540757082377,2.673125378795288,13.281899897987334,3.644434098455799,2.8309379392572933,2.790529335497803,2.8176189299847207,2.286706260854965,0.9607698135063985,1.448102468417682,2.291948557399423,36.057536865083584
13.569999999999755,1.9558004464540673,1.9558004464540673,4.487573888357046,2.1183894562513865,2.3032591915343836,8.11288675170602,2.8483129658985895,2.673023746466605,13.30155233687674,3.6471293282356663,2.830842467689903,2.792026142336197,2.8197341925788524,2.2879661673388503,0.9599045336165292,1.4485239171534077,2.294909837093152,36.05752117500421
13.579999999999755,1.9610734392767506,1.9610734392767506,4.502772454706701,2.1219737167803707,2.303249086427015,8.128336426306033,2.8510237505685625,2.6729190190062164,13.32078766608489,3.649765426172604,2.830743544105455,2.793457256321699,2.821785400175772,2.28916511661212,0.959037542514913,1.4487880302732743,2.2977870460078984,36.0575055906866
13.589999999999755,1.9663935096376461,1.9663935096376461,4.517843810800213,2.1255220090133653,2.303258869414634,8.14345026803022,2.8536731186367894,2.672811269450049,13.339602536278669,3.652342061784283,2.830641158250091,2.7948264773761133,2.823774515310077,2.2903020050719842,0.9581715819724679,1.4488935620682586,2.3005820867838964,36.05749011173856
13.599999999999755,1.97176224261125,1.97176224261125,4.532782998527803,2.129033348383205,2.303288064173294,8.158227557519117,2.8562611150801875,2.6727005783188864,13.357993785998763,3.654858928330718,2.8305353024125637,2.796129424698252,2.8256992941177326,2.2913757725124104,0.9573033659183684,1.4488393427214392,2.303296741983782,36.057474737662396
13.609999999999754,1.977181214515582,1.977181214515582,4.547585116293476,2.1325067681706136,2.303336194837186,8.172667809520842,2.8587878217036047,2.6725870334872357,13.375958439390933,3.65731574237048,2.8304259713708477,2.7973557276533616,2.827554404960317,2.2923854003729516,0.956425221028421,1.4486242865788783,2.3059326747463365,36.05745946785541
13.619999999999754,1.9826519947817896,1.9826519947817896,4.562245321066281,2.135941319668282,2.3034027864049182,8.186770769955654,2.861253356477831,2.67247073003126,13.393493703856642,3.6597122433132148,2.8303131623366973,2.798518919010343,2.8293468950922227,2.293329909979813,0.9555469432235388,1.4482473998541348,2.3084914292564127,36.05744430161047
13.629999999999754,1.9881761477982285,1.9881761477982285,4.576758830375738,2.1393360723307917,2.303487365134023,8.200536412579885,2.8636578728227793,2.6723517700565234,13.410596967630008,3.66204819296934,2.8301968748982866,2.7996185007991077,2.8310765782758724,2.294208360780617,0.9546680179777417,1.4477077877283682,2.310974431034963,36.05742923811665
13.639999999999754,1.9937552347696008,1.9937552347696008,4.591120924253318,2.142690113911323,2.3035894589239754,8.213964935265086,2.866001558838565,2.6722302625064005,13.427265797288195,3.6643233750978084,2.830077110961112,2.8006540200164536,2.832743307315293,2.2950198485743827,0.9537879416823396,1.4470062408866953,2.3133829870309093,36.05741427646001
13.649999999999753,1.9993908155245224,1.9993908155245224,4.60532694712204,2.1460025505860987,2.303708597687947,8.227056755908741,2.8682846364872403,2.6721063229520183,13.443497935202146,3.666537594952784,2.829953874687319,2.8016105954492043,2.8343394638275967,2.295763503738193,0.9528956809895544,1.4461411039089938,2.315787015105556,36.057399415624474
13.659999999999753,2.005084450351045,2.005084450351045,4.619372309636126,2.149272507067479,2.3038443137135376,8.239812507993598,2.8705073607279945,2.6719800733645833,13.459291296934822,3.668690678830095,2.829827172433601,2.802502203759436,2.8358724074926576,2.2964384894521044,0.9520012270492404,1.4451118925013353,2.31813125976136,36.057384654492665
13.669999999999753,2.0108377018157717,2.0108377018157717,4.633252490472808,2.1524991267066307,2.303996142012739,8.252233035812983,2.8726700186086433,2.671851641871062,13.47464396859387,3.6707824736142936,2.829697012687853,2.803329131406223,2.8373424198089894,2.297043999923774,0.9511045507807049,1.4439182638275088,2.3203993077564578,36.05736999184702
13.679999999999753,2.0166521365601864,2.0166521365601864,4.646963038078319,2.1556815715866566,2.304163620661357,8.264319389379933,2.8747729283162404,2.6717211624941073,13.4895542041457,3.6728128463271443,2.8295634060047212,2.8040910786279194,2.8387494923499075,2.2975792586143413,0.950205175982706,1.442560005273511,2.322592068965572,36.05735542637083
13.689999999999753,2.022529327131679,2.022529327131679,4.66049957237013,2.1588190226070663,2.3043462911281396,8.276072819038214,2.876816438189655,2.6715887748772214,13.504020422697852,3.674781683678345,2.8294263649402382,2.8047877828711263,2.840093649550869,2.2980435164670108,0.9493026346204154,1.4410370363915759,2.324710333057934,36.05734095664951
13.699999999999752,2.0284708537860574,2.0284708537860574,4.673857786397558,2.161910679560457,2.3045436985938115,8.287494769793634,2.878800925696953,2.671454623996091,13.518041205756557,3.676688891619273,2.8292859039856593,2.805412209746663,2.8413714023130066,2.2984360501398298,0.9483915316069872,1.439349410053554,2.3267547686408836,36.05732658117182
13.709999999999752,2.0344783063143184,2.0344783063143184,4.687033447962713,2.1649557612022265,2.304755392260288,8.298586875384087,2.880726796380401,2.6713188598570947,13.531615294466146,3.6785343949005216,2.829142039500702,2.8059659165876507,2.8425837412093014,2.298756160244064,0.9474726986592236,1.4374973127860928,2.328725922198375,36.05731229833126
13.719999999999752,2.0405532858653266,2.0405532858653266,4.700022401203982,2.1679535053141663,2.304980925650233,8.309350952106975,2.882594482771896,2.6711816371839525,13.544741586837064,3.6803181366339874,2.8289947896463103,2.806454270568762,2.843733658277728,2.2990031695895916,0.9465496994127311,1.4354810643166482,2.3306242168352433,36.05729810642751
13.729999999999752,2.0466974067801535,2.0466974067801535,4.712820568144006,2.170903168762717,2.3052198568972213,8.319788992422641,2.8844044432816007,2.671043115093513,13.557419134968907,3.6820400778602216,2.828844174317121,2.806877133043033,2.844821291833198,2.2991764214386525,0.9456220855285561,1.4333011163379428,2.3324499508191514,36.057284003667995
13.739999999999752,2.0529122984607646,2.0529122984607646,4.725423950204254,2.17380402755268,2.3054717490266774,8.329903158352481,2.8861571610625227,2.670903456761638,13.569647142275032,3.683700197121779,2.8286902150737547,2.8072343942152935,2.845846806091501,2.2992752777693,0.9446894144085524,1.4309658271719161,2.334203295909761,36.057269988169466
13.749999999999751,2.059199607213624,2.059199607213624,4.737828629688187,2.1766553768771453,2.305736170227812,8.339695774690286,2.887853142853751,2.6707628290801906,13.581424960714958,3.6852984900432366,2.8285329350751063,2.8075259712996203,2.846810389648367,2.299299117549808,0.9437512486368649,1.4284714121792468,2.3358842954986208,36.05725605795973
13.759999999999751,2.065560998156209,2.065560998156209,4.750030771235062,2.179456531164378,2.3060126941167387,8.34916932204526,2.889492917805001,2.6706214023060837,13.592752088040681,3.686834968918555,2.8283723590107512,2.8077518066678526,2.8477122539423187,2.2992473350252887,0.9428071554342687,1.4258172137440097,2.3374959729849283,36.057242210979375
13.76999999999975,2.0719981571125716,2.0719981571125716,4.7620266232463,2.182206824122384,2.3063008999909624,8.358326429735085,2.8910770362851084,2.6704793497033434,13.60362816506294,3.6883096623064255,2.828208513033627,2.807911865990303,2.848552631703165,2.2991193380176993,0.9418567061240724,1.42300431068824,2.3390804569308528,36.057228445083645
13.77999999999975,2.078512792556282,2.078512792556282,4.773812519286442,2.184905608781863,2.306600373075411,8.367169868547062,2.892606068677009,2.670336847179155,13.614052972943227,3.689722614634226,2.8280414246931147,2.8080008806859773,2.8493290218379617,2.298914546240385,0.9408956937910212,1.4200338948410358,2.340587801188479,36.05721475804439
13.78999999999975,2.085106637579969,2.085106637579969,4.785384879460541,2.187552257538215,2.306910704760183,8.375702543385238,2.8940806041617497,2.6701940729148137,13.624026430517246,3.6910738858111802,2.827871122868643,2.808021737820081,2.850043198813346,2.298632389628249,0.9399257786687615,1.416913980266512,2.3420176019416186,36.057201147552
13.79999999999975,2.0917814518751303,2.0917814518751303,4.796740211769956,2.1901461621932805,2.307231492830172,8.383927485821136,2.895501249493969,2.6700512069924933,13.63354859165516,3.6923635508512915,2.8276976377039635,2.807977295278601,2.8506969336821237,2.2982723066846145,0.9389485810193394,1.4136505716239731,2.3433693169888845,36.0571876112175
13.80999999999975,2.098539023781944,2.098539023781944,4.807875113448348,2.192686733997437,2.3075623416867215,8.391847846565357,2.8968686277712625,2.6699084310187464,13.642619642664084,3.693591699506604,2.827521000542199,2.8078675903404884,2.851290527568169,2.2978337428457523,0.9379636800727091,1.4102361884284067,2.3446422627522847,36.057174146574695
13.81999999999975,2.105381172354631,2.105381172354631,4.818786272279729,2.195173403692685,2.3079028625614435,8.399466887876992,2.8981833771997576,2.6697659277456034,13.651239899737778,3.6947584359113086,2.8273412438617793,2.8076926747305184,2.8518242952505743,2.2973161488640614,0.9369706570522817,1.4066725196569811,2.3458356110707466,36.05716075108233
13.82999999999975,2.112309749476682,2.112309749476682,4.829470467900334,2.19760562155732,2.3082526737223508,8.40678797592756,2.899446149858204,2.6696238806901267,13.659409806458525,3.6958638782372013,2.8271584012133957,2.8074526127277526,2.852298563559835,2.296718979210785,0.9359690946760357,1.402965660972215,2.3469483857642355,36.05714742212633
13.83999999999975,2.1193266420318335,2.1193266420318335,4.83992457308604,2.1999828574527664,2.3086114006724205,8.413814573135557,2.900657610462765,2.669482473753267,13.66712993135579,3.696908158360955,2.8269725071580596,2.8071474792741573,2.852713669771593,2.2960416904991314,0.9349585766620383,1.3991334666032418,2.347979458966389,36.05713415702219
13.84999999999975,2.12643377411168,2.12643377411168,4.850145555027069,2.2023046008731555,2.3089786763406894,8.420550230487589,2.901818435134698,2.6693418908388007,13.674400965526218,3.697891421543664,2.826783597206377,2.806777358084197,2.853069959999344,2.2952837399286268,0.9339386872373358,1.3951601617241898,2.3489275472338673,36.05712095301723
13.859999999999749,2.1336331092864596,2.1336331092864596,4.860130476591589,2.2045703609981673,2.3093541412660175,8.426998579861392,2.902929310172983,2.6692023154731674,13.681223720319243,3.698813826123078,2.826591707759125,2.806342339756133,2.8533677875873855,2.2944445837514476,0.932909010649187,1.3910477682133837,2.3497912074227973,36.05710780729316
13.869999999999749,2.140926652950776,2.140926652950776,4.869876497579846,2.206779666749684,2.309737443773585,8.433163326365822,2.9039909308339484,2.6690639304269292,13.687599125092284,3.69967554321893,2.8263968760492384,2.8058425198857515,2.8536075115052677,2.2935236757614827,0.9318691306776555,1.3868158195024876,2.3505688323293064,36.05709471696842
13.879999999999749,2.1483164547090907,2.1483164547090907,4.879380875970396,2.208932066852758,2.3101282401442274,8.439048240712259,2.905004000119838,2.668926917338604,13.6935282250395,3.700476756451728,2.826199140085258,2.8052779971831567,2.8537894947448894,2.292520465806796,0.9308186301485911,1.3824639240878709,2.3512586461100735,36.05708167910081
13.889999999999748,2.1558046108347506,2.1558046108347506,4.888640969159955,2.211027129901385,2.31052619477667,8.44465715163161,2.905969227578229,2.6687914563415513,13.699012179097618,3.7012176616753596,2.8259985385963566,2.8046488715931797,2.8539141027213235,2.291434398326126,0.9297570904460268,1.3779821168334005,2.351858699472134,36.05706869068998
13.899999999999748,2.1633932668423146,2.1633932668423146,4.897654235198348,2.213064444429567,2.3109309803427416,8.449993938350461,2.9068873281141223,2.668657725694598,13.704052257932357,3.7018984667238453,2.825795110978983,2.803955242419925,2.8539817016783706,2.2902649109100426,0.9286840910230649,1.3733852787818355,2.3523668646198534,36.057055748680085
13.909999999999748,2.1710846200768716,2.1710846200768716,4.906418234019992,2.215043618988121,2.3113422779356054,8.455062523139562,2.9077590208164708,2.668525901417034,13.708649842008583,3.7025193911725274,2.825588897245213,2.803197206455871,2.853992657099755,2.2890114328872873,0.9275992089103127,1.3686880763671154,2.352780830000577,36.05704284996241
13.919999999999748,2.1788809224441654,2.1788809224441654,4.9149306286733125,2.2169642822276847,2.3117597772110656,8.459866863947346,2.908585027800863,2.668396156928589,13.71280641974725,3.7030806661139923,2.8253799379728504,2.802374856115851,2.8539473321267774,2.2876733839368444,0.9265020182209283,1.363870474551149,2.3530980948053806,36.057029991378066
13.929999999999747,2.186784483205577,2.186784483205577,4.923189186549447,2.2188260829883553,2.3121831765219656,8.464410947130663,2.9093660730699846,2.6682686626949694,13.716523585771895,3.703582533948973,2.82516827425735,2.801488277576199,2.8538460859831805,2.286250172726209,0.9253920896513719,1.3589510372417382,2.3533159632600213,36.057017169720744
13.939999999999747,2.1947976718785593,2.1947976718785593,4.931191780611524,2.220628690396376,2.312612183045721,8.468698780294467,2.9101028813934513,2.668143585879521,13.71980303924728,3.704025248192469,2.824953947665598,2.800537548919238,2.8536892724078657,2.284741195576285,0.9242689899769473,1.353942639012364,2.3534315386965754,36.057004381739375
13.949999999999747,2.202922921240198,2.202922921240198,4.938936390625819,2.222371793968286,2.3130465129049735,8.47273438525174,2.910796177208521,2.668021090001501,13.72264658231263,3.7044090732953117,2.8247370001915972,2.7995227382832195,2.8534772380960374,2.2831458351533285,0.9231322815412223,1.3488233114479888,2.3534417174138507,36.05699162414095
13.959999999999747,2.2111627304460644,2.2111627304460644,4.946421104396008,2.224055103722929,2.313485891281385,8.476521791114395,2.911446683543148,2.6679013346014995,13.72505611861159,3.704734284481357,2.824517474214102,2.7984439020176985,2.8532103211492172,2.28146345918829,0.9219815217384162,1.343624685220518,2.3533431823299558,36.056978893593346
13.969999999999747,2.219519668259493,2.219519668259493,4.9536441190016856,2.2256783503016973,2.313930052522554,8.480065027525509,2.9120551209627727,2.667784474914419,13.727033651920985,3.705001167600489,2.8242954124562254,2.7973010828442737,2.8528888495345153,2.2796934192238854,0.9208162624878337,1.3383387505912936,2.3531323964378914,36.056966186728076
13.979999999999746,2.2279963764250605,2.2279963764250605,4.960603742042379,2.227241285097414,2.314378740242021,8.483368118042712,2.912622206542193,2.667670661550482,13.728581284880217,3.705210018997603,2.8240708579470466,2.796094308022517,2.852513139553423,2.277835049389683,0.919636049699442,1.3329521586486905,2.352805596061204,36.056953500143166
13.989999999999746,2.2365955731437213,2.2365955731437213,4.967298392888129,2.228743680392191,2.314831707412348,8.486435073682184,2.9131486528638018,2.667560040184637,13.729701217822921,3.7053611453976956,2.823843853985251,2.7948235875208374,2.852083494320324,2.275887665205461,0.9184404227296814,1.3275159475485299,2.3523587839370044,36.056940830405956
13.999999999999746,2.245320056742274,2.245320056742274,4.973726603937751,2.2301853295046468,2.3152887164512093,8.48926988663213,2.9136351670434184,2.6674527512547597,13.730395747712496,3.705454863807208,2.8236144441048,2.793488912191897,2.851600202250778,2.273850562413047,0.9172289138265707,1.3219846216098643,2.3517877221028987,36.05692817405599
14.009999999999746,2.2541727094375372,2.2541727094375372,4.979887021885928,2.231566046946836,2.315749539300437,8.491876524144322,2.914082449784893,2.6673489296689654,13.73066726718276,3.7054915014317276,2.823382672042655,2.7920902519520805,2.8510635355595437,2.271723015836817,0.9160010475631594,1.3163889295603404,2.3510879246390917,36.05691552760779
14.019999999999746,2.2631565013062587,2.2631565013062587,4.985778409000084,2.2328856685912255,2.3162139574979688,8.494258922611765,2.914491194464613,2.667248704522374,13.730518263684987,3.705471395610144,2.823148581708561,2.790627553964495,2.850473748768237,2.2695042782729944,0.9147563402584149,1.3107292092128022,2.35025465023734,36.05690288755384
14.029999999999745,2.272274494410477,2.272274494410477,4.991399644408196,2.2341440518480886,2.316681762242595,8.496420981840135,2.9148620862469867,2.6671521988235893,13.729951318742438,3.705394893765365,2.8229122171568846,2.7891007408248116,2.8498310772223667,2.2671935794078566,0.9134942993845883,1.3049902682920291,2.34928289463127,36.05689025036732
14.039999999999745,2.281529847093608,2.281529847093608,4.996749725398525,2.2353410758536434,2.317152754451419,8.49836655952032,2.915195801231938,2.667059529231172,13.728969107313322,3.705262353371664,2.822673622560497,2.7875097087491536,2.84913573561741,2.2647901247649,0.9122144229600766,1.2992163339200724,2.348167382898593,36.056877612505
14.049999999999745,2.290925818503227,2.290925818503227,5.0018277687323165,2.2364766416692836,2.3176267448099375,8.500099465908935,2.9154930056353994,2.6669708058003208,13.72757439726302,3.7050741419387303,2.8224328421867138,2.7858543257631263,2.848387916533456,2.2622930946810045,0.9109161989268075,1.2933609416799376,2.3469025616311545,36.056864970410075
14.059999999999745,2.300465773285017,2.300465773285017,5.0066330119704965,2.2375506724922447,2.31810355381461,8.50162345872325,2.9157543550037355,2.6668861317399934,13.725770048946414,3.7048306370124955,2.8221899203752554,2.784134429891027,2.847587788977864,2.2597016433115633,0.9095991045111739,1.2874756346662481,2.3454825910126065,36.05685232051504
14.069999999999744,2.310153186519425,2.310153186519425,5.0111648148154755,2.238563113878069,2.318583011807786,8.502942238256878,2.915980493463027,2.6668056031806158,13.723559014900912,3.7045322261927907,2.8219449015182194,2.782349827344077,2.8467354969352394,2.2570148976645457,0.9082626055674838,1.2815243604547166,2.343901336795707,36.05683965924436
14.079999999999744,2.3199916488800483,2.3199916488800483,5.015422660469028,2.2395139339751893,2.3190649590048693,8.504059442721845,2.9161720530040482,2.666729308952576,13.720944339650858,3.704179307167899,2.821697830042049,2.7805002907064647,2.845831157923923,2.2542319566633706,0.9069061559029217,1.275534574123843,2.3421523622077305,36.05682698301746
14.089999999999744,2.329984872046422,2.329984872046422,5.019406157007424,2.24040312377202,2.3195492455135427,8.504978643822724,2.9163296528037987,2.6666573303756085,13.717929159623854,3.703772287766063,2.821448750391463,2.778585557117852,2.8448748615580697,2.251351890238469,0.9055291965829788,1.2694988750345606,2.3402289197927146,36.056814288251324
14.099999999999744,2.340136694377366,2.340136694377366,5.02311503877494,2.24123069735691,2.320035731344901,8.505703342568019,2.916453898584378,2.666589741059192,13.714516703179566,3.7033115860239962,2.8211977070153136,2.7766053264508677,2.8438666681142677,2.2483737384473437,0.9041311552162831,1.2634182967562309,2.3381239432102725,36.056801571363344
14.109999999999744,2.3504510868642314,2.3504510868642314,5.026549167796868,2.241996692191331,2.320524286416317,8.506236965323712,2.9165453820099754,2.666526606714049,13.710710290751484,3.7027976302724785,2.8209447443543545,2.7745592594819923,2.8428066071015152,2.2452965106228904,0.902711445217756,1.2573084612887357,2.3358466713281643,36.05678882877397
14.119999999999743,2.360932159379789,2.360932159379789,5.029708535213336,2.2427011693967023,2.3210147905458456,8.506582860113754,2.91660468012272,2.666467984974827,13.706513335102205,3.7022308592390893,2.8206899068308706,2.7724469760541366,2.8416946758332466,2.242119184549712,0.9012694650490108,1.2511495664903929,2.333380583808138,36.05677605690945
14.129999999999743,2.3715841672532294,2.3715841672532294,5.032593262735221,2.243344214055262,2.321507133437967,8.506744293171964,2.9166323548181325,2.666413925233991,13.701929341692804,3.70161172216817,2.8204332388401254,2.770260740222172,2.8405268763742053,2.238840705668094,0.8997994861786358,1.2449747302156844,2.3307094167048104,36.05676325220447
14.139999999999743,2.38241151816378,2.38241151816378,5.035203604123545,2.2439259355254007,2.322001214660456,8.506724445749665,2.91662895236087,2.666364468486969,13.696961909166768,3.70094067895809,2.820174784743593,2.7680048014361933,2.8393056811947885,2.2354599863052584,0.8983041803429774,1.2387487687368257,2.3278246544950085,36.056750411104716
14.149999999999743,2.3934187794224373,2.3934187794224373,5.037539946693891,2.2444464677719296,2.3224969436121596,8.506526411183161,2.9165950029414716,2.6663196471885713,13.691614729949311,3.7002182003159367,2.819914588863922,2.76568059136419,2.838032033570005,2.231975904933472,0.8967842582575585,1.2325169490565018,2.3247174354342985,36.05673753006951
14.159999999999743,2.4046106855994283,2.4046106855994283,5.039602812847439,2.244905969711747,2.3229942394814413,8.5061531922251,2.9165310202747885,2.66627948512066,13.685891590962658,3.6994447679297306,2.819652695481589,2.763287532596304,2.836705777895381,2.228387305454515,0.8952390410851138,1.2262339619369567,2.3213785452218234,36.05672460557434
14.169999999999742,2.4159921465953533,2.4159921465953533,5.041392861630373,2.245304625575419,2.323493031195043,8.505607698643615,2.9164375012407886,2.6662439972710534,13.679796374458276,3.69862087465832,2.81938914883317,2.7608249967752494,2.8353267187521993,2.224692996509976,0.8936678304641221,1.219952106322942,2.3177984108193965,36.05671163411331
14.179999999999742,2.427568256113014,2.427568256113014,5.042910890323652,2.2456426452852316,2.3239932573571163,8.504892745093091,2.916314925568412,2.666213189723641,13.673333058966918,3.697747024739107,2.819123993111209,2.7582923026494415,2.8338946194400014,2.2208917508167505,0.8920699075816301,1.2136209651590597,2.3139670944638486,36.05669861220161
14.189999999999742,2.4393443006191666,2.4393443006191666,5.044157836065179,2.245920264850286,2.324494866178144,8.504011049260324,2.9161637555631756,2.666187059559644,13.666505720367747,3.6968237340138015,2.8188572724655963,2.7556887141012303,2.8324092004969628,2.216982304527094,0.890444532214675,1.2072950080479703,2.3099001194067363,36.056685536377856
14.199999999999742,2.4513257687797094,2.4513257687797094,5.045134777506732,2.246137746779287,2.324997815393484,8.502965230289966,2.9159844358792393,2.6661655947699456,13.659318533077828,3.6958515301724213,2.818589031006411,2.7530134381474283,2.830870138205604,2.212963356612484,0.8887909417390601,1.2009234700298195,2.305560976089323,36.05667240320653
14.209999999999742,2.4635183614302596,2.4635183614302596,5.04584293650825,2.2462953805117105,2.325502072171232,8.501757807493043,2.9157773933366453,2.6661487741784526,13.651775771363532,3.6948309530157846,2.8183193128081703,2.750265622909203,2.829277063081097,2.2088335682704923,0.8871083501042522,1.1945583943531461,2.30093788419879,36.05665920928018
14.219999999999741,2.4759280021095615,2.4759280021095615,5.046283679872212,2.2463934828680863,2.3260076130091214,8.500391199342529,2.9155430367844906,2.666136567376348,13.643881810775751,3.6937625547368027,2.8180481619154234,2.747444355548292,2.8276295583393,2.2045915623537975,0.885395946773151,1.1881531672048655,2.296019502587813,36.05664595122167
14.229999999999741,2.488560848182692,2.488560848182692,5.046458521121383,2.2464323985202364,2.326514423620137,8.498867722760082,2.915281757010818,2.666128934667172,13.635641129710976,3.6926469002208937,2.8177756223496107,2.7445486601662865,2.8259271583413934,2.20023592282038,0.8836528956254635,1.1817530673334522,2.2907941319690757,36.05663262568636
14.23999999999974,2.501423302616647,2.501423302616647,5.046369122323276,2.2464125004823305,2.327022498806535,8.497189592698176,2.91499392670005,2.666125827022614,13.62705831110072,3.6914845673659156,2.817501738117149,2.7415640248714186,2.8241619409587413,2.195765194203878,0.8818690106198239,1.1753198794740063,2.2852757639251053,36.05661922936428
14.24999999999974,2.5145220264325374,2.5145220264325374,5.046017295965315,2.2463341906237626,2.3275318423219407,8.495358922022172,2.914679900438841,2.666127186048872,13.618138044232106,3.690276147422047,2.8172265532186573,2.7385002553385243,2.8223393139729636,2.191177881102999,0.8800509705465304,1.1688880230699974,2.279427240939828,36.05660575898207
14.25999999999974,2.52786395189629,2.52786395189629,5.045405006884897,2.246197900204899,2.328042466721195,8.493377721697131,2.9143400147712915,2.6661329439634924,13.608885126702795,3.6890222453521195,2.8169501116592603,2.7353579114733604,2.820459606784023,2.186472447688773,0.8781990609289274,1.1624316953223255,2.273234775713424,36.056592211305116
14.26999999999974,2.5414562964913796,2.5414562964913796,5.044534374259227,2.2460040904368865,2.3285543931976065,8.491247901284497,2.9139745883045203,2.6661430235825208,13.59930446651404,3.6877234802129673,2.816672457459906,2.7321357205030736,2.818522126595271,2.1816473172283777,0.8763123174578399,1.1559705821953796,2.266689093770791,36.05657858313939
14.27999999999974,2.555306577724604,2.555306577724604,5.043407673660169,2.245753253066812,2.3290676514072697,8.488971269754249,2.9135839218656887,2.6661573383178467,13.58940108430593,3.6863804855584195,2.816393634669631,2.728832334528387,2.8165261228021916,2.1767008716241443,0.8743897436645685,1.149495098254218,2.259801632026195,36.05656487133339
14.28999999999974,2.5694226288457815,2.5694226288457815,5.042027339180089,2.245445910989639,2.3295822792800944,8.486549536618599,2.913168298711662,2.666175792184579,13.579180115739712,3.6849939098646707,2.816113687378691,2.725446328094842,2.8144707851876065,2.171631450966262,0.8724303095667068,1.143006514852099,2.2525326668610917,36.05655107278
14.29999999999974,2.5838126155182883,2.5838126155182883,5.040395965635242,2.245082618888499,2.330098322817198,8.483984313393782,2.912727984792569,2.6661982798183193,13.568646814032538,3.6835644169788235,2.815832659732493,2.721976195699177,2.812355242063993,2.1664373530975873,0.8704329502686027,1.1365150884762674,2.2448689949797154,36.05653718441815
14.30999999999974,2.598485053535593,2.598485053535593,5.0385163108540505,2.2446639639050763,2.3306158358743057,8.481277115397306,2.912263229070701,2.6662246865021655,13.557806552650616,3.682092686591501,2.8155505959462754,2.718420349226558,2.810178558357958,2.1611168331888666,0.8683965645154452,1.1300001570269176,2.2368359549845875,36.05652320323461
14.31999999999974,2.613448827638027,2.613448827638027,5.036391298058409,2.244190566341996,2.3311348799307985,8.47842936388851,2.9117742638962434,2.6662548882032984,13.54666482816773,3.680579414734551,2.8152675403204364,2.7147642799783056,2.807932585150236,2.1556681033225424,0.8663112020109542,1.123495294509048,2.2283863787525857,36.056509126265674
14.329999999999739,2.6287132115349423,2.6287132115349423,5.034024018347131,2.243663080399357,2.3316555238440526,8.47544238856135,2.911261305441569,2.666288751618992,13.535227263296722,3.679025314304962,2.8149835372564627,2.7110108561668675,2.8056187991545074,2.150089332083212,0.8641788824987554,1.1169562334502499,2.2195198244067886,36.056494950598726
14.339999999999739,2.644287889203275,2.644287889203275,5.0314177332915575,2.243082194947737,2.3321778435887186,8.472317430399078,2.910724554195927,2.6663261342318774,13.523499610102533,3.677431115616244,2.814698631273375,2.707165439542056,2.803240069164741,2.14437864415265,0.8620033452143885,1.1104380731233856,2.210250497943688,36.05648067337378
14.349999999999739,2.660182977566114,2.660182977566114,5.028575877654598,2.2424486343402825,2.3327019219805907,8.46905564490152,2.9101641955225688,2.6663668843743302,13.511487753406348,3.6757975669786753,2.814412867024637,2.7032260536448875,2.8007951641991062,2.1385341199071912,0.8597833094521008,1.1038887209417754,2.2005300099193836,36.05646629178505
14.359999999999738,2.6764090506636307,2.6764090506636307,5.025502062245656,2.2417631592667537,2.3332278483847073,8.465658105696956,2.9095804002805896,2.666410841301785,13.499197714391617,3.674125435309962,2.8141262893154333,2.699190624181015,2.798282778216951,2.1325537950150975,0.8575174495459787,1.0973445965563182,2.190410660303825,36.056451803082396
14.369999999999738,2.6929771654225285,2.6929771654225285,5.022200076925273,2.241026567652707,2.3337557184073643,8.462125808551654,2.908973325513944,2.6664578352748545,13.486635654423857,3.6724155067780466,2.8138389431202695,2.695056975896458,2.795701527680622,2.126435660031393,0.8552043931098973,1.090785904429782,2.179830271872685,36.056437204572795
14.379999999999738,2.7098988891466047,2.7098988891466047,5.018673893774916,2.2402396956073507,2.334285633571692,8.458459675791737,2.9083431152104007,2.666507687650082,13.473807879097453,3.6706685874779614,2.813550873600811,2.690822829348517,2.793049949012798,2.120177659987469,0.8528427192263411,1.0842149263983696,2.168842723145591,36.056422493621696
14.389999999999738,2.7271863288855633,2.7271863288855633,5.014927670448966,2.239403418423971,2.334817700976498,8.454660561153537,2.9076899011334647,2.666560210979175,13.460720842524214,3.6688855041448507,2.8132621261239033,2.686468291426431,2.790316615440411,2.1137776939725783,0.8504190362521182,1.0776473106013589,2.157395071245027,36.05640766765448
14.399999999999737,2.7448521628032125,2.7448521628032125,5.010965753727932,2.238518651637268,2.335352032938051,8.450729255080313,2.9070138037306106,2.666615209116587,13.447381151880073,3.667067104905509,2.8129727462797,2.6819996698907986,2.7875048132632174,2.1072336147041453,0.8479378463419269,1.0710500409774406,2.1455553484916026,36.056392724157824
14.409999999999737,2.762909673726437,2.762909673726437,5.006792683293936,2.237586352142401,2.3358887466145384,8.446666490485217,2.9063149331215326,2.666672477335297,13.43379557222815,3.6652142600710467,2.812682779899821,2.677421855268985,2.7846170417534437,2.1005432280836125,0.8454026891221292,1.064471449562352,2.133251137525619,36.056377660681036
14.419999999999737,2.7813727850462535,2.7813727850462535,5.00241319575188,2.2366075193810557,2.3364279636129277,8.442472949002536,2.905593390170506,2.6667318024506432,13.419971031638077,3.663327862973512,2.812392273075508,2.672732076422203,2.7816514594565955,2.093704292734301,0.8428119067015608,1.057865457779955,2.120592724661228,36.05636247483754
14.429999999999737,2.8002560991739487,2.8002560991739487,4.997832228922287,2.2355831966004502,2.3369698095779756,8.438149267751509,2.904849267647378,2.666792962952098,13.405914626624218,3.661408830849707,2.8121012721756693,2.6679274384748433,2.7786061288062998,2.086714519517515,0.840163782029101,1.0512558542810262,2.107502285133513,36.056347164306175
14.439999999999737,2.819574938747827,2.819574938747827,4.993054926434612,2.234514472191803,2.337514413763195,8.433696046639758,2.9040826514821783,2.6668557291428465,13.391633627927199,3.6594581057756623,2.811809823864784,2.663004918777873,2.7754790126905755,2.079571571022878,0.8374565367658299,1.0446403383069651,2.094033564136716,36.056331726832724
14.449999999999736,2.839345390849159,2.839345390849159,4.98808664265305,2.23340248111554,2.338061908583571,8.429113856236212,2.903293622118888,2.666919863287067,13.37713548666628,3.657476655655683,2.811517975120591,2.6579428745515843,2.772257396370917,2.072273061028545,0.8346758413289923,1.0379971060231572,2.0802280151760324,36.05631616023144
14.459999999999736,2.8595843544500856,2.8595843544500856,4.982932947970349,2.2322484064212813,2.338612429149886,8.42440324624663,2.902482255974467,2.6669851197647954,13.36242784089283,3.65546547527026,2.811225773251492,2.652743647506836,2.7689421846406255,2.064816553926674,0.8318236318937795,1.0313708201058063,2.0660445593891223,36.05630046238651
14.469999999999736,2.8803095914278463,2.8803095914278463,4.977599634509048,2.231053480871547,2.3391661127845467,8.419564754628432,2.901648627009899,2.6670512452342785,13.347518522578396,3.6534255873875954,2.8109332659136284,2.647415233159791,2.7655375300969243,2.0571995641091156,0.8289056653895064,1.02471604281687,2.0515528135082604,36.05628463125392
14.479999999999736,2.901539781389321,2.901539781389321,4.9720927222739,2.2298189886791038,2.3397230985188244,8.414598917385389,2.9007928084207237,2.667117978801737,13.332415565074562,3.651358043944001,2.8106405011275557,2.6419540027648964,2.762040919566848,2.049419555307973,0.8259198668124775,1.0180521101168278,2.0367940882696343,36.056268664863076
14.489999999999736,2.9232945807172688,2.9232945807172688,4.966418465804118,2.2285462673689587,2.340283526571515,8.409506279087232,2.899914874455323,2.667185052198455,13.317127211085722,3.649263927299,2.8103475272944713,2.636356175187368,2.7584497181934764,2.0414739398851767,0.8228640876491164,1.011384333617867,2.02173652111107,36.056252561318956
14.499999999999735,2.9455946861513476,2.9455946861513476,4.960583361379333,2.2272367097772374,2.3408475378090228,8.404287404164016,2.8990149023701166,2.6672521899651205,13.301661921200338,3.6471443515715607,2.8100543932119235,2.630611798723891,2.754757681352699,2.0333600780648196,0.8197320737426611,1.0046882978450513,2.006407962813187,36.05623631880408
14.509999999999735,2.9684619033736634,2.9684619033736634,4.954594154839331,2.2258917662005335,2.3414152731869686,8.39894288903045,2.898092974531778,2.6673191096433952,13.286028383031145,3.645000464064599,2.8097611480889735,2.624692649283751,2.7509478741667666,2.025075277101414,0.8165053941793204,0.9979953677956631,1.9909102511697532,36.05621993558105
14.519999999999735,2.9919192210270467,2.9919192210270467,4.94845785008408,2.2245129467108256,2.3419868731734828,8.393473375101529,2.8971491806777103,2.667385521974628,13.2702355210204,3.6428334467856747,2.8094678415607346,2.618622920692076,2.74703369732831,2.0166167903766956,0.8132007728606396,0.9912831005274376,1.9752213019589886,36.056203409995156
14.529999999999735,3.0159908906816524,3.0159908906816524,4.942181718328262,2.223101823652768,2.3425624771543703,8.387879562767337,2.8961836203471867,2.6674511311057194,13.254292506972208,3.6406445180726186,2.8091745237022447,2.612398105678784,2.7430119272312288,2.0079818164169434,0.8098157082500639,0.9845422179771263,1.959346005930051,36.05618674047732
14.539999999999734,3.0407025133387493,3.0407025133387493,4.935773308192572,2.221660034342017,2.3431422228204957,8.382162226402471,2.895196405496952,2.667515634802109,13.238208771380917,3.638434934333843,2.8088812450416394,2.6060135147689714,2.738879189013046,1.999167497822044,0.806347612355017,0.977810520254549,1.9433113183361803,36.05616992554761
14.549999999999734,3.0660811330458357,3.0660811330458357,4.9292404567236074,2.220189283985401,2.3437262455377015,8.376322230493784,2.8941876633165626,2.6675787246678784,13.221994015632273,3.636205991914137,2.808588056572551,2.599454084098372,2.7346259628835603,1.990170920096769,0.8027870421997425,0.9710491618118205,1.9271431101732026,36.05615296381893
14.559999999999734,3.0921553383956923,3.0921553383956923,4.922591301444359,2.218691348846062,2.3443146776997854,8.370360546979464,2.8931575392604296,2.6676400863729937,13.20565822516242,3.633959029097937,2.8082950097657164,2.5926929976011412,2.730235672620476,1.9809891103737967,0.7991168411754728,0.9642619371070461,1.9109314386502205,36.05613585400147
14.569999999999734,3.11895537261553,3.11895537261553,4.915834293549183,2.2171680796793876,2.3449076480650475,8.364278273902887,2.8921062003154185,2.6676993998877236,13.189211683669567,3.6316954282634395,2.8080021565797435,2.5857549236409523,2.725721975401211,1.971619036017033,0.7953540775032701,0.9574764240294328,1.8946392241109036,36.056118594907716
14.579999999999734,3.1465132531436666,3.1465132531436666,4.9089782123700685,2.2156214054684678,2.3455052810770987,8.358076655496403,2.8910338385249665,2.6677563397242525,13.172664988484057,3.629416618202443,2.8077095494709856,2.578634301017658,2.721080755838643,1.9620576030926498,0.7914957520727471,0.9506597276236389,1.878276949223161,36.05610118545821
14.589999999999733,3.174862901671259,3.174862901671259,4.902032181255867,2.2140533374911877,2.346107696170679,8.351757103823251,2.88994067479304,2.6678105751855776,13.156029067214323,3.627124076622459,2.8074172414025087,2.571325350804423,2.7163077074202584,1.9523016546939913,0.7875387670950303,0.9438137656267921,1.8618629257627926,36.05608362468807
14.599999999999733,3.204040285703857,3.204040285703857,4.895005685022653,2.2124659737547723,2.346715007063383,8.345321222120608,2.8888269629939085,2.667861770621751,13.139315195800489,3.624819332849637,2.8071252858521007,2.5637855342121543,2.711376485111252,1.9423479691050811,0.7834559006988896,0.9369668658330793,1.8454134883690254,36.05606591175465
14.609999999999733,3.234083572859112,3.234083572859112,4.887908589152067,2.210861503837829,2.3473273210343057,8.338770830003451,2.8876929944167284,2.6679095856935655,13.122535018122216,3.622503970753133,2.806833736819303,2.5560320385426363,2.706296183503521,1.9321932577858547,0.779259359965028,0.9300868361217083,1.8289429848104843,36.056048045946284
14.619999999999733,3.2650332992784743,3.2650332992784743,4.880751160935659,2.209242214184687,2.3479447381907352,8.332107990707556,2.886539102577264,2.6679536756438065,13.105700567325417,3.62017963191406,2.806542648831436,2.5480691017707517,2.701068222452317,1.9218341631604305,0.7749528121911448,0.9231734934835241,1.8124638136522324,36.05603002669238
14.629999999999733,3.296932553636121,3.296932553636121,4.873544092786983,2.20761049390217,2.348567350724191,8.325335040571382,2.885365668432925,2.6679936915761817,13.088824289051871,3.617848019064907,2.8062520769485952,2.539889900400167,2.6956873491174944,1.911267256187693,0.770532697044758,0.9162500845073243,1.7960127273671427,36.056011853575136
14.639999999999732,3.3298271785109135,3.3298271785109135,4.866298527970385,2.205968841115029,2.349195242157224,8.318454620980521,2.8841731260415906,2.668029280742096,13.071919066778525,3.615510899828477,2.8059620767675977,2.5314509807265098,2.6901259883516433,1.9004890336911444,0.7659716606173179,0.9092968100740338,1.7795903723823308,36.05599352634301
14.649999999999732,3.363765991014686,3.363765991014686,4.8590260890259245,2.204319869943091,2.349828486582578,8.311469713025785,2.882961968709574,2.6680600868354283,13.054998249498636,3.6131701107889502,2.805672704424873,2.522761261145548,2.684388022879139,1.8894959154223647,0.7612766523840712,0.9023073204984893,1.7631817806589134,36.055975044926406
14.659999999999732,3.3988010248766654,3.3988010248766654,4.851738909204966,2.2026663181709947,2.3504671478964476,8.304383675157087,2.88173275567966,2.6680857502955053,13.038075682006209,3.6108275619317807,2.805384016598287,2.5138304118427004,2.678477846698693,1.8782842408294462,0.7564550942179623,0.8952880631091681,1.7467925072742638,36.055956409455824
14.669999999999732,3.434987796464704,3.434987796464704,4.8444496672705375,2.201011055690211,2.3511112790277737,8.297200284150788,2.880486119416441,2.6681059086184766,13.021165738078295,3.6084852414937623,2.8050960705078922,2.5046504042857523,2.672389039181186,1.8668502654984056,0.7515029361450482,0.8882494694139393,1.7304267003163338,36.055937620282904
14.679999999999731,3.4723855975469955,3.4723855975469955,4.837171626062151,2.19935709380313,2.3517609211656585,8.289923779748666,2.879222773553423,2.6681201966773127,13.00428335688796,3.606145221269931,2.8048089239156186,2.4951561407493448,2.6660798103040397,1.8551901572317335,0.7463794504106948,0.8811709670177882,1.7140872125026767,36.05591867800477
14.689999999999731,3.5110578179537666,3.5110578179537666,4.82991867527653,2.197707595490476,2.3524161029872213,8.282558913373023,2.8779435215745677,2.6681282470506975,12.987444083024021,3.6038096624300264,2.804522635123922,2.485387578492425,2.6595727677616052,1.84329999172388,0.7411118655729294,0.8740516816030068,1.6977757088738594,36.055899583492604
14.699999999999731,3.5510723018160517,3.5510723018160517,4.822705378975552,2.1960658867564864,2.353076839888347,8.275111001375876,2.876649266312436,2.668129690361055,12.970664110544261,3.601480821904271,2.804237262973395,2.475340643588374,2.6528634764991272,1.8311757477885156,0.7356989801420649,0.8668970366930636,1.6814927679241405,36.055880337924464
14.70999999999973,3.592501741467451,3.592501741467451,4.815547028400886,2.194435469181285,2.353743133220066,8.267585983341299,2.8753410203558984,2.668124155622039,12.953960331546094,3.5991610594062187,2.8039528668394005,2.464973348515233,2.6459236445180307,1.8188133020867097,0.7301154730392051,0.8597140208617972,1.6652379743940389,36.05586094282391
14.71999999999973,3.6354241137813426,3.6354241137813426,4.808459700754108,2.192820033827242,2.3544149695334253,8.259990486030778,2.874019917472873,2.6681112705957837,12.937350389805491,3.5968528451697175,2.8036695066277573,2.454269327529462,2.6387405235712325,1.8062084232986921,0.7243526721672787,0.8524852621883706,1.649010002569823,36.05584140010486
14.72999999999973,3.6799231643556998,3.6799231643556998,4.8014603246919645,2.191223476665939,2.3550923198360136,8.252331893643177,2.872687225167957,2.668090662160264,12.920852740112203,3.5945587684877545,2.803387242769549,2.443253921005335,2.6313274880846427,1.793356765674442,0.7184285380972731,0.8452093920983974,1.6328066894408808,36.05582171212387
14.73999999999973,3.7260889457780983,3.7260889457780983,4.794566753392311,2.1896499157153664,2.3557751388634665,8.244618425155572,2.871344358511457,2.668061956687152,12.904486714018416,3.592281547153343,2.803106136215139,2.4318929856602924,2.6236603014697732,1.7802538618898058,0.7123233223964166,0.8378848934438539,1.6166250974151986,36.05580188174154
14.74999999999973,3.774018417143131,3.774018417143131,4.787797846168759,2.1881037101035132,2.3564633643695436,8.236859219621428,2.869992895395636,2.6680247804305632,12.88827259282227,3.590024037917054,2.802826248427487,2.4201426306688605,2.6157079141978676,1.7668951151250942,0.7060114862976126,0.8305183998988999,1.6004615665345885,36.055781912394096
14.75999999999973,3.823816113127765,3.823816113127765,4.7811735597550635,2.186589481305319,2.3571569164385986,8.2290644304309,2.868634593396465,2.667978759927127,12.872231688728833,3.5877892480925957,2.802547641374913,2.4080436737833883,2.607493105231083,1.7532757902718195,0.6995210381097218,0.8231066951661031,1.5843117562734197,36.05576180817766
14.76999999999973,3.8755948922136976,3.8755948922136976,4.774715050546937,2.185112136835759,2.3578556968245157,8.221245329687974,2.867271408445314,2.6679235224078797,12.856386435272784,3.5855803484614293,2.8022703775234583,2.395550411541847,2.598983080438258,1.7393910041602731,0.6928257181273854,0.815639353458276,1.5681706770846353,36.055741573947095
14.77999999999973,3.929476775187133,3.929476775187133,4.768444789284555,2.183676896723633,2.3585595883204173,8.21341442403503,2.865905515545659,2.667858696222477,12.840760488253652,3.5834006876504407,2.801994519829045,2.3826282129298924,2.5901514182492917,1.7252357146856407,0.6859066492360661,0.8081142121369905,1.5520327118718908,36.055721215432385
14.78999999999973,3.985593886894494,3.985593886894494,4.762386689888475,2.1822893231394582,2.359268454163735,8.205585583462154,2.8645393318057537,2.6677839112763113,12.825378838629552,3.581253808183602,2.801720131729706,2.3693156051814315,2.5810190278304432,1.7108047086929887,0.6787906542961902,0.8005289145552603,1.5358916275284737,36.05570073937615
14.799999999999729,4.044089516414757,4.044089516414757,4.756566254432401,2.1809553536082302,2.3599821374814733,8.197774184882201,2.863175542100449,2.6676987994811574,12.81026793904652,3.5791434644404125,2.8014472771381542,2.3555307315730065,2.571527729765358,1.696092588461326,0.6714301991058991,0.7928808981073935,1.5197405766105814,36.0556801536959
14.809999999999729,4.105119313336968,4.105119313336968,4.751010736556144,2.179681338305245,2.3607004607807878,8.189997272541117,2.8618171277251654,2.667602995220057,12.795455845953175,3.5770736427914334,2.801176020435115,2.3412950748830883,2.561686506997614,1.6810937566034996,0.6638420013676607,0.7851673807294101,1.5035720891217372,36.055659467676705
14.819999999999729,4.168852641024611,4.168852641024611,4.745749326001955,2.178474082012902,2.3614232254902663,8.182273737675533,2.8604673984640225,2.66749613582722,12.780972379574813,3.5750485842257884,2.800906426463863,2.3265981609345294,2.551483116292314,1.6658023991713877,0.6560232478144679,0.7773859571709397,1.4873780542290593,36.05563869219989
14.829999999999728,4.235474111427213,4.235474111427213,4.74081335740951,2.177340891410785,2.3621502115576085,8.174624520237499,2.859130028564196,2.6673778620838458,12.766849304407316,3.573072809838517,2.8006385605265636,2.3113633095860764,2.540860134251296,1.6502124667239024,0.6479312762066439,0.7695382149729691,1.4711496915795723,36.05561784001561
14.839999999999728,4.305185330454991,4.305185330454991,4.736236547045396,2.1762896284836253,2.362881177109686,8.167072835994201,2.857809097192148,2.6672478187308806,12.753120533353103,3.571151149608919,2.800372488383128,2.295655192178632,2.5298546316901116,1.6343176530778782,0.6396096763432806,0.7616135839393551,1.4548775116974138,36.05559692606846
14.849999999999728,4.378206888484175,4.378206888484175,4.732055261791326,2.1753287709657423,2.3636158581813205,8.159644432895911,2.8565091340473447,2.667105654999911,12.739822359175921,3.569288774976875,2.800108276253496,2.2793458003899283,2.518372421319151,1.6181113714178974,0.6309860893991972,0.753608209763608,1.4385512646909662,36.05557596788777
14.859999999999728,4.4547806370516865,4.4547806370516865,4.728308825496562,2.174467480901143,2.3643539685194632,8.152367881311001,2.855235170929183,2.6669510251635873,12.726993717619267,3.5674912358153406,2.799845990824468,2.262516828498381,2.506461423724843,1.601586727389145,0.6221147814474671,0.7455179105002744,1.422159876255844,36.05555498605683
14.869999999999727,4.535172300938859,4.535172300938859,4.725039868744962,2.173715682591668,2.365095199469822,8.14527490358056,2.853992800197744,2.666783589107237,12.714676487342048,3.5657645025074283,2.799585699262483,2.2450518113653595,2.494032609438774,1.5847364887359294,0.6129320972562231,0.7373381466155232,1.4056913696277535,36.05553400477881
14.879999999999727,4.619674484767144,4.619674484767144,4.722294729235022,2.1730841514389225,2.3658392199534983,8.138400749382425,2.852788241244419,2.6666030129236775,12.70291583280715,3.564115013970109,2.799327469234121,2.2270094908526623,2.481117295784853,1.5675530509754336,0.6034790828992728,0.7290639866542853,1.3891360823697196,36.05551305256215
14.889999999999727,4.708610145377096,4.708610145377096,4.720123911372454,2.1725846154689705,2.3665856765416504,8.131784624660808,2.851628416301957,2.666408969533671,12.691760597458051,3.5625497326294338,2.7990713689365743,2.2082734801698387,2.467623142410904,1.5500283985092242,0.59369428617683,0.720690067765999,1.372529826294956,36.05549216305336
14.899999999999727,4.802336616393595,4.802336616393595,4.718582615392839,2.1722298716739994,2.367334193636871,8.125470183430446,2.850521037184333,2.666201139335036,12.681263755989317,3.561076207551492,2.798817467140918,2.188915022222417,2.4535891341298255,1.5321540604707553,0.583626795734142,0.7122105501669317,1.3558099474771816,36.05547137605342
14.909999999999727,4.901250290280042,4.901250290280042,4.717731348449128,2.172033919728034,2.368084373770723,8.119506093678291,2.8494747048672484,2.6659792108841884,12.671482936329237,3.559702647178446,2.7985658332518044,2.1687851799949027,2.4388956923739196,1.5139210604818212,0.5731987935637216,0.7036227949485802,1.3389601122071944,36.05545073876341
14.919999999999726,5.005792086618569,5.005792086618569,4.717636632721535,2.172012116154405,2.3688357980278436,8.113946690956729,2.8484990242155126,2.6657428816148596,12.662481024198337,3.5584380034220544,2.798316537388247,2.147956824060149,2.42358112011264,1.4953198593395696,0.5624614888707661,0.69492189969981,1.3219624546462125,36.0554303073179
14.929999999999726,5.116453865126258,5.116453865126258,4.718371828874116,2.172181352666972,2.3695880266083114,8.108852736215848,2.8476047366542723,2.665491858600056,12.654326865904277,3.5572920692437213,2.79806965049149,2.126343296744262,2.407566757018707,1.4763402894721256,0.5513754086574829,0.6860965893348709,1.304820335930247,36.05541014868223
14.939999999999726,5.2337859794661785,5.2337859794661785,4.7200180972748775,2.1725602632090273,2.3703405995415827,8.104292298122331,2.8468038741933612,2.6652258593650733,12.647096088537285,3.556275592320888,2.7978252444677745,2.103901197400407,2.3908028470436022,1.4569714797770337,0.5399274901791259,0.6771386382635339,1.2875567098657177,36.0553903430114
14.949999999999726,5.358406215837354,5.358406215837354,4.722665524554201,2.1731694652176117,2.37109303756756,8.10034178477598,2.846109938982677,2.6649446127617233,12.64087206114563,3.5554004079914305,2.797583392376219,2.080638037679115,2.3732759269567905,1.4372017691824048,0.5281341679563037,0.668039000763456,1.2700881382310747,36.055370986599655
14.959999999999726,5.491010421846889,5.491010421846889,4.7264144496191305,2.174031841905525,2.3718448432032773,8.097087155650232,2.8455381135472835,2.6646478599171064,12.635747026071414,3.554679595416641,2.797344168675247,2.056475897917937,2.3549060136710334,1.4170186069325228,0.5159657951399661,0.6587876979332242,1.2523976093820612,36.05535219558954
14.969999999999725,5.632385210681075,5.632385210681075,4.731377031596303,2.1751728739565284,2.3725955020178278,8.094625352136884,2.8451055080852248,2.664335355274601,12.63182343677796,3.55412766185712,2.797107649545435,2.0313535094831985,2.335622023166438,1.3964084371804306,0.5034042859310411,0.6493898977889092,1.234554218878755,36.05533411066537
14.979999999999725,5.783423229247755,5.783423229247755,4.737679112923122,2.1766210310761775,2.373344484143782,8.093065994790894,2.8448314527913414,2.664006867750697,12.629215547697621,3.553760761179292,2.7968739133126466,2.005266691425938,2.3153942246693124,1.3753565649469595,0.4904642279903154,0.6398250336945672,1.2164288650264024,36.05531690303108
14.989999999999725,5.945141614998933,5.945141614998933,4.745462444734645,2.1784082364732846,2.3740912460612713,8.092533407961922,2.844737845208574,2.6636621820396003,12.62805131354631,3.5535969542910055,2.796643041003743,1.978160173679866,2.294150282641894,1.3538469998486875,0.47713440400177176,0.6300747597806743,1.1980728493750008,36.05530078207861
14.999999999999725,6.118704446335896,6.118704446335896,4.754887359890907,2.1805704207594183,2.3748352327020035,8.093169048948763,2.844849565258023,2.6633011001090363,12.62847467112073,3.5536565212637994,2.7964151170787073,1.9499762050050553,2.2718117898036834,1.3318622731662313,0.4634048296350444,0.6201445890342424,1.179418955953318,36.05528600529808
15.009999999999724,6.3054502324868436,6.3054502324868436,4.766136002968935,2.1831481862138755,2.375575879936477,8.095134440487344,2.845194974072488,2.662923442947216,12.630648297106164,3.5539623376037857,2.79619023039968,1.9206546152832897,2.2482938166363504,1.3093832227649738,0.4492670894383314,0.6100101944597187,1.160475997370467,36.0552728911897
15.019999999999724,6.50692581389517,6.50692581389517,4.779416258435276,2.186187608243006,2.3763126175303944,8.098614734207107,2.8458065173527007,2.6625290526442225,12.634756962699333,3.5545403307177894,2.795968475520796,1.890132930267275,2.2235044638580868,1.2863887390191484,0.43471472558956364,0.5996590033615254,1.1411615906692252,36.055261836232624
15.029999999999724,6.724928487631442,6.724928487631442,4.794966561045346,2.18974120869233,2.3770448726897415,8.103823071397692,2.84672146010067,2.662117794925161,12.641011642474762,3.5554200374181897,2.795749954416898,1.8583465506574626,2.1973444328276237,1.262855463125909,0.41974368432422726,0.5890800632694558,1.121535319318955,36.05525333739415
15.039999999999724,6.961558784164374,6.961558784164374,4.813061830647369,2.193869146199784,2.3777720743628654,8.111005959958105,2.8479827878619814,2.6616895623020707,12.64965458462094,3.5566352897958122,2.795534778818996,1.8252290090706291,2.169706634347584,1.2387574268879082,0.40435282432449404,0.5782548636957561,1.1014805819274285,36.055248022289405
15.049999999999724,7.219287175748079,7.219287175748079,4.834020853362463,2.198640683095458,2.3784936585413377,8.120449958497698,2.849640320899762,2.6612442780857783,12.660965617872774,3.5582250656574232,2.795323073398615,1.7907123201283746,2.140475863329768,1.2140656199930155,0.3885444903874475,0.5671554595480841,1.0809752196835467,36.05524669003469
15.059999999999723,7.501039204303772,7.501039204303772,4.858215541986485,2.2041360080508836,2.3792090749118904,8.1324900587267,2.851752103308894,2.660781901610296,12.675270065207727,3.5602345519934113,2.795114980154781,1.754727440381414,2.1095285755520403,1.1887474667462772,0.3723251541556487,0.5557836211641141,1.0599897397255749,36.055250367239815
15.069999999999723,7.810305248703435,7.810305248703435,4.886082664561379,2.210448521128999,2.3799177953823234,8.147520298284544,2.8543861508710666,2.660302435193916,12.69294876771985,3.562716487137287,2.7949106645290347,1.7172048558615693,2.0767328135800334,1.162766188704634,0.3557061214356114,0.5440995134319597,1.0384983637611638,36.055260385742436
15.079999999999723,8.15128367332182,8.15128367332182,4.918138853012032,2.2176877266675827,2.380619325270514,8.166007337520215,2.857622672348506,2.659805933628394,12.714450912473756,3.56573287172129,2.794710324041281,1.6779924016655619,2.0418706128677804,1.136080022132316,0.33866760186348605,0.5320792746024657,1.0164185207853595,36.05527849204699
15.089999999999723,8.5290698336271,8.5290698336271,4.955000027160126,2.2259829350559106,2.3813132183700936,8.188508025800028,2.861556923389788,2.6592925174131805,12.740310634219082,3.569357173808623,2.7945142006650103,1.637046841777415,2.0048127021225235,1.1086412487443806,0.3212464425558657,0.5196961581687413,0.9937175885738591,36.05530700378155
15.099999999999723,8.949909043846779,8.949909043846779,4.997406846636622,2.2354880555790544,2.381999097797486,8.215692413787352,2.8663029173113146,2.658762391643915,12.771168768036384,3.573677205349748,2.7943225988528253,1.5942224677923467,1.965321846193959,1.0803949834881479,0.30344205124189333,0.5069180443714542,0.970315060594917,36.05534903718611
15.109999999999722,9.421540269308801,9.421540269308801,5.046258520638053,2.246387882944095,2.382676685675008,8.248374315766544,2.871998314025714,2.6582158736156685,12.807801741848605,3.578798924478519,2.79413591227465,1.5494423787475928,1.9232126900563888,1.0512776420406966,0.28529268237908395,0.4937061831022677,0.9461114112513793,36.055408844115966
15.119999999999722,9.953670917155424,9.953670917155424,5.102658406479537,2.258906462534369,2.383345846670656,8.287552519750388,2.878810955889669,2.6576534341686022,12.851160536210319,3.5848515361462767,2.793954664298405,1.5025278626607699,1.878184173097948,1.0212149799789643,0.2668050458214838,0.48001364010588626,0.9210472677501699,36.05549232176615
15.129999999999722,10.558645026645157,10.558645026645157,5.167976556635628,2.2733184019480484,2.3840066538713343,8.334467302902254,2.8869477485576795,2.657075761261203,12.90242411136668,3.5919944475690215,2.7937795707005244,1.4533336009466145,1.8299486199546606,0.9901195498770091,0.2480132515384819,0.4658123020802543,0.8949943998400908,36.05560780177359
15.139999999999722,11.252403461180277,11.252403461180277,5.243937158374569,2.289964444783929,2.384659491742026,8.390679421339888,2.896666950365521,2.6564838605333523,12.963074071563186,3.6004269290687163,2.793611639371064,1.4016871388181358,1.7781700377091982,0.9578873530535249,0.22895577730850147,0.4510140322338492,0.8678827518602094,36.05576730423584
15.149999999999721,12.05589667009567,12.05589667009567,5.332743424965246,2.309273354318463,2.3853052227412825,8.458182904504982,2.9082955325250186,2.655879219440812,13.035001260949919,3.6104018143345096,2.793452333597599,1.3473897155983388,1.722461206215274,0.9243933542050489,0.2096792020152397,0.43557693193706154,0.8395244923941478,36.05598859071427
15.159999999999721,12.997220098167627,12.997220098167627,5.43726039752694,2.331793386543272,2.38594546735917,8.539570104553016,2.9222542847180524,2.6552640847398483,13.120661695869615,3.6222453942091795,2.7933038487095097,1.2902742891418149,1.6624457792009995,0.8894853529909248,0.19026105998207302,0.41940540548722455,0.8097867359388189,36.05629864179567
15.169999999999721,14.114943685590232,14.114943685590232,5.561290148692866,2.358238781101877,2.386583095097609,8.63828009162497,2.93909511442297,2.6546419508559946,13.223311140767066,3.6363870999615906,2.7931695996196657,1.2299872412176251,1.5975107475390298,0.8529754177627842,0.1707412227881381,0.4023986597068875,0.7784302420033765,36.05673978489955
15.17999999999972,15.463494524440561,15.463494524440561,5.7099998843662405,2.389560604874093,2.3872231278541935,8.758984896646282,2.9595582266017817,2.654018460613534,13.347369654445789,3.653405213557044,2.79305512074337,1.1662708971573263,1.5271168592828412,0.8146275891801578,0.1512234900758688,0.3844518502604372,0.7452298236833597,36.05738100420095
15.18999999999972,17.122238976594254,17.122238976594254,5.8906140776722635,2.4270587297534156,2.387874498827938,8.90821365171861,2.9846630717249494,2.6534031614609646,13.499010212453005,3.6740999186811734,2.7929698214332843,1.098672207948999,1.450460563405304,0.7741396664599263,0.13179092212076415,0.3653903503426718,0.7098635112442773,36.05834000131582
15.19999999999972,19.21161438500904,19.21161438500904,6.1135862981354965,2.472566742908166,2.388553718531157,9.095408598485141,3.015859512391972,2.6528131687949843,13.687153547021339,3.699615324195387,2.792930648536487,1.0267775684991993,1.3667447807208124,0.7311151930795966,0.11258781475544902,0.3450310548395986,0.6719086826175225,36.05982922162128
15.20999999999972,21.923642884804107,21.923642884804107,6.394697799394371,2.5287739715906543,2.3892931910096866,9.33481453436389,3.0552928721096264,2.652281479504644,13.925245390990527,3.731654511204183,2.7929703991992674,0.949908234837163,1.2748036663793554,0.6850183380796916,0.09375198217612807,0.3230975162374954,0.6308379237302079,36.062260317343686
15.21999999999972,25.584397319452812,25.584397319452812,6.759087769829274,2.5998245652022898,2.3901622663738564,9.649102594608978,3.1063004675351316,2.65187802185892,14.234657031335942,3.7728844444716225,2.793158770046877,0.867221117955508,1.1732123141944242,0.6350969184471383,0.07547191591592615,0.29924407209195264,0.5858921809453004,36.06650866068754
15.22999999999972,30.79570646154162,30.79570646154162,7.249714923701332,2.692529465707169,2.3913292004367426,10.076962170577607,3.1744231240616942,2.6517716125560575,14.651781455794392,3.8277645507259708,2.793664313560903,0.7774945458589719,1.0600034012047526,0.5802409204422744,0.05797932105268626,0.2729287602656413,0.5359846150156278,36.07469191200227
15.23999999999972,38.80480896977036,38.80480896977036,7.947318876994322,2.819098947712606,2.3932898650626333,10.690937291562337,3.2696998779035265,2.6524586645604917,15.244574480386742,3.9044301095533447,2.794983145284546,0.6788621787396493,0.9323001957926835,0.5186950592292143,0.04157402155099987,0.24333293722761334,0.47942741541960365,36.09304404068603
15.24999999999972,52.68645412103318,52.68645412103318,9.025085630399504,3.0041780290787536,2.3981206345692954,11.645730143235399,3.4125840858849763,2.6560160710946685,16.15636146594635,4.019497663383616,2.7991918272276943,0.5680899232277231,0.7853177376587636,0.4473845872673983,0.02665677968015251,0.2090416081449811,0.4133142180051935,36.14765952382263
15.259424062849076,80.0,80.0,9.10063057346596,3.0167251405234055,2.863853138803945,11.313403962792394,3.3635403911343764,3.120549191124741,15.206406924215754,3.899539322050203,3.2643562161733652,0.447292830113701,0.6208231056471071,0.3655963248433054,0.0169610859421252,0.1698243736112704,0.336994025931043,41.99466818575021
