time,phi_center_raw,phi_center_lowpass,fourier_rms_envelope,moving_rms_100,exponential_fit,in_fit_interval
4564.456445644565,0.5429385514775785,0.3999701927247601,0.6827821715312256,0.663865904145086,nan,False
4565.156515651565,-0.28475853143233754,-0.28298826129952875,0.6813234226937053,0.6654506987897544,nan,False
4565.8565856585665,-0.6018766268392194,-0.43517938066357365,0.6798229772735679,0.6650383881615005,nan,False
4566.556655665567,0.20595214375538648,0.06650708608520277,0.678283246720954,0.6623427765666703,nan,False
4567.256725672568,0.8449963888240577,0.8041158385290473,0.6767067232738821,0.6577455929043925,nan,False
4567.956795679568,1.0381755852617711,1.1658140615612584,0.6750959604413901,0.6556477973885506,nan,False
4568.656865686569,0.8593127742728847,0.852697350538383,0.6734535507472152,0.6590709604802854,nan,False
4569.3569356935695,0.27730367101283865,0.12530999352431146,0.6717821015067154,0.6608196323023684,nan,False
4570.057005700571,-0.5413092944573843,-0.41369756101379274,0.6700842095193897,0.6621351047655352,nan,False
4570.757075707571,-0.3713203799251618,-0.3197014970708378,0.6683624356289349,0.6602987307281809,nan,False
4571.457145714572,0.47503941319016274,0.3260133519131757,0.6666192801283839,0.6569412531298119,nan,False
4572.157215721572,0.9430718468875208,0.9852124316424609,0.6648571599676749,0.6520460950328653,nan,False
4572.857285728573,0.9992939258659986,1.1103057582278195,0.6630783886553169,0.6524088813969315,nan,False
4573.557355735574,0.6873848128896088,0.5984807199443187,0.6612851596371618,0.6560577960654217,nan,False
4574.257425742574,-0.03581168195063163,-0.12438573703480224,0.6594795337883186,0.6570010250390231,nan,False
4574.957495749575,-0.6442505681316165,-0.4587922888816465,0.6576634314755253,0.6572576264410209,nan,False
4575.657565756575,-0.0577323090370798,-0.12984207007617374,0.65583862944506,0.6547988173438273,nan,False
4576.357635763577,0.6839598531456798,0.5854926334362747,0.6540067625750294,0.6499786118238511,nan,False
4577.057705770577,0.988320664496667,1.0902547986293911,0.6521693303108919,0.6463555170910446,nan,False
4577.757775777578,0.9123333547548095,0.9647038642541644,0.6503277073899911,0.6489503678558916,nan,False
4578.457845784578,0.45522516034586336,0.314746314825894,0.6484831582650137,0.6513766935304333,nan,False
4579.157915791579,-0.35087391744972096,-0.3179110106019276,0.6466368544672813,0.6521908913748854,nan,False
4579.85798579858,-0.5396044200169379,-0.40803293107712,0.6447898940169791,0.6511582654596786,nan,False
4580.558055805581,0.25372545062526863,0.11592227433813032,0.6429433218955085,0.648036181533777,nan,False
4581.258125812581,0.8299387158516415,0.8137785823955267,0.64109815054981,0.6423060504290672,nan,False
4581.958195819582,0.98316698615248,1.1021776535657333,0.6392553794021776,0.640983651130751,nan,False
4582.6582658265825,0.7724729088860978,0.7413308030867799,0.6374160123918531,0.6447888633339316,nan,False
4583.358335833584,0.162690146538925,0.03376569102212684,0.6355810726742616,0.6455697489563657,nan,False
4584.058405840584,-0.5745803844622768,-0.429936166047575,0.6337516137455822,0.6460538283404085,nan,False
4584.758475847585,-0.27254508797307714,-0.2649784108739106,0.631928726437855,0.6442930907259649,nan,False
4585.458545854585,0.5147525210001908,0.38714713185329047,0.6301135414346654,0.639568132203625,nan,False
4586.158615861586,0.916047689108152,0.97865647143431,0.6283072271799712,0.6345189805519977,nan,False
4586.858685868587,0.9274323139247574,1.0145118386604128,0.6265109832822442,0.6356987522509476,nan,False
4587.558755875588,0.5722854572282057,0.4659640334505198,0.6247260297417905,0.6391603520177751,nan,False
4588.258825882588,-0.16610803404610613,-0.207005610354487,0.6229535925400154,0.6390706412767904,nan,False
4588.958895889589,-0.6045839918767645,-0.4420777495609526,0.6211948863151658,0.6388482996829681,nan,False
4589.6589658965895,0.05370568155355008,-0.04546436700600833,0.6194510950005656,0.6364357968099421,nan,False
4590.359035903591,0.7090047315822923,0.6471055044109161,0.6177233514108628,0.6302598268119486,nan,False
4591.059105910591,0.9457657181734344,1.0533144323898407,0.6160127168236594,0.6271937914224509,nan,False
4591.759175917592,0.8175410686816375,0.8329566017174975,0.6143201616146159,0.6303374940250465,nan,False
4592.459245924592,0.30643503516288456,0.17229229614649705,0.6126465479627463,0.6320552282997678,nan,False
4593.1593159315935,-0.45828482286965794,-0.37387266544320413,0.6109926155506826,0.631897798919976,nan,False
4593.859385938594,-0.4206776626504293,-0.34881119528884413,0.6093589710463198,0.6311844385418898,nan,False
4594.559455945595,0.35509540373620907,0.22315819360916891,0.6077460819738599,0.6271064893968468,nan,False
4595.259525952595,0.8359158916384826,0.858658661791658,0.6061542753724257,0.6210047869811635,nan,False
4595.959595959596,0.9204813607797538,1.022701574001402,0.6045837414092362,0.620452287683382,nan,False
4596.659665966597,0.6466322425491988,0.5783049677432688,0.6030345418732236,0.6243724149678918,nan,False
4597.359735973598,-0.014456145319299379,-0.09967444854800604,0.6015066232357856,0.6240881473659877,nan,False
4598.059805980598,-0.5977546233272802,-0.44131509946587505,0.5999998337400375,0.624048433433838,nan,False
4598.759875987599,-0.11037191560445325,-0.16151736591439686,0.5985139437796668,0.6228520666229965,nan,False
4599.459945994599,0.5925332335291704,0.5010752289102712,0.5970486686633455,0.6168668312082053,nan,False
4600.1600160016005,0.8994370888302686,0.9865329761548525,0.5956036927388818,0.6123472548935518,nan,False
4600.860086008601,0.8383010114857951,0.885958927729923,0.5941786937790658,0.6141486021597962,nan,False
4601.560156015602,0.4074764833732571,0.2853355668558407,0.592773366512127,0.6172203316709539,nan,False
4602.260226022602,-0.3378763307419798,-0.3083890648247098,0.5913874442149994,0.6159928252450733,nan,False
4602.960296029603,-0.5080705510573127,-0.3957205112155318,0.5900207173755627,0.6161602780371735,nan,False
4603.660366036604,0.21452082579771906,0.0943521657946102,0.5886730485665619,0.6133590963962307,nan,False
4604.360436043605,0.7571268323967439,0.7456890783633233,0.5873443828525388,0.6068438950378937,nan,False
4605.060506050605,0.902653959842208,1.0073965228878992,0.5860347532632864,0.6046912594883769,nan,False
4605.760576057606,0.6936447358319819,0.6590773811946898,0.5847442811029702,0.6080941141085623,nan,False
4606.460646064606,0.10289095497814404,-0.00400812635917689,0.5834731711118483,0.608951443461648,nan,False
4607.160716071608,-0.5538163681055223,-0.4216414359011935,0.5822217017456004,0.6080797059457871,nan,False
4607.860786078608,-0.23634599384515886,-0.2425580596772754,0.5809902110736713,0.6082620587197102,nan,False
4608.560856085609,0.48678494924152343,0.37930265759457416,0.5797790790112857,0.6031942929313966,nan,False
4609.260926092609,0.8517200413355498,0.9162245362599893,0.5785887067794642,0.5978046088613626,nan,False
4609.96099609961,0.8455096603205958,0.9138204704674496,0.5774194946245313,0.5981207900615234,nan,False
4610.661066106611,0.4790259975359681,0.37507734358303935,0.5762718189163374,0.6018014992544273,nan,False
4611.361136113612,-0.23043331217969137,-0.24335616548598415,0.575146009778083,0.6004416028984589,nan,False
4612.061206120612,-0.551019178958327,-0.41867639328328843,0.5740423303782455,0.6006446170215861,nan,False
4612.761276127613,0.09568586232791602,-0.004509807321382651,0.5729609589373484,0.5995071710508769,nan,False
4613.461346134613,0.6842495257801389,0.6461339433415823,0.5719019743726782,0.5933060505433551,nan,False
4614.161416141615,0.880707311752193,0.9809717296006031,0.5708653463285717,0.590032936985438,nan,False
4614.861486148615,0.7240234019180953,0.7166459261397095,0.5698509301270168,0.5923841528025758,nan,False
4615.561556155616,0.1929674554230738,0.07813166399753961,0.5688584669333325,0.5946620633107331,nan,False
4616.261626162616,-0.4957365300178629,-0.39304350522586234,0.567887589176426,0.5927015748557815,nan,False
4616.961696169617,-0.32937403774738205,-0.298474292742492,0.5669378310051282,0.5938105988351862,nan,False
4617.661766176618,0.3936781237554126,0.27965875273075746,0.5660086433141788,0.5901943478449642,nan,False
4618.361836183619,0.8064528905351239,0.8492675764811564,0.5650994126478275,0.584598374416052,nan,False
4619.061906190619,0.8458165261354051,0.9265856898207796,0.5642094830969522,0.5837347983759297,nan,False
4619.76197619762,0.5312694471295969,0.44660430236123777,0.5633381801565028,0.5871695000439171,nan,False
4620.4620462046205,-0.13924024576765393,-0.18256542555814992,0.5624848354113439,0.5868812969001994,nan,False
4621.162116211622,-0.5654456402320442,-0.427020361520702,0.5616488108749612,0.5862100036495277,nan,False
4621.862186218622,-0.0029936610856837794,-0.08060525055179804,0.5608295218191447,0.586638805961113,nan,False
4622.562256225623,0.6188027599922808,0.5606403917545589,0.5600264570029289,0.5813140549918071,nan,False
4623.262326232623,0.8583217039660528,0.9508821969905725,0.559239195332325,0.5774949816114235,nan,False
4623.9623962396245,0.7446805479083691,0.7586685291090216,0.5584674181527206,0.5788202128637259,nan,False
4624.662466246625,0.2634662489690387,0.14815845314524442,0.5577109165850284,0.5818554702765057,nan,False
4625.362536253626,-0.43512636499053403,-0.3613091897735058,0.5569695935546803,0.5796638438403505,nan,False
4626.062606260626,-0.39699096799591826,-0.337296171362937,0.5562434604179619,0.5808462301371806,nan,False
4626.762676267627,0.3125410208666641,0.19826297180706023,0.5555326283507559,0.5788429968121045,nan,False
4627.4627462746275,0.7651316847046702,0.7885013499805018,0.5548372949179847,0.5735576500727095,nan,False
4628.162816281629,0.8430888463315834,0.9308736419593309,0.5541577264757518,0.5719715519728504,nan,False
4628.862886288629,0.5712766386232045,0.5046676815190368,0.5534942372610614,0.5748189322339401,nan,False
4629.56295629563,-0.062225973229047216,-0.12690201686604627,0.552847166186135,0.5758239463904599,nan,False
4630.26302630263,-0.5628424396593426,-0.42645177556838154,0.5522168524677361,0.574113976319821,nan,False
4630.9630963096315,-0.08499350468356784,-0.1399800407072178,0.5516036112808069,0.5755978555509874,nan,False
4631.663166316632,0.5605374356302222,0.48733798398042255,0.5510077106270004,0.5714142331255858,nan,False
4632.363236323633,0.8372246370211885,0.9205321371253268,0.5504293505519628,0.5675027781804154,nan,False
4633.063306330633,0.7599017482635547,0.7907059482592528,0.5498686457330223,0.5680915589972676,nan,False
4633.763376337634,0.3206487683818711,0.208972804260531,0.5493256122964737,0.5712850160797333,nan,False
4634.463446344635,-0.37650829068591996,-0.3287801093781134,0.5488001595187463,0.5697554680433329,nan,False
4635.163516351636,-0.4462020658326818,-0.364797145997277,0.5482920868283141,0.5703087153008809,nan,False
4635.863586358636,0.24144445417749205,0.1305786677980225,0.5478010862669378,0.569753072680184,nan,False
4636.563656365637,0.727926344676431,0.734141634139211,0.5473267503023809,0.5650491254420391,nan,False
4637.263726372637,0.8394638706441995,0.9310266786110759,0.5468685846233412,0.5631282231456161,nan,False
4637.963796379639,0.6037712189570027,0.5536527910014788,0.5464260253038407,0.5654333099416522,nan,False
4638.663866386639,0.004071896702380788,-0.07582507724285259,0.5459984595107796,0.5673604899782143,nan,False
4639.36393639364,-0.550258058820171,-0.42070243588903605,0.5455852487552212,0.5651105250067013,nan,False
4640.06400640064,-0.1542133580919616,-0.1875354298437131,0.5451857535637127,0.5670178330756093,nan,False
4640.764076407641,0.5083107370644422,0.4239249212938823,0.5447993583764978,0.5639913971880316,nan,False
4641.464146414642,0.8180554650990217,0.8915780468555746,0.5444254954681436,0.5602399634394023,nan,False
4642.164216421643,0.7723592144111219,0.8165300418790532,0.5440636667332288,0.5603973132824513,nan,False
4642.864286428643,0.3692199564425707,0.26316819438732675,0.5437134622829516,0.5635125869694283,nan,False
4643.564356435644,-0.320778915900162,-0.2961833193392172,0.543374574952625,0.5629583971463895,nan,False
4644.264426442644,-0.48249603322853657,-0.384520927964616,0.5430468100175688,0.5626352251095328,nan,False
4644.964496449646,0.17795045793725306,0.07288947063633464,0.5427300896462846,0.5632102252610209,nan,False
4645.664566456646,0.6943049590438998,0.685046375962984,0.5424244518739086,0.5591527464724918,nan,False
4646.364636463647,0.8360975960058995,0.9291895079364997,0.542130044143598,0.5571338261304878,nan,False
4647.064706470647,0.6319736305471955,0.5970289118274251,0.5418471117260724,0.5590765685847114,nan,False
4647.764776477648,0.06310564161363351,-0.027658036854873013,0.5415759815754093,0.5615790851819158,nan,False
4648.464846484649,-0.5314829742951273,-0.4115420392817738,0.5413170424005069,0.5593609728549465,nan,False
4649.16491649165,-0.2142907636385425,-0.2271816278507995,0.541070721915651,0.5611811663392197,nan,False
4649.86498649865,0.460549157164333,0.3675247988461792,0.5408374623714077,0.5592089661696755,nan,False
4650.56505650565,0.8008509193577958,0.864409518621297,0.5406176955517846,0.5556958221015541,nan,False
4651.2651265126515,0.783755936902736,0.8391283102967179,0.5404118184509357,0.5556395086767699,nan,False
4651.965196519652,0.4126818789322237,0.31346720133732164,0.5402201708111144,0.5586763909601402,nan,False
4652.665266526653,-0.26712525392739384,-0.26349708834826147,0.5400430156143686,0.5590606006105122,nan,False
4653.365336533653,-0.509725518149412,-0.3991167423843158,0.5398805234778127,0.557956885832559,nan,False
4654.065406540654,0.11952391514535815,0.022089468310645937,0.5397327617130181,0.559343296302714,nan,False
4654.7654765476545,0.663363603601485,0.6399991176333125,0.539599688583322,0.5558883508168693,nan,False
4655.465546554656,0.8335532103303209,0.926662256704412,0.5394811530397743,0.5538654712295392,nan,False
4656.165616561656,0.6581333291249233,0.6372753478560202,0.5393768999494641,0.5556219209168552,nan,False
4656.865686568657,0.1179700094164792,0.01916520346535221,0.5392865805622946,0.5585424631391129,nan,False
4657.565756575657,-0.5080937234163624,-0.3996102934352664,0.539209767707085,0.5567271238756124,nan,False
4658.2658265826585,-0.26834484778809853,-0.26138281199380736,0.5391459749777735,0.5581277588572647,nan,False
4658.965896589659,0.4154583356094744,0.31563103241694973,0.5390946789767368,0.5571025402699116,nan,False
4659.66596659666,0.7852750800436182,0.8383749649742324,0.5390553435342587,0.5537944350060762,nan,False
4660.36603660366,0.7951966586712724,0.8601991779504617,0.5390274447280856,0.5536378277829803,nan,False
4661.066106610661,0.4537466358408645,0.36245302586904493,0.5390104954892541,0.5566883100541431,nan,False
4661.766176617662,-0.21388041109704536,-0.22957858405047288,0.5390040686015894,0.5579248228442201,nan,False
4662.466246624663,-0.5303242635917,-0.41003851578269995,0.5390078169812232,0.5562646898129564,nan,False
4663.166316631663,0.06361964118558097,-0.024728785845331096,0.5390214902551157,0.5581911100838017,nan,False
4663.866386638664,0.6339654185401223,0.5971125127755879,0.5390449468373634,0.5552758224368798,nan,False
4664.566456645664,0.8320691743643513,0.9241217104216987,0.5390781609202321,0.5532346123804992,nan,False
4665.266526652666,0.6839278348488042,0.6768567238260099,0.5391212240428579,0.5549263269256218,nan,False
4665.966596659666,0.17140086697069293,0.06659967466620362,0.5391743411625977,0.5582514507427854,nan,False
4666.666666666667,-0.4801934612444412,-0.3851522217937966,0.539237821419527,0.5570614273679846,nan,False
4667.366736673667,-0.3189696716346901,-0.2922761749375679,0.5393120640409274,0.5578293002004476,nan,False
4668.066806680668,0.3710942994760165,0.26603339386843183,0.5393975400674641,0.5577029609978401,nan,False
4668.766876687669,0.7708043691737788,0.8128727424852353,0.5394947707848994,0.5545132763885715,nan,False
4669.46694669467,0.8074660484223403,0.881035704495839,0.5396043039047959,0.5542730770052892,nan,False
4670.16701670167,0.4946003827286858,0.41218584781488116,0.5397266886469956,0.5574392981740727,nan,False
4670.867086708671,-0.15895911921948175,-0.19320557669887273,0.5398624509302606,0.5595120762031124,nan,False
4671.567156715671,-0.5455089772169576,-0.4178619395205471,0.5400120698725812,0.5575532445113086,nan,False
4672.267226722673,0.007693895092169316,-0.06957858670889087,0.5401759567393639,0.5597541566797967,nan,False
4672.967296729673,0.6047568732881501,0.5544497362414939,0.5403544373589203,0.5573704841906705,nan,False
4673.667366736674,0.8316423153875979,0.9213108505458055,0.5405477388560879,0.5552159866419517,nan,False
4674.367436743674,0.7106787255358504,0.7175346393491103,0.5407559813445867,0.5568909674301039,nan,False
4675.067506750675,0.22591069993220947,0.11701429310580773,0.5409791749771635,0.5606778188448653,nan,False
4675.767576757676,-0.4467141170432897,-0.36727524092551234,0.541217222491565,0.5603049549574844,nan,False
4676.467646764677,-0.3682305820198318,-0.3213197913649192,0.5414699271228082,0.5602967305088357,nan,False
4677.167716771677,0.3252507412107876,0.21616837687214158,0.5417370054912777,0.5610811812907683,nan,False
4677.867786778678,0.7566586736623166,0.7865216593025193,0.5420181048347362,0.5579240252723676,nan,False
4678.5678567856785,0.8210814787485731,0.9026595570359889,0.5423128237422139,0.5575239346808207,nan,False
4679.26792679268,0.5371028547579517,0.4651480066122167,0.5426207353791814,0.560870188268012,nan,False
4679.96799679968,-0.09991762346661616,-0.15259806256822694,0.5429414120744888,0.5638377812654786,nan,False
4680.668066806681,-0.5552831674937905,-0.42292246548221757,0.5432744500758893,0.5618952567743006,nan,False
4681.368136813681,-0.05088325937974193,-0.1144557006463299,0.5436194932753806,0.564018808127417,nan,False
4682.0682068206825,0.5740885770423394,0.5100980227768331,0.5439762547581003,0.5622809465083934,nan,False
4682.768276827683,0.832061599913848,0.9179244776669057,0.544344535136274,0.5598606623503335,nan,False
4683.468346834684,0.7394462532322419,0.7608180220166627,0.5447242367873095,0.561474021969975,nan,False
4684.168416841684,0.2838452343106406,0.17259885184480278,0.5451153733147343,0.5657846839495991,nan,False
4684.868486848685,-0.4055567416870055,-0.34473028156453733,0.5455180737826092,0.5664542003232249,nan,False
4685.5685568556855,-0.41759356839987793,-0.3491767498257088,0.5459325815270699,0.565640892296498,nan,False
4686.268626862687,0.27532211412379165,0.16391941650225084,0.5463592476106239,0.5673109982349889,nan,False
4686.968696869687,0.7417767569682773,0.757467993235957,0.54679851924322,0.5641756296268273,nan,False
4687.668766876688,0.8363704094484194,0.9251928286572683,0.5472509237365429,0.5634403915834936,nan,False
4688.368836883688,0.5829020803784226,0.5236141377686511,0.5477170487728775,0.5669490601831296,nan,False
4689.0689068906895,-0.03398421387869238,-0.10507967688302848,0.5481975199468838,0.5708964515459114,nan,False
4689.76897689769,-0.5582711798272795,-0.4244211439371553,0.5486929766692125,0.5693966114627053,nan,False
4690.469046904691,-0.11493110685931157,-0.1611510579233706,0.5492040475986616,0.5709604982590599,nan,False
4691.169116911691,0.5397899867689325,0.4613068589151639,0.5497313267907278,0.5701429597180993,nan,False
4691.869186918692,0.8328198419976227,0.9128015940257245,0.5502753517137806,0.5672879762027856,nan,False
4692.569256925693,0.7710943282257333,0.8082776920656995,0.5508365841914211,0.5686705848368867,nan,False
4693.269326932694,0.34749549185317297,0.2363844811762185,0.551415395185308,0.5735028105036221,nan,False
4693.969396939694,-0.3534854466614451,-0.31550672586167056,0.5520120541439125,0.5754569532776929,nan,False
4694.669466946695,-0.46761673654851393,-0.3763663962668617,0.5526267234185486,0.5740682716703601,nan,False
4695.369536953695,0.21803332984604298,0.10687244144021625,0.5532594579996973,0.5763256814339459,nan,False
4696.069606960697,0.7245741790081812,0.7235127292855418,0.5539102105663634,0.5734001433965115,nan,False
4696.769676967697,0.8533639845349901,0.9485142267579202,0.5545788415818514,0.5720583444605201,nan,False
4697.469746974698,0.6334403448783958,0.5897851182164398,0.5552651339237255,0.5755740967123505,nan,False
4698.169816981698,0.04194689921817532,-0.047648828982612475,0.5559688113158695,0.5805291321884858,nan,False
4698.869886988699,-0.5512216072888417,-0.4207603871978898,0.5566895596472325,0.5799930906770383,nan,False
4699.5699569957,-0.1873980435013549,-0.2107167330241536,0.5574270501238283,0.5805738881260486,nan,False
4700.270027002701,0.49888039974749304,0.4051994570475655,0.5581809631144122,0.5809858757377544,nan,False
4700.970097009701,0.8329460983545457,0.9037215654113873,0.5589510115198655,0.5776230353580865,nan,False
4701.670167016702,0.8061982963633807,0.8605427819131783,0.5597369625228651,0.5784523326568084,nan,False
4702.370237023702,0.41901205032239286,0.3117354878392939,0.5605386566562399,0.5836580667007845,nan,False
4703.070307030704,-0.2860689772553075,-0.2761024580643231,0.5613560232612804,0.5870608185444778,nan,False
4703.770377037704,-0.5172344039485275,-0.4021764444339787,0.5621890915844366,0.5856854448873791,nan,False
4704.470447044705,0.1491737591410895,0.042374770310533064,0.5630379969735971,0.5877572695244744,nan,False
4705.170517051705,0.7026832192795004,0.6810766478166493,0.5639029818730719,0.5855536619691949,nan,False
4705.870587058706,0.8716739789157403,0.9714573858430918,0.5647843915680031,0.5833038268386417,nan,False
4706.570657065707,0.6898575350453046,0.6661755343775373,0.5656826648820897,0.5864788313201376,nan,False
4707.270727072708,0.1311328245409437,0.023987909603748008,0.5665983202750724,0.5923072004189539,nan,False
4707.970797079708,-0.5283508377984577,-0.4092482174770615,0.5675319380067726,0.5931993946946542,nan,False
4708.670867086709,-0.2710347687185116,-0.26405886163013303,0.5684841392220479,0.5928849503895631,nan,False
4709.3709370937095,0.4471097829500656,0.33822852195574477,0.5694555629567956,0.5943722289767499,nan,False
4710.071007100711,0.8307140453966277,0.8875559055172461,0.5704468421620945,0.5907532106625452,nan,False
4710.771077107711,0.8448734962860934,0.9176504579276858,0.5714585798870397,0.5905797249477206,nan,False
4711.471147114712,0.5001868519072338,0.4021676421371968,0.5724913267486715,0.5957901110352412,nan,False
4712.171217121712,-0.19777419779585365,-0.2219713786130641,0.5735455607502639,0.6005922019901977,nan,False
4712.871287128713,-0.5622845801945804,-0.42448408538265453,0.5746216703904,0.5999945009778104,nan,False
4713.571357135714,0.06331263097311099,-0.03161429324512958,0.5757199418406181,0.6010572117402839,nan,False
4714.271427142715,0.672368121218604,0.6255820539755098,0.5768405507671026,0.6002161959488359,nan,False
4714.971497149715,0.8901072067867183,0.9909026879906253,0.5779835591419721,0.5969409239080916,nan,False
4715.671567156716,0.7526914058583234,0.7542467389971835,0.5791489171436021,0.5992365841966358,nan,False
4716.3716371637165,0.2365548280739837,0.11522896771645129,0.5803364699953053,0.6055541314370008,nan,False
4717.071707170718,-0.4805296471245638,-0.38475769141155947,0.5815459693499698,0.6080588928531576,nan,False
4717.771777177718,-0.3671902706550367,-0.3205995368960389,0.5827770886067971,0.6076066518364712,nan,False
4718.471847184719,0.37822843040805254,0.255915632883502,0.5840294413559081,0.6091155723892862,nan,False
4719.171917191719,0.8229947962959123,0.8586772596574489,0.5853026019964741,0.606004590234843,nan,False
4719.8719871987205,0.886339000070436,0.9778630242685737,0.5865961274712735,0.6044271135025753,nan,False
4720.572057205721,0.5919969091223868,0.5116592812728439,0.5879095790099004,0.6090486498797614,nan,False
4721.272127212722,-0.08260950258341519,-0.14639233002070684,0.5892425427763295,0.614898749573741,nan,False
4721.972197219722,-0.5930089477433107,-0.43912038523248315,0.5905946483736266,0.6155940890102178,nan,False
4722.672267226723,-0.04613003015874616,-0.11673765463881253,0.5919655842661036,0.6157262624359443,nan,False
4723.372337233724,0.6276431132787461,0.5509975748854425,0.5933551093316096,0.616134272692087,nan,False
4724.072407240725,0.9060482775891089,1.0014461562805508,0.5947630599462477,0.6122380717549994,nan,False
4724.772477247725,0.821340390264489,0.8539083595954144,0.5961893522212416,0.6130783480976328,nan,False
4725.472547254726,0.3599509303556683,0.2318756701287386,0.5976339792463453,0.6192586060835836,nan,False
4726.172617261726,-0.3953275772505317,-0.3398511508949552,0.5990970034347027,0.6231642711448462,nan,False
4726.8726872687275,-0.4727304689028489,-0.3772312294735136,0.600578544298886,0.6234168551060429,nan,False
4727.572757275728,0.28324108056260106,0.1542015293881846,0.6020787622057027,0.6239212189712952,nan,False
4728.272827282728,0.804351123158958,0.8088760261371044,0.6035978388478784,0.6221413168780698,nan,False
4728.972897289729,0.9281834610073744,1.03567464727357,0.6051359553248433,0.6191478637240873,nan,False
4729.672967296729,0.6936567360514767,0.6425069566161179,0.6066932688352603,0.6225110235132013,nan,False
4730.373037303731,0.06390900032109864,-0.040533483092503986,0.6082698890454591,0.6287974779484695,nan,False
4731.073107310731,-0.5908703680914502,-0.43773875393539,0.6098658552077713,0.6307978025399712,nan,False
4731.773177317732,-0.18520453904802225,-0.21216917782082761,0.61148111506059,0.6309057973333069,nan,False
4732.473247324732,0.5590806470405795,0.4496714504554224,0.613115506450071,0.6313164766755778,nan,False
4733.173317331733,0.9144147140566873,0.9931566691172452,0.6147687424764381,0.6277562974463661,nan,False
4733.873387338734,0.8931325213384145,0.9612613553260686,0.616440400792777,0.6268381838643223,nan,False
4734.573457345735,0.5001599708428904,0.3795355785737726,0.6181299174797864,0.6321754582191842,nan,False
4735.273527352735,-0.2596732058904488,-0.2637867584798251,0.6198365856964405,0.6369696495037658,nan,False
4735.973597359736,-0.5734743488164171,-0.426868047355358,0.6215595590749949,0.6382391419975146,nan,False
4736.6736673667365,0.15021986824647307,0.03039165264812902,0.6232978596007539,0.637966857231675,nan,False
4737.373737373738,0.765599845830999,0.7273012383424735,0.6250503895036524,0.6372930490601044,nan,False
4738.073807380738,0.9652465214821614,1.0804653240050042,0.6268159465004246,0.6334867486472197,nan,False
4738.773877387739,0.8014388069611842,0.7929993531746405,0.6285932415719276,0.6351265315836894,nan,False
4739.473947394739,0.24128229445762026,0.10467471040851092,0.6303809183473389,0.6411639598417808,nan,False
4740.1740174017405,-0.5280212570326048,-0.40747360657113607,0.6321775731005616,0.6440967045864482,nan,False
4740.874087408741,-0.3535189802399066,-0.31198514587036225,0.6339817743470569,0.6448878738389884,nan,False
4741.574157415742,0.45259715443440895,0.3147928583387864,0.6357920810618123,0.6444126654982533,nan,False
4742.274227422742,0.9061636554484098,0.9509393275767111,0.6376070586192043,0.6419198980961147,nan,False
4742.974297429743,0.9620678970746585,1.0646484809589796,0.6394252916787856,0.6394532477517477,nan,False
4743.6743674367435,0.6511276418331112,0.5595443255776581,0.6412453934011956,0.6434107239844348,nan,False
4744.374437443745,-0.06729051406447485,-0.14311094698276652,0.6430660105674068,0.6485095933832905,nan,False
4745.074507450745,-0.6348421638047406,-0.45510132710327483,0.6448858243831127,0.6505817264485496,nan,False
4745.774577457746,-0.032700880886541814,-0.11268968920077671,0.6467035469680572,0.6503863850753057,nan,False
4746.474647464746,0.6922945672718589,0.6017379236025423,0.6485179137470766,0.6496996614440355,nan,False
4747.1747174717475,0.9881122563913346,1.0938186819021216,0.6503276721651856,0.6459748824379342,nan,False
4747.874787478748,0.9072830161544144,0.9527309963128253,0.6521315673335141,0.6458305079512455,nan,False
4748.574857485749,0.4399040299980377,0.2948947743742039,0.6539283253676025,0.6510838958906565,nan,False
4749.274927492749,-0.3772403770808231,-0.33149647951631916,0.6557166352973176,0.6544837641499517,nan,False
4749.97499749975,-0.5296583082320034,-0.4025375398195535,0.657495130503031,0.6560584665250003,nan,False
4750.675067506751,0.29017785628494036,0.14430950324927708,0.6592623706623575,0.6549778766205139,nan,False
4751.375137513752,0.8668170420242388,0.8566287075090917,0.6610168251744919,0.6533067857984642,nan,False
4752.075207520752,1.0175482887001654,1.1425130754243376,0.6627568589660918,0.6499019378416876,nan,False
4752.775277527753,0.8006373193597129,0.7632445398651959,0.6644807214769896,0.6522612119381166,nan,False
4753.475347534753,0.17078116551664463,0.03316131172397234,0.6661865394810652,0.6572178974128164,nan,False
4754.1754175417545,-0.6016169233830444,-0.44031956896967295,0.6678723142244336,0.6596791473314767,nan,False
4754.875487548755,-0.265183640929722,-0.26122918556651864,0.669535923168124,0.6600739493411125,nan,False
4755.575557555756,0.5645871188744753,0.4249749113630409,0.6711751264151314,0.6587491189479332,nan,False
4756.275627562756,0.9819627283840288,1.050730907697802,0.6727875776919889,0.6556133240207771,nan,False
4756.975697569757,0.9981904301168463,1.096831448534796,0.674370839552841,0.6539690395056132,nan,False
4757.675767576758,0.6398520501523353,0.5239192173853295,0.6759224022888292,0.6581525629414454,nan,False
4758.375837583759,-0.13666030681105343,-0.19346575910101402,0.6774397058659651,0.6616859791264375,nan,False
4759.075907590759,-0.652006503355755,-0.45943374170781404,0.6789201640877743,0.6637765674968922,nan,False
4759.77597759776,0.05771728882770386,-0.050964352830107314,0.680361190090333,0.662722813497687,nan,False
4760.47604760476,0.7765504995596825,0.696103738124634,0.6817602222305635,0.6611395999093578,nan,False
4761.176117611762,1.0439504914168254,1.1642248798983954,0.6831147494253574,0.6574089001289425,nan,False
4761.876187618762,0.9312890937137128,0.9654854040951357,0.68442233503885,0.6582159959976781,nan,False
4762.576257625763,0.42264427666233484,0.2636304568671513,0.6856806384954682,0.6627889405585909,nan,False
4763.276327632763,-0.4319357034140077,-0.36043485911237855,0.6868874339129877,0.6652876500911102,nan,False
4763.976397639764,-0.5073861403189537,-0.3889661551896261,0.6880406251968305,0.6663424565225009,nan,False
4764.676467646765,0.362813907081711,0.20378165572357027,0.6891382572070603,0.6645284107750487,nan,False
4765.376537653766,0.9275978349306356,0.9293345140918421,0.6901785227948246,0.6618834103864678,nan,False
4766.076607660766,1.0572593534645156,1.1883234917850451,0.6911597656966647,0.6591355616581852,nan,False
4766.776677667767,0.8156462126978381,0.7661536979052439,0.6920804794642373,0.6621519608574818,nan,False
4767.4767476747675,0.15206575845252943,0.01111061583243843,0.69293930278492,0.6656942636195761,nan,False
4768.176817681769,-0.6326531392361217,-0.4527463060582678,0.6937350117073792,0.6679325539681538,nan,False
4768.876887688769,-0.23144831888182069,-0.24104695496521406,0.6944665094183623,0.6673118936594289,nan,False
4769.57695769577,0.6155917778841513,0.47289306030375505,0.6951328143167949,0.665389327681061,nan,False
4770.27702770277,1.023030321841928,1.1005419009069706,0.6957330471943736,0.6616522260873712,nan,False
4770.977097709771,1.0242942191980882,1.1238296700897168,0.6962664183555393,0.6610574159280915,nan,False
4771.677167716772,0.6480218378966541,0.5231259544022681,0.6967322154931316,0.6651400512403919,nan,False
4772.377237723773,-0.152748602517919,-0.20605450326479569,0.6971297930801639,0.667510430563758,nan,False
4773.077307730773,-0.6615167069185863,-0.4617495982749959,0.6974585639458132,0.6690568280664289,nan,False
4773.777377737774,0.08504714675328447,-0.032438404420337054,0.6977179935793791,0.6671566822065921,nan,False
4774.4774477447745,0.8076494784909654,0.728133491175607,0.6979075975556226,0.6646568377812857,nan,False
4775.177517751776,1.067776459562453,1.1926955072533496,0.6980269423056837,0.6611131378712908,nan,False
4775.877587758776,0.9452297246918776,0.9780632963435852,0.6980756492777804,0.6629255328252548,nan,False
4776.577657765777,0.4249937135607656,0.2613729201931421,0.6980534023496042,0.6665148507583784,nan,False
4777.277727772777,-0.4424376755427085,-0.3661058748300963,0.6979599581784004,0.6685616671792706,nan,False
4777.9777977797785,-0.5053484305527836,-0.38689300021639694,0.6977951590134422,0.6685319666011204,nan,False
4778.677867786779,0.37792040158079965,0.21577879825545143,0.6975589473565967,0.6662710602601958,nan,False
4779.37793779378,0.941080645907963,0.9443283135714367,0.6972513817464917,0.6625628153540467,nan,False
4780.07800780078,1.0652997494425167,1.1975730752879787,0.6968726528656317,0.660690365609962,nan,False
4780.778077807781,0.817705394645708,0.7667467296254441,0.6964230991313026,0.6641821482928314,nan,False
4781.478147814782,0.14857293520811332,0.007470053527425978,0.6959032209321504,0.6664973110254674,nan,False
4782.178217821783,-0.6353773728981182,-0.4540431447942854,0.6953136927129739,0.6682397302235197,nan,False
4782.878287828783,-0.22655124905069912,-0.23784420630970926,0.6946553721888404,0.6666172606590843,nan,False
4783.578357835784,0.6181138633493738,0.4764858689243092,0.6939293060826209,0.6640256408120493,nan,False
4784.278427842784,1.0205319162660615,1.0985670561135326,0.693136731922491,0.6598460446441106,nan,False
4784.9784978497855,1.0171348297913996,1.1148610545165711,0.6922790756014419,0.6603791097679133,nan,False
4785.678567856786,0.637089091700331,0.5124128699835387,0.691357944582036,0.6640836902663182,nan,False
4786.378637863787,-0.16158895054349567,-0.21111376013393637,0.6903751168183216,0.6657217878506477,nan,False
4787.078707870787,-0.6537244366995691,-0.4590183127282589,0.6893325256544638,0.66626753882351,nan,False
4787.778777877788,0.0884805016766266,-0.028399252162864232,0.6882322411376934,0.6639106730488176,nan,False
4788.478847884789,0.7982798030298638,0.7229687115580662,0.6870764483433858,0.6601586468071831,nan,False
4789.17891789179,1.0502586265361116,1.1731881266911524,0.6858674234449865,0.6570633535241917,nan,False
4789.87898789879,0.9223245301309536,0.9505227287133913,0.6846075083646739,0.6597580189410104,nan,False
4790.579057905791,0.3987997860870631,0.24002044878944745,0.6832990849069995,0.6623239808262203,nan,False
4791.279127912791,-0.4513968087004505,-0.37066179273076,0.6819445493039007,0.6638561059170065,nan,False
4791.979197919793,-0.4848251251525539,-0.37796182628329045,0.6805462880837494,0.6627852077089766,nan,False
4792.679267926793,0.37763266924611666,0.2214462754761557,0.6791066561198392,0.6600956987506187,nan,False
4793.379337933794,0.92019038399688,0.9291405354945946,0.6776279576171428,0.6553520286368119,nan,False
4794.079407940794,1.0329281562603767,1.1585135209431607,0.67611243066442,0.6544686062962818,nan,False
4794.779477947795,0.7769206481631115,0.7203679579004345,0.6745622358176937,0.6581932224095429,nan,False
4795.479547954796,0.10581837547499869,-0.021526713291207575,0.6729794489980143,0.6595073904772336,nan,False
4796.179617961797,-0.6303470218354045,-0.4530453171666836,0.6713660587897765,0.6604133191423706,nan,False
4796.879687968797,-0.19518606126275934,-0.21894908271573796,0.6697239680248173,0.658315636416383,nan,False
4797.579757975798,0.6120266625562647,0.483539027800986,0.668054999341588,0.6545142153065294,nan,False
4798.279827982798,0.9879505828125223,1.0696901787971949,0.6663609042271931,0.6502225621538762,nan,False
4798.9798979898,0.9688073395511054,1.0530728987227467,0.6646433748917296,0.6517768077836001,nan,False
4799.6799679968,0.5746556564171601,0.4486424575135697,0.662904058196771,0.6549453257773936,nan,False
4800.380038003801,-0.21516181396164163,-0.24114236043952567,0.6611445707692782,0.6558446781029723,nan,False
4801.080108010801,-0.6173845369042975,-0.44475648504261883,0.6593665143831255,0.6554644806643697,nan,False
4801.780178017802,0.12422621296586558,0.0037273433599949815,0.6575714906853339,0.6529062471854585,nan,False
4802.480248024803,0.7841491873905001,0.7281387388372198,0.6557611143834406,0.647699938046264,nan,False
4803.180318031804,1.0049886264501127,1.1244879840332156,0.653937024092489,0.6452630948510824,nan,False
4803.880388038804,0.8549999128990038,0.8636798226852818,0.6521008901611983,0.6485965513892586,nan,False
4804.580458045805,0.3110654246475602,0.16418060489436345,0.6502544189513321,0.6501589394379668,nan,False
4805.2805280528055,-0.4938741663939991,-0.3915543420038761,0.648399353224955,0.6509073861457675,nan,False
4805.980598059806,-0.4128327275309857,-0.34293029831808874,0.6465374684926127,0.6494544065684337,nan,False
4806.680668066807,0.4098509490275869,0.26586564955551406,0.6446705653821104,0.6457867163604375,nan,False
4807.380738073807,0.8956363651200352,0.9244117798488138,0.6428004582926226,0.6403984574876216,nan,False
4808.080808080808,0.9726462181375839,1.0828057866222438,0.640928960792442,0.6404338227604085,nan,False
4808.780878087809,0.6853556431319396,0.6099964791765011,0.6390578683913425,0.6441712549056027,nan,False
4809.48094809481,-0.004602396483269519,-0.09841710514221813,0.6371889394617118,0.6444272408418875,nan,False
4810.18101810181,-0.6247911488293302,-0.451871616688436,0.6353238751890834,0.6445652548399003,nan,False
4810.881088108811,-0.10187588031338125,-0.15816668732438977,0.6334642994968919,0.6425608490918061,nan,False
4811.581158115811,0.6340578456749901,0.5336894779877963,0.6316117399086076,0.6371512504779631,nan,False
4812.2812281228125,0.9502424995081196,1.0432291046792492,0.6297676102814911,0.6331524533539257,nan,False
4812.981298129813,0.8892166503229774,0.9445154965469028,0.6279331962709387,0.6354555293608385,nan,False
4813.681368136814,0.45262346971772927,0.3215475296388679,0.6261096442659875,0.6379945632309325,nan,False
4814.381438143814,-0.32686330370242556,-0.3037228836728854,0.6242979543803883,0.637897779712429,nan,False
4815.081508150815,-0.5390690036459366,-0.4094558556502895,0.6224989778970825,0.6373225485952932,nan,False
4815.781578157816,0.21785322860596468,0.08944088876951733,0.6207134193558427,0.6342070914687944,nan,False
4816.481648164817,0.7911315099614983,0.7716168949233224,0.6189418432543872,0.6280148793238582,nan,False
4817.181718171817,0.9505410620355487,1.0639047824868768,0.6171846851131984,0.6263244158177329,nan,False
4817.881788178818,0.749459799978947,0.7220162811658275,0.6154422664444299,0.629971438502547,nan,False
4818.581858185818,0.15667767397875282,0.03410495955978968,0.6137148129761533,0.6304603853145968,nan,False
4819.28192819282,-0.5576064676819317,-0.4226864814319974,0.6120024753241812,0.6304156059019906,nan,False
4819.98199819982,-0.27643892808744125,-0.26726580755364926,0.6103053511828416,0.6294234566135636,nan,False
4820.682068206821,0.487804774897903,0.36637348229137273,0.6086235080294897,0.6243020820891091,nan,False
4821.382138213821,0.8837877331266052,0.9433908433845566,0.6069570053091821,0.6189908828845893,nan,False
4822.082208220822,0.8963149413981747,0.9785048592047877,0.6053059150874105,0.6197508809725539,nan,False
4822.782278227823,0.5456093569769087,0.4434001665148286,0.6036703402292578,0.6232398818233345,nan,False
4823.482348234824,-0.175666719163212,-0.21101162246449331,0.6020504292795766,0.6222649616316133,nan,False
4824.182418241824,-0.5872220849246187,-0.43517366742702435,0.6004463873753596,0.6223009514937287,nan,False
4824.882488248825,0.052605244743125834,-0.04329825089534388,0.5988584827109773,0.6202893499514868,nan,False
4825.5825582558255,0.6875456756231435,0.6315275596623001,0.5972870482903962,0.6138378807437374,nan,False
4826.282628262827,0.9157778307746797,1.019302583324895,0.5957324789276957,0.610555741569339,nan,False
4826.982698269827,0.783737189023239,0.793726459497471,0.594195223687283,0.6132616032413849,nan,False
4827.682768276828,0.2730322852729668,0.14624328617949242,0.5926757741770913,0.6149915076105844,nan,False
4828.382838283828,-0.4641401594571145,-0.37687545625865515,0.591174649310968,0.6138874866858947,nan,False
4829.082908290829,-0.39607046075851077,-0.3360604120009428,0.5896923773304947,0.614052718965901,nan,False
4829.78297829783,0.3561530303418002,0.23126036490986945,0.5882294760129846,0.6098607374544881,nan,False
4830.483048304831,0.8158591956783924,0.8437026273265452,0.586786432084477,0.6037749474993185,nan,False
4831.183118311831,0.8886357743362139,0.9834470470908342,0.5853636808994002,0.6029091498599318,nan,False
4831.883188318832,0.6056993791662473,0.5333820362589572,0.583961587439699,0.6064648485572551,nan,False
4832.5832583258325,-0.05354248492812661,-0.12525234404104912,0.582580429625732,0.6057699494506552,nan,False
4833.283328332834,-0.5856755332412326,-0.43633040072302587,0.5812203848216845,0.6055091401585004,nan,False
4833.983398339834,-0.08019407914346371,-0.139138703654868,0.5798815202647186,0.6049835700371036,nan,False
4834.683468346835,0.5922824768161746,0.5122195988715992,0.5785637879568669,0.5989724946856675,nan,False
4835.383538353835,0.8769669203674539,0.9651239551539424,0.5772670243409833,0.5945742476184418,nan,False
4836.0836083608365,0.8002356165285419,0.8365294992395819,0.5759909548475256,0.5959067992820337,nan,False
4836.783678367837,0.35569317979271864,0.2364278800545847,0.5747352031591118,0.5987234361533736,nan,False
4837.483748374838,-0.3712556520493039,-0.3265989679340535,0.5734993048065432,0.5966659966294126,nan,False
4838.183818381838,-0.4704094195420472,-0.3768815686217184,0.5722827244948824,0.5974904944855944,nan,False
4838.883888388839,0.2434465417644729,0.1257437336763231,0.5710848763719152,0.594754363490414,nan,False
4839.5839583958395,0.7520886559492981,0.7530726218024025,0.5699051463031708,0.588587545047149,nan,False
4840.284028402841,0.8740259531692235,0.9724849859528215,0.5687429151149531,0.586437438830517,nan,False
4840.984098409841,0.644618973316238,0.5985492365227855,0.5675975817146695,0.5892389469900897,nan,False
4841.684168416842,0.04104141836370629,-0.05066396162397958,0.5664685849987097,0.589800892438899,nan,False
4842.384238423842,-0.5588853759782945,-0.4245227603071064,0.5653554235122111,0.5884188726838702,nan,False
4843.0843084308435,-0.18233891102557487,-0.20742102339077953,0.5642576719296561,0.5892637452893095,nan,False
4843.784378437844,0.5084273379628547,0.4140505212869972,0.5631749935753491,0.5842966220043729,nan,False
4844.484448444845,0.8388552278330973,0.9106773122662277,0.5621071483911902,0.5794208393640955,nan,False
4845.184518451845,0.8066317764020356,0.8606519468450974,0.5610539959767818,0.5794820799389212,nan,False
4845.884588458846,0.4148037735456638,0.3074111286299761,0.5600154935633257,0.5824977124160171,nan,False
4846.584658465847,-0.2892999308264906,-0.2783986919608149,0.5589916890266808,0.5806382342425251,nan,False
4847.284728472848,-0.512549800718779,-0.39971557408442904,0.557982709284622,0.5811907013789498,nan,False
4847.984798479848,0.14979038579716986,0.044600938858009725,0.5569887446472217,0.5800516512413431,nan,False
4848.684868486849,0.6949058874325414,0.6747799318440173,0.5560100298865305,0.5744147272841754,nan,False
4849.384938493849,0.8569618328198507,0.954048008287687,0.555046822952657,0.5715191032365271,nan,False
4850.085008500851,0.6701605740127565,0.6453103699749835,0.5540993823800164,0.573306256676959,nan,False
4850.785078507851,0.11362053271682904,0.012084714006810392,0.553167944493984,0.5749141258050938,nan,False
4851.485148514852,-0.5222393504068962,-0.4067147775936541,0.5522527015409128,0.5725940615438021,nan,False
4852.185218521852,-0.2590373421296253,-0.2558268706613666,0.5513537818225701,0.5741928167600787,nan,False
4852.885288528853,0.4364208165054434,0.33442944092546134,0.550471232821165,0.570559832534237,nan,False
4853.585358535854,0.803696937160319,0.8600439076873815,0.5496050081577167,0.5657749222578096,nan,False
4854.285428542855,0.8075350213215567,0.8731312299425427,0.5487549590413205,0.5649448009682723,nan,False
4854.985498549855,0.4577911455704157,0.36321745527109045,0.5479208306488353,0.5675272544303297,nan,False
4855.685568556856,-0.22039632370089862,-0.23467166413141055,0.5471022636343258,0.566630013270714,nan,False
4856.385638563856,-0.5337819074175183,-0.41146602816807576,0.5462988007169863,0.5662875209585141,nan,False
4857.085708570858,0.07315342945952935,-0.01797589267877615,0.5455098980476603,0.5664635588275034,nan,False
4857.785778577858,0.6448938785963373,0.6086381257278561,0.5447349408197089,0.5617092544516823,nan,False
4858.485848584859,0.839783791193865,0.9332012897767386,0.543973262381473,0.5585659059833759,nan,False
4859.185918591859,0.6872284210039392,0.6791933231910388,0.5432241659351719,0.5594760823195881,nan,False
4859.88598859886,0.16961970267660262,0.06405869004789454,0.5424869477792753,0.561465452240678,nan,False
4860.586058605861,-0.4838405676549641,-0.38718522212906975,0.5417609209743829,0.5590291958064957,nan,False
4861.286128612862,-0.3160417854278977,-0.2903765552383941,0.5410454382901525,0.5606511734895495,nan,False
4861.986198619862,0.3753720341505528,0.27030527232162294,0.5403399133238699,0.5583063282980479,nan,False
4862.686268626863,0.7722896939753471,0.8150214857113999,0.5396438387681584,0.5539726723183611,nan,False
4863.3863386338635,0.8055650557277958,0.8784746291458101,0.5389568009418155,0.5526502905430742,nan,False
4864.086408640865,0.489675699123169,0.40702821850699455,0.538278489877231,0.5546116964560904,nan,False
4864.786478647865,-0.16351389532153784,-0.19620407996964054,0.537608704471593,0.5546095747692726,nan,False
4865.486548654866,-0.5421790332676278,-0.41629248157439364,0.5369473524469321,0.5534273597711971,nan,False
4866.186618661866,0.010818106864232945,-0.0663970687289039,0.5362944451145296,0.5544178514436626,nan,False
4866.8866886688675,0.601713742154113,0.5531613248427997,0.5356500871904155,0.550632249463012,nan,False
4867.586758675868,0.8235974383571814,0.9121959750718743,0.5350144621485242,0.5475784941878742,nan,False
4868.286828682869,0.6988409146866889,0.7040056843463692,0.5343878138150484,0.5478683976273558,nan,False
4868.986898689869,0.21329407019095997,0.10715731201757561,0.5337704250911213,0.5497784042590734,nan,False
4869.68696869687,-0.44744900446118663,-0.36783932450535506,0.5331625948322066,0.5477987811784317,nan,False
4870.3870387038705,-0.3583530667714895,-0.3154417383779929,0.5325646140044297,0.5489871645496176,nan,False
4871.087108710872,0.3238761997206024,0.21831123866141425,0.5319767422759153,0.547677770515666,nan,False
4871.787178717872,0.7446867922750348,0.7758032071797536,0.5313991861828206,0.5439453436981552,nan,False
4872.487248724873,0.8021807396745988,0.8798167094177652,0.5308320799358467,0.5424253830587188,nan,False
4873.187318731873,0.5137743231830423,0.441773559902088,0.5302754698068625,0.5438148423986243,nan,False
4873.8873887388745,-0.11678286784740463,-0.16303950034089645,0.5297293028628682,0.544337282166117,nan,False
4874.587458745875,-0.5430058665058518,-0.4172217135740672,0.5291934206041305,0.5427269495126962,nan,False
4875.287528752876,-0.0398751839537281,-0.10418109325852101,0.528667557825161,0.544056026302508,nan,False
4875.987598759876,0.5646194324040342,0.5069509127943052,0.5281513467629693,0.5411540076650193,nan,False
4876.687668766877,0.8088024236326581,0.8923407488904778,0.5276443263391923,0.5383645377625415,nan,False
4877.387738773878,0.7068181075926635,0.7221669434785596,0.5271459560539998,0.5382595295866514,nan,False
4878.087808780879,0.24772519973794288,0.14268441028859316,0.5266556338623745,0.5398932069221336,nan,False
4878.787878787879,-0.4145333115630631,-0.3496223205869197,0.5261727171686169,0.5385004538112316,nan,False
4879.48794879488,-0.3898124588006234,-0.33359586712263894,0.5256965459222858,0.5391445254294344,nan,False
4880.18801880188,0.2804911764713622,0.17602776653596122,0.5252264666956368,0.5385620860547374,nan,False
4880.888088808882,0.7205856546495261,0.7417558801603102,0.5247618565739451,0.5354415581791063,nan,False
4881.588158815882,0.7981216466387918,0.8785759553445666,0.5243021456981063,0.5338994211124978,nan,False
4882.288228822883,0.5322066707765177,0.46952976546811864,0.5238468373631247,0.5348287091038835,nan,False
4882.988298829883,-0.07842150244509444,-0.13446540168541377,0.5233955246933034,0.5355614336906493,nan,False
4883.6883688368835,-0.5395260138047951,-0.4158320313829907,0.522947903079394,0.5338968393797038,nan,False
4884.388438843885,-0.08114365509212935,-0.13410687908019664,0.5225037777667346,0.5352376064256675,nan,False
4885.088508850885,0.5328065665388823,0.46823487534074687,0.5220630662166943,0.5330643183701889,nan,False
4885.788578857886,0.7954460969765114,0.8741647947500139,0.5216257951154154,0.5306011257724597,nan,False
4886.488648864886,0.7122380551952204,0.7356778423327457,0.521192092161932,0.5302542071949198,nan,False
4887.188718871887,0.2750554663462923,0.17199406178949134,0.5207621730199029,0.5315595948879598,nan,False
4887.888788878888,-0.38551739641597926,-0.3332052946523006,0.5203363240514302,0.5306585901814521,nan,False
4888.588858885889,-0.4132370920316422,-0.34699081964236766,0.5199148816564526,0.5308495116813297,nan,False
4889.288928892889,0.24394089369902106,0.14157562431046725,0.5194982092071261,0.5307216797319736,nan,False
4889.98899889989,0.6995736274038827,0.7125443316569899,0.5190866726852532,0.5281563929954842,nan,False
4890.6890689068905,0.7937478495415534,0.875783695081573,0.5186806161963162,0.5266776684697745,nan,False
4891.389138913892,0.5463557423168643,0.491503745042423,0.5182803385425455,0.5272449259265832,nan,False
4892.089208920892,-0.04695970871481309,-0.11020036273088629,0.5178860719890279,0.527993793404462,nan,False
4892.789278927893,-0.5337511196084581,-0.41304855118743744,0.517497964253193,0.5264865010089633,nan,False
4893.489348934893,-0.11476942967312168,-0.15774723042990083,0.5171160645939464,0.5276626245351823,nan,False
4894.1894189418945,0.5055232935489176,0.4357608568580212,0.5167403146795372,0.5260578535212955,nan,False
4894.889488948895,0.7834249629143597,0.8575060425153658,0.5163705446825398,0.5239210595317271,nan,False
4895.589558955896,0.7157404561183357,0.7454640735493181,0.5160064747972677,0.5234196195113904,nan,False
4896.289628962896,0.29673770140268957,0.19618615713608922,0.5156477221119904,0.5243979214758936,nan,False
4896.989698969897,-0.36039608507508347,-0.3184919623576577,0.515293812508365,0.5238460544480632,nan,False
4897.6897689768975,-0.4306142580994549,-0.3568986045870316,0.5149441970163386,0.523730128153886,nan,False
4898.389838983899,0.2131993207290458,0.1132280407502826,0.5145982718363837,0.5238511114304463,nan,False
4899.089908990899,0.6812385650888771,0.6873830838895029,0.5142554010628931,0.5217643691509511,nan,False
4899.7899789979,0.7891793588830379,0.8721003761272292,0.5139149410114842,0.5203787206815617,nan,False
4900.4900490049,0.5570453349983813,0.5089038125624501,0.5135762649751637,0.5206479446440764,nan,False
4901.1901190119015,-0.021349597242268925,-0.08985717924672043,0.5132387872133856,0.5213040442169533,nan,False
4901.890189018902,-0.5268897958864017,-0.40977510206951057,0.5129019850148763,0.5200400551446775,nan,False
4902.590259025903,-0.14202738714880367,-0.1765156373298025,0.5125654177677649,0.5209758494359146,nan,False
4903.290329032903,0.482155557225901,0.4087163268083178,0.5122287421144466,0.5198033103954497,nan,False
4903.990399039904,0.7725283913540717,0.8425180334211811,0.5118917224567371,0.517965491045365,nan,False
4904.690469046905,0.7176163743757809,0.7521290799775977,0.5115542363002005,0.5173490263234775,nan,False
4905.390539053906,0.3136767332732734,0.2156067401361943,0.5112162741743748,0.5180098910258841,nan,False
4906.090609060906,-0.3390348623179882,-0.305691298235082,0.510877934126217,0.5176860040036606,nan,False
4906.790679067907,-0.44327532498741645,-0.36395757081869085,0.5105394110450437,0.5173915349633413,nan,False
4907.490749074907,0.18750652174539142,0.09020744707660597,0.510200981326191,0.5176179596389955,nan,False
4908.190819081909,0.6651904168578353,0.6656883782894429,0.509862983605653,0.515937029823419,nan,False
4908.890889088909,0.7843668492134511,0.8674367283986298,0.509525796488346,0.5146424411550488,nan,False
4909.59095909591,0.5647180856599958,0.5221488540583561,0.5091898143390939,0.5146436977813942,nan,False
4910.29102910291,-0.0009062891968509393,-0.07298011739008145,0.5088554223008175,0.5151441222766309,nan,False
4910.991099109911,-0.5196927021464854,-0.4061648567606497,0.5085229717438613,0.5141452724111151,nan,False
4911.691169116912,-0.16379410505492228,-0.1913088639521284,0.5081927573317822,0.514815422909673,nan,False
4912.391239123913,0.4622415692589182,0.38610626704108064,0.507864996812859,0.5139708780884241,nan,False
4913.091309130913,0.7625242237127493,0.8289171385970787,0.5075398145165269,0.5123959673372719,nan,False
4913.791379137914,0.7179373267654758,0.756183489329745,0.5072172293559833,0.5116706376921385,nan,False
4914.491449144914,0.3263480967095211,0.23080497856541934,0.5068971479209294,0.512014211854355,nan,False
4915.191519151916,-0.32136314895075807,-0.29496800557114006,0.5065793629982764,0.5118323364004296,nan,False
4915.891589158916,-0.45207916058450087,-0.3689839460232226,0.5062635575957415,0.5114494377899039,nan,False
4916.591659165917,0.16637321720269826,0.07176602313156828,0.5059493142764021,0.5116848396407284,nan,False
4917.291729172917,0.6511174631597503,0.6472937582824658,0.5056361293546483,0.5103505011268763,nan,False
4917.991799179918,0.7791681771533929,0.8620170110549447,0.5053234312681244,0.5091266909773668,nan,False
4918.691869186919,0.569516641951925,0.5313393776313632,0.5050106022377953,0.5088607176208746,nan,False
4919.39193919392,0.01470127010113926,-0.05978831146287071,0.5046970021689835,0.5091644267005403,nan,False
4920.09200920092,-0.5126450942441619,-0.40254732119171477,0.5043819936377893,0.5084291823390364,nan,False
4920.792079207921,-0.18058318192172118,-0.20237947755403277,0.5040649667548662,0.5088252563138361,nan,False
4921.4921492149215,0.44546725245728896,0.3676809241523994,0.5037453627044232,0.5082353042007047,nan,False
4922.192219221923,0.753162032838367,0.8163681304418763,0.5034226948201359,0.5068869344213861,nan,False
4922.892289228923,0.7166013941032178,0.7573614778858921,0.5030965661781263,0.5060344063002311,nan,False
4923.592359235924,0.3348931621637006,0.24178430973264128,0.5027666828545099,0.5060456904560967,nan,False
4924.292429242924,-0.30741383821806406,-0.28617750386754287,0.5024328622031452,0.5059525715692484,nan,False
4924.9924992499255,-0.4575140324419098,-0.37208145842869317,0.5020950357481945,0.5055340018165477,nan,False
4925.692569256926,0.14956333993558196,0.0574041800797987,0.5017532465445453,0.505714607927429,nan,False
4926.392639263927,0.638776449968462,0.6316492867673141,0.5014076411248239,0.5046835167176745,nan,False
4927.092709270927,0.7733545191885223,0.855672526320177,0.5010584564120604,0.5034984242905195,nan,False
4927.792779277928,0.5713319581871797,0.5366461856606892,0.500706002219689,0.502940851443465,nan,False
4928.4928492849285,0.025479828035273606,-0.05023637754942361,0.5003506401739196,0.5030175757375909,nan,False
4929.19291929193,-0.5060882609883574,-0.3992770755942599,0.4999927600673484,0.5025415115259855,nan,False
4929.89298929893,-0.19257221409382125,-0.2102134248134772,0.49963275477851216,0.5026539189888027,nan,False
4930.593059305931,0.4317032415807817,0.3532481550041022,0.49927099496370847,0.5022721688820907,nan,False
4931.293129312931,0.7442153437049197,0.8049638438171487,0.4989078047410752,0.5011156042196218,nan,False
4931.9931993199325,0.7133674207727954,0.7556203256657791,0.4985434395417034,0.5000973244703207,nan,False
4932.693269326933,0.3391487368773429,0.24813600287528245,0.49817806720036134,0.49974644102425114,nan,False
4933.393339333934,-0.29739738695126855,-0.279794988716271,0.4978117532039011,0.4997183329769637,nan,False
4934.093409340934,-0.4597998516716322,-0.3733668142858829,0.4974444508159578,0.49928283832898257,nan,False
4934.793479347935,0.13708192846824627,0.04731586601846911,0.4970759965616722,0.49936904134219007,nan,False
4935.493549354936,0.6280200172663291,0.6187755351532535,0.4967061112973077,0.49861153252130835,nan,False
4936.193619361937,0.7666476970937555,0.8479653157796843,0.4963344068193977,0.4974219232096216,nan,False
4936.893689368937,0.5698481270436199,0.5374675278088346,0.4959603976997164,0.4965261165739056,nan,False
4937.593759375938,0.03115552365686614,-0.044593443282407455,0.4955835177790265,0.4963551615022008,nan,False
4938.293829382938,-0.5002660060430704,-0.39621555243013173,0.49520314052666814,0.49613707679159647,nan,False
4938.9938993899395,-0.19965152261811958,-0.21466604111416743,0.4948186022855601,0.4959475211539612,nan,False
4939.69396939694,0.42095456549041765,0.34261349301769234,0.4944292272822029,0.4957510939879276,nan,False
4940.394039403941,0.7354377473366872,0.7942639678553377,0.4940343531954532,0.49475040319006763,nan,False
4941.094109410941,0.7078315620194409,0.7505837730009,0.4936333560502203,0.4935077301413141,nan,False
4941.794179417942,0.33865595234541235,0.24965075997049832,0.49322567323396804,0.4927535741185086,nan,False
4942.494249424943,-0.29166284480429183,-0.2759884020274572,0.49281082352332917,0.49279640142158265,nan,False
4943.194319431944,-0.4588466512588387,-0.3730072339019667,0.49238842315082093,0.4923278440452726,nan,False
4943.894389438944,0.12918284158073842,0.04146039881658713,0.49195819713071226,0.49230205917161385,nan,False
4944.594459445945,0.6187446315639598,0.6087467689072168,0.4915199852894827,0.4917978231048991,nan,False
4945.294529452945,0.7586529461561974,0.8387708380874416,0.4910737426992998,0.4905462069376674,nan,False
4945.994599459947,0.5644899384882981,0.5332289130175143,0.4906195344805829,0.48924581423943203,nan,False
4946.694669466947,0.03114796739929445,-0.0436109577988705,0.4901575252093883,0.48882319004352226,nan,False
4947.394739473948,-0.4953192363337648,-0.3936645043083383,0.48968796342433624,0.48886021075407526,nan,False
4948.094809480948,-0.20139749905516668,-0.2153534816722213,0.4892111619638298,0.48834321395219765,nan,False
4948.794879487949,0.41337416210355005,0.336291871669305,0.4887274750661373,0.4883295003258066,nan,False
4949.49494949495,0.7265571513339039,0.7841214546049281,0.48823727332279926,0.48744144942660217,nan,False
4950.195019501951,0.6994238402299557,0.7413290998053114,0.4877409176820315,0.4858947821606392,nan,False
4950.895089508951,0.3326678431986116,0.24536619576583454,0.48723873374798854,0.48469495003306273,nan,False
4951.595159515952,-0.2907069619687833,-0.27498609108940775,0.4867309876112213,0.4848456243054655,nan,False
4952.2952295229525,-0.45432105225537467,-0.37052224280990453,0.48621786437559705,0.4842890484519361,nan,False
4952.995299529954,0.1263031228847991,0.04029586132463153,0.4856994504203786,0.484159044872815,nan,False
4953.695369536954,0.610896595390724,0.6013889253838579,0.48517572025895855,0.4838893987127155,nan,False
4954.395439543955,0.7488960030541766,0.8273558368318568,0.4846465286362611,0.4824987860230291,nan,False
4955.095509550955,0.5544528223778996,0.5231592980950992,0.4841116082556383,0.48071397128221244,nan,False
4955.795579557956,0.02460507693381137,-0.04769885314457433,0.48357057325531816,0.48006762444805895,nan,False
4956.495649564957,-0.4912605920281327,-0.3916288192793681,0.48302292827734533,0.4803376693622508,nan,False
4957.195719571958,-0.1971388236371112,-0.2120405967611197,0.4824680827020015,0.4794719787347942,nan,False
4957.895789578958,0.4092058635479623,0.33450750309418736,0.4819053693711007,0.47965374967422547,nan,False
4958.595859585959,0.7172514034418322,0.7744187882450763,0.48133406690649366,0.4788188294431243,nan,False
4959.2959295929595,0.6873629775096106,0.7271673082276181,0.48075342455610215,0.476868056453437,nan,False
4959.99599959996,0.32009870929721723,0.23425591439318846,0.4801626883771991,0.4751977342933691,nan,False
4960.696069606961,-0.2950976074179633,-0.2774366988986424,0.479561127501291,0.4755186137313396,nan,False
4961.396139613961,-0.44552135630128953,-0.365635612818609,0.47894805921981626,0.4747808347477871,nan,False
4962.096209620962,0.12906485044010046,0.0446777326481199,0.47832287168508236,0.47458486587692,nan,False
4962.796279627963,0.6043848093341512,0.5970600358631433,0.4776850431336254,0.4745215478931688,nan,False
4963.496349634964,0.7366930704149511,0.8128671094711123,0.47703415670403954,0.4728905564838095,nan,False
4964.196419641964,0.5385880228369033,0.5057049970391114,0.47636991013040086,0.4705428087276397,0.5666251117226291,True
4964.896489648965,0.010411459847370335,-0.057816363137598824,0.47569211983583526,0.4697516076836889,0.562450687095869,True
4965.596559655965,-0.48777947975961133,-0.3897463799837653,0.4750007192170675,0.470184025015895,0.5583070161731136,True
4966.296629662967,-0.18589850160949428,-0.20365987780401723,0.47429575118752126,0.46897498123732334,0.5541938723865268,True
4966.996699669967,0.4087107139107208,0.33773337596413033,0.47357735532069084,0.4693701975529461,0.5501110308374582,True
4967.696769676968,0.7070355620328866,0.7643812373940467,0.47284575019425706,0.4685025980226231,0.5460582682841029,True
4968.396839683968,0.6705671461873829,0.7066344280940055,0.47210121176652053,0.466034960645096,0.5420353631293381,True
4969.096909690969,0.2995122668101607,0.2152668402489672,0.471344048809173,0.4639178833393614,0.5380420954085641,True
4969.79697969797,-0.3053209407074036,-0.28338558243355394,0.47057457656491625,0.4644693590221011,0.534078246777719,True
4970.497049704971,-0.431315158251157,-0.3576770504912447,0.46979308988781604,0.4634389555490503,0.5301436005012985,True
4971.197119711971,0.13817871726408645,0.0552152109051023,0.4689998371539386,0.46324543603095464,0.5262379414405467,True
4971.897189718972,0.5990206317816874,0.5956576807483214,0.4681949961979346,0.46333587641922697,0.5223610560416514,True
4972.597259725972,0.7211152178915567,0.7943391890291835,0.4673786534389114,0.4613390362789498,0.518512732324108,True
4973.297329732974,0.5153612153716156,0.47948330306473613,0.466550787210251,0.4583807387768524,0.5146927598690891,True
4973.997399739974,-0.01274631462099585,-0.07491282505349273,0.4657112561097996,0.4575807508161036,0.5109009298079789,True
4974.697469746975,-0.4840582218303946,-0.3878603318255868,0.4648597929484518,0.45803095891850154,0.5071370348109124,True
4975.397539753975,-0.16645485371879976,-0.18915477037930464,0.46399600460795976,0.45653559936320215,0.5034008690754794,True
4976.097609760976,0.41208724576222405,0.34676945731686776,0.4631193778357187,0.45714946454782074,0.4996922283154318,True
4976.797679767977,0.6952025348313556,0.7534079957036071,0.46222929071906815,0.45613006634007475,0.49601090974955264,True
4977.497749774978,0.6475689135942418,0.6778273514731548,0.46132502930819397,0.45304250035518184,0.49235671209053017,True
4978.197819781978,0.2690812553306153,0.18665699298813399,0.4604058086083195,0.4505861120179056,0.4887294355339896,True
4978.897889788979,-0.3215310826950267,-0.29295465196191,0.4594707969506317,0.45136726411935757,0.48512888174753066,True
4979.5979597959795,-0.41001406434083026,-0.3452365819871026,0.4585191425874786,0.44996416905602804,0.48155485385992064,True
4980.298029802981,0.15432471731669195,0.07320023863516849,0.4575500012486655,0.4498565864068941,0.4780071564502924,True
4980.998099809981,0.5943859347310653,0.5967794260429969,0.45656256334731726,0.4500095311196414,0.4744855955374964,True
4981.698169816982,0.7008619973147934,0.769759795946947,0.4555560795379499,0.4475110226180985,0.47098997856945735,True
4982.398239823982,0.4827788799291178,0.44250009345071806,0.4545298834053568,0.4439710827734473,0.4675201144126823,True
4983.098309830983,-0.04618043523174088,-0.09942584353743915,0.4534834101969671,0.4433174001488448,0.4640758133417737,True
4983.798379837984,-0.4784085991090773,-0.3848281607421507,0.45241621069710336,0.44358578665981163,0.46065688702909136,True
4984.498449844985,-0.1374580129692129,-0.16717882388096397,0.4513279595703559,0.4419202345669125,0.45726314853441946,True
4985.198519851985,0.4192586645447085,0.36172302448354077,0.45021845776238134,0.44272220836337633,0.45389441229478056,True
4985.898589858986,0.6806578632893522,0.7400540552157437,0.4490876288277608,0.44140397338438014,0.45055049411425413,True
4986.5986598659865,0.6164072976337958,0.6386976572209546,0.4479355093430364,0.43764640733981985,0.44723121115394004,True
4987.298729872988,0.22667810367216348,0.14717242036648742,0.4467622338453111,0.43504888396200453,0.44393638192192636,True
4987.998799879988,-0.34303307017328344,-0.3058147600689968,0.4455680149996801,0.4359379405050498,0.44066582626340056,True
4988.698869886989,-0.3793059405649678,-0.3268554541897605,0.4443531199298789,0.43417220162542186,0.4374193653507646,True
4989.398939893989,0.17790799076669025,0.09975258584325157,0.4431178438348732,0.43421676144807675,0.4341968216738909,True
4990.0990099009905,0.5896301385356664,0.5998312784446819,0.4418624821504913,0.4342986328880552,0.43099801903038276,True
4990.799079907991,0.6741067858722406,0.7368291033971825,0.4405873025927599,0.4311883570966003,0.4278227825159735,True
4991.499149914992,0.43833996632881905,0.39240271640807806,0.43929251843413936,0.4272125173733269,0.4246709385149298,True
4992.199219921992,-0.09078007619881756,-0.1318098728409985,0.4379782643140864,0.42678149458011155,0.42154231469059156,True
4992.899289928993,-0.467849637743305,-0.3788900645775244,0.4366445757731119,0.4267032308517412,0.4184367399759163,True
4993.599359935994,-0.0976803882200444,-0.1356302578254361,0.4352913735295282,0.42501241774615983,0.415354044564158,True
4994.299429942995,0.4296446587748702,0.382645382406642,0.43391845329813167,0.42591992529866096,0.41229405989955004,True
4994.999499949995,0.6617655519427732,0.7218069056548843,0.4325254816903379,0.42415508341870894,0.4092566186681211,True
4995.699569956996,0.5745311503619166,0.5861824038144995,0.43111199844808046,0.41978411311516545,0.40624155478851487,True
4996.399639963996,0.17012762517357288,0.09583045251752201,0.42967742496285694,0.41726486962245396,0.4032487034029405,True
4997.0997099709975,-0.3675066754864485,-0.3202137132426328,0.42822107873115406,0.41804570763225896,0.40027790086812753,True
4997.799779977998,-0.3364274955952647,-0.30001689617448196,0.42674219311265044,0.416028679674241,0.3973289847464087,True
4998.499849984999,0.20865916640732116,0.13547732833054016,0.4252399415018999,0.4162395875578834,0.394401793796808,True
4999.199919991999,0.5832423013191008,0.6026551015256708,0.42371346480998423,0.4160919817604425,0.3914961679662544,True
4999.899989999,0.6383791649783658,0.6923157807259335,0.42216190099027234,0.41233867490911486,0.38861194838080027,True
5000.600060006001,0.37916962818751837,0.32749966259740315,0.42058441523965706,0.40817030837324425,0.38574897733696484,True
5001.300130013002,-0.14610247995396194,-0.17100467634103725,0.41898022946841396,0.4078769196836103,0.3829070982930809,True
5002.000200020002,-0.4477489163155008,-0.36741754990033254,0.4173486496598995,0.40742034728564697,0.38008615586076555,True
5002.700270027003,-0.04655999333985943,-0.09285417148137257,0.4156890898343927,0.40581941584732195,0.37728599579639405,True
5003.400340034003,0.44175401904518535,0.40844702264453614,0.41400109148516195,0.4067042534623593,0.3745064649926956,True
5004.100410041005,0.6361025595213574,0.6953720733026558,0.4122843375622411,0.40439167651854724,0.3717474114703525,True
5004.800480048005,0.5187811734243546,0.5173328746390097,0.4105386603309397,0.39958917879347333,0.36900868436971923,True
5005.500550055006,0.09793037623230862,0.03251508372305225,0.40876404271638783,0.39725452346331597,0.36629013394254484,True
5006.200620062006,-0.3899128808905154,-0.3333074878111539,0.40696061304949377,0.39775702295222626,0.3635916115438138,True
5006.900690069007,-0.2787015765710659,-0.2615782843711554,0.4051286334398102,0.39563637686421765,0.36091296962358976,True
5007.600760076008,0.24513156693315286,0.18056868146856342,0.40326848230279355,0.3959645167685095,0.3582540617189761,True
5008.300830083009,0.5727502122402102,0.6017808282264934,0.401380631848922,0.39544485915986577,0.35561474244607993,True
5009.000900090009,0.5904510367079295,0.6319128801369623,0.39946562158703464,0.39113454151234084,0.35299486749208986,True
5009.70097009701,0.3024893786058107,0.2465710012444949,0.39752402909241324,0.38700059264316033,0.35039429360735846,True
5010.4010401040105,-0.2088663763789455,-0.21394506734007893,0.39555643943177293,0.38666144495276455,0.34781287859759646,True
5011.101110111012,-0.41209420915257616,-0.3459930043420615,0.39356341471515843,0.38592414785024753,0.34525048131607106,True
5011.801180118012,0.014963724896513377,-0.037488793528495545,0.39154546525420264,0.3844565674542431,0.34270696165591485,True
5012.501250125013,0.4528505395928676,0.4358252736587485,0.3895030237458737,0.38517802529933737,0.34018218054243876,True
5013.201320132013,0.6003970255322572,0.6556453085404749,0.387436423772563,0.3823081636821887,0.3376759999255539,True
5013.901390139014,0.44575450102766456,0.42992177159822587,0.38534588371829587,0.3773156818453924,0.3351882827721972,True
5014.601460146015,0.01079467971995636,-0.0400653295664315,0.38323149695521586,0.3751005229438876,0.33271889305886454,True
5015.301530153016,-0.40174100002738455,-0.3399707500515385,0.38109322886540714,0.3753146072710727,0.33026769576414744,True
5016.001600160016,-0.20494219885125456,-0.20876970688121366,0.37893092094391295,0.37318770271193386,0.3278345568613763,True
5016.701670167017,0.28409769584344036,0.23278486353702565,0.3767443018945381,0.3735452857720413,0.32541934331126626,True
5017.4017401740175,0.5546126010726581,0.5918352362059308,0.3745330052966157,0.37257161146685047,0.32302192305466837,True
5018.101810181019,0.5266220422571876,0.5518987033476959,0.3722965931043944,0.36788416828069187,0.3206421650053236,True
5018.801880188019,0.20691392094200914,0.15101650279976045,0.37003458395635297,0.36386933569431656,0.3182799390427204,True
5019.50195019502,-0.27097914066125195,-0.25510961928179926,0.3677464850333357,0.36337563799613887,0.315935116004955,True
5020.20202020202,-0.35507723075638253,-0.3097707356201858,0.3654318260234329,0.3624792310046151,0.3136075676816938,True
5020.9020902090215,0.08346183965369543,0.030157233459365378,0.363090193636842,0.36112360244401165,0.3112971668071388,True
5021.602160216022,0.4587205319644876,0.45931242945553924,0.360721265071062,0.3615722995264888,0.30900378705309295,True
5022.302230223023,0.5506485687155193,0.5968729070438771,0.3583248388580255,0.3582310112870532,0.3067273030220287,True
5023.002300230023,0.3527640628612064,0.3235097059671782,0.3559008616288803,0.3532240008619455,0.3044675902402557,True
5023.702370237024,-0.08584295303460528,-0.11600212790891834,0.35344944950473434,0.3510066660919624,0.3022245251510907,True
5024.402440244025,-0.39172711013063255,-0.3329141886732672,0.35097090305518064,0.3510449568311944,0.29999798510812575,True
5025.102510251026,-0.11726659580576203,-0.13959997969732824,0.34846571505073015,0.34892299846546676,0.2977878483684982,True
5025.802580258026,0.3202732490635866,0.28681251425457094,0.34593457055802096,0.3492279223979584,0.29559399408625764,True
5026.502650265027,0.524311924439342,0.5651887332492705,0.34337833927377776,0.3477978384356573,0.29341630230573507,True
5027.202720272027,0.4434609122455856,0.44990398628745665,0.3407980603498091,0.34291561621990657,0.29125465395500694,True
5027.9027902790285,0.09491274013155271,0.04664898047075303,0.3381949203110773,0.3389706656788839,0.28910893083936184,True
5028.602860286029,-0.3184363334916947,-0.2853090933465934,0.33557022499634903,0.3383737750296684,0.28697901563486006,True
5029.30293029303,-0.2743717388026447,-0.25439393772244856,0.3329253667410854,0.33736707598241333,0.2848647918818967,True
5030.00300030003,0.15244975648572476,0.10576409891966401,0.330261788261203,0.33608201907903923,0.2827661439788556,True
5030.703070307031,0.4539259247562242,0.4702202823618137,0.32758094487223677,0.33620708683089756,0.28068295717576675,True
5031.403140314032,0.4828916098557737,0.5145722968578301,0.3248842667816994,0.3325221847608769,0.27861511756805374,True
5032.103210321033,0.24003056961427907,0.2026959760173694,0.3221731232165957,0.32754415413590854,0.2765625120902841,True
5032.803280328033,-0.17911209208520654,-0.18504875466962906,0.31944879008998783,0.3253036156897075,0.27452502851000826,True
5033.503350335034,-0.3499770043635318,-0.30496534487330845,0.31671242277092065,0.3252819038281678,0.272502555421602,True
5034.203420342034,-0.0226149819016931,-0.05604768271507401,0.31396503530550085,0.3231178955642851,0.2704949822401961,True
5034.903490349036,0.3467625174002573,0.333751233401788,0.311207487151983,0.3233292390452487,0.2685021991956083,True
5035.603560356036,0.4772259797031594,0.514767914042882,0.3084404781514896,0.32149509152319516,0.2665240973263629,True
5036.303630363037,0.3397158241583381,0.32813525926620424,0.30566455207377274,0.31651539755666985,0.26456056847371157,True
5037.003700370037,-0.023829597380211696,-0.05584475866533914,0.3028801086719211,0.31259092055282933,0.2626115052757404,True
5037.7037703770375,-0.3342209616223077,-0.2941068886805311,0.300087423770455,0.31204175333481454,0.26067680116148156,True
5038.403840384039,-0.17482188600733753,-0.17860576096484165,0.29728667651761026,0.31087563241733274,0.2587563503450938,True
5039.103910391039,0.21305903502293258,0.18068730251511617,0.29447798257415725,0.30964989134636495,0.2568500478200859,True
5039.80398039804,0.43286370933822066,0.45867289778865755,0.2916614317055285,0.30945215519217045,0.2549577893535577,True
5040.50405040504,0.39487531946397253,0.40798991486969033,0.28883712800664507,0.30551744617457,0.2530794714805203,True
5041.204120412041,0.11395580711762283,0.07805411887215565,0.2860052308315825,0.30054016249987947,0.2512149914982197,True
5041.904190419042,-0.24910009551729645,-0.23382496782581785,0.28316599443130236,0.29839844829291384,0.24936424746054017,True
5042.604260426043,-0.2748003981228016,-0.2515148043960348,0.28031980432608655,0.2983491382421014,0.24752713817241118,True
5043.304330433043,0.06787559285844479,0.03412463158958171,0.2774672085548731,0.29609732871734656,0.24570356318429307,True
5044.004400440044,0.3565343504630481,0.36163665319544297,0.27460894214701564,0.296222226209422,0.2438934227866658,True
5044.7044704470445,0.41025535761507004,0.43688500251019524,0.27174594344501374,0.2940364895269033,0.24209661800459586,True
5045.404540454046,0.21920572521470646,0.19610875218858662,0.2688793612578728,0.28896620672339973,0.24031305059230576,True
5046.104610461046,-0.1307687716851687,-0.14125417958417338,0.2660105522295537,0.2851243310864903,0.2385426230278209,True
5046.804680468047,-0.30698670563887825,-0.2736124649048758,0.2631410682487031,0.2847706413457702,0.23678523850761857,True
5047.504750475047,-0.06902826703990779,-0.08809191825606014,0.2602726341859421,0.2833289434095895,0.23504080094135335,True
5048.2048204820485,0.25624601437547606,0.24213155744835213,0.25740711670378075,0.28221065152678987,0.23330921494658494,True
5048.904890489049,0.3915477645145092,0.41797222622758884,0.25454648532145036,0.2817057329882137,0.2315903858435808,True
5049.60496049605,0.28852661305671295,0.284159994124049,0.2516927673124944,0.2775424450897752,0.2298842196501214,True
5050.30503050305,-0.01037570989274637,-0.03473865595083348,0.24884799834760818,0.2725800687533784,0.2281906230763792,True
5051.005100510051,-0.2764615218235484,-0.25119081677729754,0.24601417105132298,0.27074597343733503,0.22650950351980004,True
5051.705170517052,-0.1768612425032457,-0.1750766804287648,0.24319318380367935,0.27058727184594583,0.2248407690600575,True
5052.405240524053,0.14223234756541028,0.1182068757841179,0.24038679217535167,0.26826609491458653,0.22318432845400926,True
5053.105310531053,0.34461941931275997,0.3605820364767851,0.2375965653295291,0.26833410614382947,0.22154009113072562,True
5053.805380538054,0.32398524727862665,0.33511372092368413,0.23482384955398783,0.2658030760209471,0.21990796718651986,True
5054.505450545054,0.09330381929561594,0.06911300942101928,0.23206974080582277,0.2606326617902753,0.2182878673800497,True
5055.2055205520555,-0.20343822281919063,-0.19538612656430318,0.22933506776877802,0.25706751284629215,0.21667970312742077,True
5055.905590559056,-0.24027670278950503,-0.22283318155034068,0.22662038645458848,0.25697530536705954,0.2150833864973598,True
5056.605660566057,0.027175800097705278,0.005020078448778805,0.22392598684616366,0.2551379486158434,0.21349883020639004,True
5057.305730573057,0.2756969370809287,0.27738148061394585,0.22125191150726414,0.25423032410792235,0.2119259476140754,True
5058.005800580058,0.32960428778358547,0.3481785352640402,0.2185979854990458,0.2534025823792556,0.21036465271826657,True
5058.705870587059,0.17210858333622944,0.15735061881535636,0.21596385637839996,0.24898667384142945,0.20881486015041495,True
5059.40594059406,-0.11166749826829991,-0.11933693040573394,0.21334904253590067,0.2441733235493406,0.2072764851708887,True
5060.10601060106,-0.25483726094606823,-0.23302929261343097,0.21075298768958745,0.2428613581929593,0.20574944366435544,True
5060.806080608061,-0.07500803879544445,-0.08656368410094463,0.2081751190080524,0.24240226801166037,0.20423365213516692,True
5061.506150615061,0.19187001610756507,0.18173727499884682,0.20561490611048558,0.24014226390056662,0.20272902770280957,True
5062.206220622063,0.30993509068067066,0.32742131684811476,0.20307191809435812,0.240156450566833,0.20123548809735697,True
5062.906290629063,0.22430376395539023,0.2216411011064117,0.20054587577882102,0.2372344118490493,0.1997529516549873,True
5063.606360636064,-0.02005741806628036,-0.03584405183229568,0.19803669652267128,0.23202895588998176,0.19828133731350223,True
5064.306430643064,-0.22745524937399583,-0.2114413124351185,0.195544529272868,0.2290258155561557,0.19682056460791045,True
5065.006500650065,-0.1519264671068122,-0.15048748720426594,0.19306977791075827,0.22911784081240344,0.19537055366601228,True
5065.706570657066,0.10135988042435888,0.08575220321899196,0.19061311147158758,0.22685358748219386,0.19393122520404799,True
5066.406640664067,0.2697072106872816,0.28014371436290425,0.1881754603979166,0.22626737935133587,0.19250250052234727,True
5067.106710671067,0.25131363651708943,0.2582971586682367,0.1857579986258964,0.2250432226045865,0.19108430150104141,True
5067.806780678068,0.05973723178013566,0.04412540938798832,0.18336211196910168,0.2203781779622697,0.18967655059577684,True
5068.5068506850685,-0.17188717315027535,-0.1663467831976348,0.1809893539304315,0.21598527029265213,0.18827917083348972,True
5069.20692069207,-0.19586984639826563,-0.18510976298783122,0.17864139070965454,0.21532372713816883,0.18689208580818284,True
5069.90699069907,0.01327778519564062,-0.0008084994103206214,0.17631993775326663,0.21431574650939988,0.1855152196767624,True
5070.607060706071,0.21391311852394232,0.21529646293251037,0.17402669068532414,0.21236319013200458,0.1841484971548764,True
5071.307130713071,0.2558597047513939,0.26753159684774636,0.1717632538350071,0.21224941913652126,0.18279184351281288,True
5072.007200720072,0.12206825586864677,0.11216091048203666,0.1695310698137631,0.20888304482077216,0.18144518457139927,True
5072.707270727073,-0.1029737670029817,-0.1069751604778418,0.16733135367146387,0.20384652115649715,0.1801084466979609,True
5073.407340734074,-0.20567089421693627,-0.19220760601533432,0.16516503506288605,0.20170279362929924,0.1787815568022806,True
5074.107410741074,-0.06329775154131985,-0.07096029040260947,0.16303271157743748,0.20171326187310726,0.17746444233261638,True
5074.807480748075,0.14803396015283063,0.14203482388769162,0.16093461593067762,0.19919068534036588,0.17615703127172055,True
5075.5075507550755,0.2411420255701278,0.2523798021434797,0.15887059910142326,0.19895849955276143,0.1748592521329156,True
5076.207620762077,0.16514457717774086,0.16269251908226307,0.15684013074984476,0.1972230511807613,0.17357103395617193,True
5076.907690769077,-0.03285718325737298,-0.04218754259655748,0.1548423174069485,0.19242432699729276,0.17229230630424147,True
5077.607760776078,-0.1862106413355297,-0.1759068592293487,0.1528759380294768,0.18882462812420162,0.17102299925879275,True
5078.307830783078,-0.120788002166766,-0.12064551760577788,0.15093949561671635,0.18873725040167366,0.16976304341660123,True
5079.0079007900795,0.07812784522560656,0.06860379647095512,0.14903128273849794,0.18702000158971321,0.1685123698857414,True
5079.70797079708,0.21060962588656365,0.21772974080519708,0.14714945807542862,0.18565114118819762,0.1672709102818328,True
5080.408040804081,0.189314023850863,0.19301603398895986,0.14529213046526532,0.18524056753576149,0.16603859672428817,True
5081.108110811081,0.030228644867706593,0.020396121340935863,0.14345744651590503,0.18145043532986294,0.1648153618326144,True
5081.808180818082,-0.14606089482135093,-0.14182217140880443,0.14164367760699278,0.1769413939813682,0.16360113872271592,True
5082.5082508250825,-0.154612358589635,-0.1486005386181771,0.1398493020678628,0.17582833953056992,0.16239586100324993,True
5083.208320832084,0.010615891357008037,0.001738514620870592,0.13807307848736408,0.17534652223794003,0.16119946277198388,True
5083.908390839084,0.16800418668304765,0.1695656089814545,0.1363141064691957,0.17297639139391507,0.16001187861220456,True
5084.608460846085,0.19604006419283265,0.2030007197641197,0.13457187167507348,0.1729681711824912,0.15883304358912864,True
5085.308530853085,0.08155554071629992,0.07477664811363002,0.1328462726725686,0.17063500107610008,0.15766289324636482,True
5086.0086008600865,-0.09471144746730469,-0.09632504634092616,0.13113762789631997,0.16598824646027846,0.15650136360237674,True
5086.708670867087,-0.16402243068011427,-0.15587398639492422,0.12944666191042478,0.1635414013006704,0.15534839114699742,True
5087.408740874088,-0.04826995990263853,-0.05352650645273052,0.12777447109448464,0.16364961104228284,0.15420391283794388,True
5088.108810881088,0.11746027914972582,0.1142458835127613,0.1261224698334089,0.16137429235758907,0.1530678660973826,True
5088.808880888089,0.18736776371393463,0.19448368653752895,0.12449231923694952,0.16071629724145964,0.15194018880849589,True
5089.50895089509,0.11893425293971126,0.11667731664526829,0.12288584131232494,0.15979718306645418,0.15082081931209695,True
5090.209020902091,-0.04053171492474772,-0.045798775056570776,0.12130492232209941,0.15576272841411334,0.14970969640324724,True
5090.909090909091,-0.15184698552637763,-0.1451506867356041,0.11975140973757512,0.15222818961910645,0.14860675932792117,True
5091.609160916092,-0.09331620239120605,-0.09391644503053699,0.11822700770162424,0.15200170472879188,0.14751194777967275,True
5092.309230923092,0.0635071156582176,0.05778188852666015,0.11673317620226419,0.150716288578443,0.14642520189634972,True
5093.009300930094,0.16572963709583055,0.17062901223688356,0.11527103919288939,0.14898838177236856,0.14534646225680894,True
5093.709370937094,0.1418467049036888,0.1436170454903454,0.11384130665110216,0.14890927958923464,0.14427566987767856,True
5094.409440944095,0.010152075143163703,0.0040277977039748294,0.11244421503510929,0.14602232056799405,0.1432127662101219,True
5095.109510951095,-0.12339888077029947,-0.1201916899551029,0.11107948978460298,0.14197059418723668,0.1421576931366471,True
5095.809580958096,-0.12119185740604561,-0.11798344443031238,0.10974633245396943,0.1408102605788275,0.14111039296791844,True
5096.509650965097,0.010930239103821156,0.00529081686365073,0.108443433814852,0.140527947855635,0.14007080843961278,True
5097.209720972098,0.1339408551797133,0.1354729450683914,0.10716901289651418,0.1382395785755095,0.1390388827092778,True
5097.909790979098,0.15081371754110243,0.15493410174578554,0.10592088053393742,0.1381224585641103,0.13801455935323464,True
5098.609860986099,0.05312245354620859,0.04847932674412632,0.10469652465721434,0.13656027429307327,0.136997782363482,True
5099.309930993099,-0.08498873131028718,-0.08544312577238944,0.10349321336925095,0.13265388700916778,0.13598849614464453,True
5100.010001000101,-0.13095847116554724,-0.12601138504370984,0.10230811089593496,0.13044396931391594,0.13498664551092227,True
5100.710071007101,-0.035614980322398834,-0.03922802779998683,0.10113840080740523,0.13055558425221964,0.13399217568308375,True
5101.410141014102,0.09518792284967359,0.0935642071739052,0.09998141053020158,0.12860841521880514,0.13300503228546032,True
5102.110211021102,0.1470320014330218,0.1515520135038202,0.09883473110315323,0.12775837485748373,0.13202516134298342,True
5102.810281028103,0.08594530235971817,0.08402225615185467,0.09769632635865154,0.1272771818042987,0.13105250927822304,True
5103.510351035104,-0.04269004281641353,-0.0456577511403707,0.09656462620365143,0.12408345470806494,0.1300870229084682,True
5104.210421042105,-0.12408093122961243,-0.11965865366524658,0.09543859939000451,0.12109372106898857,0.12912864944280925,True
5104.910491049105,-0.07212432932148091,-0.0729160978817848,0.09431780205749002,0.12091506351323231,0.12817733647926113,True
5105.610561056106,0.05303168735420503,0.04953583193092952,0.09320239936305887,0.11985216503727357,0.12723303200188832,True
5106.3106310631065,0.13220584785694742,0.1355581409344473,0.09209315863951796,0.11818306481545678,0.12629568437797056,True
5107.010701070108,0.10753374119848406,0.10830810891937058,0.09099141372503596,0.11819548051266343,0.1253652423551698,True
5107.710771077108,-0.001570589806301849,-0.005398100435064953,0.08989900134445199,0.11605085979468871,0.12444165505873762,True
5108.410841084109,-0.1039066397476549,-0.10152097893377995,0.08881817167791878,0.11276015692553683,0.12352487198872383,True
5109.110911091109,-0.09584318884913597,-0.09414862689128305,0.08775147649133294,0.11187002681735668,0.12261484301722483,True
5109.8109810981105,0.011257802078206284,0.00757751506682489,0.08670163938685878,0.11162018761535471,0.12171151838563321,True
5110.511051105111,0.10847883030705915,0.109797285810525,0.08567141380917519,0.10963261812398793,0.12081484870192633,True
5111.211121112112,0.1177820517410131,0.12029135680465834,0.08466343534886112,0.10945991836142868,0.11992478493795662,True
5111.911191119112,0.0346163521378861,0.03144252441985124,0.08368007554322349,0.10839201331879209,0.11904127842677975,True
5112.611261126113,-0.07480043963584217,-0.07479205337567041,0.08272330470727292,0.10531599304972761,0.11816428085998465,True
5113.3113311331135,-0.10567037300199807,-0.10262187902797106,0.08179457126068246,0.10363769577378479,0.11729374428506113,True
5114.011401140115,-0.026410857864206924,-0.02891304305273898,0.08089470449751428,0.10374309953550612,0.11642962110276889,True
5114.711471147115,0.0783933524284263,0.07761669049657535,0.08002384675509472,0.10208872873648754,0.1155718640645439,True
5115.411541154115,0.11729301397998645,0.12024084705806712,0.07918141950201887,0.10129568754645138,0.11472042626990703,True
5116.111611161116,0.0633812904737559,0.06182996218778797,0.07836612605793102,0.10102446349481363,0.11387526116390316,True
5116.811681168117,-0.04132296542867849,-0.043067185335123985,0.077575991600804,0.09857745076883469,0.11303632253455875,True
5117.511751175118,-0.1022443375128601,-0.09926506769431262,0.07680843896714573,0.09631235046140109,0.11220356451034742,True
5118.211821182118,-0.056687344039203565,-0.057400653006164794,0.0760603966778309,0.09626547152024671,0.11137694155769064,True
5118.911891189119,0.04484696282922213,0.042658619890886804,0.07532843379109036,0.09531602162925853,0.11055640847845917,True
5119.611961196119,0.10724240076742543,0.1095416936755476,0.07460891472854016,0.09391383509929528,0.10974192040751055,True
5120.312031203121,0.0833333110321713,0.08361149430443732,0.07389816622882266,0.093954289307974,0.10893343281022715,True
5121.012101210121,-0.007599275324104022,-0.010052713697340551,0.0731926480912847,0.09235586875935077,0.10813090148008987,True
5121.712171217122,-0.08772073009297159,-0.08593781164639322,0.07248911936332841,0.08986138875799717,0.10733428253625246,True
5122.412241224122,-0.07717880480943576,-0.07624463709016836,0.07178479204176265,0.08932349964937733,0.1065435324211504,True
5123.112311231123,0.010959479602565382,0.008463082719361501,0.07107746511808746,0.08904206456930673,0.10575860789811133,True
5123.812381238124,0.08929115200335733,0.0903222798247587,0.0703656328082439,0.08740970416985888,0.10497946604899878,True
5124.512451245125,0.09398229443117825,0.09557883349354743,0.06964856198465418,0.08726586346697997,0.10420606427185766,True
5125.212521252125,0.02306250755341886,0.0208902253062422,0.06892633510574366,0.08649865472430215,0.1034383602785928,True
5125.912591259126,-0.06522981197932341,-0.06505566397486943,0.06819985627314501,0.08416221670242312,0.10267631209264863,True
5126.612661266126,-0.08671863515347565,-0.08478998470878296,0.06747081942076927,0.08303539162466458,0.10191987804672216,True
5127.312731273128,-0.020175123563686462,-0.02196423966727998,0.06674163905300723,0.08310868417728318,0.10116901678047653,True
5128.012801280128,0.06550410032850919,0.06514642285213967,0.06601534541087749,0.08171149595432464,0.10042368723828758,True
5128.712871287129,0.09554200732897601,0.09756328106556199,0.06529544746155304,0.08108609696707819,0.09968384866699116,True
5129.412941294129,0.048276069890799855,0.047075833492583596,0.06458576866790229,0.08091441845673665,0.0989494606136624,True
5130.11301130113,-0.038276915638019576,-0.03938363093607457,0.06389026206098472,0.07904875410658802,0.09822048292339637,True
5130.813081308131,-0.08547683830533562,-0.08343392893769777,0.063212812631017,0.07744785794326513,0.09749687573711997,True
5131.513151315132,-0.04577985704804471,-0.04635129327157975,0.06255703635122191,0.07749520818584608,0.096778599489405,True
5132.213221322132,0.03828118995593787,0.03687757619406794,0.06192608609946407,0.07662146664926237,0.09606561490631234,True
5132.913291329133,0.08879886377961706,0.09042537909828056,0.0613224751740434,0.0755252573438864,0.09535788300323696,True
5133.6133613361335,0.06653771532224327,0.06657337286373759,0.06074792885517276,0.07558011268483507,0.09465536508278384,True
5134.313431343135,-0.010236354416140535,-0.011903878489164526,0.06020327343428101,0.07435207348120737,0.09395802273264466,True
5135.013501350135,-0.0748554508860405,-0.07350200242892826,0.05968837029526196,0.07252596063987778,0.09326581782350478,True
5135.713571357136,-0.06374347587196104,-0.06316469212037433,0.05920210006854223,0.07225870343264751,0.09257871250695127,True
5136.413641364136,0.010236884921376197,0.008479701648425726,0.058742398785105544,0.07192224938604629,0.0918966692134104,True
5137.1137113711375,0.0750386644504593,0.07580806243366106,0.058306344618447054,0.07061707167133777,0.09121965065008654,True
5137.813781378138,0.07713908123455453,0.07818776727670625,0.057890290549484885,0.07053198994939307,0.0905476197989299,True
5138.513851385139,0.01600390063080755,0.014476780183280767,0.05749003544525733,0.06993184072086847,0.08988053991460564,True
5139.213921392139,-0.05716641786418274,-0.056919585352608555,0.05710102386441978,0.06817049196470511,0.0892183745224915,True
5139.91399139914,-0.07291058214033669,-0.07161659153025761,0.056718563545002716,0.06746606922731618,0.08856108741667663,True
5140.6140614061405,-0.015996300045035904,-0.01735223349633816,0.05633804902558342,0.06746796936426093,0.08790864265798878,True
5141.314131413142,0.05597078843309718,0.055791934157974725,0.05595518012405292,0.06629162181732022,0.08726100457202236,True
5142.014201420142,0.08004310170256249,0.08151479468463549,0.05556616489201299,0.06584091984511234,0.0866181377471946,True
5142.714271427143,0.03822342252743611,0.037313908550743735,0.05516789798304507,0.06569750633781547,0.08598000703280265,True
5143.414341434143,-0.03517660143911064,-0.03591993932589396,0.05475810692602534,0.06424869032362446,0.0853465775371082,True
5144.1144114411445,-0.0732025587513322,-0.0717612278328104,0.054335460420722584,0.06315129707452491,0.08471781462542316,True
5144.814481448145,-0.038042927797640604,-0.038531383167606646,0.05389963436544405,0.06321063010173353,0.08409368391822229,True
5145.514551455146,0.03361504773377809,0.03268420957065346,0.05345133283882254,0.062400853636444334,0.08347415128925713,True
5146.214621462146,0.07578024659626759,0.07702761545224612,0.052992262698548676,0.06157359142174537,nan,False
5146.914691469147,0.05493489035432336,0.0548526771018257,0.052525061880504494,0.06161537820414497,nan,False
5147.614761476148,-0.01167671118505199,-0.012910142183455446,0.05205318295786077,0.060624311001988576,nan,False
5148.314831483149,-0.06557437363511344,-0.06451621647985667,0.05158073512852892,0.059298425892371505,nan,False
5149.014901490149,-0.05406495054158856,-0.0536737114089915,0.05111228959378057,0.05917244353789714,nan,False
5149.71497149715,0.010192519766732426,0.008916359689013166,0.05065265527398131,0.05878178061052381,nan,False
5150.41504150415,0.06537164960887432,0.065987745759252,0.050206633907894024,0.0577528754196419,nan,False
5151.115111511152,0.06532999845047378,0.0660111867641017,0.04977876564085473,0.05770340513246048,nan,False
5151.815181518152,0.010818322502748619,0.009655713436795577,0.04937307797730121,0.05718390638986249,nan,False
5152.515251525153,-0.05177730520323771,-0.05145794408184227,0.0489928521458331,0.0558469948021193,nan,False
5153.215321532153,-0.06297137233967577,-0.06203313746407412,0.04864042117903745,0.05540332582987024,nan,False
5153.915391539154,-0.012057118673796335,-0.013160137481735718,0.04831701308545704,0.055317370772125174,nan,False
5154.615461546155,0.05022703347674076,0.05014827038759704,0.04802265026507557,0.05433747543666612,nan,False
5155.315531553156,0.06922297525222001,0.07032852607915502,0.04775611287088391,0.054014181182217215,nan,False
5156.015601560156,0.030303931195755154,0.029568161007480196,0.047514969444970176,0.05385419442594563,nan,False
5156.715671567157,-0.034032354408375015,-0.03448708886716686,0.047295673342057074,0.05270921408012811,nan,False
5157.415741574157,-0.06457518732144962,-0.06350025281629365,0.04709371877565907,0.05194493186195681,nan,False
5158.115811581159,-0.031100958628432634,-0.03161395853099398,0.04690384634217556,0.05196204543644166,nan,False
5158.815881588159,0.032070260724767825,0.031448035832001044,0.046720285020725845,0.05123280621375446,nan,False
5159.51595159516,0.06697009752820211,0.0680151825402581,0.04653701612699681,0.05060669358963491,nan,False
5160.21602160216,0.045354358858213886,0.045179040852419805,0.046348044503852825,0.050609365879312,nan,False
5160.916091609161,-0.014679309681151928,-0.015606496239677109,0.04614766315359032,0.04979134924143552,nan,False
5161.616161616162,-0.0595469802544932,-0.05867645917640506,0.04593069922939305,0.048810472667870045,nan,False
5162.316231623163,-0.04534123578325032,-0.04516142292717686,0.04569273144355467,0.04873169747488068,nan,False
5163.016301630163,0.012807121425396722,0.0118872867820068,0.045430271189604514,0.048329498899763526,nan,False
5163.716371637164,0.05939778108733604,0.06000495187964032,0.04514090176902088,0.04751669817001518,nan,False
5164.4164416441645,0.05514726376648517,0.055514056487943074,0.04482337191819495,0.04746904877837409,nan,False
5165.116511651166,0.004106581991054411,0.003150733654164833,0.04447764130468677,0.047014358830244844,nan,False
5165.816581658166,-0.049262869722418064,-0.04884102155809883,0.044104876845024364,0.04598144701951941,nan,False
5166.516651665167,-0.05382113727067123,-0.053168140820794636,0.043707399692813606,0.0456765457474344,nan,False
5167.216721672167,-0.005649445802706219,-0.006558271596230225,0.043288583697959286,0.04554570257129776,nan,False
5167.916791679168,0.04772373742485724,0.047795663671528904,0.042852707203103545,0.044737810133793236,nan,False
5168.616861686169,0.05944682767123052,0.06019693118379669,0.0424047613704873,0.044486422827339105,nan,False
5169.31693169317,0.020542935416675963,0.01987599800517064,0.04195021993277128,0.044329084230259615,nan,False
5170.01700170017,-0.035540225546098335,-0.03566511578318551,0.04149477737684506,0.04341524014048838,nan,False
5170.717071707171,-0.05633061699763743,-0.0555370175079252,0.041044065038475075,0.0428523797495617,nan,False
5171.4171417141715,-0.021572063696852092,-0.02216166045583566,0.04060335721460414,0.04285096867197872,nan,False
5172.117211721173,0.03343785735660388,0.03310576356079719,0.040177281854410996,0.042223061384286636,nan,False
5172.817281728173,0.05852551538909945,0.05936519244423703,0.03976955221900472,0.04172688157269799,nan,False
5173.517351735174,0.033343888953740394,0.033056162117120674,0.03938273660443945,0.04172395660923622,nan,False
5174.217421742174,-0.020338758110089793,-0.02089450131566746,0.0390180823690845,0.041058793074704676,nan,False
5174.9174917491755,-0.05338726751447561,-0.05269404214889737,0.03867540785640899,0.04029959781450515,nan,False
5175.617561756176,-0.0336134498488555,-0.03371870149252663,0.038353071427018624,0.04026529694363958,nan,False
5176.317631763177,0.018198348183624695,0.01764582146781661,0.03804802113269968,0.039907929881571415,nan,False
5177.017701770177,0.053112363347719245,0.05372809766080109,0.03775592230273344,0.03924353210932009,nan,False
5177.717771777178,0.04175732822896944,0.04181053395797358,0.03747135434405488,0.03922526107902676,nan,False
5178.417841784179,-0.00551526560848134,-0.006207914145093582,0.03718806320593351,0.03886435866559917,nan,False
5179.11791179118,-0.04611770999687133,-0.045650455281027465,0.036899252813228846,0.038034665160083456,nan,False
5179.81798179818,-0.0409858436119664,-0.040691687630034494,0.036597897562395086,0.03784239489116165,nan,False
5180.518051805181,0.003649594043799076,0.003034010377518291,0.03627705857222822,0.03774119347913455,nan,False
5181.218121812181,0.04430466784982763,0.04455032693382837,0.03593018837943564,0.037059310746101075,nan,False
5181.9181918191825,0.0455814757929,0.04590377189767808,0.035551411616228656,0.036889751976089555,nan,False
5182.618261826183,0.007401068669622798,0.006851914330762066,0.03513577234674828,0.0368030521015202,nan,False
5183.318331833184,-0.03602797637911613,-0.035855190641687115,0.034679441708732626,0.036051644514049214,nan,False
5184.018401840184,-0.04354164197511011,-0.043094161862383955,0.03417988198960213,0.03564820641322008,nan,False
5184.718471847185,-0.008765739306548885,-0.009287672693751733,0.0336359650958686,0.03570674262696995,nan,False
5185.418541854186,0.033435874309599586,0.03338875840898825,0.033048044510122124,0.03516356279856858,nan,False
5186.118611861187,0.04509202128627962,0.04556602208949798,0.03241798032157409,0.034789173205399176,nan,False
5186.818681868187,0.017313578091843793,0.017004831268027397,0.03174911687502485,0.034873570053499454,nan,False
5187.518751875188,-0.024752225828430847,-0.024876855782462327,0.03104621216293756,0.03432973990475115,nan,False
5188.218821882188,-0.04173874762571664,-0.04133671108673689,0.030315317482441182,0.03374185902419306,nan,False
5188.91889188919,-0.017956828717920405,-0.01824115375629699,0.029563605342584322,0.03382751256114305,nan,False
5189.61896189619,0.021962541011137975,0.021784920793652407,0.02879914346006127,0.03352484892685402,nan,False
5190.319031903191,0.040981509677571394,0.041423405228304705,0.028030613329653453,0.03298920650865041,nan,False
5191.019101910191,0.023596108519726065,0.02346680713131127,0.027266973771419328,0.03310422099338293,nan,False
5191.719171917192,-0.013853549745194349,-0.014155449573675948,0.02651707350405497,0.03284357321411906,nan,False
5192.419241924193,-0.036545128157502126,-0.03624139219841218,0.025789222470038148,0.032163732243329995,nan,False
5193.119311931193,-0.023323162755370025,-0.023339753125718562,0.02509073923145077,0.03215514920455469,nan,False
5193.819381938194,0.011311939659591508,0.011095376501560623,0.024427500466735006,0.032113229845765257,nan,False
5194.519451945194,0.03428115997981733,0.0345356157870878,0.023803526766327056,0.03153190442564477,nan,False
5195.2195219521955,0.02610978443584067,0.026092395498191402,0.02322064413788598,0.031548780742363815,nan,False
5195.919591959196,-0.0046342012995534655,-0.004916578303114307,0.022678260304071086,0.031574909504100836,nan,False
5196.619661966197,-0.029250419353581206,-0.029035667297877037,0.02217328722893191,0.030932454971648052,nan,False
5197.319731973197,-0.02481984886320486,-0.024698197336103112,0.021700226423210314,0.030754268894913086,nan,False
5198.019801980198,0.0026903761304323003,0.002461519520046022,0.021251413895880904,0.030918958815937425,nan,False
5198.7198719871985,0.0262237656358458,0.026292048305886762,0.020817401447782262,0.030429230638691403,nan,False
5199.4199419942,0.02517132241190977,0.025249369045736037,0.02038743505564606,0.030275006688521944,nan,False
5200.1200120012,0.0019940114106293994,0.001843240138188503,0.0199499827483798,0.0305210404795283,nan,False
5200.820082008201,-0.021252296522584858,-0.021146467371581934,0.019493264542974762,0.03004668304716118,nan,False
5201.520152015201,-0.02293371474757238,-0.02283339605191168,0.019005744131870842,0.029686755562249492,nan,False
5202.2202220222025,-0.0030573615985160204,-0.00324725216696188,0.018476553035394996,0.02995750203071903,nan,False
5202.920292029203,0.01812059306555748,0.01812478499986446,0.017895829557290712,0.02966943970526722,nan,False
5203.620362036204,0.021482741963202292,0.021617055660403128,0.017254964522667022,0.029348093395591343,nan,False
5204.320432043204,0.00553972512042448,0.005479574048244626,0.01654675188342909,0.029699155989022934,nan,False
5205.020502050205,-0.013881820833444957,-0.01389068283232084,0.01576544406905825,0.029491041304925143,nan,False
5205.720572057206,-0.018561673323915655,-0.018526325353455695,0.014906708774159788,0.029000960449350043,nan,False
5206.420642064207,-0.0055250355127543565,-0.005614346225951249,0.01396747409634347,0.029264121843795593,nan,False
5207.120712071207,0.011207461600945962,0.01123595550791315,0.012945628100839655,0.02923224150621976,nan,False
5207.820782078208,0.016023488480817635,0.016128988061969312,0.011839495163757948,0.02881462041313409,nan,False
5208.520852085208,0.00594187740208479,0.005882158744975288,0.010646912811516297,0.029144988954672626,nan,False
5209.22092209221,-0.008234582858851466,-0.008296639040193532,0.009363484448245757,0.029243441725246077,nan,False
5209.92099209921,-0.01286143661677042,-0.012829882482048175,0.00797886143129131,0.028724365271793433,nan,False
5210.621062106211,-0.004810873021786691,-0.004800592573155291,0.006467344066146015,0.028882488364344303,nan,False
5211.321132113211,0.006495586934042354,0.006525211674909952,0.004756588016084921,0.029101264787286713,nan,False
5212.021202120212,0.009974651203818465,0.009988377284175568,0.002538481885117699,0.0286937498785121,nan,False
5212.721272127213,0.00356225514600614,0.0034917902540562867,0.0,0.02890518672625141,nan,False
5213.421342134214,-0.005096656212338771,-0.0051129617186625185,0.0,0.029283496384839194,nan,False
5214.121412141214,-0.0070932042139109095,-0.007029739272140751,0.0,0.02886035448899492,nan,False
5214.821482148215,-0.0014642196571366015,-0.0014431433042779531,0.0,0.028854854711995438,nan,False
5215.521552155215,0.0046450468735804735,0.004622183259837175,0.0,0.029268306209655405,nan,False
5216.221622162217,0.004562747368409131,0.004527231474865403,0.0,0.02897838305049657,nan,False
5216.921692169217,-0.0008756866436883975,-0.0008942659757970432,0.0,0.02902454847709173,nan,False
5217.621762176218,-0.004855414667791356,-0.004811746106004898,0.0,0.029598196428363838,nan,False
5218.321832183218,-0.0024470210870628528,-0.0024049998098359766,0.0031839829380780945,0.029387115242534335,nan,False
5219.021902190219,0.0035989907000479214,0.003570308898354051,0.004802021193679013,0.029213313019924823,nan,False
5219.72197219722,0.005876232844680444,0.005825232596898354,0.006072561940942852,0.029729573868567994,nan,False
5220.422042204221,0.0009182445370570309,0.0009149695105530555,0.007147549633986256,0.029641314699571215,nan,False
5221.122112211221,-0.006360456973062525,-0.00630820030580253,0.008076794645197921,0.029532849223096593,nan,False
5221.822182218222,-0.007487736136770499,-0.0074598548259285965,0.008883760054309563,0.03018412315005819,nan,False
5222.5222522252225,8.802316026824852e-05,4.8627408431099184e-05,0.009582941749314317,0.03026167686602679,nan,False
5223.222322232224,0.009230667898172036,0.00920185028490032,0.010185854666977833,0.02997349292919567,nan,False
5223.922392239224,0.009937219632838296,0.009937131531832824,0.010703596142304877,0.030482513844637765,nan,False
5224.622462246225,-6.548778742833263e-05,-4.827105891945394e-05,0.011148087440606243,0.03064258642843346,nan,False
5225.322532253225,-0.011692154177126447,-0.01163253718363294,0.01153268338210201,0.030436922989175122,nan,False
5226.022602260226,-0.012561715069590924,-0.012581477214533334,0.011872397262974668,0.031045822551270853,nan,False
5226.722672267227,-0.00017267143475603255,-0.0002737690188725992,0.012183822725651487,0.03142877728126578,nan,False
5227.422742274228,0.014213222578932351,0.014256758861184562,0.012484769631000052,0.031127097809519617,nan,False
5228.122812281228,0.016144858346603674,0.01622535824974316,0.01279361751240421,0.03152526759130168,nan,False
5228.822882288229,0.0021214173777834335,0.002063053039998977,0.013128413366474058,0.031933445045463624,nan,False
5229.5229522952295,-0.015632204967036566,-0.0156245393566192,0.013505791151560169,0.03171808920286845,nan,False
5230.223022302231,-0.019268927097057156,-0.019249435048455055,0.013939850854063053,0.03218975104527758,nan,False
5230.923092309231,-0.003542633828427979,-0.003649330430616101,0.014441176940211024,0.03283179242741046,nan,False
5231.623162316232,0.017399985010576578,0.01747972527873062,0.015016170933589408,0.03263703415572986,nan,False
5232.323232323232,0.02349042511333095,0.02362095324820789,0.01566681094960058,0.03285687153909902,nan,False
5233.0233023302335,0.007543701897239538,0.007368553598619087,0.01639085233922993,0.03346023477092644,nan,False
5233.723372337234,-0.017052418272616728,-0.017095177774117634,0.01718238836194512,0.033334527653614957,nan,False
5234.423442344235,-0.026496646849329862,-0.026321924793451672,0.01803263345180786,0.033617841582535855,nan,False
5235.123512351235,-0.009925105478610386,-0.010029873047893852,0.0189307853964929,0.0344221768736008,nan,False
5235.823582358236,0.01783595511355298,0.017808841140979532,0.0198648536682276,0.03443963944864855,nan,False
5236.523652365237,0.030749569026679295,0.030929801116214857,0.020822386357447466,0.03447445252357478,nan,False
5237.223722372238,0.015780308446835797,0.015591395721784375,0.021791069033293822,0.035171663248202534,nan,False
5237.923792379238,-0.01509520011278285,-0.015198148530727327,0.022759196695583322,0.035225545402366006,nan,False
5238.623862386239,-0.032920286991553104,-0.03259292685763587,0.02371603432806798,0.03532221733523659,nan,False
5239.323932393239,-0.018786392125092862,-0.01889378671125096,0.024652085951297614,0.03616516478649945,nan,False
5240.0240024002405,0.014872283275556047,0.014633064120709697,0.02555929068289114,0.036454795478244414,nan,False
5240.724072407241,0.036645940168390394,0.036920041546475706,0.02643116037668455,0.03636471157253865,nan,False
5241.424142414242,0.02597462732061533,0.0259337114758942,0.02726286890623656,0.03702831205666758,nan,False
5242.124212421242,-0.009330921183609849,-0.009580138246091292,0.028051299072109303,0.037317160835406885,nan,False
5242.824282428243,-0.03717642629230728,-0.036826775715836736,0.028795049829314915,0.03728121182821572,nan,False
5243.524352435244,-0.029191411878389594,-0.02921028052951756,0.02949440413607335,0.03803992398041941,nan,False
5244.224422442245,0.00823554405198406,0.007806446146447616,0.030151256196562143,0.038600199678671746,nan,False
5244.924492449245,0.03999372214894119,0.040335695033391954,0.03076899618398021,0.038493819744417096,nan,False
5245.624562456246,0.03695710495248546,0.03715344141761898,0.03135235069311753,0.03900879738577831,nan,False
5246.324632463246,0.00017834981501509386,-0.0002962397662874537,0.03190717821920177,0.0395302146153989,nan,False
5247.024702470248,-0.03802666023418405,-0.03780170328750673,0.03244022092057649,0.03945708175261326,nan,False
5247.724772477248,-0.03985963774602582,-0.039609694490671817,0.0329588167648902,0.040036637089933796,nan,False
5248.424842484249,-0.0019275598009687808,-0.0024489507554945706,0.03347057972700649,0.04080546307829072,nan,False
5249.124912491249,0.03980258932630797,0.040028732386196225,0.03398305967225941,0.04080436918748774,nan,False
5249.82498249825,0.04735889124439045,0.047795802672090305,0.03450339739836246,0.041108829451558665,nan,False
5250.525052505251,0.012843494416795446,0.012227357262145688,0.03503799335033398,0.04179305554572493,nan,False
5251.225122512252,-0.03454780301602089,-0.034550530422020664,0.03559221005488262,0.04179626915504474,nan,False
5251.925192519252,-0.0492571579893374,-0.04863608344456209,0.036170127768511674,0.04215150342307435,nan,False
5252.625262526253,-0.014989394189705307,-0.015499089346659254,0.0367743699400739,0.043021690664331626,nan,False
5253.3253325332535,0.0354032375553256,0.03526689021453531,0.037406010042826655,0.04322191532293841,nan,False
5254.025402540255,0.05576433647754592,0.05642196520986308,0.03806456477820532,0.04333023272342535,nan,False
5254.725472547255,0.02759041418005214,0.02709972826932394,0.038748071565276695,0.04405457320201681,nan,False
5255.425542554256,-0.02631747394816683,-0.02664636292533894,0.03945324166827427,0.044232004542529124,nan,False
5256.125612561256,-0.055776020379309635,-0.05490793869665622,0.04017567517554819,0.0443797327658677,nan,False
5256.825682568257,-0.029858378416578464,-0.030208118267259138,0.0409101208611762,0.045224049317353,nan,False
5257.525752575258,0.02652181906151839,0.025913996453167467,0.041650762840669486,0.04566790302638507,nan,False
5258.225822582259,0.060872310195609174,0.06168559632552024,0.04239151660525859,0.04566511578182018,nan,False
5258.925892589259,0.04301787441339401,0.04293020944403525,0.04312631898233861,0.046292975202141866,nan,False
5259.62596259626,-0.013496795103373848,-0.014244642570493762,0.04384939924701583,0.04669109080428456,nan,False
5260.3260326032605,-0.057962066283534536,-0.05714065106689809,0.04455552148662456,0.046708260016303266,nan,False
5261.026102610262,-0.04505003331281308,-0.04499474141977566,0.045240191019966076,0.047409558682866615,nan,False
5261.726172617262,0.013336403149240167,0.012360677974382913,0.04589981998122658,0.04807453747964682,nan,False
5262.426242624263,0.06162271121556967,0.0623671810595346,0.04653184902480855,0.04808467532680549,nan,False
5263.126312631263,0.05754937097422762,0.05799148258441883,0.04713482353026287,0.048515653117014244,nan,False
5263.8263826382645,0.0031389806571619203,0.0020341577985026563,0.04770842379078968,0.04910623886468448,nan,False
5264.526452645265,-0.05473417149622619,-0.054257308046302,0.04825344959087229,0.04911029822311069,nan,False
5265.226522652266,-0.058764891303353176,-0.05808881747349388,0.04877176045681852,0.04959107762671285,nan,False
5265.926592659266,-0.0034612365257084277,-0.004576551382876074,0.04926617381879829,0.05039662867821329,nan,False
5266.626662666267,0.057268055827183785,0.05758402509074861,0.049740324440464785,0.05053973598277259,nan,False
5267.3267326732675,0.0695761248003312,0.07052233049477964,0.050198489790665796,0.05074786225499855,nan,False
5268.026802680269,0.022295885504559205,0.02114556025548727,0.05064538753193401,0.0514308937935482,nan,False
5268.726872687269,-0.04557945602171511,-0.045669084419931595,0.051085952898222445,0.05154427391941653,nan,False
5269.42694269427,-0.06909043770933698,-0.06781648746466608,0.0515251052821727,0.0517885241048658,nan,False
5270.12701270127,-0.02266680426829682,-0.023630233477002823,0.05196751465111553,0.05261641144402283,nan,False
5270.827082708271,0.04749014430173486,0.04707340708740847,0.052417379234909106,0.05297057261883267,nan,False
5271.527152715272,0.07763327410313967,0.07894043451475387,0.05287822606385685,0.05301296652514573,nan,False
5272.227222722272,0.04229001289489483,0.04155986804561508,0.053352745223609964,0.053649616122209226,nan,False
5272.927292729273,-0.030707105937207817,-0.03148900070907457,0.053842667078255184,0.053956793180596666,nan,False
5273.627362736273,-0.07424558649491551,-0.07272447766367914,0.05434868926182841,0.05401756002760432,nan,False
5274.327432743275,-0.04257748022880844,-0.04304377709677963,0.05487045715187539,0.05474183825395443,nan,False
5275.027502750275,0.03246320671516978,0.031286037869609165,0.05540659811939821,0.05532095245306079,nan,False
5275.727572757276,0.08051912082414031,0.08190414059381555,0.0559548064537863,0.05531484460919005,nan,False
5276.427642764276,0.06125721833874843,0.06130966131000087,0.05651197283372756,0.05578093396738673,nan,False
5277.127712771277,-0.01105678077213898,-0.012494411482392206,0.05707434983096467,0.05629307128263582,nan,False
5277.827782778278,-0.07287655527787854,-0.07163170081074513,0.0576377433570451,0.05628052314620646,nan,False
5278.527852785279,-0.06111025781015168,-0.06074040477568028,0.058197719234957146,0.0568011631265031,nan,False
5279.227922792279,0.01290882703077493,0.011252133262310872,0.05874981412793834,0.0575516860208919,nan,False
5279.92799279928,0.07739685135861835,0.07840802284925735,0.05928974073944836,0.05763124757299339,nan,False
5280.6280628062805,0.07735032082124753,0.07827114096402678,0.05981357832654113,0.057867225294690725,nan,False
5281.328132813282,0.011813908529363993,0.010036897280464564,0.0603179409594162,0.058511516779038764,nan,False
5282.028202820282,-0.06431629810291711,-0.06380248506156595,0.060800117457401624,0.058560208487471725,nan,False
5282.728272827283,-0.0760044619126457,-0.07466900376008857,0.0612581784249798,0.058832793584462625,nan,False
5283.428342834283,-0.009864307671664789,-0.01154555718698009,0.06169104723815935,0.05964826194436325,nan,False
5284.128412841284,0.0678850177230968,0.06803164454614585,0.06209853317174629,0.05991951995987899,nan,False
5284.828482848285,0.08889767981558724,0.09051250548282228,0.06248132612415865,0.059954311783573064,nan,False
5285.528552855286,0.0359153985599062,0.034388092101722535,0.06284095361899111,0.06059763321116934,nan,False
5286.228622862286,-0.048747957092031106,-0.04922078471132609,0.06317970197615497,0.06082036471003187,nan,False
5286.928692869287,-0.08510908694811338,-0.08309401432385757,0.06350050477556157,0.06087319202097423,nan,False
5287.6287628762875,-0.033986667946350205,-0.03518290306957322,0.06380680298781885,0.06162239062598145,nan,False
5288.328832883289,0.0521285087146124,0.05116340330898106,0.06410238239515258,0.06213069787429555,nan,False
5289.028902890289,0.09454968500873842,0.09648840363487116,0.06439119511474399,0.06206989717961155,nan,False
5289.72897289729,0.05907679596321718,0.05841385238031229,0.06467717307697367,0.06257078829413654,nan,False
5290.42904290429,-0.02722909021055038,-0.02869403749113226,0.06496404209014664,0.06301382267986229,nan,False
5291.1291129112915,-0.08672599216494806,-0.08469091245762465,0.06525514551986795,0.06294468234557014,nan,False
5291.829182918292,-0.057120823739207856,-0.05735487494601612,0.06555328651527319,0.06350754705147933,nan,False
5292.529252925293,0.0308554361303726,0.02896651383592164,0.06586059705046651,0.06422451770954167,nan,False
5293.229322932293,0.09335951827153079,0.09508483649770597,0.06617844079778464,0.06421061436916052,nan,False
5293.929392939294,0.07917273903856054,0.07969708211458915,0.06650735505845805,0.06447795871475277,nan,False
5294.629462946295,-0.0015550623579687725,-0.003708541702586672,0.06684703476537222,0.06509692801031174,nan,False
5295.329532953296,-0.07993217927629145,-0.07861095032297254,0.06719635911944356,0.06504616281779638,nan,False
5296.029602960296,-0.07666520574237093,-0.0756490073902045,0.06755345893762572,0.06534986281653703,nan,False
5296.729672967297,0.00543488141971984,0.0031798041831320916,0.06791582049138795,0.06618065019667413,nan,False
5297.429742974297,0.08487743628385667,0.08576047450247358,0.06828041968501734,0.06634355611486045,nan,False
5298.1298129812985,0.09431431336328104,0.09592648394584956,0.06864387899525784,0.06637483838709944,nan,False
5298.829882988299,0.025979221564475657,0.02377683464616421,0.06900263873172768,0.06704620031016677,nan,False
5299.5299529953,-0.06480676960492114,-0.06469399189635078,0.06935313387895971,0.06715043842572128,nan,False
5300.2300230023,-0.09008582350357683,-0.08795897333219728,0.0696919679878443,0.06719553303723266,nan,False
5300.930093009301,-0.022137598297642197,-0.024053139874373665,0.07001607620249843,0.06800374121005395,nan,False
5301.630163016302,0.06921254384132397,0.06878135737260013,0.07032287042879293,0.0684191420055891,nan,False
5302.330233023303,0.10299526732427405,0.10525683000277951,0.0706103607674754,0.0683019119997295,nan,False
5303.030303030303,0.05289322926386394,0.051444146727437697,0.07087724855990311,0.06886998346582926,nan,False
5303.730373037304,-0.04245171408692849,-0.043658093426334546,0.07112298766489332,0.06921020041900747,nan,False
5304.430443044304,-0.09529987886266562,-0.09272363941048312,0.07134781186368688,0.06907707763381259,nan,False
5305.130513051306,-0.049323140457107166,-0.05024643112181693,0.07155272756147321,0.06972200869392339,nan,False
5305.830583058306,0.0470794085867105,0.04531981517334371,0.07173947221748991,0.07038819163816774,nan,False
5306.530653065307,0.10415873351130574,0.10642717848293269,0.07191044019618663,0.07026685208709171,nan,False
5307.230723072307,0.07677641310776476,0.07668174855872385,0.07206857898928003,0.07060784488574565,nan,False
5307.930793079308,-0.0148441583215929,-0.017082480347986508,0.0722172599997964,0.07117266128218089,nan,False
5308.630863086309,-0.09105856184911879,-0.08898032752394638,0.07236012927092747,0.07100180438495537,nan,False
5309.33093309331,-0.07322185887450647,-0.07271935641884938,0.07250094462891446,0.07137991234079175,nan,False
5310.03100310031,0.01986782291918014,0.017312829727686586,0.072643406611802,0.0722170897834441,nan,False
5310.731073107311,0.09727187007040398,0.0988147207923772,0.07279099118256378,0.07224172386014317,nan,False
5311.431143114311,0.09550896952978942,0.09686591785871712,0.07294679248001379,0.07231505497691593,nan,False
5312.131213121313,0.015456288208070197,0.012841547975291225,0.07311338366257658,0.07299860858526755,nan,False
5312.831283128313,-0.07724086290329597,-0.07645672253956844,0.07329270319732621,0.07294649283208827,nan,False
5313.531353135314,-0.09094235497193212,-0.08899602877852426,0.07348597273607835,0.0730257941540943,nan,False
5314.231423142314,-0.010359878968475846,-0.012841007827864724,0.07369365105306318,0.0738964401058658,nan,False
5314.931493149315,0.08238936285263031,0.08256711566083695,0.07391542650322167,0.07417369780987469,nan,False
5315.631563156316,0.10742225253390451,0.10979844068661836,0.07415024824986886,0.07403804163929852,nan,False
5316.331633163317,0.04567729422584612,0.043587956053217115,0.07439639428529891,0.07467833788362804,nan,False
5317.031703170317,-0.05491169358144562,-0.05572843443011339,0.07465157220932989,0.07486132023905025,nan,False
5317.731773177318,-0.10001866227649195,-0.09719050809477563,0.07491304699636155,0.07469745631717314,nan,False
5318.4318431843185,-0.04093361908450751,-0.042476686259974764,0.07517778868556363,0.07544339013350608,nan,False
5319.13191319132,0.06018419734913317,0.058751419989815805,0.07544263213119501,0.07600362265579456,nan,False
5319.83198319832,0.11133198141326953,0.11397777425031601,0.07570444065540298,0.07579364148057428,nan,False
5320.532053205321,0.07313207947841324,0.07240529603286212,0.0759602656125048,0.07623746893403173,nan,False
5321.232123212321,-0.02613355034589152,-0.02831700567548635,0.07620749442759409,0.07668426966586159,nan,False
5321.9321932193225,-0.09882673170874895,-0.09616091295171542,0.07644398052444357,0.07640906243734417,nan,False
5322.632263226323,-0.06875144541865666,-0.06875165031941242,0.0766681496190596,0.07689672854421513,nan,False
5323.332333233324,0.03199164817814496,0.02934217514269749,0.07687907804891787,0.07768405283495805,nan,False
5324.032403240324,0.10659809331488167,0.10865998817951032,0.07707654007504698,0.07756156853376421,nan,False
5324.732473247325,0.09547078374122696,0.09646115134935612,0.07726102239560115,0.07772582647014908,nan,False
5325.4325432543255,0.006330463354345299,0.0034617028676720224,0.07743370542238452,0.07836115897339342,nan,False
5326.132613261327,-0.08696215719961922,-0.08552656490723942,0.07759641218354697,0.07814316133681085,nan,False
5326.832683268327,-0.09059713504307172,-0.08890147484000858,0.07775152701567653,0.07830503347510341,nan,False
5327.532753275328,-0.00012447747348657084,-0.0030601859650461393,0.07790188748074932,0.07919126781243026,nan,False
5328.232823282328,0.09316522720190003,0.09387683313818744,0.07805065415861369,0.07929161015247212,nan,False
5328.9328932893295,0.11080340288538554,0.1132046244823504,0.0782011640779958,0.0791941930330385,nan,False
5329.63296329633,0.039431419542984875,0.03684460360699,0.0783567744946234,0.0798650142974673,nan,False
5330.333033303331,-0.06533579462353961,-0.06572746967483739,0.07852070442678513,0.07985224160748847,nan,False
5331.033103310331,-0.10360961489498897,-0.10066486799104256,0.07869588173413423,0.07971191400137961,nan,False
5331.733173317332,-0.033435308717647036,-0.03556708764030087,0.07888480350031747,0.08053097207767689,nan,False
5332.433243324333,0.07160824268468607,0.07054089616238676,0.07908941700160416,0.08092095591938904,nan,False
5333.133313331334,0.11778462284527043,0.1207770334672363,0.07931102759600386,0.08067096737064978,nan,False
5333.833383338334,0.07020546146929112,0.06888792846310526,0.07955023848025305,0.08120622122128408,nan,False
5334.533453345335,-0.036034320760267254,-0.038149107543272685,0.07980692551468169,0.08147090170571303,nan,False
5335.233523352335,-0.10577655494633766,-0.10261330010281686,0.08008024833098448,0.08114054609129995,nan,False
5335.933593359337,-0.06469434214854591,-0.06518848430753238,0.08036869686836001,0.08173539211795319,nan,False
5336.633663366337,0.04318386615352285,0.04052705422087488,0.08067017049235953,0.08239324850092103,nan,False
5337.333733373338,0.11564009444394223,0.1182126922566591,0.08098208509059891,0.08214953762891203,nan,False
5338.033803380338,0.09603760568722693,0.09660420856714891,0.08130150213188019,0.08242687189513857,nan,False
5338.733873387339,-0.0019706100338865726,-0.0051009549913435875,0.081625272698936,0.08293612317297662,nan,False
5339.43394339434,-0.09633597679661873,-0.0942225034310573,0.0819501889902586,0.0825837114187234,nan,False
5340.134013401341,-0.09042931963634904,-0.0889810449348502,0.08227313571890431,0.08285319678623078,nan,False
5340.834083408341,0.009877482026135842,0.006512005605817286,0.0825912341660896,0.08367377901480814,nan,False
5341.534153415342,0.10417666400272406,0.10542030524621904,0.08290197230375214,0.08359107807999885,nan,False
5342.234223422342,0.1148173613681687,0.11717798027189592,0.0832033153035455,0.08358058456722478,nan,False
5342.934293429344,0.03356687071573053,0.03047235440938557,0.08349379182450457,0.08420804507531693,nan,False
5343.634363436344,-0.07597324360857266,-0.07583098929496328,0.0837725526534491,0.08400256532838692,nan,False
5344.334433443345,-0.10740966206573567,-0.10436401973781678,0.08403939951186494,0.08393395913018278,nan,False
5345.034503450345,-0.025587772972356763,-0.02839819790412753,0.08429478310557324,0.08475746563755256,nan,False
5345.734573457346,0.08383799627771643,0.08317363694854003,0.0845397707548763,0.08493796727836918,nan,False
5346.434643464347,0.1250047924025577,0.12836520236070037,0.08477598518408168,0.0847079607011981,nan,False
5347.134713471348,0.06732941907258888,0.06538018551258738,0.08500551725045068,0.08528298415197628,nan,False
5347.834783478348,-0.04671711177715039,-0.04868292066390923,0.08523081652722919,0.08533574290459697,nan,False
5348.534853485348,-0.11319350519610132,-0.10953926449208237,0.08545456468649032,0.08501120759179068,nan,False
5349.2349234923495,-0.05987142886441326,-0.06100765177539602,0.08567953750657799,0.08566867606391126,nan,False
5349.93499349935,0.055760187704537854,0.05318788665868249,0.08590846199797779,0.08613122881433086,nan,False
5350.635063506351,0.12566003740615256,0.12885420504452574,0.08614387553839063,0.08581954965106788,nan,False
5351.335133513351,0.09642295165706878,0.09643890512074532,0.08638799397535543,0.08619221652271764,nan,False
5352.035203520352,-0.01158839025040953,-0.014989806805112131,0.08664259535024171,0.0865172718188033,nan,False
5352.735273527353,-0.10661957524085919,-0.10373341325696438,0.08690892520314103,0.08608954102469835,nan,False
5353.435343534354,-0.0892811940531005,-0.08820894130869722,0.0871876283495725,0.08645253344215484,nan,False
5354.135413541354,0.021843703769034294,0.018106524678062716,0.08747871062871015,0.08712667646761749,nan,False
5354.835483548355,0.11645598458033987,0.11837410243535262,0.08778153249584264,0.0868923848854754,nan,False
5355.535553555355,0.11849088623588733,0.12063533572376678,0.08809483458206334,0.08698612640267744,nan,False
5356.2356235623565,0.02589170927262507,0.022215301951386393,0.08841679359910676,0.08749720742019439,nan,False
5356.935693569357,-0.08809568967009493,-0.08719172067972823,0.08874510535288888,0.08714067779932796,nan,False
5357.635763576358,-0.1102489926986277,-0.10719679255890029,0.0890770902552718,0.0871601926384188,nan,False
5358.335833583358,-0.01522351321946268,-0.018797445592740544,0.08940981567184937,0.08790622660408691,nan,False
5359.035903590359,0.09771917354836718,0.09761966443516815,0.08974022876095784,0.08787851596103043,nan,False
5359.73597359736,0.13180696465901523,0.13542656781091905,0.09006529315715811,0.08771167777826189,nan,False
5360.436043604361,0.062197124416355484,0.05949692609847948,0.09038212291099362,0.08825688640538773,nan,False
5361.136113611361,-0.059543080501938586,-0.061087142691480044,0.09068810747270314,0.08810992365889875,nan,False
5361.836183618362,-0.11992499220793354,-0.11583824279696565,0.09098102214381035,0.08783149161499687,nan,False
5362.536253625362,-0.05205473059445078,-0.05407583809211745,0.09125911925618273,0.08848143176147391,nan,False
5363.236323632364,0.07047885379549555,0.06820033459271349,0.09152119631544942,0.08871950663688521,nan,False
5363.936393639364,0.13528495752569453,0.13913964742410023,0.0917666384151105,0.08839315098943756,nan,False
5364.636463646365,0.0941620539001921,0.09342541716186513,0.0919954333494681,0.08881203927620819,nan,False
5365.336533653365,-0.02404532714967848,-0.027527491147241335,0.09220815899709695,0.08893149099867897,nan,False
5366.036603660366,-0.11674246560338454,-0.11304500216119433,0.09240594368726364,0.08848034273956648,nan,False
5366.736673667367,-0.08480893948733734,-0.0844257360264749,0.09259040137724166,0.08888791684548503,nan,False
5367.436743674368,0.03655536902191211,0.03267079689824004,0.09276354453429923,0.08936257398293583,nan,False
5368.136813681368,0.1285006255059928,0.13126075183549407,0.09292767860248986,0.08902339468617311,nan,False
5368.836883688369,0.1192073794387764,0.12082628622763168,0.09308528280393505,0.08920237893794598,nan,False
5369.536953695369,0.014677376145319016,0.010477813855774707,0.09323888273264087,0.08954775965799684,nan,False
5370.237023702371,-0.10081067423100201,-0.09892124972772008,0.09339092069715507,0.08908853644024682,nan,False
5370.937093709371,-0.10966251274083925,-0.10690279584811506,0.09354363000797387,0.08917264781354298,nan,False
5371.637163716372,-0.001411823115177833,-0.005640441095562438,0.09369891934566454,0.08977488925762495,nan,False
5372.337233723372,0.11171130945531706,0.11242118078935551,0.09385827296001442,0.08956671494885081,nan,False
5373.037303730373,0.135450251147359,0.138997226609,0.09402267173527423,0.08947354120556324,nan,False
5373.737373737374,0.05285111594931901,0.04935015446223241,0.09419253913495527,0.08992576028032942,nan,False
5374.437443744375,-0.07389431352123337,-0.07462045519250915,0.09436771476324711,0.08960970254652419,nan,False
5375.137513751375,-0.12342917046544491,-0.11916974053807963,0.09454745682647678,0.08937766495368359,nan,False
5375.837583758376,-0.04005641060432791,-0.04307844435960124,0.09473047324330265,0.08995179518730648,nan,False
5376.5376537653765,0.08587121255549203,0.08421142897140514,0.09491497964152965,0.0899688607875572,nan,False
5377.237723772378,0.14171096118533075,0.14601235232407886,0.09509878109443728,0.0896585307932668,nan,False
5377.937793779378,0.08709222659964255,0.0854323996535484,0.09527937327817347,0.09006395656827441,nan,False
5378.637863786379,-0.03907241558858447,-0.04219852669786347,0.09545405783942243,0.08998164676119075,nan,False
5379.337933793379,-0.12419653985647537,-0.11985401428453366,0.09562006618689779,0.08952481276397295,nan,False
5380.0380038003805,-0.0754887401146308,-0.07612916191294708,0.0957746856710043,0.08991621809527703,nan,False
5380.738073807381,0.05273634919470127,0.049104991552374855,0.09591538217850945,0.09017226498721788,nan,False
5381.438143814382,0.13750660102878487,0.1410926090886255,0.0960399135093718,0.08976589873150617,nan,False
5382.138213821382,0.11463152781655768,0.11539531423387311,0.09614642847632952,0.08998839409449241,nan,False
5382.838283828383,-0.00017772079275518688,-0.004565783430930947,0.0962335474248893,0.09014415718057302,nan,False
5383.5383538353835,-0.1117479088159084,-0.10884529800753372,0.0963004207645315,0.08960769933338242,nan,False
5384.238423842385,-0.10375737259889516,-0.10174262713235285,0.09634676308868166,0.08970960508604627,nan,False
5384.938493849385,0.01486250307620471,0.010365484906708208,0.09637286150599678,0.09013250170247293,nan,False
5385.638563856386,0.12306351540211963,0.12474944930593974,0.09637955787936621,0.0897764129247118,nan,False
5386.338633863386,0.13347851093894406,0.13647972546525225,0.09636820574700862,0.08974008597020891,nan,False
5387.0387038703875,0.03884755923865596,0.03471503307785365,0.09634060375799706,0.09005499516575746,nan,False
5387.738773877388,-0.08764699949064735,-0.08725148183284301,0.0962989084665199,0.08959217041544867,nan,False
5388.438843884389,-0.12148909287185158,-0.1175218129285745,0.096245530264244,0.08937649652770208,nan,False
5389.138913891389,-0.024459979381265137,-0.028288061198029575,0.09618301705092847,0.08983078692299797,nan,False
5389.83898389839,0.09932478009170795,0.09858937996322785,0.09611393090692863,0.08964705187110865,nan,False
5390.539053905391,0.14241573421994697,0.1466843738627055,0.09604072349077017,0.08935892488865167,nan,False
5391.239123912392,0.07445323653757051,0.0718816024761666,0.09596561609533986,0.08969970795296207,nan,False
5391.939193919392,-0.054881101791694316,-0.05712996020945134,0.09589049021933842,0.08942560652241655,nan,False
5392.639263926393,-0.12651957788532833,-0.12195488520769027,0.0958167941230561,0.08894912338462033,nan,False
5393.339333933393,-0.06142772760720177,-0.06320436283901741,0.09574547013624789,0.0892793877218356,nan,False
5394.039403940395,0.06797609903370094,0.06505143024001664,0.0956769064934431,0.08932313950984923,nan,False
5394.739473947395,0.14095304793354912,0.14505070433747946,0.09561091623735878,0.08887039453197962,nan,False
5395.439543954396,0.10377517413792117,0.1034976060685196,0.09554674432754275,0.08909296948156377,nan,False
