time,phi_center,pi_center,total_energy,core_energy,mean_r2,core_rms_radius
0.0,1.202609704062343,0.0,36.05701894242538,36.056920177406745,8.025214861518771,2.8328810178895214
0.02,1.2025366198697072,-0.007310468779195741,36.05701935536265,36.05692046122527,8.024282741610786,2.8327164950998514
0.04,1.2023171189168542,-0.01464582346235169,36.0570205928129,36.05692131102219,8.02148755075003,2.8322230757392735
0.06,1.2019504564289971,-0.02203079034706004,36.05702265069704,36.056922721826865,8.016832795248755,2.8314012070437413
0.08,1.2014353913167317,-0.02949019756342928,36.05702552223479,36.05692468537279,8.010324318031756,2.830251635108044
0.1,1.2007701858767161,-0.03704894724390012,36.05702919797184,36.05692719012427,8.00197029722737,2.828775405935821
0.12000000000000001,1.1999526059826078,-0.04473180703385829,36.05703366581789,36.056930221313706,7.991781244163772,2.8269738669049937
0.14,1.1989799214230967,-0.05256354268242083,36.05703891109513,36.05693376098924,7.979770000739509,2.824848668643952
0.16,1.197848905874247,-0.060569015689804884,36.057044916597164,36.05693778807264,7.965951736128379,2.822401767312439
0.18,1.1965558371413,-0.06877300499314276,36.057051662658104,36.05694227842718,7.950343942770064,2.819635427279574
0.19999999999999998,1.1950964978307155,-0.07720020567700406,36.057059127231426,36.056947204935234,7.932966431589157,2.816552224189915
0.21999999999999997,1.1934661759051888,-0.08587536281508036,36.05706728597851,36.056952537585325,7.913841326376649,2.8131550484067973
0.23999999999999996,1.1916596653788516,-0.09482317414824563,36.05707611236627,36.05695824356823,7.8929930572593845,2.809447108820414
0.25999999999999995,1.1896712675886754,-0.10406819845561957,36.05708557777347,36.05696428738184,7.8704483531745835,2.80543193700624
0.27999999999999997,1.1874947927057944,-0.11363495191379755,36.057095651605586,36.05697063094427,7.846236233258193,2.8011133917173354
0.3,1.1851235614332514,-0.12354788950328631,36.05710630141729,36.05697723371492,7.820387997047667,2.796495663691912
0.32,1.182550407358989,-0.13383128064659933,36.057117493042426,36.05698405282277,7.7929372133917925,2.791583280755169
0.34,1.1797676799202172,-0.14450923217048162,36.0571291907306,36.05699104320165,7.763919707952234,2.7863811131918466
0.36000000000000004,1.1767672477828433,-0.15560571199302858,36.057141357290156,36.05699815773177,7.733373549173952,2.780894379363221
0.38000000000000006,1.1735405029815946,-0.1671444355554389,36.057153954236476,36.057005347387026,7.70133903259412,2.7751286515392617
0.4000000000000001,1.170078366013242,-0.17914881587239911,36.05716694194545,36.05701256138742,7.667858663352026,2.7690898619134816
0.4200000000000001,1.1663712917141633,-0.1916419841162541,36.05718027981091,36.057019747355966,7.6329771367555495,2.7627843087645387
0.4400000000000001,1.162409276099408,-0.2046467043521987,36.057193926405894,36.05702685147957,7.596741316753169,2.7562186627249243
0.46000000000000013,1.1581818644748638,-0.2181852719444548,36.057207839646466,36.057033818673,7.559200212154228,2.7493999731130843
0.48000000000000015,1.1536781607844662,-0.23227949745110388,36.05722197695773,36.05704059274541,7.520404950434263,2.7423356742810068
0.5000000000000001,1.1488868382419952,-0.2469506416732164,36.057236295441115,36.05704711656873,7.480408748956809,2.7350335919247515
0.5200000000000001,1.1437961515712827,-0.2622192888405943,36.057250752042165,36.057053332247065,7.439266883437965,2.7275019493004886
0.5400000000000001,1.1383939509610648,-0.27810527814595726,36.05726530371812,36.05705918128656,7.397036653475621,2.719749373283432
0.5600000000000002,1.132667697743643,-0.294627639307671,36.05727990760431,36.05706460476495,7.353777344961279,2.7117849002015775
0.5800000000000002,1.126604482059597,-0.31180445698741693,36.057294521178875,36.057069543499914,7.309550189189073,2.7036179813703476
0.6000000000000002,1.1201910427193273,-0.3296527536608983,36.057309102424625,36.05707393821585,7.264418318473977,2.695258488248201
0.6200000000000002,1.113413789303879,-0.34818840211020835,36.05732360998761,36.05707772970798,7.218446718089395,2.6867167171269464
0.6400000000000002,1.106258826678196,-0.3674259891494445,36.057338003331424,36.05708085900342,7.171702174333195,2.6780033932639435
0.6600000000000003,1.0987119821763418,-0.38737865901952606,36.05735224288642,36.05708326751834,7.1242532185312655,2.6691296743566553
0.6800000000000003,1.0907588355512479,-0.4080579921674501,36.05736629019331,36.05708489721049,7.076170066788524,2.66010715325314
0.7000000000000003,1.0823847518013503,-0.4294738620934792,36.05738010804027,36.05708569072675,7.027524555299356,2.6509478597851293
0.7200000000000003,1.0735749171047124,-0.45163425585275435,36.057393660592844,36.05708559154487,6.978390071032748,2.641664261603421
0.7400000000000003,1.0643143780005815,-0.4745451157702683,36.057406913516054,36.05708454410878,6.928841477612002,2.6322692638884804
0.7600000000000003,1.0545880838853667,-0.498210183955004,36.057419834088144,36.05708249395721,6.878955036214975,2.6227762078025214
0.7800000000000004,1.0443809329785383,-0.5226308122295763,36.05743239130522,36.05707938784492,6.828808321328532,2.6131988675430984
0.8000000000000004,1.0336778219053226,-0.5478057751183035,36.057444555976446,36.05707517385621,6.778480131200348,2.6035514458524434
0.8200000000000004,1.0224636989166829,-0.5737311006645945,36.05745630080919,36.057069801510295,6.728050392842574,2.5938485678317025
0.8400000000000004,1.0107236208085715,-0.6003998792057468,36.057467600483854,36.05706322185831,6.677600061455351,2.584105272904986
0.8600000000000004,0.9984428136237307,-0.6278020656089167,36.057478431717875,36.057055387571594,6.627211014153828,2.5743370047749825
0.8800000000000004,0.985606737104043,-0.655924300010188,36.05748877331872,36.057046253021184,6.5769659379004635,2.56455959921006
0.9000000000000005,0.9722011528340346,-0.6847497286656585,36.05749860622565,36.05703577434835,6.526948211565012,2.5547892695024794
0.9200000000000005,0.9582121960433713,-0.7142578144652473,36.05750791354021,36.05702390952609,6.477241782058113,2.5450425894389492
0.9400000000000005,0.9436264509385629,-0.7444241660026399,36.0575166805452,36.05701061841179,6.427931034510581,2.535336473628418
0.9600000000000005,0.9284310293765333,-0.7752203826287939,36.057524894712216,36.05699586279098,6.3791006565000625,2.52568815503816
0.9800000000000005,0.9126136526641203,-0.8066138990517284,36.057532545698095,36.05697960641249,6.330835496359025,2.516115159598031
1.0000000000000004,0.8961627362343406,-0.8385678462248624,36.057539625329966,36.056961815015285,6.283220415634163,2.5066352777446825
1.0200000000000005,0.8790674768332296,-0.8710409417606599,36.057546127579776,36.05694245634722,6.236340135806325,2.49726653279267
1.0400000000000005,0.8613179418182849,-0.9039873949745949,36.05755204852799,36.056921500176344,6.190279079422787,2.488027146038159
1.0600000000000005,0.8429051601254779,-0.9373568301545965,36.0575573863174,36.05689891829497,6.145121205839696,2.478935498523448
1.0800000000000005,0.8238212143624813,-0.9710942494210526,36.05756214109732,36.05687468451739,6.100949841821931,2.4700100894170314
1.1000000000000005,0.804059333422457,-1.005140023504058,36.05756631495861,36.05684877467159,6.057847507300189,2.4612694909944723
1.1200000000000006,0.7836139849649753,-1.0394299136128198,36.057569911860405,36.05682116658584,6.015895736640758,2.4527323002400316
1.1400000000000006,0.7624809670422841,-1.0738951319585206,36.05757293754901,36.0567918400708,5.975174895841833,2.4444170871276922
1.1600000000000006,0.7406574980607459,-1.10846245083333,36.05757539946994,36.056760776897974,5.9357639961309445,2.4363423396827764
1.1800000000000006,0.7181423042425803,-1.1430543463284202,36.0575773066735,36.056727960775326,5.897740504500823,2.4285264059714944
1.2000000000000006,0.6949357036958786,-1.1775891896994655,36.057578669715234,36.056693377320975,5.861180151784993,2.420987433215008
1.2200000000000006,0.6710396861318815,-1.211981492489724,36.05757950055162,36.05665701403568,5.826156738939149,2.413743304276399
1.2400000000000007,0.6464579872677448,-1.2461421962024024,36.057579812432195,36.05661886027519,5.792741942258975,2.4068115718225584
1.2600000000000007,0.6211961569097507,-1.2799790116233007,36.05757961978892,36.05657890722327,5.761005118328713,2.4002093905175674
1.2800000000000007,0.5952616197084818,-1.3133968121664994,36.05757893812349,36.05653714786629,5.731013109556502,2.393953447658601
1.3000000000000007,0.5686637275730524,-1.3462980765454962,36.05757778389387,36.05649357697018,5.702830051211139,2.3880598927185934
1.3200000000000007,0.5414138027590748,-1.378583377940287,36.05757617440043,36.05644819106075,5.676517180929412,2.3825442663105783
1.3400000000000007,0.5135251706808531,-1.410151920022437,36.05757412767304,36.05640098840796,5.652132651712248,2.3774214291354085
1.3600000000000008,0.4850131815340745,-1.4409021204206665,36.057571662359415,36.05635196901503,5.629731349470341,2.3727054915160335
1.3800000000000008,0.4558952199108732,-1.470732229380164,36.05756879761593,36.0563011346131,5.609364716214541,2.3684097441563066
1.4000000000000008,0.4261907016558206,-1.4995409830440098,36.05756555300142,36.05624848866189,5.591080580011559,2.3645465907889314
1.4200000000000008,0.3959210573326867,-1.5272282886151318,36.057561948374484,36.0561940363571,5.574922992840732,2.361127483394476
1.4400000000000008,0.3651097017791083,-1.553695930635296,36.0575580037953,36.056137784644925,5.560932077491054,2.3581628606801215
1.4600000000000009,0.33378198939321324,-1.5788482904440622,36.057553739432066,36.05607974224406,5.549143884628843,2.355662090502125
1.4800000000000009,0.3019651549155573,-1.602593073071246,36.05754917547281,36.056019919675464,5.539590261144241,2.353633416899123
1.5000000000000009,0.26968823966676764,-1.6248420354778625,36.057544332042774,36.05595832930021,5.532298730848587,2.3520839123740007
1.520000000000001,0.23698200336149952,-1.6455116999430992,36.0575392291279,36.0558949853653,5.527292388544234,2.3510194360200924
1.540000000000001,0.2038788218063297,-1.6645240484283423,36.05753388650442,36.055829904057525,5.524589808423382,2.350444598033185
1.560000000000001,0.17041257098124052,-1.6818071890678685,36.05752832367491,36.05576310356543,5.524204967673076,2.3503627310849438
1.580000000000001,0.13661849818205374,-1.6972959832933576,36.05752255981072,36.05569460414884,5.526147186070152,2.350775868956918
1.600000000000001,0.1025330810956841,-1.7109326227304567,36.057516613701,36.055624428215864,5.53042108224334,2.351684732748703
1.620000000000001,0.0681938758549853,-1.7226671527800734,36.05751050370801,36.055552600406955,5.537026547160866,2.35308872488074
1.640000000000001,0.03363935526618224,-1.7324579309700898,36.05750424772888,36.05547914768541,5.545958735272318,2.3549859310136694
1.660000000000001,-0.0010912614055063664,-1.740272012701035,36.05749786316339,36.0554040994338,5.557208073594679,2.3573731299042753
1.680000000000001,-0.03595818563082485,-1.7460854609554513,36.05749136688769,36.0553274875557,5.5707602888862375,2.3602458111150706
1.700000000000001,-0.0709212421744797,-1.749883572169983,36.05748477523363,36.055249346581775,5.586596452900847,2.3635982003929614
1.720000000000001,-0.10594005532492179,-1.7516610188867077,36.05747810397338,36.05516971377965,5.604693045560569,2.3674232924343226
1.740000000000001,-0.14097423706823722,-1.7514218997085889,36.057471368308995,36.055088629266464,5.625022035730175,2.371712890661552
1.7600000000000011,-0.17598357540801887,-1.7491797040244284,36.05746458286652,36.055006136123275,5.6475509791239995,2.3764576535516047
1.7800000000000011,-0.21092822106340214,-1.7449571856125976,36.05745776169432,36.054922280510304,5.672243132727422,2.3816471469819835
1.8000000000000012,-0.24576887077515724,-1.738786150752863,36.057450918265054,36.05483711178185,5.699057584973643,2.387269901995508
1.8200000000000012,-0.2804669455259081,-1.7307071610108098,36.05744406548104,36.0547506826,5.727949400784159,2.39331347733308
1.8400000000000012,-0.31498476204225345,-1.7207691602638866,36.05743721568255,36.05466304904584,5.758869780460077,2.399764526044186
1.8600000000000012,-0.349285696061698,-1.7090290257467387,36.05743038065858,36.05457427072711,5.791766231303539,2.406608865458519
1.8800000000000012,-0.3833343359657349,-1.6955510538568723,36.05742357165969,36.05448441088105,5.826582750755162,2.413831549788668
1.9000000000000012,-0.41709662553714105,-1.6804063881099351,36.05741679941256,36.05439353647145,5.863260019756032,2.4214169446330454
1.9200000000000013,-0.4505399947502233,-1.6636723966943447,36.05741007413596,36.05430171827842,5.901735604982474,2.4293488026593617
1.9400000000000013,-0.4836334776802421,-1.6454320083848175,36.05740340555766,36.05420903097994,5.941944168558882,2.4376103397710804
1.9600000000000013,-0.5163478168131168,-1.6257730171795186,36.057396802932,36.05411555322391,5.983817683828618,2.4461843110911774
1.9800000000000013,-0.5486555531992876,-1.604787364478114,36.057390275057955,36.05402136768932,6.027285655755445,2.4550530861379443
2.0000000000000013,-0.5805311021105057,-1.58257040877782,36.05738383029725,36.053926561135675,6.072275344537242,2.4641987226149684
2.0200000000000014,-0.6119508140275305,-1.559220189995212,36.0573774765924,36.05383122443913,6.118711991039589,2.4736030382904186
2.0400000000000014,-0.6428930209693773,-1.5348367011623434,36.05737122148449,36.053735452614376,6.166519042697595,2.483247680497778
2.0600000000000014,-0.6733380683497786,-1.5095211713224632,36.057365072130395,36.05363934482098,6.215618378589019,2.4931141928497818
2.0800000000000014,-0.7032683327042821,-1.4833753694810012,36.057359035319514,36.05354300435305,6.265930532449083,2.5031840788182325
2.1000000000000014,-0.7326682257646208,-1.456500937572921,36.05735311748963,36.053446538610956,6.317374912474883,2.5134388618931798
2.1200000000000014,-0.7615241855093537,-1.4289987556623815,36.05734732474207,36.05335005905412,6.369870016854196,2.5238601420946836
2.1400000000000015,-0.7898246549033376,-1.4009683467097043,36.057341662855805,36.05325368113351,6.423333644047213,2.5344296486679627
2.1600000000000015,-0.8175600491558876,-1.3725073238853909,36.057336137300766,36.053157524202916,6.477683096948814,2.5451292888473884
2.1800000000000015,-0.8447227123933507,-1.3437108851135218,36.05733075325007,36.05306171140766,6.5328353801615275,2.5559411926258258
2.2000000000000015,-0.8713068646891328,-1.314671355675345,36.057325515591245,36.05296636954979,6.588707389713635,2.5668477535127856
2.2200000000000015,-0.8973085404616062,-1.2854777809980762,36.05732042893653,36.052871628928656,6.64521609466128,2.577831665307353
2.2400000000000015,-0.922725519242171,-1.2562155718533559,36.05731549763208,36.052777623155606,6.702278710116526,2.5888759549496623
2.2600000000000016,-0.9475572498453049,-1.2269661991789511,36.057310725766264,36.05268448894196,6.7598128613436,2.599964011547775
2.2800000000000016,-0.971804768948773,-1.1978069405201859,36.05730611717704,36.05259236585911,6.817736738662193,2.6110796117051263
2.3000000000000016,-0.99547061509296,-1.1688106740556723,36.05730167545833,36.052501396069765,6.875969242988064,2.6222069412973616
2.3200000000000016,-1.0185587390449127,-1.1400457218209323,36.057297403965585,36.05241172402923,6.934430121927418,2.6333306138666708
2.3400000000000016,-1.0410744114668282,-1.1115757362933965,36.0572933058205,36.05232349615602,6.993040096420773,2.644435685816687
2.3600000000000017,-1.0630241287474054,-1.0834596291591094,36.057289383914956,36.05223686047061,7.051720978005078,2.6555076686021977
2.3800000000000017,-1.084415517818036,-1.0557515406978197,36.057285640914145,36.05215196620164,7.11039577682827,2.6665325381154212
2.4000000000000017,-1.105257240703317,-1.0285008436890501,36.05728207925906,36.05206896335862,7.1689888006088776,2.6774967414749318
2.4200000000000017,-1.1255588995007104,-1.0017521812664416,36.05727870116826,36.051988002270456,7.227425744784251,2.6883872014247223
2.4400000000000017,-1.1453309423978755,-0.9755455329004125,36.05727550863902,36.05190923308893,7.285633774134771,2.6991913185498304
2.4600000000000017,-1.1645845712956213,-0.9499163076098123,36.05727250344786,36.05183280525669,7.343541596208041,2.709896971511655
2.4800000000000018,-1.1833316515055508,-0.9248954586503426,36.057269687150544,36.05175886693893,7.401079526897154,2.7204925155010358
2.5000000000000018,-1.2015846239559869,-0.9005096178947313,36.057267061081454,36.05168756441845,7.45817954855047,2.7309667791004837
2.520000000000002,-1.219356420242918,-0.8767812466090185,36.05726462635263,36.051619041453506,7.5147753610080885,2.7413090597391765
2.540000000000002,-1.2366603808304175,-0.8537287986640736,36.0572623838521,36.05155343859826,7.570802425971999,2.7515091179154756
2.560000000000002,-1.2535101766237513,-0.8313668939947276,36.057260334241924,36.05149089248554,7.626198005123898,2.761557170352245
2.580000000000002,-1.2699197340969184,-0.8097065000195126,36.05725847795576,36.05143153507181,7.680901192406949,2.7714438822402574
2.600000000000002,-1.285903164095634,-0.7887551177977072,36.057256815196006,36.0513754928443,7.734852940885963,2.781160358714679
2.620000000000002,-1.3014746943953983,-0.7685169710189157,36.05725534593049,36.05132288599056,7.787996084595107,2.7906981356992206
2.640000000000002,-1.3166486060583087,-0.7489931960046133,36.057254069889034,36.051273827530565,7.840275355773741,2.800049170242148
2.660000000000002,-1.3314391735644509,-0.7301820299255423,36.05725298655941,36.051228422411874,7.891637397879802,2.8092058304581036
2.680000000000002,-1.3458606087075902,-0.7120789974088524,36.05725209518319,36.051186766568385,7.942030774756761,2.8181608851796875
2.700000000000002,-1.3599270081620083,-0.6946770918382534,36.057251394751226,36.05114894594339,7.991405976314933,2.826907493413064
2.720000000000002,-1.3736523046443228,-0.6779669528239934,36.05725088399899,36.051115035477885,8.039715421071332,2.835439193682582
2.740000000000002,-1.3870502215382938,-0.6619370357978893,36.057250561401624,36.05108509806519,8.086913455874347,2.8437498933405427
2.760000000000002,-1.400134230863633,-0.6465737749319986,36.05725042516898,36.05105918347309,8.132956353121187,2.8518338579098867
2.780000000000002,-1.412917514417711,-0.6318617391458855,36.05725047324044,36.051037327235136,8.17780230575679,2.85968570051969
2.800000000000002,-1.4254129279374477,-0.6177837771401564,36.05725070327976,36.051019549512475,8.221411420323774,2.8673003714860035
2.820000000000002,-1.4376329681029372,-0.6043211566851345,36.05725111267002,36.05100585392842,8.263745708313566,2.87467314808372
2.840000000000002,-1.4495897421998156,-0.5914536911716328,36.057251698508495,36.05099622637762,8.304769076049757,2.8817996245488264
2.860000000000002,-1.4612949402489366,-0.5791598596109213,36.05725245760188,36.05099063381223,8.344447313315863,2.8886757023445644
2.880000000000002,-1.4727598094150354,-0.5674169149280465,36.05725338646166,36.05098902300755,8.382748080921292,2.8952975807196903
2.900000000000002,-1.4839951305008476,-0.556200983613402,36.05725448129988,36.05099131931014,8.419640897381495,2.90166174758215
2.920000000000002,-1.4950111963253314,-0.5454871551706837,36.05725573802529,36.05099742537103,8.455097124871182,2.907764970707086
2.940000000000002,-1.5058177918055822,-0.5352495619634652,36.057257152240076,36.05100721986768,8.489089954592997,2.913604289294103
2.960000000000002,-1.5164241755365402,-0.5254614508130061,36.05725871923722,36.051020556217956,8.521594391688474,2.91917700588513
2.980000000000002,-1.5268390626941666,-0.5160952422607563,36.05726043399854,36.05103726128988,8.552587239803312,2.924480678651051
3.000000000000002,-1.537070609061907,-0.5071225844362276,36.05726229119365,36.05105713411125,8.582047085405021,2.9295131140524053
3.0200000000000022,-1.5471263960199093,-0.49851439539997816,36.057264285179826,36.05107994458328,8.609954281937995,2.9342723598769753
3.0400000000000023,-1.5570134163058469,-0.49024089801751564,36.05726641000302,36.0511054322028,8.636290933888839,2.9387566986548648
3.0600000000000023,-1.5667380603799281,-0.4822716452392576,36.05726865939992,36.05113330479764,8.661040880823506,2.9429646414497586
3.0800000000000023,-1.5763061032388186,-0.47457553992464374,36.05727102680148,36.05116323728034,8.684189681447405,2.9468949220234175
3.1000000000000023,-1.5857226915118947,-0.46712084380075,36.0572735053377,36.05119487042527,8.705724597729963,2.950546491369008
3.1200000000000023,-1.594992330686941,-0.4598751807089416,36.057276087844045,36.0512278096745,8.725634579126561,2.9539185126077125
3.1400000000000023,-1.6041188723239328,-0.4528055329811608,36.05727876686941,36.051261623978476,8.743910246922722,2.9570103562420478
3.1600000000000024,-1.6131055011167075,-0.44587822908612074,36.05728153468572,36.05129584467677,8.760543878718424,2.9598215957585055
3.1800000000000024,-1.6219547216569732,-0.43905892712114064,36.05728438329957,36.05132996442564,8.775529393064026,2.9623520035714908
3.2000000000000024,-1.6306683447972252,-0.4323125903248188,36.05728730446544,36.0513634361782,8.78886233425379,2.96460154730004
3.2200000000000024,-1.6392474734668916,-0.4256034576473314,36.057290289700994,36.05139567222381,8.800539857278107,2.966570386368425
3.2400000000000024,-1.6476924878429287,-0.4188950089324468,36.05729333030445,36.051426043293574,8.810560712931409,2.968258868921545
3.2600000000000025,-1.6560030297659278,-0.41214992343529494,36.05729641737378,36.05145387773825,8.818925233069386,2.969667529045867
3.2800000000000025,-1.6641779863004234,-0.4053300361311327,36.05729954182818,36.05147846078596,8.825635316006206,2.970797084286674
3.3000000000000025,-1.6722154723444782,-0.3983962872120056,36.0573026944314,36.05149903388655,8.830694412040513,2.971648433452469
3.3200000000000025,-1.680112812216853,-0.3913086690323999,36.05730586581732,36.05151479414971,8.83410750909723,2.9722226546975294
3.3400000000000025,-1.6878665201303042,-0.38402616884215157,36.057309046517396,36.051524893884256,8.835881118471557,2.97252100387391
3.3600000000000025,-1.6954722794979376,-0.3765067095549176,36.05731222699023,36.051528440245775,8.836023260661012,2.972544913144461
3.3800000000000026,-1.7029249210122572,-0.3687070853966273,36.05731539765291,36.051524494999875,8.83454345127183,2.9722959898488965
3.4000000000000026,-1.7102183994548554,-0.36058289990732645,36.0573185489143,36.05151207440867,8.831452686986681,2.9717760156153563
3.4200000000000026,-1.7173457691933025,-0.3520884977047171,36.057321671210005,36.051490149247485,8.826763431582176,2.970986945710495
3.4400000000000026,-1.7242991583698322,-0.343176899751362,36.05732475503887,36.051457644959285,8.82048960198647,2.9699309086216923
3.4600000000000026,-1.7310697417404166,-0.3337997363263204,36.05732779100098,36.05141344195402,8.812646554369627,2.9686102058656383
3.4800000000000026,-1.7376477122209428,-0.3239071819118087,36.0573307698369,36.05135637605978,8.803251070262402,2.967027312018277
3.5000000000000027,-1.7440222511289158,-0.3134478918085392,36.05733368246799,36.05128523913305,8.792321342702403,2.96518487496183
3.5200000000000027,-1.750181497197569,-0.30236894258650826,36.057336520037545,36.051198779834515,8.779876962410428,2.96308571634545
3.5400000000000027,-1.7561125144289444,-0.2906157760087497,36.05733927395256,36.051095704577236,8.765938904004015,2.9607328322569084
3.5600000000000027,-1.7618012588787808,-0.27813214800239106,36.0573419359259,36.05097467865337,8.750529512259916,2.958129394103631
3.5800000000000027,-1.7672325445158923,-0.2648600864727582,36.0573444980185,36.05083432754552,8.73367248844218,2.955278749702332
3.6000000000000028,-1.772390008293865,-0.25073985802791304,36.05734695268144,36.05067323842855,8.715392876717813,2.952184424577471
3.6200000000000028,-1.7772560746567063,-0.23570994209292181,36.0573492927975,36.05048996186696,8.695717050687621,2.9488501234697604
3.640000000000003,-1.7818119196847042,-0.21970702221785504,36.05735151172188,36.050283013713035,8.67467270006564,2.9452797320569806
3.660000000000003,-1.7860374351857624,-0.20266598936368016,36.057353603321936,36.05005087721016,8.652288817546323,2.9414773188903434
3.680000000000003,-1.7899111930322458,-0.18451996455866773,36.05735556201532,36.04979200530531,8.628595685904779,2.9374471375506963
3.700000000000003,-1.793410410144071,-0.16520034048442692,36.05735738280645,36.0495048231742,8.603624865381185,2.93319362902983
3.720000000000003,-1.7965109145412028,-0.14463684731925805,36.05735906132083,36.04918773096209,8.577409181406106,2.928721424343071
3.740000000000003,-1.799187112965118,-0.12275764500880722,36.05736059383697,36.048839106742456,8.54998271272901,2.924035347380228
3.760000000000003,-1.8014119606483088,-0.09948944543146375,36.0573619773155,36.04845730969516,8.521380780017054,2.919140418002713
3.780000000000003,-1.8031569338524263,-0.0747576690503025,36.05736320942527,36.048040683505135,8.491639934995519,2.914041855395272
3.800000000000003,-1.8043920059178906,-0.04848663935585641,36.057364288565935,36.047587559981686,8.460797950204551,2.9087450816811966
3.820000000000003,-1.8050856276118603,-0.020599818458993894,36.05736521388702,36.047096262897725,8.428893809449301,2.9032557258101295
3.840000000000003,-1.8052047126747386,0.008979907481110246,36.05736598530281,36.04656511204774,8.39596769902114,2.8975796277274486
3.860000000000003,-1.8047146295459051,0.040329893759986205,36.057366603503155,36.04599242752191,8.362060999767065,2.891722842833847
3.880000000000003,-1.8035792003537066,0.07352734596971461,36.057367069959724,36.04537653419324,8.32721628008141,2.885691646742841
3.900000000000003,-1.8017607083454865,0.10864886564004092,36.05736738692754,36.04471576641346,8.29147728988882,2.8794925403426244
3.920000000000003,-1.7992199150399246,0.14576993184995957,36.05736755744163,36.04400847291264,8.254888955679341,2.8731322551667096
3.940000000000003,-1.7959160884681507,0.18496430964661695,36.05736758530866,36.04325302189605,8.217497376645445,2.8666177590752215
3.960000000000003,-1.7918070439881801,0.2263033834700774,36.05736747509325,36.042447806331154,8.179349821955771,2.8599562622452415
3.980000000000003,-1.7868491992205493,0.2698554116535309,36.05736723209916,36.041591249416314,8.140494729181473,2.8531552234642743
4.000000000000003,-1.780997644745017,0.3156846943607498,36.057366862344985,36.04068181022155,8.10098170386751,2.8462223567155656
4.020000000000002,-1.7742062322674432,0.3638506582490728,36.057366372534474,36.03971798949086,8.060861520212503,2.839165638037433
4.040000000000002,-1.7664276820113418,0.41440685034792657,36.057365770021576,36.03869833559409,8.020186122786711,2.8319933126310013
4.060000000000001,-1.757613711106664,0.4673998428453427,36.05736506277,36.03762145061543,7.979008629177394,2.8247139021814927
4.080000000000001,-1.7477151847639436,0.5228680510218937,36.05736425930764,36.036485996564046,7.937383333404578,2.8173362123475036
4.1000000000000005,-1.736682291977592,0.5808404631320719,36.05736336867589,36.035290701691636,7.895365709896963,2.8098693403603243
4.12,-1.7244647474278658,0.6413352908155163,36.05736240037382,36.034034366899874,7.853012417757979,2.8023226826612917
4.14,-1.7110120211249031,0.7043585462074116,36.057361364297876,36.03271587222004,7.810381304985215,2.7947059424893372
4.159999999999999,-1.6962735971776766,0.7699025551381149,36.05736027067685,36.03133418334534,7.767531412233142,2.7870291373132687
4.179999999999999,-1.6801992628127025,0.8379444207250704,36.057359130002645,36.02988835819577,7.724522975629352,2.7793026059839816
4.199999999999998,-1.6627394284774748,0.9084444547067116,36.05735795295721,36.02837755349358,7.681417428069319,2.771537015460793
4.219999999999998,-1.6438454794725867,0.9813445968421924,36.05735675033571,36.026801031326606,7.63827739832476,2.7637433669436025
4.2399999999999975,-1.623470159105825,1.0565668480735662,36.05735553296666,36.0251581656756,7.595166707207507,2.7559330012189167
4.259999999999997,-1.6015679828112217,1.1340117459861325,36.05735431162914,36.023448448880046,7.552150359936048,2.748117603003199
4.279999999999997,-1.5780956820571581,1.2135569161477644,36.05735309696766,36.0216714980165,7.509294533757977,2.7403092040421235
4.299999999999996,-1.553012676159023,1.2950557383831534,36.05735189940511,36.01982706116207,7.466666559790655,2.732520184699585
4.319999999999996,-1.5262815692912033,1.3783361648622339,36.057350729054306,36.01791502351456,7.424334897958379,2.7247632737466163
4.339999999999995,-1.497868669182547,1.463199743248013,36.05734959562868,36.015935413340415,7.3823691038299994,2.7170515460384626
4.359999999999995,-1.467744523018846,1.5494208820578157,36.0573485083525,36.01388840771998,7.340839786100897,2.709398417749021
4.379999999999995,-1.4358844651141582,1.6367464145618,36.05734747587148,36.01177433805956,7.299818553421546,2.701817638816792
4.399999999999994,-1.4022691699440226,1.7248955071938452,36.057346506164215,36.00959369533858,7.2593779492563515,2.694323282246648
4.419999999999994,-1.366885203138351,1.8135599636428925,36.057345606455115,36.00734713505982,7.219591373465656,2.6869297299084054
4.439999999999993,-1.3297255621047923,1.9024049655166355,36.05734478312959,36.005035481870046,7.180532989345652,2.6796516544778077
4.459999999999993,-1.2907901970627906,1.991070295505812,36.0573440416522,36.00265973381837,7.1422776149394585,2.672503997179323
4.479999999999992,-1.2500865025384265,2.0791720730866894,36.057343386488704,36.000221066218856,7.104900597552229,2.66550194101453
4.499999999999992,-1.207629768785667,2.1663050322474358,36.05734282103255,35.997720835084394,7.068477670566293,2.6586608791958204
4.519999999999992,-1.1634435821601505,2.2520453467793042,36.05734234753708,35.99516058009856,7.033084791861425,2.651996378553603
4.539999999999991,-1.1175601633835401,2.335954014281245,36.057341967054214,35.992542027092476,6.998797963400877,2.6455241377467864
4.559999999999991,-1.0700206327469108,2.4175807780275678,36.05734167938054,35.989867089993865,6.965693031844411,2.639259940181037
4.57999999999999,-1.0208751917407863,2.4964685531290787,36.057341483012046,35.98713787221636,6.93384547039262,2.633219601626993
4.59999999999999,-0.9701832114421932,2.5721583149406175,36.057341375108365,35.98435666745724,6.903330142447079,2.627418912630241
4.6199999999999894,-0.9180132190962328,2.6441943798586047,36.05734135146773,35.981525959873004,6.874221048080871,2.6218735759149165
4.639999999999989,-0.8644427758754026,2.712129990728642,36.05734140651351,35.978648423602834,6.846591054744876,2.6165991391011496
4.659999999999989,-0.8095582406383361,2.7755331130262357,36.05734153329339,35.975726921611226,6.820511614074943,2.611610923180354
4.679999999999988,-0.7534544166603498,2.8339923219044687,36.057341723492016,35.97276450382223,6.796052467100994,2.6069239473181787
4.699999999999988,-0.6962340807589134,2.8871226539644503,36.05734196745779,35.96976440451928,6.773281340576501,2.6025528506788294
4.719999999999987,-0.638007396807175,2.9345712929337298,36.05734225424438,35.96673003898582,6.752263637530693,2.598511812082195
4.739999999999987,-0.5788912183929442,2.9760229470750525,36.05734257166731,35.96366499936399,6.733062125480718,2.59481446841209
4.7599999999999865,-0.5190082881169851,3.0112047858839266,36.05734290637549,35.9605730497103,6.71573662601242,2.591473832785587
4.779999999999986,-0.45848634369488395,3.039890801273767,36.05734324393768,35.95745812022922,6.700343709632841,2.588502213565374
4.799999999999986,-0.39745714351543515,3.061905482480493,36.0573435689432,35.95432430066796,6.686936399904205,2.585911135345568
4.819999999999985,-0.3360554265420034,3.07712669188936,36.057343865115975,35.951175832857885,6.675563890879444,2.583711263063163
4.839999999999985,-0.27441782327938075,3.0854876708915087,36.0573441154408,35.94801710239086,6.6662712817686876,2.5819123303800784
4.859999999999984,-0.2126817359052607,3.0869781092471373,36.05734430230028,35.94485262942145,6.659099332573416,2.5805230734433313
4.879999999999984,-0.15098420660250889,3.081644254025504,36.05734440762057,35.941687058588855,6.654084244133389,2.5795511710631733
4.8999999999999835,-0.08946079340821905,3.069588049797503,36.05734441302403,35.93852514805577,6.651257465647943,2.5790031922523755
4.919999999999983,-0.02824447271473517,3.0509653402167083,36.057344299986475,35.93537175766497,6.650645532268729,2.578884551946583
4.939999999999983,0.03253541323106632,3.0259831779410953,36.05734404999667,35.932231836217774,6.652269934829828,2.5791994755795504
4.959999999999982,0.09275414678628434,2.9948963249129257,36.057343644715914,35.929110407882646,6.656147023199924,2.5799509730225347
4.979999999999982,0.1522925480492097,2.958003036617137,36.057343066135,35.92601255774647,6.662287944128752,2.581140822219654
4.999999999999981,0.21103779751180565,2.915640251847313,36.05734229672674,35.92294341652496,6.6706986138360245,2.582769562666407
5.019999999999981,0.26888415755191103,2.8681783079880048,36.05734131959159,35.91990814445361,6.6813797249747475,2.584836498692857
5.0399999999999805,0.32573358469104435,2.8160153255582108,36.05734011859479,35.91691191438492,6.694326787011385,2.587339712332222
5.05999999999998,0.3814962273360643,2.7595713938561017,36.057338678493146,35.913959894122634,6.709530198519251,2.5902760853853497
5.07999999999998,0.4360908063967026,2.69928269700152,36.05733698505061,35.91105722802853,6.7269753493935935,2.5936413301367622
5.099999999999979,0.4894448788873972,2.6355957053057266,36.05733502514103,35.90820901794228,6.746642750578488,2.597430028042813
5.119999999999979,0.5414949870309049,2.5689615531934993,36.05733278683794,35.90542030345993,6.768508188555315,2.601635675600124
5.139999999999978,0.5921866976280655,2.4998307039675307,36.05733025949085,35.902696041621404,6.792542901585062,2.606250736515016
5.159999999999978,0.6414745383712355,2.428647992142785,36.0573274337879,35.90004108606267,6.81871377452365,2.611266699233085
5.1799999999999775,0.6893218393533757,2.3558481116901104,36.057324301805075,35.89746016569274,6.846983548939388,2.616674138852484
5.199999999999977,0.7357004892553852,2.281851603017017,36.0573208570426,35.89495786296069,6.877311045250233,2.6224627824337627
5.219999999999977,0.7805906165924613,2.2070613740643568,36.057317094448884,35.892538591782554,6.909651393659279,2.6286215767316676
5.239999999999976,0.8239802068562749,2.1318597734067306,36.057313010432885,35.89020657520227,6.943956270791474,2.635138757407563
5.259999999999976,0.8658646666683345,2.0566062157740834,36.057308602865774,35.88796582286534,6.980174139113386,2.642001918832268
5.279999999999975,0.906246345912526,1.9816353511063818,36.057303871072726,35.885820108387875,7.018250486440782,2.649198083654898
5.299999999999975,0.9451340284984994,1.9072557551209675,36.057298815815955,35.88377294670758,7.058128063095264,2.656713771390374
5.3199999999999745,0.9825424018192247,1.8337491025817145,36.05729343926974,35.881827571506946,7.099747114550945,2.664535065363364
5.339999999999974,1.018491514286824,1.7613697923984983,36.05728774498857,35.879986912801954,7.1430456077058055,2.6726476774363292
5.359999999999974,1.053006229437936,1.6903449734911764,36.05728173786917,35.87825357479314,7.187959449210518,2.681037010041174
5.379999999999973,1.0861156841927673,1.6208749258756174,36.057275424107246,35.87662981407797,7.234422694583155,2.6896882151251575
5.399999999999973,1.1178527578769826,1.553133747142526,36.05726881114981,35.87511751832631,7.2823677471240345,2.6985862497100284
5.419999999999972,1.1482535576139847,1.4872702952626466,36.057261907643564,35.87371818552249,7.331725545915959,2.70771592784693
5.439999999999972,1.1773569247243378,1.4234093390406093,36.0572547233802,35.87243290387928,7.382425742447124,2.717061968827197
5.4599999999999715,1.205203965853963,1.3616528726497836,36.05724726923882,35.8712623325299,7.434396865623802,2.7266090415796325
5.479999999999971,1.231837611658701,1.302081549443625,36.0572395571264,35.870206683105465,7.4875664751456,2.7363418052475827
5.499999999999971,1.2573022050519287,1.2447562001612997,36.05723159991609,35.869265702304986,7.541861303396779,2.7462449459938525
5.51999999999997,1.2816431203422844,1.1897193963316972,36.05722341138425,35.868438655565335,7.597207386162404,2.756303210128088
5.53999999999997,1.3049064138856785,1.1369970357059822,36.05721500614612,35.86772431193759,7.653530182608493,2.76650143368994
5.559999999999969,1.327138506372085,1.0865999137614195,36.05720639959059,35.86712093027498,7.710754685071758,2.776824568652431
5.579999999999969,1.3483858963276187,1.0385252732360157,36.05719760781408,35.86662624683625,7.768805519288586,2.787257705934022
5.599999999999969,1.3686949040913223,0.9927582976799878,36.057188647553865,35.86623746440546,7.827607035756028,2.7977860954254576
5.619999999999968,1.388111445147627,0.9492735509360589,36.05717953612083,35.865951243026835,7.887083392961742,2.808395163249243
5.639999999999968,1.4066808314598849,0.9080363384218372,36.057170291332035,35.865763692449775,7.947158633247141,2.8190705264762608
5.659999999999967,1.424447599295822,0.8690039916465592,36.05716093144289,35.86567036637489,8.007756752080343,2.8297980055262504
5.679999999999967,1.4414553618459907,0.8321270639648972,36.05715147507922,35.86566625858795,8.068801761514816,2.8405636344772875
5.699999999999966,1.4577466849106875,0.7973504402269831,36.057141941169355,35.86574580106285,8.130217748598016,2.851353669504717
5.719999999999966,1.4733629838605862,0.7646143538287832,36.057132348876266,35.86590286410959,8.191928929473344,2.8621545956627403
5.739999999999966,1.488344440046237,0.7338553180851896,36.05712271752979,35.86613075863677,8.253859699890297,2.872953132212619
5.759999999999965,1.50272993493477,0.7050069640012232,36.05711306655929,35.86642224059098,8.315934682803071,2.883736236690705
5.779999999999965,1.516557000193434,0.6780007997530706,36.0571034154264,35.86676951762896,8.378078773698604,2.8944911078976565
5.799999999999964,1.5298617821006217,0.6527668836707816,36.05709378355862,35.867164258069614,8.440217184252377,2.9052051879776717
5.819999999999964,1.5426790186618218,0.6292344243606665,36.057084190283184,35.86759760216513,8.50227548486499,2.915866163743629
5.839999999999963,1.5550420279693171,0.6073323036783327,36.05707465476175,35.86806017572152,8.564179646585899,2.926461967390982
5.859999999999963,1.5669827063801254,0.5869895364772157,36.057065195926,35.86854210608949,8.62585608288325,2.9369807767302887
5.879999999999963,1.578531535209121,0.5681356653944063,36.057055832414115,35.86903304053697,8.687231691671204,2.9474110150556205
5.899999999999962,1.5897175947582887,0.550701097580004,36.057046582508384,35.86952216700421,8.748233897959143,2.957741350753839
5.919999999999962,1.600568584545449,0.5346173909969413,36.057037464074135,35.86999823723266,8.808790697440912,2.9679606967480066
5.939999999999961,1.6111108487395578,0.5198174887702132,36.05702849449996,35.87044959224682,8.868830701297558,2.9780582098571475
5.959999999999961,1.6213694058976393,0.5062359148709002,36.057019690639564,35.87086419015879,8.928283182443433,2.988023290144077
5.9799999999999605,1.631367982159796,0.4938089265308559,36.057011068755315,35.87122963625256,8.987078123404245,2.997845580313343
5.99999999999996,1.6411290471705637,0.4824746344672148,36.05700264446381,35.87153321529489,9.045146265975662,3.0075149652122533
6.01999999999996,1.6506738520800048,0.47217309059361784,36.05699443268313,35.871761926007146,9.102419162773783,3.017021571479691
6.039999999999959,1.6600224690120056,0.4628463479769266,36.056986447582815,35.87190251762184,9.158829230752778,3.026355767379767
6.059999999999959,1.6691938314997674,0.4544384986443949,36.05697870253578,35.87194152843518,9.214309806731936,3.0355081628504865
6.079999999999958,1.6782057754336572,0.44689568806988245,36.056971210073044,35.871865326256334,9.268795204942714,3.0444696097912876
6.099999999999958,1.6870750801200731,0.44016610995349226,36.05696398184109,35.871660150642036,9.322220776577192,3.0532312026076887
6.1199999999999575,1.6958175091002554,0.43419998907865187,36.05695702856218,35.87131215679457,9.374522971292137,3.0617842790262246
6.139999999999957,1.7044478504475937,0.42894954770833377,36.0569503599976,35.87080746098989,9.425639400597555,3.0701204211883213
6.159999999999957,1.7129799562702361,0.424368958939855,36.05694398491426,35.870132187392265,9.475508903035337,3.078231457027775
6.179999999999956,1.7214267812166963,0.4204142931969041,36.05693791105462,35.86927251610171,9.524071611032133,3.086109461932958
6.199999999999956,1.7298004197866184,0.4170434544206105,36.05693214511007,35.86821473227042,9.571269019290902,3.0937467606917832
6.219999999999955,1.7381121423108985,0.41421610934136976,36.05692669269802,35.86694527611552,9.617044054567533,3.101135929714712
6.239999999999955,1.7463724294484362,0.41189361118790835,36.05692155834283,35.865450793646716,9.661341146662595,3.108269799528766
6.2599999999999545,1.7545910051207796,0.41003891880669147,36.05691674546045,35.86371818791917,9.704106300443366,3.115141457533408
6.279999999999954,1.7627768677808042,0.4086165121296318,36.05691225634738,35.86173467061501,9.745287168697828,3.1217442510074123
6.299999999999954,1.7709383199614945,0.40759230387576584,36.056908092173394,35.85948781374987,9.784833125610275,3.128071790354287
6.319999999999953,1.779082996025547,0.4069335499516129,36.05690425297874,35.856965601295634,9.822695340637226,3.134117952572498
6.339999999999953,1.78721788811045,0.4066087566127266,36.05690073767539,35.85415648050495,9.85882685255285,3.1398768849355942
6.359999999999952,1.795349370213485,0.40658758724421246,36.05689754405273,35.8510494127198,9.893182643424486,3.14534300886636
6.379999999999952,1.8034832203889228,0.40684076840249006,36.05689466878748,35.84763392344294,9.925719712271317,3.1505110239882224
6.3999999999999515,1.811624641063888,0.4073399951682508,36.05689210745803,35.843900151448956,9.956397148152888,3.155375912336419
6.419999999999951,1.8197782774372453,0.4080578337078168,36.056889854563096,35.839838896710994,9.985176202428478,3.1599329427107277
6.439999999999951,1.8279482339683473,0.40896762783068474,36.056887903544634,35.83544166691885,10.012020359923635,3.1641776751509445
6.45999999999995,1.8361380889480616,0.4100434009519621,36.05688624681514,35.83070072236557,10.036895408736385,3.1681059655157346
6.47999999999995,1.8443509071416693,0.4112597606415643,36.056884875789024,35.82560911898157,10.05976950841245,3.17171397014492
6.499999999999949,1.8525892505095893,0.41259180313312666,36.05688378091814,35.8201607492991,10.08061325621655,3.1749981505847447
6.519999999999949,1.8608551869962369,0.4140150148804865,36.05688295173138,35.81435038113382,10.099399751225295,3.17795527835514
6.5399999999999485,1.869150297387891,0.4155051765708038,36.05688237687807,35.808173693776276,10.116104655966275,3.180582439737457
6.559999999999948,1.8774756802276669,0.4170382670059411,36.056882044175026,35.801627311492446,10.130706255327885,3.182877040560613
6.579999999999948,1.8858319547842513,0.41859036442911973,36.05688194065732,35.79470883414076,10.143185512465026,3.1848368109630085
6.599999999999947,1.8942192620685894,0.4201375482247394,36.056882052632275,35.78741686472145,10.153526121427197,3.186459810107009
6.619999999999947,1.9026372638751157,0.4216558003713014,36.05688236573656,35.77975103368447,10.161714556237515,3.187744430822131
6.639999999999946,1.9110851398360371,0.42312090595996077,36.05688286499642,35.77171201983319,10.167740116154318,3.188689404152483
6.659999999999946,1.919561582473586,0.4245083523022491,36.056883534890176,35.76330156767283,10.171594966850613,3.18929380378331
6.6799999999999455,1.9280647902206611,0.42579322566154304,36.05688435941355,35.7545225010663,10.173274177251196,3.1895570503208117
6.699999999999945,1.9365924583799943,0.42695010978347103,36.05688532214678,35.74537873307307,10.172775751773107,3.1894789153987375
6.719999999999945,1.9451417680020597,0.4279529783291002,36.056886406323635,35.735875271862554,10.170100657721363,3.1890595255845198
6.739999999999944,1.9537093726372399,0.42877508863107777,36.05688759490205,35.72601822260823,10.165252847599634,3.188299366057026
6.759999999999944,1.9622913829202704,0.42938887363439554,36.05688887063575,35.71581478528551,10.15823927610428,3.187199284027323
6.779999999999943,1.970883348955618,0.42976582925220347,36.05689021614683,35.705273248313176,10.149069911580025,3.1857604918731766
6.799999999999943,1.979480240454216,0.42987640057593457,36.0568916139989,35.69440297799591,10.137757741726778,3.183984569957395
6.8199999999999426,1.9880764245635045,0.42968986673353377,36.05689304677029,35.683214403743364,10.12431877335956,3.181873469099543
6.839999999999942,1.9966656413508812,0.4291742204642715,36.05689449712718,35.671718999059756,10.108772026037528,3.179429512670084
6.859999999999942,2.005240976881477,0.428296048127947,36.05689594789613,35.65992925831684,10.091139519393424,3.1766553982755865
6.879999999999941,2.0137948338350435,0.42702040410319914,36.0568973821358,35.64785866934204,10.071446254011828,3.1735541990033553
6.899999999999941,2.022318899611104,0.4253106846498277,36.05689878320748,35.63552168187289,10.049720185723052,3.1701293641936843
6.91999999999994,2.0308041118584783,0.4231284966689229,36.05690013484399,35.62293367194799,10.025992193199947,3.166384719707943
6.93999999999994,2.039240621383418,0.4204335260626217,36.05690142121682,35.61011090232383,10.000296038766756,3.162324467660894
6.95999999999994,2.0476177523851686,0.41718340398599524,36.05690262700095,35.59707047902602,9.97266832235292,3.1579531855860243
6.979999999999939,2.0559239599692867,0.4133335675280807,36.056903737437224,35.583830304162205,9.943148428550275,3.153275825003305
6.999999999999939,2.0641467849084654,0.40883712224197327,36.05690473839187,35.570409025141885,9.911778466759442,3.1482977093596856
7.019999999999938,2.0722728056056754,0.40364470229174026,36.05690561641305,35.5568259804672,9.878603204440262,3.143024531313789
7.039999999999938,2.0802875872607807,0.39770432973187264,36.05690635878376,35.543101142275034,9.84366999351213,3.137462349337778
7.059999999999937,2.0881756282211845,0.39096127450013385,36.056906953571485,35.529255055828486,9.807028689982639,3.131617583611166
7.079999999999937,2.095920303545677,0.3833579142337302,36.056907389673604,35.51530877617101,9.76873156691732,3.1254970111835525
7.099999999999937,2.1035038058052082,0.3748336002277702,36.056907656859096,35.50128380217219,9.728833220899217,3.1191077603858473
7.119999999999936,2.1109070831860617,0.36532452179856323,36.0569077458057,35.487202008207845,9.687390472164484,3.1124573044725423
7.139999999999936,2.1181097750086795,0.3547635809357328,36.05690764813282,35.473085573731026,9.64446225863894,3.105553454481011
7.159999999999935,2.1250901447640893,0.3430802741316228,36.05690735642971,35.45895691100171,9.600109524140759,3.0984043512977384
7.179999999999935,2.1318250108682593,0.33020058099227134,36.05690686427916,35.444838591254936,9.554395101055425,3.0910184569257146
7.1999999999999345,2.138289675352667,0.3160468683131976,36.056906166276185,35.43075326959608,9.50738358783119,3.0834045449520877
7.219999999999934,2.1444578507899013,0.3005378101658352,36.05690525804189,35.41672360892078,9.459141221685924,3.075571690220523
7.239999999999934,2.150301585775304,0.2835883276991444,36.05690413623251,35.4027722031643,9.409735746959088,3.0675292577185123
7.259999999999933,2.1557911894380934,0.2651095494862631,36.056902798543405,35.38892150019035,9.359236279585927,3.05928689069625
7.279999999999933,2.1608951554786255,0.24500880434415073,36.05690124370805,35.37519372463428,9.307713168213564,3.0508544980404366
7.299999999999932,2.16558008635151,0.22318964629465668,36.056899471492244,35.36161080101782,9.25523785252116,3.042242240933677
7.319999999999932,2.1698106183307977,0.19955191813047177,36.05689748268328,35.348194277454425,9.201882719347465,3.033460518837762
7.3399999999999315,2.1735493483150172,0.173991861749188,36.05689527907442,35.334965250263714,9.147720957269101,3.0245199548472317
7.359999999999931,2.1767567633601463,0.14640228268627828,36.05689286344449,35.32194428981205,9.092826410310819,3.0154313804679456
7.379999999999931,2.179391174092853,0.11667277615020705,36.05689023953304,35.309151367892994,9.03727343150471,3.006205819884046
7.39999999999993,2.18140865331577,0.08469002055723139,36.05688741201082,35.29660578695681,8.98113673704794,2.9968544737854623
7.41999999999993,2.18276298130488,0.05033815374178661,36.05688438644612,35.2843261114918,8.924491261837874,2.9873887028369563
7.439999999999929,2.1834055994833137,0.013499238409984807,36.056881169266724,35.27233010185266,8.867412017188117,2.9778200108784474
7.459999999999929,2.183285574381776,-0.025946173893972992,36.05687776771807,35.26063465082201,8.80997395154925,2.968160027954903
7.4799999999999285,2.182349574012471,-0.06811836438402001,36.05687418981754,35.24925572318054,8.752251815072034,2.9584204932821896
7.499999999999928,2.1805418589930103,-0.11313764695876308,36.056870444305204,35.23820829854926,8.694320028858627,2.9486132382627983
7.519999999999928,2.177804291021202,-0.16112343123752126,36.05686654059121,35.22750631775445,8.636252559747406,2.9387501696720335
7.539999999999927,2.174076361534823,-0.212193140095945,36.056862488700084,35.21716263295093,8.578122801468583,2.9288432531408337
7.559999999999927,2.1692952436162525,-0.2664609654530402,36.05685829921224,35.207188961723915,8.520003462989848,2.9189044970656113
7.579999999999926,2.1633958704300436,-0.3240364571743451,36.056853983202764,35.19759584537281,8.461966464842462,2.9089459370779758
7.599999999999926,2.156311043701683,-0.38502292780270964,36.05684955217799,35.1883926115624,8.404082844177662,2.898979621207721
7.6199999999999255,2.1479715759061717,-0.44951567735522435,36.05684501800982,35.17958734150795,8.346422669249476,2.8890175958705195
7.639999999999925,2.138306469991676,-0.5176000138935236,36.056840392868324,35.17118684184131,8.289054963951694,2.8790718928070715
7.659999999999925,2.1272431405417906,-0.589349087556347,36.056835689152635,35.163196621284285,8.23204764295324,2.8691545170926647
7.679999999999924,2.1147076802749796,-0.6648215244439888,36.056830919420456,35.15562087223446,8.17546745787524,2.859277436324646
7.699999999999924,2.1006251757510968,-0.7440588735338097,36.05682609631633,35.14846245734685,8.119379954834848,2.8494525710800747
7.719999999999923,2.0849200759319992,-0.8270828765144899,36.056821232498855,35.14172290117252,8.0638494435436,2.8396917867162275
7.739999999999923,2.067516616960562,-0.9138925811385763,36.05681634056705,35.135402386892395,8.008938977991306,2.8300068865625234
7.7599999999999225,2.048339306055148,-1.0044613195591134,36.05681143298574,35.129499758161785,7.954710348570577,2.8204096065235946
7.779999999999922,2.0273134668183017,-1.0987335961785885,36.05680652201029,35.12401252605787,7.901224085301169,2.8109116110794323
7.799999999999922,2.004365847407621,-1.1966219217360081,36.05680161961049,35.11893688109911,7.848539471599587,2.801524490629983
7.819999999999921,1.9794252920475455,-1.298003657194378,36.0567967373936,35.1142677102826,7.79671456780811,2.7922597600882533
7.839999999999921,1.9524234750727714,-1.4027179263280665,36.05679188652644,35.10999861906218,7.745806243452309,2.783128858578472
7.85999999999992,1.9232956952967093,-1.510562686393711,36.056787077656466,35.106121958167705,7.695870216939875,2.77414315004469
7.87999999999992,1.891981726735328,-1.6212920367536305,36.056782320831495,35.10262885514316,7.646961101151414,2.7653139245213034
7.8999999999999195,1.8584267198859756,-1.7346138729223837,36.056777625417986,35.09950925046015,7.599132453111688,2.7566523997616543
7.919999999999919,1.8225821456118023,-1.8501879903639582,36.05677300001771,35.09675193804154,7.552436825674851,2.7481697228655384
7.939999999999919,1.7844067714539178,-1.9676247584346902,36.05676845238246,35.09434461001,7.5069258189184005,2.7398769714931364
7.959999999999918,1.7438676578162473,-2.0864844787019785,36.05676398932703,35.09227390545663,7.462650128727621,2.7317851542036795
7.979999999999918,1.7009411590863104,-2.2062775519313265,36.05675961664013,35.09052546300633,7.419659589876508,2.723905209414694
7.999999999999917,1.6556139123769087,-2.326465569009637,36.05675533899352,35.0890839769389,7.37800321078405,2.7162480024445577
8.019999999999918,1.6078837943902955,-2.4464634233412874,36.05675115984988,35.08793325660883,7.337729197058839,2.7088243200803626
8.039999999999917,1.5577608249496364,-2.5656425448948714,36.05674708136987,35.0870562888916,7.2988849609520985,2.7016448621075453
8.059999999999917,1.5052679941815315,-2.6833353095853525,36.05674310431936,35.086435303370614,7.2615171139306405,2.6947202292502723
8.079999999999917,1.4504419893013556,-2.798840672948052,36.056739227978206,35.08605183996673,7.225671439766753,2.688060907004667
8.099999999999916,1.3933337965566912,-2.9114310194817796,36.056735450052166,35.085886818701525,7.191392845828273,2.6816772449025765
8.119999999999916,1.3340091542088912,-3.0203601957470037,36.056731766590076,35.08592061127636,7.158725290643589,2.675579430823086
8.139999999999915,1.2725488337311384,-3.124872641510875,36.05672817190873,35.08613311414148,7.127711686312117,2.6697774600726776
8.159999999999915,1.2090487284568256,-3.224213484892879,36.056724658528246,35.086503822723685,7.098393774925893,2.6642810990820567
8.179999999999914,1.1436197321144133,-3.3176394274748833,36.056721217121016,35.08701190647646,7.070811978851891,2.65909984371627
8.199999999999914,1.0763873936430834,-3.404430186504553,36.05671783647735,35.08763628441391,7.045005225480801,2.6542428723613067
8.219999999999914,1.0074913397062415,-3.4839002384843836,36.05671450349122,35.08835570078859,7.021010747854691,2.6497189941302626
8.239999999999913,0.9370844619237877,-3.5554105501775064,36.056711203169115,35.08914880057411,6.998863863416399,2.645536592719216
8.259999999999913,0.8653318721423574,-3.618379987689814,36.05670791866478,35.089994204415454,6.978597733946162,2.6417035666300945
8.279999999999912,0.7924096356508772,-3.672296058464462,36.0567046313422,35.09087058271366,6.960243110532721,2.6382272666570485
8.299999999999912,0.7185032989362085,-3.7167246600942265,36.05670132086836,35.09175672851726,6.943828068131286,2.6351144316957633
8.319999999999911,0.6438062350502215,-3.751318521172968,36.056697965336596,35.092631628899795,6.929377734856041,2.632371124073511
8.339999999999911,0.5685178356157796,-3.775824052153585,36.05669454142035,35.09347453451155,6.916914021608568,2.6300026657037
8.35999999999991,0.49284158366207576,-3.7900863781286054,36.05669102455589,35.09426502700415,6.906455357930423,2.628013576435712
8.37999999999991,0.41698304557835353,-3.794052371550977,36.05668738915193,35.094983084038695,6.898016440068518,2.626407515993761
8.39999999999991,0.34114782326360316,-3.7877715858811065,36.05668360882251,35.095609141602004,6.891607997145762,2.6251872308743547
8.41999999999991,0.2655395089864853,-3.771395054119165,36.056679656639055,35.096124153371065,6.887236581035171,2.6243545074999246
8.439999999999909,0.1903576852884226,-3.7451719980132006,36.05667550539632,35.09650964688281,6.884904385052032,2.6239101328079113
8.459999999999908,0.11579601073698942,-3.7094445605319994,36.056671127886865,35.09674777628539,6.884609095923497,2.6238538632941233
8.479999999999908,0.04204042921475244,-3.6646407526737352,36.05666649717788,35.09682137146717,6.886343782694593,2.624184403332699
8.499999999999908,-0.030732463719843225,-3.611265848279493,36.05666158688451,35.09671398338182,6.890096825317202,2.624899393370573
8.519999999999907,-0.10235686928726356,-3.5498925175586455,36.05665637143385,35.09640992541067,6.895851884681875,2.625995408351255
8.539999999999907,-0.17267902655771103,-3.481150013445058,36.05665082631435,35.095894310628246,6.90358791483204,2.62746796647115
8.559999999999906,-0.24155823062412535,-3.405712745648884,36.056644928305836,35.095153084861806,6.913279217086681,2.629311548121805
8.579999999999906,-0.308867618867313,-3.3242885762814587,36.05663865568643,35.09417305546224,6.924895534829065,2.6315196246330874
8.599999999999905,-0.374494723020415,-3.237607154402818,36.05663198841346,35.09294191573011,6.938402186830285,2.634084696214282
8.619999999999905,-0.43834179082378355,-3.14640858640438,36.05662490827623,35.09144826496776,6.9537602361950155,2.636998338299631
8.639999999999905,-0.5003258866560322,-3.0514327020790364,36.05661739901989,35.08968162415582,6.970926691364982,2.6402512553476765
8.659999999999904,-0.560378785329571,-2.953409138958603,36.056609446440326,35.087632447278885,6.989854735107242,2.6438333410234547
8.679999999999904,-0.6184466771144514,-2.8530484074094824,36.05660103845066,35.08529212835251,7.010493977055656,2.6477337436108743
8.699999999999903,-0.6744897050667472,-2.751034068080711,36.056592165121025,35.08265300422927,7.032790725165356,2.6519409354594146
8.719999999999903,-0.7284813576606306,-2.648016097439799,36.05658281869364,35.07970835328715,7.05668827137378,2.656442785262611
8.739999999999903,-0.7804077408717236,-2.5446054682752477,36.05657299357538,35.07645239012766,7.082127186827322,2.6612266319927214
8.759999999999902,-0.830266754061665,-2.441369943798609,36.05656268631082,35.07288025643451,7.109045622212845,2.6662793593719405
8.779999999999902,-0.8780671934971821,-2.3388310396192082,36.05655189553829,35.068988008165,7.13737960901091,2.6715874698409015
8.799999999999901,-0.923827806241459,-2.237462083732597,36.05654062193205,35.064772599267215,7.167063357841782,2.6771371570843696
8.8199999999999,-0.9675763154960191,-2.137687284266607,36.0565288681328,35.06023186213408,7.198029550486595,2.6829143762868384
8.8399999999999,-1.009348436489399,-2.039881699668248,36.05651663866959,35.05536448502288,7.230209622614731,2.688904911411843
8.8599999999999,-1.0491868997686817,-1.9443719892592348,36.0565039398749,35.050169986683336,7.263534034716452,2.695094438923514
8.8799999999999,-1.0871404964307674,-1.8514378323062646,36.056490779795276,35.044648688451055,7.29793252921106,2.7014685874929327
8.899999999999899,-1.123263157323806,-1.7613138924900973,36.05647716809893,35.038801684073455,7.333334372161853,2.7080129933517405
8.919999999999899,-1.1576130760502668,-1.6741922100040783,36.05646311598193,35.03263080754472,7.3696685784681435,2.714713351068238
8.939999999999898,-1.1902518832466191,-1.5902249227461192,36.05644863607395,35.02613859923285,7.406864119813431,2.721555459624777
8.959999999999898,-1.2212438776187617,-1.509527204572445,36.05643374234467,35.019328270586264,7.444850115020761,2.7285252637680966
8.979999999999897,-1.250655317330814,-1.4321803470847374,36.05641845001119,35.01220366770971,7.483556002797395,2.735608890685471
8.999999999999897,-1.2785537736930457,-1.3582348977425063,36.05640277544722,35.00476923409924,7.522911697138908,2.742792682128729
9.019999999999897,-1.3050075476642746,-1.287713793373523,36.05638673609404,34.99702997282345,7.56284772590736,2.750063222165512
9.039999999999896,-1.3300851485157106,-1.2206154336889692,36.05637035037363,34.98899140843404,7.603295353299661,2.7574073607828895
9.059999999999896,-1.3538548330078861,-1.1569166510716473,36.05635363760381,34.98065954888165,7.6441866870831845,2.7648122336034295
9.079999999999895,-1.3763842026474262,-1.0965755472888357,36.05633661791545,34.972040847704356,7.685454771598101,2.772265277998861
9.099999999999895,-1.3977398560134837,-1.03953415940128,36.05631931217165,34.96314216674545,7.727033667613419,2.7797542459025797
9.119999999999894,-1.4179870927440157,-0.9857209546224243,36.0563017418887,34.953970739644234,7.768858520179809,2.78726721363055
9.139999999999894,-1.437189665420729,-0.9350531285201562,36.05628392915867,34.944534136329494,7.81086561565042,2.794792589021665
9.159999999999894,-1.4554095755287937,-0.8874387092219095,36.05626589657354,34.93484022872894,7.85299242904511,2.8023191162044894
9.179999999999893,-1.4727069095258312,-0.8427784676566973,36.056247667150615,34.924897157890875,7.895177662917054,2.809835878288455
9.199999999999893,-1.4891397111574725,-0.8009676319287947,36.056229264259066,34.914713302695276,7.937361278847331,2.8173322982650326
9.219999999999892,-1.5047638861973642,-0.7618974168503148,36.05621071154761,34.90429725031208,7.979484522645589,2.8247981383889345
9.239999999999892,-1.5196331359758142,-0.7254563746069204,36.05619203287294,34.89365776854366,8.021489944276592,2.832223498291862
9.259999999999891,-1.5337989162585965,-0.6915315792740803,36.05617325222918,34.88280378016731,8.063321413465543,2.8395988120622855
9.279999999999891,-1.5473104181784396,-0.6600096536038265,36.05615439367788,34.87174433937157,8.10492413186223,2.8469148445048775
9.29999999999989,-1.5602145682731197,-0.6307776495800441,36.0561354812789,34.86048861035838,8.14624464256689,2.8541626867729333
9.31999999999989,-1.5725560447947498,-0.6037238016602098,36.05611653902188,34.84904584816087,8.187230837741406,2.861333751546891
9.33999999999989,-1.584377307799851,-0.5787381513561194,36.05609759075845,34.83742538170399,8.227831964949127,2.8684197679121386
9.35999999999989,-1.595718640698892,-0.555713070717334,36.0560786601351,34.82563659911407,8.26799863278658,2.8754127760699997
9.379999999999889,-1.6066182012207646,-0.5345436823293127,36.05605977052698,34.81368893526132,8.307682816291944,2.882305121997313
9.399999999999888,-1.6171120799343819,-0.5151281966289876,36.056040944972295,34.8015918614985,8.346837862538658,2.88908945215247
9.419999999999888,-1.6272343646939158,-0.49736816970801995,36.05602220610787,34.78935487753918,8.385418496749178,2.8957587083093057
9.439999999999888,-1.637017209575827,-0.4811686941105858,36.05600357610556,34.77698750539918,8.423380829193732,2.9023061225848887
9.459999999999887,-1.6464909070520912,-0.46643853326315715,36.05598507660989,34.764499285306776,8.460682363072747,2.908725212713079
9.479999999999887,-1.6556839622611237,-0.4530902015952132,36.05596672867697,34.75189977347002,8.497282003519345,2.9150097776027004
9.499999999999886,-1.664623168504596,-0.44104000375613706,36.05594855271473,34.739198541573316,8.533140067800344,2.9211538932073307
9.519999999999886,-1.6733336831018493,-0.4302080343033613,36.0559305684249,34.72640517786092,8.568218296740742,2.927151908723007
9.539999999999885,-1.6818391029415443,-0.42051814783462776,36.0559127947465,34.7135292896513,8.6024798673474,2.932998443120521
9.559999999999885,-1.6901615391446037,-0.4118979017904257,36.05589524980138,34.70058050711478,8.635889406562928,2.938688382010404
9.579999999999885,-1.6983216903811749,-0.4042784787319902,36.055877950841825,34.68756848813598,8.668413006040424,2.9442168748311364
9.599999999999884,-1.7063389144248127,-0.3975945892232911,36.05586091420029,34.674502924073714,8.700018237793579,2.949579332344458
9.619999999999884,-1.7142312976270246,-0.39178436143892115,36.055844155241644,34.6613935462236,8.730674170544576,2.954771424415868
9.639999999999883,-1.7220157220849752,-0.3867892203647665,36.05582768831811,34.648250132782614,8.760351386564478,2.959789078053448
9.659999999999883,-1.7297079302863223,-0.38255375748272413,36.05581152672683,34.635082516110295,8.78902199877647,2.9646284756738863
9.679999999999882,-1.737322587076744,-0.3790255947666964,36.0557956826705,34.62190059007847,8.81665966787221,2.9692860535610595
9.699999999999882,-1.7448733388850202,-0.37615524464877276,36.05578016722122,34.608714317300404,8.843239619174634,2.9737585004795926
9.719999999999882,-1.752372870095738,-0.37389596617834553,36.05576499028757,34.59553373602967,8.868738658967398,2.9780427564035072
9.739999999999881,-1.7598329565503446,-0.37220362224189735,36.05575016058522,34.58236896652163,8.893135190001077,2.9821360113182425
9.75999999999988,-1.7672645161699174,-0.37103653385377733,36.05573568561127,34.56923021665294,8.916409225879537,2.9860357040530405
9.77999999999988,-1.774677656696038,-0.37035533768676443,36.055721571622314,34.55612778659969,8.938542404026085,2.989739521099804
9.79999999999988,-1.7820817205793738,-0.37012284471435686,36.05570782361658,34.54307207238053,8.959517996928387,2.9932453953741227
9.81999999999988,-1.7894853270438318,-0.3703038988951571,36.055694445320015,34.5300735680791,8.97932092136294,2.9965515048740508
9.839999999999879,-1.7968964113940105,-0.37086524108369107,36.055681439176695,34.5171428665686,8.997937745305038,2.999656271192591
9.859999999999879,-1.8043222616057102,-0.3717753749539042,36.055668806343526,34.504290658572216,9.015356692237098,3.0025583578403765
9.879999999999878,-1.8117695522519368,-0.3730044361764488,36.05565654668932,34.491527729904135,9.031567642578585,3.005256668336098
9.899999999999878,-1.81924437586745,-0.37452406421815765,36.05564465879834,34.47886495674917,9.046562131972683,3.0077503440233673
9.919999999999877,-1.8267522717677445,-0.37630727671798464,36.055633139978426,34.4663132988527,9.060333346179732,3.0100387615742976
9.939999999999877,-1.8342982524277398,-0.37832835156350064,36.05562198627358,34.45388379050798,9.072876112344042,3.012121530141844
9.959999999999877,-1.841886827471299,-0.38056270702904776,36.05561119248122,34.44158752924385,9.08418688641968,3.0139984881249826
9.979999999999876,-1.8495220253270206,-0.3829867866653452,36.05560075217394,34.429435662132775,9.094263736561652,3.0156696995131367
9.999999999999876,-1.857207412649814,-0.3855779500001807,36.05559065772581,34.417439369657515,9.103106322311508,3.0171354497787313
10.019999999999875,-1.8649461115058883,-0.3883143624962579,36.05558090034314,34.40560984709259,9.110715869430912,3.0183962412895546
10.039999999999875,-1.8727408144392939,-0.3911748881746998,36.0555714700997,34.393958283376826,9.117095140262666,3.0194527882155513
10.059999999999874,-1.8805937974272993,-0.39413898864899977,36.05556235597622,34.38249583747206,9.122248399526217,3.020306010907871
10.079999999999874,-1.8885069307844353,-0.3971866205222238,36.055553545904054,34.37123361222411,9.1261813754833,3.0209570297313566
10.099999999999874,-1.8964816880624176,-0.4002981338274487,36.05554502681291,34.36018262576194,9.128901216439397,3.0214071583352347
10.119999999999873,-1.9045191529695025,-0.403454177683871,36.05553678468248,34.349353780491484,9.130416442577477,3.0216578963505247
10.139999999999873,-1.9126200243391718,-0.40663560011850425,36.055528804597806,34.33875782976143,9.130736893151967,3.0217109215065507
10.159999999999872,-1.9207846191815592,-0.40982335417120364,36.055521070807984,34.328405342298225,9.129873669103173,3.0215680811630197
10.179999999999872,-1.9290128738212209,-0.41299840301762775,36.05551356678832,34.318306664527604,9.127839071184708,3.0212313832582747
10.199999999999871,-1.9373043431507362,-0.41614162363332746,36.05550627530541,34.30847188091963,9.124646533729113,3.020702986678616
10.219999999999871,-1.9456581979667522,-0.4192337146809701,36.05549917848492,34.29891077251293,9.120310554209166,3.019985191057924
10.23999999999987,-1.954073220446395,-0.42225509959092383,36.05549225788196,34.28963277379198,9.114846618784625,3.0190804260212456
10.25999999999987,-1.9625477976958412,-0.4251858316506194,36.05548549455353,34.280646928108744,9.108271124055458,3.017991239890444
10.27999999999987,-1.9710799133990589,-0.42800549866218696,36.055478869132905,34.271961841855884,9.100601295273387,3.0167202878744637
10.29999999999987,-1.97966713752253,-0.4306931252953222,36.05547236190546,34.26358563761406,9.09185510129321,3.015270319771216
10.319999999999869,-1.9883066140547552,-0.43322707288707923,36.05546595288584,34.25552590650958,9.082051166573711,3.013644167212465
10.339999999999868,-1.996995046762084,-0.4355849403363686,36.055459621895864,34.24778966003128,9.071208680564988,3.0118447304874447
10.359999999999868,-2.0057286828963745,-0.43774346001758146,36.05545334864304,34.240383281566416,9.059347304844227,3.009874964985128
10.379999999999868,-2.014503294830623,-0.43967839396255726,36.0554471127992,34.23331247792504,9.046487078385569,3.007737867299205
10.399999999999867,-2.023314159562229,-0.4413644244438329,36.05544089407893,34.22658223113045,9.032648321371138,3.0054364610437427
10.419999999999867,-2.0321560360289923,-0.44277504432837084,36.05543467231753,34.22019675075949,9.017851537969802,3.002973782431309
10.439999999999866,-2.0410231401774794,-0.44388244274789096,36.05542842754802,34.21415942712175,9.002117318527368,3.0003528656688645
10.459999999999866,-2.049909117727701,-0.44465738770353636,36.05542214007687,34.208472785569384,8.985466241626904,2.997576728230139
10.479999999999865,-2.0588070145403243,-0.4450691051326861,36.055415790558264,34.20313844223154,8.96791877649045,2.994648356066276
10.499999999999865,-2.067709244543799,-0.4450851546355258,36.05540936006627,34.1981570614669,8.949495186203531,2.9915706888194253
10.519999999999865,-2.076607555125895,-0.44467130052921583,36.05540283016499,34.19352831532674,8.93021543225179,2.9883466051065413
10.539999999999864,-2.085492989912342,-0.4437913801508926,36.055396182975855,34.189250845317865,8.910099080864583,2.984978907943
10.559999999999864,-2.094355848865814,-0.4424071668134391,36.05538940124239,34.18532222675042,8.88916521166372,2.9814703103777034
10.579999999999863,-2.103185645620811,-0.44047823047495777,36.05538246839157,34.18173893595003,8.867432329116614,2.9778234214131323
10.599999999999863,-2.1119710619769396,-0.43796179410463326,36.05537536859197,34.17849632060692,8.84491827729241,2.9740407322853546
10.619999999999862,-2.1206998994824633,-0.43481258415958146,36.055368086808045,34.17558857352677,8.821640158416931,2.9701246031802997
10.639999999999862,-2.1293590280451147,-0.4309826848404848,36.055360608850805,34.17300871003913,8.797614255718045,2.966077250463657
10.659999999999862,-2.137934331498219,-0.42642137979085504,36.055352921424145,34.1707485493094,8.772855961047362,2.9619007345026542
10.679999999999861,-2.1464106501089097,-0.42107500166394296,36.055345012167066,34.16879869979017,8.74737970775723,2.9575969481586277
10.69999999999986,-2.1547717199553076,-0.4148867732634055,36.05533686969136,34.16714854903626,8.721198909304267,2.9531676060298824
10.71999999999986,-2.1630001091860915,-0.4077966528865363,36.0553284836148,34.16578625809656,8.694325904042035,2.9486142345247597
10.73999999999986,-2.1710771511725993,-0.3997411784883384,36.05531984458958,34.16469876068344,8.666771906656663,2.9439381628452495
10.75999999999986,-2.178982874576409,-0.3906533163140949,36.05531094432601,34.163871767308585,8.638546966690015,2.939140514961817
10.779999999999859,-2.186695930412468,-0.3804623120162155,36.055301775611255,34.16328977456139,8.609659934586183,2.934222202660559
10.799999999999859,-2.1941935162212527,-0.3690935489848833,36.055292332323376,34.16293607969387,8.580118435688334,2.9291839197442577
10.819999999999858,-2.201451297493052,-0.35646841728938866,36.05528260944026,34.162792800663105,8.549928852605046,2.9240261374695415
10.839999999999858,-2.208443326570843,-0.3425041936051966,36.055272603043726,34.16284090177008,8.519096316357953,2.9187491013031512
10.859999999999857,-2.2151419593052766,-0.3271139363339474,36.05526231031868,34.16306022502116,8.487624706716264,2.913352829081343
10.879999999999857,-2.2215177698048407,-0.3102064003634233,36.05525172954751,34.16342952732615,8.455516662118448,2.907837110657756
10.899999999999856,-2.2275394637225805,-0.29168597775859906,36.055240860099616,34.163926523634366,8.422773599577269,2.9022015091266957
10.919999999999856,-2.233173790623705,-0.2714526650524702,36.05522970241636,34.164527936098025,8.389395744961279,2.896445363710712
10.939999999999856,-2.2383854560549965,-0.24940206781657456,36.05521825799128,34.16520954933953,8.355382174043863,2.8905677944036987
10.959999999999855,-2.243137034118918,-0.2254254469090322,36.055206529345995,34.16594627188669,8.320730864709544,2.8845677084633574
10.979999999999855,-2.2473888814327667,-0.1994098142811537,36.05519452000178,34.16671220382673,8.285438760706729,2.878443808849971
10.999999999999854,-2.2510990535784132,-0.17123808492074682,36.05518223444691,34.16748071071628,8.24950184733516,2.872194604711728
11.019999999999854,-2.25422322525343,-0.14078929858651976,36.05516967810019,34.168224503769984,8.212915239455487,2.8658184240205253
11.039999999999853,-2.2567146156007416,-0.10793891646212445,36.05515685727059,34.168915726334795,8.175673282205981,2.859313428465998
11.059999999999853,-2.2585239203343805,-0.07255920681605932,36.055143779113365,34.169526046639916,8.137769664807314,2.8526776307194814
11.079999999999853,-2.2595992525735085,-0.03451973133639017,36.05513045158287,34.170026756793554,8.099197547829148,2.8459089141835068
11.099999999999852,-2.259886094487325,0.006312056174478083,36.05511688338225,34.17038887797663,8.059949704280786,2.839005055346113
11.119999999999852,-2.2593272621668072,0.05007008535055885,36.0551030839102,34.170583271759924,8.020018674871345,2.8319637488625
11.139999999999851,-2.2578628863736787,0.09688880293121467,36.055089063205216,34.170580757444505,7.979396937760462,2.8247826354890497
11.159999999999851,-2.2554304121407207,0.14690215151298852,36.055074831887374,34.17035223529465,7.93807709308757,2.8174593329962314
11.17999999999985,-2.251964620437492,0.20024238047612597,36.055060401098146,34.16986881549878,7.8960520625231085,2.8099914701868953
11.19999999999985,-2.247397675501923,0.25703866937275094,36.05504578243816,34.169101952653776,7.85331530402766,2.802376724144643
11.21999999999985,-2.2416592015813523,0.31741555757823403,36.05503098790365,34.168023585525034,7.809861041931079,2.7946128608326197
11.23999999999985,-2.2346763932509366,0.38149115835715597,36.055016029821324,34.16660628178376,7.7656845123519345,2.786697779155812
11.259999999999849,-2.2263741635783694,0.449375155958451,36.0550009207823,34.16482338736749,7.7207822238639165,2.7786295585888947
11.279999999999848,-2.216675334662666,0.5211665707147127,36.05498567357513,34.162649180046984,7.67515223317838,2.770406510456251
11.299999999999848,-2.205500875202046,0.5969512912269105,36.05497030111819,34.16005902671277,7.628794435447171,2.7620272329300395
11.319999999999848,-2.1927701897810006,0.6767993715202202,36.054954816391536,34.15702954381806,7.581710868594797,2.7534906697853176
11.339999999999847,-2.1784014644845726,0.7607621004013991,36.0549392323685,34.153538760329695,7.533906030860986,2.7447961729172143
11.359999999999847,-2.162312073339198,0.8488688528628141,36.05492356194703,34.149566282447594,7.485387210470784,2.7359435685830187
11.379999999999846,-2.144419049676547,0.9411237514288857,36.05490781788081,34.14509345925297,7.436164826048423,2.7269332272808633
11.399999999999846,-2.124639626048375,1.0375021559127073,36.05489201271016,34.14010354834016,7.386252776050447,2.717766137115268
11.419999999999845,-2.1028918455819023,1.1379470359271782,36.05487615869273,34.134581880373496,7.335668795113881,2.7084439804274854
11.439999999999845,-2.0790952467407013,1.242365269394222,36.054860267733595,34.12851602139286,7.284434814795928,2.6989692133842373
11.459999999999845,-2.053171622240177,1.3506239399759754,36.05484435131483,34.12189593156881,7.2325773257253445,2.6893451481216286
11.479999999999844,-2.0250458513783696,1.4625467119903892,36.05482842042385,34.114714118982945,7.180127737695835,2.6795760369311847
11.499999999999844,-1.9946468033476863,1.5779103766350813,36.054812485480674,34.10696578688321,7.127122733714026,2.6696671578520843
11.519999999999843,-1.961908306969547,1.6964416802542024,36.054796556262964,34.09864897273879,7.073604613477003,2.6596249008980575
11.539999999999843,-1.9267701800671948,1.8178145559604377,36.054780641829105,34.089764677299705,7.019621621207389,2.6494568539999643
11.559999999999842,-1.8891793090725209,1.9416478896491853,36.05476475043821,34.08031698175275,6.965228252231143,2.639171887587306
11.579999999999842,-1.8490907667537186,2.067503967069417,36.05474888946696,34.070313150964395,6.910485532160667,2.628780236566128
11.599999999999842,-1.8064689530213158,2.1948877429748626,36.05473306532273,34.05976372071467,6.855461262062892,2.6182935782801158
11.619999999999841,-1.7612887408546352,2.3232470833647905,36.0547172833529,34.048682566759744,6.800230222570591,2.6077251048702568
11.63999999999984,-1.7135366065431636,2.4519741178990198,36.054701547750106,34.037086953518774,6.7448743295599645,2.5970895882814604
11.65999999999984,-1.6632117206461225,2.580407830314502,36.054685861453905,34.02499756016815,6.689482733794523,2.586403436008103
11.67999999999984,-1.610326973874845,2.7078379941814537,36.054670226049325,34.012438481949104,6.634151856852307,2.575684735531953
11.69999999999984,-1.5549099101125743,2.8335105327799015,36.054654641663454,33.999437204556976,6.5789853557376805,2.5649532852934533
11.719999999999839,-1.4970035376970197,2.9566343370930017,36.05463910686146,33.98602454958841,6.5240940088568635,2.554230609960045
11.739999999999839,-1.43666698967466,3.076389543390136,36.05462361854434,33.972234589181085,6.46959551653106,2.5435399577225164
11.759999999999838,-1.3739760043954716,3.1919372096834437,36.05460817185086,33.95810452819305,6.415614209952267,2.5329062773723523
11.779999999999838,-1.309023199472717,3.302430276651338,36.054592760066875,33.943674552539555,6.362280663467095,2.522356172999185
11.799999999999837,-1.2419181150875354,3.4070256405733326,36.05457737454573,33.928987642637466,6.3097312063088165,2.5119178343068502
11.819999999999837,-1.1727870066142154,3.50489710281398,36.05456200464385,33.91408935130082,6.258107331383661,2.501620940786925
11.839999999999836,-1.1017723719009507,3.595248902170455,36.05454663767555,33.89902754588835,6.207555000439608,2.4914965383157988
11.859999999999836,-1.0290322047202012,3.6773295042499137,36.054531258891465,33.88385211502027,6.158223846879837,2.481576887158614
11.879999999999836,-0.9547389732597726,3.750445247473334,36.054515851484744,33.868614640756086,6.110266279591575,2.471895280870849
11.899999999999835,-0.8790783301791978,3.8139734652984285,36.054500396628555,33.853368037750144,6.063836493397782,2.462485836182166
11.919999999999835,-0.8022475690686708,3.8673746602739185,36.05448487354779,33.83816616156944,6.019089394046694,2.453383254619362
11.939999999999834,-0.7244538501848781,3.9102033374375007,36.05446925962712,33.82306338905835,5.976179447968442,2.4446225573630875
11.959999999999834,-0.6459122260808432,3.9421171212084243,36.054453530556046,33.80811417435403,5.935259469278664,2.4362387956189075
11.979999999999833,-0.5668435046815573,3.962883846556429,36.05443766051065,33.79337258487896,5.8964793586239255,2.4282667395951223
11.999999999999833,-0.4874719931377328,3.9723863554586445,36.054421622369965,33.77889182234505,5.859984810370322,2.420740549990916
12.019999999999833,-0.4080231700640638,3.9706248375232267,36.054405387963904,33.764723734478835,5.825916006266774,2.4136934366788947
12.039999999999832,-0.3287213364541281,3.957716618300712,36.05438892834806,33.750918323795894,5.794406315005807,2.407157309983252
12.059999999999832,-0.2497872962172136,3.9338934145854276,36.05437221409953,33.73752326029449,5.765581018004153,2.4011624305748565
12.079999999999831,-0.17143611628656652,3.899496149484425,36.054355215627446,33.72458340537976,5.739556082191534,2.3957370644942517
12.099999999999831,-0.09387501321026018,3.854967525394543,36.05433790349064,33.71214035464852,5.716437000598957,2.3909071501417527
12.11999999999983,-0.01730140856889615,3.8008426218676576,36.05432024871523,33.70023200733934,5.6963177210621545,2.3866959842137736
12.13999999999983,0.058098810452393616,3.737737840301056,36.05430222310459,33.688892170265106,5.679279682399016,2.3831239334954897
12.15999999999983,0.1321527961493751,3.6663385871653067,36.05428379953484,33.67815020387795,5.665390975993239,2.3802081791291365
12.17999999999983,0.2047019895822125,3.5873860853976427,36.054264952229595,33.66803071775924,5.65470564884369,2.377962499461186
12.199999999999829,0.27560310088552253,3.501663728332701,36.054245657008806,33.6585533222724,5.647263161855668,2.376397096837073
12.219999999999828,0.3447288154212285,3.4099833767984875,36.05422589150747,33.649732442361575,5.643088014502474,2.3755184727765166
12.239999999999828,0.41196822840513975,3.3131719667433175,36.05420563536145,33.64157719853193,5.642189544028869,2.3753293548535264
12.259999999999827,0.4772270176008446,3.2120587619701233,36.054184870358846,33.63409135891741,5.644561904165871,2.3758286773599377
12.279999999999827,0.5404273698507702,3.1074635251211222,36.054163580556406,33.627273365049625,5.650184224949489,2.3770116164944355
12.299999999999827,0.6015076822058836,3.0001858379844584,36.054141752361815,33.62111643251282,5.659020951760779,2.3788696794403803
12.319999999999826,0.6604220622469483,2.89099572544761,36.054119374583394,33.61560872613684,5.671022358211682,2.3813908453279318
12.339999999999826,0.7171396548943159,2.780625689551486,36.05409643844972,33.61073360778273,5.6861252240738365,2.3845597547710637
12.359999999999825,0.7716438244135018,2.669764200201526,36.05407293760212,33.60646995315499,5.704253666170449,2.38835794347716
12.379999999999825,0.8239312208566358,2.559050640707265,36.05404886806329,33.602792532480855,5.72532010710775,2.392764114388995
12.399999999999824,0.8740107594564771,2.4490716524975684,36.05402422818565,33.599672448375784,5.749226363992566,2.3977544419711885
12.419999999999824,0.921902540412853,2.340358805274605,36.0539990185828,33.59707762281758,5.775864836940866,2.4033029016211973
12.439999999999824,0.9676367343054323,2.2333874752593545,36.05397324204777,33.594973323924904,5.805119775294432,2.409381616783533
12.459999999999823,1.011252456131047,2.1285768036678054,36.05394690346076,33.593322722222936,5.836868598084849,2.4159612161797734
12.479999999999823,1.0527966481216486,2.026290592239045,36.05392000968969,33.59208746531874,5.870983244457727,2.423011193630299
12.499999999999822,1.092322988641095,1.9268389919571178,36.05389256948565,33.59122825943032,5.907331529522316,2.4305002632220214
12.519999999999822,1.1298908415462672,1.8304808362188782,36.05386459337579,33.59070544603896,5.945778481432967,2.43839670304751
12.539999999999822,1.1655642574800091,1.737426479409295,36.053836093554956,33.59047956207545,5.986187636431379,2.4466686813770635
12.559999999999821,1.199411035918703,1.6478410092674338,36.05380708377772,33.59051187250711,6.028422270056966,2.45528455989463
12.57999999999982,1.231501854212211,1.5618477199862193,36.05377757925183,33.590764864954075,6.072346544724037,2.464213169497322
12.59999999999982,1.2619094676800755,1.4795317250678892,36.05374759653368,33.59120269700815,6.117826556309569,2.473424055092367
12.61999999999982,1.2907079827882482,1.4009436384468943,36.05371715342655,33.591791588223224,6.164731265220838,2.4828876867914986
12.63999999999982,1.3179722037859418,1.3261032284767702,36.0536862688815,33.59250015025259,6.212933300532851,2.4925756358700233
12.659999999999819,1.3437770517202887,1.2550029932301945,36.053654962901504,33.5932996502756,6.262309629107796,2.5024607147980955
12.679999999999819,1.3681970536743153,1.1876115975482289,36.05362325644845,33.59416420463138,6.312742085033546,2.51251708154065
12.699999999999818,1.3913058990945053,1.123877140920734,36.053591171352934,33.59507090140163,6.364117758145446,2.5227203091396095
12.719999999999818,1.4131760594958258,1.0637302237644184,36.05355873022685,33.59599985250047,6.416329243726635,2.5330474223209154
12.739999999999817,1.4338784672708038,1.0070867895885933,36.053525956378266,33.59693417758024,6.4692747586244685,2.5434769034973503
12.759999999999817,1.4534822491492685,0.9538507434457659,36.05349287372859,33.59785992369223,6.522858131890622,2.553988671057611
12.779999999999816,1.4720545095682513,0.9039163301763297,36.05345950673159,33.59876592610721,6.576988680577347,2.564564033237881
12.799999999999816,1.4896601593482428,0.8571702800222788,36.053425880294064,33.599643616956655,6.631580983444644,2.575185621162996
12.819999999999816,1.5063617849588318,0.8134937295616831,36.05339201969802,33.60048678937566,6.686554567009052,2.58583730482199
12.839999999999815,1.5222195539879884,0.772763919086042,36.05335795052397,33.60129132558687,6.741833519568204,2.5965040958119445
12.859999999999815,1.53729115248492,0.7348556866309383,36.05332369857536,33.602054897852476,6.797346049556193,2.6071720406517467
12.879999999999814,1.5516317501798123,0.699642763839638,36.05328928980392,33.60277665143496,6.853024004829108,2.6178281083426977
12.899999999999814,1.5652939898334735,0.6669988932247374,36.05325475023575,33.60345687865695,6.908802369268995,2.6284600756467644
12.919999999999813,1.5783279972359425,0.6367987805523494,36.053220105898134,33.60409669285104,6.964618752462839,2.639056413277829
12.939999999999813,1.5907814086975591,0.6089188947074183,36.05318538274708,33.6046977104675,7.0204128872065095,2.6496061758696348
12.959999999999813,1.6026994131679455,0.583238130159258,36.05315060659548,33.605261748891444,7.076126148257268,2.660098898209852
12.979999999999812,1.6141248063825189,0.5596383514478473,36.053115803041905,33.60579054664491,7.131701104173696,2.6705244998265223
12.999999999999812,1.625098054732353,0.5380048238331161,36.0530809974002,33.6062855116531,7.187081112303654,2.680873199594426
13.019999999999811,1.6356573668064531,0.5182265506519569,36.053046214629774,33.606747502173405,7.242209965075621,2.6911354416074307
13.03999999999981,1.6458387708068138,0.5001965247586871,36.0530114792668,33.60717664386189,7.297031593781087,2.7013018331502843
13.05999999999981,1.6556761962481885,0.4838119094140964,36.05297681535635,33.60757218531773,7.351489834066937,2.711363095210034
13.07999999999981,1.6652015585928706,0.4689741503521784,36.05294224638564,33.60793239333853,7.405528255442786,2.7213100256021523
13.09999999999981,1.6744448456069132,0.4555890382732542,36.05290779521854,33.608254488063636,7.459090055298018,2.731133474456717
13.11999999999981,1.6834342044707433,0.44356672289816995,36.052873484031416,33.608534617207496,7.512118016257715,2.7408243315210328
13.139999999999809,1.6921960287637705,0.4328216870355489,36.052839334250635,33.608767867707165,7.564554524218319,2.750373524490504
13.159999999999808,1.7007550446141442,0.4232726904036337,36.05280536649166,33.608948312344396,7.616341643116175,2.759772027381279
13.179999999999808,1.7091343954284588,0.4148426858917933,36.05277160050022,33.60906908826137,7.667421241410242,2.769010877806413
13.199999999999807,1.7173557247025282,0.4074587105434175,36.05273805509553,33.60912250377642,7.717735164410778,2.7780812019109122
13.219999999999807,1.7254392565402072,0.40105176569686485,36.052704748115836,33.60910016952164,7.76722544595833,2.786974245657525
13.239999999999807,1.7334038735565476,0.39555667775728726,36.05267169636653,33.608993149665835,7.815834552544366,2.795681411131169
13.259999999999806,1.7412671919349245,0.39091195131991374,36.05263891557096,33.608792128846325,7.8635056527542355,2.804194296541207
13.279999999999806,1.7490456334700157,0.3870596163659174,36.05260642032418,33.60848759040466,7.910182904887179,2.812504738642618
13.299999999999805,1.7567544944472238,0.38394506609853735,36.0525742240499,33.608070001590804,7.955811755747548,2.820604856364597
13.319999999999805,1.7644080113255785,0.3815168971164768,36.05254233896072,33.60753000155849,8.00033924388301,2.828487094522973
13.339999999999804,1.7720194231251898,0.3797267420987439,36.05251077602197,33.606858588205405,8.043714300946638,2.8361442665962247
13.359999999999804,1.7796010305605492,0.378529109534772,36.0524795449192,33.60604730020485,8.085888045356448,2.843569595659028
13.379999999999804,1.78716425189743,0.3778812200684607,36.05244865402972,33.605088390914915,8.126814062995088,2.8507567526877997
13.399999999999803,1.7947196755984318,0.37774284571526273,36.052418110398094,33.6039749912266,8.166448670312358,2.857699891575803
13.419999999999803,1.8022771097726493,0.3780761530658683,36.05238791971601,33.602701258809816,8.204751155843413,2.864393680317601
13.439999999999802,1.809845628528476,0.3788455507721966,36.052358086306434,33.601262511626146,8.241683996818297,2.8708333279412614
13.459999999999802,1.81743361529384,0.38001753707626923,36.052328613112365,33.59965534398925,8.277213048197218,2.8770146068793636
13.479999999999801,1.8250488031697323,0.3815605570818859,36.05229950169028,33.597877723859476,8.311307702107708,2.882933870574854
13.499999999999801,1.832698312418485,0.38344485895633534,36.0522707522082,33.59592907045079,8.343941016273067,2.8885880662138494
13.5199999999998,1.8403886851715543,0.3856423588163033,36.0522423634487,33.593810311600755,8.375089810597208,2.8939747425637994
13.5399999999998,1.8481259174459788,0.38812650695280787,36.052214332816746,33.591523920701384,8.40473473160287,2.8990920529715627
13.5599999999998,1.8559154885503524,0.3908721618695116,36.052186656352454,33.58907393330775,8.432860284903109,2.903938753641872
13.5799999999998,1.8637623879806529,0.39385546406394595,36.05215932874887,33.58646594383008,8.459454836317281,2.90851419737248
13.599999999999799,1.8716711398793051,0.39705371699401126,36.05213234337453,33.58370708296994,8.484510582621027,2.9128183229685005
13.619999999999798,1.8796458251379842,0.40044527322699225,36.05210569230101,33.58080597678447,8.508023493245071,2.9168516405955707
13.639999999999798,1.8876901012256293,0.40400942033242077,36.05207936633538,33.57777268845091,8.529993224511175,2.920615213360222
13.659999999999798,1.8958072198180027,0.40772627256547106,36.05205335505728,33.574618643960484,8.550423008217253,2.924110635426993
13.679999999999797,1.9040000422687329,0.41157666673977883,36.05202764686072,33.57135654309552,8.569319516560231,2.927340006996152
13.699999999999797,1.9122710530195,0.41554205793700333,36.052002229000415,33.568000257138195,8.586692705517995,2.9303059064742705
13.719999999999796,1.9206223709685628,0.4196044203796249,36.05197708764246,33.564564714826524,8.602555638904192,2.9330113601730545
13.739999999999796,1.929055758871793,0.42374614926370197,36.051952207919214,33.56106577811329,8.61692429536543,2.9354598098705815
13.759999999999796,1.9375726307928112,0.4279499644573226,36.051927573988095,33.55752010930121,8.629817360613512,2.9376550785641107
13.779999999999795,1.9461740576690993,0.4321988170678701,36.051903169094224,33.55394503112327,8.641256007179388,2.9396013347356114
13.799999999999795,1.95486077098072,0.436475795638265,36.051878975636534,33.55035838131386,8.65126366394426,2.9413030554406085
13.819999999999794,1.9636331645711598,0.44076403315319845,36.05185497523707,33.54677836317693,8.659865777650156,2.9427649885184777
13.839999999999794,1.972491294635331,0.44504661568779896,36.05183114881332,33.54322339360386,8.667089568520774,2.94399211420832
13.859999999999793,1.9814348778599802,0.4493064905781897,36.051807476653096,33.53971194992788,8.672963782036437,2.9449896064394583
13.879999999999793,1.9904632877286883,0.4535263751659904,36.0517839384918,33.53626241692701,8.677518438807272,2.9457627940496622
13.899999999999793,1.9995755489855886,0.4576886633794369,36.0517605135916,33.532892935204295,8.680784584379383,2.94631712216784
13.919999999999792,2.008770330241007,0.4617753314183302,36.05173718082235,33.529621252085654,8.682794040691295,2.9466581139812087
13.939999999999792,2.0180459346818904,0.46576784513461517,36.05171391874356,33.52646457608279,8.683579160775256,2.9467913330901556
13.959999999999791,2.027400288883774,0.4696470612065002,36.05169070568753,33.52343943587329,8.683172588171367,2.9467223466372543
13.97999999999979,2.0368309296636555,0.47339313040948927,36.05166751984281,33.52056154465359,8.681607022393884,2.946456689380294
13.99999999999979,2.0463349889364846,0.4769853952267314,36.05164433933788,33.51784567062445,8.678914991659813,2.945999828862828
14.01999999999979,2.0559091765261184,0.48040228564373316,36.05162114232456,33.515305514273145,8.675128633961481,2.945357131819753
14.03999999999979,2.0655497608671625,0.4836212147058293,36.051597907060845,33.51295359302422,8.670279487437824,2.944533831939756
14.059999999999789,2.0752525475367896,0.486618465714759,36.05157461199273,33.51080113374043,8.66439829087559,2.943534999091329
14.079999999999789,2.085012855529226,0.4893690774570653,36.051551235834616,33.50885797346974,8.657514795051119,2.942365510104263
14.099999999999788,2.094825491212071,0.4918467276055599,36.051527757648095,33.507132468752296,8.649657585507986,2.9410300211844125
14.119999999999788,2.104684719861366,0.4940236085055402,36.05150415691857,33.50563141372452,8.640853917254995,2.939532942025824
14.139999999999787,2.1145842346798394,0.4958702996776325,36.051480413629484,33.50435996718541,8.63112956176449,2.9378784116713357
14.159999999999787,2.124517123214844,0.49735563331382376,36.0514565083338,33.50332158872424,8.620508666552356,2.936070276160357
14.179999999999787,2.1344758310613683,0.49844655732045456,36.05143242222244,33.50251798394797,8.609013627529592,2.9341120679908586
14.199999999999786,2.1444521227275994,0.4991079913629814,36.05140813718933,33.50194905879203,8.596664974230967,2.9320069874116887
14.219999999999786,2.154437039567875,0.4993026752613856,36.05138363589283,33.501612882849734,8.5834812679495,2.9297578855512105
14.239999999999785,2.1644208546631347,0.49899101482668795,36.05135890181337,33.50150566161226,8.569479012736934,2.9273672493790275
14.259999999999785,2.1743930245096186,0.4981309184468177,36.05133391930679,33.50162171747501,8.554672579170013,2.9248371884893034
14.279999999999784,2.184342137427911,0.49667763150989436,36.05130867365365,33.50195347933552,8.539074140730458,2.9221694236868707
14.299999999999784,2.19425585854134,0.4945835601374786,36.051283151103675,33.502491480582705,8.522693622604061,2.919365277351236
14.319999999999784,2.204120871230397,0.491798092840773,36.05125733891585,33.5032243652594,8.505538662670206,2.9164256655485334
14.339999999999783,2.21392281494206,0.4882674167216217,36.05123122539361,33.504138902166,8.487614584429076,2.913351091857807
14.359999999999783,2.2236462192717132,0.4839343273131581,36.05120479991502,33.50522000666661,8.468924381598653,2.9101416428755926
14.379999999999782,2.2332744341962956,0.478738035342926,36.05117805295822,33.506450769956245,8.449468714108576,2.906796985361822
14.399999999999782,2.2427895564167244,0.47261396934793953,36.05115097612149,33.50781249555154,8.429245915222282,2.9033163649906086
14.419999999999781,2.2521723517436234,0.4654935785132283,36.05112356213859,33.509284742776,8.408252009533214,2.8996986066715995
14.439999999999781,2.2614021735111676,0.45730413306758727,36.05109580488877,33.510845377024054,8.386480741605158,2.895942116411369
14.45999999999978,2.2704568770103637,0.4479685262957804,36.05106769940178,33.51247062660659,8.363923615060605,2.892044884689829
14.47999999999978,2.2793127300191376,0.43740508032284137,36.051039241857936,33.514135146003746,8.340569941965079,2.8880044913339518
14.49999999999978,2.2879443194842,0.42552735953765164,36.05101042958307,33.51581208537757,8.316406902408568,2.8838181118802497
14.51999999999978,2.296324454552681,0.41224399168183196,36.05098126103881,33.5174731662283,8.291419614248344,2.8794825254285437
14.539999999999779,2.304424066158028,0.39745850062827165,36.05095173580784,33.51908876311318,8.265591213049445,2.8749941240025945
14.559999999999778,2.31221210344849,0.3810691613143256,36.050921854574774,33.52062799138421,8.238902942340045,2.870348923448166
14.579999999999778,2.3196554275013357,0.3629688732203267,36.05089161910231,33.52205880094297,8.21133425438818,2.865542575916153
14.599999999999778,2.326718702785328,0.34304506219223774,36.05086103220316,33.523348076053466,8.182862921803318,2.86057038399745
14.619999999999777,2.3333642870432993,0.32117962330310756,36.05083009770792,33.52446174129932,8.153465160370095,2.8554273165973068
14.639999999999777,2.3395521203607594,0.2972488970619173,36.05079882042871,33.52536487381801,8.1231157636315,2.8501080266599543
14.659999999999776,2.3452396143742127,0.2711237078815815,36.05076720611933,33.52602182199175,8.091788249853263,2.844606870879219
14.679999999999776,2.350381542770851,0.24266945780788413,36.05073526143171,33.5263963308201,8.059455022119453,2.83891793155763
14.699999999999775,2.3549299343910786,0.21174629603528605,36.05070299386919,33.526451674245244,8.026087542428503,2.8330350408049143
14.719999999999775,2.358833970566454,0.17820937261932798,36.05067041173663,33.526150794741525,7.9916565207782275,2.8269518072967266
14.739999999999775,2.3620398885233445,0.14190919418208398,36.05063752408792,33.52545645051947,7.956132120344224,2.820661645845567
14.759999999999774,2.3644908929743162,0.10269209190949605,36.05060434067068,33.52433137072646,7.919484179966283,2.8141578100679223
14.779999999999774,2.366127078379287,0.060400821684489014,36.050570871869056,33.52273841905093,7.8816824552580265,2.8074334284641598
14.799999999999773,2.366885364667164,0.0148753116798537,36.05053712864431,33.52064076615255,7.842696879742401,2.8004815442602724
14.819999999999773,2.3666994495684466,-0.03404641768440293,36.05050312247386,33.51800207134438,7.802497847484913,2.793295159392382
14.839999999999772,2.365499781129601,-0.08652715502980578,36.05046886528898,33.5147866739435,7.761056518742382,2.7858672830453326
14.859999999999772,2.363213554340774,-0.14272917974330926,36.050434369411306,33.51095979467928,7.718345150161651,2.7781909851847213
14.879999999999772,2.3597647362662313,-0.20281272796208,36.05039964748878,33.50648774750296,7.674337451043072,2.77025945554619
14.899999999999771,2.3550741244296014,-0.2669341983817175,36.050364712430984,33.50133816207302,7.629008967120365,2.762066068565407
14.91999999999977,2.349059443666262,-0.3352440948964595,36.05032957734437,33.49548021709722,7.5823374931930925,2.7536044547452874
14.93999999999977,2.3416354869434293,-0.4078846833919021,36.0502942554676,33.48888488458853,7.5343035157716205,2.7448685789617726
14.95999999999977,2.3327143061109754,-0.48498734412433975,36.05025876010719,33.48152518493706,7.484890686647219,2.735852826203782
14.97999999999977,2.3222054586484213,-0.566669614351429,36.0502231045739,33.47337645250894,7.4340863279718095,2.7265520952242612
14.999999999999769,2.310016316782932,-0.6530319089927745,36.050187302119625,33.46441661125392,7.381881969011886,2.716961900544777
15.019999999999769,2.2960524453269113,-0.7441539287944223,36.050151365875486,33.454626459532285,7.328273914219355,2.7070784832027597
15.039999999999768,2.2802180545130373,-0.8400907565958788,36.050115308790616,33.44398996305764,7.2732638416274025,2.696898930554759
15.059999999999768,2.262416533782109,-0.9408686683677064,36.050079143572006,33.43249455449218,7.216859429823132,2.686421305347159
15.079999999999767,2.2425510719570467,-1.0464806897964694,36.05004288262509,33.420131437826,7.159075010862046,2.6756447841337323
15.099999999999767,2.2205253684702018,-1.1568819460037527,36.05000653799489,33.406895895221005,7.099932245466611,2.6645698049528765
15.119999999999767,2.196244439115414,-1.2719848680768604,36.04997012130727,33.39278759350605,7.039460815688791,2.653198223972116
15.139999999999766,2.169615518439402,-1.3916543414241833,36.04993364370989,33.377810886976036,6.977699128915242,2.641533480559208
15.159999999999766,2.1405490589116796,-1.515702896036904,36.04989711581204,33.3619751125801,6.914695025659496,2.629580769944041
15.179999999999765,2.108959824870631,-1.6438860625049214,36.04986054762261,33.34529487299057,6.8505064820294015,2.6173472222900425
15.199999999999765,2.074768076514213,-1.7758980369262682,36.04982394848535,33.32779030243568,6.785202296099437,2.604842086595546
15.219999999999764,2.0379008360896393,-1.9113678229211875,36.049787327010065,33.309487309569505,6.718862745683839,2.5920769173934324
15.239999999999764,1.998293225055868,-2.049856027176165,36.04975069099886,33.29041779105801,6.651580203234838,2.5790657617119495
15.259999999999764,1.9558898571340473,-2.190852505766088,36.049714047366244,33.2706198090015,6.583459691828835,2.5658253432041773
15.279999999999763,1.9106462681814413,-2.333775072473091,36.04967740205191,33.25013772481401,6.514619364511133,2.5523752397543613
15.299999999999763,1.8625303596369869,-2.4779694667863543,36.04964075992541,33.22902228176552,6.445190887718282,2.5387380502364323
15.319999999999762,1.8115238282540425,-2.622710790331806,36.049604124682126,33.20733062809339,6.375319708168128,2.524939545448193
15.339999999999762,1.7576235508778824,-2.767206590939262,36.0495674987301,33.18512627243602,6.3051651815947505,2.511008797594057
15.359999999999761,1.7008428897005194,-2.9106017595512728,36.04953088306848,33.16247896336864,6.234900541109726,2.496978282066091
15.379999999999761,1.6412128805603499,-3.0519853411965308,36.049494277158324,33.13946448506074,6.164712682900153,2.4828839447102946
15.39999999999976,1.5787832652028753,-3.1903993331209803,36.04945767878764,33.11616436156323,6.094801747536538,2.468765227302211
15.41999999999976,1.513623327657483,-3.324849467278698,36.04942108393358,33.09266546299877,6.025380476466354,2.4546650436396313
15.43999999999976,1.4458224958439891,-3.454317889443958,36.049384486625314,33.069059508002184,5.956673325408244,2.4406296985426206
15.45999999999976,1.3754906717785915,-3.5777775782658026,36.049347878812355,33.045442458157844,5.888915319418486,2.4267087421894056
15.479999999999759,1.3027582580194432,-3.6942082608681117,36.04931125024369,33.02191380192395,5.822350638432017,2.41295475266985
15.499999999999758,1.2277758537509917,-3.8026134664941513,36.04927458836399,32.99857572762241,5.757230927109957,2.399423040464094
15.519999999999758,1.1507136016224528,-3.902038321128662,36.04923787823345,32.97553218749839,5.693813328839996,2.3861712698044113
15.539999999999758,1.0717601754313253,-3.991587580024011,36.04920110247802,32.95288785759441,5.632358250673445,2.3732589935937134
15.559999999999757,0.9911214092565982,-4.070443361194156,36.04916424127663,32.93074700119858,5.573126873730772,2.3607471007566168
15.579999999999757,0.9090185796626242,-4.1378820041398905,36.04912727239091,32.909212246860825,5.516378431996253,2.3486971775851084
15.599999999999756,0.8256863643163082,-4.193289476103113,36.04909017124263,32.88838329534805,5.462367291227121,2.337170787774638
15.619999999999756,0.7413705115816916,-4.236174779830079,36.04905291104146,32.86835557333628,5.411339868643521,2.3262286793528104
15.639999999999755,0.6563252662996726,-4.266180850521859,36.04901546296489,32.84921885500553,5.363531442814966,2.3159299304631316
15.659999999999755,0.5708106061211196,-4.283092539844276,36.04897779638936,32.83105587588358,5.319162911351568,2.3063310498173433
15.679999999999755,0.48508935010387244,-4.286841366517778,36.04893987916965,32.81394096614364,5.278437561253763,2.2974850513667686
15.699999999999754,0.3994242062866346,-4.2775068455567995,36.04890167796148,32.797938732949724,5.24153792267582,2.289440526127687
15.719999999999754,0.3140748273544139,-4.255314354532484,36.048863158580126,32.78310282321883,5.2086227810315675,2.28224073687058
15.739999999999753,0.22929494312096185,-4.220629610936451,36.04882428638639,32.76947479918648,5.179824424466321,2.2759227632910393
15.759999999999753,0.14532963552632097,-4.173949990998527,36.04878502668971,32.757083159293614,5.155246203444191,2.2705167260877404
15.779999999999752,0.06241281611793689,-4.115893026308139,36.04874534515774,32.74594253604821,5.13496047634163,2.266045117896294
15.799999999999752,-0.019235041781072694,-4.047182522406489,36.04870520822165,32.73605310057377,5.119007009380661,2.2625222671568697
15.819999999999752,-0.09940887367955567,-3.968632805993046,36.04866458346625,32.72740020049265,5.107391890977254,2.2599539577118057
15.839999999999751,-0.17792066555064692,-3.8811316758121603,36.048623439995744,32.7199542536051,5.100087009743709,2.2583372223261318
15.85999999999975,-0.2546007461725908,-3.7856226216733875,36.048581748766715,32.713670914557625,5.097030132218355,2.2576603225946887
15.87999999999975,-0.3292987214304331,-3.683086889130763,36.048539482881644,32.708491525446945,5.098125601274372,2.2579029211359756
15.89999999999975,-0.40188405271068084,-3.574525912980545,36.04849661783852,32.704343854225435,5.103245659567465,2.259036444940069
15.91999999999975,-0.47224629171130567,-3.4609445946084185,36.04845313173349,32.70114311706202,5.112232384897973,2.2610246316433558
15.939999999999749,-0.5402949925998123,-3.343335820962661,36.048409005415806,32.69879327271315,5.124900206633195,2.263824243759483
15.959999999999749,-0.6059593296742505,-3.2226665397734564,36.048364222595765,32.69718856875438,5.141038955043451,2.2673859298856582
15.979999999999748,-0.6691874540517601,-3.099865619230579,36.04831876990795,32.69621531152231,5.160417379237024,2.271655206944272
15.999999999999748,-0.7299456265927379,-2.9758136280975647,36.048272636933184,32.69575382414133,5.182787054988481,2.276573533841699
16.019999999999747,-0.7882171662445576,-2.851334596946988,36.04822581618355,32.69568055037697,5.2078865917295305,2.2820794446577732
16.039999999999747,-0.8440012533436761,-2.7271897503449924,36.04817830305529,32.69587025656914,5.235446038802489,2.288109708646526
16.059999999999746,-0.8973116265866576,-2.6040731197903786,36.04813009575473,32.69619827981644,5.265191385132587,2.294600484862798
16.079999999999746,-0.9481752101316198,-2.4826089221712824,36.04808119520234,32.69654276812204,5.296849043986657,2.3014884409848024
16.099999999999746,-0.9966307045510299,-2.3633505330505886,36.04803160491991,32.69678685752049,5.330150215532314,2.3087118086786655
16.119999999999745,-1.0427271716194932,-2.246780868330421,36.0479813309052,32.696820732357715,5.364835024424107,2.3162113514150877
16.139999999999745,-1.086522639102098,-2.133313963957214,36.047930381498276,32.6965435178869,5.400656337406987,2.3239312247583808
16.159999999999744,-1.1280827475005901,-2.0232975588970787,36.04787876724292,32.695864959080374,5.437383176600675,2.3318197135715004
16.179999999999744,-1.167479456640026,-1.9170164652937811,36.047826500746034,32.69470684587269,5.474803657257871,2.339829835107218
16.199999999999743,-1.2047898260307177,-1.8146965411521974,36.04777359653735,32.693004152697924,5.512727393838725,2.347919801406923
16.219999999999743,-1.2400948791804791,-1.7165090879371678,36.04772007093128,32.690705868862295,5.550987334618604,2.356053338661628
16.239999999999743,-1.2734785587431852,-1.6225755107913806,36.047665941892056,32.68777550565024,5.589441002123275,2.364199865096704
16.259999999999742,-1.3050267763981072,-1.5329721083954766,36.04761122890328,32.68419127572222,5.6279711338407035,2.3723345324470375
16.279999999999742,-1.3348265587663848,-1.4477348726564212,36.04755595284205,32.67994594994105,5.666485734293019,2.3804381391443505
16.29999999999974,-1.362965288611886,-1.3668641991133794,36.047500135858165,32.67504640588779,5.704917565115339,2.38849692591708
16.31999999999974,-1.3895300387564602,-1.2903294390000755,36.04744380125819,32.66951289065965,5.743223113797893,2.3965022665956095
16.33999999999974,-1.4146069948420161,-1.218073223827984,36.047386973394346,32.66337802778571,5.7813810938063,2.404450268524242
16.35999999999974,-1.4382809620100045,-1.1500155247704622,36.0473296775577,32.65668560402222,5.8193905385986655,2.412341298116555
16.37999999999974,-1.460634949899016,-1.086057421903549,36.04727193987546,32.64948917623449,5.857268559405783,2.42017944776948
16.39999999999974,-1.481749829850337,-1.026084554943458,36.04721378721189,32.64185054145126,5.895047841434716,2.4279719605948324
16.41999999999974,-1.501704058013634,-0.9699702611785058,36.04715524707228,32.63383811447714,5.932773955399006,2.435728629260453
16.43999999999974,-1.5205734580100616,-0.9175783934325057,36.04709634750977,32.62552525722694,5.970502561069425,2.4434611846864738
16.459999999999738,-1.538431056828558,-0.8687658294861036,36.047037117034364,32.61698860232442,6.008296577059205,2.4511826894499738
16.479999999999738,-1.5553469679388765,-0.8233846841533649,36.04697758452398,32.608306410656056,6.046223386561511,2.4589069495532994
16.499999999999737,-1.571388315795893,-0.7812842407591503,36.04691777913714,32.59955699870059,6.0843521425533,2.466647956752909
16.519999999999737,-1.586619196341112,-0.7423126220480998,36.04685773022695,32.59081726679855,6.12275122841728,2.4744193719774503
16.539999999999736,-1.6011006684260565,-0.7063182156538877,36.04679746725636,32.58216135432799,6.161485921381181,2.4822340585410516
16.559999999999736,-1.6148907715653895,-0.6731508826526562,36.046737019714264,32.57365944225377,6.200616297004075,2.490103671938997
16.579999999999735,-1.62804456575678,-0.6426629631936756,36.046676417032586,32.565376717944595,6.240195403513123,2.4980383110579236
16.599999999999735,-1.6406141895922164,-0.6147101012753436,36.046615688504104,32.55737251170661,6.280267725445088,2.506046233700625
16.619999999999735,-1.6526489332735785,-0.5891519108923366,36.04655486320111,32.54969960933864,6.320867947070764,2.514133637472512
16.639999999999734,-1.6641953234682216,-0.5658525013841725,36.04649396989478,32.54240374030858,6.362020017726407,2.522304505353469
16.659999999999734,-1.675297217398124,-0.5446808761088948,36.04643303697545,32.53552323698618,6.403736513641939,2.5305605137285174
16.679999999999733,-1.6859959038026615,-0.5255112243377826,36.046372092373836,32.52908885681006,6.446018284284369,2.53890099930745
16.699999999999733,-1.696330208793207,-0.5082231196725887,36.04631116348316,32.523123756350294,6.488854365717284,2.5473229802514803
16.719999999999732,-1.7063366048488628,-0.4927016391417058,36.04625027708269,32.51764360395636,6.532222139053653,2.5558212259572564
16.739999999999732,-1.7160493215018786,-0.4788374144531282,36.046189459262386,32.512656816032916,6.57608770874659,2.564388369328365
16.75999999999973,-1.725500456441596,-0.46652662495880093,36.04612873534918,32.50816490092399,6.620406473178629,2.573015054984838
16.77999999999973,-1.7347200860381617,-0.4556709467781204,36.04606812983499,32.50416289385485,6.665123858703763,2.5816901167072244
16.79999999999973,-1.743736374382801,-0.44617745745351894,36.046007666306664,32.50063986631751,6.710176187872623,2.5904007774613995
16.81999999999973,-1.7525756802020294,-0.43795851976592565,36.04594736737799,32.497579493622254,6.755491652920786,2.599132865576669
16.83999999999973,-1.7612626610304754,-0.4309316267586901,36.04588725462425,32.494960665004015,6.80099136660437,2.6078710410226136
16.85999999999973,-1.7698203742498264,-0.42501924019560294,36.04582734851923,32.49275812160147,6.846590464005806,2.616599026218157
16.87999999999973,-1.778270374649072,-0.42014860849204366,36.04576766837533,32.49094310875431,6.892199230886744,2.6252998363780744
16.89999999999973,-1.786632808268686,-0.41625157542867014,36.0457082322865,32.48948403033152,6.9377242364225875,2.63395600502791
16.919999999999728,-1.7949265023333965,-0.4132643829624415,36.04564905707485,32.488347094159096,6.9830694506105155,2.6425498009707433
16.939999999999728,-1.803169051234167,-0.4111274714013845,36.04559015824059,32.487496939012935,7.02813732920754,2.6510634336446084
16.959999999999727,-1.8113768984568044,-0.4097852763984972,36.04553154991611,32.486897235044516,7.072829851646593,2.659479244447415
16.979999999999727,-1.819565414472914,-0.4091860285583947,36.04547324482387,32.4865112508797,7.11704949992854,2.6677798822107754
16.999999999999726,-1.8277489706606622,-0.40928155413937256,36.045415254238705,32.48630238195042,7.160700168940846,2.675948461562899
17.019999999999726,-1.8359410092581159,-0.4100270809725615,36.045357587954754,32.48623463586401,7.203688000965066,2.6839687034250352
17.039999999999726,-1.8441541095082394,-0.411381050255338,36.0453002542569,32.48627307177112,7.2459221392728725,2.6918250573305973
17.059999999999725,-1.852400050049927,-0.41330493123129974,36.045243259897255,32.48638419175035,7.287315397651261,2.699502805638709
17.079999999999725,-1.8606898677114447,-0.41576304445098805,36.04518661007668,32.4865362831793,7.32778484442799,2.706988150034645
17.099999999999724,-1.8690339128235238,-0.4187223913433135,36.04513030843147,32.486699711905466,7.367252301082933,2.71426828097057
17.119999999999724,-1.8774419011923487,-0.42215249163790186,36.04507435702549,32.48684716676602,7.405644756830202,2.72133143090477
17.139999999999723,-1.8859229629013827,-0.42602522777433427,36.04501875634759,32.48695385663499,7.4428947016462,2.728166912350892
17.159999999999723,-1.8944856880521268,-0.43031469519339555,36.04496350531474,32.486997661705914,7.47894038111066,2.7347651418559984
17.179999999999723,-1.9031381696206748,-0.43499706362431906,36.04490860128061,32.4869592411501,7.513725977135021,2.741117651093258
17.199999999999722,-1.9118880435850816,-0.4400504410919721,36.04485404004984,32.48682209963656,7.54720171919053,2.7472170862875998
17.21999999999972,-1.920742526423427,-0.4454547492001234,36.04479981589788,32.48657261546193,7.579323931035252,2.7530571971964646
17.23999999999972,-1.9297084501871369,-0.4511916044466194,36.044745921596444,32.486200033229395,7.61005501819146,2.758632816848132
17.25999999999972,-1.9387922952383883,-0.4572442039998313,36.04469234844452,32.485696424140095,7.6393634015606136,2.7639398332019844
17.27999999999972,-1.94800022081855,-0.4635972201939877,36.04463908630484,32.485056617027084,7.667223402599554,2.7689751538429435
17.29999999999972,-1.9573380935464213,-0.47023670363465075,36.044586123645594,32.48427810327865,7.6936150854339,2.773736664759995
17.31999999999972,-1.9668115140091627,-0.4771499845791236,36.04453344758754,32.48336091877182,7.718524061168502,2.7782231841895824
17.33999999999972,-1.9764258415236764,-0.48432559179676815,36.04448104395588,32.48230750587334,7.7419412594831725,2.782434412431526
17.35999999999972,-1.9861862172171085,-0.49175316482220816,36.04442889733723,32.48112255847287,7.763862672387111,2.7863708784702568
17.37999999999972,-1.996097585507074,-0.49942337984171403,36.04437699114097,32.479812852895336,7.784289074757977,2.79003388415947
17.399999999999718,-2.0061647141030616,-0.5073278787687605,36.04432530766513,32.478387067402174,7.803225726020759,2.793425446655192
17.419999999999717,-2.0163922126114375,-0.5154591988698163,36.04427382816616,32.47685559283881,7.820682057035634,2.7965482397118833
17.439999999999717,-2.0267845498495167,-0.5238107132919172,36.04422253293258,32.47523033682353,7.836671345969139,2.799405534389246
17.459999999999717,-2.0373460699412114,-0.5323765704819472,36.04417140136208,32.47352452370175,7.851210386625639,2.8020011396545934
17.479999999999716,-2.0480810072811804,-0.5411516405980172,36.0441204120415,32.4717524923164,7.864319152419969,2.804339343307077
17.499999999999716,-2.0589935004425635,-0.5501314636698199,36.044069542829874,32.46992949346875,7.8760204588818485,2.8064248535960923
17.519999999999715,-2.0700876051188217,-0.5593122019167304,36.04401877094346,32.46807148877018,7.886339627300274,2.808262741856658
17.539999999999715,-2.0813673061132922,-0.5686905977695704,36.04396807304288,32.466194952412685,7.895304151844647,2.809858386439546
17.559999999999715,-2.09283652850665,-0.5782639307314457,36.04391742532181,32.4643166772196,7.902943372239507,2.8112174181730425
17.579999999999714,-2.1044991480109316,-0.5880299785762259,36.04386680359666,32.462453586175705,7.90928815382338,2.8123456675564227
17.599999999999714,-2.116359000596368,-0.5979869825140295,36.04381618339702,32.4606225504815,7.914370576589483,2.8132491138520748
17.619999999999713,-2.128419891400682,-0.6081336132338575,36.043765540056285,32.45884021502908,7.9182236345872905,2.813933836213512
17.639999999999713,-2.14068560303282,-0.6184689416277273,36.043714848802175,32.457122832057856,7.920880946859475,2.8144059669598973
17.659999999999712,-2.1531599032376354,-0.628992406956993,36.04366408484653,32.45548610361782,7.922376480898162,2.8146716470839297
17.679999999999712,-2.1658465520347776,-0.639703791888416,36.04361322347425,32.4539450333461,7.922744289427616,2.8147369840586554
17.69999999999971,-2.1787493083078835,-0.650603196454428,36.0435622401305,32.452513787949385,7.922018261157022,2.814608011989773
17.71999999999971,-2.1918719359290755,-0.661691015527696,36.04351111050636,32.451205568681296,7.920231885996399,2.814290654142958
17.73999999999971,-2.205218209419496,-0.6729679160561928,36.0434598106219,32.450032493007654,7.917418035090844,2.813790687860567
17.75999999999971,-2.218791919180939,-0.6844348155881318,36.04340831690693,32.44900548656725,7.913608755902085,2.813113711868414
17.77999999999971,-2.232596876336918,-0.6960928654622676,36.04335660627851,32.44813418545686,7.908835082452184,2.812265115961186
17.79999999999971,-2.2466369171930123,-0.7079434304871567,36.04330465621514,32.44742684880053,7.903126860740896,2.811250053044178
17.81999999999971,-2.2609159073549305,-0.719988072260946,36.04325244482742,32.446890281501474,7.896512589255876,2.8100734134993477
17.83999999999971,-2.275437745514849,-0.7322285344209274,36.04319995092459,32.446529767021396,7.889019274412908,2.808739801835141
17.859999999999708,-2.2902063669162045,-0.7446667274910702,36.04314715407687,32.446349009986264,7.880672300691474,2.8072535155720217
17.879999999999708,-2.3052257465326305,-0.7573047119963177,36.043094034673416,32.44635008837905,7.871495315168849,2.8056185263091007
17.899999999999707,-2.320499901982424,-0.770144687970475,36.043040573975375,32.44653341504776,7.861510126103432,2.803838462911769
17.919999999999707,-2.3360328961393444,-0.7831889805172232,36.042986754164254,32.44689770823274,7.850736615174796,2.801916596755656
17.939999999999706,-2.3518288395372164,-0.7964400271396599,36.042932558385104,32.447439970798236,7.839192662953959,2.799855828958691
17.959999999999706,-2.3678918924923287,-0.8099003669972457,36.042877970784595,32.44815547784108,7.826894087152429,2.7976586795305156
17.979999999999706,-2.384226267010283,-0.8235726286002587,36.04282297654384,32.44903777234268,7.813854593182657,2.7953272783669996
17.999999999999705,-2.400836228465179,-0.8374595178892437,36.04276756190577,32.45007866852989,7.800085736555486,2.792863358017267
18.019999999999705,-2.4177260970600165,-0.8515638094304362,36.04271171419735,32.45126826261497,7.785596896641931,2.7902682481514085
18.039999999999704,-2.4349002490616694,-0.8658883347697048,36.042655421846305,32.45259495059467,7.770395261337432,2.787542871659095
18.059999999999704,-2.4523631178442393,-0.8804359703850579,36.04259867439248,32.45404545280389,7.754485822185979,2.784687742312588
18.079999999999703,-2.4701191947049814,-0.8952096302652135,36.04254146249407,32.45560484493866,7.737871379549989,2.7817029639323443
18.099999999999703,-2.4881730294869553,-0.9102122540483859,36.04248377792856,32.45725659528867,7.720552557448585,2.778588230999438
18.119999999999703,-2.506529230996173,-0.9254467960432918,36.0424256135887,32.458982607947924,7.702527827732792,2.7753428306666534
18.139999999999702,-2.5251924672009234,-0.9409162169588074,36.042366963473484,32.46076327180614,7.683793543320398,2.7719656461291864
18.1599999999997,-2.5441674652463804,-0.9566234718729747,36.042307822674445,32.46257751516113,7.6643439802760644,2.7684551613266315
18.1799999999997,-2.563459011230401,-0.972571499505854,36.04224818735742,32.46440286583375,7.644171388593561,2.7648094669603474
18.1999999999997,-2.583071949795762,-0.9887632121356448,36.04218805473995,32.466215516712715,7.623266051616277,2.7610262678243895
18.2199999999997,-2.603011183479443,-1.0052014867324275,36.042127423064585,32.46799039670497,7.601616354119545,2.7571028914640716
18.2399999999997,-2.6232816718669363,-1.0218891486335533,36.04206629156844,32.46970124711942,7.57920885917291,2.7530362981938525
18.2599999999997,-2.643888430489991,-1.0388289664544106,36.04200466044911,32.471320703565986,7.556028394002377,2.748823092525668
18.2799999999997,-2.6648365295184044,-1.0560236319567404,36.04194253082732,32.47282038350911,7.532058145180589,2.7444595360800252
18.2999999999997,-2.6861310921826225,-1.0734757569619358,36.04187990470671,32.474170979672536,7.5072797635865065,2.739941562075094
18.3199999999997,-2.7077772929637205,-1.091187853680652,36.04181678493079,32.475342359551846,7.481673479694153,2.7352647915136394
18.339999999999698,-2.7297803555184608,-1.1091623249017888,36.04175317513768,32.47630367135001,7.455218229870997,2.7304245512137846
18.359999999999697,-2.7521455503318206,-1.1274014477896293,36.0416890797128,32.47702345670962,7.427891794489227,2.7254158938571607
18.379999999999697,-2.774878192082204,-1.1459073630473784,36.041624503739875,32.477469770671114,7.399670948775296,2.720233620256778
18.399999999999697,-2.797983636737229,-1.1646820557474418,36.041559452950516,32.47761030933849,7.370531627442491,2.714872304076656
18.419999999999696,-2.821467278318112,-1.1837273434158304,36.04149393367293,32.47741254578098,7.340449104264979,2.7093263192655437
18.439999999999696,-2.845334545364185,-1.2030448578948176,36.041427952779635,32.4768438747382,7.3093981878567025,2.7035898704975025
18.459999999999695,-2.8695908970657187,-1.2226360295954692,36.041361517635174,32.475871766726556,7.27735343501042,2.6976570269421614
18.479999999999695,-2.894241819048658,-1.242502068675488,36.041294636043446,32.4744639321618,7.244289383027032,2.6915217597164305
18.499999999999694,-2.9192928188079255,-1.2626439481503324,36.0412273161954,32.472588496115776,7.210180802517359,2.685177983396512
18.519999999999694,-2.944749420760895,-1.2830623851932226,36.04115956661732,32.47021418430943,7.175002972182457,2.6786196019932462
18.539999999999694,-2.970617160934238,-1.303757819844996,36.04109139611986,32.4673105209067,7.138731977067064,2.6718405598139765
18.559999999999693,-2.9969015812242965,-1.3247303951536133,36.04102281374824,32.46384803861098,7.10134503172689,2.6648348976488
18.579999999999693,-3.023608223265653,-1.345979938276665,36.04095382873377,32.45979850147292,7.062820829645653,2.6575968147267286
18.599999999999692,-3.050742621862882,-1.3675059356095436,36.04088445044705,32.45513514069112,7.0231399200732385,2.650120736886008
18.619999999999692,-3.0783102979833683,-1.3893075135309552,36.04081468835298,32.44983290352221,6.9822851132224,2.6424013913904907
18.63999999999969,-3.1063167512896244,-1.411383411218427,36.04074455196781,32.443868715207365,6.94024191444809,2.63443388879814
18.65999999999969,-3.1347674522219826,-1.433731962764744,36.04067405081853,32.43722175356684,6.896998987630141,2.6262138122457093
18.67999999999969,-3.1636678335895994,-1.4563510674108568,36.04060319440467,32.429873735605916,6.852548647476354,2.6177373144523792
18.69999999999969,-3.1930232816748974,-1.4792381689565914,36.04053199216267,32.421809215112454,6.806887379849039,2.609001222661469
18.71999999999969,-3.2228391268661842,-1.50239023003121,36.04046045343299,32.41301588980563,6.760016388483819,2.6000031516295934
18.73999999999969,-3.2531206337734613,-1.5258037061091931,36.04038858743013,32.40348491611439,6.711942165607724,2.5907416246333255
18.75999999999969,-3.2838729908482236,-1.5494745223288204,36.0403164032156,32.39321122912332,6.662677082967773,2.5812162022906513
18.77999999999969,-3.3151012995283504,-1.5733980474503297,36.040243909673826,32.38219386462406,6.612239998648281,2.5714276187846083
18.799999999999688,-3.34681056286497,-1.59756907009607,36.040171115491276,32.37043627955682,6.560656873785713,2.5613779248259543
18.819999999999688,-3.379005673692382,-1.6219817760810262,36.04009802913871,32.357946666423594,6.507961391889433,2.551070636397478
18.839999999999687,-3.4116914023325062,-1.6466297247777997,36.0400246588564,32.34473825651386,6.454195571956467,2.540510887982271
18.859999999999687,-3.444872383867378,-1.6715058291428113,36.039951012642696,32.33082960601759,6.399410364946768,2.5297055885906503
18.879999999999686,-3.478553104992436,-1.6966023353660182,36.039877098245604,32.31624485832563,6.343666221489848,2.5186635784657403
18.899999999999686,-3.5127378905369127,-1.7219108068417561,36.03980292315743,32.30101397505671,6.287033616959988,2.5073957838681924
18.919999999999686,-3.5474308896475804,-1.7474221108679786,36.03972849461247,32.2851729276295,6.229593518333133,2.4959153668209852
18.939999999999685,-3.5826360617557014,-1.7731264073256268,36.03965381958745,32.268763840547386,6.171437775582615,2.4842378661437827
18.959999999999685,-3.6183571623563857,-1.799013142411235,36.03957890480517,32.25183507701943,6.11266941885376,2.47238132553491
18.979999999999684,-3.654597728753777,-1.8250710495846183,36.039503756740345,32.234441257141214,6.053402841362134,2.460366403884213
18.999999999999684,-3.691361065823054,-1.8512881556564607,36.039428381628355,32.21664319864974,5.993763846980502,2.448216462443732
19.019999999999683,-3.728650231994658,-1.8776517917228588,36.03935278547635,32.19850777028916,5.933889540920049,2.435957622972955
19.039999999999683,-3.7664680255722764,-1.9041486184337009,36.03927697407652,32.18010764812825,5.873928041883211,2.423618790545083
19.059999999999683,-3.804816971604626,-1.9307646563850904,36.039200953021506,32.161520965801905,5.814037994684286,2.4112316343902522
19.079999999999682,-3.8436993095335352,-1.9574853324728698,36.0391247277217,32.14283085064798,5.754387863714627,2.398830520006494
19.09999999999968,-3.883116981875338,-1.9842955389930026,36.039048303424295,32.12412483911962,5.695154989879254,2.3864523858395446
19.11999999999968,-3.9230716242522727,-2.0111797078600224,36.038971685233705,32.105494166696296,5.636524396845216,2.374136558171247
19.13999999999968,-3.9635645571319063,-2.0381219095400276,36.038894878133505,32.08703292981711,5.578687336689975,2.3619244985159824
19.15999999999968,-4.004596779683513,-2.0651059655156416,36.03881788700932,32.068837120115205,5.521839570360524,2.349859478854113
19.17999999999968,-4.046168966232448,-2.092115595899341,36.03874071667275,32.05100353443333,5.466179384749396,2.3379861814710106
19.19999999999968,-4.088281465877129,-2.1191345895722336,36.03866337188588,32.03362856770725,5.4119053556107275,2.3263502220454098
19.21999999999968,-4.130934305908431,-2.1461470139798253,36.03858585738658,32.01680689975939,5.359213873868134,2.314997596946514
19.23999999999968,-4.174127199737076,-2.1731374597222732,36.038508177914,32.000630091264505,5.308296461931172,2.303974058432771
19.25999999999968,-4.217859560231025,-2.2000913337079098,36.038430338234555,31.98518510852096,5.259336916195463,2.2933244245408155
19.279999999999678,-4.262130519381791,-2.2269952042996617,36.03835234316791,31.970552801050278,5.212508321640659,2.283091833816734
19.299999999999677,-4.306938955477425,-2.25383720443187,36.0382741976132,31.956806360292205,5.167969993985323,2.2733169585399486
19.319999999999677,-4.352283528995715,-2.2806075057540234,36.03819590657543,31.94400979158397,5.125864413778258,2.26403719355011
19.339999999999677,-4.398162728777479,-2.307298873023387,36.03811747519198,31.932216435013085,5.086314224634651,2.2552858410043397
19.359999999999676,-4.44457493009473,-2.3339073002401056,36.03803890875939,31.921467573413157,5.0494193740767725,2.247091314138518
19.379999999999676,-4.491518466636968,-2.3604327669114817,36.03796021276076,31.911791167527763,5.015254479636341,2.239476385148176
19.399999999999675,-4.538991718569547,-2.3868800979806757,36.03788139289404,31.903200759009835,4.98386650457988,2.232457503420811
19.419999999999675,-4.58699321928626,-2.41325997161982,36.037802455101506,31.89569458128685,4.955272826459764,2.2260442103560667
19.439999999999674,-4.635521783791493,-2.439590077648328,36.03772340560117,31.88925491627338,4.9294597774025,2.2202386757739583
19.459999999999674,-4.684576662066763,-2.465896464343591,36.03764425092097,31.883847731367233,4.906381727481909,2.215035378381553
19.479999999999674,-4.7341577213436,-2.492215086318823,36.037564997936464,31.87942262609652,4.885960771698764,2.210420948982063
19.499999999999673,-4.784265661775751,-2.5185936022497013,36.03748565391348,31.875913111230364,4.868087067177939,2.206374190199373
19.519999999999673,-4.83490227062898,-2.545093434759411,36.037406226557124,31.873237235238456,4.852619850547942,2.2028662806779584
19.539999999999672,-4.886070721003484,-2.5717921712140925,36.03732672406917,31.871298563868148,4.83938914660061,2.1998611653012583
19.559999999999672,-4.937775921939875,-2.5987863126009114,36.03724715521573,31.869987508565114,4.828198158901567,2.197316126300803
19.57999999999967,-4.990024927900533,-2.626194469687065,36.03716752940841,31.869182988820473,4.818826311814704,2.195182523576275
19.59999999999967,-5.042827416840487,-2.6541610419708324,36.037087856801854,31.868754402670834,4.811032892274509,2.1934066864752895
19.61999999999967,-5.096196247631927,-2.6828604847715734,36.037008148411964,31.868563868932636,4.804561219481633,2.1919309340126647
19.63999999999967,-5.1501481093311625,-2.7125022455575745,36.03692841625942,31.868468694771614,4.79914325238612,2.190694696297528
19.65999999999967,-5.204704276858276,-2.7433364911654117,36.036848673544384,31.868324013339603,4.794504529172604,2.1896357069550643
19.67999999999967,-5.259891490213524,-2.7756607551386994,36.03676893485922,31.86798552888361,4.79036932067588,2.1886912346596263
19.69999999999967,-5.31574297723608,-2.809827676950805,36.03668921644783,31.867312301324034,4.786465871288955,2.1877993215304175
19.71999999999967,-5.372299643568508,-2.846254021018237,36.03660953652155,31.866169499117472,4.782531596859162,2.186899996995556
19.739999999999668,-5.429611457765829,-2.885431211477171,36.03652991564408,31.864431048481123,4.778318109486468,2.185936437659263
19.759999999999668,-5.487739064723148,-2.927937682288675,36.036450377200296,31.861982108866524,4.773595944029833,2.1848560465233935
19.779999999999667,-5.546755666995922,-2.9744533865021285,36.036370947967264,31.858721308922167,4.768158870286248,2.1836114284107984
19.799999999999667,-5.606749221476007,-3.0257768983282647,36.03629165881025,31.854562683943136,4.761827687853128,2.182161242404678
19.819999999999666,-5.667825008491348,-3.08284565620061,36.03621254553101,31.849437264724244,4.7544534170863235,2.18047091635874
19.839999999999666,-5.730108642629538,-3.146760014707066,36.03613364990348,31.84329427845558,4.745919818674775,2.1785132128758766
19.859999999999665,-5.793749609551453,-3.218811952464936,36.036055020940154,31.83610193438295,4.736145195437344,2.1762686404571805
19.879999999999665,-5.858925432269027,-3.300519509064101,36.03597671644356,31.82784777989282,4.725083452233667,2.1737257076810925
19.899999999999665,-5.9258465945957095,-3.3936683243965575,36.03589880491323,31.8185386259312,4.712724412588589,2.1708810222093216
19.919999999999664,-5.994762380532313,-3.500362027574569,36.03582136789731,31.808200053674963,4.699093413012677,2.1677392400869335
19.939999999999664,-6.065967828619697,-3.6230837708095467,36.03574450290487,31.796875526621037,4.68425021737954,2.164312874188836
19.959999999999663,-6.139812052482962,-3.764771887121201,36.03566832703132,31.78462514326774,4.668287313516451,2.1606219737650663
19.979999999999663,-6.216708247625982,-3.9289136098206674,36.0355929814967,31.771524074936963,4.651327671932379,2.1566936898716933
19.999999999999662,-6.2971457955883094,-4.119662094449592,36.03551863736602,31.757660740729207,4.633522062061973,2.152561744076572
20.019999999999662,-6.381704998583197,-4.341983805030142,36.035445502811974,31.74313477691763,4.61504603445423,2.1482658202499594
20.03999999999966,-6.471075142674884,-4.601845839293834,36.0353738324147,31.72805486120627,4.596096688111478,2.1438509015581
20.05999999999966,-6.566076812817428,-4.9064563565782375,36.03530393918045,31.712536453233394,4.5768893510879325,2.1393665770708705
20.07999999999966,-6.6676896946144,-5.264576399911421,36.03523621023323,31.696699511649378,4.557654310208788,2.1348663448114937
20.09999999999966,-6.777087533131464,-5.686928853787027,36.03517112753374,31.680666245294145,4.53863373350177,2.1304069408218163
20.11999999999966,-6.895682536390682,-6.18674123615637,36.03510929557354,31.664558951784667,4.520078938322051,2.126047727197593
20.13999999999966,-7.025182398037284,-6.780475429217739,36.035051478891546,31.648497991639424,4.502248171648042,2.1218501765318027
20.15999999999966,-7.167664407555049,-7.4888224125405545,36.03499865364498,31.632599940446834,4.485405090229877,2.1178774965115137
20.17999999999966,-7.325673035644699,-8.338078729477258,36.034952079642416,31.616975956188437,4.469818162577565,2.1141944476744716
20.19999999999966,-7.502350280944645,-9.362082580698056,36.03491340273553,31.601730394525212,4.455761270479804,2.1108674213412373
20.219999999999658,-7.701612530675095,-10.60498635944077,36.034884803198096,31.586959702885157,4.443515878011797,2.107964866408308
20.239999999999657,-7.928394722873498,-12.125306420916228,36.0348692153838,31.572751626512257,4.433375282383604,2.1055581878408405
20.259999999999657,-8.188993954332341,-14.00197027542141,36.03487066071768,31.55918476963976,4.425651699996626,2.1037232945415196
20.279999999999657,-8.49156352025909,-16.343572322464397,36.03489476612056,31.546328578978965,4.4206873366045185,2.102543064149821
20.299999999999656,-8.846840612098834,-19.302942109641688,36.03494959579517,31.534243867382916,4.418871258409912,2.1021111432105375
20.319999999999656,-9.269248032465768,-23.100818070505632,36.03504703242537,31.522984099419524,4.420665039728922,2.1025377617842973
20.339999999999655,-9.778615665648626,-28.06576120244752,36.03520516336614,31.512597876791723,4.4266422422849265,2.10395870736213
20.359999999999655,-10.402971025352548,-34.70440705614306,36.03545259819979,31.503133529917207,4.437550668630866,2.106549469780111
20.379999999999654,-11.183263416995494,-43.83157964228939,36.03583672070479,31.494647797069597,4.454413965235722,2.110548261764161
20.39672607549841,-12.0,-54.35286449763484,36.03685293407365,31.48890082592818,4.474060303807316,2.1151974621314475
