time,phi_center,pi_center,total_energy,core_energy,mean_r2,core_rms_radius
0.0,1.202609700895846,0.0,36.05701879591867,36.05692003090056,8.025214855474191,2.8328810168226606
0.02,1.2025366167015707,-0.007310468942613887,36.05701920885593,36.05692031471908,8.024282735565883,2.8327164940328715
0.04,1.2023171157437982,-0.014645823790061761,36.05702044630617,36.056921164515984,8.021487544704167,2.832223074671938
0.06,1.201950453247754,-0.022030790837006712,36.057022504190314,36.056922575320655,8.016832789201308,2.8314012059758165
0.08,1.201435388124021,-0.029490198216059724,36.05702537572804,36.056924538866575,8.010324311982123,2.830251634039299
0.1,1.2007701826692476,-0.03704894806052427,36.05702905146508,36.05692704361805,8.001970291174983,2.828775404866032
0.12000000000000001,1.1999526027571688,-0.044731808018396144,36.057033519311105,36.05693007480746,7.991781238108116,2.8269738658339443
0.14,1.1989799181763316,-0.05256354381366665,36.0570387645883,36.056933614482965,7.979769994680113,2.8248486675714353
0.16,1.197848902603033,-0.060569016995932444,36.057044770090315,36.05693764156634,7.965951730064836,2.8224017662382574
0.18,1.1965558338423163,-0.06877300645126119,36.057051516151205,36.05694213192086,7.950343936702041,2.819635426203544
0.19999999999999998,1.1950964945007045,-0.07720020731741845,36.057058980724484,36.05694705842888,7.932966425516408,2.8165522231118683
0.21999999999999997,1.1934661725410387,-0.08587536460933272,36.057067139471535,36.056952391078944,7.913841320299014,2.81315504732658
0.23999999999999996,1.1916596619772362,-0.09482317610172913,36.057075965859234,36.05695809706182,7.892993051176808,2.8094471077378924
0.25999999999999995,1.1896712641463887,-0.10406820058622845,36.05708543126639,36.05696414087539,7.870448347087121,2.805431935921298
0.27999999999999997,1.1874947892198637,-0.11363495415137047,36.057095505098445,36.05697048443779,7.846236227166018,2.801113390629879
0.3,1.185123557900272,-0.12354789192770474,36.05710615491009,36.0569770872084,7.820387990951083,2.796495662601872
0.32,1.182550403776081,-0.13383128320523474,36.05711734653516,36.05698390631622,7.792937207291236,2.7915832796624995
0.34,1.1797676762841336,-0.1445092348687673,36.057129044223274,36.05699089669505,7.7639197018482955,2.78638111209653
0.36000000000000004,1.1767672440906518,-0.15560571491552835,36.05714121078276,36.05699801122513,7.733373543067374,2.7808943782652684
0.38000000000000006,1.173540499230131,-0.16714443859120084,36.057153807729016,36.057005200880354,7.701339026485811,2.7751286504387163
0.4000000000000001,1.1700783621995574,-0.17914881901058163,36.05716679543791,36.057012414880695,7.667858657243066,2.769089860810419
0.4200000000000001,1.1663712878352814,-0.19164198744887959,36.057180133303305,36.05701960084921,7.6329771306471965,2.7627843076590684
0.4400000000000001,1.162409272152321,-0.20464670781911817,36.05719377989823,36.05702670497278,7.59674131064687,2.7562186616171926
0.46000000000000013,1.158181860457063,-0.21818527557301182,36.05720769313872,36.05703367216616,7.559200206051623,2.7493999720032773
0.48000000000000015,1.1536781566928218,-0.23227950122523877,36.057221830449905,36.05704044623854,7.520404944337201,2.7423356731693516
0.5000000000000001,1.148886834073891,-0.24695064552720608,36.057236148933214,36.057046970061826,7.480408742867343,2.7350335908115175
0.5200000000000001,1.143796147324431,-0.26221929286345946,36.057250605534186,36.05705318574012,7.439266877358366,2.727501948185989
0.5400000000000001,1.1383939466320496,-0.2781052823352981,36.057265157210054,36.0570590347796,7.397036647408382,2.7197493721680277
0.5600000000000002,1.1326676933309177,-0.2946276435127501,36.05727976109618,36.05706445825796,7.353777338909119,2.7117848990856777
0.5800000000000002,1.1266044775602644,-0.3118044614543554,36.057294374670676,36.0570693969929,7.309550183154947,2.7036179802544122
0.6000000000000002,1.1201910381309592,-0.32965275804727917,36.05730895591634,36.05707379170881,7.264418312461072,2.695258487132741
0.6200000000000002,1.11341378462477,-0.3481884066630741,36.05732346347927,36.05707758320092,7.218446712101144,2.686716716012528
0.6400000000000002,1.106258821906089,-0.3674259939053015,36.057337856823004,36.057080712496365,7.1717021683732725,2.6780033921511883
0.6600000000000003,1.0987119773090517,-0.38737866382488273,36.05735209637792,36.05708312101127,7.124253212603599,2.6691296732462435
0.6800000000000003,1.090758830587411,-0.40805799701221374,36.057366143684746,36.05708475070341,7.0761700608972875,2.6601071521458093
0.7000000000000003,1.0823847467390713,-0.42947386700200396,36.057379961531645,36.05708554421968,7.027524549448968,2.650947858681677
0.7200000000000003,1.073574911942435,-0.45163426088449454,36.057393514084154,36.057085445037806,6.978390065227884,2.6416642605047076
0.7400000000000003,1.0643143727375854,-0.4745451208584912,36.05740676700731,36.05708439760172,6.928841471857588,2.6322692627954285
0.7600000000000003,1.0545880785193953,-0.49821018905972214,36.05741968757933,36.05708234745018,6.878955030516184,2.622776206716117
0.7800000000000004,1.0443809275097846,-0.5226308173691077,36.05743224479636,36.05707924133792,6.828808315690786,2.6131988664643924
0.8000000000000004,1.0336778163329332,-0.5478057803087137,36.05744440946752,36.057075027349235,6.778480125629312,2.6035514447825516
0.8200000000000004,1.0224636932396955,-0.5737311057886612,36.05745615430022,36.05706965500336,6.728050387344151,2.593848566771806
0.8400000000000004,1.0107236150273389,-0.6003998846361435,36.05746745397485,36.057063075351415,6.677600056035679,2.5841052718563304
0.8600000000000004,0.9984428077384194,-0.6278020708346592,36.057478285208816,36.05705524106475,6.627211008819275,2.57433700373888
0.8800000000000004,0.9856067311139791,-0.6559243052242103,36.05748862680961,36.057046106514406,6.5769659326576075,2.5645595981878855
0.9000000000000005,0.972201146740293,-0.6847497337653299,36.057498459716506,36.05703562784164,6.5269482064206485,2.5547892684956715
0.9200000000000005,0.958212189846942,-0.7142578195920523,36.05750776703103,36.05702376301946,6.477241777019231,2.545042588449009
0.9400000000000005,0.9436264446410281,-0.7444241709641802,36.05751653403598,36.057010471905244,6.427931029584365,2.5353364726569065
0.9600000000000005,0.9284310229790956,-0.7752203876635329,36.05752474820298,36.056995716284526,6.379100651693864,2.5256881540866964
0.9800000000000005,0.9126136461688408,-0.8066139038407802,36.05753239918882,36.05697945990614,6.330835491680356,2.5161151586682906
1.0000000000000004,0.8961627296429312,-0.8385678507900773,36.05753947882068,36.05696166850904,6.283220411090684,2.5066352768383924
1.0200000000000005,0.8790674701487041,-0.8710409463773318,36.05754598107046,36.0569423098411,6.236340131405817,2.497266531911605
1.0400000000000005,0.8613179350434338,-0.9039873993249232,36.05755190201866,36.05692135367034,6.190279075173145,2.488027145184141
1.0600000000000005,0.8429051532638187,-0.9373568344710619,36.05755723980806,36.05689877178909,6.145121201748903,2.4789354976983375
1.0800000000000005,0.8238212074175478,-0.9710942534108392,36.05756199458797,36.056874538011655,6.100949837898031,2.4700100886227228
1.1000000000000005,0.8040593263984558,-1.0051400274211058,36.057566168449256,36.056848628166016,6.057847503551275,2.461269490232891
1.1200000000000006,0.7836139778673971,-1.0394299171076988,36.057569765351026,36.05682102008042,6.015895733074944,2.4527322995131255
1.1400000000000006,0.7624809598744632,-1.0738951354560782,36.057572791039654,36.05679169356555,5.975174892467228,2.444417086437425
1.1600000000000006,0.740657490828571,-1.108462454193006,36.05757525296057,36.056760630392894,5.935763992955627,2.4363423390311194
1.1800000000000006,0.7181422969525436,-1.1430543491623677,36.05757716016413,36.05672781427043,5.897740501532814,2.4285264053604223
1.2000000000000006,0.6949356963533837,-1.1775891922922817,36.05757852320586,36.05669323081628,5.861180149032234,2.420987432646488
1.2200000000000006,0.6710396787437701,-1.2119814945542866,36.057579354042254,36.05665686753117,5.826156736409465,2.413743303752382
1.2400000000000007,0.6464579798413282,-1.2461421978967244,36.05757966592284,36.05661871377088,5.792741939960053,2.406811571344972
1.2600000000000007,0.6211961494523041,-1.2799790129720474,36.05757947327955,36.056578760719184,5.761005116268062,2.400209390088303
1.2800000000000007,0.5952616122273349,-1.3133968131568092,36.057578791614134,36.05653700136242,5.731013107741437,2.3939534472795074
1.3000000000000007,0.5686637200770118,-1.3462980769828112,36.05757763738452,36.05649343046655,5.702830049648744,2.3880598923914667
1.3200000000000007,0.5414137952561928,-1.3785833779046581,36.057576027891095,36.05644804455735,5.676517179626516,2.382544266037153
1.3400000000000007,0.5135251631798788,-1.4101519197184433,36.05757398116371,36.056400841904804,5.652132650675382,2.377421428917343
1.3600000000000008,0.4850131740438525,-1.4409021196190104,36.057571515850086,36.056351822512134,5.6297313487057306,2.372705491354907
1.3800000000000008,0.455895212440995,-1.4707322279877377,36.057568651106614,36.05630098811046,5.60936471572806,2.3684097440536043
1.4000000000000008,0.42619069421632017,-1.4995409812126002,36.0575654064921,36.0562483421595,5.591080579808714,2.3645465907460386
1.4200000000000008,0.39592104993289046,-1.5272282862999875,36.05756180186516,36.05619388985499,5.57492299292663,2.361127483412666
1.4400000000000008,0.3651096944285814,-1.5536959279697646,36.05755785728598,36.05613763814309,5.560932077870383,2.3581628607605505
1.4600000000000009,0.33378198210273524,-1.578848287066097,36.057553592922766,36.05607959574251,5.549143885305848,2.3556620906458225
1.4800000000000009,0.3019651476948814,-1.6025930690600074,36.05754902896351,36.056019773174214,5.5395902621227044,2.3536334171069853
1.5000000000000009,0.2696882325266067,-1.6248420312001495,36.057544185533466,36.055958182799266,5.532298732131808,2.3520839126467847
1.520000000000001,0.23698199631103337,-1.6455116951324205,36.05753908261858,36.05589483886464,5.527292390135011,2.351019436358409
1.540000000000001,0.20387881485709514,-1.6645240430412744,36.05753373999511,36.055829757557184,5.524589810324001,2.350444598437496
1.560000000000001,0.1704125641426103,-1.6818071831735195,36.05752817716559,36.05576295706541,5.524204969885292,2.3503627315555553
1.580000000000001,0.13661849146400293,-1.6972959771239577,36.05752241330139,36.05569445764913,5.526147188595193,2.350775869493983
1.600000000000001,0.10253307450871854,-1.7109326159745872,36.05751646719166,36.0556242817165,5.530421085081886,2.3516847333522164
1.620000000000001,0.06819386940760445,-1.7226671454035538,36.057510357198666,36.055552453907914,5.537026550313051,2.353088725550537
1.640000000000001,0.03363934896913791,-1.7324579232780641,36.05750410121953,36.05547900118671,5.54595873873773,2.3549859317494297
1.660000000000001,-0.001091267543507482,-1.740272004619402,36.05749771665402,36.05540395293546,5.557208077372353,2.357373130705522
1.680000000000001,-0.035958191601648475,-1.7460854522506197,36.0574912203783,36.05532734105771,5.57076029297467,2.360245811981174
1.700000000000001,-0.07092124796895694,-1.749883563203954,36.057484628724225,36.05524920008415,5.586596457297994,2.3635982013231422
1.720000000000001,-0.10594006093597248,-1.7516610094568614,36.05747795746395,36.055169567282384,5.604693050263862,2.3674232934276587
1.740000000000001,-0.14097424248725282,-1.751421889852572,36.057471221799545,36.05508848276956,5.625022040736523,2.3717128917169807
1.7600000000000011,-0.17598358062854363,-1.749179693916126,36.05746443635706,36.05500598962676,5.647550984429806,2.3764576546679317
1.7800000000000011,-0.2109282260783746,-1.7449571752140325,36.05745761518482,36.054922134014156,5.672243138328602,2.3816471481578882
1.8000000000000012,-0.24576887557841498,-1.7387861398677775,36.057450771755526,36.05483696528609,5.699057590865641,2.3872699032295532
1.8200000000000012,-0.2804669501125953,-1.7307071499894937,36.05744391897149,36.05475053610463,5.727949406961964,2.3933134786237185
1.8400000000000012,-0.3149847664068043,-1.7207691490635413,36.05743706917298,36.05466290255087,5.758869786918241,2.399764527389769
1.8600000000000012,-0.3492857001990742,-1.7090290142848532,36.057430234148974,36.05457412423253,5.79176623803621,2.4066088668573067
1.8800000000000012,-0.38333433987254106,-1.69555104218578,36.05742342515004,36.05448426438688,5.826582757756098,2.4138315512388386
1.9000000000000012,-0.4170966292106362,-1.6804063762915533,36.05741665290287,36.05439338997768,5.863260027018616,2.421416946132701
1.9200000000000013,-0.45053999818589074,-1.6636723848981323,36.05740992762624,36.05430157178507,5.901735612499758,2.4293488042065423
1.9400000000000013,-0.483633480876717,-1.6454319964544544,36.057403259047895,36.05420888448701,5.941944176323597,2.4376103413637704
1.9600000000000013,-0.5163478197682045,-1.6257730049345103,36.05739665642221,36.0541154067314,5.983817691833207,2.4461843127273153
1.9800000000000013,-0.5486555559113917,-1.6047873523738827,36.057390128548136,36.05402122119724,6.027285663992076,2.45505308781543
2.0000000000000013,-0.5805311045797548,-1.5825703965435005,36.05738368378739,36.053926414644025,6.0722753529978455,2.464198724331673
2.0200000000000014,-0.6119508162524001,-1.5592201778195152,36.0573773300825,36.053831077947905,6.118711999715884,2.473603040044195
2.0400000000000014,-0.642893022950619,-1.534836689039834,36.057371074974554,36.053735306123585,6.16651905158109,2.483247682286463
2.0600000000000014,-0.6733380700876704,-1.5095211590981612,36.05736492562042,36.053639198330636,6.215618387671061,2.493114194671207
2.0800000000000014,-0.7032683341994846,-1.483375357254914,36.05735888880951,36.05354285786314,6.2659305417208655,2.50318408067023
2.1000000000000014,-0.7326682270188798,-1.456500925554056,36.0573529709796,36.053446392121494,6.3173749219274695,2.513438863773589
2.1200000000000014,-0.7615241865235477,-1.42899874366439,36.05734717823201,36.0533499125651,6.369870026478544,2.5238601440013557
2.1400000000000015,-0.7898246556791255,-1.400968334852129,36.05734151634571,36.053253534644945,6.423333653834191,2.5344296505987676
2.1600000000000015,-0.8175600496967586,-1.3725073122264015,36.057335990790634,36.0531573777148,6.477683106889216,2.545129290800217
2.1800000000000015,-0.8447227126998977,-1.3437108735614016,36.05733060673992,36.05306156491998,6.532835390246088,2.555941194598594
2.2000000000000015,-0.8713068647643991,-1.3146713442675204,36.05732536908106,36.05296622306256,6.588707399933058,2.566847755503442
2.2200000000000015,-0.8973085403082972,-1.2854777696441657,36.05732028242632,36.05287148244188,6.645216105006238,2.577831667313876
2.2400000000000015,-0.9227255188633701,-1.2562155607296368,36.05731535112184,36.05277747666928,6.702278720577673,2.5888759569700657
2.2600000000000016,-0.9475572492436772,-1.2269661881300198,36.05731057925602,36.05268434245607,6.759812871911601,2.599964013580111
2.2800000000000016,-0.9718047681277117,-1.1978069295346452,36.057305970666775,36.052592219373665,6.817736749327711,2.611079613747484
2.3000000000000016,-0.9954706140542321,-1.1688106632932376,36.05730152894805,36.05250124958476,6.875969253741787,2.6222069433478716
2.3200000000000016,-1.0185587377917715,-1.140045711312191,36.05729725745529,36.05241157754466,6.93443013276006,2.6333306159235037
2.3400000000000016,-1.0410744100028626,-1.1115757257477976,36.05729315931019,36.05232334967188,6.993040107323082,2.644435687878055
2.3600000000000017,-1.0630241270744534,-1.0834596187490715,36.05728923740463,36.05223671398689,7.051720988967843,2.6555076706663536
2.3800000000000017,-1.0844155159385453,-1.055751530417998,36.05728549440382,36.05215181971836,7.110395787842323,2.66653254018066
2.4000000000000017,-1.1052572386209996,-1.0285008336462147,36.05728193274874,36.05206881687576,7.1689888116651055,2.6774967435395896
2.4200000000000017,-1.1255588972168762,-1.0017521713521866,36.05727855465794,36.051987855788,7.227425755873595,2.688387203487175
2.4400000000000017,-1.1453309399149305,-0.9755455230808631,36.0572753621287,36.05190908660688,7.285633785248226,2.699191320608494
2.4600000000000017,-1.164584568615635,-0.9499162978188451,36.05727235693755,36.05183265877503,7.343541607336671,2.709896973564986
2.4800000000000018,-1.183331648630519,-0.9248954489094308,36.05726954064023,36.05175872045766,7.401079538032076,2.720492517547526
2.5000000000000018,-1.2015846208870835,-0.9005096082563414,36.057266914571166,36.05168741793755,7.458179559682877,2.7309667811386644
2.520000000000002,-1.2193564169813687,-0.8767812371186522,36.05726447984235,36.05161889497296,7.514775372129232,2.741309061767613
2.540000000000002,-1.2366603773773028,-0.8537287891811409,36.057262237341845,36.05155329211807,7.570802437073196,2.751509119932768
2.560000000000002,-1.2535101729801807,-0.8313668844733165,36.05726018773169,36.0514907460057,7.626198016196538,2.7615571723570267
2.580000000000002,-1.2699197302625134,-0.8097064904265646,36.05725833144555,36.0514313885923,7.68090120344249,2.7714438842311946
2.600000000000002,-1.285903160070254,-0.7887551082784334,36.05725666868582,36.0513753463651,7.734852951875932,2.7811603606904676
2.620000000000002,-1.3014746901795975,-0.7685169614321739,36.05725519942034,36.05132273951166,7.787996095531101,2.790698137658586
2.640000000000002,-1.3166486016505832,-0.748993186424891,36.05725392337891,36.05127368105195,7.840275366647427,2.8000491721838436
2.660000000000002,-1.3314391689648803,-0.7301820203567456,36.05725284004933,36.05122827593353,7.891637408682916,2.809205832380909
2.680000000000002,-1.3458606039143948,-0.7120789876048297,36.05725194867314,36.0511866200903,7.942030785481112,2.818160887082409
2.700000000000002,-1.3599270031726165,-0.6946770820524993,36.05725124824122,36.05114879946553,7.99140598695241,2.826907495294533
2.720000000000002,-1.3736522994571634,-0.6779669429087417,36.05725073748902,36.05111488900026,8.039715431613883,2.835439195541651
2.740000000000002,-1.3870502161509841,-0.6619370257355657,36.057250414891705,36.051084951587754,8.086913466314009,2.8437498951760873
2.760000000000002,-1.4001342252727706,-0.646573764702737,36.057250278659104,36.05105903699584,8.132956363450067,2.8518338597208053
2.780000000000002,-1.4129175086195254,-0.6318617284673147,36.05725032673061,36.05103718075805,8.17780231596707,2.8596857023049
2.800000000000002,-1.4254129219284448,-0.6177837666105511,36.057250556769986,36.05101940303553,8.22141143040772,2.8673003732444426
2.820000000000002,-1.4376329618788874,-0.6043211457926333,36.0572509661603,36.051005707451615,8.263745718263523,2.874673149814344
2.840000000000002,-1.449589735756422,-0.5914536800945898,36.057251551998824,36.050996079900926,8.304769085858162,2.881799626250611
2.860000000000002,-1.4612949335800816,-0.5791598482328872,36.05725231109226,36.05099048733562,8.344447322975238,2.888675704016503
2.880000000000002,-1.4727598025157842,-0.5674169032624046,36.057253239952104,36.05098887653102,8.382748090424247,2.895297582360792
2.900000000000002,-1.4839951233637363,-0.5562009716364104,36.05725433479038,36.05099117283365,8.419640906720742,2.9016617491914425
2.920000000000002,-1.4950111889450244,-0.545487142822537,36.05725559151585,36.05099727889457,8.45509713403953,2.9077649722836147
2.940000000000002,-1.505817784174874,-0.5352495494552344,36.057257005730705,36.05100707339125,8.489089963583357,2.9136042908369277
2.960000000000002,-1.516424167647481,-0.5254614376043316,36.057258572727896,36.05102040974152,8.52159440049387,2.9191770073933285
2.980000000000002,-1.5268390545379742,-0.5160952287525009,36.05726028748928,36.051037114813425,8.552587248416883,2.9244806801237178
3.000000000000002,-1.537070600630621,-0.5071225704848866,36.057262144684444,36.05105698763475,8.58204709382003,2.9295131154886525
3.0200000000000022,-1.5471263873040526,-0.49851438100424367,36.05726413867069,36.05107979810674,8.60995429014783,2.9342723612759314
3.0400000000000023,-1.5570134072951847,-0.49024088290991247,36.05726626349393,36.051105285726194,8.63629094188702,2.938756700015675
3.0600000000000023,-1.5667380510636681,-0.48227162959976017,36.057268512890886,36.05113315832096,8.661040888603708,2.942964642771589
3.0800000000000023,-1.576306093605666,-0.4745755237100781,36.05727088029251,36.051163090803584,8.68418968900344,2.9468949233054507
3.1000000000000023,-1.5857226815513283,-0.46712082714283376,36.057273358828795,36.051194723948406,8.705724605055808,2.9505464926104468
3.1200000000000023,-1.5949923203859075,-0.4598751634165495,36.057275941335206,36.05122766319755,8.725634586216364,2.95391851380778
3.1400000000000023,-1.6041188616697795,-0.4528055149637533,36.05727862036061,36.05126147750141,8.743910253770812,2.957010357399989
3.1600000000000024,-1.6131054900951183,-0.4458782103886652,36.057281388176996,36.051295698199596,8.760543885319315,2.9598215968735877
3.1800000000000024,-1.621954710253815,-0.4390589076074057,36.057284236790906,36.05132981794838,8.77552939941243,2.962352004643005
3.2000000000000024,-1.6306683329982232,-0.4323125700628411,36.05728715795682,36.05136328970082,8.788862340344641,2.9646015483273027
3.2200000000000024,-1.6392474612549577,-0.4256034366441174,36.05729014319244,36.05139552574633,8.80053986310655,2.966570387350779
3.2400000000000024,-1.64769247520286,-0.41889498701887984,36.05729318379594,36.051425896816006,8.810560718492841,2.9682588698583623
3.2600000000000025,-1.6560030166800275,-0.41214990069316654,36.057296270865336,36.0514537312606,8.818925238359439,2.9696675299365483
3.2800000000000025,-1.6641779727498942,-0.40533001246825034,36.05729939531979,36.051478314308255,8.825635321020796,2.970797085130655
3.3000000000000025,-1.6722154583109556,-0.39839626250892946,36.05730254792307,36.0514988874088,8.830694416775822,2.9716484342492167
3.3200000000000025,-1.680112797680584,-0.3913086433724127,36.057305719309035,36.051514647671944,8.83410751354974,2.97222265544655
3.3400000000000025,-1.687866505070695,-0.3840261423252943,36.05730890000917,36.0515247474065,8.835881122638073,2.9725210045747485
3.3600000000000025,-1.6954722638924864,-0.37650668173827856,36.05731208048205,36.05152829376806,8.836023264538664,2.9725449137967055
3.3800000000000026,-1.702924904839262,-0.3687070566339323,36.05731525114478,36.051524348522236,8.8345434548581,2.972295990452179
3.4000000000000026,-1.7102183826903845,-0.3605828696747149,36.05731840240623,36.05151192793116,8.831452690279422,2.971776016169358
3.4200000000000026,-1.7173457518136568,-0.3520884663395058,36.05732152470199,36.05149000277014,8.826763434579632,2.97098694621495
3.4400000000000026,-1.7242991403480104,-0.34317686725712726,36.0573246085309,36.051457498482165,8.820489604687307,2.969930909076389
3.4600000000000026,-1.7310697230518448,-0.3337997023295709,36.05732764449305,36.05141329547717,8.812646556772936,2.968610206270425
3.4800000000000026,-1.7376476928374374,-0.32390714643548435,36.05733062332902,36.05135622958329,8.803251072367742,2.9670273123730664
3.5000000000000027,-1.7440222310218647,-0.3134478550450423,36.05733353596017,36.051285092656975,8.792321344509821,2.965184875266603
3.5200000000000027,-1.7501814763366887,-0.30236890435181085,36.05733637352977,36.051198633358936,8.779876963920486,2.9630857166002618
3.5400000000000027,-1.7561124927836709,-0.2906157359077157,36.05733912744484,36.05109555810224,8.765938905217814,2.960732832461891
3.5600000000000027,-1.761801236418284,-0.27813210627201984,36.057341789418246,36.05097453217904,8.750529513179139,2.9581293942590032
3.5800000000000027,-1.7672325212051305,-0.2648600432853955,36.0573443515109,36.050834181071984,8.733672489069106,2.955278749808401
3.6000000000000028,-1.7723899841003181,-0.2507398129725233,36.0573468061739,36.05067309195588,8.715392877055365,2.9521844246346407
3.6200000000000028,-1.7772560495441647,-0.23570989541332527,36.057349146290015,36.05048981539529,8.6957170507394,2.94885012347854
3.640000000000003,-1.7818118936171106,-0.21970697354841245,36.057351365214465,36.050282867242466,8.674672699835957,2.945279732017989
3.660000000000003,-1.7860374081245916,-0.20266593894616183,36.05735345681458,36.05005073074084,8.65228881704023,2.941477318804316
3.680000000000003,-1.7899111649388344,-0.18451991198457002,36.057355415508034,36.04979185883737,8.628595685128136,2.9374471374184994
3.700000000000003,-1.793410380979191,-0.1652002857289987,36.05735723629923,36.049504676707784,8.603624864340677,2.9331936288524623
3.720000000000003,-1.7965108842628013,-0.14463679070066798,36.05735891481368,36.04918758449734,8.577409180109305,2.9287214241216772
3.740000000000003,-1.7991870815316906,-0.12275758610579093,36.0573604473299,36.04883896027955,8.54998271118441,2.9240353471161065
3.760000000000003,-1.801411928016045,-0.09948938450949217,36.05736183080852,36.048457163234275,8.521380778234137,2.9191404176973292
3.780000000000003,-1.8031568999770902,-0.07475760590039585,36.05736306291836,36.04804053704645,8.491639932984796,2.9140418550502662
3.800000000000003,-1.8043919707539886,-0.048486573654297954,36.05736414205913,36.047587413525356,8.46079794797763,2.9087450812983993
3.820000000000003,-1.8050855911149255,-0.02059975058336712,36.057365067380296,36.04709611644395,8.428893807018927,2.903255725391569
3.840000000000003,-1.80520467479687,0.008979977655769654,36.0573658387962,36.04656496559675,8.395967696401259,2.8975796272753676
3.860000000000003,-1.8047145902395165,0.04032996640015693,36.05736645699665,36.0459922810739,8.362060996972907,2.8917228423507164
3.880000000000003,-1.8035791595723174,0.0735274207458787,36.05736692345332,36.04537638774842,8.32721627712954,2.8856916462313746
3.900000000000003,-1.80176066603954,0.10864894302962783,36.05736724042127,36.04471561997208,8.291477286797198,2.87949253980579
3.920000000000003,-1.7992198711614251,0.14577001169749967,36.057367410935484,36.04400832647492,8.254888952467406,2.8731322546077487
3.940000000000003,-1.7959160429681988,0.18496439186983094,36.05736743880262,36.043252875462244,8.217497373334181,2.8666177584976658
3.960000000000003,-1.7918069968202592,0.22630346818266603,36.05736732858735,36.042447659901505,8.179349818567784,2.859956261652927
3.980000000000003,-1.7868491503351482,0.2698554986567098,36.057367085593405,36.04159110299108,8.140494725741064,2.8531552228613615
4.000000000000003,-1.7809975940954599,0.31568478356134755,36.05736671583937,36.04068166380099,8.100981700400753,2.846222356106556
4.020000000000002,-1.7742061798094622,0.36385074993336863,36.05736622602902,36.039717843075245,8.060861516747341,2.8391656374271896
4.040000000000002,-1.7664276276999,0.41440694403953665,36.05736562351627,36.03869818918371,8.020186119353,2.8319933120247653
4.060000000000001,-1.7576136548983954,0.46739993873977054,36.05736491626485,36.03762130421056,7.979008625807011,2.824713901584904
4.080000000000001,-1.747715126618859,0.5228681489655072,36.05736411280268,36.036485850164986,7.937383330131485,2.8173362117666194
4.1000000000000005,-1.736682231858642,0.5808405627256656,36.057363222171084,36.03529055529865,7.895365706757293,2.809869339801638
4.12,-1.7244646852995011,0.6413353920469848,36.05736225386919,36.034034220513284,7.853012414790096,2.802322682131752
4.14,-1.7110119569556217,0.7043586488672489,36.057361217793435,36.032715725840134,7.8103813022297945,2.794705941996366
4.159999999999999,-1.6962735309395176,0.7699026591811047,36.05736012417258,36.03133403697244,7.767531409733237,2.7870291368647795
4.179999999999999,-1.6801991944836834,0.8379445257600651,36.05735898349858,36.02988821183019,7.724522973430445,2.779302605588396
4.199999999999998,-1.6627393580413472,0.9084445603425041,36.057357806453325,36.0283774071356,7.681417426219384,2.7715370151270546
4.219999999999998,-1.643845406916965,0.9813447030066003,36.057356603832005,36.02680088497656,7.638277396874295,2.763743366681193
4.2399999999999975,-1.6234700844253938,1.0565669543495586,36.057355386463165,36.025158019333794,7.595166706209568,2.755933001037864
4.259999999999997,-1.6015679060075696,1.1340118518806366,36.05735416512584,36.0234483025468,7.552150359446282,2.7481176029140895
4.279999999999997,-1.5780956031421776,1.2135570215998905,36.057352950464555,36.02167135169212,7.509294533834607,2.7403092040561057
4.299999999999996,-1.5530125951484515,1.2950558424470948,36.05735175290219,36.01982691484687,7.466666560494484,2.7325201848283727
4.319999999999996,-1.5262814862124912,1.3783362673287394,36.057350582551585,36.017914877208845,7.424334899352756,2.7247632740024876
4.339999999999995,-1.4978685840726316,1.4631998437467997,36.05734944912614,36.01593526704449,7.382369105980768,2.7170515464342535
4.359999999999995,-1.467744435923298,1.549420980009367,36.05734836185014,36.01388826143414,7.340839789076334,2.7093984182981163
4.379999999999995,-1.435884376091747,1.6367465095243041,36.05734732936929,36.011774191784106,7.299818557292257,2.7018176395331084
4.399999999999994,-1.4022690790627763,1.7248955982634493,36.057346359662205,36.009593549073806,7.259377954095152,2.6943232831446102
4.419999999999994,-1.3668851104778246,1.813560050294125,36.05734545995327,36.007346988805985,7.21959137934743,2.686929731002921
4.439999999999993,-1.329725467757052,1.9024050474072367,36.05734463662788,36.00503533562746,7.180532996347164,2.67965165578423
4.459999999999993,-1.2907901011317968,1.9910703717291829,36.057343895150645,36.00265958758728,7.142277623139159,2.6725039987134087
4.479999999999992,-1.2500864051409852,2.079172143534642,36.05734323998727,36.00022091999951,7.104900607030018,2.6655019427923925
4.499999999999992,-1.2076296700508256,2.166305095774731,36.05734267453123,35.99772068887705,7.06847768140324,2.6586608812338666
4.519999999999992,-1.1634434822266193,2.252045402714077,36.057342201035866,35.99516043390346,7.03308480413949,2.651996380868475
4.539999999999991,-1.1175600624039626,2.3359540630823674,36.05734182055309,35.99254188090982,6.99879797720258,2.645524140355287
4.559999999999991,-1.070020530884458,2.4175808181990828,36.05734153287949,35.98986694382387,6.96569304725247,2.6392599431000483
4.57999999999999,-1.0208750891702632,2.4964685839788965,36.05734133651104,35.98713772605922,6.933845487489589,2.633219604873393
4.59999999999999,-0.9701831083471335,2.5721583364296126,36.057341228607385,35.984356521313124,6.903330161314931,2.627418916220809
4.6199999999999894,-0.9180131156693091,2.6441943915486528,36.05734120496675,35.981525813742074,6.8742210688005825,2.621873579866234
4.639999999999989,-0.8644426723178442,2.712129992272976,36.05734126001252,35.97864827748525,6.846591077395992,2.6165991434294997
4.659999999999989,-0.8095581371574987,2.775533104034148,36.05734138679235,35.97572677550709,6.820511638735135,2.611610927901615
4.679999999999988,-0.753454313469572,2.8339923018790953,36.057341576990915,35.97276435773167,6.796052493845598,2.6069239524477115
4.699999999999988,-0.6962339780748548,2.8871226231319214,36.057341820956594,35.969764258442375,6.773281369478066,2.602552856231371
4.719999999999987,-0.6380072948480671,2.934571251207921,36.057342107743075,35.96672989292264,6.752263668658533,2.5985118180717466
4.739999999999987,-0.5788911173777075,2.9760228945201423,36.057342425165864,35.963664853314576,6.733062158900485,2.594814474851812
4.7599999999999865,-0.5190081882653086,3.0112047221475358,36.057342759873876,35.960572903674674,6.7157366617856695,2.591473839687692
4.779999999999986,-0.4584862452203836,3.0398907271946594,36.05734309743588,35.95745797420741,6.700343747816647,2.5885022209410304
4.799999999999986,-0.39745704662895087,3.0619053978406017,36.05734342244118,35.95432415465992,6.686936440550793,2.5859111432048074
4.819999999999985,-0.3360553314482059,3.07712659738664,36.0573437186137,35.95117568686358,6.675563934035856,2.5837112714147947
4.839999999999985,-0.2744177301730234,3.0854875666774766,36.05734396893827,35.94801695641023,6.666271327476487,2.5819123392316183
4.859999999999984,-0.21268164497366865,3.086977996300404,36.057344155797445,35.94485248345442,6.659099380868445,2.580523082800936
4.879999999999984,-0.15098411802103237,3.0816441322217356,36.05734426111743,35.9416869126353,6.654084295045567,2.5795511809315914
4.8999999999999835,-0.08946070734026673,3.0695879203924306,36.05734426652056,35.938525002115554,6.651257519201106,2.579003202634907
4.919999999999983,-0.02824438930785738,3.0509652037969435,36.05734415348265,35.935371611737956,6.650645588480526,2.578884562845054
4.939999999999983,0.03253549383978376,3.025983035064434,36.05734390349249,35.93223169030377,6.652269993711677,2.579199486994303
4.959999999999982,0.09275422447748914,2.9948961761768835,36.05734349821134,35.92911026198146,6.656147084757007,2.5799509849524287
4.979999999999982,0.15229262271855717,2.9580028832595704,36.05734291963003,35.92601241185786,6.6622880083600675,2.5811408346620817
4.999999999999981,0.2110378690715894,2.9156400943182077,36.057342150221366,35.92294327064868,6.670698680734471,2.58276957561732
5.019999999999981,0.268884225928997,2.868178147292841,36.05734117308581,35.9199079985894,6.68137979452728,2.584836512146809
5.0399999999999805,0.32573364983025666,2.816015162589433,36.05733997208857,35.916911768532486,6.694326859199183,2.587339726282419
5.05999999999998,0.38149628919702827,2.759571229099107,36.057338531986524,35.91395974828166,6.709530273317941,2.5902760998237118
5.07999999999998,0.4360908649555582,2.6992825314506828,36.05733683854357,35.91105708219868,6.7269754267735,2.5936413450539955
5.099999999999979,0.48944493413314255,2.6355955396026842,36.05733487863356,35.90820887212321,6.7466428305049035,2.5974300434284854
5.119999999999979,0.541495038969305,2.5689613879568713,36.05733264033007,35.90542015765125,6.7685082709888045,2.601635691442752
5.139999999999978,0.5921867462766398,2.499830540280497,36.05733011298258,35.902695895822724,6.792542986481778,2.606250752802151
5.159999999999978,0.6414745837595928,2.4286478301276957,36.05732728727923,35.900040940273584,6.818713861835653,2.6112667159514085
5.1799999999999775,0.689321881523883,2.3558479522315845,36.05732415529603,35.89746001991281,6.846983638614991,2.6166741559879005
5.199999999999977,0.7357005282596579,2.2818514462055535,36.0573207105332,35.894957717189484,6.877311137234329,2.6224627999714945
5.219999999999977,0.7805906524923837,2.20706122077516,36.057316947939135,35.892538446019614,6.9096514878936866,2.628621594656349
5.239999999999976,0.8239802397201812,2.1318596234105023,36.05731286392282,35.89020642944713,6.9439563672152635,2.6351387757033335
5.259999999999976,0.8658646965724792,2.0566060697101656,36.05730845635541,35.88796567711752,6.980174237663195,2.6420019374828616
5.279999999999975,0.9062463729392696,1.9816352094921672,36.05730372456209,35.88581996264688,7.018250587051143,2.6491981026437306
5.299999999999975,0.9451340527352313,1.90725561796233,36.05729866930506,35.88377280097291,7.058128165698882,2.6567137907006244
5.3199999999999745,0.9825424233559903,1.8337489698276548,36.05729329275863,35.8818274257781,7.099747219078995,2.664535084978052
5.339999999999974,1.018491533218169,1.7613696645954044,36.057287598477274,35.87998676707843,7.143045714088181,2.672647697338387
5.359999999999974,1.0530062458574174,1.6903448504260412,36.05728159135771,35.878253429074434,7.187959557376095,2.6810370302135134
5.379999999999973,1.0861156981981597,1.6208748074978714,36.057275277595664,35.876629668363556,7.234422804460011,2.689688235550732
5.399999999999973,1.1178527695655383,1.5531336337281296,36.05726866463814,35.875117372615684,7.282367858639653,2.6985862703718873
5.419999999999972,1.1482535670808147,1.4872701866276428,36.05726176113184,35.87371803981516,7.331725658997424,2.707715948728268
5.439999999999972,1.1773569320649633,1.4234092351959298,36.057254576868445,35.87243275817473,7.382425857021297,2.7170619899114
5.4599999999999715,1.2052039711626148,1.361652773384455,36.05724712272709,35.87126218682767,7.434396981617465,2.7266090628503137
5.479999999999971,1.231837615025452,1.3020814547764603,36.05723941061471,35.87020653740505,7.487566592485591,2.736341826688616
5.499999999999971,1.2573022065659771,1.2447561097182678,36.05723145340449,35.869265556605946,7.541861422010116,2.746244967589402
5.51999999999997,1.2816431200888674,1.189719310248711,36.05722326487277,35.86843850986722,7.597207505976388,2.7563032318626317
5.53999999999997,1.304906411948384,1.1369969534331343,36.057214859634804,35.86772416623996,7.653530303550792,2.766501455548287
5.559999999999969,1.3271385028281537,1.0865998356424764,36.057206253079485,35.86712078457746,7.710754807070477,2.7768245906197384
5.579999999999969,1.3483858912519078,1.0385251983036499,36.0571974613032,35.866626101138436,7.768805642272345,2.7872577279958066
5.599999999999969,1.3686948975572018,0.9927582264291813,36.057188501043235,35.866237318707014,7.827607159653997,2.797786117567602
5.619999999999968,1.3881114372193093,0.9492734828678123,36.05717938961051,35.86595109732745,7.887083517703685,2.808395185458002
5.639999999999968,1.4066808222029983,0.908036273593239,36.05717014482206,35.86576354674915,7.947158758763452,2.8190705487382632
5.659999999999967,1.4244475887656123,0.8690039296306885,36.05716078493329,35.86567022067279,8.007756878302063,2.829798027828499
5.679999999999967,1.441455350098884,0.8321270041858712,36.05715132857003,35.865666112884156,8.068801888373649,2.840563656807157
5.699999999999966,1.4577466719986125,0.7973503829481846,36.0571417946606,35.86574565535719,8.130217876026341,2.8513536918499502
5.719999999999966,1.47336296982619,0.7646142990830861,36.05713220236798,35.865902718401955,8.191929057404218,2.862154618011441
5.739999999999966,1.4883444249334048,0.7338552653309619,36.05712257102202,35.86613061292705,8.253859828257456,2.8729531545532474
5.759999999999965,1.5027299187807621,0.7050069127945637,36.05711292005203,35.866422094879155,8.31593481154091,2.8837362590120668
5.779999999999965,1.5165569830316366,0.6780007501130411,36.057103268919704,35.866769371915055,8.378078902742187,2.894491130188895
5.799999999999964,1.5298617639618073,0.6527668357422017,36.05709363705252,35.86716411235369,8.440217313537417,2.905205210228258
5.819999999999964,1.5426789995710994,0.6292343774356138,36.05708404377768,35.867597456447335,8.502275614327836,2.915866185943353
5.839999999999963,1.5550420079502103,0.6073322575131321,36.057074508256875,35.86806003000202,8.564179776163522,2.9264619895299377
5.859999999999963,1.5669826854490756,0.5869894914251759,36.05706504942177,35.868541960368546,8.625856212513225,2.936980798798866
5.879999999999963,1.578531513382968,0.5681356207013626,36.05705568591056,35.86903289481484,8.6872318212917,2.947411037044494
5.899999999999962,1.5897175720474086,0.5507010537173551,36.05704643600553,35.869522021281306,8.748234027508882,2.9577413726539517
5.919999999999962,1.600568560957408,0.5346173473026543,36.05703731757199,35.86999809150937,8.808790826859182,2.9679607185505645
5.939999999999961,1.6111108242803847,0.5198174453678642,36.05702834799853,35.870449446523644,8.868830830524171,2.978058231553603
5.959999999999961,1.6213693805681917,0.5062358714014076,36.05701954413886,35.87086404443627,8.928283311418724,2.9880233117261192
5.9799999999999605,1.6313679559572285,0.4938088829663447,36.05701092225537,35.87122949053131,8.987078252069033,2.997845601772885
5.99999999999996,1.6411290200916746,0.48247459042879415,36.057002497964596,35.87153306957559,9.045146394271262,3.007514986541424
6.01999999999996,1.6506738241173209,0.472173045919878,36.05699428618469,35.87176178029054,9.102419290641954,3.017021592670817
6.039999999999959,1.660022440152332,0.46284630284559164,36.05698630108514,35.87190237190873,9.15882935813574,3.0263557884253696
6.059999999999959,1.6691938017300485,0.4544384530786033,36.05697855603887,35.87194138272643,9.21430993357234,3.0355081837432656
6.079999999999958,1.678205744736715,0.4468956410869787,36.05697106357691,35.871865180552874,9.268795331183625,3.0444696305241123
6.099999999999958,1.6870750484767916,0.4401660620005956,36.056963835345734,35.871660004944864,9.32222090216208,3.0532312231735874
6.1199999999999575,1.6958174764868137,0.43419994004863893,36.05695688206758,35.87131201110474,9.37452309616487,3.0617842994183753
6.139999999999957,1.7044478168411328,0.4289494973878061,36.056950213503754,35.87080731530848,9.425639524702383,3.070120441400041
6.159999999999957,1.712979921641116,0.4243689068343311,36.05694383842117,35.87013204172046,9.47550902631688,3.0782314770525105
6.179999999999956,1.7214267455328371,0.42041423983636556,36.05693776456228,35.869272370440726,9.524071733435381,3.0861094817642782
6.199999999999956,1.7298003830162207,0.4170433992434582,36.05693199861846,35.86821458662151,9.571269140761206,3.093746780323368
6.219999999999955,1.7381121044155523,0.4142160521107554,36.056926546207144,35.86694513048001,9.617044175050589,3.101135949140345
6.239999999999955,1.7463723903880122,0.4118935515541882,36.05692141185265,35.865450648025956,9.661341266104454,3.1082698187423263
6.2599999999999545,1.7545909648523494,0.4100388571040535,36.05691659897098,35.86371804231457,9.704106418790419,3.115141476528862
6.279999999999954,1.762776826260258,0.40861644810954867,36.05691210985859,35.86173452502798,9.745287285896817,3.121744269778807
6.299999999999954,1.7709382771378297,0.4075922377473665,36.05690794568527,35.8594876681819,9.784833241608272,3.128071808895741
6.319999999999953,1.7790829518470221,0.4069334809514858,36.05690410649125,35.85696545574821,9.822695455381655,3.134117970878195
6.339999999999953,1.7872178425235425,0.4066086846760943,36.05690059118854,35.8541563349796,9.858826965991476,3.1398769029997777
6.359999999999952,1.7953493231583206,0.4065875123273577,36.05689739756648,35.85104926721807,9.893182755505421,3.1453430266833253
6.379999999999952,1.8034831718037498,0.4068406903285469,36.05689452230181,35.84763377796638,9.925719822943028,3.150511041552311
6.3999999999999515,1.811624590883521,0.4073399136767062,36.056891960972926,35.84390000599913,9.956397257364205,3.1553759296420143
6.419999999999951,1.8197782255917365,0.4080577488718295,36.05688970807852,35.83983875128948,9.985176310128589,3.1599329597522456
6.439999999999951,1.8279481803860522,0.40896753900243965,36.05688775706058,35.83544152152721,10.012020466062115,3.164177691922834
6.45999999999995,1.8361380335501056,0.4100433080807549,36.05688610033158,35.830700577005366,10.036895513263184,3.168105982012468
6.47999999999995,1.8443508498474934,0.41125966368452155,36.05688472930592,35.825608973654354,10.059769611277925,3.1717139863609907
6.499999999999949,1.8525891912342047,0.4125917018109773,36.05688363443548,35.820160604006404,10.08061335737147,3.174998166514663
6.519999999999949,1.8608551256500891,0.41401490879027875,36.05688280524914,35.81435023587716,10.099399850620856,3.177955293993428
6.5399999999999485,1.869150233876255,0.415505065655868,36.05688223039622,35.80817354855711,10.116104753554124,3.180582455078649
6.559999999999948,1.8774756144517102,0.417038151212604,36.05688189769354,35.801627166312215,10.130706351060129,3.1828770555992465
6.579999999999948,1.8858318866395314,0.41859024343151763,36.056881794176185,35.79470868900086,10.143185606294269,3.184836825693629
6.599999999999947,1.8942191914444864,0.42013742122988607,36.056881906151446,35.787416719623245,10.15352621330654,3.1864598245241598
6.619999999999947,1.902637190657667,0.42165566761402606,36.056882219256046,35.77975088862926,10.161714646120599,3.187744444920358
6.639999999999946,1.911085063903337,0.4231207670276204,36.05688271851616,35.771711874822174,10.167740203995374,3.1886894179263328
6.659999999999946,1.919561503699358,0.424508206767368,36.05688338841017,35.76330142270721,10.171595052604435,3.1892938172273237
6.6799999999999455,1.9280647084697098,0.425793073540494,36.056884212933795,35.754522356147156,10.173274260873226,3.189557063429533
6.699999999999945,1.9365923735135606,0.4269499505718016,36.05688517566723,35.745378588201426,10.172775833219445,3.189478928166707
6.719999999999945,1.9451416798721408,0.4279528109079453,36.056886259844305,35.73587512703935,10.170100736948823,3.1890595380062794
6.739999999999944,1.9537092810909857,0.42877491371408194,36.056887448422906,35.726018077834325,10.165252924565763,3.1882993781271174
6.759999999999944,1.9622912877927936,0.42938869036529786,36.056888724156764,35.715814640561646,10.158239350767424,3.1871992957402937
6.779999999999943,1.9708832500776543,0.42976563731488393,36.05689006966801,35.70527310364001,10.149069983899375,3.185760503223583
6.799999999999943,1.9794801376468862,0.4298761994382129,36.056891467520224,35.69440283337401,10.13775781166241,3.1839845809398026
6.8199999999999426,1.9880763176393361,0.4296896558787828,36.056892900291764,35.68321425917319,10.124318840872501,3.181873479708535
6.839999999999942,1.9966655301120526,0.4291739995097264,36.05689435064879,35.67171885454164,10.108772091089818,3.179429522900267
6.859999999999942,2.005240861121927,0.42829581671875105,36.05689580141787,35.659929113851014,10.09113958194818,3.1766554081215954
6.879999999999941,2.013794713336604,0.42702016172463997,36.05689723565767,35.64785852492861,10.071446314033318,3.1735542084598647
6.899999999999941,2.022318774146509,0.42531043031920773,36.0568986367295,35.63552153751188,10.04972024317676,3.1701293732554134
6.91999999999994,2.0308039811894845,0.42312823020506835,36.05689998836616,35.62293352763926,10.02599224805268,3.1663847283696716
6.93999999999994,2.0392404852579307,0.4204332470491661,36.05690127473914,35.61011075806712,10.000296090986714,3.162324475917472
6.95999999999994,2.047617610540604,0.41718311143267445,36.056902480523426,35.597070334821,9.972668371909794,3.1579531934323843
6.979999999999939,2.0559238121307,0.4133332608006797,36.056903590959884,35.58383016000836,9.943148475415354,3.1532758324344785
6.999999999999939,2.06414663078761,0.40883680037992914,36.05690459191474,35.5704088810386,9.911778510905737,3.1482977163708226
7.019999999999938,2.072272644899847,0.4036443651883598,36.056905469936105,35.55682583641373,9.878603245842612,3.1430245379001756
7.039999999999938,2.0802874196508854,0.39770397643083255,36.05690621230708,35.54310099827052,9.84367003214734,3.1374623554948577
7.059999999999937,2.0881754533755337,0.3909609041563415,36.05690680709504,35.52925491187195,9.807028725829618,3.131617589334563
7.079999999999937,2.095920121116856,0.383357526255997,36.05690724319746,35.51530863226135,9.768731599957247,3.1254970164691
7.099999999999937,2.103503615428541,0.3748331933627926,36.05690751038329,35.50128365830817,9.7288332511157,3.119107765229618
7.119999999999936,2.110906884481595,0.3653240952523344,36.05690759933025,35.48720186438815,9.687390499543731,3.112457308870875
7.139999999999936,2.11810956757767,0.3547631345295395,36.05690750165776,35.47308542995418,9.644462283169975,3.105553458430554
7.159999999999935,2.125089928189068,0.34307980618695083,36.05690720995511,35.458956767266166,9.600109545815624,3.0984043547954845
7.179999999999935,2.1318247847170513,0.33020009078999313,36.05690671780503,35.44483844755903,9.554395119869412,3.091018459969046
7.1999999999999345,2.1382894391726945,0.31604635495876804,36.05690601980258,35.43075312593805,9.507383603783088,3.083404547538822
7.219999999999934,2.1444576041064347,0.3005372729519308,36.05690511156888,35.416723465298766,9.459141234778295,3.075571692348968
7.239999999999934,2.1503013280965284,0.283587765172965,36.056903989760144,35.40277205957634,9.409735757198568,3.0675292593875234
7.259999999999933,2.15579092025279,0.2651089609216065,36.05690265207173,35.388921356634455,9.359236286983526,3.0592868919052894
7.279999999999933,2.1608948742527385,0.24500818874538502,36.05690109723714,35.375193581108334,9.307713172785036,3.0508544987896484
7.299999999999932,2.1655797925320743,0.2231890024834536,36.05689932502213,35.361610657519634,9.255237854287367,3.0422422412239576
7.319999999999932,2.169810311344929,0.19955124503180047,36.05689733621407,35.34819413398179,9.201882718334781,3.0334605186708434
7.3399999999999315,2.1735490275674088,0.1739911581847561,36.05689513260615,35.334965106814344,9.147720953509864,3.024519954225772
7.359999999999931,2.17675642823607,0.14640154833746136,36.05689271697725,35.32194414638359,9.092826403843802,3.015431379395625
7.379999999999931,2.17939082395967,0.11667200976305757,36.05689009306688,35.309151224483095,9.037273422375623,3.0062058183656726
7.39999999999993,2.1814082875178835,0.08468922071661104,36.056887265545846,35.296605643563076,8.981136725310021,2.9968544718270893
7.41999999999993,2.182762599170199,0.050337319862667096,36.05688423998239,35.284325968111816,8.924491247552451,2.987388700446002
7.439999999999929,2.1834052003200073,0.013498369350029123,36.05688102280429,35.272329958483986,8.867412000425285,2.9778200080638326
7.459999999999929,2.1832851574840677,-0.025947078574103152,36.056877621257044,35.26063450746224,8.809973932388544,2.968160024727195
7.4799999999999285,2.1823491386619596,-0.06811930574216556,36.056874043357986,35.24925557982725,8.752251793603186,2.9584204896537587
7.499999999999928,2.1805414044541918,-0.11313862483723025,36.05687029784721,35.238208155200056,8.694320005182359,2.9486132342479845
7.519999999999928,2.177803816548426,-0.1611244465933146,36.05686639413484,35.227506174406955,8.636252533976283,2.9387501652873254
7.539999999999927,2.1740758663775432,-0.2121941932655139,36.05686234224544,35.21716248960282,8.578122773727914,2.928843248405062
7.559999999999927,2.169294727018675,-0.26646205649798627,36.05685815275939,35.2071888183729,8.520003433418655,2.9189044920001503
7.579999999999926,2.1633953316344834,-0.32403758571355307,36.05685383675179,35.19759570201668,8.461966433594485,2.908945931706962
7.599999999999926,2.1563104819560817,-0.38502409428647516,36.05684940572897,35.18839246819897,8.40408281142245,2.8989796155582828
7.6199999999999255,2.147970990463692,-0.4495168806829147,36.056844871562824,35.179587198135124,8.346422635173477,2.889017589973013
7.639999999999925,2.138305860124416,-0.5176012532429278,36.056840246423434,35.17118669845711,8.289054928759459,2.879071886695339
7.659999999999925,2.1272425055355284,-0.589350362068355,36.056835542709926,35.16319647788679,8.232047606868614,2.8691545108042917
7.679999999999924,2.1147070194461683,-0.6648228323785259,36.05683077297999,35.15562072882188,8.175467421142617,2.859277429901236
7.699999999999924,2.100624488447135,-0.7440602128316052,36.056825949878174,35.14846231391749,8.119379917720474,2.84945256456753
7.719999999999923,2.0849193615468624,-0.8270842451175474,36.05682108606308,35.141722757724814,8.063849406336844,2.8396917801650314
7.739999999999923,2.0675158749333957,-0.913893976200619,36.056816194133724,35.135402243424885,8.008938941005994,2.830006880028032
7.7599999999999225,2.0483385358890143,-1.0044627377868527,36.0568112865549,35.129499614673165,7.954710312146274,2.8204096000663226
7.779999999999922,2.027312668085835,-1.098735033613361,36.056806375582,35.124012382546965,7.901224049804464,2.810911604765341
7.799999999999922,2.0043650197614857,-1.1966233749450288,36.05680147318479,35.118936737564916,7.848539437425315,2.8015244845307556
7.819999999999921,1.979424435232344,-1.2980051203024705,36.05679659097051,35.11426756672423,7.796714535380526,2.7922597542815617
7.839999999999921,1.952422588934725,-1.4027193944460723,36.05679174010601,35.10999847547893,7.7458062132261425,2.783128853148223
7.85999999999992,1.9232947798006912,-1.5105641531400478,36.05678693123872,35.10612181455901,7.69587018940128,2.7741431450812484
7.87999999999992,1.8919807819694174,-1.6212934957509717,36.05678217441643,35.10262871150864,7.64696107681876,2.765313920121685
7.8999999999999195,1.8584257460776603,-1.7346153169493688,36.05677747900562,35.099509106799616,7.599132432536167,2.7566523960296783
7.919999999999919,1.8225811431402452,-1.8501894113988333,36.05677285360801,35.09675179435493,7.552436809440863,2.7481697199119384
7.939999999999919,1.784405740857961,-1.9676261485670719,36.056768305975424,35.094344466297436,7.506925807643672,2.7398769694356115
7.959999999999918,1.7438665998063037,-2.086485828289435,36.05676384292264,35.09227376171843,7.46265012306304,2.7317851531668884
7.979999999999918,1.7009400745538532,-2.206278852771376,36.05675947023832,35.090525319242964,7.419659590505632,2.723905209530176
7.999999999999917,1.6556128024006938,-2.3264668108439333,36.05675519259423,35.08908383315102,7.378003218422232,2.7162480038505747
8.019999999999918,1.6078826602452254,-2.446464596731974,36.056751013453045,35.087933112797266,7.337729212451961,2.7088243229216546
8.039999999999917,1.5577596681059414,-2.565643639672702,36.05674693497539,35.08705614505733,7.298884984874891,2.7016448665349952
8.059999999999917,1.5052668163135194,-2.683336315723238,36.05674295792713,35.0864351595148,7.261517147184546,2.6947202354204687
8.079999999999917,1.4504407922848315,-2.7988415804422964,36.056739081588084,35.08605169609069,7.2256714831773055,2.6880609150793635
8.099999999999916,1.3933325824596647,-2.911431818373045,36.056735303664006,35.08588667480675,7.191392900242023,2.681677255048046
8.119999999999916,1.3340079252943395,-3.0203608771771724,36.05673162020372,35.08592046736448,7.158725356924565,2.6755794432093705
8.139999999999915,1.2725475924388345,-3.1248731962908707,36.05672802552399,35.086132970214265,7.127711765337796,2.669777474872727
8.159999999999915,1.2090474773988282,-3.2242139053736723,36.05672451214491,35.08650367878307,7.098393867582756,2.6642811164707743
8.179999999999914,1.1436184740538133,-3.3176397060878102,36.05672107073886,35.08701176252451,7.070812086030557,2.6590998638694554
8.199999999999914,1.0763861314753866,-3.404430317527736,36.056717690096114,35.0876361404528,7.045005348070828,2.6542428954545265
8.219999999999914,1.0074900764392745,-3.4839002164815933,36.05671435711066,35.08835555682063,7.021010886739065,2.6497190203376406
8.239999999999913,0.9370832006518577,-3.555410371931283,36.05671105678895,35.089148656601736,6.998864019465782,2.645536622212171
8.259999999999913,0.8653306160204868,-3.6183796505901618,36.056707772284724,35.089994060441185,6.978597908013036,2.6417035995760454
8.279999999999912,0.7924083878631449,-3.6722955620150644,36.05670448496194,35.09087043874014,6.960243303445413,2.6382273032180934
8.299999999999912,0.7185020626680566,-3.71672400460619,36.05670117448758,35.091756584547205,6.943828280688088,2.6351144720273707
8.319999999999911,0.6438050134592862,-3.751317709290853,36.056697818955,35.092631484936014,6.929377967819414,2.6323711683232314
8.339999999999911,0.5685166317927175,-3.775823087815724,36.056694395037596,35.093474390556906,6.916914275699598,2.63000271400993
8.35999999999991,0.492840400614632,-3.7900852665537244,36.056690878171686,35.0942648830616,6.906455633823592,2.6280136289265306
8.37999999999991,0.41698188618365967,-3.7940511191551547,36.05668724276595,35.09498294011123,6.898016738386898,2.6264075727858573
8.39999999999991,0.34114669025741606,-3.7877702012402827,36.05668346243447,35.09560899769268,6.891608318456685,2.6251872920720696
8.41999999999991,0.26553840492248154,-3.7713935461159713,36.05667951024866,35.09612400948295,6.8872369258464765,2.624354573194422
8.439999999999909,0.19035661253175917,-3.7451703771710356,36.05667535900331,35.09650950301902,6.884904753808924,2.6239102030764934
8.459999999999908,0.11579497142932928,-3.7094428378930484,36.05667098149099,35.09674763244906,6.884609489006077,2.6238539381997
8.479999999999908,0.04203942527201563,-3.6646389404362463,36.056666350778926,35.09682122766143,6.886344200416068,2.624184482923422
8.499999999999908,-0.030733430628460675,-3.6112639591623497,36.05666144048228,35.09671383960979,6.890097267922798,2.6248994776796306
8.519999999999907,-0.10235779773844586,-3.549890563488396,36.0566562250282,35.09640978167547,6.895852352348439,2.6259954973968327
8.539999999999907,-0.17267991539245975,-3.4811480073962957,36.05665067990515,35.09589416693295,6.90358840766833,2.6274680602565526
8.559999999999906,-0.24155907893178472,-3.4057107003665505,36.056644781892984,35.095152941209456,6.913279735134268,2.629311646635725
8.579999999999906,-0.30886842599047554,-3.32428650478121,36.056638509269895,35.094172911855814,6.92489607806386,2.6315197278500233
8.599999999999905,-0.3744954885476086,-3.237605068262278,36.056631841993216,35.092941772172516,6.938402755164573,2.634084804095072
8.619999999999905,-0.43834251457959134,-3.146406497123087,36.05662476185229,35.091448121461866,6.953760829479964,2.636998450792105
8.639999999999905,-0.5003265686869294,-3.0514306205299837,36.05661725259234,35.08968148070435,6.970927309393582,2.6402513723874064
8.659999999999904,-0.5603794258899134,-2.953407075097269,36.05660930000925,35.08763230388446,6.9898553776175385,2.643833462534571
8.679999999999904,-0.618447276655094,-2.8530463705445634,36.05660089201618,35.08529198501765,7.010494643734264,2.647733869506953
8.699999999999903,-0.674490264208665,-2.7510320662788064,36.05659201868332,35.08265286095635,7.032791415651142,2.6519410656443974
8.719999999999903,-0.7284818771859524,-2.6480141384571083,36.0565826722529,35.0797082100784,7.056688985261681,2.656442919631755
8.739999999999903,-0.7804082216985795,-2.544603558125041,36.05657284713183,35.07645224698516,7.082127923672192,2.6612267704335517
8.759999999999902,-0.8302671972265728,-2.441368088355136,36.05656253986471,35.07288011336015,7.109046381533316,2.666279501765206
8.779999999999902,-0.8780676001360566,-2.338829243302793,36.05655174908991,35.068987865160516,7.137380390293192,2.671587616061504
8.799999999999901,-0.9238281775767572,-2.237460350153306,36.0565404754817,35.06477245633414,7.167064160543345,2.677137307002266
8.8199999999999,-0.9675766528145314,-2.137685616384158,36.056528721680806,35.06023171927376,7.198030374039731,2.6829145297679036
8.8399999999999,-1.0093487411226394,-2.039880099345534,36.05651649221628,35.05536434223643,7.230210466429935,2.6889050683186895
8.8599999999999,-1.04918717308778,-1.9443704582569121,36.05650379342065,35.05016984397168,7.263534898185597,2.695094599116253
8.8799999999999,-1.0871407398217225,-1.8514363707576311,36.056490633340445,35.0446485458149,7.29793341171038,2.701468750829885
8.899999999999899,-1.1232633721838312,-1.7613125007239845,36.056477021643914,35.03880154151328,7.333335273054683,2.708013159690086
8.919999999999899,-1.1576132637680643,-1.674190887609952,36.056462969527104,35.03263066506079,7.36966949710744,2.714713520264604
8.939999999999898,-1.1902520452001795,-1.5902236683155275,36.05644848961973,35.0261384568252,7.406865055544058,2.721555631535769
8.959999999999898,-1.221244015157668,-1.5095260171660054,36.05643359589146,35.0193281282547,7.444851067181548,2.7285254382507684
8.979999999999897,-1.2506554317789826,-1.4321792247574479,36.05641830355941,35.012203525453806,7.483556970722961,2.735609067597737
8.999999999999897,-1.2785538663327534,-1.3582338391737407,36.05640262899728,35.004769091918355,7.522912680161294,2.742792861329724
9.019999999999897,-1.3050076197377298,-1.2877127953190874,36.05638658964635,34.99702983071673,7.562848723357426,2.7500634035158944
9.039999999999896,-1.330085201216531,-1.2206144936448107,36.05637020392862,34.98899126640039,7.603296364508321,2.7574075441451016
9.059999999999896,-1.353854867481444,-1.1569157675712465,36.05635349116188,34.98065940691979,7.64418771138244,2.7648124188419074
9.079999999999895,-1.3763842199822514,-1.096574716682764,36.056336471477024,34.9720407058128,7.685455808321919,2.7722654649802063
9.099999999999895,-1.3977398572496609,-1.0395333792338188,36.056319165737115,34.96314202492252,7.727034716098463,2.779754434495692
9.119999999999894,-1.417987078857057,-0.9857202224160673,36.05630159545847,34.953970597888045,7.768859579766029,2.7872674037067253
9.139999999999894,-1.437189637336865,-0.935052440574615,36.05628378273313,34.944533994638,7.810866685681514,2.7947927804546646
9.159999999999894,-1.4554095341142574,-0.8874380630093772,36.05626575015309,34.93484008709993,7.852993508868882,2.8023193088705796
9.179999999999893,-1.4727068555930427,-0.8427778608548788,36.05624752073561,34.92489701632198,7.8951787518856795,2.8098360720664255
9.199999999999893,-1.489139645462829,-0.8009670618152256,36.056229117849895,34.91471316118399,7.937362376317527,2.8173324930361923
9.219999999999892,-1.504763809438443,-0.7618968805498195,36.05621056514462,34.90429710885575,7.979485627978722,2.8247983340370904
9.239999999999892,-1.5196330488061598,-0.7254558694750194,36.05619188647648,34.893657627139554,8.021491056838714,2.832223694703283
9.259999999999891,-1.5337988192720213,-0.6915311029156735,36.05617310583959,34.88280363881256,8.063322532627392,2.8395990091256533
9.279999999999891,-1.5473103119252833,-0.6600092027136046,36.056154247295474,34.87174419806322,8.104925256999156,2.846915042111225
9.29999999999989,-1.5602144532516122,-0.6307772229101513,36.05613533490399,34.86048846909344,8.146245773058764,2.8541628848155747
9.31999999999989,-1.5725559214577531,-0.6037233963091626,36.05611639265475,34.849045706936245,8.187231972972516,2.86133394992135
9.33999999999989,-1.5843771765556263,-0.5787377654836834,36.05609744439937,34.83742524051658,8.227833104308015,2.8684199665160635
9.35999999999989,-1.5957185019142617,-0.5557127019886329,36.05607851378436,34.825636457960755,8.26799977566589,2.8754129748030786
9.379999999999889,-1.606618055218724,-0.5345433289071859,36.0560596241848,34.81368879413893,8.307683962088248,2.8823053207611866
9.399999999999888,-1.6171119270002579,-0.5151278568153412,36.05604079863891,34.80159172040391,8.346839010652278,2.8890896508506407
9.419999999999888,-1.6272342050767215,-0.49736784095654435,36.05602205978351,34.789354736469285,8.385419646583989,2.8957589068470444
9.439999999999888,-1.6370170434892888,-0.4811683752953918,36.05600342979041,34.7769873643509,8.423381980156998,2.902306320869146
9.459999999999887,-1.646490734672992,-0.46643822245753924,36.05598493030412,34.76449914427708,8.460683514574933,2.908725410652393
9.479999999999887,-1.6556837837356435,-0.4530898976099592,36.05596658238074,34.75189963245596,8.497283154973928,2.9150099751071057
9.499999999999886,-1.664622983948254,-0.44103970472934045,36.05594840642818,34.739198400572015,8.533141218623669,2.9211540901882715
9.519999999999886,-1.6733334925982093,-0.4302077383406012,36.05593042214815,34.72640503686959,8.568219446351842,2.9271521050932496
9.539999999999885,-1.6818389065466444,-0.4205178541361143,36.055912648479655,34.713529148667284,8.602481015167855,2.932998638794068
9.559999999999885,-1.690161336886725,-0.4118976089655285,36.05589510354454,34.70058036613554,8.635890552016729,2.938688576902413
9.579999999999885,-1.698321482263353,-0.4042781853678124,36.05587780459504,34.68756834715911,8.66841414855386,2.9442170688578413
9.599999999999884,-1.7063387004220034,-0.39759429378812333,36.055860767963615,34.674502783096926,8.70001937679511,2.9495795254230917
9.619999999999884,-1.7142310776918093,-0.39178406327928755,36.05584400901511,34.661393405244795,8.730675305464754,2.954771616464588
9.639999999999883,-1.7220154961481555,-0.38678891761462925,36.055827542101724,34.64824999179986,8.760352516835853,2.959789268991266
9.659999999999883,-1.7297076982491548,-0.3825534498283264,36.05581138052057,34.63508237512181,8.789023123833537,2.9646286654206015
9.679999999999882,-1.7373223488221134,-0.37902528056486595,36.05579553647437,34.62190044908269,8.816660787151354,2.969286242037193
9.699999999999882,-1.7448730942750412,-0.37615492289346253,36.05578002103517,34.608714176295926,8.843240732114108,2.9737586876063276
9.719999999999882,-1.7523726189655096,-0.37389563591452357,36.055764844111515,34.595533595015304,8.868739765007291,2.9780429421026304
9.739999999999881,-1.7598326987173891,-0.37220328192765756,36.055750014419104,34.582368825496374,8.893136288583317,2.9821361955120893
9.75999999999988,-1.767264251427386,-0.37103618265553956,36.055735539454986,34.569230075616,8.916410316447909,2.9860358866644434
9.77999999999988,-1.7746773848214046,-0.37035497500622516,36.055721425475774,34.55612764555049,8.938543486026264,2.9897397020520473
9.79999999999988,-1.7820814413231398,-0.3701224690952709,36.05570767747964,34.5430719313187,8.959519069807968,2.9932455745908935
9.81999999999988,-1.789485040138657,-0.3703035091648857,36.05569429919254,34.530073427004474,8.979321984571522,2.9965516822794034
9.839999999999879,-1.7968961165477215,-0.37086483663574066,36.055681293058534,34.517142725481214,8.99793879829429,2.9996564467109046
9.859999999999879,-1.804321958505354,-0.3717749543522405,36.05566866023452,34.50429051747233,9.01535773446085,3.002558531396324
9.879999999999878,-1.8117692405647603,-0.3730039983588062,36.055656400589285,34.4915275887922,9.031568673492938,3.0052568398546136
9.899999999999878,-1.8192440552375406,-0.3745236076638842,36.05564451270708,34.47886481562584,9.046563151036136,3.007750513429619
9.919999999999877,-1.8267519418141986,-0.37630680049238935,36.055632993895756,34.46631315771884,9.060334352853312,3.0100389287936644
9.939999999999877,-1.8342979127483419,-0.37832785468806807,36.05562184019927,34.453883649364634,9.072877106091452,3.012121695099893
9.959999999999877,-1.8418864776364499,-0.38056218788416724,36.055611046415066,34.44158738809223,9.084187866707484,3.013998650747456
9.979999999999876,-1.8495216648859987,-0.38298624455150587,36.055600606115725,34.42943552097429,9.094264702859443,3.0156698597259353
9.999999999999876,-1.8572070411235184,-0.38557738357822885,36.055590511675284,34.417439228493706,9.103107274092094,3.017135607507905
10.019999999999875,-1.8649457283888378,-0.388313769680786,36.055580754300074,34.405609705925194,9.110716806170535,3.0183963964612954
10.039999999999875,-1.8727404191995716,-0.3911742684086127,36.05557132406388,34.39395814220768,9.117096061441222,3.019452940756193
10.059999999999874,-1.8805933895020823,-0.39413834023863903,36.05556220994738,34.382495696303145,9.122249304627482,3.0203061607438877
10.079999999999874,-1.888506509581768,-0.3971859412921061,36.05555339988195,34.37123347105755,9.126182263995176,3.020957176789366
10.099999999999874,-1.8964812529606527,-0.4002974228114851,36.055544880797285,34.36018248459992,9.12890208785419,3.021407302542011
10.119999999999873,-1.9045187033106261,-0.40345343302123826,36.05553663867312,34.34935363933629,9.130417296392142,3.021658037633005
10.139999999999873,-1.9126195594333562,-0.406634819990715,36.05552865859445,34.33875768861543,9.130737728868409,3.021711059791854
10.159999999999872,-1.9207841383022977,-0.40982253688387876,36.055520924810395,34.328405201163825,9.129874486228529,3.0215682163784634
10.179999999999872,-1.9290123762057851,-0.4129975463795985,36.05551342079628,34.31830652340727,9.127839869231668,3.0212315153314
10.199999999999871,-1.9373038279940384,-0.41614072589814227,36.05550612931868,34.308471739815836,9.124647312216233,3.020703115537214
10.219999999999871,-1.9456576644256252,-0.41923277363236083,36.05549903250328,34.29891063142813,9.120311312661196,3.0199853166300654
10.23999999999987,-1.9540726676314728,-0.4222541129309942,36.055492111905195,34.28963263272864,9.114847356732856,3.019080548235316
10.25999999999987,-1.9625472246758886,-0.4251847970525312,36.055485348581456,34.280646787069294,9.10827184103807,3.017991358675182
10.27999999999987,-1.9710793191902363,-0.4280044140231441,36.05547872316531,34.27196170084269,9.100601990835813,3.016720403159002
10.29999999999987,-1.9796665210935551,-0.4306919876758479,36.055472215942174,34.263585496629425,9.091855774988517,3.015270431485129
10.319999999999869,-1.9883059743219194,-0.43322587952855296,36.05546580692669,34.2555257655557,9.082051817962986,3.0136442752858184
10.339999999999868,-1.9969943825846628,-0.4355836884147778,36.055459475940715,34.247789519110285,9.071209309217737,3.011844834850849
10.359999999999868,-2.0057279930756655,-0.4377421471769274,36.05545320269174,34.24038314068025,9.059347910338793,3.0098750655697977
10.379999999999868,-2.0145025781082793,-0.4396770162883985,36.05544696685164,34.23331233707555,9.046487660309554,3.007737964037019
10.399999999999867,-2.0233134146134533,-0.44136297875905905,36.055440748135005,34.22658209031931,9.032648879321846,3.0054365538673156
10.419999999999867,-2.032155261461054,-0.44277352754285365,36.05543452637717,34.2201966099882,9.017852071554696,3.002973871274057
10.439999999999866,-2.0410223345268816,-0.44388085085719503,36.05542828161114,34.21415928639161,9.002117827364538,3.0003529504650843
10.459999999999866,-2.0499082794582253,-0.4446557168881086,36.055421994143444,34.20847264488148,8.985466725345567,2.9975768089150887
10.479999999999865,-2.058806142032456,-0.4450673515672955,36.05541564462827,34.20313830158674,8.967919234731452,2.9946484325762603
10.499999999999865,-2.0677083361018664,-0.4450833140034909,36.055409214139715,34.19815692086585,8.949495618619881,2.9915707610918854
10.519999999999865,-2.076606608961704,-0.4446693680031071,36.055402684241876,34.19352817476983,8.930215838509207,2.988346673080151
10.539999999999864,-2.0854920041492866,-0.44378935166757316,36.055396037056255,34.189250704805254,8.91009946064209,2.9849789715577715
10.559999999999864,-2.0943548215311645,-0.4424050373509838,36.055389255326375,34.185322086282,8.889165564654247,2.981470369575094
10.579999999999863,-2.1031845746432,-0.4404759952495467,36.05538232247925,34.18173879552539,8.867432655027654,2.977823476136162
10.599999999999863,-2.1119699451784717,-0.4379594467405014,36.05537522268342,34.17849618022541,8.844918575846686,2.974040782478728
10.619999999999862,-2.120698734576324,-0.4348101201189135,36.055367940903466,34.1755884331875,8.821640429353128,2.9701246487905397
10.639999999999862,-2.1293578126304564,-0.4309800973761161,36.05536046295036,34.17300856974089,8.797614498791585,2.9660772914392477
10.659999999999862,-2.1379330630542905,-0.42641866354637536,36.05535277552804,34.17074840905073,8.772856176031231,2.9619007707941925
10.679999999999861,-2.1464093259914634,-0.4210721496321998,36.05534486627552,34.168798559569375,8.747379894442854,2.957596979718984
10.69999999999986,-2.154770337385595,-0.4148837790991879,36.05533672380463,34.16714840885137,8.721199067502479,2.9531676328143783
10.71999999999986,-2.162998665252672,-0.40779350942542236,36.05532833773317,34.16578611794538,8.694326033584106,2.948614256491362
10.73999999999986,-2.171075642820089,-0.39973787916113707,36.05531969871336,34.164698620563556,8.666772007395418,2.943938179954772
10.75999999999986,-2.178981298603891,-0.39064985332228147,36.05531079845552,34.16387162721739,8.63854703850104,2.9391405271781474
10.779999999999859,-2.186694283468869,-0.380458676837666,36.055301629746886,34.16328963449611,8.609659977369153,2.9342222099509017
10.799999999999859,-2.1941917947966796,-0.3690897342708797,36.0552921864655,34.16293593965159,8.580118449368449,2.9291839220793987
10.819999999999858,-2.2014494979115677,-0.3564644148361892,36.055282463589315,34.16279266064079,8.549928837134614,2.9240261348241425
10.839999999999858,-2.2084414449938556,-0.3424999951033799,36.05527245720013,34.16284076176462,8.519096271718114,2.9187490936560674
10.859999999999857,-2.2151399917177175,-0.3271095326911083,36.05526216448289,34.16306008502944,8.487624632918871,2.913352816415971
10.879999999999857,-2.2215157120148583,-0.310201782797801,36.05525158372002,34.16342938734507,8.455516559208146,2.9078370929624215
10.899999999999856,-2.227537311363118,-0.29168113690725894,36.05524071428096,34.16392638366089,8.422773467633764,2.9022014863950716
10.919999999999856,-2.2331715391386138,-0.2714475915999039,36.05522955660705,34.16452779612926,8.389395584101841,2.8964453359422895
10.939999999999856,-2.238383100702319,-0.2493967526416127,36.055218112191874,34.165209409372785,8.355381984426051,2.890567761604293
10.959999999999855,-2.243134569967422,-0.2254198805471514,36.055206383557085,34.165946131919554,8.320730646534226,2.884567670645677
10.979999999999855,-2.2473863033670702,-0.19940398744081697,36.055194374223944,34.16671206385713,8.28543851422136,2.878443766034237
10.999999999999854,-2.2510963562891635,-0.1712319882327284,36.05518208868078,34.16748057074259,8.24950157283741,2.87219455692636
11.019999999999854,-2.2542204032499766,-0.14078292259255468,36.055169532346376,34.1682243637911,8.21291493729718,2.8658183713028955
11.039999999999853,-2.2567116632067985,-0.107932252111156,36.05515671152974,34.16891558635024,8.175672952797411,2.8593133708632585
11.059999999999853,-2.2585208316983434,-0.07255224558933032,36.05514363338613,34.16952590664994,8.137769308621982,2.8526775682894803
11.079999999999853,-2.259596021672575,-0.03451246498652766,36.05513030586994,34.170026616799234,8.099197165408881,2.8459088469957856
11.099999999999852,-2.259882715139248,0.006319635762103303,36.0551167376843,34.17038873798002,8.059949296241339,2.8390049834830053
11.119999999999852,-2.2593237280427307,0.05007798439503187,36.055102938227904,34.17058313176415,8.020018241908467,2.8319636724203345
11.139999999999851,-2.257859191016628,0.09689702814244537,36.05508891753927,34.170580617453886,7.97939648065646,2.82478255457946
11.159999999999851,-2.255426548975545,0.14691070782358787,36.055074686238484,34.17035209531487,7.938076612718398,2.817459247747587
11.17999999999985,-2.251960582806313,0.2002512711346177,36.055060255467005,34.169868675536996,7.896051559866021,2.8099913807458594
11.19999999999985,-2.2473934566799745,0.2570478975632165,36.05504563682547,34.169101812718786,7.853314780169376,2.802376630677857
11.21999999999985,-2.2416547948189667,0.31742512368887293,36.05503084231011,34.16802344562741,7.80986049807657,2.7946127635285305
11.23999999999985,-2.234671791801615,0.38150106047482707,36.05501588424761,34.166606141936,7.765683949833731,2.7866976782266373
11.259999999999849,-2.2263693607418604,0.4493853910110235,36.05500077522911,34.164823247584195,7.720781644152005,2.7786294542727363
11.279999999999848,-2.2166703238378376,0.5211771329429079,36.05498552804312,34.16264904034496,7.675151637890642,2.770406403019355
11.299999999999848,-2.205495649934704,0.5969621715193064,36.05497015560802,34.160058887111255,7.628793826360315,2.7620271226692026
11.319999999999848,-2.1927647438245117,0.6768105580587904,36.054954670903825,34.1570294043388,7.581710247655798,2.7534905570304393
11.339999999999847,-2.1783957918654417,0.7607735773562996,36.05493908690387,34.153538620997175,7.5339054001988925,2.744796058033983
11.359999999999847,-2.1623061684304408,0.8488806012002157,36.05492341650608,34.149566143289114,7.485386572408897,2.7359434519757344
11.379999999999846,-2.1444129072738205,0.941135747963695,36.05490767246408,34.14509332029881,7.4361641831166665,2.7269331093953637
11.399999999999846,-2.1246332414583056,1.0375143730855263,36.05489186731819,34.140103409623705,7.386252130997871,2.7177660184419614
11.419999999999845,-2.1028852147108905,1.1379594412329783,36.054876013325995,34.13458174193134,7.335668150921122,2.7084438615044473
11.439999999999845,-2.0790883661932793,1.2423778251955429,36.054860122392554,34.12851588326493,7.28443417468741,2.698969094800348
11.459999999999845,-2.053164489413798,1.3506366038045086,36.05484420599985,34.121895793798394,7.232576693181111,2.6893450305197195
11.479999999999844,-2.0250384645813515,1.4625594363844798,36.05482827513529,34.114713981616816,7.180127116462673,2.679575921011135
11.499999999999844,-1.9946391618947057,1.5779231083448269,36.054812340218795,34.1069656499716,7.127122127815688,2.6696670443738273
11.519999999999843,-1.9619004112977265,1.6964543602030595,36.05479641102798,34.09864883633544,7.073604027223218,2.659624790684434
11.539999999999843,-1.926762031847757,1.817827119864523,36.054780496621156,34.089764541461825,7.019621059201325,2.649456747939344
11.559999999999842,-1.889170911315219,1.9416602680299844,36.054764605257326,34.080316846540946,6.965227719375014,2.639171786635916
11.579999999999842,-1.849082123907897,2.0675160848375,36.05474874431307,34.07031301644258,6.910485033659105,2.6287801417499916
11.599999999999842,-1.8064600710723098,2.194899521392409,36.05473292019572,34.059763586949956,6.855460803423718,2.6182934906965105
11.619999999999841,-1.7612796274161644,2.3232584395467804,36.05471713825249,34.04868243382225,6.8002298096026195,2.6077250256886018
11.63999999999984,-1.7135272709239913,2.451984964906089,36.0547014026759,34.03708682148137,6.744873968367497,2.5970895187435294
11.65999999999984,-1.6632021739117377,2.5804180794211447,36.05468571640539,34.0249974291062,6.689482430768144,2.5864033774274544
11.67999999999984,-1.6103172288871002,2.707847555265093,36.05467008102583,34.01243835194018,6.634151618655702,2.5756846892924807
11.69999999999984,-1.5548999815457096,2.833519314620209,36.05465449666415,33.99943707568042,6.578985189290234,2.5649532528469665
11.719999999999839,-1.4969934420360502,2.9566422496882527,36.05463896188537,33.986024421924974,6.524093921311757,2.5542305928227695
11.739999999999839,-1.4366567451792436,3.076396499625018,36.05462347359031,33.97223446281243,6.469595515248834,2.5435399574704607
11.759999999999838,-1.3739656310440087,3.1919431253743524,36.05460802691758,33.95810440320119,6.41561430246974,2.5329062956354584
11.779999999999838,-1.3090127188696994,3.3024350735034007,36.05459261515281,33.94367442900635,6.362280857461735,2.5223562114542295
11.799999999999837,-1.241907550339127,3.40702924688726,36.05457722964923,33.928987520643936,6.3097315095587465,2.5119178946690806
11.819999999999837,-1.172776382187015,3.504899454302793,36.05456185976306,33.91408923092655,6.258107751723561,2.5016210248004316
11.839999999999836,-1.1017617134311941,3.5952499464305485,36.05454649280842,33.89902742721078,6.207555545712989,2.491496647742675
11.859999999999836,-1.0290215388146775,3.677329197670994,36.05453111403581,33.88385199811395,6.158224524888171,2.481577023766978
11.879999999999836,-0.9547283272555424,3.7504435594859737,36.05451570663824,33.868614525692,6.110267098040976,2.4718954464218297
11.899999999999835,-0.879067731896105,3.8139703789083796,36.054500251788724,33.85336792459494,6.063837459843988,2.4624860324160194
11.919999999999835,-0.8022370465423501,3.8673701718263316,36.05448472871207,33.83816605038464,6.019090515839208,2.453383483240891
11.939999999999834,-0.7244434313796628,3.9101974567595796,36.05446911479285,33.82306327989965,5.976180732194715,2.444622820026581
11.959999999999834,-0.64590193860639,3.942109873773206,36.05445338572054,33.80811406727061,5.935260922709305,2.43623909391285
11.979999999999833,-0.5668333755081538,3.962875271481263,36.0544375156712,33.79337247991273,5.896480987659898,2.4282670750269415
11.999999999999833,-0.4874620483169883,3.972376505397375,36.05442147752387,33.77889171953006,5.859986620993062,2.4207409239720517
12.019999999999833,-0.4080134344703642,3.970613777338293,36.05440524310854,33.76472363384068,5.825918003992135,2.413693850510486
12.039999999999832,-0.3287118335266338,3.957704426122087,36.05438878348089,33.750918225351185,5.794408504842651,2.4071577648427307
12.059999999999832,-0.2497780477485479,3.9338801768365292,36.05437206921816,33.73752316405044,5.765583404418292,2.401162927503732
12.079999999999831,-0.17142714222099137,3.89948196299643,36.05435507072964,33.72458331133383,5.739558669075626,2.3957376043873473
12.099999999999831,-0.09386633149146835,3.8549524949996443,36.05433775857439,33.71214026278818,5.716439791248783,2.390907733738126
12.11999999999983,-0.017293035006960108,3.8008268555194333,36.05432010377874,33.70023191764201,5.696320718159567,2.386696612089515
12.13999999999983,0.05810686227006679,3.7377214510363483,36.05430207814635,33.68889208269809,5.679282888001704,2.383124606058547
12.15999999999983,0.13216051491065822,3.666321689991065,36.054283654553615,33.678150118398555,5.665394391531242,2.38020889661627
12.17999999999983,0.20470936626663397,3.5873687943774026,36.05426480722447,33.66803063431514,5.654709275122506,2.377963261937094
12.199999999999829,0.27561012874806595,3.5016461563580403,36.05424551197916,33.658553240801936,5.647266999065626,2.3763979041956813
12.219999999999828,0.34473548994521774,3.409965632956657,36.054225746453035,33.64973236279437,5.643092062233908,2.375519324744362
12.239999999999828,0.41197454721862836,3.313154156179175,36.05420549028228,33.641577120789485,5.642193801292576,2.3753302509951277
12.259999999999827,0.47723298037434797,3.212040984052478,36.05418472525531,33.63409128291394,5.644566369418187,2.3758296170849853
12.279999999999827,0.5404329781727949,3.1074458726654175,36.05416343542923,33.627273290692976,5.6501888961213345,2.377012599066596
12.299999999999827,0.6015129394388762,3.0001683952721194,36.05414160721201,33.62111635970542,5.659025826289943,2.3788707039874915
12.319999999999826,0.6604269733718179,2.890978569309111,36.05411922941228,33.61560865477685,5.671027433077594,2.381391910853313
12.339999999999826,0.7171442263414697,2.780608888145522,36.05409629325891,33.610733537765164,5.686130495834148,2.384560860165693
12.359999999999825,0.7716480639010908,2.669747814403748,36.05407279239349,33.606469884372984,5.7042591309987,2.388359087532421
12.379999999999825,0.8239351372055107,2.5590347208817636,36.05404872283897,33.602792464826855,5.7253257608314705,2.3927652958097396
12.399999999999824,0.8740143624361294,2.44905624157125,36.054024082947976,33.59967238174279,5.749232202131229,2.3977556593888436
12.419999999999824,0.9219058405588972,2.3403439379895397,36.05399887333436,33.59707755710042,5.775870854743144,2.403304153606685
12.439999999999824,0.9676397427766934,2.233373178752688,36.05397309679128,33.59497325902135,5.805125967774276,2.4093829018597845
12.459999999999823,1.0112551845460196,2.1285630976267598,36.05394675819915,33.593322658034865,5.836874960056021,2.4159625328336576
12.479999999999823,1.0527991084296346,2.026277489205512,36.053919864426,33.59208740175312,5.87098977056642,2.423012540323805
12.499999999999822,1.0923251929850255,1.926826499032991,36.05389242422308,33.59122819640013,5.907338214277641,2.4305016384025833
12.519999999999822,1.1298928021505705,1.8304689547997175,36.053864448117615,33.59070538346399,5.945785319235098,2.438398105157379
12.539999999999822,1.1655659865451904,1.73741520556043,36.05383594830455,33.5904794998829,5.986194621597227,2.4466701088616802
12.559999999999821,1.199412545526918,1.647830335758543,36.05380693853852,33.59051181063211,6.028429396843332,2.4552860112099633
12.57999999999982,1.2315031562473673,1.5618376342176092,36.053777434027324,33.59076480333998,6.0723538073482155,2.4642146431161827
12.59999999999982,1.2619105737592025,1.4795222127121752,36.05374745132741,33.59120263560669,6.117833948967444,2.4734255495097166
12.61999999999982,1.2907089042081552,1.4009346814232033,36.05371700824206,33.59179152699451,6.164738782102538,2.482889200528799
12.63999999999982,1.3179729514582095,1.3260948074510177,36.05368612372235,33.59250008916487,6.212940935836064,2.492577167478685
12.659999999999819,1.3437776361556533,1.25499508638619,36.05365481777127,33.593299589305005,6.262317377048887,2.502462262862097
12.679999999999819,1.3681974849342171,1.1876041824505306,36.05362311135067,33.594164143761404,6.312749939856635,2.5125186446784102
12.699999999999818,1.3913061867799201,1.1238701943941232,36.053591026291116,33.5950708406225,6.364125714129612,2.5227218860051956
12.719999999999818,1.4131762127214138,1.0637237207349235,36.05355858520446,33.595999791808474,6.416337295191407,2.533049011604672
12.739999999999817,1.4338784946715675,1.0070807058653026,36.05352581139876,33.59693411697685,6.469282899933838,2.543478503926038
12.759999999999817,1.4534821588553195,0.9538450543387825,36.05349272879535,33.5978598631833,6.52286635745571,2.5539902813941384
12.779999999999816,1.4720543092276563,0.9039110106186933,36.05345936184792,33.598765865702006,6.5769969848579395,2.5645656522807014
12.799999999999816,1.4896598561112335,0.8571653061190371,36.05342573546323,33.599643556666905,6.63158936094979,2.575187247745257
12.819999999999816,1.5063613854999833,0.8134890773758326,36.05339187492316,33.600486729214595,6.68656301229685,2.585838937810484
12.839999999999815,1.52221906450807,0.7727595652395811,36.053357805808155,33.601291265568356,6.74184202724497,2.596505734105929
12.859999999999815,1.5372905787264988,0.7348516090596185,36.05332355392159,33.60205483799004,6.797354614275168,2.6071736831816876
12.879999999999814,1.5516310974416638,0.6996389400199616,36.05328914521507,33.60277659174101,6.853032621288781,2.6178297540689655
12.899999999999814,1.5652932629840244,0.6669953026605274,36.0532546057146,33.60345681914203,6.908811032211223,2.6284617235583294
12.919999999999813,1.5783272007311013,0.6367954027049936,36.053219961447326,33.604096633523106,6.9646274566708355,2.6390580623909803
12.939999999999813,1.5907805465913738,0.6089157093845333,36.053185238369174,33.60469765133143,7.020421627502773,2.64960782522674
12.959999999999813,1.6026984891425093,0.5832351201478548,36.053150462292884,33.60526168994851,7.076134919501572,2.6601005468781764
12.979999999999812,1.614123823750601,0.5596354978134338,36.05311565881692,33.60579048789249,7.131709901261136,2.670526146897112
12.999999999999812,1.625097016459409,0.5380021103620992,36.053080853254976,33.6062854530844,7.187089930162857,2.6808748441810666
13.019999999999811,1.6356562755300161,0.5182239609908768,36.053046070566346,33.6067474437774,7.242218798667096,2.691137082845669
13.03999999999981,1.6458376288461651,0.5001940436108672,36.053011335287046,33.607176585623236,7.2970404380957845,2.701303470196524
13.05999999999981,1.6556750056274623,0.483809522100314,36.052976671461984,33.607572127216926,7.351498684124989,2.7113647272406913
13.07999999999981,1.6652003210480804,0.46897184303116807,36.05294210257828,33.60793233535208,7.405537106292456,2.7213116518128637
13.09999999999981,1.6744435626033725,0.4555867975770022,36.052907651499616,33.60825443016437,7.459098902014841,2.7311350940615955
13.11999999999981,1.6834328772173415,0.44356453613551816,36.05287334040224,33.60853455936488,7.512126853943835,2.7408259437519624
13.139999999999809,1.6921946582210052,0.43281954271277273,36.05283919071235,33.60876780988779,7.564563348001985,2.7503751285964584
13.159999999999808,1.700753631511142,0.4232705770711906,36.05280522304525,33.60894825451243,7.616350448151415,2.7597736226276632
13.179999999999808,1.7091329402690558,0.41484059216359404,36.0527714571465,33.60906903037908,7.6674300228766485,2.769012463474415
13.199999999999807,1.7173542277732199,0.4074566262244065,36.0527379118352,33.609122445804786,7.717743917513436,2.77808277729686
13.219999999999807,1.7254377179272287,0.4010496800660275,36.052704604949426,33.609100111420915,7.767234165927825,2.7869758100722413
13.239999999999807,1.733402293147322,0.39555458143380345,36.05267155329439,33.6089930913961,7.815843234636895,2.7956829638993215
13.259999999999806,1.7412655694275383,0.390909835661483,36.05263877259331,33.608792070368146,7.863514292251756,2.8041958370006466
13.279999999999806,1.7490439683736232,0.3870574719285519,36.052606277441086,33.608487531679614,7.910191497097619,2.8125062661437075
13.299999999999805,1.756752786098915,0.3839428845519367,36.052574081261284,33.608069942582084,7.955820296005064,2.820606370269532
13.319999999999805,1.7644062588850935,0.381514668697027,36.05254219626636,33.60752994223142,8.000347727548233,2.8284885942050804
13.339999999999804,1.7720176255831857,0.3797244591350938,36.05251063342146,33.60685852852794,8.043722723406976,2.836145751439262
13.359999999999804,1.7795991867427898,0.3785267638046409,36.05247940241204,33.60604724014802,8.085896402026366,2.8435710650564663
13.379999999999804,1.7871623604655278,0.37787880315375505,36.052448511615275,33.60508833045327,8.12682234931642,2.850758206042108
13.399999999999803,1.794717735046619,0.37774034941411866,36.052417968075574,33.60397493033852,8.166456881754609,2.85770132829773
13.419999999999803,1.8022751184382027,0.37807356969160805,36.0523877774845,33.60270119747785,8.204759287904068,2.8643950998254533
13.439999999999802,1.8098435845856422,0.37884287192784677,36.052357944164875,33.60126244983729,8.241692045023145,2.8708347296601984
13.459999999999802,1.8174315167558281,0.38001475498603654,36.052328471059646,33.599655281735124,8.277221008100684,2.8770159902407015
13.479999999999801,1.8250466478826646,0.38155766324464757,36.05229935972511,33.59787766113645,8.311315569293216,2.8829352350153856
13.499999999999801,1.8326960980684122,0.3834418450905097,36.052270610329224,33.59592900726009,8.34394878635342,2.888589411175188
13.5199999999998,1.8403864092742395,0.3856392163581572,36.052242221654446,33.59381024794854,8.37509747921499,2.893976067491746
13.5399999999998,1.848123577345871,0.38812322770677754,36.052214191105655,33.59152385659864,8.404742294430916,2.89909335731551
13.5599999999998,1.8559130814171954,0.3908687368051741,36.05218651472291,33.58907386877033,8.432867737644997,2.9039400368542387
13.5799999999998,1.8637599108060252,0.39385188331269494,36.05215918719916,33.58646587887849,8.459462174707904,2.9085154589081874
13.599999999999799,1.8716685894671756,0.3970499721644923,36.05213220190286,33.58370701762927,8.484517802427211,2.9128195622844903
13.619999999999798,1.8796431981034214,0.40044135405562636,36.05210555090557,33.58080591108418,8.508030590266271,2.916852857150369
13.639999999999798,1.887687393985617,0.40400531717484855,36.05207922501428,33.57777262242454,8.530000194580259,2.9206164066135525
13.659999999999798,1.8958044285847835,0.40772197476591787,36.05205321380861,33.57461857764542,8.550429847201361,2.924111804839439
13.679999999999797,1.9039971630410224,0.41157216350617987,36.052027505682524,33.57135647653269,8.569326220361711,2.92734115202887
13.699999999999797,1.9122680815747752,0.41553733762182604,36.05200208789073,33.568000190371784,8.586699270075455,2.930307026588759
13.719999999999796,1.920619302849492,0.41959947150088683,36.05197694659932,33.564564647903545,8.60256206019364,2.933012454830978
13.739999999999796,1.9290525893815775,0.42374095888550584,36.051952066940615,33.56106571108323,8.616930569401488,2.9354608785336396
13.759999999999796,1.9375693549811903,0.42794452026518653,36.05192743307208,33.557520042215685,8.629823483450762,2.937656120693973
13.779999999999795,1.9461706703200696,0.43219310558916474,36.05190302823885,33.55394496403557,8.641261974913801,2.9396023497938972
13.799999999999795,1.9548572665951225,0.4364698020055572,36.05187883483988,33.550358314278505,8.651269472714723,2.941304042888923
13.819999999999794,1.963629537363842,0.44075774226816095,36.05185483449727,33.54677829624932,8.65987142364007,2.942765947818492
13.839999999999794,1.9724875385103793,0.4450400119442647,36.051831008128545,33.54322332683976,8.667095047959796,2.9439930448219127
13.859999999999793,1.9814309863976443,0.4492995577969435,36.05180733602158,33.539711883383035,8.672969091202246,2.944990507828887
13.879999999999793,1.990459254169783,0.4535190954565745,36.05178379791186,33.53626235065664,8.677523574027479,2.9457636656777946
13.899999999999793,1.99957136621155,0.4576810185959531,36.05176037306162,33.5328928692627,8.680789542033473,2.9463179634984193
13.919999999999792,2.0087659907552644,0.46176730218953194,36.05173704034078,33.529621186525745,8.682798817212678,2.9466589244791597
13.939999999999792,2.018041430593544,0.4657594106370755,36.05171377830901,33.52646451095567,8.68358375265336,2.9467921122219263
13.959999999999791,2.027395611882173,0.4696382006263267,36.051690565298685,33.52343937122779,8.683176991953816,2.946723093871193
13.97999999999979,2.036826070996099,0.47338382037435733,36.05166737949847,33.52056148053587,8.681611234688724,2.946457404187056
13.99999999999979,2.0463299393832344,0.47697561185909987,36.05164419903697,33.51784560707755,8.678919009137813,2.94600051071581
14.01999999999979,2.055903926377618,0.48039200453969116,36.05162100206616,33.51530545133658,8.675132453358454,2.9453577801955495
14.03999999999979,2.065544299897091,0.4836104091704318,36.05159776684417,33.5129535307336,8.670283105557042,2.944534446318644
14.059999999999789,2.075246864970993,0.48660710696754994,36.05157447181713,33.51080107212704,8.664401704590208,2.943535578957762
14.079999999999789,2.0850069400185527,0.48935713641274586,36.05155109569963,33.50885791256019,8.657518001306688,2.9423660549473936
14.099999999999788,2.0948193308032854,0.49183417292716314,36.05152761755341,33.50713240856815,8.649660581324987,2.941030530498619
14.119999999999788,2.104678301955402,0.49401040769847815,36.05150401686406,33.50563135428193,8.640856699731447,2.9395334153112542
14.139999999999787,2.114577546007315,0.4958564179167404,36.051480273615184,33.504359908494806,8.631132128078631,2.937878848434467
14.159999999999787,2.1245101497918264,0.49734103378570005,36.05145636835997,33.50332153079002,8.620511013965382,2.9360706759145603
14.179999999999787,2.134468558158561,0.49843120210877606,36.05143228228948,33.502517926768164,8.609015753388501,2.9341124302569765
14.199999999999786,2.1444445348242382,0.49909183939950114,36.05140799729788,33.5019490023581,8.596666875971485,2.932007311718626
14.219999999999786,2.15442912030923,0.4992856844784406,36.05138349604369,33.50161282714626,8.583482943099147,2.929758171436535
14.239999999999785,2.164412586821334,0.49897313970340634,36.05135876200757,33.50150560661671,8.56948045891825,2.927367496389589
14.259999999999785,2.1743843899388633,0.4981121124408754,36.05133377954557,33.5016216631576,8.554673794103929,2.924837396181868
14.279999999999784,2.1843331170120357,0.49665784446820216,36.051308533938446,33.50195342565898,8.539075122239915,2.9221695916287804
14.299999999999784,2.194246432143698,0.4945627398478895,36.051283011436134,33.50249142750219,8.52269436861786,2.9193654051210958
14.319999999999784,2.2041110176485708,0.491776185121385,36.051257199297865,33.50322431272232,8.50553917122717,2.9164257527369304
14.339999999999783,2.213912511853672,0.4882443637236118,36.05123108582723,33.50413885011198,8.487614853682574,2.9133511380680797
14.359999999999783,2.223635443176074,0.48391006945856635,36.0512046604026,33.50521995502748,8.468924409821517,2.910141647724646
14.379999999999782,2.2332631603623003,0.4787125089017447,36.05117791350222,33.506450718655984,8.44946849969853,2.906796948481013
14.399999999999782,2.2427777588217515,0.47258710892482353,36.05115083672468,33.50781244450644,8.429245456707912,2.903316286026707
14.419999999999781,2.2521600030196653,0.4654653150356196,36.051123422803904,33.5092846918947,8.408251305580627,2.899698485287846
14.439999999999781,2.2613892448819115,0.45727439437935685,36.05109566561937,33.5108453262077,8.386479791025355,2.8959419522886427
14.45999999999978,2.2704433382362676,0.4479372373107279,36.05106756020104,33.51247057574912,8.363922416817754,2.892044677527952
14.47999999999978,2.279298549332453,0.43737216412645286,36.051039102729405,33.514135094992156,8.340568495185742,2.8880042408531437
14.49999999999978,2.2879294635278002,0.4254927350670653,36.051010290530556,33.515812034092285,8.316405206392064,2.8838178178227665
14.51999999999978,2.2963088883295635,0.41220757489387716,36.050981122066254,33.51747311454367,8.291417668478394,2.879482187560533
14.539999999999779,2.30440775296798,0.39742020572756626,36.05095159691942,33.51908871089797,8.265589017207231,2.874993742116186
14.559999999999778,2.312195004836866,0.3810288990995936,36.05092171577484,33.52062793850228,8.238900496318893,2.870348497363847
14.579999999999778,2.3196375032063643,0.3629265516633085,36.050891480395364,33.52205874725401,8.211331558310045,2.8655421054854604
14.599999999999778,2.3266999106896726,0.3430005883474174,36.050860893593935,33.52334802141383,8.182859976037289,2.8605698691060297
14.619999999999777,2.3333445831346076,0.32113290022795826,36.050829959201266,33.52446168556307,8.153461965553149,2.855426757168383
14.639999999999777,2.3395314586963964,0.2971998281746252,36.05079868202965,33.52536481683798,8.123112320691726,2.850107422658263
14.659999999999776,2.3452179470589107,0.27107219510986796,36.05076706783302,33.526021763620776,8.091784560035874,2.8446062223154676
14.679999999999776,2.3503588199297667,0.24261540215576288,36.05073512326347,33.5263962709125,8.059451087015779,2.8389172384935386
14.699999999999775,2.354906104180923,0.21168959846321314,36.05070285582442,33.52645161265833,8.026083364008349,2.8330343033589176
14.719999999999775,2.3588089791761075,0.17814993601426582,36.050670273820884,33.5261507313373,7.991652101425826,2.8269510256503962
14.739999999999775,2.3620136802052163,0.14184692200791732,36.050637386306825,33.52545638516662,7.956127462898157,2.8206608202508425
14.759999999999774,2.3644634100872053,0.10262689191313835,36.05060420302999,33.52433130330238,7.919479287763667,2.8141569408552303
14.779999999999774,2.366098261465994,0.060332604445320195,36.05057073437456,33.52273834944406,7.881677332183319,2.8074325160515112
14.799999999999773,2.3668551525375774,0.014803994023384656,36.050536991301875,33.520640694264806,7.842691530281149,2.8004805891634295
14.819999999999773,2.366667779440615,-0.034120912572345084,36.05050298528942,33.51800199709387,7.802492276782787,2.7932941622361915
14.839999999999772,2.3654665887711706,-0.08660489380867117,36.05046872826845,33.51478659726743,7.7610507326697835,2.7858662445763227
14.859999999999772,2.3631787742707293,-0.14281022047219122,36.05043423256067,33.51095971553706,7.7183391553842435,2.7781899062850695
14.879999999999772,2.359728301991366,-0.20289711419670473,36.05039951081398,33.506487665879476,7.674331255098462,2.7702583372491567
14.899999999999771,2.3550359687254243,-0.267021959284502,36.05036457593798,33.501338077982155,7.629002578501159,2.7620649120723355
14.91999999999977,2.349019498901328,-0.3353352407252186,36.050329441039054,33.49548013058554,7.58233092143649,2.7536032614442645
14.93999999999977,2.3415936854714685,-0.4079792045438182,36.05029411935583,33.488884795739196,7.534296771555642,2.7448673504480396
14.95999999999977,2.3326705807140242,-0.4850852074859398,36.050258624194775,33.48152509387378,7.4848837818935685,2.735851564301976
14.97999999999977,2.3221597430354937,-0.5667707599796216,36.05022296886649,33.473376359400156,7.434079275955189,2.7265508020125333
14.999999999999769,2.309968546169043,-0.6531362457074847,36.05018716662282,33.464416516317044,7.381874784475561,2.716960578380842
15.019999999999769,2.296002557074231,-0.7442613325300667,36.0501512305947,33.45462636303803,7.328266613496481,2.707077134751886
15.039999999999768,2.28016598883644,-0.8402010652579448,36.05011517373113,33.44398986533431,7.2732564427675035,2.6968975588196713
15.059999999999768,2.262362234537821,-0.9409816791854436,36.050079008738884,33.432494455929934,7.216851952722871,2.6864199136998055
15.079999999999767,2.2424944875041586,-1.0465961549482914,36.05004274802318,33.420131338881056,7.159067477399165,2.675643376348792
15.099999999999767,2.220466452585457,-1.1569995701213118,36.05000640362878,33.40689579641961,7.099924679635655,2.6645683852428435
15.119999999999767,2.196183152005474,-1.2721043039594575,36.04996998718125,33.39278749544819,7.039453243736914,2.6531967970237176
15.139999999999766,2.1695518277793875,-1.3917751885752634,36.049933509827895,33.37781079033881,6.977691579476057,2.641532051570841
15.159999999999766,2.1404829409605677,-1.5158246969528923,36.04989698217762,33.36197501812067,6.914687529882567,2.6295793446638127
15.179999999999765,2.1088912656215615,-1.6440083007720436,36.04986041423888,33.34529478154845,6.850499073702668,2.617345807053907
15.199999999999765,2.074697072860611,-1.7760201389233843,36.049823815354884,33.327790214934446,6.785195011761439,2.6048406883649218
15.219999999999764,2.0378273970133516,-1.9114891534688183,36.04978719413485,33.30948722701762,6.718855624722293,2.5920755437915566
15.239999999999764,1.9982173727911323,-2.04997589520357,36.04975055838021,33.29041771454875,6.651573287967829,2.579064421058115
15.259999999999764,1.9558116283132725,-2.190970164615207,36.04971391500472,33.270619739711876,6.583453027564547,2.5658240445448603
15.279999999999763,1.9105657148840933,-2.333889724039999,36.049677269947196,33.25013766400238,6.514612999581931,2.552373992890135
15.299999999999763,1.862447550376504,-2.4780802673458497,36.049640628076226,33.22902223076795,6.445184873484763,2.5387368657434277
15.319999999999762,1.811438848813659,-2.6228168573983273,36.049603993086066,33.20733058831853,6.375314098988808,2.5249384346927766
15.339999999999762,1.757536504999118,-2.767307013984678,36.049567367383595,33.18512624535854,6.305160034757183,2.5110077727393008
15.359999999999761,1.700753899557481,-2.9106956073367636,36.04953075196662,33.16247895052087,6.234895916719126,2.496977356068558
15.379999999999761,1.6411220870251066,-3.052071677066534,36.049494146294705,33.139464488022774,6.164708643722074,2.4828831313056345
15.39999999999976,1.5786908278237497,-3.1904772285474654,36.04945754815431,33.11616438195112,6.094798358790812,2.4687645409781007
15.41999999999976,1.5135294243754922,-3.3249180145857213,36.04942095352089,33.09266550245117,6.025377805570323,2.454664499594664
15.43999999999976,1.4457273223636888,-3.4543762208578643,36.04938435642184,33.06905956816505,5.956671441668367,2.440629312629914
15.45999999999976,1.3753944406360337,-3.5778248832070063,36.04934774880484,33.04544254066764,5.8889142936706005,2.4267085308439085
15.479999999999759,1.3026611972926683,-3.694243798884923,36.04931112041698,33.02191390838926,5.822350542631877,2.4129547328186405
15.499999999999758,1.2276782054459103,-3.802636586743565,36.049274458701056,32.9985758596042,5.757231833877164,2.3994232294193463
15.519999999999758,1.1506156197228978,-3.902048478551385,36.0492377487154,32.97553234648922,5.693815310959919,2.3861716851391725
15.539999999999758,1.0716621236649324,-3.9915843488903078,36.04920097308422,32.95288804499664,5.63236138056333,2.37325965300119
15.559999999999757,0.9910235585663397,-4.070426447024113,36.04916411198479,32.93074721830222,5.573131222877635,2.3607480218942545
15.579999999999757,0.9089212054794895,-4.137851253894987,36.049127143177316,32.90921249482123,5.516384070375541,2.348698377905418
15.599999999999756,0.8255897436469959,-4.193244886527549,36.049090042082355,32.88838357516388,5.462374286712261,2.337172284345393
15.619999999999756,0.7412749199980132,-4.236116498602009,36.04905278190864,32.868355885828336,5.411348286417304,2.326230488669879
15.639999999999755,0.6562309748800723,-4.266109177974746,36.049015333833104,32.8492192007969,5.363541344794299,2.3159320682598397
15.659999999999755,0.570717878426648,-4.283007926930081,36.04897766723195,32.83105625538168,5.319174355637271,2.3063335308747672
15.679999999999755,0.4849984392617243,-4.286744404358507,36.048939749960155,32.813941379524586,5.278450601616882,2.297487889329753
15.699999999999754,0.39933535223760835,-4.2773982593397,36.048901548674,32.797939180145804,5.241552608091254,2.2894437333315825
15.719999999999754,0.3139882543360342,-4.255194987407726,36.04886302918982,32.78310330390934,5.208639155268847,2.282244324183729
15.739999999999753,0.22921085745895495,-4.220500408611201,36.048824156869806,32.769475312792586,5.1798425257459275,2.2759267399777894
15.759999999999753,0.1452482237300875,-4.173811984712719,36.04878489702525,32.75708370497757,5.155266064166185,2.2705210996963197
15.779999999999752,0.062334243388370236,-4.115747313442273,36.04874521532602,32.745943112717356,5.134982122891386,2.266049894175189
15.799999999999752,-0.019310632676094137,-4.047030245194298,36.04870507820579,32.73605370688941,5.1190304620144875,2.2625274500024277
15.819999999999752,-0.09948136310869597,-3.968475132567029,36.048664453252194,32.72740083488409,5.107417163788497,2.2599595491487228
15.839999999999751,-0.17798995732937414,-3.8809697793381295,36.04862330957248,32.71995491428869,5.100114110707855,2.258343222521292
15.85999999999975,-0.254666767481271,-3.7854576624321976,36.04858161812644,32.71367159956087,5.097059063313605,2.257666729903598
15.87999999999975,-0.32936142237443905,-3.682919996651343,36.048539352019894,32.70849223263711,5.098156358672375,2.2579097321798263
15.89999999999975,-0.40194340554368085,-3.574358170489255,36.0484964867542,32.704344581342454,5.103278233887258,2.259043654710386
15.91999999999975,-0.47230228977237276,-3.4607770254936616,36.04845300042889,32.70114386175498,5.112266761514925,2.261032233630234
15.939999999999749,-0.5403476490205291,-3.3431693782886156,36.04840887389656,32.69879403257973,5.124936366033747,2.263832230098721
15.959999999999749,-0.6060086758691394,-3.222502098447923,36.048364090870734,32.69718934138228,5.141076873215841,2.267394291519638
15.979999999999748,-0.6692335380776439,-3.099703967779814,36.0483186379891,32.696216094531856,5.160457028087882,2.271663933791238
15.999999999999748,-0.7299885113985517,-2.9756554663654176,36.048272504835424,32.695754615228196,5.182828402775188,2.276582614968143
16.019999999999747,-0.7882569278694239,-2.8511805347747825,36.04822568392452,32.69568134735394,5.207929603498627,2.282088868448954
16.039999999999747,-0.8440379791107359,-2.727040305461171,36.04817817065516,32.69587105740595,5.235490676824927,2.288119462970613
16.059999999999746,-0.8973454132893429,-2.603928722717631,36.04812996323599,32.69619908267656,5.265237609327555,2.2946105572248103
16.079999999999746,-0.9482061623100696,-2.482469917204827,36.048081062589574,32.69654357139552,5.2968968123265405,2.301498818667205
16.099999999999746,-0.9966589328163954,-2.363217184478218,36.04803147223954,32.696787659852006,5.330199484422671,2.3087224788663256
16.119999999999745,-1.0427527910995675,-2.246653363829057,36.04798119818529,32.69682153266906,5.364885749053508,2.3162223013030308
16.139999999999745,-1.0865457679851234,-2.133192422725723,36.04793024876828,32.69654431539329,5.400708472063035,2.3239424416415813
16.159999999999744,-1.1281035057136894,-2.023182037002573,36.047878634533504,32.69586575330034,5.437436674949517,2.331831184916592
16.179999999999744,-1.167497964656325,-1.9169069628182218,36.04782636808886,32.69470763663117,5.47485847258588,2.3398415486066315
16.199999999999743,-1.2048062038103748,-1.814593007700737,36.047773463964894,32.693004940122655,5.51278347925599,2.3479317450164494
16.219999999999743,-1.2401092452359226,-1.7164114304357232,36.047719938476625,32.69070665337364,5.551044643224945,2.3560655006227957
16.239999999999743,-1.2734910293502024,-1.6224835990673183,36.047665809588786,32.68777628794484,5.58949948713832,2.364212233945658
16.259999999999742,-1.305037464911414,-1.5328857820560635,36.04761109678525,32.68419205675111,5.628030748700357,2.372347097011809
16.279999999999742,-1.334835575066367,-1.447653944837011,36.04755582094331,32.67994673088266,5.666546432715189,2.380450888532504
16.29999999999974,-1.3629727386466042,-1.3667884643780635,36.04750000421279,32.67504718811698,5.704979301138281,2.388509849495765
16.31999999999974,-1.3895360241871793,-1.2902586754533831,36.0474436699002,32.6695136757134,5.743285841794789,2.3965153539660013
16.33999999999974,-1.4146116127727313,-1.2180071984089145,36.047386842357525,32.663378817326596,5.781444768479932,2.40446350949228
16.35999999999974,-1.4382843048117666,-1.1499539970312795,36.04732954687555,32.65668639980055,5.819455114959978,2.4123546826617304
16.37999999999974,-1.4606371050791989,-1.0860001466992473,36.04727180958108,32.64948998005009,5.857333992740168,2.4201929660132824
16.39999999999974,-1.4817508800023556,-1.026031285948214,36.047213657337906,32.64185135511586,5.895114087259561,2.427985602770239
16.41999999999974,-1.5017040808100268,-0.9699207533622788,36.04715511765075,32.63383893977809,5.932840969415929,2.4357423856836604
16.43999999999974,-1.5205725262379206,-0.917532404212393,36.04709621857209,32.62552609589322,5.970570299114135,2.443475045731823
16.459999999999738,-1.5384292384686107,-0.8687231207138704,36.047036988611204,32.61698945599535,6.008364995051709,2.451196645528814
16.479999999999738,-1.5553443262669393,-0.8233450240752723,36.04697745664524,32.60830728085343,6.046292440458877,2.4589209910972896
16.499999999999737,-1.571384909514556,-0.7812474035596427,36.04691765183184,32.59955788680456,6.084421788306827,2.4666620742020635
16.519999999999737,-1.5866150797212992,-0.7422783901500917,36.04685760352321,32.590818174027504,6.122821421935489,2.4744335557730155
16.539999999999736,-1.6010958914771876,-0.7062863800549428,36.04679734118131,32.582162281722596,6.161556618499644,2.4822482991231243
16.559999999999736,-1.6148853801945104,-0.6731212437155706,36.046736894294014,32.57366039066527,6.200687453462713,2.4901179597486367
16.579999999999735,-1.6280386019509177,-0.6426353280290902,36.04667629229216,32.565377688027226,6.240266974941262,2.498052636543366
16.599999999999735,-1.6406076915989172,-0.6146842877588875,36.046615564467416,32.55737350391399,6.280339667354269,2.506060587327104
16.619999999999735,-1.6526419357758204,-0.5891277452933034,36.04655473989089,32.549700623923854,6.320940214855015,2.51414800973511
16.639999999999734,-1.6641878577663551,-0.5658298193652322,36.046493847332535,32.542404777327775,6.362092566669473,2.5223188867923643
16.659999999999734,-1.6752893115816547,-0.5446595213139106,36.04643291518145,32.535524296305184,6.403809298930827,2.530574894945974
16.679999999999733,-1.6859875829222404,-0.5254910488686935,36.046371971367044,32.529089938113685,6.446091261028421,2.5389153709858903
16.699999999999733,-1.6963214950155259,-0.5082039834819054,36.04631104328125,32.523124859153995,6.488927488971856,2.547337333172004
16.719999999999732,-1.7063275176298875,-0.4926834098140283,36.04625015770197,32.51764472761974,6.532295363847567,2.555835551018016
16.739999999999732,-1.7160398777139116,-0.4788199668003915,36.04618934071779,32.512657959774735,6.576160990112359,2.5644026575622556
16.75999999999973,-1.7254906705314657,-0.46650984127497697,36.046128617654254,32.50816606383826,6.620479766184627,2.573029297576036
16.77999999999973,-1.7347099701449535,-0.4556547139382126,36.046068013001886,32.50416407492769,6.6651971184874235,2.581704305006176
16.79999999999973,-1.743725938476874,-0.4461616710476049,36.0460075503461,32.500641064444366,6.710249369673926,2.590414902997959
16.81999999999973,-1.752564932179996,-0.4379430780374444,36.04594725229926,32.49758070762523,6.755564712115292,2.59914692007114
16.83999999999973,-1.7612516068339243,-0.4309164352915894,36.045887140435184,32.49496189364901,6.8010642587352015,2.6078850163945497
16.85999999999973,-1.7698090179550672,-0.4250042074373393,36.045827235226255,32.49275936361487,6.846663144814051,2.6166129145928427
16.87999999999973,-1.7782587185627694,-0.42013364779835877,36.04576755598341,32.490944362839045,6.892271656339846,2.6253136300906688
16.89999999999973,-1.7866208529934033,-0.41623660348728025,36.04570812079919,32.489485295182334,6.937796362740401,2.633969696625305
16.919999999999728,-1.7949142468536319,-0.41324932073306697,36.045648946494275,32.48834836847682,6.9831412342887775,2.642563383211229
16.939999999999728,-1.8031564929650645,-0.4111122420410737,36.045590048567504,32.48749822151776,7.028208727038631,2.651076899495492
16.959999999999727,-1.8113640333060899,-0.4097698055095378,36.04553144114986,32.48689852448807,7.072900820737476,2.659492587080753
16.979999999999727,-1.8195522368910988,-0.40917024406309893,36.04547313696244,32.48651254605596,7.117119997715911,2.66779309499742
16.999999999999726,-1.8277354736662896,-0.4092653855716485,36.045415147278774,32.486303681705394,7.160770153203541,2.6759615380650636
17.019999999999726,-1.8359271844857847,-0.41001045992773166,36.045357481891685,32.48623593910423,7.203757429833827,2.6839816373876006
17.039999999999726,-1.8441399472202649,-0.41136390885007196,36.04530014908482,32.48627437747084,7.245990971237664,2.6918378426713714
17.059999999999725,-1.8523855391611226,-0.4132872020239184,36.04524315560905,32.48638549895759,7.287383591566267,2.699515436437856
17.079999999999725,-1.8606749957948823,-0.4157446595637535,36.04518650666408,32.486537591020706,7.327852359514573,2.7070006205234924
17.099999999999724,-1.8690186661153811,-0.4187032854569929,36.045130205885094,32.48670101959009,7.367319096930737,2.7142805855199894
17.119999999999724,-1.877426264593468,-0.4221325971233588,36.04507425533487,32.48684847358798,7.405710793396667,2.7213435640133103
17.139999999999723,-1.885906919957588,-0.4260044766332573,36.04501865550126,32.48695516197525,7.442959939254699,2.728178868632828
17.159999999999723,-1.8944692209455951,-0.43029301879211235,36.0449634053003,32.48699896503298,7.479004780447569,2.7347769160294537
17.179999999999723,-1.9031212591501976,-0.4349743914091133,36.04490850208475,32.486960542019965,7.513789499245856,2.741129237968516
17.199999999999722,-1.9118706691226506,-0.44002670172248,36.04485394165845,32.48682339769185,7.547264325475469,2.747228480755736
17.21999999999972,-1.9207246658887722,-0.4454298688973835,36.044799718296105,32.48657391043027,7.579385583244189,2.7530683942183836
17.23999999999972,-1.929690080004591,-0.45116550751279866,36.04474582476876,32.48620132492123,7.610115678418775,2.75864381144409
17.25999999999972,-1.938773390287489,-0.4572168106863197,36.04469225237482,32.48569771244584,7.6394230322398675,2.7639506204416655
17.27999999999972,-1.9479807543676524,-0.46356844987602636,36.044638990976495,32.485057901913784,7.667281966498207,2.7689857288361397
17.29999999999972,-1.9573180372055845,-0.47020647017712036,36.04458602904156,32.48427938478628,7.693672545648205,2.7737470226479206
17.31999999999972,-1.9667908376447187,-0.47711820024802176,36.04453335369039,32.48336219700907,7.7185803811186435,2.778233320136853
17.33999999999972,-1.9764045131866976,-0.4842921627386846,36.04448095074797,32.48230878101316,7.741996402908743,2.782444321618807
17.35999999999972,-1.986164203054592,-0.4917179941173767,36.04442880480072,32.48112383074772,7.763916603342962,2.7863805560875856
17.37999999999972,-1.9960748496676222,-0.4993863653669765,36.04437689925795,32.47981412259225,7.784341757610452,2.790043325400244
17.399999999999718,-2.0061412186353587,-0.5072889121277766,36.04432521641768,32.478388334857556,7.80327712544436,2.7934346467108124
17.419999999999717,-2.0163679173486146,-0.5154181667255664,36.04427373753648,32.47685685843321,7.820732138010021,2.7965571937670113
17.439999999999717,-2.0267594122932207,-0.5237674955639694,36.044222442903056,32.47523160097624,7.836720073776489,2.7994142376176643
17.459999999999717,-2.0373200451224553,-0.5323310403198126,36.04417131191537,32.47352578686542,7.851257726848236,2.802009587215618
17.479999999999716,-2.048054047621247,-0.5411036637152637,36.04412032316065,32.47175375497154,7.864365070938011,2.804347530342488
17.499999999999716,-2.0589655556041393,-0.5500808974087726,36.04406945449837,32.469930756118316,7.876064921871278,2.8064327752275267
17.519999999999715,-2.0700586218283834,-0.5592588963257829,36.04401868314536,32.46807275193412,7.886382601230601,2.808270393183427
17.539999999999715,-2.0813372279938007,-0.5686343926032301,36.04396798576288,32.4661962166226,7.895345603476535,2.809865762536804
17.559999999999715,-2.092805295882376,-0.5782046562006276,36.043917338545356,32.464317943013434,7.902983268622027,2.8112245140902616
17.579999999999714,-2.1044666976930126,-0.5879674534953098,36.043866717310024,32.46245485409254,7.909326462290736,2.8123524783161047
17.599999999999714,-2.1163252656738907,-0.5979210143529644,36.043816097587346,32.46062382105641,7.91440726475705,2.8132556344486455
17.619999999999713,-2.1283848009922886,-0.6080639973857312,36.04376545471174,32.458841488788195,7.918258670346704,2.8139400616123122
17.639999999999713,-2.140649082028463,-0.6183954604721275,36.043714763912,32.45712410951343,7.920914298372628,2.8144118920962207
17.659999999999712,-2.153121872029119,-0.6289148273889649,36.04366400040112,32.45548738526357,7.922408116589836,2.8146772668620175
17.679999999999712,-2.165806926214579,-0.6396218667764687,36.04361313946523,32.45394631965252,7.922774177976564,2.8147422933505943
17.69999999999971,-2.178707998344492,-0.6505166619102549,36.04356215655081,32.452515079359415,7.922046371485171,2.8146130056341976
17.71999999999971,-2.191828846833405,-0.6615995885678706,36.043511027350306,32.45120686560595,7.920258187256022,2.8142953269435003
17.73999999999971,-2.205173240363643,-0.6728712951781797,36.04345972788527,32.45003379582196,7.917442496649333,2.8137950345839573
17.75999999999971,-2.2187449631117886,-0.6843326794468689,36.04340823458702,32.449006795606266,7.913631347324103,2.8131177272421612
17.77999999999971,-2.2325478195334507,-0.6959848690991961,36.04335652437419,32.448135501011905,7.908855773478909,2.8122687946707563
17.79999999999971,-2.246585638823871,-0.707829206182789,36.04330457472693,32.4474281711156,7.903145621266031,2.811253389729576
17.81999999999971,-2.2608622789619677,-0.7198672260114434,36.04325236375756,32.44689161076979,7.896529389298103,2.8100764027510183
17.83999999999971,-2.2753816304919954,-0.732100645047316,36.04319987027705,32.446531103382185,7.889034084084528,2.808742438189114
17.859999999999708,-2.2901476199219912,-0.7445313424148768,36.04314707385746,32.446350353521794,7.8806850901628165,2.807255793504186
17.879999999999708,-2.305164212883738,-0.7571613478513415,36.043093954889784,32.446351439111716,7.87150605462815,2.8056204402285334
17.899999999999707,-2.3204354169627632,-0.7699928254920981,36.043040494637054,32.44653477293748,7.861518785711839,2.8038400071530187
17.919999999999707,-2.335965284292092,-0.7830280638835087,36.042986675282755,32.44689907317465,7.850743165016054,2.80191776556987
17.939999999999706,-2.351757913879861,-0.7962694596162357,36.04293247997389,32.44744134262047,7.839197072978453,2.799856616503505
17.959999999999706,-2.367817453665469,-0.8097195074824584,36.04287789285916,32.4481568563029,7.826896327115132,2.7976590798585756
17.979999999999706,-2.3841481023738593,-0.8233807885835212,36.04282289912168,32.44903915713285,7.813854632574576,2.7953272854130295
17.999999999999705,-2.400754111116087,-0.8372559586637606,36.04276748500647,32.45008005926536,7.800083544528128,2.7928629655835477
18.019999999999705,-2.417639784750365,-0.8513477357599636,36.04271163784259,32.45126965883981,7.7855924419243525,2.7902674498915605
18.039999999999704,-2.434809483065963,-0.8656588916694312,36.04265534605987,32.452596351779476,7.770388512145298,2.7875416610600277
18.059999999999704,-2.4522676216964268,-0.8801922387973793,36.04259859920024,32.45404685834534,7.754476746122201,2.784686112674497
18.079999999999703,-2.4700186728477345,-0.8949506202210521,36.04254138792407,32.45560625415976,7.737859943496261,2.781700908346593
18.099999999999703,-2.4880671658143036,-0.9099368984364725,36.042483704010934,32.45725800743917,7.720538727447297,2.778585742324195
18.119999999999703,-2.506417687257816,-0.9251539465249956,36.04242554035574,32.4589840222054,7.702511568858642,2.7753399015001103
18.139999999999702,-2.5250748812812014,-0.9406046347480561,36.04236689095957,32.460764687277496,7.683774819540999,2.7719622687801864
18.1599999999997,-2.544043449295438,-0.956291819855424,36.042307750916116,32.46257893088472,7.664322754300841,2.7684513277825276
18.1799999999997,-2.563328149630928,-0.9722183362726275,36.042248116393296,32.46440428078215,7.644147621710077,2.764805168851881
18.1999999999997,-2.5829337969555524,-0.9883869815102966,36.0421879846107,32.46621692979615,7.623239703513192,2.7610214963873774
18.2199999999997,-2.6028652614356798,-1.0048005063362193,36.04212735381293,32.4679918067755,7.601587382695209,2.7570976374976657
18.2399999999997,-2.623127467681067,-1.0214616005840436,36.042066223239125,32.46970265297599,7.579177220328607,2.7530305520151073
18.2599999999997,-2.6437253934043436,-1.0383728835163817,36.04200459308881,32.47132210396035,7.55599404141911,2.7488168439201455
18.2799999999997,-2.6646640678632076,-1.0555368886273533,36.041942464484634,32.472821777152724,7.532021030078166,2.7444527742481135
18.2999999999997,-2.685948570012026,-1.0729560498735355,36.041879839432035,32.47417236524452,7.507239834463671,2.739934275573717
18.3199999999997,-2.7075840263917557,-1.0906326879621304,36.041816720776275,32.47534373570813,7.481630682048248,2.7352569681929793
18.339999999999698,-2.729575608701795,-1.1085689971226778,36.04175311215714,32.476305036733635,7.455172505895612,2.7304161781486007
18.359999999999697,-2.751928531112964,-1.1267670267700856,36.04168901796157,32.47702480996246,7.427843082748101,2.7254069572722717
18.379999999999697,-2.774648047219073,-1.145228667401028,36.041624443274706,32.47747111044693,7.3996191838505325,2.7202241054461913
18.399999999999697,-2.7977394466832473,-1.1639556327102922,36.04155939382941,32.477611634317476,7.3704767395550075,2.714862195315815
18.419999999999696,-2.821208051533081,-1.1829494421407343,36.04149387595491,32.477413854685985,7.3403910188648185,2.7093155997160645
18.439999999999696,-2.845059212080909,-1.202211401222565,36.041427896524645,32.476845166352554,7.309336825180682,2.703578522103747
18.459999999999695,-2.8692983024678487,-1.2217425841883889,36.041361462903744,32.475873039913566,7.27728870960428,2.697645030318904
18.479999999999695,-2.8939307158001015,-1.2415438105711045,36.04129458289641,32.474465185886146,7.244221203228871,2.6915090940267823
18.499999999999694,-2.9189618588695185,-1.2616156246714867,36.04122726469363,32.47258972946669,7.21010906989894,2.6851646262192084
18.519999999999694,-2.944397146419083,-1.2819582731298287,36.04115951682129,32.470215396525695,7.174927580944473,2.6786055291782835
18.539999999999694,-2.970241994943958,-1.3025716811925918,36.04109134808923,32.467311711403575,7.138652813384091,2.6718257453254863
18.559999999999693,-2.996501816006254,-1.3234554263071912,36.041022767541335,32.46384920700889,7.101261973037234,2.6648193133939184
18.579999999999693,-3.023182009025172,-1.3446087116089322,36.04095378440705,32.459799647627904,7.062733743880829,2.6575804303691033
18.599999999999692,-3.050287953537906,-1.3660303414277104,36.04088440805433,32.45513626472698,7.023048664821154,2.650103519642422
18.619999999999692,-3.0778250008845487,-1.3877186864953133,36.040814647944686,32.449834005864076,6.982189534817723,2.642383305808929
18.63999999999969,-3.105798465298334,-1.409671659711678,36.04074451359013,32.443869796616625,6.940141846982514,2.634414896515451
18.65999999999969,-3.134213614378358,-1.4318866804292967,36.040674014512305,32.43722281517706,6.896894251874438,2.6261938717228093
18.67999999999969,-3.1630756589122613,-1.4543606420991366,36.04060316020418,32.429874778959366,6.852439049705277,2.617716380684752
18.69999999999969,-3.1923897420116454,-1.4770898770410577,36.04053196009428,32.421810242196976,6.8067727105589855,2.6089792468624555
18.71999999999969,-3.222160927545545,-1.500070122768112,36.04046042351348,32.41301690309117,6.759896420992231,2.5999800808837423
18.73999999999969,-3.2523941878238527,-1.5232964806265514,36.040388559664926,32.40348591858881,6.711816654521825,2.5907174015167738
18.75999999999969,-3.283094390532272,-1.5467633784697747,36.04031637759653,32.39321222432652,6.6625457625089854,2.581190764455232
18.77999999999969,-3.3142662848312354,-1.5704645302228062,36.04024388617677,32.382194856679945,6.612102580817091,2.5714008985020382
18.799999999999688,-3.345914486661571,-1.5943928924253175,36.040171094073195,32.37043727320192,6.560513046350155,2.5613498484881276
18.819999999999688,-3.378043463162413,-1.6185406210267161,36.04009800973445,32.35794766703158,6.507810816178517,2.55104112396851
18.839999999999687,-3.4106575162183006,-1.6428990269373354,36.04002464137488,32.34473927011473,6.454037880437858,2.5404798523975463
18.859999999999687,-3.443760765079708,-1.6674585274827614,36.03995099696255,32.330830639310406,6.399245158565852,2.529672935097708
18.879999999999686,-3.4773571280394746,-1.692208601908137,36.03987708421019,32.31624591868353,6.343493066744881,2.5186292039013765
18.899999999999686,-3.51145030314188,-1.7171377383453246,36.03980291056899,32.3010150705228,6.286852042685382,2.5073595758656917
18.919999999999686,-3.5460437479051365,-1.742233387060557,36.03972848322549,32.285174066902435,6.2294030121599615,2.495877202940874
18.939999999999685,-3.5811406580213294,-1.767481907264996,36.03965380910103,32.268765032954924,6.171237780042323,2.4841976129209855
18.959999999999685,-3.616743945048572,-1.7928685162664366,36.039578894854074,32.25183633247885,6.112459327087405,2.4723388374345867
18.979999999999684,-3.652856213027852,-1.8183772375952354,36.03950374688485,32.23444258610509,6.053181992393684,2.460321522157965
18.999999999999684,-3.689479734095161,-1.8439908476042288,36.039428371342524,32.21664461203586,5.993531520508398,2.448169013877187
19.019999999999683,-3.726616423009021,-1.8696908239292012,36.039352774134414,32.19850927939326,5.933644951576503,2.435907418515019
19.039999999999683,-3.764267810643942,-1.8954572923177142,36.03927696093731,32.18010926451892,5.8736703329054105,2.4235656238083196
19.059999999999683,-3.8024350164571055,-1.9212689761355366,36.03920093721041,32.16152270119652,5.813766230935861,2.411175280010945
19.079999999999682,-3.841118719921824,-1.9471031457212653,36.03912470820995,32.14283271676949,5.7541010239891195,2.3987707318518625
19.09999999999968,-3.8803191309921448,-1.9729355705818643,36.0390482790049,32.124126847533795,5.694851958410008,2.386388895048334
19.11999999999968,-3.9200359596252516,-1.998740473864401,36.03897165449399,32.105496328629954,5.63620395393774,2.374069071012413
19.13999999999968,-3.960268384390766,-2.024490488570545,36.0388948394231,32.0870352559576,5.5783481483834825,2.3618526940483573
19.15999999999968,-4.001015020311259,-2.0501566189851035,36.03881783840345,32.06883962039256,5.521480177014592,2.349783006367735
19.17999999999968,-4.04227388591236,-2.075708207067107,36.03874065592977,32.051006217786465,5.4657981884395,2.3379046576880547
19.19999999999968,-4.084042369693101,-2.1011129035180938,36.038663296398276,32.03363144183631,5.411500606202383,2.3262632280553253
19.21999999999968,-4.126317196068869,-2.126336645786821,36.038585764124335,32.01680997086666,5.358783653623296,2.3149046748458773
19.23999999999968,-4.169094390971501,-2.151343647338689,36.03850806335925,32.00063336378669,5.3078386684820895,2.303874707635398
19.25999999999968,-4.212369247283037,-2.176096389768547,36.03843019830602,31.98518858485628,5.258849243699706,2.293218097717639
19.279999999999678,-4.256136290290456,-2.200555634420994,36.03835217313356,31.970556481283374,5.21198823990663,2.2829779324177952
19.299999999999677,-4.3003892434327895,-2.2246804392198785,36.03827399198935,31.956810241920763,5.167414725328929,2.2731948278422878
19.319999999999677,-4.34512099460289,-2.248428199101934,36.03819565900986,31.944013869250067,5.125270907338823,2.263906117165379
19.339999999999677,-4.3903235633028554,-2.271754692567347,36.038117178328896,31.932220700242677,5.085679127840234,2.255145034768326
19.359999999999676,-4.435988069098511,-2.2946141584807114,36.03803855408303,31.92147201436606,5.0487390009055755,2.246939919291474
19.379999999999676,-4.482104701705287,-2.3169593913258,36.03795979041437,31.911795768759887,5.01452477527076,2.2393134606996763
19.399999999999675,-4.528662693255081,-2.3387418612325725,36.0378808914701,31.903205501248422,4.983083005992171,2.2322820175757747
19.419999999999675,-4.575650293258556,-2.359911863611295,36.03780186139873,31.895699441217857,4.954430618402129,2.2258550308594063
19.439999999999674,-4.623054746901229,-2.380418705260236,36.037722704342784,31.88925986633855,4.928553443198534,2.220034559009957
19.459999999999674,-4.670862277403985,-2.400210921420151,36.03764342442801,31.883852739566365,4.905405293929321,2.2148149570402764
19.479999999999674,-4.719058073163144,-2.41923654271432,36.03756402574857,31.879427655787758,4.8849076472935815,2.210182718078662
19.499999999999673,-4.767626280700576,-2.437443407289633,36.037484512348755,31.875918120919202,4.866949972755877,2.2061164912025557
19.519999999999673,-4.816550004321942,-2.454779522474794,36.037404888201,31.873242178342476,4.851390741307511,2.202587283470853
19.539999999999672,-4.865811313728964,-2.471193494431079,36.037325157180085,31.871303388441536,4.838059124321598,2.1995588476605024
19.559999999999672,-4.915391260786335,-2.486635023936698,36.03724532303409,31.86999215696324,4.826757372998955,2.196988250537302
19.57999999999967,-4.9652699070020905,-2.5010554764517434,36.0371653893525,31.869187397281305,4.817263847667767,2.1948266099324947
19.59999999999967,-5.015426363265845,-2.5144085432704313,36.03708535953127,31.868758500784903,4.809336645039309,2.1930199828180568
19.61999999999967,-5.065838843751302,-2.5266509954101326,36.03700523673601,31.868567578969614,4.802717751326207,2.191510381295559
19.63999999999967,-5.116484736025596,-2.53774355490469,36.036925023863866,31.8684719308263,4.797137630774802,2.1902368891913957
19.65999999999967,-5.167340689715026,-2.547651882439177,36.036844723504494,31.868326680254288,4.792320143460296,2.189136848956752
19.67999999999967,-5.2183827263435365,-2.556347707414665,36.036764337901865,31.86798752089867,4.787987673843851,2.1881470868851234
19.69999999999967,-5.269586373300049,-2.563810116723993,36.03668386891749,31.867313500400734,4.783866343148483,2.187205144276248
19.71999999999967,-5.320926825290323,-2.570027015389167,36.03660331799687,31.8661697728697,4.779691174451036,2.1862504830076164
19.739999999999668,-5.3723791370086555,-2.574996790650341,36.0365226861407,31.86443024764258,4.77521107969373,2.1852256358769293
19.759999999999668,-5.4239184512771965,-2.578730203651091,36.03644197388283,31.861980064208872,4.770193542572229,2.184077274862826
19.779999999999667,-5.475520267482348,-2.5812525304443414,36.03636118127729,31.85871782752485,4.764428880247009,2.182757173908039
19.799999999999667,-5.527160755712174,-2.5826059964558823,36.03628030789686,31.854557544697656,4.757733979661379,2.181223046747255
19.819999999999666,-5.578817122766624,-2.582852537385161,36.03619935284637,31.84943021293334,4.749955420391807,2.1794392444828112
19.839999999999666,-5.630468037060853,-2.5820769353185047,36.036118314793676,31.8432850193579,4.740971914741229,2.1773773018797704
19.859999999999665,-5.682094120385281,-2.580390376997572,36.03603719202305,31.836090125397217,4.730696016464199,2.1750163255626838
19.879999999999665,-5.733678515608385,-2.5779345035173082,36.03595598251445,31.82783302132672,4.719075071286428,2.1723432213364506
19.899999999999665,-5.7852075407746995,-2.5748860080601923,36.03587468405449,31.818520449837386,4.706091404437866,2.169352761640639
19.919999999999664,-5.836671441504756,-2.5714618875227298,36.035793294384426,31.808177910454273,4.691761761968832,2.1660474976253017
19.939999999999664,-5.888065255476909,-2.567925415132442,36.03571181139237,31.79684876886527,4.676136042925155,2.1624375234732574
19.959999999999663,-5.939389804869304,-2.564592984391408,36.03563023335676,31.784593006190196,4.659295377864534,2.1585401033718448
19.979999999999663,-5.990652835191074,-2.5618419311120317,36.03554855925056,31.771485652548787,4.641349625147602,2.1543791739495632
19.999999999999662,-6.041870321927235,-2.5601195208129313,36.03546678911596,31.757614956660497,4.62243436949981,2.1499847370388028
20.019999999999662,-6.093067970109911,-2.559953290899297,36.035384924522276,31.74308034843423,4.602707517211333,2.1453921593059233
20.03999999999966,-6.144282936270812,-2.56196299252298,36.035302969121105,31.72799025449219,4.58234558885791,2.140641396604744
20.05999999999966,-6.195565807621179,-2.5668744256718843,36.03522092931535,31.712459827342457,4.561539813559322,2.135776161857633
20.07999999999966,-6.246982879857545,-2.5755355301122203,36.035138815063284,31.696608647596012,4.540492128651202,2.1308430558469578
20.09999999999966,-6.298618783084018,-2.5889351923632673,36.03505664084204,31.6805584554216,4.5194111854602115,2.1258906805055173
20.11999999999966,-6.350579515370586,-2.6082253100072026,36.0349744268013,31.66443096263086,4.498508455978419,2.120968754125911
20.13999999999966,-6.402995956156244,-2.6347468371134988,36.034892200144604,31.64834579070945,4.4779945270556185,2.116127247368555
20.15999999999966,-6.456027947485808,-2.670060692846433,36.03480999678605,31.632418573114943,4.458075658758698,2.1114155580459992
20.17999999999966,-6.509869051337741,-2.715984675700379,36.03472786334207,31.61675925260377,4.4389506723190815,2.106881741417653
20.19999999999966,-6.564752117184604,-2.7746378470955677,36.034645859535004,31.601470596573964,4.420808221156004,2.10257181117697
20.219999999999658,-6.620955827184528,-2.8484942749200552,36.03456406110749,31.58664694573133,4.403824486377558,2.098529124500672
20.239999999999657,-6.6788124300900735,-2.940448623426123,36.03448256337744,31.572373204076527,4.388161326457084,2.094793862521342
20.259999999999657,-6.738716931615455,-3.053896843470721,36.03440148560368,31.558724071490456,4.3739648999648715,2.0914026154628553
20.279999999999657,-6.801138084733932,-3.192836295327666,36.03432097638973,31.54576351423671,4.361364770775132,2.0883880795424807
20.299999999999656,-6.866631623660977,-3.3619911182441866,36.034241220431994,31.533544463617677,4.350473497508707,2.0857788707120193
20.319999999999656,-6.935856320987478,-3.566970693016996,36.03416244702773,31.52210872888241,4.34138670354473,2.0835994585199744
20.339999999999655,-7.009593631575,-3.814471939631609,36.034084940915086,31.511487107318597,4.33418362118929,2.08187022198534
20.359999999999655,-7.0887719400414575,-4.1125402781422915,36.03400905624071,31.501699672261203,4.328928104047473,2.0806076285661055
20.379999999999654,-7.174496780550282,-4.470909968819912,36.033935234775576,31.492756218493607,4.325670105975851,2.0798245373049746
20.399999999999654,-7.26808889245525,-4.901453141400819,36.03386402997689,31.48465684417594,4.324447634132141,2.079530628322685
20.419999999999654,-7.371132680250001,-5.418779559599859,36.033796139210864,31.47739264900128,4.325289198975765,2.0797329633815407
20.439999999999653,-7.485538665178572,-6.041048276706196,36.03373244753858,31.470946529786,4.328216807738159,2.0804366867891364
20.459999999999653,-7.613625011093651,-6.791081659354917,36.03367408815352,31.465294057269364,4.333249583217207,2.0816458832417215
20.479999999999652,-7.7582254392388075,-7.697917982062637,36.033622527226214,31.4604044218133,4.340408142089631,2.083364620533245
20.499999999999652,-7.922834241901404,-8.799011674710767,36.033579685221696,31.456241441526085,4.349719944933558,2.0855982223174143
20.51999999999965,-8.111804376609575,-10.143409217731296,36.03354811389485,31.452764635185833,4.361225948120319,2.0883548424825507
20.53999999999965,-8.330622998682028,-11.796427720922853,36.03353126032128,31.449930376321504,4.374989069846114,2.091647453527031
20.55999999999965,-8.586302441648824,-13.846706091175795,36.03353387063546,31.447693168005767,4.391105270720437,2.0954964258429163
20.57999999999965,-8.887947553229317,-16.417108497722783,36.03356262481589,31.446007118466262,4.409718518227389,2.0999329794608657
20.59999999999965,-9.247599962228968,-19.6820846157533,36.033627166730625,31.444827772336318,4.431041691811208,2.105003964797028
20.61999999999965,-9.681531145263396,-23.896252550639502,36.03374183708143,31.444114597557427,4.455386855237107,2.1107787319463656
20.63999999999965,-10.212289820801443,-29.443325884088846,36.033928713585134,31.443834726308243,4.4832108033767915,2.117359394003954
20.65999999999965,-10.872072368063677,-36.92377930415132,36.03422321317121,31.44396920031866,4.515186493166813,2.124896819416607
20.679999999999648,-11.708533912915092,-47.320714167722315,36.03468503787564,31.444524499235204,4.552320374364051,2.1336167355839826
20.685919345967257,-12.0,-51.181742503161445,36.035279576750135,31.445196001910293,4.564443851802324,2.1364559091641286
