time,phi_center,pi_center,total_energy,core_energy,mean_r2,core_rms_radius
0.0,1.2027299618659357,0.0,36.06258295011614,36.06248416534402,8.02544444572851,2.832921538929116
0.01,1.2027117102693137,-0.0036505601002192823,36.06258305339379,36.062484236340175,8.025211400547123,2.8328804070322353
0.02,1.2026569399461076,-0.007304241646603709,36.06258336314157,36.0624844492249,8.02451233804747,2.8327570206509893
0.03,1.2025656043200024,-0.01096414898438951,36.0625838791041,36.06248480368709,8.02334747735875,2.832551407716857
0.04,1.2024376257914342,-0.014633371358530963,36.06258460085601,36.062485299208475,8.02171718368188,2.832263614793277
0.05,1.2022728957496787,-0.01831499506858556,36.06258552780239,36.062485935064124,8.01962196826782,2.8318937070920973
0.060000000000000005,1.2020712745670301,-0.022012117006203848,36.06258665917935,36.06248671032292,8.017062488387099,2.8314417684965902
0.07,1.2018325915814496,-0.025727848827113375,36.06258799405486,36.06248762384844,8.014039547290414,2.8309079015910097
0.08,1.20155664508296,-0.029465309113103525,36.062589531329586,36.06248867429974,8.01055409416019,2.8302922276966718
0.09,1.2012432023151074,-0.03322761054447399,36.06259126973811,36.06248986013255,8.006607224052834,2.829594886914527
0.09999999999999999,1.2008919994908633,-0.037017852480244015,36.06259320785008,36.062491179600464,8.002200177831543,2.8288160381741942
0.10999999999999999,1.2005027418112466,-0.040839124335436905,36.062595344071745,36.06249263075634,7.9973343420893395,2.827955859289416
0.11999999999999998,1.2000751034746997,-0.044694516215638566,36.06259767664749,36.06249421145392,7.992011249062067,2.8270145470198886
0.12999999999999998,1.199608727673677,-0.048587127776908594,36.06260020366165,36.06249591934952,7.9862325765310285,2.82599231713942
0.13999999999999999,1.1991032265868342,-0.05252006859909371,36.062602923040366,36.06249775190395,7.980000147714887,2.8248894045103583
0.15,1.1985581813786939,-0.056496449892842714,36.062605832553736,36.06249970638453,7.973315931150413,2.8237060631642263
0.16,1.1979731422131081,-0.06051937494743686,36.06260892981801,36.06250177986727,7.966182040561717,2.822442566388503
0.17,1.1973476282782893,-0.06459193548867505,36.06261221229801,36.06250396923932,7.958600734717413,2.821099206819465
0.18000000000000002,1.1966811278113871,-0.068717216273059,36.062615677309644,36.06250627120136,7.950574417275277,2.819676296541019
0.19000000000000003,1.195973098117538,-0.07289830360264793,36.06261932202261,36.0625086822703,7.94210563661385,2.8181741671894325
0.20000000000000004,1.1952229655815576,-0.07713829031990357,36.06262314346326,36.06251119878208,7.9331970856504315,2.8165931700638684
0.21000000000000005,1.1944301256813241,-0.0814402734876436,36.06262713851755,36.06251381689459,7.923851601644822,2.8149336762426254
0.22000000000000006,1.193593943011626,-0.0858073469060208,36.06263130393418,36.06251653259076,7.9140721659882285,2.8131960767049686
0.23000000000000007,1.19271375132219,-0.09024259417785359,36.06263563632786,36.062519341681764,7.903861903976693,2.811380782458451
0.24000000000000007,1.1917888535642556,-0.09474908754259315,36.06264013218269,36.062522239810335,7.893224084568243,2.809488224671576
0.25000000000000006,1.1908185219396061,-0.09932989258205722,36.06264478785571,36.06252522245433,7.882162120123145,2.8075188548116903
0.26000000000000006,1.189801997946221,-0.10398807407244796,36.06264959958052,36.062528284930224,7.870679566126463,2.805473144787963
0.2700000000000001,1.188738492424272,-0.1087266981082779,36.062654563471035,36.062531422396894,7.8587801208920975,2.803351587099288
0.2800000000000001,1.1876271856094414,-0.1135488282397919,36.062659675525495,36.06253462985946,7.846467625247521,2.8011546949869657
0.2900000000000001,1.1864672271995311,-0.11845751895773174,36.06266493163031,36.062537902173226,7.8337460621983475,2.798883002591989
0.3000000000000001,1.1852577364359191,-0.12345581086919304,36.06267032756429,36.06254123404777,7.820619556571842,2.7965370651167563
0.3100000000000001,1.18399780219564,-0.1285467308654062,36.06267585900285,36.062544620051106,7.80709237463845,2.794117458991023
0.3200000000000001,1.1826864830863797,-0.13373329580163146,36.0626815215223,36.06254805461397,7.793168923710432,2.7916247820418905
0.3300000000000001,1.1813228075469813,-0.13901851623882816,36.062687310604275,36.0625515320342,7.77885375171658,2.7890596536676266
0.34000000000000014,1.1799057739533236,-0.14440539610393724,36.06269322164032,36.06255504648121,7.7641515467520525,2.7864227150150875
0.35000000000000014,1.1784343507377986,-0.14989692806903926,36.06269924993637,36.06255859200055,7.749067136602293,2.7837146291605204
0.36000000000000015,1.1769074765262169,-0.15549608774460916,36.06270539071753,36.06256216251856,7.733605488239931,2.780936081293479
0.37000000000000016,1.1753240602913873,-0.16120583079047784,36.06271163913281,36.06256575184712,7.717771707293625,2.778087778903616
0.38000000000000017,1.173682981520439,-0.16702909271733057,36.06271799025991,36.06256935368839,7.701571037487719,2.775170451970062
0.3900000000000002,1.1719830903915607,-0.17296879213377664,36.06272443911019,36.062572961639745,7.685008860051563,2.772184853153116
0.4000000000000002,1.170223207961347,-0.1790278314739518,36.062730980633596,36.06257656919873,7.668090693097306,2.769131757987927
0.4100000000000002,1.1684021263663293,-0.185209095301609,36.06273760972366,36.062580169768,7.650822190965045,2.7660119650798776
0.4200000000000002,1.1665186090446533,-0.19151544517146224,36.06274432122258,36.06258375666039,7.633209143534022,2.7628262963013115
0.4300000000000002,1.164571390978396,-0.1979497148051201,36.06275110992634,36.06258732310409,7.615257475498697,2.759575596989272
0.4400000000000002,1.1625591789594651,-0.20451470727635027,36.06275797058982,36.062590862247724,7.5969732456083925,2.756260736143878
0.45000000000000023,1.1604806518713666,-0.2112131953134582,36.06276489793202,36.06259436716555,7.57836264586924,2.752882606626959
0.46000000000000024,1.1583344609899497,-0.21804792235788245,36.06277188664122,36.06259783086273,7.559432000707138,2.7494421253605497
0.47000000000000025,1.1561192303015768,-0.2250216016449488,36.06277893138023,36.06260124628052,7.540187766090337,2.745940233524819
0.48000000000000026,1.1538335568445395,-0.23213691283978855,36.06278602679164,36.06260460630161,7.520636528610392,2.7423778967550025
0.49000000000000027,1.1514760110762308,-0.2393964970753457,36.06279316750303,36.06260790375538,7.500785004520006,2.7387561053368747
0.5000000000000002,1.1490451372691957,-0.24680295207012135,36.06280034813226,36.0626111314232,7.4806400387265075,2.735075874400289
0.5100000000000002,1.1465394539349723,-0.2543588299265553,36.06280756329269,36.06261428204377,7.460208603739449,2.731338244110284
0.5200000000000002,1.1439574542719753,-0.26206663615507114,36.062814807598414,36.06261734831842,7.439497798570966,2.7275442798552265
0.5300000000000002,1.141297606639807,-0.2699288292606741,36.06282207566953,36.0626203229164,7.418514847587476,2.723695072431471
0.5400000000000003,1.1385583550613705,-0.2779478179945007,36.062829362137215,36.0626231984802,7.397267099311232,2.719791738223946
0.5500000000000003,1.1357381197552447,-0.2861259575105354,36.062836661649044,36.06262596763083,7.3757620251703315,2.7158354193820973
0.5600000000000003,1.1328352977041793,-0.2944655428919568,36.062843968874006,36.06262862297305,7.354007218195652,2.711827283990566
0.5700000000000003,1.1298482632577906,-0.30296880587502784,36.06285127850763,36.06263115710062,7.332010391663298,2.707768526233972
0.5800000000000003,1.1267753687704107,-0.31163791094201143,36.062858585277056,36.0626335626015,7.30977937768104,2.7036603665551335
0.5900000000000003,1.1236149452729307,-0.3204749539834415,36.062865883945996,36.062635832063,7.2873221257172816,2.6995040518060502
0.6000000000000003,1.1203653031793854,-0.3294819602068346,36.062873169319644,36.0626379580769,7.264646701071043,2.6953008553909235
0.6100000000000003,1.1170247330306173,-0.33866087971460485,36.06288043624957,36.0626399332445,7.241761283281495,2.6910520774004905
0.6200000000000003,1.113591506278635,-0.34801358216711054,36.06288767963849,36.062641750181626,7.218674164475516,2.6867590447368954
0.6300000000000003,1.1100638761131054,-0.35754185204854433,36.06289489444501,36.062643401523594,7.195393747651815,2.682423111228319
0.6400000000000003,1.1064400783346404,-0.36724738243267385,36.06290207568819,36.062644879930104,7.1719285449001005,2.6780456577325378
0.6500000000000004,1.1027183322643395,-0.37713177236203455,36.06290921845216,36.06264617809,7.1482871755538255,2.673628092228578
0.6600000000000004,1.098896841703557,-0.3871965237162312,36.0629163178905,36.06264728872606,7.124478364275061,2.6691718498955925
0.6700000000000004,1.0949737959324597,-0.39744303728295527,36.0629233692306,36.062648204599626,7.10051093906996,2.6646783931780513
0.6800000000000004,1.0909473707586128,-0.40787260762933963,36.062930367777945,36.06264891851518,7.076393829233456,2.6601492118363317
0.6900000000000004,1.08681572961319,-0.4184864171366222,36.06293730892013,36.062649423324785,7.052136063221668,2.655585822981752
0.7000000000000004,1.0825770246968232,-0.42928552964117644,36.06294418813096,36.062649711932565,7.027746766450637,2.65098977109506
0.7100000000000004,1.078229398181324,-0.4402708859370207,36.062951000974294,36.06264977729888,7.003235159020026,2.646362628027388
0.7200000000000004,1.0737709834550735,-0.4514432987252899,36.06295774310783,36.062649612444574,6.978610553360329,2.641705992982627
0.7300000000000004,1.0691999064265454,-0.4628034489163963,36.06296441028669,36.06264921045505,6.953882351802314,2.6370214924801645
0.7400000000000004,1.0645142868755746,-0.4743518802591185,36.06297099836692,36.062648564484206,6.929060044067326,2.6323107802969097
0.7500000000000004,1.0597122398597296,-0.4860889937919106,36.06297750330886,36.06264766775833,6.904153204677215,2.627575537387501
0.7600000000000005,1.0547918771809215,-0.49801504109024286,36.06298392118032,36.06264651357973,6.879171490282611,2.6228174717815596
0.7700000000000005,1.049751308902357,-0.5101301175804214,36.06299024815964,36.06264509533052,6.85412463690832,2.6180383184568403
0.7800000000000005,1.0445886449286315,-0.5224341577473949,36.06299648053862,36.06264340647593,6.829022457114729,2.6132398391871208
0.7900000000000005,1.0393019966392036,-0.5349269294456516,36.06300261472521,36.06264144056779,6.803874837074061,2.6084238223636245
0.8000000000000005,1.033889478577772,-0.547608029824638,36.06300864724612,36.062639191247676,6.778691733560427,2.603592082788782
0.8100000000000005,1.0283492102036185,-0.5604768784723103,36.063014574749246,36.06263665225008,6.753483170852676,2.5987464614411073
0.8200000000000005,1.0226793176963187,-0.5735327117987931,36.06302039400595,36.06263381740533,6.728259237549092,2.593888825209957
0.8300000000000005,1.016877935824819,-0.5867745760239937,36.0630261019131,36.06263068064243,6.703030083293059,2.5890210665989297
0.8400000000000005,1.0109432098722724,-0.6002013208942165,36.06303169549499,36.062627235991755,6.677805915408882,2.58414510339665
0.8500000000000005,1.0048732976235673,-0.613811594450507,36.063037171905144,36.06262347758761,6.652596995447038,2.5792628783136933
0.8600000000000005,0.9986663714070548,-0.6276038379930305,36.06304252842782,36.062619399670645,6.627413635638163,2.574376358584378
0.8700000000000006,0.9923206201950341,-0.641576279562194,36.063047762479435,36.06261499659012,6.6022661952553,2.5694875355321924
0.8800000000000006,0.9858342517633601,-0.6557269300609765,36.06305287160979,36.06261026280605,6.577165076883822,2.564598424097586
0.8900000000000006,0.9792054949065712,-0.6700535756845762,36.06305785350308,36.06260519289117,6.552120722598697,2.559711062326898
0.9000000000000006,0.9724326017108166,-0.6845537712740781,36.06306270597879,36.06259978153285,6.527143610048865,2.554827510821203
0.9100000000000006,0.9655138498814229,-0.699224836764599,36.063067426992355,36.06259402353474,6.502244248448461,2.5499498521438535
0.9200000000000006,0.9584475451266137,-0.7140638502164962,36.063072014635694,36.06258791381839,6.477433174474908,2.5450801901855487
0.9300000000000006,0.9512320235907203,-0.729067644591979,36.06307646713748,36.062581447424655,6.45272094807391,2.5402206494857706
0.9400000000000006,0.9438656543391469,-0.74423280190698,36.063080782863345,36.062574619515026,6.428118148171548,2.535373374509472
0.9500000000000006,0.9363468418932042,-0.7595556485204659,36.063084960315834,36.06256742537276,6.4036353682938,2.5305405288779315
0.9600000000000006,0.9286740288097435,-0.7750322510566173,36.06308899813418,36.06255986040395,6.37928321209396,2.5257242945527447
0.9700000000000006,0.9208456983104023,-0.7906584100250951,36.063092895093966,36.06255192013838,6.355072288788555,2.520926870971975
0.9800000000000006,0.9128603769498059,-0.8064296569486741,36.06309665010652,36.06254360023033,6.3310132085025375,2.5161504741375342
0.9900000000000007,0.9047166373252996,-0.8223412503593801,36.063100262218256,36.062534896459226,6.307116577524672,2.511397335652937
1.0000000000000007,0.8964131008216022,-0.8383881734447851,36.06310373060975,36.06252580473013,6.283392993474213,2.5066697017106607
1.0100000000000007,0.8879484403873873,-0.854565129487258,36.0631070545947,36.06251632107419,6.259853040380126,2.501969832028381
1.0200000000000007,0.8793213833481046,-0.8708665403158682,36.06311023361871,36.062506441648885,6.2365072836743165,2.4972999987334954
1.0300000000000007,0.8705307142360663,-0.8872865427389922,36.0631132672579,36.06249616273827,6.2133662651004755,2.4926624851953934
1.0400000000000007,0.8615752776507072,-0.9038189864374321,36.06311615521743,36.062485480752954,6.190440497540387,2.488059584805072
1.0500000000000007,0.852453981131569,-0.9204574329259574,36.06311889732979,36.06247439223017,6.167740459759692,2.4834935997017773
1.0600000000000007,0.843165798049864,-0.9371951541822703,36.063121493552956,36.0624628938336,6.145276591075366,2.478966839446499
1.0700000000000007,0.8337097705024652,-0.9540251319827054,36.063123943968485,36.06245098235314,6.123059285947347,2.474481619642253
1.0800000000000007,0.8240850122117355,-0.9709400598755739,36.06312624877938,36.06243865470466,6.1010988884969315,2.4700402605012193
1.0900000000000007,0.814290711426293,-0.9879323403916312,36.06312840830786,36.06242590792953,6.079405686954899,2.4656450853589815
1.1000000000000008,0.8043261338097084,-1.0049940879045327,36.06313042299299,36.06241273919425,6.057989908042367,2.461298419136202
1.1100000000000008,0.794190625319752,-1.0221171296846907,36.06313229338821,36.06239914578986,6.0368617112878304,2.4570025867482985
1.1200000000000008,0.7838836150676937,-1.039293007553832,36.06313402015879,36.06238512513134,6.016031183283887,2.4527599114637955
1.1300000000000008,0.7734046181497222,-1.0565129828108246,36.06313560407904,36.06237067475702,5.995508331887477,2.448572713212225
1.1400000000000008,0.762753238451993,-1.0737680377546657,36.06313704602954,36.06235579232781,5.975303080367769,2.4444433068426377
1.1500000000000008,0.751929171405321,-1.091048880863298,36.06313834699426,36.06234047562645,5.955425261505919,2.4403740003339487
1.1600000000000008,0.7409322067085022,-1.1083459518559777,36.063139508057546,36.06232472255683,5.935884611651328,2.4363670929585566
1.1700000000000008,0.7297622309877483,-1.1256494267929515,36.063140530400986,36.062308531143024,5.9166907647392035,2.432424873400863
1.1800000000000008,0.718419230402879,-1.142949223998073,36.06314141530035,36.06229189952856,5.8978532462744795,2.42854961783252
1.1900000000000008,0.7069032931796676,-1.1602350123916452,36.06314216412229,36.06227482597551,5.879381467287453,2.424743587946456
1.2000000000000008,0.6952146120735287,-1.1774962187513853,36.063142778321044,36.06225730886364,5.861284718266674,2.421009028951911
1.2100000000000009,0.6833534867450454,-1.1947220364702646,36.06314325943513,36.06223934668955,5.8435721630749775,2.4173481675329636
1.2200000000000009,0.6713203260476758,-1.2119014356576354,36.063143609083916,36.062220938065764,5.826252832854675,2.413763209773211
1.2300000000000009,0.6591156502124595,-1.2290231725797056,36.06314382896416,36.06220208171994,5.809335619928281,2.4102563390494964
1.2400000000000009,0.6467400929352453,-1.246075800461928,36.06314392084656,36.06218277649395,5.79282927170133,2.4068297138977925
1.2500000000000009,0.6341944033370773,-1.2630476822041818,36.063143886572206,36.062163021343146,5.776742384574071,2.4034854658545517
1.260000000000001,0.6214794478157425,-1.2799270020794857,36.063143728049084,36.0621428153355,5.76108339786912,2.400225697277054
1.270000000000001,0.6085962117542746,-1.2967017803912682,36.06314344724849,36.062122157650926,5.7458605877822775,2.3970524791464785
1.280000000000001,0.595545801099757,-1.3133598867876852,36.0631430462015,36.06210104758054,5.731082061364032,2.393967848857631
1.290000000000001,0.582329443795,-1.3298890555990457,36.063142526995385,36.062079484526016,5.716755750539394,2.3909738079994507
1.300000000000001,0.5689484910508619,-1.3462769011719988,36.06314189177006,36.062057467999,5.7028894061739654,2.388072320130604
1.310000000000001,0.5554044184679925,-1.3625109344128976,36.06314114271455,36.06203499762055,5.689490592194251,2.385265308554638
1.320000000000001,0.5416988269816088,-1.3785785798862633,36.06314028206344,36.06201207312077,5.676566679770476,2.3825546540993505
1.330000000000001,0.5278334436365216,-1.3944671944016225,36.06313931209339,36.06198869433828,5.66412484157027,2.37994219290517
1.340000000000001,0.5138101221777497,-1.4101640837004787,36.06313823511965,36.061964861220055,5.652172046091711,2.3774297142274703
1.350000000000001,0.4996308434551835,-1.4256565245902595,36.06313705349263,36.061940573821104,5.64071505208437,2.3750189582578853
1.360000000000001,0.48529771563285223,-1.4409317813415734,36.06313576959447,36.0619158323044,5.629760403067081,2.3727116139697806
1.370000000000001,0.4708129741973294,-1.455977127917998,36.06313438583573,36.06189063694082,5.619314421951264,2.370509316993136
1.380000000000001,0.4561789817655154,-1.470779868282039,36.06313290465208,36.061864988109235,5.609383205778637,2.3684136475241475
1.390000000000001,0.4413982276794355,-1.4853273569862713,36.06313132850105,36.06183888629669,5.599972620582256,2.366426128274926
1.400000000000001,0.4264733273851783,-1.4996070216232935,36.063129659858845,36.06181233209863,5.591088296379802,2.364548222468682
1.410000000000001,0.41140702160066506,-1.5136063844966012,36.06312790121726,36.06178532621937,5.582735622307999,2.3627813318857926
1.420000000000001,0.3962021752535276,-1.5273130846678618,36.06312605508061,36.06175786947257,5.574919741907112,2.3611267949661476
1.430000000000001,0.38086177620445,-1.5407149007419534,36.063124123962794,36.061729962781826,5.5676455485642675,2.3595858849730957
1.440000000000001,0.3653889337355729,-1.553799773272732,36.06312211038438,36.06170160718147,5.560917681124391,2.358159808224284
1.450000000000001,0.3497868768218626,-1.5665558274767255,36.063120016869846,36.06167280381741,5.5547405196773765,2.3568497023945705
1.460000000000001,0.3340589521659083,-1.5789713959040514,36.0631178459448,36.061643553948144,5.549118181529936,2.3556566348960826
1.470000000000001,0.3182086220081669,-1.5910350419276955,36.06311560013341,36.061613858945826,5.54405451737051,2.354581601340355
1.480000000000001,0.30223946171072846,-1.6027355821434135,36.063113281955815,36.061583720297584,5.539553107635288,2.353625524087315
1.490000000000001,0.28615515711387896,-1.614062107914814,36.06311089392575,36.06155313960681,5.53561725908329,2.3527892508856993
1.500000000000001,0.2699595016671063,-1.6250040095441676,36.06310843854815,36.06152211859474,5.5322500015881095,2.3520735536092636
1.5100000000000011,0.25365639334273976,-1.6355509962490442,36.06310591831687,36.061490659101985,5.529454085153713,2.3514791270929267
1.5200000000000011,0.23724983132781954,-1.6456931192298951,36.06310333571262,36.06145876309035,5.527231977161302,2.3510065880727136
1.5300000000000011,0.22074391250414005,-1.6554207916202495,36.06310069320084,36.06142643264468,5.525585859853989,2.3506564742331
1.5400000000000011,0.20414282772096107,-1.6647248101975067,36.0630979932298,36.061393669974855,5.524517628065614,2.3504292433650527
1.5500000000000012,0.18745085786026267,-1.673596374850355,36.063095238228705,36.06136047741789,5.5240288871996395,2.3503252726377344
1.5600000000000012,0.17067236971230887,-1.6820271074784412,36.06309243060598,36.06132685744022,5.524120951463695,2.3503448579865243
1.5700000000000012,0.15381181165500626,-1.6900090715425418,36.063089572747614,36.06129281264,5.5247948423648445,2.3504882136196397
1.5800000000000012,0.13687370915826427,-1.6975347883197465,36.06308666701563,36.061258345749586,5.526051287470202,2.3507554716452757
1.5900000000000012,0.11986266010928491,-1.7045972554973594,36.0630837157466,36.06122345963816,5.527890719437055,2.3511466818208206
1.6000000000000012,0.10278332997717053,-1.7111899614719717,36.06308072125036,36.061188157314284,5.530313275316116,2.3516618114252985
1.6100000000000012,0.08564044682479235,-1.7173069014580964,36.063077685808686,36.06115244192884,5.533318796131023,2.3523007452558065
1.6200000000000012,0.06843879617429037,-1.7229425910212797,36.06307461167424,36.061116316777806,5.536906826736622,2.353063285748308
1.6300000000000012,0.05118321573919625,-1.7280920781473257,36.063071501069444,36.06107978530525,5.541076615958098,2.3539491532227492
1.6400000000000012,0.033878590039638085,-1.7327509552902998,36.06306835618557,36.06104285110642,5.545827117012301,2.354957986252048
1.6500000000000012,0.016529844902134702,-1.7369153703622522,36.06306517918183,36.061005517930866,5.551156988212197,2.356089342154112
1.6600000000000013,-0.0008580581322516537,-1.7405820340154468,36.06306197218464,36.06096778968563,5.557064593954633,2.3573426976056395
1.6700000000000013,-0.01828012748608837,-1.743748229499867,36.063058737286916,36.060929670438604,5.563548005991112,2.358717449376061
1.6800000000000013,-0.03573134729939362,-1.7464118177237846,36.06305547654746,36.06089116442183,5.570605004980592,2.3602129151796016
1.6900000000000013,-0.05320668323242402,-1.7485712429329459,36.06305219199048,36.060852276034936,5.57823308232279,2.361828334643056
1.7000000000000013,-0.07070108831899205,-1.7502255361535963,36.06304888560511,36.060813009848566,5.5864294422697744,2.363562870386522
1.7100000000000013,-0.08820950885387313,-1.7513743182698078,36.06304555934506,36.06077337060793,5.5951910043131186,2.3654156092139744
1.7200000000000013,-0.10572689028240066,-1.7520177994651767,36.06304221512834,36.060733363236324,5.604514405843227,2.3673855634102416
1.7300000000000013,-0.12324818311115228,-1.7521567808515637,36.06303885483705,36.06069299283869,5.6143960050768476,2.369471672140616
1.7400000000000013,-0.14076834879388395,-1.751792650414033,36.063035480317204,36.060652264705226,5.624831884248294,2.3716728029490692
1.7500000000000013,-0.1582823655956099,-1.750927381937992,36.06303209337867,36.060611184314965,5.635817853059169,2.373987753350714
1.7600000000000013,-0.17578523442072908,-1.7495635288996891,36.063028695795154,36.060569757339415,5.647349452380996,2.3764152525139615
1.7700000000000014,-0.1932719845867726,-1.7477042187610303,36.063025289304214,36.06052798964613,5.65942195820451,2.378953963027555
1.7800000000000014,-0.2107376795260992,-1.7453531461515337,36.06302187560738,36.06048588730234,5.6720303858289,2.3816024827474673
1.7900000000000014,-0.22817742241725728,-1.7425145639843986,36.06301845637027,36.06044345657849,5.685169494283744,2.384359346718473
1.8000000000000014,-0.24558636171646314,-1.7391932731440423,36.06301503322285,36.06040070395181,5.698833790975983,2.3872230291650554
1.8100000000000014,-0.26295969658701357,-1.7353946120629131,36.06301160775955,36.060357636109785,5.713017536553738,2.39019194554616
1.8200000000000014,-0.2802926822123305,-1.7311244442266622,36.06300818153969,36.060314259953635,5.727714749978415,2.393264454668229
1.8300000000000014,-0.2975806349748095,-1.7263891440403563,36.06300475608772,36.06027058260177,5.742919213796099,2.3964388608508456
1.8400000000000014,-0.31481893750437956,-1.7211955832706969,36.06300133289357,36.06022661139301,5.758624479598949,2.3997134161393
1.8500000000000014,-0.33200304356334354,-1.715551114720351,36.062997913413064,36.06018235388997,5.774823873666879,2.403086322558322
1.8600000000000014,-0.34912848278076763,-1.7094635557219602,36.06299449906836,36.060137817882136,5.791510502779537,2.4065557344012496
1.8700000000000014,-0.36619086521062694,-1.7029411709341948,36.06299109124836,36.060093011389036,5.8086772601883725,2.4101197605489175
1.8800000000000014,-0.38318588571338347,-1.6959926539783527,36.062987691309175,36.06004794266319,5.826316831738285,2.413776466812593
1.8900000000000015,-0.4001093281495695,-1.6886271079029724,36.06298430057466,36.06000262019297,5.844421702128164,2.4175238782953445
1.9000000000000015,-0.41695706937591587,-1.6808540256047717,36.062980920336905,36.05995705270537,5.862984161299478,2.4213599817663374
1.9100000000000015,-0.43372508304427604,-1.672683269527476,36.06297755185671,36.05991124916865,5.8819963109418785,2.425282728042625
1.9200000000000015,-0.4504094431856647,-1.6641250500135156,36.0629741963642,36.059865218794776,5.901450071104821,2.429290034373175
1.9300000000000015,-0.46700632759095523,-1.6551899045709582,36.06297085505933,36.05981897104182,5.921337186903935,2.4333797868199563
1.9400000000000015,-0.48351202096302653,-1.6458886746366412,36.062967529112456,36.059772515616025,5.941649235311061,2.437549842631133
1.9500000000000015,-0.49992291785657117,-1.6362324850500929,36.06296421966488,36.05972586247396,5.962377632016705,2.4417980326015303
1.9600000000000015,-0.5162355253838852,-1.6262327193116684,36.062960927829444,36.05967902182424,5.9835136383538075,2.4461221634157617
1.9700000000000015,-0.5324464657026479,-1.6159009986041137,36.06295765469107,36.05963200412921,6.0050483682717415,2.4505200199695865
1.9800000000000015,-0.5485524782664515,-1.6052491575423093,36.062954401307366,36.05958482010643,6.02697279534957,2.45498936766528
1.9900000000000015,-0.5645504218545092,-1.5942892221925664,36.06295116870914,36.05953748072982,6.04927775983774,2.4595279546770232
2.0000000000000013,-0.580437276358223,-1.5830333859288452,36.06294795790103,36.059489997230834,6.071953975717482,2.4641335141825174
2.010000000000001,-0.5962101443532599,-1.5714939878847225,36.062944769862035,36.05944238109914,6.094992037767491,2.4688037665572957
2.020000000000001,-0.6118662524323351,-1.55968348849659,36.06294160554602,36.05939464408323,6.1183824286276,2.4735364215284155
2.0300000000000007,-0.6274029523142872,-1.547614448841043,36.06293846588234,36.059346798190774,6.142115525849341,2.4783291802844394
2.0400000000000005,-0.6428177217276948,-1.535299506620987,36.06293535177634,36.05929885568871,6.16618160892373,2.4831797375388938
2.0500000000000003,-0.6581081650808163,-1.52275135561101,36.06293226410987,36.059250829102986,6.190570866276711,2.488085783544593
2.06,-0.6732720138978169,-1.5099827223693303,36.06292920374186,36.05920273121819,6.215273402223118,2.4930450060564726
2.07,-0.6883071270563895,-1.4970063472253323,36.06292617150872,36.05915457507678,6.2402792438702726,2.4980550922408162
2.0799999999999996,-0.7032114908109508,-1.4838349617657407,36.062923168224955,36.05910637397805,6.265578347962734,2.5031137305289852
2.0899999999999994,-0.7179832186068423,-1.470481269404773,36.062920194683564,36.05905814147683,6.291160607659995,2.5082186124139967
2.099999999999999,-0.7326205507041439,-1.4569579263030075,36.0629172516565,36.05900989138188,6.317015859239396,2.513367434188522
2.109999999999999,-0.7471218536022145,-1.443277521253182,36.062914339895215,36.0589616377539,6.343133888716767,2.5185578986230923
2.1199999999999988,-0.7614856192815932,-1.4294525584549633,36.06291146013098,36.058913394903314,6.369504438377836,2.5237877165835156
2.1299999999999986,-0.7757104642647955,-1.4154954394265733,36.062908613075386,36.05886517738764,6.396117213213748,2.529054608586724
2.1399999999999983,-0.7897951285016583,-1.4014184455415148,36.0629057994207,36.05881700000856,6.422961887254473,2.534356306294455
2.149999999999998,-0.8037384740961033,-1.3872337229174025,36.06290301984031,36.05876887780863,6.450028109794281,2.5396905539443737
2.159999999999998,-0.8175394838664162,-1.372953266399369,36.062900274989076,36.05872082606762,6.4773055115038956,2.5450551097184313
2.1699999999999977,-0.8311972597573752,-1.3585889040050305,36.062897565503675,36.058672860298515,6.504783710424276,2.5504477470484033
2.1799999999999975,-0.8447110211120161,-1.34415228485381,36.062894892002944,36.058624996243076,6.5324523178375085,2.555866255858766
2.1899999999999973,-0.8580801028064482,-1.3296548644466597,36.06289225508825,36.05857724986713,6.560300944010554,2.561308443747171
2.199999999999997,-0.8713039532540205,-1.3151078928140811,36.06288965534378,36.05852963735529,6.588319203808137,2.566772137102968
2.209999999999997,-0.8843821322970798,-1.3005224036415672,36.062887093336805,36.05848217510548,6.616496722171333,2.572255182164346
2.2199999999999966,-0.8973143089795618,-1.2859092023863883,36.06288456961802,36.05843487972288,6.644823139458928,2.577755446014794
2.2299999999999964,-0.9101002592248096,-1.271278857104321,36.062882084721785,36.05838776801354,6.673288116648905,2.583270817519701
2.239999999999996,-0.9227398634087425,-1.2566416893745977,36.06287963916633,36.05834085697753,6.701881340397867,2.5887992082040405
2.249999999999996,-0.9352331038556936,-1.2420077657069395,36.06287723345413,36.05829416380166,6.730592527956527,2.5943385530721557
2.259999999999996,-0.9475800622449987,-1.2273868897182378,36.06287486807194,36.058247705851834,6.759411431939757,2.5998868113707867
2.2699999999999956,-0.9597809169534911,-1.2127885958807676,36.062872543491146,36.05820150066478,6.78832784495011,2.6054419672965485
2.2799999999999954,-0.9718359403311082,-1.1982221432709559,36.06287026016791,36.05815556593947,6.817331604053924,2.6110020306491384
2.289999999999995,-0.9837454959173902,-1.1836965104320716,36.062868018543355,36.058109919528086,6.84641259510958,2.6165650374316285
2.299999999999995,-0.9955100356139869,-1.169220390312895,36.062865819043715,36.05806457942631,6.875560756947737,2.6221290503992623
2.3099999999999947,-1.0071300968106587,-1.1548021866456355,36.062863662080524,36.05801956376344,6.904766085403615,2.6276921595581957
2.3199999999999945,-1.0186062994759884,-1.14045001152727,36.0628615480507,36.057974890791726,6.934018637201839,2.6332524826157173
2.3299999999999943,-1.0299393432240607,-1.1261716814029126,36.062859477336765,36.05793057887541,6.963308533694389,2.6388081653834536
2.339999999999994,-1.041130004353787,-1.1119747164750282,36.06285745030686,36.05788664647912,6.992625964452725,2.6443573821351616
2.349999999999994,-1.052179132876918,-1.097866338723575,36.06285546731493,36.05784311215592,7.021961190715184,2.649898335920679
2.3599999999999937,-1.0630876495307198,-1.083853471658479,36.06285352870076,36.05779999453464,7.051304548691065,2.655429258837649
2.3699999999999934,-1.0738565427940217,-1.0699427397954913,36.0628516347901,36.05775731230687,7.080646452723075,2.6609484122626417
2.3799999999999932,-1.0844868658981988,-1.0561404693870826,36.06284978589471,36.057715084213285,7.109977398309875,2.6664540870432916
2.389999999999993,-1.0949797338490257,-1.0424526893058852,36.062847982312455,36.05767332902955,7.13928796499081,2.671944603653079
2.399999999999993,-1.1053363204594273,-1.028885132095958,36.062846224327274,36.057632065551566,7.168568819094961,2.6774183123103796
2.4099999999999926,-1.115557855396929,-1.0154432367732436,36.062844512209324,36.05759131258029,7.197810716356824,2.6828735930633827
2.4199999999999924,-1.1256456212548651,-1.0021321498471265,36.06284284621496,36.05755108890591,7.227004504401179,2.688308855842494
2.429999999999992,-1.135600950644961,-0.988956728891887,36.062841226586755,36.0575114132915,7.2561411250996475,2.693722540481786
2.439999999999992,-1.1454252233256155,-0.9759215461851017,36.06283965355348,36.057472304456105,7.285211616801762,2.699113116711073
2.4499999999999917,-1.15511986335549,-0.9630308902678103,36.06283812733022,36.05743378105731,7.314207116443289,2.704479084120136
2.4599999999999915,-1.1646863362877886,-0.9502887719828685,36.06283664811823,36.057395861673136,7.343118861534792,2.7098189720966217
2.4699999999999913,-1.1741261464009431,-0.9376989266063208,36.06283521610501,36.057358564783456,7.371938192033395,2.7151313397390915
2.479999999999991,-1.1834408339754976,-0.925264819400235,36.06283383146426,36.05732190875078,7.400656552100824,2.7204147757466735
2.489999999999991,-1.192631972612216,-0.9129896502585858,36.06283249435585,36.05728591180049,7.429265491750849,2.725667898286739
2.4999999999999907,-1.201701166596955,-0.9008763574220277,36.062831204925764,36.0572505920005,7.457756668389294,2.730889354841989
2.5099999999999905,-1.2106500483192435,-0.8889276238016262,36.06282996330611,36.05721596724026,7.486121848249834,2.7360778220382977
2.5199999999999902,-1.2194802757377674,-0.8771458814043764,36.06282876961497,36.05718205520926,7.514352907728797,2.741232005454627
2.52999999999999,-1.2281935298994704,-0.8655333167204715,36.06282762395645,36.05714887337488,7.542441834622234,2.7463506394162844
2.53999999999999,-1.236791512514779,-0.8540918769347288,36.06282652642055,36.057116438959724,7.570380729268487,2.7514324867727513
2.5499999999999896,-1.245275943588714,-0.8428232747386523,36.062825477083095,36.057084768918266,7.598161805599571,2.756476338661294
2.5599999999999894,-1.253648559106423,-0.8317289942030417,36.06282447600567,36.05705387991297,7.625777392104563,2.761481014257488
2.569999999999989,-1.2619111087762345,-0.8208102972725947,36.06282352323553,36.05702378828981,7.653219932708257,2.766445360513787
2.579999999999989,-1.2700653538367688,-0.8100682288301186,36.06282261880549,36.05699451005321,7.6804819875683235,2.7713682518872016
2.5899999999999888,-1.2781130649142753,-0.799503622423403,36.06282176273386,36.05696606084031,7.707556233794121,2.7762485900571154
2.5999999999999885,-1.2860560199466344,-0.7891171076162021,36.062820955024335,36.05693845589483,7.734435466090342,2.7810853036342382
2.6099999999999883,-1.293896002159741,-0.7789091141919792,36.06282019566582,36.05691171004009,7.761112597328607,2.78587734786164
2.619999999999988,-1.301634798112405,-0.768879879122569,36.0628194846324,36.05688583765173,7.787580659050052,2.790623704308779
2.629999999999988,-1.3092741957915386,-0.7590294525556077,36.062818821883205,36.05686085262958,7.81383280190197,2.795323380559389
2.6399999999999877,-1.316815982772295,-0.7493577028731551,36.06281820736222,36.05683676836922,7.8398622960114475,2.799975409894067
2.6499999999999875,-1.3242619444339014,-0.7398643232906392,36.06281764099825,36.056813597732756,7.865662531298916,2.804578850968344
2.6599999999999873,-1.3316138622360778,-0.7305488375813782,36.06281712270468,36.056791353019086,7.891227017734482,2.809132787487
2.669999999999987,-1.3388735120494968,-0.7214106056748375,36.062816652379446,36.056770045933746,7.916549385539806,2.813636327875336
2.679999999999987,-1.3460426625492068,-0.7124488288081686,36.062816229904804,36.056749687557996,7.9416233853382945,2.8180886049480938
2.6899999999999866,-1.3531230736573834,-0.7036625563223051,36.06281585514724,36.0567302883175,7.966442888256192,2.8224887755766526
2.6999999999999864,-1.3601164950462423,-0.6950506901520345,36.06281552795727,36.05671185795045,7.991001885977254,2.8268360203551346
2.709999999999986,-1.3670246646950168,-0.6866119900243142,36.06281524816934,36.0566944054751,8.01529449075342,2.831129543265977
2.719999999999986,-1.3738493074937208,-0.6783450797643407,36.06281501560166,36.05667793915685,8.039314935374014,2.835368571345534
2.7299999999999858,-1.3805921339110405,-0.6702484516332685,36.062814830055984,36.056662466474805,8.063057573095792,2.839552354350205
2.7399999999999856,-1.3872548387020542,-0.662320471854076,36.062814691317556,36.05664799408785,8.086516877536132,2.8436801644235823
2.7499999999999853,-1.3938390996718908,-0.6545593850745074,36.06281459915485,36.05663452780015,8.109687442531625,2.847751295765068
2.759999999999985,-1.4003465764861072,-0.6469633193406469,36.06281455331947,36.05662207252633,8.132563981964179,2.851765064300385
2.769999999999985,-1.4067789095268575,-0.6395302906742864,36.062814553545984,36.05661063225609,8.155141329556669,2.8557208073543654
2.7799999999999847,-1.4131377187981964,-0.6322582082395095,36.062814599551736,36.05660021001838,8.177414438640252,2.859617883326416
2.7899999999999845,-1.4194246028755988,-0.6251448777002578,36.062814691036685,36.0565908078452,8.199378381895093,2.8634556713689654
2.7999999999999843,-1.425641137892961,-0.6181880061474735,36.06281482768327,36.05658242673492,8.22102835106649,2.867233571069244
2.809999999999984,-1.431788876578729,-0.611385205735099,36.06281500915622,36.0565750666153,8.242359656658088,2.870951002134674
2.819999999999984,-1.4378693473269841,-0.6047339982028752,36.06281523510245,36.056568726306025,8.263367727603876,2.874607404082143
2.8299999999999836,-1.4438840533095425,-0.5982318179867253,36.06281550515082,36.056563403480894,8.284048110920649,2.878202235931424
2.8399999999999834,-1.4498344716247136,-0.5918760165391415,36.06281581891206,36.05655909462978,8.3043964713424,2.8817349759029542
2.849999999999983,-1.4557220524826413,-0.5856638651596958,36.0628161759786,36.056555795020145,8.324408590938194,2.8852051211201943
2.859999999999983,-1.4615482184198583,-0.5795925587407234,36.06281657592441,36.056553498658246,8.34408036871489,2.888612187316755
2.869999999999983,-1.4673143635543708,-0.5736592190085668,36.06281701830488,36.05655219825024,8.363407820206051,2.8919557085484646
2.8799999999999826,-1.4730218528673076,-0.5678608972166933,36.06281750265667,36.05655188516278,8.382387077048357,2.895235236910527
2.8899999999999824,-1.4786720215110785,-0.5621945771075524,36.062818028497624,36.05655254938362,8.401014386546649,2.8984503422599204
2.899999999999982,-1.48426617415293,-0.5566571780099386,36.062818595326625,36.05655417948185,8.41928611122886,2.9016006119431497
2.909999999999982,-1.4898055843398361,-0.5512455573339796,36.06281920262347,36.05655676256799,8.437198728391797,2.904685650529468
2.9199999999999817,-1.495291493889297,-0.5459565119401268,36.0628198498488,36.05656028425402,8.45474882963886,2.907705079549654
2.9299999999999815,-1.5007251123032868,-0.5407867821217828,36.06282053644401,36.05656472861317,8.471933120410668,2.9106585372404417
2.9399999999999813,-1.5061076162070088,-0.5357330528579797,36.06282126183113,36.05657007813963,8.488748419509436,2.9135456782946507
2.949999999999981,-1.5114401488055924,-0.530791955526861,36.06282202541283,36.05657631370832,8.505191658618005,2.916366173617093
2.959999999999981,-1.5167238193615595,-0.5259600699882463,36.062822826572265,36.0565834145344,8.521259881814292,2.9191197100862945
2.9699999999999807,-1.5219597026856049,-0.521233926767102,36.06282366467314,36.05659135813304,8.536950245081888,2.9218059903220626
2.9799999999999804,-1.5271488386513716,-0.5166100080651518,36.062824539059605,36.05660012027898,8.552260015817525,2.924424732458937
2.9899999999999802,-1.5322922317195393,-0.5120847493883853,36.06282544905628,36.0566096749663,8.567186572336015,2.9269756699255316
2.99999999999998,-1.5373908504753337,-0.5076545403942536,36.06282639396821,36.05661999436824,8.581727403373277,2.929458551229779
3.00999999999998,-1.542445627181293,-0.5033157265518898,36.06282737308098,36.05663104879716,8.59588010758797,2.9318731397500764
3.0199999999999796,-1.547457457338817,-0.49906461076081254,36.06282838566064,36.05664280666464,8.60964239306228,2.9342192135323293
3.0299999999999794,-1.5524271992596945,-0.4948974524146147,36.06282943095383,36.05665523444185,8.623012076802263,2.9364965650928765
3.039999999999979,-1.5573556736446903,-0.49081046999054695,36.06283050818786,36.0566682966201,8.63598708423819,2.9387050012272735
3.049999999999979,-1.5622436631720296,-0.4867998402539947,36.06283161657074,36.05668195567172,8.648565448725273,2.9408443428249096
3.0599999999999787,-1.5670919120888391,-0.48286170048166277,36.062832755291375,36.056696172011215,8.66074531104513,2.9429144246894317
3.0699999999999785,-1.571901125804621,-0.47899214650261,36.062833923519655,36.05671090395685,8.672524918908234,2.9449150953649297
3.0799999999999783,-1.5766719704982093,-0.47518723508214344,36.062835120406625,36.056726107692555,8.683902626457698,2.946846216967845
3.089999999999978,-1.5814050727113405,-0.47144298343015123,36.06283634508469,36.05674173723044,8.694876893774559,2.9487076650245543
3.099999999999978,-1.5861010189588285,-0.46775536829650066,36.06283759666779,36.05675774437357,8.705446286384834,2.9504993283145877
3.1099999999999777,-1.5907603553269705,-0.4641203270843576,36.06283887425167,36.056774078679496,8.715609474768481,2.9522211087194132
3.1199999999999775,-1.595383587075496,-0.46053375706710525,36.0628401769141,36.056790687424254,8.725365233870422,2.953872921076738
3.1299999999999772,-1.5999711782366814,-0.4569915157729507,36.06284150371523,36.056807515567016,8.734712442613798,2.955454693040277
3.139999999999977,-1.6045235512113776,-0.4534894190548022,36.06284285369783,36.05682450571544,8.743650083415476,2.9569663649449036
3.149999999999977,-1.6090410863574682,-0.4500232427874169,36.06284422588766,36.05684159809173,8.75217724170396,2.958407889677142
3.1599999999999766,-1.6135241215817957,-0.4465887198448062,36.06284561929387,36.056858730499464,8.760293105439724,2.959779232550922
3.1699999999999764,-1.6179729519070698,-0.4431815413828167,36.06284703290936,36.05687583829127,8.767996964637994,2.9610803711885287
3.179999999999976,-1.6223878290557985,-0.4397973553036401,36.06284846571123,36.05689285433734,8.775288210894033,2.962311295406685
3.189999999999976,-1.6267689610045784,-0.4364317651270144,36.06284991666125,36.056909708994944,8.782166336910874,2.963472007107689
3.1999999999999758,-1.6311165115427813,-0.43308032900888194,36.06285138470633,36.05692633007879,8.788630936029552,2.9645625201755403
3.2099999999999755,-1.6354305998116252,-0.42973855932146143,36.06285286877906,36.05694264283257,8.794681701761709,2.96558286037698
3.2199999999999753,-1.6397112998413705,-0.42640192122011367,36.062854367798266,36.05695856990146,8.800318427324642,2.9665330652673743
3.229999999999975,-1.643958640067086,-0.42306583072062004,36.062855880669574,36.05697403130584,8.805541005178615,2.967413184101367
3.239999999999975,-1.6481726028413106,-0.41972565436011144,36.06285740628607,36.05698894441614,8.810349426566475,2.9682232777482347
3.2499999999999747,-1.6523531239231413,-0.41637670712341573,36.062858943528894,36.05700322392897,8.814743781055416,2.968963418611859
3.2599999999999745,-1.6565000919635982,-0.4130142519739708,36.062860491267976,36.05701678184456,8.818724256080829,2.969633690555256
3.2699999999999743,-1.6606133479693757,-0.40963349684401856,36.062862048362724,36.057029527445515,8.822291136492169,2.9702341888295893
3.279999999999974,-1.6646926847510106,-0.406229594637023,36.06286361366277,36.05704136727698,8.825444804100695,2.9707650200075895
3.289999999999974,-1.6687378463588511,-0.40279763979724253,36.06286518600877,36.057052205128336,8.82818573722902,2.971226301921316
3.2999999999999736,-1.6727485274982663,-0.3993326685611138,36.06286676423321,36.05706194201633,8.830514510262333,2.971618163604189
3.3099999999999734,-1.6767243729319354,-0.39582965576029233,36.06286834716121,36.057070476169855,8.832431793201179,2.9719407452372226
3.319999999999973,-1.6806649768583064,-0.3922835139585355,36.06286993361149,36.05707770301632,8.83393835121575,2.972194198099402
3.329999999999973,-1.6845698822778874,-0.3886890902513155,36.06287152239715,36.05708351516973,8.835035044201465,2.972378684522123
3.3399999999999728,-1.6884385803363777,-0.38504116622476847,36.062873112326756,36.05708780242056,8.835722826335822,2.9724943778476387
3.3499999999999726,-1.6922705096500452,-0.38133445404006583,36.06287470220516,36.05709045172735,8.836002745636389,2.9725414623914648
3.3599999999999723,-1.696065055608495,-0.3775635964664227,36.062876290834595,36.057091347210225,8.83587594351979,2.972520133408652
3.369999999999972,-1.6998215496675828,-0.37372316287650237,36.06287787701568,36.057090370146334,8.83534365436166,2.972430597063901
3.379999999999972,-1.703539268606131,-0.36980764886944817,36.06287945954844,36.05708739896725,8.834407205057365,2.9722730704054374
3.3899999999999717,-1.7072174337770718,-0.36581147247185253,36.062881037233424,36.05708230925845,8.833068014583528,2.9720477813426096
3.3999999999999715,-1.7108552103267822,-0.3617289745432289,36.0628826088728,36.05707497376079,8.831327593560175,2.971754968627154
3.4099999999999713,-1.7144517064029432,-0.3575544141275398,36.06288417327146,36.057065262374316,8.829187543813472,2.971394881838069
3.419999999999971,-1.7180059723330259,-0.3532819677836158,36.06288572923823,36.05705304216403,8.826649557939005,2.9709677813700717
3.429999999999971,-1.7215169997864552,-0.34890572700944644,36.06288727558701,36.057038177368156,8.823715418865469,2.970473938425562
3.4399999999999706,-1.7249837209172942,-0.3444196966169745,36.06288881113794,36.05702052940862,8.820386999418865,2.969913635010093
3.4499999999999704,-1.7284050074804398,-0.3398177917774572,36.06289033471869,36.05699995690384,8.81666626188703,2.9692871639312743
3.45999999999997,-1.7317796699328807,-0.3350938375711756,36.06289184516565,36.05697631568413,8.81255525758455,2.9685948288010864
3.46999999999997,-1.7351064565120404,-0.3302415645161188,36.06289334132521,36.05694945880938,8.808056126418084,2.9678369440415833
3.47999999999997,-1.7383840522951994,-0.32525460957059094,36.06289482205501,36.05691923658943,8.803171096452036,2.9670138348939386
3.4899999999999696,-1.7416110782363186,-0.320126511338936,36.062896286225204,36.05688549660697,8.797902483474667,2.9661258374308175
3.4999999999999694,-1.7447860901895218,-0.3148507101120566,36.062897732719804,36.05684808374304,8.792252690564665,2.965173298572052
3.509999999999969,-1.7479075779069264,-0.3094205457818782,36.06289916043793,36.05680684020535,8.786224207658217,2.9641565761036
3.519999999999969,-1.75097396402755,-0.30382925477694994,36.0629005682952,36.05676160555919,8.779819611116713,2.9630760386997688
3.5299999999999687,-1.7539836030364266,-0.2980699702789191,36.06290195522492,36.056712216761255,8.773041563295136,2.9619320659487003
3.5399999999999685,-1.7569347802242654,-0.29213571956445694,36.06290332017956,36.05665850819626,8.765892812111261,2.960725048381099
3.5499999999999683,-1.7598257106175021,-0.28601942250958445,36.06290466213192,36.05660031171637,8.758376190615843,2.959455387502208
3.559999999999968,-1.7626545379042284,-0.2797138908161654,36.062905980076586,36.056537456683785,8.750494616563893,2.958123495827024
3.569999999999968,-1.765419333339626,-0.27321182675166883,36.062907273031165,36.05646977001598,8.742251091987287,2.956729796918766
3.5799999999999677,-1.7681180946481052,-0.2665058216063683,36.06290854003763,36.05639707623425,8.733648702768855,2.955274725430591
3.5899999999999674,-1.7707487449102504,-0.25958835467917357,36.06290978016364,36.05631919751517,8.724690618218201,2.9537587271505776
3.5999999999999672,-1.7733091314448135,-0.25245179452323074,36.062910992503795,36.05623595374516,8.715380090649523,2.9521822590499935
3.609999999999967,-1.7757970246836123,-0.24508839538926017,36.06291217618095,36.05614716257824,8.705720454961666,2.950545789334859
3.619999999999967,-1.7782101170425317,-0.2374902995269715,36.062913330347506,36.056052639496926,8.695715128220712,2.9488497975008343
3.6299999999999666,-1.780546021791944,-0.2296495355930393,36.06291445418661,36.05595219787634,8.685367609245453,2.9470947743914606
3.6399999999999664,-1.7828022719290986,-0.22155802000380065,36.06291554691342,36.05584564905155,8.674681478196062,2.9452812222597795
3.649999999999966,-1.7849763190439076,-0.21320755627669383,36.06291660777634,36.05573280238821,8.663660396166327,2.9434096548333746
3.659999999999966,-1.787065532213317,-0.20458983662489266,36.0629176360581,36.05561346535644,8.652308104779856,2.941480597382865
3.6699999999999657,-1.7890671968741962,-0.19569644274225376,36.062918631077075,36.05548744360811,8.64062842579063,2.939494586793898
3.6799999999999655,-1.7909785137404732,-0.18651884718029343,36.06291959218827,36.05535454105743,8.628625260688402,2.937452171642698
3.6899999999999653,-1.7927965977091262,-0.17704841538860963,36.06292051878449,36.0552145599649,8.616302590309308,2.9353539122751977
3.699999999999965,-1.79451847680737,-0.16727640766956195,36.062921410297385,36.05506730102468,8.603664474452241,2.9332003808898297
3.709999999999965,-1.7961410911451623,-0.15719398131434625,36.062922266198434,36.05491256345534,8.590715051501473,2.9309921616240247
3.7199999999999647,-1.7976612919125472,-0.1467921951716546,36.06292308600003,36.05475014509408,8.577458538056003,2.928729850644474
3.7299999999999645,-1.7990758403971334,-0.13606201081511826,36.06292386925626,36.054579842494306,8.563899228566235,2.9264140562412275
3.7399999999999642,-1.8003814070451134,-0.12499429863449749,36.062924615563944,36.05440145102669,8.550041494978464,2.924045398925684
3.749999999999964,-1.8015745705633923,-0.11357984165750618,36.06292532456339,36.054214764983755,8.535889786387788,2.921624511532546
3.759999999999964,-1.8026518170670807,-0.10180933916181585,36.06292599593922,36.054019577687725,8.521448628700043,2.919152039325811
3.7699999999999636,-1.8036095392874167,-0.089673415956693,36.06292662942109,36.053815681602,8.506722624303293,2.916628640108866
3.7799999999999634,-1.8044440358322424,-0.07716262425688365,36.062927224784424,36.053602868446,8.491716451749559,2.9140549843387578
3.789999999999963,-1.805151510513413,-0.06426745333428084,36.062927781850995,36.053380929313455,8.476434865447304,2.911431755244712
3.799999999999963,-1.8057280717553,-0.05097833779847411,36.062928300489475,36.053149654794154,8.460882695365404,2.908759648950976
3.8099999999999627,-1.806169732072732,-0.03728566252399589,36.062928780616,36.05290883509906,8.445064846749103,2.9060393746040507
3.8199999999999625,-1.8064724076421617,-0.02317977665089388,36.06292922219457,36.05265826018889,8.428986299848686,2.903271654504395
3.8299999999999623,-1.8066319179660377,-0.008650998476911717,36.06292962523744,36.05239771990602,8.412652109661346,2.9004572242426443
3.839999999999962,-1.8066439856469638,0.006310369610069042,36.062929989805404,36.052127004109806,8.396067405686969,2.8975968328404433
3.849999999999962,-1.8065042362617199,0.021714031651340227,36.06293031600808,36.05184590281519,8.379237391698355,2.894691242895925
3.8599999999999617,-1.8062081983700256,0.037569685790792846,36.06293060400398,36.05155420633461,8.362167345526435,2.891741230733904
3.8699999999999615,-1.8057513036446198,0.05388700899050712,36.062930854000726,36.05125170542322,8.344862618861047,2.8887475865608345
3.8799999999999613,-1.805128887146869,0.07067564366278657,36.06293106625497,36.05093819142729,8.327328637067783,2.885711114624571
3.889999999999961,-1.8043361877501838,0.08794518231922449,36.06293124107236,36.05061345643579,8.30957089902138,2.882632633378971
3.899999999999961,-1.803368348725718,0.10570515033100315,36.06293137880742,36.05027729343518,8.291594976956043,2.8795129756533555
3.9099999999999606,-1.8022204185004382,0.12396498797175201,36.062931479863295,36.04992949646717,8.273406516333166,2.876352988826852
3.9199999999999604,-1.8008873515965222,0.14273403243624758,36.06293154469149,36.049569860789646,8.255011235726704,2.873153535007606
3.92999999999996,-1.799364009769158,0.16202149672962848,36.06293157379146,36.049198183040474,8.236414926726498,2.8699154912168576
3.93999999999996,-1.7976451633528785,0.18183644849104535,36.062931567710194,36.04881426140423,8.217623453859703,2.8666397495778404
3.9499999999999598,-1.7957254928151802,0.2021877888555133,36.06293152704158,36.048417895781824,8.198642754530498,2.8633272175094655
3.9599999999999596,-1.793599590563608,0.22308422591098814,36.06293145242588,36.04800888796283,8.179478838978,2.859978817924706
3.9699999999999593,-1.7912619629742785,0.24453425184822505,36.06293134454898,36.04758704180054,8.160137790252396,2.856595489433601
3.979999999999959,-1.7887070327007324,0.26654611604834877,36.062931204141535,36.04715216338963,8.140625764209018,2.8531781865507484
3.989999999999959,-1.7859291412373681,0.2891277953854865,36.062931031978174,36.046704061246395,8.120948989520098,2.8497278799071495
3.9999999999999587,-1.7829225517789575,0.31228696773383197,36.06293082887648,36.046242546491264,8.10111376770376,2.84624555646623
4.009999999999959,-1.7796814523762923,0.33603097956535716,36.062930595695995,36.04576743303391,8.081126473169588,2.842732219743813
4.019999999999959,-1.7761999594044682,0.36036681340464116,36.062930333337015,36.04527853776034,8.060993553280165,2.8391888900318283
4.0299999999999585,-1.772472121360771,0.3853010568161997,36.062930042739424,36.04477568072233,8.040721528427493,2.835616604625437
4.039999999999958,-1.7684919230052365,0.41083986423223867,36.062929724881386,36.04425868532874,8.020316992123382,2.832016418053289
4.049999999999958,-1.7642532898466479,0.43698892364897135,36.06292938077792,36.043727378538854,7.999786611102388,2.828389402310507
4.059999999999958,-1.7597500930201637,0.4637534177707679,36.06292901147954,36.0431815910574,7.979137125435861,2.8247366470940016
4.069999999999958,-1.7549761545199647,0.4911379840384619,36.062928618070586,36.0426211575314,7.958375348655428,2.821059260039645
4.079999999999957,-1.7499252528527303,0.5191466757175697,36.06292820166768,36.04204591674839,7.937508167883906,2.8173583669607787
4.089999999999957,-1.744591129086142,0.5477829206058574,36.06292776341803,36.041455711836186,7.916542543971482,2.8136351120874723
4.099999999999957,-1.738967493328385,0.5770494757759996,36.06292730449759,36.04085039046383,7.89548551163474,2.809890658305896
4.109999999999957,-1.7330480316327819,0.6069483868944615,36.06292682610928,36.04022980504372,7.87434417959576,2.8061261873970955
4.119999999999957,-1.7268264133609899,0.6374809400055921,36.06292632948103,36.03959381293473,7.853125730718319,2.802342900274397
4.129999999999956,-1.7202962989890593,0.6686476175951241,36.062925815863764,36.03894227664607,7.831837422137888,2.7985420172185886
4.139999999999956,-1.713451348391271,0.7004480505199665,36.06292528652938,36.038275064041954,7.8104865853817795,2.7947247781099627
4.149999999999956,-1.7062852295861017,0.7328809700231178,36.06292474276861,36.0375920485467,7.789080626475514,2.790892442656204
4.159999999999956,-1.6987916279787745,0.7659441598733485,36.06292418588879,36.03689310935008,7.767627026031175,2.7870462906150615
4.1699999999999555,-1.6909642560826286,0.7996344065152271,36.06292361721165,36.03617813161307,7.746133339313047,2.783187622010605
4.179999999999955,-1.6827968637350144,0.8339474504551986,36.06292303807097,36.03544700667341,7.724607196275636,2.779317757341833
4.189999999999955,-1.6742832488083093,0.8688779356601999,36.06292244981023,36.03469963225099,7.70305630156873,2.775438037782276
4.199999999999955,-1.6654172684244997,0.9044193603132992,36.06292185378017,36.03393591265295,7.681488434503742,2.7715498253691457
4.209999999999955,-1.6561928506599548,0.9405640266510853,36.0629212513363,36.03315575897818,7.65991144897536,2.767654503180511
4.2199999999999545,-1.6466040067447285,0.9773029936882742,36.06292064383642,36.03235908932105,7.638333273331958,2.7637534754988473
4.229999999999954,-1.6366448437562178,1.0146260250929493,36.06292003263803,36.031545828974146,7.616761910188051,2.759848167959254
4.239999999999954,-1.626309577788379,1.0525215459667345,36.06291941909569,36.03071591062996,7.595205436171511,2.755940027680485
4.249999999999954,-1.6155925475931796,1.0909765921449535,36.06291880455846,36.029869274581074,7.573672001598043,2.7520305233768836
4.259999999999954,-1.6044882286868656,1.1299767671000471,36.06291819036709,36.02900586891892,7.552169830064982,2.7481211454491925
4.269999999999953,-1.592991247889245,1.1695061998415466,36.06291757785145,36.028125649730605,7.530707217956157,2.744213406052116
4.279999999999953,-1.5810963982931392,1.209547499965215,36.06291696832771,36.02722858129377,7.509292533849176,2.7403088391364165
4.289999999999953,-1.5687986546387631,1.2500817223620915,36.06291636309561,36.026314636269305,7.487934217816263,2.7364090004632464
4.299999999999953,-1.5560931890494025,1.291088329186466,36.062915763435626,36.02538379589142,7.466640780609379,2.732515467588313
4.3099999999999525,-1.542975387141258,1.3325451554489123,36.062915170606296,36.02443605015524,7.445420802720146,2.7286298398134083
4.319999999999952,-1.5294408644145612,1.3744283833978748,36.0629145858413,36.02347139800124,7.424282933304834,2.724753738102736
4.329999999999952,-1.5154854829475277,1.4167125120255304,36.06291401034673,36.02248984749676,7.403235888964442,2.720888804961431
4.339999999999952,-1.5011053683269338,1.4593703376169238,36.062913445298236,36.02149141601388,7.382288452369771,2.7170367042735677
4.349999999999952,-1.4862969267531294,1.50237293781195,36.06291289183824,36.02047613040384,7.361449470721188,2.7131991210969364
4.3599999999999515,-1.4710568623163978,1.545689656349172,36.06291235107313,36.01944402716749,7.340727854032778,2.709377761411793
4.369999999999951,-1.4553821943475602,1.5892881001325458,36.062911824070476,36.01839515262154,7.320132573230491,2.7055743518207906
4.379999999999951,-1.4392702748202704,1.6331341344474468,36.06291131185629,36.0173295630606,7.299672658053892,2.7017906391972515
4.389999999999951,-1.4227188057244566,1.6771918915558346,36.06291081541224,36.016247324914346,7.279357194751321,2.698028390278968
4.399999999999951,-1.4057258563604713,1.7214237804806265,36.06291033567294,36.01514851489999,7.259195323558253,2.6942893912047112
4.40999999999995,-1.3882898804739836,1.7657905056625143,36.06290987352332,36.01403322016951,7.239196235949024,2.690575446990666
4.41999999999995,-1.3704097331862515,1.8102510941052432,36.0629094297959,36.012901538451466,7.219369171652275,2.6868883809440756
4.42999999999995,-1.3520846875992474,1.8547629270470072,36.062909005268295,36.01175357818721,7.19972341542091,2.683230034011417
4.43999999999995,-1.3333144510648183,1.899281782185629,36.06290860066058,36.01058945866107,7.180268293547746,2.6796022640585573
4.4499999999999496,-1.314099180975024,1.9437618819790985,36.062908216632856,36.0094093101245,7.161013170118636,2.676006945080419
4.459999999999949,-1.2944395000269433,1.9881559534780773,36.06290785378281,36.008213273913604,7.141967442995454,2.6724459663378517
4.469999999999949,-1.2743365108701978,2.0324152901173926,36.0629075126434,36.00700150256018,7.123140539522031,2.6689212314195467
4.479999999999949,-1.253791810062733,2.0764898317407563,36.06290719368053,36.005774159895545,7.104541911946935,2.6654346572270224
4.489999999999949,-1.2328075012120554,2.1203282419081173,36.062906897290915,36.00453142114736,7.086181032557924,2.6619881728809247
4.4999999999999485,-1.211386207259828,2.1638780055410267,36.06290662379994,36.00327347302886,7.068067388523836,2.6585837185471206
4.509999999999948,-1.189531081797875,2.207085527153025,36.06290637345973,36.00200051382037,7.050210476440834,2.6552232441813315
4.519999999999948,-1.1672458193237834,2.2498962389580655,36.062906146447226,36.0007127534428,7.032619796581027,2.6519087081913337
4.529999999999948,-1.1445346643669212,2.2922547224055294,36.06290594286242,35.99941041352296,7.015304846842739,2.648642076016074
4.539999999999948,-1.1214024193869838,2.3341048323073545,36.06290576272674,35.9980937274503,6.998275116403178,2.645425318621408
4.549999999999947,-1.0978544513748572,2.3753898310767516,36.06290560598151,35.99676294042493,6.981540079075433,2.6422604109124888
4.559999999999947,-1.0738966970579364,2.4160525320843487,36.062905472486584,35.99541830949665,6.965109186373439,2.639149330063276
4.569999999999947,-1.0495356666605298,2.456035449327378,36.06290536201918,35.99406010359469,6.948991860290015,2.636094053764018
4.579999999999947,-1.0247784461237244,2.495280951673728,36.06290527427271,35.992688603548025,6.933197485794626,2.63309655838798
4.589999999999947,-0.9996326977333558,2.533731428542993,36.06290520885602,35.991304102095896,6.91773540305934,2.630158817079178
4.599999999999946,-0.9741066590965426,2.5713294548661807,36.06290516529256,35.989906903888404,6.9026148994229795,2.627282797763305
4.609999999999946,-0.9482091404049113,2.6080179681409774,36.06290514301988,35.9884973254769,6.887845201105295,2.6244704610845395
4.619999999999946,-0.9219495199459399,2.6437404417678705,36.062905141389294,35.98707569529398,6.873435464684692,2.6217237582713957
4.629999999999946,-0.8953377378214764,2.6784410696485477,36.062905159665696,35.98564235362279,6.859394768354805,2.6190446289352924
4.6399999999999455,-0.8683842878441991,2.7120649468465143,36.06290519702765,35.98419765255547,6.845732102976855,2.6164349988059814
4.649999999999945,-0.8411002075879181,2.744558255826619,36.062905252567596,35.98274195594058,6.832456362946587,2.6138967774085087
4.659999999999945,-0.8134970665951087,2.775868452447457,36.06290532529239,35.9812756393192,6.8195763368960485,2.6114318556868468
4.669999999999945,-0.7855869527146745,2.805944450530331,36.06290541412394,35.979799089849514,6.80710069825223,2.6090421035798235
4.679999999999945,-0.7573824566035028,2.8347368043732533,36.06290551790019,35.97831270621981,6.795037995676057,2.606729367555454
4.689999999999944,-0.7288966544011587,2.862197892959519,36.06290563537625,35.97681689854952,6.783396643406621,2.6044954681102097
4.699999999999944,-0.7001430886082638,2.8882820950886336,36.06290576522574,35.97531208827826,6.772184911536987,2.602342197240207
4.709999999999944,-0.6711357472065522,2.9129459632954107,36.06290590604254,35.9737987080426,6.761410916249037,2.600271315891678
4.719999999999944,-0.6418890410867399,2.9361483911540174,36.06290605634254,35.972277201540535,6.75108261003595,2.5982845513984705
4.729999999999944,-0.6124177798305012,2.957850773123398,36.062906214565785,35.970748023383244,6.741207771941893,2.5963835949146445
4.739999999999943,-0.5827371459299363,2.9780171569376273,36.062906379078804,35.96921163893432,6.731793997849207,2.594570098850522
4.749999999999943,-0.5528626675283601,2.996614387691607,36.062906548177196,35.96766852413599,6.722848690844126,2.592845674320808
4.759999999999943,-0.5228101897737991,3.0136122409593895,36.062906720088435,35.96611916532245,6.714379051692334,2.5912118886135755
4.769999999999943,-0.49259584489014974,3.028983545392019,36.06290689297487,35.964564059020056,6.706392069456174,2.5896702626890886
4.7799999999999425,-0.46223602108053774,3.0427042944300404,36.062907064937,35.96300371173425,6.698894512285085,2.5882222687174847
4.789999999999942,-0.4317473303712218,3.0547537444319843,36.06290723401693,35.961438639723184,6.691892918411033,2.5868693276644326
4.799999999999942,-0.401146575551858,3.065114500265847,36.06290739820199,35.95986936875791,6.685393587380084,2.5856128069338
4.809999999999942,-0.37045071631536586,3.073772587294948,36.06290755542868,35.958296433868966,6.679402571550971,2.5844540180763462
4.819999999999942,-0.33967683475265575,3.080717508109778,36.0629077035866,35.95672037907951,6.673925667890564,2.583394214573255
4.8299999999999415,-0.3088421003527458,3.0859422870878483,36.06290784052276,35.955141757124615,6.668968410095395,2.582434589703173
4.839999999999941,-0.27796373464210145,3.0894434955830112,36.062907964045856,35.95356112915693,6.66453606106713,2.5815762745011295
4.849999999999941,-0.24705897562505957,3.0912212672452766,36.06290807193082,35.951979064438625,6.6606336057686395,2.5808203358174002
4.859999999999941,-0.2161450421823721,3.091279291742013,36.062908161923474,35.950396140019414,6.657265744485779,2.580167774484012
4.869999999999941,-0.18523909856226103,3.0896248015489562,36.062908231745176,35.94881294040088,6.654436886518358,2.5796195235961363
4.87999999999994,-0.15435821912808506,3.086268534155197,36.06290827909779,35.94723005718696,6.652151144321939,2.5791764469151657
4.88999999999994,-0.12351935352431029,3.081224686607523,36.062908301668465,35.945648088720596,6.650412328120154,2.578839337399706
4.89999999999994,-0.09273929238495886,3.074510852752998,36.06290829713468,35.94406763970666,6.649223941005122,2.5786089158701677
4.90999999999994,-0.062034633739700466,3.066147945334185,36.06290826316923,35.94248932082112,6.648589174541388,2.5784858298120215
4.9199999999999395,-0.031421750258715825,3.0561601076845246,36.062908197445196,35.940913748306535,6.648510904886477,2.5784706523221232
4.929999999999939,-0.0009167574648455828,3.044574607448252,36.06290809764106,35.93934154355399,6.648991689438828,2.5785638812018656
4.939999999999939,0.02946451696730968,3.031421726356808,36.06290796144563,35.937773332671384,6.650033764021432,2.5787659382001755
4.949999999999939,0.05970656269705503,3.0167346276428657,36.06290778656306,35.9362097460385,6.65163904060705,2.5790771684087024
4.959999999999939,0.08979421488239901,3.000549224197985,36.06290757071774,35.934651417848634,6.653809105588426,2.5794978398107693
4.9699999999999385,0.1197126809357821,2.9829040287263253,36.062907311659146,35.93309898563711,6.656545218594477,2.580028142984971
4.979999999999938,0.14944756576026916,2.9638400001768614,36.06290700716658,35.93155308979686,6.659848311850922,2.580668190963519
4.989999999999938,0.17898489539975357,2.943400380264446,36.06290665505385,35.93001437308106,6.6637189900815414,2.58141801924476
4.999999999999938,0.20831113903203893,2.9216305251563477,36.062906253173765,35.928483480093306,6.668157530943758,2.5822775859585194
5.009999999999938,0.23741322923929603,2.898577730034506,36.06290579942255,35.926961056765215,6.67316388599018,2.583246772182282
5.019999999999937,0.2662785805182429,2.8742910528195282,36.062905291744094,35.925447749821956,6.678737682145343,2.5843253824055017
5.029999999999937,0.2948951059822401,2.848821128267965,36.06290472813402,35.92394420623573,6.6848782236850814,2.585513145138713
5.039999999999937,0.32325123223078217,2.8222199879314966,36.062904106643636,35.92245107266772,6.6915844947037915,2.5868097136634907
5.049999999999937,0.3513359123792935,2.794540873367646,36.06290342538362,35.920968994898516,6.698855162053198,2.5882146669187236
5.0599999999999365,0.3791386372426,2.7658380507115443,36.06290268252759,35.919498617247555,6.706688578734547,2.5897275105181525
5.069999999999936,0.4066494446560626,2.736166628336292,36.06290187631549,35.918040581981806,6.71508278772454,2.5913476778935975
5.079999999999936,0.43385892697941986,2.7055823728929034,36.06290100505667,35.916595528714005,6.72403552621413,2.5930745315578823
5.089999999999936,0.460758236796165,2.6741415322243185,36.0629000671329,35.91516409379088,6.733544230237947,2.594907364481042
5.099999999999936,0.4873390908277344,2.641900657433718,36.06289906100101,35.91374690967174,6.743606039671247,2.5968454015730793
5.1099999999999355,0.5135937721238716,2.608916435091268,36.062897985195505,35.91234460429775,6.754217803570245,2.5988878012661965
5.119999999999935,0.5395151305701619,2.5752455185790986,36.06289683833079,35.910957800452515,6.765376085831187,2.601033657189231
5.129999999999935,0.565096581760226,2.5409443700995067,36.06289561910334,35.90958711511407,6.777077171142868,2.6032819999267978
5.139999999999935,0.5903321043132275,2.5060691074253247,36.06289432629343,35.90823315879916,6.789317071206924,2.6056317988554953
5.149999999999935,0.6152162356853331,2.470675356609324,36.062892958767016,35.90689653489999,6.802091531200158,2.6080819640494735
5.159999999999934,0.6397440665578745,2.4348181141842837,36.062891515477,35.905577839013965,6.815396036452948,2.6106313482475745
5.169999999999934,0.6639112338826794,2.398551616240228,36.06288999546458,35.904277658267176,6.829225819317971,2.6132787488742895
5.179999999999934,0.6877139126501346,2.3619292153083684,36.062888397860256,35.902996570631835,6.843575866203721,2.6160229101068135
5.189999999999934,0.711148806484937,2.325003266473473,36.06288672188475,35.9017351442385,6.858440924747599,2.6188625249805684
5.199999999999934,0.7342131371254865,2.2878250213521074,36.062884966849616,35.900493936683446,6.873815511103883,2.6217962375256936
5.209999999999933,0.7569046329068174,2.2504445317989594,36.062883132157744,35.899273494332014,6.8896939173225,2.624822644927177
5.219999999999933,0.7792215163085692,2.2129105606478703,36.0628812173037,35.89807435161815,6.9060702187952145,2.627940299701501
5.229999999999933,0.8011624906603959,2.175270503472688,36.062879221873814,35.896897030341314,6.922938281746575,2.631147711882891
5.239999999999933,0.8227267261124671,2.137570316798118,36.0628771455462,35.89574203896079,6.940291770747995,2.634443351212547
5.2499999999999325,0.8439138449228126,2.099854456165733,36.06287498809056,35.89460987188862,6.9581241562341,2.637825649324477
5.259999999999932,0.8647239061729425,2.062165822960932,36.06287274936789,35.89350100878132,6.976428722001653,2.64129300192191
5.269999999999932,0.8851573899910028,2.0245457179779764,36.06287042932999,35.8924159138315,6.995198572672325,2.6448437709385266
5.279999999999932,0.9052151813539373,1.9870338040260258,36.06286802801885,35.89135503505973,7.014426641101733,2.6484762866791414
5.289999999999932,0.9248985535459432,1.9496680759629774,36.062865545565984,35.890318803607684,7.034105695718272,2.6521888499347614
5.299999999999931,0.9442091513694748,1.9124848395389618,36.062862982191604,35.88930763303296,7.054228347776468,2.6559797340673494
5.309999999999931,0.9631489741564404,1.8755186923047171,36.06286033820357,35.88832191860662,7.074787058510677,2.65984718705994
5.319999999999931,0.981720358657009,1.8388025200086444,36.06285761399647,35.887362036614,7.095774146176233,2.663789433528152
5.329999999999931,0.9999259618843572,1.802367489163781,36.06285481005042,35.88642834365956,7.117181792966233,2.6678046766894745
5.339999999999931,1.0177687439538434,1.7662430549855803,36.06285192692981,35.885521175976706,7.13900205179334,2.671891100287087
5.34999999999993,1.0352519509907838,1.7304569665799698,36.062848965282015,35.8846408487432,7.161226852927184,2.676046870465311
5.35999999999993,1.0523790981616175,1.6950352852477788,36.06284592583605,35.883787655402955,7.183848010478983,2.6802701375941536
5.36999999999993,1.0691539528654825,1.660002400384993,36.062842809401,35.882961866995146,7.206857228726175,2.684559038040731
5.37999999999993,1.0855805181510954,1.6253810559876614,36.06283961686458,35.8821637314913,7.23024610827088,2.6889116958856945
5.3899999999999295,1.101663016376223,1.5911923757863884,36.06283634919155,35.88139347314131,7.254006152027096,2.6933262245831076
5.399999999999929,1.1174058731771075,1.5574558969930163,36.062833007422,35.880651291828976,7.278128771032435,2.6978007285625147
5.409999999999929,1.1328137017674105,1.5241896031142759,36.062829592669736,35.87993736243821,7.302605290081274,2.7023333047722433
5.419999999999929,1.1478912875851657,1.4914099631763635,36.062826106120504,35.879251834230516,7.327426953176977,2.7069220441632553
5.429999999999929,1.1626435733444793,1.459131969923304,36.062822549030194,35.878594830234526,7.3525849288018295,2.711565033113134
5.4399999999999284,1.177075644496586,1.4273691844474043,36.062818922723075,35.8779664466487,7.378070315004028,2.716260354790024
5.449999999999928,1.1911927151159831,1.3961337788026513,36.06281522858988,35.87736675225773,7.403874144301883,2.721006090456595
5.459999999999928,1.2050001142488314,1.3654365827595456,36.06281146808594,35.87679578786371,7.429987388406129,2.7258003207142907
5.469999999999928,1.2185032727231837,1.3352871308214866,36.06280764272932,35.87625356573274,7.456400962761819,2.7306411266883495
5.479999999999928,1.2317077104364134,1.305693710356485,36.06280375409877,35.875740069057954,7.483105730911978,2.7355265911542475
5.489999999999927,1.2446190241256032,1.2766634101930625,36.06279980383188,35.87525525143975,7.51009250868567,2.740454799606385
5.499999999999927,1.2572428756352887,1.2482021715683236,36.062795793623,35.874799036383926,7.53735206821375,2.745423841270005
5.509999999999927,1.2695849806816895,1.2203148358065572,36.06279172522132,35.87437131681886,7.5648751417759055,2.7504318100574507
5.519999999999927,1.2816510981164968,1.1930051961418233,36.062787600428734,35.87397195463221,7.592652425483143,2.7554768054699976
5.5299999999999265,1.2934470196739816,1.1662760455348846,36.062783421097905,35.873600780228216,7.620674582800145,2.760556933446609
5.539999999999926,1.3049785602378887,1.1401292281785014,36.0627791891302,35.873257592106285,7.64893224791232,2.7656703071610544
5.549999999999926,1.31625154858249,1.1145656861552633,36.06277490647354,35.87294215646173,7.6774160289426145,2.7708150477689077
5.559999999999926,1.327271818606684,1.0895855104132914,36.06277057512046,35.87265420680941,7.706116511023445,2.7759892851060224
5.569999999999926,1.3380452010414978,1.06518798495354,36.062766197105894,35.87239344363105,7.735024259229264,2.781191158340121
5.5799999999999255,1.3485775156433035,1.0413716369577524,36.06276177450514,35.872159534047164,7.764129821375507,2.786418816577204
5.589999999999925,1.358874563829353,1.0181342809265834,36.06275730943179,35.871952111514055,7.79342373068976,2.7916704194244994
5.599999999999925,1.3689421217844704,0.9954730616312938,36.062752804035576,35.871770775547,7.822896508361094,2.7969441375117046
5.609999999999925,1.3787859339921427,0.9733845017341454,36.06274826050022,35.87161509147005,7.852538665973664,2.80223815297231
5.619999999999925,1.3884117072091176,0.9518645406466795,36.06274368104147,35.871484590193305,7.882340707830582,2.80755065988676
5.629999999999924,1.397825104846757,0.9309085756300725,36.06273906790475,35.87137876801841,7.912293133174247,2.812879864689256
5.639999999999924,1.407031741756161,0.910511504896974,36.06273442336324,35.871297086472865,7.9423864383091765,2.8182239865399588
5.649999999999924,1.4160371794137265,0.8906677611952377,36.06272974971563,35.871238972173835,7.972611118633462,2.823581257664362
5.659999999999924,1.4248469214754689,0.8713713527971106,36.06272504928406,35.87120381672218,8.00295767058487,2.828949923661582
5.6699999999999235,1.433466409684073,0.852615896750027,36.06272032441192,35.87119097662721,8.033416593507534,2.834328243783266
5.679999999999923,1.4419010201547888,0.8343946537541103,36.06271557746178,35.87119977326291,8.06397839144518,2.839714491184841
5.689999999999923,1.4501560599616992,0.8167005615015063,36.06271081081325,35.871229492856045,8.094633574866593,2.8451069531507236
5.699999999999923,1.4582367640641691,0.7995262643629163,36.06270602686082,35.87127938650694,8.125372662329083,2.850503931295146
5.709999999999923,1.4661482925365346,0.7828641456528544,36.06270122801181,35.871348670243215,8.156186182085415,2.8559037417401547
5.7199999999999225,1.4738957280894796,0.7667063539601872,36.06269641668415,35.87143652510707,8.187064673639723,2.861304715272339
5.729999999999922,1.4814840738658885,0.7510448312839954,36.06269159530433,35.87154209727678,8.217998689257549,2.866705197479774
5.739999999999922,1.4889182515034967,0.7358713393984778,36.062686766305305,35.871664498222465,8.248978795435233,2.872103548870624
5.749999999999922,1.4962030994523503,0.7211774827122884,36.062681932124306,35.87180280489696,8.279995574333533,2.8774981449748207
5.759999999999922,1.503343371526443,0.706954732937676,36.06267709520085,35.871956059961875,8.311039625180287,2.8828873764301455
5.769999999999921,1.5103437356773475,0.6931944502414386,36.06267225797455,35.872123272049365,8.342101565646717,2.8882696490540347
5.779999999999921,1.5172087729914596,0.6798879036415325,36.06266742288307,35.872303416059886,8.37317203320182,2.893643383902346
5.789999999999921,1.5239429768702855,0.6670262910714595,36.06266259236007,35.87249543349614,8.40424168644909,2.89900701731629
5.799999999999921,1.5305507524160298,0.6546007576551389,36.062657768833134,35.87269823283366,8.435301206449594,2.9043590009586615
5.809999999999921,1.5370364159785939,0.6426024105163866,36.06265295472167,35.87291068992807,8.466341298035385,2.909697801840491
5.81999999999992,1.5434041948782857,0.6310223389339246,36.06264815243492,35.873131648459285,8.49735269111683,2.915021902339128
5.82999999999992,1.5496582272848431,0.6198516257629216,36.062643364369926,35.87335992041279,8.528326141987458,2.9203298002087807
5.83999999999992,1.555802562223778,0.6090813622091605,36.06263859290948,35.87359428659808,8.559252434629572,2.925620008584432
5.84999999999992,1.5618411597352204,0.5987026616837033,36.06263384042017,35.87383349720439,8.590122382023814,2.9308910559800436
5.8599999999999195,1.567777891149505,0.5887066704758828,36.06262910925035,35.87407627239368,8.620926827465635,2.9361414862818913
5.869999999999919,1.5736165394723869,0.5790845796940305,36.062624401728236,35.87432130293088,8.65165664589136,2.941369858737823
5.879999999999919,1.5793607998912553,0.5698276353631891,36.06261972015987,35.87456725085134,8.68230274521656,2.9465747479432047
5.889999999999919,1.5850142803582383,0.5609271468167311,36.062615066827284,35.874812750165475,8.71285606768902,2.9517547438242593
5.899999999999919,1.5905805022833583,0.552374497031533,36.06261044398653,35.87505640760031,8.74330759125861,2.956908451619463
5.909999999999918,1.5960629012911711,0.544161148073322,36.06260585386581,35.8752968033779,8.773648330966083,2.962034491859621
5.919999999999918,1.6014648280711057,0.5362786506677721,36.062601298663616,35.87553249203028,8.803869340352705,2.967131500347213
5.929999999999918,1.6067895492766522,0.5287186484265988,36.06259678054691,35.87576200325084,8.83396171289241,2.9721981281355405
5.939999999999918,1.6120402484949377,0.5214728855880811,36.06259230164928,35.875983842781565,8.863916583448106,2.97723304150819
5.949999999999918,1.617220027269295,0.5145332105223999,36.06258786406916,35.876196493336124,8.893725129753403,2.982234921959268
5.959999999999917,1.6223319061747217,0.5078915806291749,36.06258346986809,35.876398415558036,8.923378573921195,2.987202466174865
5.969999999999917,1.6273788259234545,0.5015400672901212,36.06257912106895,35.87658804901386,8.952868183979966,2.9921343860161036
5.979999999999917,1.6323636485232218,0.49547085858159245,36.06257481965431,35.876763813220535,8.98218527543898,2.997029408504191
5.989999999999917,1.6372891584536873,0.48967626167090805,36.06257056756475,35.87692410870666,9.011321212882981,3.0018862758077596
5.9999999999999165,1.64215806388733,0.4841487075475484,36.06256636669719,35.877067318106974,9.040267411597172,3.0067037452328376
6.009999999999916,1.6469729979133627,0.47888075025471133,36.06256221890333,35.87719180728935,9.069015339222975,3.0114805892157057
6.019999999999916,1.6517365198013692,0.47386507039256454,36.06255812598806,35.877295926513916,9.0975565174449,3.0162155953188923
6.029999999999916,1.6564511162606572,0.46909447648480435,36.06255408970798,35.87737801162324,9.125882523708922,3.0209075662305396
6.039999999999916,1.6611192027277248,0.4645619056261319,36.06255011176986,35.87743638526305,9.153984992972376,3.0255553197673275
6.0499999999999154,1.6657431246506245,0.4602604228650634,36.06254619382922,35.877469358132636,9.181855619485475,3.0301576888811375
6.059999999999915,1.6703251587842467,0.45618322387398114,36.06254233748892,35.87747523026406,9.209486158604351,3.0347135216696075
6.069999999999915,1.674867514477528,0.4523236336937793,36.0625385442978,35.87745229232927,9.236868428635406,3.0392216813907154
6.079999999999915,1.6793723349822365,0.4486751054849089,36.06253481574936,35.877398826974286,9.263994312710645,3.043681046481488
6.089999999999915,1.6838416987260911,0.44523122284252004,36.06253115328046,35.87731311017934,9.290855760693649,3.048090510580952
6.099999999999914,1.688277620609742,0.44198569580570163,36.06252755827016,35.877193412644054,9.317444791115618,3.0524489825573853
6.109999999999914,1.6926820532718654,0.43893236218751286,36.06252403203845,35.87703800119658,9.343753493140897,3.0567553865399333
6.119999999999914,1.6970568883649293,0.43606518604096234,36.0625205758452,35.8768451402255,9.369774028561311,3.061008661954636
6.129999999999914,1.701403957799378,0.4333782557448299,36.06251719088902,35.87661309313347,9.395498633818509,3.0652077635648958
6.1399999999999135,1.705725034988861,0.43086578248809204,36.06251387830626,35.876340123811495,9.420919622053432,3.069351661516391
6.149999999999913,1.7100218360691726,0.4285220991479845,36.06251063917002,35.87602449813219,9.446029385182038,3.07343934138646
6.159999999999913,1.7142960211029838,0.4263416588317212,36.06250747448926,35.87566448546142,9.470820395996133,3.077469804237912
6.169999999999913,1.7185491952768466,0.4243190317374046,36.06250438520789,35.875258360186415,9.49528521028834,3.081442066677279
6.179999999999913,1.7227829100557144,0.42244890399646645,36.062501372203954,35.87480440325942,9.519416468999946,3.0853551609174503
6.1899999999999125,1.7269986643430173,0.4207260756911073,36.06249843628896,35.87430090375532,9.543206900390443,3.089208134844663
6.199999999999912,1.731197905591116,0.4191454576330664,36.06249557820705,35.87374616044187,9.566649322227457,3.093000052089792
6.209999999999912,1.7353820309174988,0.4177020699731527,36.06249279863449,35.8731384833612,9.58973664399566,3.096729992103874
6.219999999999912,1.7395523881715402,0.4163910397427682,36.06249009817898,35.87247619542095,9.612461869123326,3.100397050237812
6.229999999999912,1.743710276992911,0.4152075971670082,36.062487477379264,35.871757633993646,9.634818097224995,3.104000337826173
6.239999999999911,1.7478569498412837,0.4141470755129244,36.06248493670456,35.87098115252287,9.656798526358719,3.107538982274996
6.249999999999911,1.7519936129937932,0.413204904703693,36.0624824765542,35.87014512213447,9.678396455296388,3.111012127153539
6.259999999999911,1.7561214275237922,0.41237661334623615,36.0624800972574,35.869247933251366,9.699605285805381,3.1144189322898392
6.269999999999911,1.7602415102509195,0.41165782193901657,36.06247779907281,35.86828799721036,9.720418524940024,3.1177585738700206
6.2799999999999105,1.764354934657747,0.411044242191084,36.06247558218853,35.867263747879264,9.740829787341031,3.121030244541221
6.28999999999991,1.7684627317900394,0.41053167390097617,36.062473446721775,35.86617364327274,9.760832797541212,3.1242331535180297
6.29999999999991,1.7725658911159667,0.41011600200291626,36.062471392718976,35.8650161671651,9.780421392275704,3.127366526692339
6.30999999999991,1.776665361364568,0.40979319332943703,36.06246942015566,35.8637898306986,9.79958952279481,3.1304296067464623
6.31999999999991,1.7807620513386502,0.4095592943636954,36.062467528936594,35.86249317398523,9.818331257177686,3.1334216532694232
6.3299999999999095,1.7848568306888946,0.4094104286810773,36.06246571889589,35.86112476770051,9.836640782644935,3.136341942876276
6.339999999999909,1.7889505306661515,0.4093427918274768,36.06246398979719,35.85968321466751,9.854512407868175,3.1391897693303243
6.349999999999909,1.7930439448440072,0.4093526523296186,36.06246234133398,35.8581671514294,9.871940565274665,3.1419644436681113
6.359999999999909,1.7971378298075946,0.4094363437336917,36.06246077312989,35.856575249808564,9.888919813345057,3.144665294327054
6.369999999999909,1.8012329058168441,0.40959026660498243,36.06245928473911,35.85490621845087,9.905444838902186,3.147291667275562
6.379999999999908,1.8053298574408883,0.4098108819026762,36.06245787564689,35.85315880435315,9.92151045938894,3.149842926145515
6.389999999999908,1.8094293341598515,0.4100947103471296,36.06245654527005,35.85133179437208,9.9371116251332,3.152318452366956
6.399999999999908,1.8135319509369507,0.4104383273419766,36.0624552929576,35.84942401671291,9.952243421597725,3.1547176453048418
6.409999999999908,1.8176382887616473,0.4108383623305488,36.062454117991436,35.84743434239602,9.966901071612979,3.157039922397716
6.419999999999908,1.821748895167132,0.41129149410669047,36.06245301958705,35.84536168669986,9.981079937590767,3.1592847192981464
6.429999999999907,1.82586428471181,0.41179444782676644,36.062451996894374,35.8432050105783,9.9947755237166,3.1614514900147683
6.439999999999907,1.8299849394288996,0.41234399393269955,36.06245104899868,35.84096332205074,10.007983478118671,3.163539707055796
6.449999999999907,1.8341113092582533,0.41293694206020215,36.062450174921466,35.83863567756323,10.020699595011354,3.165548861573827
6.459999999999907,1.838243812433799,0.41357014100087996,36.06244937362146,35.836221183319005,10.03291981681102,3.1674784635117916
6.4699999999999065,1.8423828358552403,0.41424047413057086,36.06244864399581,35.833718996576565,10.044640236222087,3.1693280417498735
6.479999999999906,1.8465287354114859,0.41494485661243924,36.062447984881075,35.83112832691375,10.055857098291183,3.1710971442532605
6.489999999999906,1.8506818362970259,0.4156802325845355,36.06244739505454,35.828448437456096,10.066566802427193,3.172785338220535
6.499999999999906,1.8548424332776812,0.4164435727298883,36.0624468732354,35.825678646067914,10.076765904385088,3.174392210232549
6.509999999999906,1.8590107909358193,0.41723186917817245,36.06244641808615,35.82281832650435,10.08645111821139,3.175917366401618
6.519999999999905,1.86318714389231,0.418042135851694,36.062446028213905,35.81986690952298,10.09561931814907,3.177360432520848
6.529999999999905,1.8673716969803908,0.418871401687543,36.0624457021719,35.816823883953276,10.104267540499796,3.178721054213439
6.539999999999905,1.8715646254064404,0.41971671157603596,36.06244543846095,35.813688797722506,10.112392985441284,3.1799988970817714
6.549999999999905,1.8757660748707752,0.4205751195803579,36.062445235531,35.81046125883652,10.11999301879769,3.181193646856112
6.559999999999905,1.8799761616650037,0.42144368819951666,36.06244509178282,35.80714093631396,10.12706517376085,3.1823050095427448
6.569999999999904,1.8841949727288723,0.42231948487793375,36.06244500556953,35.80372756107254,10.133607152560234,3.183332711571355
6.579999999999904,1.8884225656915796,0.4231995795270689,36.06244497519841,35.800220926765924,10.139616828079532,3.1842764999414754
6.589999999999904,1.8926589688674818,0.42408103874849457,36.062444998932634,35.796620890569905,10.145092245417668,3.185136142367806
6.599999999999904,1.8969041812289622,0.4249609266259095,36.06244507499309,35.79292737391668,10.150031623392191,3.1859114274242137
6.6099999999999035,1.9011581723506552,0.42583629943912765,36.06244520156023,35.78914036317579,10.154433355982974,3.186602164686231
6.619999999999903,1.905420882318444,0.42670420206001297,36.062445376775955,35.78525991028059,10.158296013714065,3.1872081848718423
6.629999999999903,1.9096922216025594,0.4275616669718779,36.06244559874557,35.781286133299204,10.161618344971679,3.187729339980369
6.639999999999903,1.9139720709148924,0.4284057085168837,36.06244586553977,35.77721921694875,10.16439927725627,3.188165503429248
6.649999999999903,1.918260281015168,0.4292333219445583,36.062446175196676,35.7730594130518,10.166637918366629,3.188516570188499
6.659999999999902,1.9225566725060907,0.43004147984461955,36.06244652572384,35.768807040934014,10.168333557514094,3.188782456912684
6.669999999999902,1.9268610355768763,0.4308271266768567,36.06244691510038,35.764462487762216,10.169485666364745,3.18896310207013
6.679999999999902,1.931173129728822,0.43158717926100415,36.06244734127907,35.76002620882175,10.170093900007766,3.18905846606922
6.689999999999902,1.9354926834603594,0.432318520094201,36.062447802188494,35.75549872773255,10.17015809784794,3.189068531381529
6.699999999999902,1.9398193939256196,0.43301799748468933,36.062448295735244,35.750880636603,10.16967828442047,3.188993302661589
6.709999999999901,1.944152926555885,0.43368241772157884,36.06244881980608,35.746172596120914,10.168654670126148,3.188832806863061
6.719999999999901,1.948492914647047,0.4343085466176133,36.06244937227017,35.74137533558103,10.167087651885167,3.1885870933510922
6.729999999999901,1.9528389589183464,0.43489310282710436,36.06244995098135,35.73648965284845,10.164977813707642,3.1882562340106295
6.739999999999901,1.9571906270320873,0.4354327557544836,36.062450553780316,35.73151641425748,10.162325927179193,3.187840323350464
6.7499999999999005,1.961547453083935,0.4359241217312597,36.06245117849696,35.72645655444548,10.159132951859801,3.1873394786027736
6.7599999999999,1.9659089370487435,0.43636376042947056,36.062451822952596,35.721311076121324,10.155400035594294,3.186753839817926
6.7699999999999,1.9702745442091505,0.43674817219443984,36.062452484962286,35.71608104976823,10.151128514732788,3.186083569954308
6.7799999999999,1.9746437045335186,0.43707379353081854,36.06245316233709,35.710767613280524,10.146319914259607,3.1853288549629544
6.7899999999999,1.9790158120149517,0.43733699338155424,36.06245385288645,35.7053719715346,10.140975947828977,3.184489903866705
6.7999999999998995,1.9833902239989183,0.4375340704395109,36.06245455442035,35.69989539589354,10.135098517706213,3.183566948833684
6.809999999999899,1.9877662604383772,0.4376612488863718,36.062455264751726,35.694339223645606,10.12868971461282,3.182560245244828
6.819999999999899,1.9921432031449364,0.4377146748655634,36.06245598169872,35.68870485737671,10.121751817474243,3.1814700717552324
6.829999999999899,1.9965202949832543,0.43769041229206235,36.062456703086916,35.68299376427688,10.114287293068934,3.180296730349062
6.839999999999899,2.0008967390288293,0.4375844386546684,36.0624574267517,35.67720747538099,10.10629879557749,3.179040546387776
6.849999999999898,2.0052716976972085,0.4373926437574804,36.06245815054042,35.671347584744055,10.097789166030742,3.1777018686514222
6.859999999999898,2.0096442918221835,0.43711082139055774,36.06245887231472,35.665415748551396,10.088761431655644,3.1762810693727412
6.869999999999898,2.014013599705749,0.43673466981715764,36.06245958995269,35.65941368416418,10.079218805118014,3.174778544263838
6.879999999999898,2.018378656118732,0.4362597845354043,36.06246030135108,35.653343169100744,10.06916468366115,3.1731947125351683
6.8899999999998975,2.022738451264262,0.4356816558348629,36.06246100442753,35.64720603995451,10.058602648139445,3.171530016906579
6.899999999999897,2.027091929706346,0.43499566464149,36.062461697122664,35.6410041912488,10.0475364619463,3.169784923610165
6.909999999999897,2.0314379892487047,0.43419707714443834,36.06246237740223,35.63473957422967,10.035970069835576,3.1679599223846844
6.919999999999897,2.0357754797728647,0.4332810424545042,36.06246304325918,35.628414195597266,10.023907596636045,3.166055526461285
6.929999999999897,2.0401032020394805,0.4322425862737144,36.06246369271578,35.62203011617683,10.011353345858332,3.1640722725402988
6.9399999999998965,2.0444199064418482,0.431076608929618,36.06246432382555,35.61558944953008,9.99831179819396,3.1620107207588593
6.949999999999896,2.048724291722464,0.42977787850729243,36.0624649346753,35.60909436050817,9.984787609906196,3.1598714546490965
6.959999999999896,2.0530150036319847,0.42834102899287413,36.06246552338703,35.60254706374733,9.970785611112497,3.1576550810866753
6.969999999999896,2.0572906335662506,0.4267605537890084,36.062466088119876,35.595949822108224,9.95631080395852,3.1553622302294424
6.979999999999896,2.061549717137818,0.4250308027315417,36.06246662707193,35.58930494506037,9.94136836068371,3.1529935554459527
6.989999999999895,2.065790732717438,0.4231459759136206,36.062467138482006,35.582614787012986,9.925963621578585,3.150549733233644
6.999999999999895,2.0700120999170766,0.4211001219038913,36.062467620631466,35.575881745593485,9.910102092834084,3.148031463126454
7.009999999999895,2.0742121780481635,0.41888713039896264,36.062468071845856,35.569108259875186,9.893789444283252,3.1454394675916513
7.019999999999895,2.078389264514169,0.4165007296348745,36.06246849049658,35.56229680855583,9.87703150703586,3.14277449191568
7.0299999999998946,2.0825415931655984,0.4139344806098493,36.06246887500249,35.55544990808818,9.859834271006653,3.140037304078831
7.039999999999894,2.0866673326140823,0.4111817726473845,36.062469223831364,35.54857011076469,9.84220388233789,3.1372286946185306
7.049999999999894,2.090764584492193,0.40823582066636377,36.06246953550148,35.54166000275784,9.824146640717183,3.134349476481074
7.059999999999894,2.0948313816775395,0.4050896576334,36.06246980858291,35.5347222021176,9.805668996591713,3.13140048486164
7.069999999999894,2.0988656864635757,0.4017361330209562,36.06247004169893,35.52775935672841,9.78677754827997,3.1283825770324145
7.0799999999998935,2.1028653886838815,0.3981679057172296,36.062470233527286,35.520774142227026,9.76747903898238,3.125296632158679
7.089999999999893,2.106828303807278,0.39437744138661873,36.06247038280139,35.51376925988342,9.747780353692372,3.122143551102731
7.099999999999893,2.110752170965775,0.39035700701217385,36.06247048831149,35.50674743444665,9.727688516009453,3.118924256215507
7.109999999999893,2.1146346509562868,0.3860986680578541,36.062470548905736,35.49971141195781,9.707210684856141,3.1156396911157973
7.119999999999893,2.1184733241958327,0.3815942822225282,36.06247056349117,35.49266395753197,9.686354151100742,3.1122908204569737
7.129999999999892,2.1222656886255273,0.37683549644163566,36.06247053103467,35.48560785311129,9.665126334087999,3.1088786296811266
7.139999999999892,2.1260091575889875,0.3718137429168288,36.06247045056383,35.47854589519171,9.643534778079994,3.1054041247605753
7.149999999999892,2.1297010576555757,0.3665202340125901,36.06247032116773,35.47148089252491,9.62158714860966,3.101868331926689
7.159999999999892,2.1333386264155663,0.36094596105127813,36.06247014199766,35.464415663798384,9.599291228749548,3.098272297386004
7.169999999999892,2.1369190102320084,0.35508168708376114,36.06246991226772,35.45735303529534,9.576654915298622,3.094617087023631
7.179999999999891,2.1404392619643726,0.34891794713311514,36.062469631255446,35.450295838537244,9.553686214889977,3.09090378609396
7.189999999999891,2.143896338649647,0.3424450418960209,36.06246929830226,35.44324690791094,9.530393240022605,3.0871334988987122
7.199999999999891,2.147287099161196,0.3356530368926653,36.062468912813905,35.43620907828292,9.506784205020505,3.0833073484523896
7.209999999999891,2.1506083018357933,0.3285317586129052,36.06246847426073,35.42918518260324,9.482867421922512,3.0794264761352093
7.2199999999998905,2.153856602070203,0.32107079282230033,36.062467982178,35.422178049501106,9.458651296306508,3.0754920413336317
7.22999999999989,2.1570285499054336,0.3132594823268152,36.06246743616608,35.415190500875106,9.434144323051758,3.0715052210686142
7.23999999999989,2.1601205875820066,0.30508692354419775,36.062466835890476,35.40822534948004,9.409355082043318,3.0674672096117535
7.24999999999989,2.1631290470871454,0.29654196952330847,36.0624661810819,35.401285396513195,9.384292233822636,3.0633792180895
7.25999999999989,2.1660501476877876,0.2876132226733331,36.06246547153627,35.3943734292023,9.358964515188603,3.059242474075666
7.269999999999889,2.1688799934559584,0.27828904144706335,36.06246470711446,35.38749221839769,9.333380734753513,3.0550582211724726
7.279999999999889,2.1716145707886025,0.26855753395354726,36.06246388774221,35.38064451617141,9.307549768458513,3.050827718580404
7.289999999999889,2.174249745950736,0.25840656300092457,36.06246301340979,35.37383305342528,9.28148055505334,3.0465522406571894
7.299999999999889,2.1767812625935723,0.24782374641636523,36.06246208417164,35.36706053751098,9.25518209154521,3.0422330764662346
7.309999999999889,2.179204739325712,0.2367964563855302,36.06246110014593,35.360329649864106,9.228663428622001,3.037871529314892
7.319999999999888,2.1815156672795024,0.2253118260950441,36.06246006151413,35.35364304365514,9.20193366605491,3.033468916282959
7.329999999999888,2.1837094077212766,0.21335675042203897,36.06245896852028,35.347003341459434,9.175001948085974,3.0290265677418504
7.339999999999888,2.185781189701027,0.2009178910300615,36.06245782147052,35.34041313294903,9.147877458805961,3.0245458268649132
7.349999999999888,2.187726107734337,0.18798168159828207,36.0624566207322,35.33387497260833,9.120569417528314,3.0200280491293974
7.3599999999998875,2.1895391195578755,0.1745343329023927,36.062455366733175,35.3273913774765,9.093087074164908,3.0154746018106184
7.369999999999887,2.191215043947485,0.16056184300999887,36.06245405996093,35.32096482491875,9.065439704609517,3.0108868634688877
7.379999999999887,2.1927485585962883,0.1460500003321642,36.06245270096157,35.314597750428746,9.037636606135111,3.0062662234298396
7.389999999999887,2.1941341981099796,0.13098439821381572,36.06245129033895,35.30829254546503,9.009687092810967,3.001614081258776
7.399999999999887,2.1953663520694913,0.1153504427124655,36.06244982875347,35.30205155532304,8.981600490946043,2.9969318462297476
7.4099999999998865,2.1964392632384957,0.09913336461128054,36.06244831692102,35.295877077045745,8.953386134564779,2.992220936790059
7.419999999999886,2.197347025872985,0.08231823480174809,36.06244675561177,35.289771357374576,8.925053360921876,2.987482780020979
7.429999999999886,2.1980835841863704,0.06488997648047401,36.062445145648866,35.28373659074334,8.896611506062477,2.9827188110954204
7.439999999999886,2.1986427309665832,0.04683338360412907,36.06244348790716,35.277774917316755,8.868069900434435,2.977930472733444
7.449999999999886,2.1990181063641567,0.028133139025701664,36.062441783311804,35.27188842107642,8.839437864559146,2.9731192146564096
7.459999999999885,2.1992031968808354,0.008773832455835113,36.062440032836825,35.26607912795564,8.810724704767745,2.968286493040681
7.469999999999885,2.1991913345534915,-0.011260014258467578,36.06243823750362,35.260349004025606,8.781939709009283,2.963433769971801
7.479999999999885,2.198975696374648,-0.03198392754394402,36.06243639837941,35.2546999537347,8.753092142737648,2.958562512900082
7.489999999999885,2.1985493039622233,-0.05341345240975341,36.062434516575635,35.249133818202836,8.724191244883935,2.9536741940985864
7.4999999999998845,2.1979050234925355,-0.07556412643903516,36.06243259324633,35.24365237357297,8.695246223920872,2.9487702901244903
7.509999999999884,2.1970355659272647,-0.09845144952526896,36.06243062958639,35.238257329421174,8.66626625402614,2.943852281284871
7.519999999999884,2.19593348756381,-0.12209085041228367,36.06242862682986,35.23295032722741,8.637260471351018,2.9389216511079397
7.529999999999884,2.194591190906373,-0.14649765139617474,36.06242658624817,35.22773293890853,8.608237970400985,2.9339798858207917
7.539999999999884,2.193000925915741,-0.1716870321038475,36.06242450914819,35.222606665415064,8.579207800534736,2.929028473834752
7.5499999999998835,2.1911547916526373,-0.19767398811377196,36.0624223968705,35.21757293539349,8.55017896258789,2.9240689052393907
7.559999999999883,2.1890447383143745,-0.22447328703316685,36.062420250787405,35.21263310391542,8.52116040562762,2.9191026713063075
7.569999999999883,2.186662569748169,-0.25209942407158087,36.062418072300986,35.207788451275,8.492161023844297,2.914131264003785
7.579999999999883,2.1839999464168365,-0.28056657329717233,36.06241586284114,35.20304018185617,8.463189653585864,2.9091561755233877
7.589999999999883,2.181048388869346,-0.30988853308636044,36.06241362386362,35.198389423070644,8.434255070540772,2.904178897819618
7.599999999999882,2.1777992817560454,-0.3400786758503535,36.062411356847875,35.19383722436811,8.405365987074733,2.89920092216368
7.609999999999882,2.174243878403796,-0.37114988516748454,36.06240906329505,35.18938455631967,8.376531049726516,2.894223738712423
7.619999999999882,2.170373305973454,-0.403114498162366,36.06240674472591,35.18503230977547,8.347758836867603,2.889248836093493
7.629999999999882,2.166178571269428,-0.43598423922006796,36.062404402678695,35.18078129509759,8.319057856530225,2.884277701007693
7.6399999999998816,2.1616505671928246,-0.4697701534111924,36.062402038706935,35.176632241468944,8.290436544407944,2.8793118178495263
7.649999999999881,2.1567800798876196,-0.5044825344962505,36.06239965437736,35.1725857962791,8.26190326203253,2.8743526683468277
7.659999999999881,2.151557796617854,-0.5401308517490623,36.06239725126764,35.168642524587575,8.233466295130462,2.869401731220371
7.669999999999881,2.1459743144036905,-0.5767236718424971,36.06239483096425,35.16480290866529,8.205133852161978,2.8644604818642514
7.679999999999881,2.14002014943074,-0.6142685808551673,36.06239239506019,35.16106734761477,8.176914063044915,2.8595303920477773
7.6899999999998805,2.1336857472988604,-0.6527720967476123,36.062389945152816,35.157436157069334,8.148814978065301,2.854612929639551
7.69999999999988,2.1269614941130013,-0.692239585748344,36.06238748284153,35.15390956897187,8.12084456697586,2.8497095583543
7.70999999999988,2.1198377284476644,-0.7326751718690201,36.06238500972554,35.15048773143317,8.093010718283084,2.844821737522948
7.71999999999988,2.112304754225342,-0.7740816459657308,36.0623825274016,35.14717070867022,8.065321238722843,2.8399509218862997
7.72999999999988,2.104352854530468,-0.8164603688337545,36.062380037461736,35.1439584810245,8.037783852923795,2.8350985614126003
7.739999999999879,2.0959723063801485,-0.8598111777081353,36.0623775414909,35.140850945060095,8.010406203257128,2.830266101139101
7.749999999999879,2.0871533964599203,-0.9041322839189775,36.062375041064726,35.13784791374165,7.98319584987044,2.825454981037645
7.759999999999879,2.077886437883636,-0.9494201743191629,36.06237253774719,35.134949116692056,7.956160270902628,2.8206666359041135
7.769999999999879,2.068161787946761,-0.9956695084257824,36.06237003308822,35.13215420052937,7.929306862875916,2.815902495271439
7.779999999999879,2.0579698669112267,-1.0428730158801292,36.062367528621536,35.12946272928276,7.902642941260242,2.811163983345732
7.789999999999878,2.0473011778319092,-1.0910213915599547,36.06236502586208,35.12687418488686,7.876175741204245,2.8064525189648664
7.799999999999878,2.03614632740917,-1.1401031936999855,36.062362526303836,35.124387967754224,7.849912418426183,2.801769515578714
7.809999999999878,2.024496047892436,-1.1901047376670064,36.06236003141735,35.1220033974249,7.823860050257157,2.797116381250011
7.819999999999878,2.012341220001447,-1.2410099963856347,36.06235754264742,35.119719713292646,7.798025636827892,2.792494518674637
7.8299999999998775,1.9996728968729753,-1.2928004971765477,36.06235506141062,35.11753607540687,7.772416102389458,2.7879053252198966
7.839999999999877,1.9864823290084064,-1.3454552240809632,36.06235258909294,35.11545156534935,7.7470382967570925,2.783350192979154
7.849999999999877,1.9727609901957694,-1.3989505198893728,36.062350127047374,35.11346518718482,7.72189899686536,2.7788305088409695
7.859999999999877,1.958500604357164,-1.4532599982335446,36.06234767659135,35.11157586848426,7.697004908421729,2.7743476545706613
7.869999999999877,1.9436931733256713,-1.5083544509685456,36.06234523900438,35.10978246141969,7.672362667644616,2.7699030069019774
7.879999999999876,1.928331005457416,-1.5642017680858031,36.06234281552546,35.10808374392948,7.647978843070865,2.7654979376363427
7.889999999999876,1.9124067450330384,-1.6207668625164233,36.06234040735062,35.10647842095242,7.623859937416607,2.7611338137469192
7.899999999999876,1.8959134023959805,-1.6780115970912655,36.06233801563028,35.104965125729464,7.6000123894744,2.7568119974844856
7.909999999999876,1.8788443847587264,-1.7358947263375988,36.06233564146676,35.103542421171596,7.57644257602855,2.7525338464819193
7.919999999999876,1.861193527544702,-1.7943718451243114,36.06233328591154,35.102208801292136,7.55315681376961,2.748300713853855
7.929999999999875,1.8429551262381145,-1.8533953418634652,36.06233094996271,35.10096269270196,7.530161361188121,2.7441139482878842
7.939999999999875,1.8241239685709845,-1.9129143714356611,36.0623286345622,35.099802456165925,7.507462420426831,2.7399748941234536
7.949999999999875,1.8046953669988801,-1.9728748348211738,36.06232634059312,35.098726388218566,7.485066139069923,2.7358848914144622
7.959999999999875,1.784665191272763,-2.033219370637659,36.0623240688769,35.09773272283743,7.462978611847047,2.731845275971362
7.9699999999998745,1.7640299010318201,-2.0938873651841376,36.0623218201706,35.09681963317199,7.441205882229454,2.727857379378448
7.979999999999874,1.7427865782273524,-2.15481497494672,36.06231959516399,35.095985233326104,7.419753943895092,2.7239225289818894
7.989999999999874,1.7209329592631535,-2.2159351614706235,36.06231739447668,35.095227580192216,7.398628742039087,2.720042047843946
7.999999999999874,1.6984674666506228,-2.277177750478223,36.06231521865527,35.094544675334866,7.377836174506038,2.716217254658772
8.009999999999874,1.675389240042156,-2.3384695032093754,36.06231306817037,35.09393446692165,7.357382092720367,2.7124494636251506
8.019999999999873,1.6516981664437462,-2.399734203767331,36.06231094341366,35.09339485169921,7.337272302391174,2.7087399842715016
8.029999999999873,1.6273949094239406,-2.4608927749167235,36.062308844694925,35.092923677012095,7.317512563968364,2.7050901212285634
8.039999999999873,1.6024809371396977,-2.5218634009310943,36.06230677223907,35.092518742862204,7.298108592827266,2.701501173945195
8.049999999999873,1.5769585489632643,-2.5825616795149458,36.06230472618316,35.092177804006305,7.279066059159713,2.6979744363428857
8.059999999999873,1.5508309005298837,-2.6429007902807924,36.062302706573426,35.09189857208944,7.260390587550389,2.6945111964047186
8.069999999999872,1.5241020269909065,-2.7027916837016224,36.06230071336233,35.09167871781161,7.242087756218419,2.6911127356947384
8.079999999999872,1.49677686428006,-2.7621432898316947,36.06229874640572,35.09151587312532,7.224163095905411,2.6877803288039392
8.089999999999872,1.4688612681823863,-2.820862747969267,36.062296805459866,35.09140763346155,7.206622088392811,2.684515242719402
8.099999999999872,1.4403620310092058,-2.878855656614817,36.0622948901788,35.09135155998154,7.18947016463306,2.6813187361134556
8.109999999999872,1.4112868956914426,-2.9360263397594557,36.06229300011155,35.091345181851764,7.172712702481133,2.6781920585501577
8.119999999999871,1.3816445671013269,-2.992278134491772,36.06229113469959,35.09138599853972,7.156355024015135,2.675136449606849
8.129999999999871,1.351444720408964,-3.047513695112829,36.06228929327442,35.091471482127695,7.140402392437046,2.6721531379090244
8.139999999999871,1.3206980063341864,-3.1016353137173174,36.06228747505524,35.09159907964202,7.124860008547316,2.6692433400773554
8.14999999999987,1.2894160531026164,-3.1545452531363622,36.06228567914691,35.09176621539519,7.109733006789718,2.6664082595862393
8.15999999999987,1.2576114649924184,-3.2061460988323893,36.062283904537956,35.09197029333807,7.095026450865862,2.6636490855339527
8.16999999999987,1.2252978173351807,-3.256341116693506,36.06228215009905,35.092208699419736,7.080745328921756,2.6609669913251004
8.17999999999987,1.1924896478538225,-3.305034623835979,36.06228041458148,35.092478803952105,7.0668945483121,2.6583631332668043
8.18999999999987,1.1592024442755167,-3.3521323662639464,36.06227869661615,35.092777963976815,7.053478929951247,2.6558386490807844
8.19999999999987,1.1254526281269959,-3.3975419018528124,36.06227699471275,35.09310352563165,7.040503202263075,2.6533946563342354
8.20999999999987,1.091257534694533,-3.441172986415526,36.062275307259284,35.09345282651385,7.027971994745567,2.6510322507931825
8.21999999999987,1.0566353891033564,-3.48293795903395,36.06227363252209,35.09382319803782,7.015889831169168,2.6487525047027645
8.229999999999869,1.0216052785713485,-3.522752126801481,36.062271968646094,35.09421196778426,7.004261122431493,2.646556464999659
8.239999999999869,0.986187120815037,-3.56053414453903,36.06227031365558,35.09461646183857,6.993090159094235,2.644445151462634
8.249999999999869,0.95040162872358,-3.5962063850113877,36.06226866545536,35.09503400711551,6.982381103631399,2.642419554807941
8.259999999999868,0.9142702713601112,-3.6296952995100162,36.06226702183249,35.095461933667806,6.972137982421079,2.640480634736994
8.269999999999868,0.8778152314195949,-3.660931766630104,36.06226538045833,35.09589757697612,6.9623646775159544,2.6386293179444427
8.279999999999868,0.8410593592973907,-3.689851422023708,36.062263738891176,35.09633828021771,6.95306491823042,2.6368664960953976
8.289999999999868,0.8040261239270882,-3.7163949718233615,36.0622620945794,35.096781396511496,6.9442422725847655,2.635193023781136
8.299999999999867,0.7667395606138757,-3.740508483551883,36.06226044486508,35.09722429113699,6.935900138649017,2.633609716463132
8.309999999999867,0.729224216047213,-3.7621436539105724,36.06225878698806,35.09766434372457,6.928041735831065,2.6321173484157323
8.319999999999867,0.6915050907946175,-3.7812580492551304,36.06225711809064,35.09809895041497,6.920670096155202,2.6307166506781385
8.329999999999867,0.653607579508786,-3.7978153195075017,36.062255435222745,35.098525525985394,6.913788055578521,2.6294083090266755
8.339999999999867,0.615557409150752,-3.8117853807109503,36.062253735347426,35.09894150594012,6.907398245393437,2.628192961978522
8.349999999999866,0.5773805755372355,-3.8231445674771756,36.06225201534705,35.099344348563385,6.901503083765079,2.6270711988381814
8.359999999999866,0.539103278548433,-3.8318757508300574,36.062250272029786,35.099731536932154,6.896104767452495,2.626043557798022
8.369999999999866,0.5007518562976297,-3.8379684230884856,36.062248502136555,35.10010058088702,6.89120526376201,2.625110524104082
8.379999999999866,0.4623527186554839,-3.8414187476623347,36.06224670234837,35.10044901895878,6.886806302780651,2.6242725282982047
8.389999999999866,0.4239322804183415,-3.842229573013955,36.062244869294105,35.100774420248925,6.882909369936189,2.6235299445472675
8.399999999999865,0.3855168945437736,-3.840410413946182,36.06224299955845,35.10107438626211,6.879515698928824,2.622883089069893
8.409999999999865,0.34713278573525624,-3.835977393688171,36.06224108969024,35.101346552688554,6.876626265077693,2.6223322186705658
8.419999999999865,0.3088059847782626,-3.828953154098766,36.06223913621104,35.10158859113482,6.874241779122952,2.621877529390523
8.429999999999865,0.2705622639538542,-3.8193667321420253,36.062237135623874,35.101798210801064,6.872362681521621,2.6215191552841306
8.439999999999864,0.23242707383654068,-3.807253402150668,36.06223508442207,35.101973160103256,6.870989137272359,2.621257167328753
8.449999999999864,0.19442548184238012,-3.792654487650909,36.06223297909831,35.10211122823871,6.870121031301076,2.6210915724753066
8.459999999999864,0.15658211279865122,-3.775617144720247,36.062230816153594,35.10221024669354,6.869757964435831,2.621022312845854
8.469999999999864,0.11892109183213118,-3.7561941141722905,36.062228592106315,35.10226809069059,6.869899249995659,2.6210492650836725
8.479999999999864,0.08146598983889716,-3.734443453501938,36.0622263035012,35.10228268057663,6.870543911014132,2.6211722398602753
8.489999999999863,0.04423977179515924,-3.710428239569895,36.062223946918174,35.102251983147454,6.871690678114391,2.621390981542889
8.499999999999863,0.007264748099448283,-3.684216255703186,36.06222151898109,35.10217401291005,6.873337988048255,2.6217051680248593
8.509999999999863,-0.02943747081857757,-3.6558796564730143,36.06221901636623,35.102046833280525,6.87548398290787,2.622114410720453
8.519999999999863,-0.06584601650166004,-3.6254946209074026,36.06221643581059,35.101868557717125,6.878126510014122,2.6226182547244883
8.529999999999863,-0.10194080088294136,-3.593140988790685,36.06221377411987,35.1016373507874,6.8812631224819345,2.623216179136202
8.539999999999862,-0.13770255106603604,-3.5589018906043113,36.062211028176144,35.10135142916884,6.884891080458466,2.62390759754578
8.549999999999862,-0.17311284033295277,-3.522863368135105,36.06220819494519,35.10100906258234,6.889007353026296,2.624691858680995
8.559999999999862,-0.20815411534880926,-3.48511399259347,36.06220527148342,35.10060857465829,6.893608620759768,2.6255682472104525
8.569999999999862,-0.24280971951986677,-3.4457444766291703,36.06220225494444,35.10014834373426,6.8986912789192445,2.6265359846990948
8.579999999999862,-0.27706391250920026,-3.4048472948418276,36.062199142585094,35.09962680358476,6.904251441264291,2.627594230710726
8.589999999999861,-0.31090188593090246,-3.362516300505546,36.06219593177116,35.099042444082286,6.910284944463945,2.6287420840515994
8.599999999999861,-0.34430977526875317,-3.3188463522213576,36.06219261998252,35.09839381178995,6.916787353079026,2.6299785841483625
8.60999999999986,-0.37727466808086546,-3.2739329454945545,36.062189204817855,35.097679510485534,6.923753965088983,2.6313027125530395
8.61999999999986,-0.4097846085921042,-3.2278718604126153,36.06218568399892,35.09689820161721,6.931179817933292,2.6327133945671513
8.62999999999986,-0.4418285987910291,-3.1807588128171504,36.06218205537425,35.096048604691084,6.939059695035415,2.6342095009766053
8.63999999999986,-0.47339659613583324,-3.1326891272290727,36.062178316922456,35.09512949759104,6.9473881327755915,2.6357898498885666
8.64999999999986,-0.5044795080354604,-3.0837574184015875,36.062174466755025,35.09413971683123,6.9561594278772,2.6374532086611886
8.65999999999986,-0.5350691832656833,-3.034057295458915,36.06217050311864,35.09307815774174,6.9653676451704545,2.6391982959168594
8.66999999999986,-0.5651584004713986,-2.9836810785351227,36.06216642439706,35.09194377458833,6.975006625696184,2.641023783629406
8.67999999999986,-0.5947408539540777,-2.932719536550456,36.06216222911259,35.0907355806266,6.985069995112107,2.6429282992756553
8.68999999999986,-0.6238111369249395,-2.8812616440968104,36.062157915927045,35.0894526480919,6.99555117236358,2.6449104280416718
8.699999999999859,-0.652364722436807,-2.8293943575114486,36.06215348364239,35.08809410812552,7.00644337858104,2.6469687150741015
8.709999999999859,-0.6803979421364375,-2.777202409328853,36.062148931200966,35.08665915063851,7.017739646166431,2.6491016677671
8.719999999999859,-0.707907963134909,-2.7247681286288064,36.06214425768533,35.085147024114114,7.029432828031663,2.651307758075562
8.729999999999858,-0.7348927630949047,-2.672171273198179,36.06213946231779,35.08355703535003,7.041515606952719,2.6535854248455464
8.739999999999858,-0.7613511038132532,-2.619488887842015,36.06213454445957,35.08188854914196,7.0539805050041595,2.6559330761531172
8.749999999999858,-0.7872825034464674,-2.5667951819703223,36.062129503609754,35.08014098790961,7.066819893039801,2.65834909164312
8.759999999999858,-0.8126872076072872,-2.514161421775268,36.06212433940389,35.07831383126682,7.0800260001867406,2.6608318248598013
8.769999999999857,-0.8375661595090337,-2.4616558470276537,36.062119051612356,35.076406615537316,7.093590923321323,2.6633796055615737
8.779999999999857,-0.8619209693310982,-2.4093436019076115,36.06211364013853,35.07441893321753,7.107506636497261,2.665990742012669
8.789999999999857,-0.8857538829934993,-2.357286684126189,36.062108105016755,35.07235043238857,7.121765000297757,2.6686635232448763
8.799999999999857,-0.9090677505148078,-2.305543910197712,36.06210244641005,35.07020081607862,7.136357771085335,2.6713962212830458
8.809999999999857,-0.9318659940940761,-2.2541708983408806,36.06209666460782,35.067969841578005,7.151276610124805,2.6741870933285137
8.819999999999856,-0.9541525760897585,-2.2032200625266016,36.06209076002321,35.065657319708556,7.166513092556762,2.677034383895127
8.829999999999856,-0.9759319670137071,-2.1527406219729346,36.06208473319051,35.063263114049285,7.182058716200866,2.6799363268930225
8.839999999999856,-0.9972091136926189,-2.1027786255367737,36.062078584762425,35.06078714012035,7.197904910170089,2.6828911476558437
8.849999999999856,-1.0179894077146614,-2.0533769826622503,36.062072315507194,35.05822936452739,7.214043043279006,2.685897064907553
8.859999999999856,-1.0382786542509588,-2.004575509662788,36.06206592630569,35.05558980406824,7.230464432231143,2.6889522926655176
8.869999999999855,-1.0580830413929811,-1.9564109831163443,36.06205941814847,35.052868524804104,7.247160349572158,2.6920550420769924
8.879999999999855,-1.07740911006008,-1.9089172037620343,36.06205279213277,35.05006564109755,7.2641220313975765,2.6952035231866214
8.889999999999855,-1.0962637245848075,-1.862125065501888,36.062046049459425,35.04718131461916,7.2813406848054685,2.698395946633012
8.899999999999855,-1.1146540440325883,-1.8160626346269353,36.06203919142988,35.04421575332544,7.298807495086194,2.7016305252728756
8.909999999999854,-1.132587494335253,-1.7707552322232596,36.06203221944309,35.04116921040989,7.316513632642998,2.7049054757316378
8.919999999999854,-1.150071741273687,-1.7262255225812002,36.062025134992446,35.038041983229604,7.334450259638753,2.708219019879809
8.929999999999854,-1.1671146643697874,-1.6824936057402318,36.06201793966273,35.03483441220976,7.352608536365687,2.7115693862347845
8.939999999999854,-1.1837243317312984,-1.6395771133252908,36.0620106351271,35.03154687972806,7.370979627336287,2.7149548112880786
8.949999999999854,-1.1999089758491843,-1.5974913089041602,36.062003223143975,35.028179808981626,7.389554707094877,2.718373540758311
8.959999999999853,-1.2156769704198256,-1.556249185694949,36.061995705554125,35.02473366283835,7.408324965750682,2.7218238307705884
8.969999999999853,-1.2310368081594958,-1.5158615719983353,36.061988084277644,35.021208942675244,7.4272816142341895,2.725303948963159
8.979999999999853,-1.2459970796540074,-1.476337231245087,36.061980361311,35.017606187205885,7.446415889279773,2.728812175522488
8.989999999999853,-1.260566453242863,-1.4376829663212798,36.06197253872417,35.01392597129917,7.465719058138489,2.732346804148128
8.999999999999853,-1.2747536559126982,-1.3999037225622701,36.061964618657676,35.0101689047918,7.48518242302575,2.735906142948941
9.009999999999852,-1.288567455246563,-1.3630026891634432,36.06195660331979,35.00633563129637,7.504797325309487,2.7394885152724195
9.019999999999852,-1.3020166423548025,-1.326981401094652,36.06194849498377,35.00242682700772,7.524555149444995,2.7430922604690124
9.029999999999852,-1.3151100158310005,-1.2918398345214916,36.06194029598493,34.99844319950909,7.544447326663369,2.7467157345934745
9.039999999999852,-1.3278563666815208,-1.2575765124429719,36.06193200871813,34.99438548658082,7.564465338420912,2.750357311045405
9.049999999999851,-1.3402644642211345,-1.2241885906578824,36.061923635634834,34.99025445501315,7.5846007196174305,2.7540153811512074
9.059999999999851,-1.3523430429170407,-1.1916719564886133,36.06191517924064,34.98605089942545,7.6048450615916465,2.7576883546897837
9.069999999999851,-1.3641007901312026,-1.1600213193305493,36.0619066420925,34.98177564109381,7.625190014902352,2.7613746603643543
9.07999999999985,-1.3755463347855308,-1.1292302941950874,36.06189802679623,34.97742952678885,7.645627291904183,2.7650727462228155
9.08999999999985,-1.386688236859121,-1.0992914911268563,36.06188933600385,34.9730134276257,7.6661486691270415,2.7687810800290875
9.09999999999985,-1.3975349777233719,-1.0701965939886198,36.061880572411106,34.96852823792798,7.686745989468414,2.772498149587915
9.10999999999985,-1.4080949513013241,-1.0419364399576119,36.06187173875495,34.963974874107464,7.707411164207868,2.776222463025589
9.11999999999985,-1.4183764559675722,-1.0145010957691456,36.061862837811034,34.95935427356129,7.7281361748530895,2.779952549029046
9.12999999999985,-1.4283876872072918,-0.9878799280889502,36.061853872391254,34.954667393588174,7.748913074826782,2.7836869570457776
9.13999999999985,-1.4381367309670487,-0.9620616736485417,36.061844845341355,34.94991521032532,7.76973399100376,2.7874242574469643
9.14999999999985,-1.4476315576951975,-0.9370345064545744,36.06183575953846,34.94509871770751,7.7905911251074516,2.7911630416561932
9.15999999999985,-1.4568800170044744,-0.9127860968091411,36.06182661788877,34.940218926449695,7.811476754974876,2.794901922246088
9.169999999999849,-1.465889832963973,-0.8893036741997231,36.06181742332508,34.93527686305461,7.832383235699112,2.7986395330051193
9.179999999999849,-1.4746685999507398,-0.8665740798784256,36.06180817880455,34.9302735688466,7.853303000657969,2.802374528976805
9.189999999999849,-1.4832237790589877,-0.8445838248406958,36.06179888730629,34.92521009903276,7.874228562437521,2.806105586473453
9.199999999999848,-1.4915626950226712,-0.8233191342043242,36.06178955182905,34.92008752179266,7.895152513658747,2.809831403066516
9.209999999999848,-1.4996925336164963,-0.8027659988554336,36.061780175388996,34.914906917397616,7.9160675277155175,2.8135506975555846
9.219999999999848,-1.5076203395229213,-0.7829102160859639,36.06177076101734,34.909669377360444,7.936966359431658,2.8172622099179296
9.229999999999848,-1.5153530146177454,-0.7637374337254433,36.06176131175812,34.9043760036166,7.957841845644749,2.820964701240473
9.239999999999847,-1.5228973166632152,-0.7452331882583724,36.061751830665884,34.89902790773733,7.978686905723914,2.824656953635948
9.249999999999847,-1.5302598583723697,-0.7273829383565884,36.06174232080354,34.8936262101759,7.99949454202858,2.828337770144963
9.259999999999847,-1.5374471068113587,-0.7101721020504713,36.06173278524005,34.88817203954702,8.020257840314935,2.832005974625572
9.269999999999847,-1.544465383142323,-0.693586084997066,36.06172322704821,34.88266653194032,8.040969970096427,2.8356604116319053
9.279999999999847,-1.5513208626488564,-0.6776103107103177,36.06171364930247,34.87711083026825,8.061624184964359,2.8392999462833015
9.289999999999846,-1.558019575046585,-0.6622302460845905,36.06170405507671,34.87150608364861,8.082213822874357,2.8429234641253283
9.299999999999846,-1.5645674050457645,-0.6474314270688533,36.06169444744209,34.865853446822214,8.102732306404086,2.846529870983982
9.309999999999846,-1.5709700931484811,-0.6331994797048146,36.06168482946481,34.860154079605515,8.123173142987362,2.8501180928142893
9.319999999999846,-1.5772332366551312,-0.6195201411995513,36.06167520420399,34.854409146378714,8.143529925129377,2.85368707554444
9.329999999999846,-1.5833622908747258,-0.6063792784507591,36.0616655747095,34.848619815608885,8.163796330607578,2.8572357849165297
9.339999999999845,-1.5893625705029049,-0.5937629049211723,36.06165594401982,34.84278725940849,8.183966122662245,2.8607632063248865
9.349999999999845,-1.5952392511679199,-0.5816571957252729,36.06164631515988,34.83691265312864,8.20403315018073,2.8642683446529116
9.359999999999845,-1.600997371114653,-0.5700485015757613,36.06163669113898,34.830997174987424,8.223991347878743,2.8677502241092654
9.369999999999845,-1.606641833023944,-0.558923360984587,36.06162707494866,34.82504200573232,8.243834736482047,2.8712078880641934
9.379999999999844,-1.6121774059435572,-0.54826851035726,36.0616174695606,34.819048328336905,8.26355742291138,2.8746403988866813
9.389999999999844,-1.6176087273244701,-0.5380708949778354,36.06160787792454,34.81301732773093,8.283153600473321,2.878046837783103
9.399999999999844,-1.62294030513478,-0.5283176750829317,36.061598302966225,34.80695019056347,8.302617549059452,2.8814263046379396
9.409999999999844,-1.6281765200703875,-0.5189962362294172,36.06158874758533,34.800848104998316,8.321943635355845,2.8847779178570825
9.419999999999844,-1.633321627819215,-0.5100941928822926,36.06157921465346,34.7947122605411,8.341126313064773,2.888100814214208
9.429999999999843,-1.6383797613817086,-0.5015993937751446,36.06156970701212,34.788543847897174,8.360160123140155,2.891394148700615
9.439999999999843,-1.643354933446332,-0.49349992787380864,36.06156022747064,34.78234405885963,8.379039694038054,2.8946570943788927
9.449999999999843,-1.6482510387924834,-0.48578412593177944,36.061550778804346,34.77611408622631,8.3977597419833,2.897888842240727
9.459999999999843,-1.65307185673274,-0.4784405632165597,36.06154136375244,34.769855123744996,8.416315071253106,2.9010886010691066
9.469999999999843,-1.6578210535756723,-0.47145806385529027,36.06153198501618,34.76356836608579,8.434700574478192,2.9042555973051325
9.479999999999842,-1.6625021850934933,-0.4648256977961243,36.061522645256886,34.75725500883933,8.452911232961949,2.9073890749196174
9.489999999999842,-1.6671186990118174,-0.45853278455490754,36.06151334709408,34.750916248540086,8.470942117017692,2.910488295289588
9.499999999999842,-1.67167393749563,-0.4525688928699113,36.06150409310363,34.74455328271316,8.488788386324126,2.9135525370797977
9.509999999999842,-1.6761711396328733,-0.44692383851098477,36.06149488581586,34.73816730994369,8.506445290298672,2.91658109612928
9.519999999999841,-1.6806134439056029,-0.44158768453249697,36.0614857277138,34.73175952996719,8.52390816848845,2.9195732853429885
9.529999999999841,-1.6850038906630904,-0.43655074008398,36.06147662123133,34.7253311437799,8.541172450978218,2.9225284345884845
9.539999999999841,-1.6893454245520194,-0.43180355705163487,36.06146756875148,34.71888335376745,8.558233658814624,2.925445890597641
9.54999999999984,-1.6936408969602152,-0.42733692926720357,36.06145857260469,34.71241736385058,8.575087404445911,2.928325016873283
9.55999999999984,-1.697893068403959,-0.4231418890874696,36.0614496350671,34.70593437964632,8.591729392176033,2.9311651936006666
9.56999999999984,-1.7021046109051006,-0.41920970532156265,36.06144075835893,34.699435608643505,8.608155418632032,2.9339658175636663
9.57999999999984,-1.7062781103410667,-0.4155318786212391,36.061431944642806,34.6929222603905,8.624361373243437,2.936726302065522
9.58999999999984,-1.7104160687464236,-0.4121001401121667,36.061423196022254,34.68639554669429,8.640343238732223,2.9394460768539745
9.59999999999984,-1.7145209066000806,-0.40890644607388293,36.06141451454006,34.67985668182879,8.65609709161187,2.9421245880505924
9.60999999999984,-1.7185949650534362,-0.40594297491606746,36.061405902176894,34.67330688275122,8.671619102693889,2.944761298084089
9.61999999999984,-1.7226405081408964,-0.4032021238213296,36.06139736084971,34.66674736932461,8.686905537600088,2.9473556856273877
9.62999999999984,-1.7266597249398739,-0.400676503022964,36.0613888924104,34.660179364545144,8.701952757278782,2.949907245538202
9.639999999999839,-1.7306547316832568,-0.3983589334527022,36.061380498644446,34.653604094772355,8.716757218523078,2.952415488802868
9.649999999999839,-1.734627573844865,-0.3962424413128779,36.06137218126955,34.64702278996096,8.73131547448924,2.9548799424831524
9.659999999999838,-1.7385802281718947,-0.39432025413028954,36.06136394193435,34.64043668389223,8.745624175213127,2.9573001496657603
9.669999999999838,-1.742514604671048,-0.3925857962056677,36.06135578221721,34.633847014403756,8.75968006812264,2.9596756694142416
9.679999999999838,-1.7464325485579628,-0.39103268361209526,36.06134770362508,34.627255023615405,8.773479998543962,2.9620060767229974
9.689999999999838,-1.7503358421582744,-0.38965472130045237,36.06133970759226,34.62066195815047,8.787020910199475,2.9642909624730627
9.699999999999838,-1.7542262067526226,-0.38844589585878675,36.061331795479454,34.61406906934975,8.800299845695088,2.9665299333893613
9.709999999999837,-1.7581053043992874,-0.3874003736910147,36.061323968572644,34.60747761347749,8.813313946994702,2.9687226119990906
9.719999999999837,-1.7619747396853702,-0.38651249451333075,36.06131622808223,34.60088885191711,8.826060455879551,2.970868636590913
9.729999999999837,-1.76583606144813,-0.38577676800384203,36.06130857514201,34.59430405135546,8.838536714390084,2.972967661174619
9.739999999999837,-1.7696907644458735,-0.3851878674498422,36.06130101080844,34.58772448395397,8.85074016524802,2.9750193554409052
9.749999999999837,-1.7735402909816251,-0.38474062777242857,36.0612935360598,34.58115142750489,8.862668352256328,2.977023404720952
9.759999999999836,-1.777386032485145,-0.38443003830110245,36.06128615179546,34.574586165571546,8.87431892067469,2.978979509945426
9.769999999999836,-1.7812293310412886,-0.38425124083067236,36.061278858835244,34.568029987610586,8.885689617568165,2.980887387602585
9.779999999999836,-1.785071480881427,-0.3841995221776394,36.0612716579188,34.561484189075216,8.896778292126692,2.9827467696951233
9.789999999999836,-1.7889137298333235,-0.3842703127846919,36.06126454970511,34.554950071497686,8.907582895953112,2.984557403695414
9.799999999999836,-1.792757280710804,-0.3844591800419336,36.06125753477197,34.548428942549734,8.918101483317406,2.986319052498813
9.809999999999835,-1.796603292679182,-0.384761825246686,36.061250613615655,34.54192211607957,8.928332211374883,2.9880314943746633
9.819999999999835,-1.8004528825631563,-0.3851740787888327,36.06124378665051,34.53543091212421,8.938273340346017,2.989694522914677
9.829999999999835,-1.8043071261173915,-0.38569189536790377,36.061237054208725,34.52895665689568,8.947923233655757,2.9913079469783375
9.839999999999835,-1.8081670592543573,-0.3863113511438546,36.061230416540155,34.52250068273996,8.957280358030133,2.9928715906350094
9.849999999999834,-1.8120336792349376,-0.387028638604269,36.061223873812146,34.516064328067486,8.966343283547966,2.994385293102403
9.859999999999834,-1.8159079458026484,-0.3878400624286653,36.0612174261095,34.509648937254035,8.97511068364565,2.995848908681085
9.869999999999834,-1.8197907823045771,-0.3887420360850225,36.061211073434556,34.50325586051101,8.983581335072905,2.9972623066847026
9.879999999999834,-1.823683076738544,-0.3897310773649749,36.0612048157071,34.49688645372377,8.991754117797612,2.9986253713656215
9.889999999999834,-1.827585682791441,-0.39080380417592187,36.06119865276474,34.49054207825754,8.999628014857679,2.999938001835651
9.899999999999833,-1.831499420817707,-0.39195693240310725,36.06119258436298,34.48422410072952,9.007202112158215,3.0012001119815745
9.909999999999833,-1.83542507879192,-0.3931872694347976,36.06118661017558,34.477933892746584,9.014475598212107,3.0024116303751733
9.919999999999833,-1.83936341322056,-0.3944917133388809,36.06118072979496,34.4716728306077,9.021447763822406,3.0035725001774813
9.929999999999833,-1.8433151500135923,-0.3958672464559562,36.06117494273257,34.46544229497043,9.028118001704769,3.0046826790369674
9.939999999999833,-1.8472809853195788,-0.3973109335312561,36.061169248419496,34.4592436704806,9.03448580604847,3.005742138981398
9.949999999999832,-1.8512615863351876,-0.3988199182670777,36.06116364620699,34.45307834536494,9.040550772014546,3.006750866303117
9.959999999999832,-1.855257592066669,-0.4003914193995907,36.06115813536718,34.446947710985825,9.046312595169567,3.007708861437484
9.969999999999832,-1.8592696140629512,-0.4020227254864226,36.061152715093804,34.44085316135778,9.051771070853908,3.0086161388342494
9.979999999999832,-1.8632982371168039,-0.4037111956765561,36.061147384502995,34.4347960926255,9.056926093483183,3.0094727268216244
9.989999999999831,-1.8673440199243314,-0.4054542521822567,36.0611421426342,34.42877790250285,9.061777655781858,3.010278667462841
9.999999999999831,-1.871407495723721,-0.4072493795990263,36.061136988451125,34.42279998967282,9.066325847947972,3.011034016404991
10.009999999999831,-1.8754891728895222,-0.40909412081821983,36.06113192084272,34.41686375314808,9.070570856748123,3.011738842719953
10.01999999999983,-1.8795895355021246,-0.41098607277301963,36.061126938624355,34.410970591592346,9.074512964541912,3.01239322873723
10.02999999999983,-1.8837090438850785,-0.4129228874161619,36.06112204053891,34.40512190260221,9.078152548235204,3.0129972698685283
10.03999999999983,-1.8878481351107659,-0.41490226197983954,36.06111722525809,34.39931908194979,9.081490078161611,3.013551074423928
10.04999999999983,-1.8920072234700263,-0.4169219419581687,36.06111249138363,34.39356352278627,9.084526116891766,3.014054763419498
10.05999999999983,-1.8961867009235547,-0.4189797155071209,36.061107837448766,34.38785661480654,9.087261317970073,3.014508470376236
10.06999999999983,-1.9003869375150502,-0.4210734105954147,36.06110326191958,34.382199743375175,9.089696424578738,3.014912341110225
10.07999999999983,-1.904608281752943,-0.4232008921225268,36.06109876319654,34.37659428861449,9.091832268128902,3.0152665335138953
10.08999999999983,-1.9088510609720564,-0.42536005907416563,36.06109433961609,34.37104162445471,9.093669766779048,3.015571217328327
10.09999999999983,-1.913115581655611,-0.427548842723772,36.06108998945221,34.3655431176471,9.095209923880711,3.0158265739065153
10.109999999999829,-1.917402129743102,-0.4297652021778508,36.061085710918164,34.36010012674063,9.096453826351869,3.0160327959675555
10.119999999999829,-1.921710970894455,-0.4320071218736677,36.06108150216818,34.354714001022934,9.097402642978325,3.016190087341699
10.129999999999828,-1.9260423507404705,-0.4342726102759642,36.061077361299304,34.34938607942613,9.098057622643719,3.0162986627062844
10.139999999999828,-1.9303964950892663,-0.4365596955990373,36.061073286353206,34.344117689398814,9.098420092488714,3.016358747312513
10.149999999999828,-1.9347736101277546,-0.43886642371753193,36.061069275318154,34.33891014574471,9.098491456000257,3.016370576703111
10.159999999999828,-1.9391738825733116,-0.44119085509117806,36.06106532613087,34.33376474942943,9.09827319103171,3.0163343964208793
10.169999999999828,-1.9435974798127797,-0.44353106222435196,36.06106143667867,34.328682786356005,9.097766847754968,3.016250461708206
10.179999999999827,-1.948044550012989,-0.4458851280759992,36.06105760480137,34.32366552611089,9.096974046545721,3.0161190371975906
10.189999999999827,-1.9525152221968232,-0.44825114086095075,36.06105382829355,34.318714220681166,9.095896475803093,3.015940396593257
10.199999999999827,-1.957009606301639,-0.4506271947336601,36.061050104906556,34.31383010314469,9.09453588970514,3.015714822343973
10.209999999999827,-1.9615277932057322,-0.45301138324788176,36.061046432350764,34.30901438633428,9.092894105901687,3.015442605307169
10.219999999999827,-1.966069854731811,-0.4554018009555758,36.06104280829782,34.3042682614777,9.090973003146207,3.0151240444045095
10.229999999999826,-1.9706358436182771,-0.45779653683386073,36.06103923038282,34.299592896814524,9.088774518868492,3.014759446269054
10.239999999999826,-1.9752257934763853,-0.46019367454971033,36.06103569620667,34.29498943619201,9.086300646690017,3.014349124884179
10.249999999999826,-1.9798397187000871,-0.46259128851013886,36.061032203338414,34.29045899764125,9.083553433884024,3.013893401214453
10.259999999999826,-1.9844776143708487,-0.4649874399963319,36.061028749317565,34.28600267193537,9.080534978782445,3.0133926028286533
10.269999999999825,-1.9891394561241926,-0.4673801781234119,36.06102533165648,34.281621521131704,9.077247428131896,3.0128470635151556
10.279999999999825,-1.993825199991388,-0.46976753282002215,36.06102194784281,34.27731657709959,9.07369297440111,3.0122571228899284
10.289999999999825,-1.9985347822106865,-0.4721475156715804,36.061018595341864,34.27308884003577,9.069873853042264,3.0116231259973856
10.299999999999825,-2.0032681190247583,-0.47451811404952987,36.06101527159912,34.26893927696919,9.065792339708723,3.0109454229043613
10.309999999999825,-2.008025106427033,-0.4768772917816674,36.061011974042636,34.2648688202574,9.061450747431923,3.0102243682875076
10.319999999999824,-2.012805619907146,-0.4792229828651084,36.06100870008556,34.26087836607621,9.056851423760088,3.009460321014399
10.329999999999824,-2.017609514148954,-0.4815530919648223,36.061005447128586,34.2569687729051,9.051996747861669,3.0086536437186764
10.339999999999824,-2.022436622709818,-0.48386548879579533,36.06100221256247,34.25314086001001,9.046889127596435,3.0078047023695595
10.349999999999824,-2.0272867576673463,-0.4861580070640056,36.06099899377054,34.249395405925995,9.041530996557213,3.006913865836069
10.359999999999824,-2.032159709239057,-0.4884284403811373,36.060995788131116,34.245733146941674,9.035924811085462,3.005981505446343
10.369999999999823,-2.0370552453725717,-0.490674541148622,36.06099259302013,34.24215477558784,9.030073047263716,3.0050079945423964
10.379999999999823,-2.041973111308256,-0.4928940145127513,36.06098940581352,34.23866093913224,9.023978197888338,3.0039937080307504
10.389999999999823,-2.04691302910512,-0.4950845187714408,36.06098622388978,34.23525223808289,9.017642769425736,3.002939021929306
10.399999999999823,-2.0518746971433472,-0.497243659415096,36.0609830446324,34.23192922470218,9.01106927895556,3.0018443129109076
10.409999999999823,-2.0568577895957736,-0.4993689885259494,36.06097986543235,34.228692401533934,9.004260251104235,3.0007099578440157
10.419999999999822,-2.0618619558588014,-0.501457999116984,36.06097668369056,34.225542219945794,8.997218214972374,2.999536333330932
10.429999999999822,-2.0668868199615824,-0.5035081230236327,36.060973496820274,34.22247907868919,8.989945701059629,2.998323815244049
10.439999999999822,-2.071931979939528,-0.5055167297686177,36.06097030224959,34.21950332247916,8.982445238190532,2.99707277826057
10.449999999999822,-2.076997007170445,-0.5074811183965655,36.06096709742373,34.21661524059637,8.974719350445016,2.9957835953962055
10.459999999999821,-2.0820814456832393,-0.5093985178971522,36.060963879807446,34.21381506551354,8.966770554097236,2.9944566375383093
10.469999999999821,-2.087184811421475,-0.5112660826574774,36.06096064688742,34.211102971548755,8.958601354566424,2.9930922729789713
10.479999999999821,-2.092306591485452,-0.5130808890561696,36.06095739617449,34.208479073547636,8.950214243383499,2.9916908669485722
10.48999999999982,-2.09744624332828,-0.5148399304432945,36.06095412520594,34.20594342559702,8.941611695177148,2.9902527811503075
10.49999999999982,-2.102603193920532,-0.5165401163011863,36.060950831547785,34.20349601977219,8.93279616468318,2.988778373296217
10.50999999999982,-2.107776838869587,-0.5181782642268512,36.06094751279691,34.201136784919825,8.923770083780942,2.9872679966452527
10.51999999999982,-2.1129665415100245,-0.519751100535438,36.06094416658328,34.19886558547926,8.91453585856047,2.9857219995439075
10.52999999999982,-2.1181716319483352,-0.5212552534738041,36.06094079057199,34.196682220343824,8.905095866424316,2.984140724969973
10.53999999999982,-2.123391406068289,-0.5226872496034289,36.060937382465426,34.19458642176487,8.895452453227701,2.9825245100799593
10.54999999999982,-2.128625124501552,-0.5240435103830199,36.06093394000521,34.192577854300374,8.885607930460822,2.9808736857607405
10.55999999999982,-2.133872011542381,-0.5253203471121589,36.06093046097417,34.190656113810356,8.875564572477085,2.9791885761859866
10.569999999999819,-2.1391312540366467,-0.5265139576261291,36.06092694319835,34.18882072650122,8.865324613771008,2.9774694983779444
10.579999999999819,-2.144402000210148,-0.5276204194019293,36.06092338454879,34.18707114802118,8.854890246309479,2.975716761775132
10.589999999999819,-2.1496833584661665,-0.5286356889761433,36.06091978294335,34.1854067626087,8.844263616920136,2.9739306678065205
10.599999999999818,-2.1549743961228454,-0.5295555937874953,36.060916136348496,34.18382688229596,8.83344682474056,2.972111509472779
10.609999999999818,-2.1602741381222295,-0.5303758284022297,36.06091244278096,34.18233074616954,8.822441918731856,2.9702595709351494
10.619999999999818,-2.1655815656661583,-0.5310919507820088,36.06090870030939,34.1809175196899,8.81125089526033,2.9683751271125303
10.629999999999818,-2.1708956148331677,-0.531699376507069,36.06090490705594,34.179586294071996,8.79987569575081,2.96645844328735
10.639999999999818,-2.176215175107559,-0.5321933713024148,36.060901061197725,34.17833608572847,8.788318204415184,2.9645097747208027
10.649999999999817,-2.181539087899425,-0.5325690521812568,36.0608971609683,34.17716583577747,8.776580246059652,2.9625293662780208
10.659999999999817,-2.1868661449740663,-0.5328213746125456,36.060893204659024,34.17607440961698,8.764663583974155,2.96051745206377
10.669999999999817,-2.1921950868540923,-0.5329451308908805,36.06088919062037,34.17506059656697,8.752569917907472,2.9584742550692362
10.679999999999817,-2.1975246011486984,-0.5329349470847713,36.060885117263105,34.17412310958159,8.740300882131272,2.9563999868304816
10.689999999999817,-2.202853320838181,-0.5327852705295077,36.060880983059604,34.17326058503263,8.727858043596575,2.9542948470991472
10.699999999999816,-2.208179822502331,-0.5324903705280668,36.06087678654474,34.17247158256594,8.715242900185808,2.95215902352597
10.709999999999816,-2.213502624467914,-0.5320443298229907,36.06087252631706,34.1717545850326,8.70245687906379,2.9499926913576906
10.719999999999816,-2.218820184941892,-0.5314410364110081,36.06086820103966,34.171107998495955,8.689501335130792,2.9477960131479235
10.729999999999816,-2.2241309000227716,-0.5306741832318231,36.060863809441116,34.1705301523162,8.676377549580845,2.9455691384825524
10.739999999999815,-2.2294331017124245,-0.5297372552631492,36.060859350316186,34.17001929931393,8.663086728568395,2.943312203720223
10.749999999999815,-2.2347250558206295,-0.5286235274914177,36.06085482252664,34.16957361601381,8.649630001986367,2.9410253317484987
10.759999999999815,-2.2400049598136933,-0.52732605751593,36.06085022500188,34.16919120296996,8.636008422358634,2.9387086317562403
10.769999999999815,-2.2452709406306797,-0.5258376781077593,36.06084555673944,34.168870085174,8.62222296384989,2.936362199022779
10.779999999999815,-2.25052105237792,-0.5241509911365236,36.060840816805594,34.16860821254719,8.608274521395774,2.933986114724433
10.789999999999814,-2.2557532740033706,-0.5222583609714707,36.06083600433569,34.16840346051769,8.59416390995624,2.931580445758949
10.799999999999814,-2.2609655068853254,-0.5201519085428358,36.06083111853459,34.16825363068418,8.579891863894854,2.929145244588403
10.809999999999814,-2.266155572349313,-0.5178235008302807,36.0608261586768,34.16815645156668,8.565459036486972,2.926680549101144
10.819999999999814,-2.271321209118663,-0.5152647491742319,36.0608211241068,34.16810957944586,8.55086599955942,2.9241863824933287
10.829999999999814,-2.2764600706984095,-0.5124669979602634,36.06081601423912,34.168110599291545,8.536113243264492,2.921662753170614
10.839999999999813,-2.281569722686881,-0.5094213197057151,36.06081082855833,34.16815702578151,8.5212011759909,2.919109654670564
10.849999999999813,-2.286647640010791,-0.5061185074479426,36.06080556661907,34.16824630441136,8.50613012441435,2.916527065606344
10.859999999999813,-2.2916912041046738,-0.5025490667259627,36.06080022804593,34.16837581269625,8.490900333690378,2.9139149496322605
10.869999999999813,-2.296697699994408,-0.4987032104239433,36.06079481253325,34.1685428614654,8.475511967792006,2.91127325543172
10.879999999999812,-2.3016643133333097,-0.49457084951857483,36.0607893198449,34.16874469624994,8.459965109994872,2.908601916728185
10.889999999999812,-2.306588127351244,-0.4901415880156216,36.060783749813915,34.16897849876481,8.44425976351232,2.9059008523196934
10.899999999999812,-2.311466119748934,-0.48540471301750576,36.06077810234211,34.16924138848542,8.428395852283009,2.9031699661375336
10.909999999999812,-2.3162951594957937,-0.48034919175581037,36.06077237739967,34.16953042431963,8.41237322191357,2.9004091473296607
10.919999999999812,-2.3210720035913264,-0.47496366133683565,36.06076657502451,34.16984260637543,8.396191640778854,2.8976182703694517
10.929999999999811,-2.3257932937342325,-0.4692364233328926,36.06076069532172,34.170174877825005,8.37985080128218,2.8947971951903955
10.939999999999811,-2.3304555529352498,-0.46315543707112283,36.06075473846292,34.17052412686551,8.363350321278174,2.8919457673473365
10.949999999999811,-2.3350551820599295,-0.45670831400433026,36.06074870468547,34.17088718877694,8.346689745660626,2.8890638182048916
10.95999999999981,-2.339588456317024,-0.44988230961051406,36.060742594291696,34.17126084807742,8.32986854811787,2.886151165153667
10.96999999999981,-2.344051521678722,-0.4426643205224076,36.06073640764799,34.17164184077627,8.312886133058146,2.8832076118549193
10.97999999999981,-2.348440391243717,-0.43504087466472874,36.06073014518387,34.172026856724855,8.29574183770745,2.8802329485143123
10.98999999999981,-2.3527509415532877,-0.42699813074454435,36.06072380739104,34.172412542065686,8.278434934382311,2.8772269521854392
10.99999999999981,-2.3569789088492326,-0.41852187051999346,36.06071739482231,34.17279550177956,8.260964632940034,2.8741893871037854
11.00999999999981,-2.3611198852893818,-0.4095974948562194,36.06071090809042,34.17317230233099,8.243330083408807,2.8711200050518277
11.01999999999981,-2.3651693151217486,-0.400210019451725,36.06070434786697,34.173539474411854,8.225530378800208,2.8680185457559735
11.02999999999981,-2.369122490820389,-0.3903440737301951,36.0606977148811,34.17389351578301,8.207564558106599,2.8648847373160753
11.039999999999809,-2.372974549197114,-0.37998389533904653,36.060691009918294,34.17423089421404,8.189431609485798,2.8617182966682444
11.049999999999809,-2.3767204674833367,-0.3691133304029545,36.060684233818996,34.17454805052049,8.1711304736356,2.8585189300817304
11.059999999999809,-2.3803550594012903,-0.3577158310907807,36.060677387477206,34.17484140169856,8.152660047360532,2.855286333690639
11.069999999999808,-2.383872971225824,-0.3457744551017653,36.060670471839124,34.17510734415674,8.13401918733332,2.8520201940612764
11.079999999999808,-2.3872686778443297,-0.3332718681516124,36.06066348790159,34.17534225704393,8.115206714053478,2.848720188795923
11.089999999999808,-2.390536478839038,-0.32019034336420066,36.06065643671066,34.175542505673306,8.096221416005427,2.8453859871738714
11.099999999999808,-2.393670494581597,-0.30651176634443783,36.06064931935988,34.17570444504143,8.077062054018535,2.842017250830567
11.109999999999808,-2.3966646623637784,-0.2922176363985335,36.060642136988875,34.17582442344173,8.057727365831354,2.838613634475702
11.119999999999807,-2.3995127325787644,-0.2772890749790599,36.06063489078154,34.175898786171324,8.038216070862408,2.8351747866511525
11.129999999999807,-2.4022082649633822,-0.26170683099338543,36.06062758196446,34.175923879330256,8.018526875189648,2.8317003505296334
11.139999999999807,-2.404744624910997,-0.24545128883428274,36.06062021180512,34.175896053711966,7.998658476740856,2.828189964754994
11.149999999999807,-2.4071149798882567,-0.2285024801315622,36.0606127816102,34.17581166878358,7.97860957069692,2.824643264325058
11.159999999999807,-2.4093122959540523,-0.2108400933202483,36.0606052927238,34.175667096754644,7.958378855110018,2.821059881517941
11.169999999999806,-2.411329334409738,-0.19244349196966876,36.06059774652556,34.17545872673259,7.9379650367385235,2.8174394468627932
11.179999999999806,-2.4131586486058976,-0.1732917244502814,36.060590144428915,34.17518296896323,7.917366837100312,2.8137815901559082
11.189999999999806,-2.4147925809024917,-0.15336354872766902,36.06058248787914,34.174836259154155,7.896582998746046,2.8100859415231496
11.199999999999806,-2.416223259864723,-0.13263745000824717,36.060574778351565,34.17441506287908,7.875612291753713,2.80635213252965
11.209999999999805,-2.4174425976356653,-0.11109166371959378,36.0605670173496,34.173915880060456,7.85445352044566,2.802579797337742
11.219999999999805,-2.4184422875825513,-0.08870420398054404,36.060559206402836,34.17333524952801,7.833105530328968,2.7987685739140646
11.229999999999805,-2.4192138022165337,-0.06545289020714214,36.06055134706509,34.17266975365033,7.811567215259787,2.79491810528677
11.239999999999805,-2.4197483914203874,-0.04131538230606606,36.060543440912525,34.17191602303632,7.789837524832089,2.7910280408537798
11.249999999999805,-2.4200370810101353,-0.016269214991045854,36.060535489541614,34.17107074130322,7.767915471990721,2.7870980377429713
11.259999999999804,-2.420070671680248,0.009708165467953334,36.06052749456722,34.17013064990785,7.745800140868509,2.783127762225175
11.269999999999804,-2.4198397383463677,0.03663935271393589,36.0605194576206,34.1690925530367,7.723490694846633,2.7791168911808355
11.279999999999804,-2.4193346299578415,0.0645469387380822,36.06051138034747,34.16795332255122,7.700986384837035,2.7750651136211264
11.289999999999804,-2.4185454697676105,0.09345346167577602,36.060503264405995,34.166709902983484,7.678286557785197,2.77097213226427
11.299999999999804,-2.4174621561638094,0.12338134711879091,36.060495111464846,34.16535931657749,7.655390665391075,2.766837665167777
11.309999999999803,-2.4160743640587032,0.15435285434076876,36.060486923201225,34.163898668370855,7.6322982730453175,2.7626614474172033
11.319999999999803,-2.414371546897781,0.18639000604397585,36.06047870129892,34.162325151311705,7.609009068977314,2.758443232871997
11.329999999999803,-2.4123429393376226,0.21951452460959725,36.0604704474463,34.160636051404325,7.585522873610952,2.754182795968879
11.339999999999803,-2.4099775606550318,0.25374775269516103,36.060462163334485,34.15882875287783,7.561839649123081,2.7498799335831157
11.349999999999802,-2.4072642189034257,0.289110577419497,36.06045385065534,34.156900743370734,7.537959509199022,2.745534466947924
11.359999999999802,-2.4041915158992113,0.325623343857233,36.060445511099616,34.1548496191246,7.513882728978447,2.7411462436321137
11.369999999999802,-2.400747853095417,0.3633057651971566,36.06043714635503,34.15267309017916,7.489609755184049,2.7367151395759204
11.379999999999802,-2.396921438372472,0.4021768260763214,36.06042875810442,34.15036898556081,7.46514121642446,2.73224106118484
11.389999999999802,-2.3927002938221653,0.44225468117778466,36.06042034802394,34.147935258456315,7.440477933661673,2.727723947481063
11.399999999999801,-2.388072264583484,0.483556549581797,36.060411917781146,34.14536999136249,7.415620930832154,2.7231637723119326
11.409999999999801,-2.383025028777716,0.5260985951825395,36.0604034690333,34.14267140120282,7.3905714456095435,2.718560546614613
11.419999999999801,-2.3775461086164045,0.5698958165614706,36.06039500342556,34.13983784440102,7.365330940295498,2.7139143207359178
11.4299999999998,-2.3716228827127397,0.6149619117115008,36.06038652258926,34.136867821901134,7.339901112823946,2.709225186805989
11.4399999999998,-2.36524259970731,0.6613091561404859,36.06037802814017,34.133759984123515,7.314283907862352,2.7044932811642095
11.4499999999998,-2.3583923932068376,0.7089482583986647,36.060369521676805,34.13051313584516,7.2884815279922535,2.6997187868354464
11.4599999999998,-2.35105929813216,0.7578882217671981,36.06036100477884,34.12712624099286,7.262496444949461,2.694901936054346
11.4699999999998,-2.343230268508529,0.808136196982215,36.0603524790054,34.123598427336454,7.236331410902807,2.690043012835075
11.4799999999998,-2.3348921967787337,0.8596973244849058,36.06034394589349,34.11992899106976,7.209989469748342,2.6851423555834693
11.4899999999998,-2.3260319346568905,0.9125745827900243,36.06033540695639,34.11611740126556,7.183473968394148,2.6802003597481567
11.4999999999998,-2.3166363155788074,0.9667686212380929,36.06032686368213,34.11216330419113,7.156788568008839,2.6752174805067415
11.509999999999799,-2.30669217881204,1.0222775967525528,36.06031831753192,34.10806652746979,7.129937255204942,2.6701942354826813
11.519999999999799,-2.2961863952271844,1.0790970024947883,36.06030976993861,34.10382708407401,7.1029243531261415,2.665131207487943
11.529999999999799,-2.2851058947985243,1.1372194967300309,36.06030122230518,34.099445176134815,7.075754532405266,2.660029047286
11.539999999999798,-2.2734376958159976,1.1966347280109888,36.060292676003186,34.09492119855188,7.048432821957706,2.65488847636915
11.549999999999798,-2.2611689358690152,1.2573291584759676,36.06028413237135,34.09025574238868,7.020964619572654,2.6497102897435134
11.559999999999798,-2.248286904584664,1.3192858895931834,36.06027559271382,34.08544959803584,6.993355702262329,2.6444953587144617
11.569999999999798,-2.234779078111935,1.3824844865387675,36.06026705829883,34.080503758126895,6.965612236326979,2.6392446336645223
11.579999999999798,-2.2206331553594185,1.4469008027488877,36.06025853035699,34.07541942018882,6.937740787091167,2.6339591468151453
11.589999999999797,-2.2058370959602414,1.5125068124745393,36.060250010079685,34.070197989010666,6.909748328264547,2.6286400149629743
11.599999999999797,-2.190379159907098,1.5792704422570136,36.06024149861747,34.06484107871289,6.881642250877998,2.623288442180539
11.609999999999797,-2.17424794883478,1.6471554111681193,36.06023299707832,34.05935051449998,6.853430371743755,2.617905722470493
11.619999999999797,-2.1574324488568934,1.716121078045351,36.0602245065258,34.05372833407889,6.825120941385986,2.6124932423617837
11.629999999999797,-2.139922074917975,1.7861222968157775,36.060216027977226,34.04797678872574,6.796722651386113,2.60705248343529
11.639999999999796,-2.1217067165036356,1.8571092822179098,36.06020756240176,34.04209834398348,6.7682446410852375,2.601585024765717
11.649999999999796,-2.102776784660503,1.9290274890567891,36.0601991107182,34.03609567997316,6.739696503584066,2.5960925452656856
11.659999999999796,-2.0831232601456033,2.001817503540741,36.06019067379295,34.02997169130173,6.711088290979101,2.590576825917174
11.669999999999796,-2.0627377425749285,2.075414954131968,36.06018225243758,34.02372948654974,6.682430518772302,2.585039751874679
11.679999999999795,-2.0416125003989043,2.149750434858886,36.060173847406396,34.01737238732242,6.653734169390114,2.5794833144236686
11.689999999999795,-2.0197405215146897,2.2247494543196957,36.06016545939381,34.010903926848506,6.625010694746759,2.5739096127771774
11.699999999999795,-1.9971155643086396,2.300332403580885,36.06015708903157,34.00432784811136,6.596272017785895,2.5683208556926633
11.709999999999795,-1.973732208892366,2.3764145476066263,36.06014873688577,33.997648101497994,6.567530532934364,2.562719362890592
11.719999999999795,-1.9495859082869489,2.4529060436595467,36.06014040345364,33.990868841952164,6.538799105401655,2.5571075662556035
11.729999999999794,-1.9246730393059441,2.529711987160259,36.060132089160284,33.983994425618725,6.510091069259116,2.551488010800583
11.739999999999794,-1.8989909528138345,2.606732486775896,36.06012379435506,33.97702940596757,6.4814202242336245,2.5458633553735015
11.749999999999794,-1.8725380230967181,2.6838627698284916,36.06011551930786,33.96997852938639,6.452800831151826,2.5402363730865334
11.759999999999794,-1.8453136960104737,2.760993322644893,36.06010726420513,33.96284673023314,6.424247605972687,2.5346099514467086
11.769999999999794,-1.817318535544034,2.8380100608674868,36.0600990291457,33.95563912534,6.395775712348533,2.528987092167244
11.779999999999793,-1.7885542685292635,2.914794540513521,36.0600908141365,33.948361007962774,6.36740075265754,2.5233709106386915
11.789999999999793,-1.7590238270458445,2.9912241981767598,36.060082619088014,33.9410178411707,6.339138757454223,2.5177646350392293
11.799999999999793,-1.7287313882432986,3.067172635180143,36.060074443809555,33.93361525067388,6.311006173288574,2.5121716050637493
11.809999999999793,-1.6976824111302742,3.142509930789651,36.0600662880045,33.92615901708721,6.283019848849211,2.506595270251903
11.819999999999792,-1.6658836700622375,3.217103002005783,36.060058151265316,33.918655067631896,6.255197019391506,2.5010391878960045
11.829999999999792,-1.6333432844491935,3.2908159877861056,36.06005003306856,33.9111094672774,6.227555289417596,2.4955070205105807
11.839999999999792,-1.6000707444057383,3.363510681421278,36.06004193276974,33.90352840932952,6.200112613582179,2.490002532846539
11.849999999999792,-1.5660769319491286,3.435046989779282,36.06003384959828,33.895918205471965,6.172887275805313,2.4845295884342598
11.859999999999792,-1.5313741374136498,3.5052834279651828,36.0600257826524,33.88828527527192,6.14589786658174,2.4790921456415735
11.869999999999791,-1.4959760707622407,3.574077644134491,36.0600177308942,33.88063613516213,6.11916325848493,2.473694253234407
11.879999999999791,-1.4598978675028802,3.641286977090439,36.06000969314476,33.87297738691485,6.09270257987355,2.4683400454300357
11.889999999999791,-1.4231560889071937,3.7067690334494094,36.06000166807944,33.8653157056259,6.066535186818002,2.463033736435212
11.89999999999979,-1.3857687163246666,3.7703822926342996,36.05999365422361,33.85765782722944,6.0406806332752,2.4577796144640796
11.90999999999979,-1.3477551393645564,3.831986729545658,36.05998564994841,33.85001053556723,6.015158639550796,2.4525820352336423
11.91999999999979,-1.309136137761643,3.89144445093403,36.05997765346712,33.8423806490389,5.989989059099384,2.4474454149376617
11.92999999999979,-1.2699338568317033,3.9486203420599386,36.05996966283192,33.83477500686243,5.965191843725007,2.4423742227031893
11.93999999999979,-1.2301717764047946,4.00338272393698,36.05996167593107,33.82720045497723,5.940787007256203,2.4373729725374824
11.94999999999979,-1.1898746732113725,4.055604005093843,36.05995369048682,33.819663831624844,5.916794587781932,2.43244621477679
11.95999999999979,-1.149068576751605,4.105161331288366,36.059945704053874,33.812171952645116,5.893234608546931,2.4275985270523894
11.96999999999979,-1.107780718686546,4.151937228304993,36.05993771401861,33.80473159652856,5.870127037617001,2.4228345047933013
11.979999999999789,-1.0660394759160217,4.195820226593883,36.05992971759901,33.79734948926829,5.847491746436742,2.418158751289241
11.989999999999789,-1.0238743074818042,4.236705466058434,36.05992171184551,33.790032289057415,5.82534846741374,2.4135758673415966
11.999999999999789,-0.9813156855707805,4.274495271786274,36.05991369364264,33.782786570880305,5.803716750674409,2.4090904405344373
12.009999999999788,-0.9383950208620564,4.309099707314796,36.05990565971159,33.77561881104868,5.782615920147282,2.4047070341618086
12.019999999999788,-0.8951445826067105,4.340437078650732,36.05989760661375,33.76853537173523,5.7620650291394275,2.400430175851701
12.029999999999788,-0.8515974137879524,4.368434405501149,36.059889530755186,33.76154248555985,5.742082815580861,2.396264345931154
12.039999999999788,-0.8077872418451466,4.393027844639927,36.0598814283921,33.75464624028532,5.72268765711992,2.3922139655808214
12.049999999999788,-0.763748385401479,4.4141630599693515,36.05987329563729,33.74785256368046,5.703897526259821,2.3882833848310003
12.059999999999787,-0.7195156575482853,4.43179554138336,36.059865128467536,33.74116720861068,5.685729945732614,2.384476870454527
12.069999999999787,-0.675124266246166,4.445890864030002,36.059856922731974,33.734595738416346,5.668201944311509,2.3807985938150056
12.079999999999787,-0.6306097124139606,4.456424890086273,36.05984867416143,33.72814351264041,5.651330013266102,2.377252618731569
12.089999999999787,-0.5860076863208231,4.463383904084916,36.05984037837853,33.721815673167235,5.635130063667036,2.3738428894236105
12.099999999999786,-0.5413539629301424,4.466764689477058,36.05983203090875,33.715617130834424,5.619617384747306,2.3705732186007893
12.109999999999786,-0.4966842968192338,4.466574537451255,36.05982362719215,33.709552552579375,5.60480660352652,2.3674472757648735
12.119999999999786,-0.4520343173044607,4.462831193155966,36.05981516259582,33.7036263491817,5.590711645902115,2.3644685757907875
12.129999999999786,-0.40743942446338655,4.455562735304215,36.059806632427026,33.69784266366157,5.57734569940745,2.361640467854379
12.139999999999786,-0.3629346866292373,4.4448073983746195,36.0597980319467,33.692205360392876,5.564721177831389,2.358966124774027
12.149999999999785,-0.3185547400183083,4.430613326239213,36.059789356383575,33.68671801498811,5.552849687886872,2.3564485328321667
12.159999999999785,-0.2743336910571133,4.413038277207841,36.05978060094846,33.681383905009916,5.541741998107601,2.3540904821411606
12.169999999999785,-0.23030502199589717,4.392149266169794,36.059771760848875,33.676206001561745,5.531408010141994,2.3518945576156245
12.179999999999785,-0.1865015003312675,4.368022156319057,36.05976283130374,33.671186961806995,5.521856732602329,2.3498631306104465
12.189999999999785,-0.14295509253420158,4.340741210296136,36.059753807558174,33.66632912246284,5.513096257614476,2.347998351280187
12.199999999999784,-0.09969688253337136,4.310398587767198,36.05974468489801,33.6616344943111,5.505133740199843,2.3463021417114724
12.209999999999784,-0.056756995370850945,4.277093814518822,36.059735458664356,33.65710475776474,5.497975380606345,2.344776189875346
12.219999999999784,-0.014164526355641012,4.240933213948839,36.05972612426776,33.65274125952371,5.491626409689503,2.343421944441398
12.229999999999784,0.02805252393780544,4.202029309244747,36.0597166772019,33.648545010349594,5.486091077428055,2.3422406104898905
12.239999999999783,0.06986730862878425,4.160500209824298,36.05970711305698,33.64451668398304,5.481372644641234,2.3412331461520943
12.249999999999783,0.11125418720958849,4.116468975899529,36.059697427532484,33.64065661722294,5.477473377956926,2.340400260202713
12.259999999999783,0.1521887718353034,4.070062970572375,36.059687616449246,33.63696481118025,5.474394548061679,2.339742410621665
12.269999999999783,0.19264796712428459,4.021413215333752,36.05967767576092,33.63344093371413,5.4721364312449,2.33925980413568
12.279999999999783,0.23261000344863322,3.970653731107237,36.05966760156472,33.63008432305145,5.470698314230925,2.3389523967432355
12.289999999999782,0.27205446372196185,3.9179208970602075,36.05965739011119,33.626893992584726,5.470078502273982,2.338819895219378
12.299999999999782,0.31096230376857364,3.86335281269326,36.05964703781337,33.62386863683742,5.470274330472492,2.338861759590013
12.309999999999782,0.34931586639666345,3.8070886712612024,36.059636541254946,33.62100663857876,5.471282178241071,2.339077206558405
12.319999999999782,0.38709888929442826,3.7492681565798662,36.05962589719756,33.618306077064254,5.473097486860749,2.339465213859943
12.329999999999782,0.4242965069937416,3.6900308594229037,36.05961510258728,33.61576473737121,5.475714780010841,2.340024525514816
12.339999999999781,0.4608952471250657,3.6295157162417335,36.05960415456008,33.613380120792705,5.479127687169364,2.340753657942109
12.349999999999781,0.4968830212069574,3.567860482487002,36.059593050446516,33.61114945624677,5.483328969753354,2.341650906893116
12.359999999999781,0.5322491102763075,3.5052012273531035,36.05958178777556,33.60906971265196,5.488310549855645,2.3427143551563527
12.36999999999978,0.5669841456959687,3.441671869106628,36.05957036427749,33.607137612214125,5.494063541421051,2.3439418809819177
12.37999999999978,0.6010800854339738,3.3774037428714987,36.05955877788602,33.60534964456413,5.500578283692339,2.345331167168581
12.38999999999978,0.634530186193345,3.312525197136509,36.05954702673971,33.60370208168061,5.507844376744985,2.346879710753192
12.39999999999978,0.6673289717431432,3.247161238721606,36.05953510918248,33.60219099352707,5.515850718919679,2.348584833238876
12.40999999999978,0.6994721978126072,3.1814332022162475,36.0595230237636,33.6008122643281,5.524585545952741,2.3504436912959097
12.41999999999978,0.7309568139215186,3.1154584652241786,36.05951076923691,33.599561609405455,5.534036471597262,2.3524532878672133
12.42999999999978,0.7617809225055234,3.049350196523353,36.05949834455943,33.59843459249098,5.544190529521783,2.3546104836090795
12.43999999999978,0.7919437357233936,2.9832171364572297,36.05948574888947,33.59742664343041,5.55503421626881,2.3569120085970137
12.449999999999779,0.8214455302562982,2.9171634235379416,36.059472981584214,33.596533076189424,5.566553535052381,2.3593544742264525
12.459999999999779,0.8502876005025879,2.851288441122189,36.05946004219682,33.5957491070715,5.5787340401722005,2.361934385238549
12.469999999999779,0.8784722104620252,2.785686708731018,36.059446930473094,33.595069873055394,5.591560881821801,2.3646481518022506
12.479999999999778,0.906002544642542,2.720447798483311,36.059433646347905,33.59449045015981,5.605018851069242,2.3674921015853974
12.489999999999778,0.932882658297462,2.6556562806638984,36.05942018994113,33.59400587174205,5.619092424791679,2.370462491749591
12.499999999999778,0.9591174272796371,2.5913917026970754,36.059406561553494,33.593611146638494,5.633765810348973,2.37355552080607
12.509999999999778,0.984712497785487,2.5277285879594467,36.05939276166201,33.59330127705532,5.64902298978691,2.3767673402726883
12.519999999999778,1.009674236229816,2.464736464647359,36.0593787909154,33.59307127612017,5.664847763367131,2.3800940660753582
12.529999999999777,1.0340096795035347,2.4024799076301084,36.059364650129254,33.59291618500715,5.681223792228642,2.383531789640877
12.539999999999777,1.0577264858046316,2.341018616799617,36.05935034028111,33.592831089551126,5.698134639994589,2.387076588631917
12.549999999999777,1.0808328862502272,2.280407492744661,36.05933586250548,33.592811136270484,5.7155638131480035,2.390724537279024
12.559999999999777,1.103337637434214,2.2206967482283884,36.059321218088776,33.59285154772135,5.733494800011013,2.39447171626875
12.569999999999776,1.125249975104018,2.161932021954571,36.059306408464245,33.592947637111685,5.751911108173744,2.3983142221514147
12.579999999999776,1.1465795690560836,2.1041545073823285,36.05929143520689,33.59309482210761,5.770796300231726,2.402248176236528
12.589999999999776,1.167336479398913,2.047401098215135,36.05927630002842,33.59328863777097,5.79013402770367,2.406269732948422
12.599999999999776,1.1875311142784564,1.991704533827384,36.05926100477219,33.59352474857226,5.809908063015319,2.410375087619211
12.609999999999776,1.207174189135256,1.9370935595718677,36.05924555140829,33.59379895942975,5.830102329449176,2.414560483700745
12.619999999999775,1.2262766875614863,1.883593090261028,36.05922994202859,33.59410722573211,5.850700928974549,2.4188222193816866
12.629999999999775,1.2448498238483274,1.8312243770561947,36.05921417884195,33.59444566230863,5.871688167887036,2.423156653600224
12.639999999999775,1.262905007192187,1.7800051802854477,36.05919826416944,33.5948105513182,5.8930485802015475,2.4275602114471946
12.649999999999775,1.2804538076649612,1.7299499419581519,36.0591822004397,33.595198349035584,5.91476694875786,2.432029388958501
12.659999999999775,1.2975079238834588,1.681069960220288,36.05916599018442,33.595605691520134,5.936828324012617,2.4365607572996444
12.669999999999774,1.3140791524716955,1.6333735655547568,36.05914963603383,33.59602939916036,5.959218040506218,2.44115096634891
12.679999999999774,1.3301793592121172,1.5868662891394762,36.05913314071238,33.59646648009385,5.981921731007592,2.445796747689307
12.689999999999774,1.3458204519500365,1.5415510392157044,36.05911650703448,33.59691413251014,6.004925338353739,2.4504949170226284
12.699999999999774,1.3610143551791953,1.4974282673543846,36.05909973790036,33.59736974585044,6.02821512501443,2.455242376022056
12.709999999999773,1.37577298632155,1.4544961325792896,36.05908283629199,33.597830900925324,6.051777680425543,2.46003611364255
12.719999999999773,1.390108233607441,1.412750664895902,36.059065805269185,33.59829536897765,6.075599926146689,2.4648732069107915
12.729999999999773,1.4040319355713993,1.3721859217025831,36.059048647965696,33.598761109724485,6.09966911891053,2.4697508212187174
12.739999999999773,1.4175558620910282,1.3327941382180621,36.0590313675855,33.599226268417404,6.123972851641962,2.4746662101467263
12.749999999999773,1.430691696919448,1.2945658787539898,36.05901396739907,33.59968917196624,6.148499052535327,2.479616714844318
12.759999999999772,1.4434510216738652,1.257490174660382,36.05899645073984,33.60014832417627,6.173235982287008,2.4845997629974548
12.769999999999772,1.4558453011928922,1.2215546623838307,36.05897882100067,33.600602400153285,6.198172229588896,2.4896128674131037
12.779999999999772,1.4678858702573367,1.1867457133131152,36.05896108163043,33.601050239935454,6.223296704995477,2.4946536242523685
12.789999999999772,1.479583921559677,1.1530485604163079,36.058943236130595,33.60149084141402,6.248598633283542,2.4997197109443174
12.799999999999772,1.4909504949233248,1.1204474145263008,36.05892528805204,33.60192335260834,6.274067544428754,2.5048088838130456
12.809999999999771,1.5019964676430433,1.0889255793683923,36.05890724099169,33.60234706336298,6.299693263327569,2.5099189754507156
12.819999999999771,1.5127325459638892,1.0584655571192565,36.058889098589454,33.602761396536955,6.325465898396192,2.5150478918692967
12.829999999999771,1.5231692575684057,1.0290491500889984,36.058870864525,33.60316589875606,6.3513758291805615,2.5201936094634796
12.83999999999977,1.5333169450788495,1.0006575590597702,36.058852542514785,33.60356023080084,6.377413693112489,2.5253541718167947
12.84999999999977,1.543185760457839,0.9732714667428367,36.05883413630892,33.60394415770246,6.40357037154746,2.5305276863823205
12.85999999999977,1.5527856602955856,0.9468711278466578,36.05881564968826,33.60431753861907,6.4298369752188815,2.5357123210685555
12.86999999999977,1.562126401909614,0.9214364476173527,36.05879708646141,33.60468031656436,6.456204829242073,2.5409063007600405
12.87999999999977,1.5712175402172281,0.8969470513909615,36.058778450461816,33.6050325080588,6.482665457798813,2.546107903801175
12.88999999999977,1.5800684252972679,0.8733823577820493,36.05875974554486,33.60537419277261,6.50921056863019,2.551315458470432
12.89999999999977,1.5886882006301255,0.8507216389430449,36.05874097558502,33.60570550322749,6.535832037461385,2.556527339470749
12.90999999999977,1.597085801957759,0.8289440833938195,36.058722144472995,33.606026614621385,6.562521892477518,2.5617419644604174
12.919999999999769,1.6052699566932522,0.8080288470827969,36.05870325611297,33.60633773483819,6.589272298964289,2.566957790647187
12.929999999999769,1.6132491838742111,0.7879551055584388,36.0586843144197,33.60663909470066,6.616075544221414,2.5721733114666696
12.939999999999769,1.6210317945755959,0.768702099252962,36.05866532331583,33.60693093852188,6.642924022850359,2.5773870533643874
12.949999999999768,1.6286258927946713,0.7502491781558628,36.05864628672909,33.60721351500638,6.669810222511234,2.5825975726990906
12.959999999999768,1.6360393767130554,0.732575835748539,36.05862720858957,33.60748706854848,6.6967267102364145,2.587803452783154
12.969999999999768,1.6432799403414216,0.7156617495171254,36.05860809282695,33.60775183097101,6.723666119381111,2.593003301074087
12.979999999999768,1.6503550754884577,0.6994868071902313,36.058588943367816,33.60800801374344,6.750621137283316,2.5981957465293712
12.989999999999768,1.6572720740432405,0.6840311409870046,36.05856976413295,33.6082558007141,6.777584493697748,2.6033794371350765
12.999999999999767,1.664038030523662,0.6692751488777572,36.05855055903461,33.608495341386586,6.804548950060449,2.6085530376169177
13.009999999999767,1.6706598448572667,0.6551995187639666,36.058531331973875,33.60872674476589,6.8315072896326505,2.6137152273407005
13.019999999999767,1.677144225398891,0.6417852496664871,36.058512086837936,33.60895007379565,6.858452308564585,2.6188646984074198
13.029999999999767,1.6834976921098876,0.629013669057349,36.0584928274975,33.60916534040294,6.885376807911947,2.6240001539466316
13.039999999999766,1.6897265799375645,0.6168664477745096,36.05847355780405,33.609372501163165,6.912273586630031,2.6291203066101847
13.049999999999766,1.695837042314685,0.6053256139612808,36.058454281587274,33.60957145359272,6.939135435562887,2.634223877266867
13.059999999999766,1.7018350547928156,0.5943735653636801,36.05843500265241,33.609762033073395,6.9659551324375215,2.639309593897147
13.069999999999766,1.7077264187796797,0.5839930771593176,36.05841572477763,33.609944010408306,6.992725437866042,2.644376190685819
13.079999999999766,1.7135167653688306,0.5741673120149109,36.058396451711474,33.610117090004906,7.019439092351931,2.6494224073091726
13.089999999999765,1.7192115592355766,0.5648798249122939,36.058377187170194,33.61028090867765,7.0460888142900595,2.6544469884120985
13.099999999999765,1.7248161025956297,0.5561145693571324,36.058357934835286,33.610435035058494,7.072667298944129,2.6594486832695474
13.109999999999765,1.7303355391989015,0.547855900062022,36.05833869835082,33.61057896960105,7.099167218379405,2.664426245625764
13.119999999999765,1.7357748583657098,0.5400885753003086,36.05831948132103,33.610712145160505,7.125581222323428,2.669378433703889
13.129999999999765,1.7411388990258714,0.5327977601978482,36.05830028730767,33.61083392812881,7.151901939922531,2.6743040103777527
13.139999999999764,1.746432353789841,0.5259690246576079,36.05828111982762,33.6109436201023,7.178121982357556,2.679201743497036
13.149999999999764,1.7516597729923673,0.5195883442606143,36.05826198235036,33.61104046005624,7.204233946278265,2.68407040635641
13.159999999999764,1.756825568741753,0.5136420978353321,36.05824287829557,33.61112362699913,7.230230418012377,2.688908778298806
13.169999999999764,1.7619340189548744,0.5081170667078676,36.05822381103062,33.611192243077376,7.256103978502188,2.6937156454425897
13.179999999999763,1.7669892713530204,0.5030004314247528,36.058204783868284,33.611245377099884,7.281847208919035,2.698489801522147
13.189999999999763,1.7719953474449026,0.4982797675533576,36.05818580006429,33.61128204845034,7.307452696903805,2.7032300488311765
13.199999999999763,1.7769561464541477,0.49394304195213634,36.05816686281498,33.611301231354425,7.332913043379848,2.707935199257886
13.209999999999763,1.781875449215081,0.48997860891636935,36.05814797525513,33.61130185946798,7.358220869883395,2.712604075401236
13.219999999999763,1.7867569220311204,0.4863752070744861,36.0581291404555,33.611282830751755,7.383368826355688,2.7172355117574347
13.229999999999762,1.7916041204630315,0.4831219495641945,36.058110361420745,33.611243012598145,7.408349599340389,2.721828355965965
13.239999999999762,1.7964204930837535,0.48020832300126964,36.05809164108714,33.61118124717493,7.433155920529808,2.726381470104616
13.249999999999762,1.8012093851628395,0.4776241802160108,36.0580729823205,33.611096356951386,7.4577805756035405,2.7308937320231887
13.259999999999762,1.805974042299678,0.4753597331031646,36.05805438791397,33.610987150372104,7.482216413303693,2.7353640367058447
13.269999999999762,1.8107176139970824,0.4734055492982431,36.058035860586074,33.610852427644716,7.506456354691633,2.7397912976523657
13.279999999999761,1.8154431571730636,0.4717525428796573,36.0580174029786,33.610690986607935,7.530493402532264,2.7441744482689625
13.289999999999761,1.8201536395980584,0.47039197055574544,36.05799901765468,33.61050162864709,7.55432065075328,2.7485124432596773
13.299999999999761,1.8248519432915873,0.46931542211462596,36.05798070709687,33.61028316462596,7.577931293928184,2.752804260009815
13.30999999999976,1.8295408678271894,0.4685148193341589,36.05796247370527,33.610034420803444,7.601318636733907,2.7570488999533374
13.31999999999976,1.8342231335941335,0.46798240225906645,36.05794431979573,33.60975424470618,7.624476103335603,2.7612453899165867
13.32999999999976,1.8389013849815523,0.46771072894369886,36.057926247598054,33.60944151092841,7.647397246653399,2.765392783431207
13.33999999999976,1.8435781935061146,0.46769266549703326,36.05790825925437,33.609095126832266,7.670075757468155,2.7694901620096353
13.34999999999976,1.8482560608597316,0.4679213815182059,36.05789035681743,33.60871403812282,7.692505473325589,2.773536636377026
13.35999999999976,1.8529374219200057,0.4683903421749071,36.057872542249115,33.608297234274154,7.714680387200611,2.777531347653994
13.36999999999976,1.8576246476655973,0.46909330175952424,36.057854817418836,33.6078437537833,7.7365946558863055,2.7814734684850593
13.37999999999976,1.8623200480596174,0.47002430142166024,36.05783718410216,33.60735268923188,7.7582426080744264,2.7853622041081887
13.389999999999759,1.8670258748435584,0.471177655769801,36.057819643979435,33.60682319213528,7.779618752097112,2.7891967933613273
13.399999999999759,1.8717443242957272,0.4725479549262919,36.05780219863448,33.60625447756228,7.800717783301966,2.7929765096223003
13.409999999999759,1.876477539911415,0.4741300531095581,36.05778484955333,33.60564582850854,7.821534591035423,2.7967006616789405
13.419999999999758,1.8812276150387026,0.47591906452825655,36.05776759812314,33.60499660000974,7.842064265211881,2.8003685945267778
13.429999999999758,1.8859965954505709,0.4779103588463167,36.057750445631065,33.60430622298142,7.8623021024487185,2.803979690092052
13.439999999999758,1.8907864818626543,0.480099555129182,36.05773339326324,33.60357420777416,7.882243611749877,2.807533367878266
13.449999999999758,1.8955992324095192,0.48248251599860986,36.05771644210394,33.602800147434564,7.901884519723147,2.8110290855348947
13.459999999999757,1.9004367650441276,0.4850553433020214,36.05769959313465,33.601983720663824,7.921220775318848,2.8144663393472746
13.469999999999757,1.905300959924352,0.4878143732126034,36.05768284723333,33.601124694467245,7.940248554079896,2.8178446646470587
13.479999999999757,1.9101936617108424,0.4907561713675868,36.05766620517382,33.60022292648959,7.958964261895561,2.821163636142994
13.489999999999757,1.915116681858877,0.49387752913704436,36.057649667625064,33.59927836703247,7.977364538253498,2.8244228681720975
13.499999999999757,1.9200718008385977,0.49717545739080216,36.05763323515082,33.598291060751535,7.995446258986673,2.827622014871626
13.509999999999756,1.9250607703161846,0.5006471851222992,36.05761690820907,33.59726114803228,8.013206538513943,2.8307607702725326
13.519999999999756,1.9300853153158395,0.5042901529214681,36.05760068715178,33.596188866044784,8.0306427315749,2.8338388683153637
13.529999999999756,1.9351471363218942,0.5081020116841659,36.057584572224634,33.59507454947884,8.047752434461446,2.8368560827897924
13.539999999999756,1.9402479113509346,0.5120806175109217,36.05756856356683,33.59391863096182,8.064533485750367,2.8398122271992503
13.549999999999756,1.9453892980018446,0.5162240289629897,36.057552661211076,33.59272164116333,8.080983966542643,2.8427071545522664
13.559999999999755,1.9505729354531403,0.520530503759237,36.057536865083584,33.59148420859084,8.097102200216947,2.845540757082377
13.569999999999755,1.9558004464540673,0.5249984977468084,36.05752117500421,33.59020705908221,8.11288675170602,2.8483129658985895
13.579999999999755,1.9610734392767506,0.5296266590866541,36.0575055906866,33.588891015001465,8.128336426306033,2.8510237505685625
13.589999999999755,1.9663935096376461,0.5344138278039907,36.05749011173856,33.58753699414513,8.14345026803022,2.8536731186367894
13.599999999999755,1.97176224261125,0.53935903571851,36.057474737662396,33.58614600836722,8.158227557519117,2.8562611150801875
13.609999999999754,1.977181214515582,0.5444614993880684,36.05745946785541,33.58471916193135,8.172667809520842,2.8587878217036047
13.619999999999754,1.9826519947817896,0.5497206237622042,36.05744430161047,33.58325764959983,8.186770769955654,2.861253356477831
13.629999999999754,1.9881761477982285,0.5551359966648184,36.05742923811665,33.58176275446902,8.200536412579885,2.8636578728227793
13.639999999999754,1.9937552347696008,0.5607073915376233,36.05741427646001,33.58023584556173,8.213964935265086,2.866001558838565
13.649999999999753,1.9993908155245224,0.5664347612094703,36.057399415624474,33.578678375187586,8.227056755908741,2.8682846364872403
13.659999999999753,2.005084450351045,0.5723182439177418,36.057384654492665,33.577091876081965,8.239812507993598,2.8705073607279945
13.669999999999753,2.0108377018157717,0.5783581567386663,36.05736999184702,33.57547795833582,8.252233035812983,2.8726700186086433
13.679999999999753,2.0166521365601864,0.5845549984235827,36.05735542637083,33.57383830612748,8.264319389379933,2.8747729283162404
13.689999999999753,2.022529327131679,0.5909094503644566,36.05734095664951,33.572174674268936,8.276072819038214,2.876816438189655
13.699999999999752,2.0284708537860574,0.5974223739152192,36.05732658117182,33.57048888457841,8.287494769793634,2.878800925696953
13.709999999999752,2.0344783063143184,0.604094814372709,36.05731229833126,33.56878282209164,8.298586875384087,2.880726796380401
13.719999999999752,2.0405532858653266,0.6109279983265921,36.05729810642751,33.567058431124245,8.309350952106975,2.882594482771896
13.729999999999752,2.0466974067801535,0.6179233386358713,36.057284003667995,33.56531771119751,8.319788992422641,2.8844044432816007
13.739999999999752,2.0529122984607646,0.6250824325014668,36.057269988169466,33.56356271283978,8.329903158352481,2.8861571610625227
13.749999999999751,2.059199607213624,0.6324070668116992,36.05725605795973,33.561795533276076,8.339695774690286,2.887853142853751
13.759999999999751,2.065560998156209,0.6398992157124581,36.057242210979375,33.56001831201785,8.34916932204526,2.889492917805001
13.76999999999975,2.0719981571125716,0.6475610468999746,36.057228445083645,33.55823322636509,8.358326429735085,2.8910770362851084
13.77999999999975,2.078512792556282,0.6553949233604021,36.05721475804439,33.55644248683266,8.367169868547062,2.892606068677009
13.78999999999975,2.085106637579969,0.6634034059489093,36.057201147552,33.55464833251275,8.375702543385238,2.8940806041617497
13.79999999999975,2.0917814518751303,0.6715892554960149,36.0571876112175,33.55285302638471,8.383927485821136,2.895501249493969
13.80999999999975,2.098539023781944,0.6799554399214242,36.057174146574695,33.55105885058378,8.391847846565357,2.8968686277712625
13.81999999999975,2.105381172354631,0.6885051354799211,36.05716075108233,33.549268101639704,8.399466887876992,2.8981833771997576
13.82999999999975,2.112309749476682,0.6972417335294451,36.05714742212633,33.54748308569591,8.40678797592756,2.899446149858204
13.83999999999975,2.1193266420318335,0.706168841946935,36.05713415702219,33.54570611371989,8.413814573135557,2.900657610462765
13.84999999999975,2.12643377411168,0.7152902961007092,36.05712095301723,33.54393949671466,8.420550230487589,2.901818435134698
13.859999999999749,2.1336331092864596,0.7246101584076285,36.05710780729316,33.542185540941475,8.426998579861392,2.902929310172983
13.869999999999749,2.140926652950776,0.7341327303333367,36.05709471696842,33.54044654316296,8.433163326365822,2.9039909308339484
13.879999999999749,2.1483164547090907,0.7438625547571014,36.05708167910081,33.538724785916045,8.439048240712259,2.905004000119838
13.889999999999748,2.1558046108347506,0.7538044250053306,36.05706869068998,33.53702253282329,8.44465715163161,2.905969227578229
13.899999999999748,2.1633932668423146,0.7639633940195306,36.057055748680085,33.53534202395117,8.449993938350461,2.9068873281141223
13.909999999999748,2.1710846200768716,0.7743447799853932,36.05704284996241,33.53368547122334,8.455062523139562,2.9077590208164708
13.919999999999748,2.1788809224441654,0.784954176462061,36.057029991378066,33.532055053896364,8.459866863947346,2.908585027800863
13.929999999999747,2.186784483205577,0.7957974627370997,36.057017169720744,33.53045291410551,8.464410947130663,2.9093660730699846
13.939999999999747,2.1947976718785593,0.8068808129289377,36.057004381739375,33.52888115248732,8.468698780294467,2.9101028813934513
13.949999999999747,2.202922921240198,0.8182107067509248,36.05699162414095,33.527341823885386,8.47273438525174,2.910796177208521
13.959999999999747,2.2111627304460644,0.8297939415194914,36.056978893593346,33.525836933145904,8.476521791114395,2.911446683543148
13.969999999999747,2.219519668259493,0.8416376444608565,36.056966186728076,33.52436843100817,8.480065027525509,2.9120551209627727
13.979999999999746,2.2279963764250605,0.853749285510725,36.056953500143166,33.52293821009607,8.483368118042712,2.912622206542193
13.989999999999746,2.2365955731437213,0.8661366911184194,36.056940830405956,33.52154810101499,8.486435073682184,2.9131486528638018
13.999999999999746,2.245320056742274,0.8788080588775321,36.05692817405599,33.52019986855934,8.48926988663213,2.9136351670434184
14.009999999999746,2.2541727094375372,0.8917719745231667,36.05691552760779,33.51889520803448,8.491876524144322,2.914082449784893
14.019999999999746,2.2631565013062587,0.9050374265594561,36.05690288755384,33.51763574169753,8.494258922611765,2.914491194464613
14.029999999999745,2.272274494410477,0.9186138255507051,36.05689025036732,33.51642301532021,8.496420981840135,2.9148620862469867
14.039999999999745,2.281529847093608,0.9325110225200357,36.056877612505,33.51525849487721,8.49836655952032,2.915195801231938
14.049999999999745,2.290925818503227,0.9467393285446669,36.056864970410075,33.51414356336296,8.500099465908935,2.9154930056353994
14.059999999999745,2.300465773285017,0.9613095370947169,36.05685232051504,33.513079517739456,8.50162345872325,2.9157543550037355
14.069999999999744,2.310153186519425,0.9762329456525219,36.05683965924436,33.51206756601728,8.502942238256878,2.915980493463027
14.079999999999744,2.3199916488800483,0.9915213783503106,36.05682698301746,33.511108824472,8.504059442721845,2.9161720530040482
14.089999999999744,2.329984872046422,1.007187217454502,36.056814288251324,33.51020431499752,8.504978643822724,2.9163296528037987
14.099999999999744,2.340136694377366,1.0232434216997037,36.056801571363344,33.50935496259786,8.505703342568019,2.916453898584378
14.109999999999744,2.3504510868642314,1.0397035624471551,36.05678882877397,33.5085615930183,8.506236965323712,2.9165453820099754
14.119999999999743,2.360932159379789,1.0565818513925047,36.05677605690945,33.50782493051718,8.506582860113754,2.91660468012272
14.129999999999743,2.3715841672532294,1.0738931724032,36.05676325220447,33.507145595778525,8.506744293171964,2.9166323548181325
14.139999999999743,2.38241151816378,1.0916531189920586,36.056750411104716,33.50652410396606,8.506724445749665,2.91662895236087
14.149999999999743,2.3934187794224373,1.109878028489997,36.05673753006951,33.505960862918975,8.506526411183161,2.9165950029414716
14.159999999999743,2.4046106855994283,1.128585024537937,36.05672460557434,33.505456171488966,8.5061531922251,2.9165310202747885
14.169999999999742,2.4159921465953533,1.1477920549481209,36.05671163411331,33.505010218018505,8.505607698643615,2.9164375012407886
14.179999999999742,2.427568256113014,1.1675179408280165,36.05669861220161,33.50462307896,8.504892745093091,2.916314925568412
14.189999999999742,2.4393443006191666,1.187782421355431,36.056685536377856,33.504294717635,8.504011049260324,2.9161637555631756
14.199999999999742,2.4513257687797094,1.2086062070065862,36.05667240320653,33.50402498313249,8.502965230289966,2.9159844358792393
14.209999999999742,2.4635183614302596,1.2300110305136327,36.05665920928018,33.50381360934583,8.501757807493043,2.9157773933366453
14.219999999999741,2.4759280021095615,1.252019708172644,36.05664595122167,33.50366021414657,8.500391199342529,2.9155430367844906
14.229999999999741,2.488560848182692,1.2746562018770755,36.05663262568636,33.50356429869428,8.498867722760082,2.915281757010818
14.23999999999974,2.501423302616647,1.2979456801785343,36.05661922936428,33.503525246881026,8.497189592698176,2.91499392670005
14.24999999999974,2.5145220264325374,1.3219145973868138,36.05660575898207,33.50354232490866,8.495358922022172,2.914679900438841
14.25999999999974,2.52786395189629,1.3465907621663493,36.056592211305116,33.50361468099774,8.493377721697131,2.9143400147712915
14.26999999999974,2.5414562964913796,1.3720034222317556,36.05657858313939,33.5037413452261,8.491247901284497,2.9139745883045203
14.27999999999974,2.555306577724604,1.398183350866543,36.05656487133339,33.503921229495454,8.488971269754249,2.9135839218656887
14.28999999999974,2.5694226288457815,1.4251629384003603,36.05655107278,33.50415312762408,8.486549536618599,2.913168298711662
14.29999999999974,2.5838126155182883,1.4529762946999745,36.05653718441815,33.5044357155639,8.483984313393782,2.912727984792569
14.30999999999974,2.598485053535593,1.4816593542651404,36.05652320323461,33.50476755173981,8.481277115397306,2.912263229070701
14.31999999999974,2.613448827638027,1.51124999247355,36.056509126265674,33.50514707750943,8.47842936388851,2.9117742638962434
14.329999999999739,2.6287132115349423,1.5417881487480634,36.056494950598726,33.50557261774131,8.47544238856135,2.911261305441569
14.339999999999739,2.644287889203275,1.5733159601726776,36.05648067337378,33.50604238150935,8.472317430399078,2.910724554195927
14.349999999999739,2.660182977566114,1.6058779035395,36.05646629178505,33.506554462902,8.46905564490152,2.9101641955225688
14.359999999999738,2.6764090506636307,1.6395209522886245,36.056451803082396,33.50710684194347,8.465658105696956,2.9095804002805896
14.369999999999738,2.6929771654225285,1.6742947390036902,36.056437204572795,33.507697385625704,8.462125808551654,2.908973325513944
14.379999999999738,2.7098988891466047,1.710251737622591,36.056422493621696,33.508323849048814,8.458459675791737,2.9083431152104007
14.389999999999738,2.7271863288855633,1.7474474569605623,36.05640766765448,33.508983876668104,8.454660561153537,2.9076899011334647
14.399999999999737,2.7448521628032125,1.7859406474051616,36.056392724157824,33.50967500364592,8.450729255080313,2.9070138037306106
14.409999999999737,2.762909673726437,1.8257935295894119,36.056377660681036,33.510394657306655,8.446666490485217,2.9063149331215326
14.419999999999737,2.7813727850462535,1.867072039241275,36.05636247483754,33.51114015869283,8.442472949002536,2.905593390170506
14.429999999999737,2.8002560991739487,1.909846090263025,36.056347164306175,33.51190872422107,8.438149267751509,2.904849267647378
14.439999999999737,2.819574938747827,1.9541898635619244,36.056331726832724,33.51269746743607,8.433696046639758,2.9040826514821783
14.449999999999736,2.839345390849159,2.000182120818377,36.05631616023144,33.51350340086138,8.429113856236212,2.903293622118888
14.459999999999736,2.8595843544500856,2.047906539449908,36.05630046238651,33.5143234379455,8.42440324624663,2.902482255974467
14.469999999999736,2.8803095914278463,2.0974520845392655,36.05628463125392,33.51515439510207,8.419564754628432,2.901648627009899
14.479999999999736,2.901539781389321,2.1489134085809236,36.056268664863076,33.51599299384318,8.414598917385389,2.9007928084207237
14.489999999999736,2.9232945807172688,2.202391288447593,36.056252561318956,33.5168358630047,8.409506279087232,2.899914874455323
14.499999999999735,2.9455946861513476,2.2579931031921263,36.05623631880408,33.51767954106284,8.404287404164016,2.8990149023701166
14.509999999999735,2.9684619033736634,2.3158333521064187,36.05621993558105,33.51852047854143,8.39894288903045,2.898092974531778
14.519999999999735,2.9919192210270467,2.3760342271372834,36.056203409995156,33.51935504050907,8.393473375101529,2.8971491806777103
14.529999999999735,3.0159908906816524,2.438726231639436,36.05618674047732,33.52017950916605,8.387879562767337,2.8961836203471867
14.539999999999734,3.0407025133387493,2.504048864755479,36.05616992554761,33.520990086520875,8.382162226402471,2.895196405496952
14.549999999999734,3.0660811330458357,2.5721513700827163,36.05615296381893,33.52178289715614,8.376322230493784,2.8941876633165626
14.559999999999734,3.0921553383956923,2.6431935546270178,36.05613585400147,33.52255399108415,8.370360546979464,2.8931575392604296
14.569999999999734,3.11895537261553,2.717346696730723,36.056118594907716,33.52329934669269,8.364278273902887,2.8921062003154185
14.579999999999734,3.1465132531436666,2.7947945347570453,36.05610118545821,33.52401487378123,8.358076655496403,2.8910338385249665
14.589999999999733,3.174862901671259,2.8757343722615283,36.05608362468807,33.524696416688684,8.351757103823251,2.88994067479304
14.599999999999733,3.204040285703857,2.960378281129408,36.05606591175465,33.52533975751341,8.345321222120608,2.8888269629939085
14.609999999999733,3.234083572859112,3.048954446092483,36.056048045946284,33.52594061942678,8.338770830003451,2.8876929944167284
14.619999999999733,3.2650332992784743,3.1417086468940645,36.05603002669238,33.526494670081874,8.332107990707556,2.886539102577264
14.629999999999733,3.296932553636121,3.238905900483853,36.056011853575136,33.52699752511858,8.325335040571382,2.885365668432925
14.639999999999732,3.3298271785109135,3.3408322902596996,36.05599352634301,33.52744475176731,8.318454620980521,2.8841731260415906
14.649999999999732,3.363765991014686,3.4477969968934783,36.055975044926406,33.52783187255331,8.311469713025785,2.882961968709574
14.659999999999732,3.3988010248766654,3.5601345610736987,36.055956409455824,33.52815436910388,8.304383675157087,2.88173275567966
14.669999999999732,3.434987796464704,3.6782074157793634,36.055937620282904,33.52840768606131,8.297200284150788,2.880486119416441
14.679999999999731,3.4723855975469955,3.8024087050423914,36.05591867800477,33.528587235104,8.289923779748666,2.879222773553423
14.689999999999731,3.5110578179537666,3.93316545664193,36.055899583492604,33.528688399079535,8.282558913373023,2.8779435215745677
14.699999999999731,3.5510723018160517,4.070942128802336,36.055880337924464,33.5287065362524,8.275111001375876,2.876649266312436
14.70999999999973,3.592501741467451,4.216244610360683,36.05586094282391,33.52863698467067,8.267585983341299,2.8753410203558984
14.71999999999973,3.6354241137813426,4.369624717208513,36.05584140010486,33.52847506665537,8.259990486030778,2.874019917472873
14.72999999999973,3.6799231643556998,4.531685276752352,36.05582171212387,33.528216093416845,8.252331893643177,2.872687225167957
14.73999999999973,3.7260889457780983,4.703085879745562,36.05580188174154,33.52785536980306,8.244618425155572,2.871344358511457
14.74999999999973,3.774018417143131,4.884549393911119,36.055781912394096,33.52738819918471,8.236859219621428,2.869992895395636
14.75999999999973,3.823816113127765,5.076869383715361,36.05576180817766,33.526809888482674,8.2290644304309,2.868634593396465
14.76999999999973,3.8755948922136976,5.280918547300728,36.055741573947095,33.526115753343994,8.221245329687974,2.867271408445314
14.77999999999973,3.929476775187133,5.497658365324126,36.055721215432385,33.52530112347271,8.21341442403503,2.865905515545659
14.78999999999973,3.985593886894494,5.728150138926345,36.05570073937615,33.52436134812282,8.205585583462154,2.8645393318057537
14.799999999999729,4.044089516414757,5.973567675250791,36.0556801536959,33.52329180176126,8.197774184882201,2.863175542100449
14.809999999999729,4.105119313336968,6.235211881048122,36.055659467676705,33.522087889909834,8.189997272541117,2.8618171277251654
14.819999999999729,4.168852641024611,6.514527622197133,36.05563869219989,33.52074505517582,8.182273737675533,2.8604673984640225
14.829999999999728,4.235474111427213,6.813123248946883,36.05561784001561,33.519258783482634,8.174624520237499,2.859130028564196
14.839999999999728,4.305185330454991,7.132793280410447,36.05559692606846,33.51762461051334,8.167072835994201,2.857809097192148
14.849999999999728,4.378206888484175,7.475544845512953,36.05557596788777,33.51583812838206,8.159644432895911,2.8565091340473447
14.859999999999728,4.4547806370516865,7.843628620601395,36.05555498605683,33.513894992550775,8.152367881311001,2.855235170929183
14.869999999999727,4.535172300938859,8.239575133980537,36.05553400477881,33.51179092901247,8.14527490358056,2.853992800197744
14.879999999999727,4.619674484767144,8.666237563708975,36.05551305256215,33.50952174176573,8.138400749382425,2.852788241244419
14.889999999999727,4.708610145377096,9.126842346624647,36.05549216305336,33.50708332061164,8.131784624660808,2.851628416301957
14.899999999999727,4.802336616393595,9.625049322028628,36.05547137605342,33.504471649310744,8.125470183430446,2.850521037184333
14.909999999999727,4.901250290280042,10.16502347389782,36.05545073876341,33.50168281414752,8.119506093678291,2.8494747048672484
14.919999999999726,5.005792086618569,10.751520925041905,36.0554303073179,33.498713012962114,8.113946690956729,2.8484990242155126
14.929999999999726,5.116453865126258,11.3899925135465,36.05541014868223,33.495558564725364,8.108852736215848,2.8476047366542723
14.939999999999726,5.2337859794661785,12.086709168706037,36.0553903430114,33.49221591975543,8.104292298122331,2.8468038741933612
14.949999999999726,5.358406215837354,12.84891450930897,36.055370986599655,33.488681670703706,8.10034178477598,2.846109938982677
14.959999999999726,5.491010421846889,13.685011615243859,36.05535219558954,33.48495256447738,8.097087155650232,2.8455381135472835
14.969999999999725,5.632385210681075,14.60479303084724,36.05533411066537,33.48102551532095,8.094625352136884,2.8451055080852248
14.979999999999725,5.783423229247755,15.619725805669072,36.05531690303108,33.47689761935338,8.093065994790894,2.8448314527913414
14.989999999999725,5.945141614998933,16.74330716133266,36.05530078207861,33.47256617096227,8.092533407961922,2.844737845208574
14.999999999999725,6.118704446335896,17.991511523840526,36.05528600529808,33.46802868160065,8.093169048948763,2.844849565258023
15.009999999999724,6.3054502324868436,19.38335674740541,36.0552728911897,33.46328290174005,8.095134440487344,2.845194974072488
15.019999999999724,6.50692581389517,20.94162730106117,36.055261836232624,33.45832684702592,8.098614734207107,2.8458065173527007
15.029999999999724,6.724928487631442,22.69380616674614,36.05525333739415,33.45315883011018,8.103823071397692,2.84672146010067
15.039999999999724,6.961558784164374,24.673287263891346,36.055248022289405,33.44777750025927,8.111005959958105,2.8479827878619814
15.049999999999724,7.219287175748079,26.92096919456418,36.05524669003469,33.44218189376861,8.120449958497698,2.849640320899762
15.059999999999723,7.501039204303772,29.487373840710628,36.055250367239815,33.43637149961434,8.1324900587267,2.851752103308894
15.069999999999723,7.810305248703435,32.4354969999737,36.055260385742436,33.43034634692898,8.147520298284544,2.8543861508710666
15.079999999999723,8.15128367332182,35.844695133962084,36.05527849204699,33.424107124246014,8.166007337520215,2.857622672348506
15.089999999999723,8.5290698336271,39.81606204145598,36.05530700378155,33.41765534580622,8.188508025800028,2.861556923389788
15.099999999999723,8.949909043846779,44.47998582607447,36.05534903718611,33.41099358891741,8.215692413787352,2.8663029173113146
15.109999999999722,9.421540269308801,50.006958386747364,36.055408844115966,33.404125840827035,8.248374315766544,2.871998314025714
15.119999999999722,9.953670917155424,56.62334151846359,36.05549232176615,33.39705801828706,8.287552519750388,2.878810955889669
15.129999999999722,10.558645026645157,64.6348680739118,36.05560780177359,33.38979876643881,8.334467302902254,2.8869477485576795
15.139999999999722,11.252403461180277,74.46253996554736,36.05576730423584,33.382360722525725,8.390679421339888,2.896666950365521
15.149350991284534,12.0,85.81873702161829,36.058568666352656,33.377857590846396,8.45276321188601,2.9073636187938394
